#VRML V2.0 utf8
# Derived from JLCEDA/EasyEDA Official Library. Q2 original top logo, engraving and dot removed; replaced with 5PEY.
# Units: KiCad VRML units (2.54 mm).
Shape { appearance Appearance { material Material { diffuseColor 0.251056 0.251056 0.251056 specularColor 0.15 0.15 0.15 shininess 0.4 } } geometry IndexedFaceSet { solid FALSE creaseAngle 0.6 coord Coordinate { point [
-0.2047244 -0.5196850 0.4330709,
-0.2047244 0.5196850 0.4330709,
0.2047244 -0.5196850 0.4330709,
0.2047244 0.5196850 0.4330709,
0.2082716 -0.5232322 0.4330709,
0.2082716 0.5232322 0.4330709,
-0.2082716 0.5232322 0.4330709,
-0.2082716 -0.5232322 0.4330709,
0.2047244 -0.5196850 0.4330709,
-0.2047244 -0.5196850 0.4330709,
-0.2047244 0.5196850 0.4330709,
0.2047244 0.5196850 0.4330709,
0.2082716 -0.5232322 0.4330709,
0.2099592 -0.5232322 0.4329984,
0.2116344 -0.5232322 0.4327815,
0.2132849 -0.5232322 0.4324218,
0.2148984 -0.5232322 0.4319219,
0.2164632 -0.5232322 0.4312855,
0.2179676 -0.5232322 0.4305173,
0.2194006 -0.5232322 0.4296230,
0.2207517 -0.5232322 0.4286091,
0.2220108 -0.5232322 0.4274831,
0.2231689 -0.5232322 0.4262533,
0.2242172 -0.5232322 0.4249288,
0.2251481 -0.5232322 0.4235192,
0.2259547 -0.5232322 0.4220350,
0.2266311 -0.5232322 0.4204872,
0.2271723 -0.5232322 0.4188870,
0.2275743 -0.5232322 0.4172464,
0.2275743 0.5232322 0.4172464,
0.2082716 0.5232322 0.4330709,
0.2099592 0.5232322 0.4329984,
0.2116344 0.5232322 0.4327815,
0.2132849 0.5232322 0.4324218,
0.2148984 0.5232322 0.4319219,
0.2164632 0.5232322 0.4312855,
0.2179676 0.5232322 0.4305173,
0.2194006 0.5232322 0.4296230,
0.2207517 0.5232322 0.4286091,
0.2220108 0.5232322 0.4274831,
0.2231689 0.5232322 0.4262533,
0.2242172 0.5232322 0.4249288,
0.2251481 0.5232322 0.4235192,
0.2259547 0.5232322 0.4220350,
0.2266311 0.5232322 0.4204872,
0.2271723 0.5232322 0.4188870,
-0.2082716 -0.5425350 0.4172464,
-0.2082716 -0.5421329 0.4188870,
-0.2082716 -0.5415917 0.4204872,
-0.2082716 -0.5409153 0.4220350,
-0.2082716 -0.5401087 0.4235192,
-0.2082716 -0.5391778 0.4249288,
-0.2082716 -0.5381295 0.4262533,
-0.2082716 -0.5369715 0.4274831,
-0.2082716 -0.5357123 0.4286091,
-0.2082716 -0.5343612 0.4296230,
-0.2082716 -0.5329282 0.4305173,
-0.2082716 -0.5314238 0.4312855,
-0.2082716 -0.5298590 0.4319219,
-0.2082716 -0.5282455 0.4324218,
-0.2082716 -0.5265951 0.4327815,
-0.2082716 -0.5249198 0.4329984,
-0.2082716 -0.5232322 0.4330709,
0.2082716 -0.5425350 0.4172464,
0.2082716 -0.5232322 0.4330709,
0.2082716 -0.5249198 0.4329984,
0.2082716 -0.5265951 0.4327815,
0.2082716 -0.5282455 0.4324218,
0.2082716 -0.5298590 0.4319219,
0.2082716 -0.5314238 0.4312855,
0.2082716 -0.5329282 0.4305173,
0.2082716 -0.5343612 0.4296230,
0.2082716 -0.5357123 0.4286091,
0.2082716 -0.5369715 0.4274831,
0.2082716 -0.5381295 0.4262533,
0.2082716 -0.5391778 0.4249288,
0.2082716 -0.5401087 0.4235192,
0.2082716 -0.5409153 0.4220350,
0.2082716 -0.5415917 0.4204872,
0.2082716 -0.5421329 0.4188870,
0.2082716 0.5232322 0.4330709,
0.2082716 0.5249198 0.4329984,
0.2082716 0.5265951 0.4327815,
0.2082716 0.5282455 0.4324218,
0.2082716 0.5298590 0.4319219,
0.2082716 0.5314238 0.4312855,
0.2082716 0.5329282 0.4305173,
0.2082716 0.5343612 0.4296230,
0.2082716 0.5357123 0.4286091,
0.2082716 0.5369715 0.4274831,
0.2082716 0.5381295 0.4262533,
0.2082716 0.5391778 0.4249288,
0.2082716 0.5401087 0.4235192,
0.2082716 0.5409153 0.4220350,
0.2082716 0.5415917 0.4204872,
0.2082716 0.5421329 0.4188870,
0.2082716 0.5425350 0.4172464,
-0.2082716 0.5425350 0.4172464,
-0.2082716 0.5421329 0.4188870,
-0.2082716 0.5415917 0.4204872,
-0.2082716 0.5409153 0.4220350,
-0.2082716 0.5401087 0.4235192,
-0.2082716 0.5391778 0.4249288,
-0.2082716 0.5381295 0.4262533,
-0.2082716 0.5369715 0.4274831,
-0.2082716 0.5357123 0.4286091,
-0.2082716 0.5343612 0.4296230,
-0.2082716 0.5329282 0.4305173,
-0.2082716 0.5314238 0.4312855,
-0.2082716 0.5298590 0.4319219,
-0.2082716 0.5282455 0.4324218,
-0.2082716 0.5265951 0.4327815,
-0.2082716 0.5249198 0.4329984,
-0.2082716 0.5232322 0.4330709,
-0.2275743 -0.5232322 0.4172464,
-0.2271723 -0.5232322 0.4188870,
-0.2266311 -0.5232322 0.4204872,
-0.2259547 -0.5232322 0.4220350,
-0.2251481 -0.5232322 0.4235192,
-0.2242172 -0.5232322 0.4249288,
-0.2231689 -0.5232322 0.4262533,
-0.2220108 -0.5232322 0.4274831,
-0.2207517 -0.5232322 0.4286091,
-0.2194006 -0.5232322 0.4296230,
-0.2179676 -0.5232322 0.4305173,
-0.2164632 -0.5232322 0.4312855,
-0.2148984 -0.5232322 0.4319219,
-0.2132849 -0.5232322 0.4324218,
-0.2116344 -0.5232322 0.4327815,
-0.2099592 -0.5232322 0.4329984,
-0.2082716 -0.5232322 0.4330709,
-0.2082716 0.5232322 0.4330709,
-0.2275743 0.5232322 0.4172464,
-0.2271723 0.5232322 0.4188870,
-0.2266311 0.5232322 0.4204872,
-0.2259547 0.5232322 0.4220350,
-0.2251481 0.5232322 0.4235192,
-0.2242172 0.5232322 0.4249288,
-0.2231689 0.5232322 0.4262533,
-0.2220108 0.5232322 0.4274831,
-0.2207517 0.5232322 0.4286091,
-0.2194006 0.5232322 0.4296230,
-0.2179676 0.5232322 0.4305173,
-0.2164632 0.5232322 0.4312855,
-0.2148984 0.5232322 0.4319219,
-0.2132849 0.5232322 0.4324218,
-0.2116344 0.5232322 0.4327815,
-0.2099592 0.5232322 0.4329984,
0.2082716 -0.5232322 0.4330709,
0.2082716 -0.5249198 0.4329984,
0.2082716 -0.5265951 0.4327815,
0.2082716 -0.5282455 0.4324218,
0.2082716 -0.5298590 0.4319219,
0.2082716 -0.5314238 0.4312855,
0.2082716 -0.5329282 0.4305173,
0.2082716 -0.5343612 0.4296230,
0.2082716 -0.5357123 0.4286091,
0.2082716 -0.5369715 0.4274831,
0.2082716 -0.5381295 0.4262533,
0.2082716 -0.5391778 0.4249288,
0.2082716 -0.5401087 0.4235192,
0.2082716 -0.5409153 0.4220350,
0.2082716 -0.5415917 0.4204872,
0.2082716 -0.5421329 0.4188870,
0.2082716 -0.5425350 0.4172464,
0.2099140 -0.5424019 0.4175483,
0.2115446 -0.5421300 0.4178200,
0.2131515 -0.5417212 0.4180596,
0.2147230 -0.5411785 0.4182654,
0.2162478 -0.5405059 0.4184358,
0.2177148 -0.5397081 0.4185696,
0.2191134 -0.5387910 0.4186660,
0.2204335 -0.5377612 0.4187240,
0.2216655 -0.5366262 0.4187434,
0.2228006 -0.5353942 0.4187240,
0.2238304 -0.5340741 0.4186660,
0.2247475 -0.5326754 0.4185696,
0.2255452 -0.5312084 0.4184358,
0.2262179 -0.5296836 0.4182654,
0.2267606 -0.5281121 0.4180596,
0.2271694 -0.5265052 0.4178200,
0.2274413 -0.5248747 0.4175483,
0.2275743 -0.5232322 0.4172464,
0.2099592 -0.5232322 0.4329984,
0.2116344 -0.5232322 0.4327815,
0.2132849 -0.5232322 0.4324218,
0.2148984 -0.5232322 0.4319219,
0.2164632 -0.5232322 0.4312855,
0.2179676 -0.5232322 0.4305173,
0.2194006 -0.5232322 0.4296230,
0.2207517 -0.5232322 0.4286091,
0.2220108 -0.5232322 0.4274831,
0.2231689 -0.5232322 0.4262533,
0.2242172 -0.5232322 0.4249288,
0.2251481 -0.5232322 0.4235192,
0.2259547 -0.5232322 0.4220350,
0.2266311 -0.5232322 0.4204872,
0.2271723 -0.5232322 0.4188870,
0.2086605 -0.5419040 0.4196080,
0.2094323 -0.5419040 0.4195111,
0.2101861 -0.5419040 0.4193189,
0.2093315 -0.5409823 0.4218305,
0.2109100 -0.5419040 0.4190343,
0.2103748 -0.5409823 0.4216328,
0.2089363 -0.5397842 0.4240202,
0.2115929 -0.5419040 0.4186617,
0.2113855 -0.5409823 0.4213067,
0.2102554 -0.5397842 0.4238546,
0.2122240 -0.5419040 0.4182071,
0.2123476 -0.5409823 0.4208573,
0.2115437 -0.5397842 0.4235261,
0.2098448 -0.5383285 0.4259209,
0.2132463 -0.5409823 0.4202915,
0.2127810 -0.5397842 0.4230397,
0.2113936 -0.5383285 0.4256274,
0.2091709 -0.5366377 0.4277728,
0.2140675 -0.5409823 0.4196183,
0.2139481 -0.5397842 0.4224030,
0.2128937 -0.5383285 0.4251433,
0.2109555 -0.5366377 0.4275488,
0.2147986 -0.5409823 0.4188480,
0.2150268 -0.5397842 0.4216259,
0.2143219 -0.5383285 0.4244762,
0.2126983 -0.5366377 0.4271043,
0.2102606 -0.5347383 0.4292337,
0.2160004 -0.5397842 0.4207205,
0.2156559 -0.5383285 0.4236364,
0.2143722 -0.5366377 0.4264463,
0.2122187 -0.5347383 0.4288626,
0.2093497 -0.5326597 0.4306329,
0.2168536 -0.5397842 0.4197009,
0.2168749 -0.5383285 0.4226371,
0.2159512 -0.5366377 0.4255849,
0.2141153 -0.5347383 0.4282506,
0.2114891 -0.5326597 0.4303644,
0.2179600 -0.5383285 0.4214937,
0.2174105 -0.5366377 0.4245336,
0.2159209 -0.5347383 0.4274072,
0.2135784 -0.5326597 0.4298315,
0.2105530 -0.5304343 0.4315634,
0.2188943 -0.5383285 0.4202241,
0.2187276 -0.5366377 0.4233087,
0.2176075 -0.5347383 0.4263455,
0.2155850 -0.5326597 0.4290427,
0.2127989 -0.5304343 0.4311378,
0.2094616 -0.5280968 0.4324232,
0.2198819 -0.5366377 0.4219294,
0.2191487 -0.5347383 0.4250820,
0.2174779 -0.5326597 0.4280100,
0.2149743 -0.5304343 0.4304359,
0.2118230 -0.5280968 0.4321268,
0.2208555 -0.5366377 0.4204170,
0.2205205 -0.5347383 0.4236364,
0.2192274 -0.5326597 0.4267497,
0.2170454 -0.5304343 0.4294684,
0.2141292 -0.5280968 0.4315386,
0.2107039 -0.5256836 0.4327656,
0.2216331 -0.5366377 0.4187952,
0.2217017 -0.5347383 0.4220313,
0.2208063 -0.5326597 0.4252814,
0.2189799 -0.5304343 0.4282506,
0.2163442 -0.5280968 0.4306679,
0.2130983 -0.5256836 0.4323118,
0.2226738 -0.5347383 0.4202915,
0.2221901 -0.5326597 0.4236278,
0.2207477 -0.5304343 0.4268014,
0.2184335 -0.5280968 0.4295281,
0.2154176 -0.5256836 0.4315634,
0.2233572 -0.5326597 0.4218148,
0.2223212 -0.5304343 0.4251433,
0.2203646 -0.5280968 0.4281369,
0.2176257 -0.5256836 0.4305320,
0.2242894 -0.5326597 0.4198706,
0.2236760 -0.5304343 0.4233022,
0.2221074 -0.5280968 0.4265162,
0.2196881 -0.5256836 0.4292337,
0.2247910 -0.5304343 0.4213067,
0.2236348 -0.5280968 0.4246910,
0.2215727 -0.5256836 0.4276886,
0.2256488 -0.5304343 0.4191879,
0.2249231 -0.5280968 0.4226898,
0.2232503 -0.5256836 0.4259209,
0.2259521 -0.5280968 0.4205437,
0.2246947 -0.5256836 0.4239580,
0.2267058 -0.5280968 0.4182862,
0.2258835 -0.5256836 0.4218305,
0.2267980 -0.5256836 0.4195716,
0.2275743 -0.5232322 0.4172464,
0.2559019 -0.5515597 0.2756088,
0.2559055 -0.5511811 0.2755906,
0.2559055 0.5511811 0.2755906,
0.2559019 0.5515597 0.2756088,
0.2275743 0.5232322 0.4172464,
0.2082716 0.5232322 0.4330709,
0.2099592 0.5232322 0.4329984,
0.2116344 0.5232322 0.4327815,
0.2132849 0.5232322 0.4324218,
0.2148984 0.5232322 0.4319219,
0.2164632 0.5232322 0.4312855,
0.2179676 0.5232322 0.4305173,
0.2194006 0.5232322 0.4296230,
0.2207517 0.5232322 0.4286091,
0.2220108 0.5232322 0.4274831,
0.2231689 0.5232322 0.4262533,
0.2242172 0.5232322 0.4249288,
0.2251481 0.5232322 0.4235192,
0.2259547 0.5232322 0.4220350,
0.2266311 0.5232322 0.4204872,
0.2271723 0.5232322 0.4188870,
0.2275743 0.5232322 0.4172464,
0.2274413 0.5248747 0.4175483,
0.2271694 0.5265052 0.4178200,
0.2267606 0.5281121 0.4180596,
0.2262179 0.5296836 0.4182654,
0.2255452 0.5312084 0.4184358,
0.2247475 0.5326754 0.4185696,
0.2238304 0.5340741 0.4186660,
0.2228006 0.5353942 0.4187240,
0.2216655 0.5366262 0.4187434,
0.2204335 0.5377612 0.4187240,
0.2191134 0.5387910 0.4186660,
0.2177148 0.5397081 0.4185696,
0.2162478 0.5405059 0.4184358,
0.2147230 0.5411785 0.4182654,
0.2131515 0.5417212 0.4180596,
0.2115446 0.5421300 0.4178200,
0.2099140 0.5424019 0.4175483,
0.2082716 0.5425350 0.4172464,
0.2082716 0.5249198 0.4329984,
0.2082716 0.5265951 0.4327815,
0.2082716 0.5282455 0.4324218,
0.2082716 0.5298590 0.4319219,
0.2082716 0.5314238 0.4312855,
0.2082716 0.5329282 0.4305173,
0.2082716 0.5343612 0.4296230,
0.2082716 0.5357123 0.4286091,
0.2082716 0.5369715 0.4274831,
0.2082716 0.5381295 0.4262533,
0.2082716 0.5391778 0.4249288,
0.2082716 0.5401087 0.4235192,
0.2082716 0.5409153 0.4220350,
0.2082716 0.5415917 0.4204872,
0.2082716 0.5421329 0.4188870,
0.2094901 0.5256836 0.4328796,
0.2119082 0.5256836 0.4325761,
0.2142697 0.5256836 0.4319738,
0.2106469 0.5280968 0.4323118,
0.2165377 0.5256836 0.4310822,
0.2129853 0.5280968 0.4318687,
0.2094145 0.5304343 0.4316704,
0.2186771 0.5256836 0.4299151,
0.2152503 0.5280968 0.4311378,
0.2116826 0.5304343 0.4313857,
0.2206545 0.5256836 0.4284906,
0.2174066 0.5280968 0.4301306,
0.2138976 0.5304343 0.4308208,
0.2104236 0.5326597 0.4305320,
0.2224391 0.5256836 0.4268310,
0.2194208 0.5280968 0.4288626,
0.2160250 0.5304343 0.4299845,
0.2125420 0.5326597 0.4301306,
0.2092680 0.5347383 0.4293269,
0.2240032 0.5256836 0.4249620,
0.2212613 0.5280968 0.4273538,
0.2180317 0.5304343 0.4288897,
0.2145940 0.5326597 0.4294684,
0.2112454 0.5347383 0.4290787,
0.2253223 0.5256836 0.4229128,
0.2228996 0.5280968 0.4256274,
0.2198864 0.5304343 0.4275536,
0.2165476 0.5326597 0.4285559,
0.2131765 0.5347383 0.4285863,
0.2100667 0.5366377 0.4276886,
0.2263760 0.5256836 0.4207153,
0.2243102 0.5280968 0.4237105,
0.2215603 0.5304343 0.4259969,
0.2183723 0.5326597 0.4274072,
0.2150313 0.5347383 0.4278571,
0.2118338 0.5366377 0.4273538,
0.2090597 0.5383285 0.4259946,
0.2271478 0.5256836 0.4184037,
0.2254711 0.5280968 0.4216328,
0.2230273 0.5304343 0.4242439,
0.2200398 0.5326597 0.4260402,
0.2167808 0.5347383 0.4269027,
0.2135456 0.5366377 0.4268014,
0.2106238 0.5383285 0.4257983,
0.2263642 0.5280968 0.4194268,
0.2242646 0.5304343 0.4223219,
0.2215240 0.5326597 0.4244762,
0.2183978 0.5347383 0.4257378,
0.2151751 0.5366377 0.4260402,
0.2121512 0.5383285 0.4254088,
0.2095985 0.5397842 0.4239580,
0.2252529 0.5304343 0.4202607,
0.2228019 0.5326597 0.4227396,
0.2198572 0.5347383 0.4243806,
0.2166973 0.5366377 0.4250820,
0.2136182 0.5383285 0.4248321,
0.2109047 0.5397842 0.4237105,
0.2088025 0.5409823 0.4218802,
0.2238537 0.5326597 0.4208573,
0.2211362 0.5347383 0.4228523,
0.2180882 0.5366377 0.4239417,
0.2150020 0.5383285 0.4240772,
0.2121699 0.5397842 0.4233022,
0.2098562 0.5409823 0.4217480,
0.2246628 0.5326597 0.4188587,
0.2222149 0.5347383 0.4211766,
0.2193263 0.5366377 0.4226371,
0.2162810 0.5383285 0.4231558,
0.2133745 0.5397842 0.4227396,
0.2108852 0.5409823 0.4214855,
0.2090479 0.5419040 0.4195716,
0.2230765 0.5347383 0.4193796,
0.2203923 0.5366377 0.4211884,
0.2174353 0.5383285 0.4220823,
0.2144996 0.5397842 0.4220313,
0.2118735 0.5409823 0.4210970,
0.2098122 0.5419040 0.4194268,
0.2212696 0.5366377 0.4196183,
0.2184470 0.5383285 0.4208734,
0.2155277 0.5397842 0.4211884,
0.2128058 0.5409823 0.4205884,
0.2105525 0.5419040 0.4191879,
0.2193002 0.5383285 0.4195480,
0.2164429 0.5397842 0.4202241,
0.2136674 0.5409823 0.4199677,
0.2112573 0.5419040 0.4188587,
0.2172309 0.5397842 0.4191532,
0.2144451 0.5409823 0.4192445,
0.2119156 0.5419040 0.4184443,
-0.2275743 -0.5232322 0.4172464,
-0.2274413 -0.5248747 0.4175483,
-0.2271694 -0.5265052 0.4178200,
-0.2267606 -0.5281121 0.4180596,
-0.2262179 -0.5296836 0.4182654,
-0.2255452 -0.5312084 0.4184358,
-0.2247475 -0.5326754 0.4185696,
-0.2238304 -0.5340741 0.4186660,
-0.2228006 -0.5353942 0.4187240,
-0.2216655 -0.5366262 0.4187434,
-0.2204335 -0.5377612 0.4187240,
-0.2191134 -0.5387910 0.4186660,
-0.2177148 -0.5397081 0.4185696,
-0.2162478 -0.5405059 0.4184358,
-0.2147230 -0.5411785 0.4182654,
-0.2131515 -0.5417212 0.4180596,
-0.2115446 -0.5421300 0.4178200,
-0.2099140 -0.5424019 0.4175483,
-0.2082716 -0.5425350 0.4172464,
-0.2082716 -0.5421329 0.4188870,
-0.2082716 -0.5415917 0.4204872,
-0.2082716 -0.5409153 0.4220350,
-0.2082716 -0.5401087 0.4235192,
-0.2082716 -0.5391778 0.4249288,
-0.2082716 -0.5381295 0.4262533,
-0.2082716 -0.5369715 0.4274831,
-0.2082716 -0.5357123 0.4286091,
-0.2082716 -0.5343612 0.4296230,
-0.2082716 -0.5329282 0.4305173,
-0.2082716 -0.5314238 0.4312855,
-0.2082716 -0.5298590 0.4319219,
-0.2082716 -0.5282455 0.4324218,
-0.2082716 -0.5265951 0.4327815,
-0.2082716 -0.5249198 0.4329984,
-0.2082716 -0.5232322 0.4330709,
-0.2271723 -0.5232322 0.4188870,
-0.2266311 -0.5232322 0.4204872,
-0.2259547 -0.5232322 0.4220350,
-0.2251481 -0.5232322 0.4235192,
-0.2242172 -0.5232322 0.4249288,
-0.2231689 -0.5232322 0.4262533,
-0.2220108 -0.5232322 0.4274831,
-0.2207517 -0.5232322 0.4286091,
-0.2194006 -0.5232322 0.4296230,
-0.2179676 -0.5232322 0.4305173,
-0.2164632 -0.5232322 0.4312855,
-0.2148984 -0.5232322 0.4319219,
-0.2132849 -0.5232322 0.4324218,
-0.2116344 -0.5232322 0.4327815,
-0.2099592 -0.5232322 0.4329984,
-0.2147986 -0.5409823 0.4188480,
-0.2115929 -0.5419040 0.4186617,
-0.2140675 -0.5409823 0.4196183,
-0.2168536 -0.5397842 0.4197009,
-0.2109100 -0.5419040 0.4190343,
-0.2132463 -0.5409823 0.4202915,
-0.2160004 -0.5397842 0.4207205,
-0.2188943 -0.5383285 0.4202241,
-0.2216331 -0.5366377 0.4187952,
-0.2101861 -0.5419040 0.4193189,
-0.2123476 -0.5409823 0.4208573,
-0.2150268 -0.5397842 0.4216259,
-0.2179600 -0.5383285 0.4214937,
-0.2208555 -0.5366377 0.4204170,
-0.2094323 -0.5419040 0.4195111,
-0.2113855 -0.5409823 0.4213067,
-0.2139481 -0.5397842 0.4224030,
-0.2168749 -0.5383285 0.4226371,
-0.2198819 -0.5366377 0.4219294,
-0.2226738 -0.5347383 0.4202915,
-0.2086605 -0.5419040 0.4196080,
-0.2103748 -0.5409823 0.4216328,
-0.2127810 -0.5397842 0.4230397,
-0.2156559 -0.5383285 0.4236364,
-0.2187276 -0.5366377 0.4233087,
-0.2217017 -0.5347383 0.4220313,
-0.2242894 -0.5326597 0.4198706,
-0.2093315 -0.5409823 0.4218305,
-0.2115437 -0.5397842 0.4235261,
-0.2143219 -0.5383285 0.4244762,
-0.2174105 -0.5366377 0.4245336,
-0.2205205 -0.5347383 0.4236364,
-0.2233572 -0.5326597 0.4218148,
-0.2256488 -0.5304343 0.4191879,
-0.2102554 -0.5397842 0.4238546,
-0.2128937 -0.5383285 0.4251433,
-0.2159512 -0.5366377 0.4255849,
-0.2191487 -0.5347383 0.4250820,
-0.2221901 -0.5326597 0.4236278,
-0.2247910 -0.5304343 0.4213067,
-0.2267058 -0.5280968 0.4182862,
-0.2089363 -0.5397842 0.4240202,
-0.2113936 -0.5383285 0.4256274,
-0.2143722 -0.5366377 0.4264463,
-0.2176075 -0.5347383 0.4263455,
-0.2208063 -0.5326597 0.4252814,
-0.2236760 -0.5304343 0.4233022,
-0.2259521 -0.5280968 0.4205437,
-0.2098448 -0.5383285 0.4259209,
-0.2126983 -0.5366377 0.4271043,
-0.2159209 -0.5347383 0.4274072,
-0.2192274 -0.5326597 0.4267497,
-0.2223212 -0.5304343 0.4251433,
-0.2249231 -0.5280968 0.4226898,
-0.2267980 -0.5256836 0.4195716,
-0.2109555 -0.5366377 0.4275488,
-0.2141153 -0.5347383 0.4282506,
-0.2174779 -0.5326597 0.4280100,
-0.2207477 -0.5304343 0.4268014,
-0.2236348 -0.5280968 0.4246910,
-0.2258835 -0.5256836 0.4218305,
-0.2091709 -0.5366377 0.4277728,
-0.2122187 -0.5347383 0.4288626,
-0.2155850 -0.5326597 0.4290427,
-0.2189799 -0.5304343 0.4282506,
-0.2221074 -0.5280968 0.4265162,
-0.2246947 -0.5256836 0.4239580,
-0.2102606 -0.5347383 0.4292337,
-0.2135784 -0.5326597 0.4298315,
-0.2170454 -0.5304343 0.4294684,
-0.2203646 -0.5280968 0.4281369,
-0.2232503 -0.5256836 0.4259209,
-0.2114891 -0.5326597 0.4303644,
-0.2149743 -0.5304343 0.4304359,
-0.2184335 -0.5280968 0.4295281,
-0.2215727 -0.5256836 0.4276886,
-0.2093497 -0.5326597 0.4306329,
-0.2127989 -0.5304343 0.4311378,
-0.2163442 -0.5280968 0.4306679,
-0.2196881 -0.5256836 0.4292337,
-0.2105530 -0.5304343 0.4315634,
-0.2141292 -0.5280968 0.4315386,
-0.2176257 -0.5256836 0.4305320,
-0.2118230 -0.5280968 0.4321268,
-0.2154176 -0.5256836 0.4315634,
-0.2094616 -0.5280968 0.4324232,
-0.2130983 -0.5256836 0.4323118,
-0.2107039 -0.5256836 0.4327656,
0.2362205 -0.5708661 0.2755906,
-0.2362205 -0.5708661 0.2755906,
0.2365991 -0.5708625 0.2756088,
0.2082716 -0.5425350 0.4172464,
-0.2082716 -0.5425350 0.4172464,
-0.2365991 -0.5708625 0.2756088,
-0.2362205 0.5708661 0.2755906,
0.2362205 0.5708661 0.2755906,
-0.2365991 0.5708625 0.2756088,
-0.2082716 0.5425350 0.4172464,
0.2082716 0.5425350 0.4172464,
0.2365991 0.5708625 0.2756088,
-0.2082716 0.5425350 0.4172464,
-0.2099140 0.5424019 0.4175483,
-0.2115446 0.5421300 0.4178200,
-0.2131515 0.5417212 0.4180596,
-0.2147230 0.5411785 0.4182654,
-0.2162478 0.5405059 0.4184358,
-0.2177148 0.5397081 0.4185696,
-0.2191134 0.5387910 0.4186660,
-0.2204335 0.5377612 0.4187240,
-0.2216655 0.5366262 0.4187434,
-0.2228006 0.5353942 0.4187240,
-0.2238304 0.5340741 0.4186660,
-0.2247475 0.5326754 0.4185696,
-0.2255452 0.5312084 0.4184358,
-0.2262179 0.5296836 0.4182654,
-0.2267606 0.5281121 0.4180596,
-0.2271694 0.5265052 0.4178200,
-0.2274413 0.5248747 0.4175483,
-0.2275743 0.5232322 0.4172464,
-0.2271723 0.5232322 0.4188870,
-0.2266311 0.5232322 0.4204872,
-0.2259547 0.5232322 0.4220350,
-0.2251481 0.5232322 0.4235192,
-0.2242172 0.5232322 0.4249288,
-0.2231689 0.5232322 0.4262533,
-0.2220108 0.5232322 0.4274831,
-0.2207517 0.5232322 0.4286091,
-0.2194006 0.5232322 0.4296230,
-0.2179676 0.5232322 0.4305173,
-0.2164632 0.5232322 0.4312855,
-0.2148984 0.5232322 0.4319219,
-0.2132849 0.5232322 0.4324218,
-0.2116344 0.5232322 0.4327815,
-0.2099592 0.5232322 0.4329984,
-0.2082716 0.5232322 0.4330709,
-0.2082716 0.5421329 0.4188870,
-0.2082716 0.5415917 0.4204872,
-0.2082716 0.5409153 0.4220350,
-0.2082716 0.5401087 0.4235192,
-0.2082716 0.5391778 0.4249288,
-0.2082716 0.5381295 0.4262533,
-0.2082716 0.5369715 0.4274831,
-0.2082716 0.5357123 0.4286091,
-0.2082716 0.5343612 0.4296230,
-0.2082716 0.5329282 0.4305173,
-0.2082716 0.5314238 0.4312855,
-0.2082716 0.5298590 0.4319219,
-0.2082716 0.5282455 0.4324218,
-0.2082716 0.5265951 0.4327815,
-0.2082716 0.5249198 0.4329984,
-0.2271478 0.5256836 0.4184037,
-0.2263760 0.5256836 0.4207153,
-0.2253223 0.5256836 0.4229128,
-0.2263642 0.5280968 0.4194268,
-0.2240032 0.5256836 0.4249620,
-0.2254711 0.5280968 0.4216328,
-0.2224391 0.5256836 0.4268310,
-0.2243102 0.5280968 0.4237105,
-0.2252529 0.5304343 0.4202607,
-0.2206545 0.5256836 0.4284906,
-0.2228996 0.5280968 0.4256274,
-0.2242646 0.5304343 0.4223219,
-0.2246628 0.5326597 0.4188587,
-0.2186771 0.5256836 0.4299151,
-0.2212613 0.5280968 0.4273538,
-0.2230273 0.5304343 0.4242439,
-0.2238537 0.5326597 0.4208573,
-0.2165377 0.5256836 0.4310822,
-0.2194208 0.5280968 0.4288626,
-0.2215603 0.5304343 0.4259969,
-0.2228019 0.5326597 0.4227396,
-0.2230765 0.5347383 0.4193796,
-0.2142697 0.5256836 0.4319738,
-0.2174066 0.5280968 0.4301306,
-0.2198864 0.5304343 0.4275536,
-0.2215240 0.5326597 0.4244762,
-0.2222149 0.5347383 0.4211766,
-0.2119082 0.5256836 0.4325761,
-0.2152503 0.5280968 0.4311378,
-0.2180317 0.5304343 0.4288897,
-0.2200398 0.5326597 0.4260402,
-0.2211362 0.5347383 0.4228523,
-0.2212696 0.5366377 0.4196183,
-0.2094901 0.5256836 0.4328796,
-0.2129853 0.5280968 0.4318687,
-0.2160250 0.5304343 0.4299845,
-0.2183723 0.5326597 0.4274072,
-0.2198572 0.5347383 0.4243806,
-0.2203923 0.5366377 0.4211884,
-0.2106469 0.5280968 0.4323118,
-0.2138976 0.5304343 0.4308208,
-0.2165476 0.5326597 0.4285559,
-0.2183978 0.5347383 0.4257378,
-0.2193263 0.5366377 0.4226371,
-0.2193002 0.5383285 0.4195480,
-0.2116826 0.5304343 0.4313857,
-0.2145940 0.5326597 0.4294684,
-0.2167808 0.5347383 0.4269027,
-0.2180882 0.5366377 0.4239417,
-0.2184470 0.5383285 0.4208734,
-0.2094145 0.5304343 0.4316704,
-0.2125420 0.5326597 0.4301306,
-0.2150313 0.5347383 0.4278571,
-0.2166973 0.5366377 0.4250820,
-0.2174353 0.5383285 0.4220823,
-0.2172309 0.5397842 0.4191532,
-0.2104236 0.5326597 0.4305320,
-0.2131765 0.5347383 0.4285863,
-0.2151751 0.5366377 0.4260402,
-0.2162810 0.5383285 0.4231558,
-0.2164429 0.5397842 0.4202241,
-0.2112454 0.5347383 0.4290787,
-0.2135456 0.5366377 0.4268014,
-0.2150020 0.5383285 0.4240772,
-0.2155277 0.5397842 0.4211884,
-0.2092680 0.5347383 0.4293269,
-0.2118338 0.5366377 0.4273538,
-0.2136182 0.5383285 0.4248321,
-0.2144996 0.5397842 0.4220313,
-0.2144451 0.5409823 0.4192445,
-0.2100667 0.5366377 0.4276886,
-0.2121512 0.5383285 0.4254088,
-0.2133745 0.5397842 0.4227396,
-0.2136674 0.5409823 0.4199677,
-0.2106238 0.5383285 0.4257983,
-0.2121699 0.5397842 0.4233022,
-0.2128058 0.5409823 0.4205884,
-0.2090597 0.5383285 0.4259946,
-0.2109047 0.5397842 0.4237105,
-0.2118735 0.5409823 0.4210970,
-0.2119156 0.5419040 0.4184443,
-0.2095985 0.5397842 0.4239580,
-0.2108852 0.5409823 0.4214855,
-0.2112573 0.5419040 0.4188587,
-0.2098562 0.5409823 0.4217480,
-0.2105525 0.5419040 0.4191879,
-0.2088025 0.5409823 0.4218802,
-0.2098122 0.5419040 0.4194268,
-0.2090479 0.5419040 0.4195716,
-0.2275743 0.5232322 0.4172464,
-0.2559019 0.5515597 0.2756088,
-0.2559055 0.5511811 0.2755906,
-0.2559055 -0.5511811 0.2755906,
-0.2559019 -0.5515597 0.2756088,
-0.2275743 -0.5232322 0.4172464,
0.2365991 -0.5708625 0.2756088,
0.2384708 -0.5707371 0.2757800,
0.2403312 -0.5704321 0.2759326,
0.2421893 -0.5699394 0.2760665,
0.2438963 -0.5693080 0.2761720,
0.2456127 -0.5684810 0.2762592,
0.2471292 -0.5675671 0.2763183,
0.2485731 -0.5665079 0.2763561,
0.2499340 -0.5653035 0.2763714,
0.2511770 -0.5639796 0.2763635,
0.2523566 -0.5624562 0.2763297,
0.2533370 -0.5609034 0.2762736,
0.2541833 -0.5592332 0.2761928,
0.2548624 -0.5575041 0.2760898,
0.2553800 -0.5556993 0.2759636,
0.2557287 -0.5538134 0.2758128,
0.2558486 -0.5526771 0.2757131,
0.2559019 -0.5515597 0.2756088,
0.2275743 -0.5232322 0.4172464,
0.2082716 -0.5425350 0.4172464,
0.2099140 -0.5424019 0.4175483,
0.2115446 -0.5421300 0.4178200,
0.2131515 -0.5417212 0.4180596,
0.2147230 -0.5411785 0.4182654,
0.2162478 -0.5405059 0.4184358,
0.2177148 -0.5397081 0.4185696,
0.2191134 -0.5387910 0.4186660,
0.2204335 -0.5377612 0.4187240,
0.2216655 -0.5366262 0.4187434,
0.2228006 -0.5353942 0.4187240,
0.2238304 -0.5340741 0.4186660,
0.2247475 -0.5326754 0.4185696,
0.2255452 -0.5312084 0.4184358,
0.2262179 -0.5296836 0.4182654,
0.2267606 -0.5281121 0.4180596,
0.2271694 -0.5265052 0.4178200,
0.2274413 -0.5248747 0.4175483,
0.2559055 -0.5511811 0.2755906,
0.2559055 -0.5511811 0.1968504,
0.2559019 -0.5515597 0.2756088,
0.2365991 -0.5708625 0.2756088,
0.2384708 -0.5707371 0.2757800,
0.2403312 -0.5704321 0.2759326,
0.2421893 -0.5699394 0.2760665,
0.2438963 -0.5693080 0.2761720,
0.2456127 -0.5684810 0.2762592,
0.2471292 -0.5675671 0.2763183,
0.2485731 -0.5665079 0.2763561,
0.2499340 -0.5653035 0.2763714,
0.2511770 -0.5639796 0.2763635,
0.2523566 -0.5624562 0.2763297,
0.2533370 -0.5609034 0.2762736,
0.2541833 -0.5592332 0.2761928,
0.2548624 -0.5575041 0.2760898,
0.2553800 -0.5556993 0.2759636,
0.2557287 -0.5538134 0.2758128,
0.2558486 -0.5526771 0.2757131,
0.2362205 -0.5708661 0.2755906,
0.2362205 -0.5708661 0.1968504,
0.2365991 -0.5708625 0.1968322,
0.2384708 -0.5707371 0.1966609,
0.2403312 -0.5704321 0.1965084,
0.2421893 -0.5699394 0.1963745,
0.2438963 -0.5693080 0.1962690,
0.2456127 -0.5684810 0.1961817,
0.2471292 -0.5675671 0.1961226,
0.2485731 -0.5665079 0.1960849,
0.2499340 -0.5653035 0.1960696,
0.2511770 -0.5639796 0.1960775,
0.2523566 -0.5624562 0.1961112,
0.2533370 -0.5609034 0.1961673,
0.2541833 -0.5592332 0.1962481,
0.2548624 -0.5575041 0.1963511,
0.2553800 -0.5556993 0.1964774,
0.2557287 -0.5538134 0.1966281,
0.2558486 -0.5526771 0.1967278,
0.2559019 -0.5515597 0.1968322,
0.2559055 0.5511811 0.1968504,
0.2559055 0.5511811 0.2755906,
0.2559055 -0.5511811 0.1968504,
0.2559055 -0.5511811 0.2755906,
0.2362205 0.5708661 0.2755906,
0.2362205 0.5708661 0.1968504,
0.2365991 0.5708625 0.2756088,
0.2559019 0.5515597 0.2756088,
0.2557765 0.5534315 0.2757800,
0.2554715 0.5552918 0.2759326,
0.2549788 0.5571499 0.2760665,
0.2543473 0.5588569 0.2761720,
0.2535204 0.5605733 0.2762592,
0.2526065 0.5620898 0.2763183,
0.2515473 0.5635338 0.2763561,
0.2503428 0.5648946 0.2763714,
0.2490190 0.5661377 0.2763635,
0.2474956 0.5673172 0.2763297,
0.2459428 0.5682977 0.2762736,
0.2442725 0.5691440 0.2761928,
0.2425434 0.5698230 0.2760898,
0.2407387 0.5703406 0.2759636,
0.2388528 0.5706894 0.2758128,
0.2377164 0.5708092 0.2757131,
0.2559055 0.5511811 0.2755906,
0.2559055 0.5511811 0.1968504,
0.2559019 0.5515597 0.1968322,
0.2557765 0.5534315 0.1966609,
0.2554715 0.5552918 0.1965084,
0.2549788 0.5571499 0.1963745,
0.2543473 0.5588569 0.1962690,
0.2535204 0.5605733 0.1961817,
0.2526065 0.5620898 0.1961226,
0.2515473 0.5635338 0.1960849,
0.2503428 0.5648946 0.1960696,
0.2490190 0.5661377 0.1960775,
0.2474956 0.5673172 0.1961112,
0.2459428 0.5682977 0.1961673,
0.2442725 0.5691440 0.1962481,
0.2425434 0.5698230 0.1963511,
0.2407387 0.5703406 0.1964774,
0.2388528 0.5706894 0.1966281,
0.2377164 0.5708092 0.1967278,
0.2365991 0.5708625 0.1968322,
0.2559019 0.5515597 0.2756088,
0.2557765 0.5534315 0.2757800,
0.2554715 0.5552918 0.2759326,
0.2549788 0.5571499 0.2760665,
0.2543473 0.5588569 0.2761720,
0.2535204 0.5605733 0.2762592,
0.2526065 0.5620898 0.2763183,
0.2515473 0.5635338 0.2763561,
0.2503428 0.5648946 0.2763714,
0.2490190 0.5661377 0.2763635,
0.2474956 0.5673172 0.2763297,
0.2459428 0.5682977 0.2762736,
0.2442725 0.5691440 0.2761928,
0.2425434 0.5698230 0.2760898,
0.2407387 0.5703406 0.2759636,
0.2388528 0.5706894 0.2758128,
0.2377164 0.5708092 0.2757131,
0.2365991 0.5708625 0.2756088,
0.2082716 0.5425350 0.4172464,
0.2275743 0.5232322 0.4172464,
0.2274413 0.5248747 0.4175483,
0.2271694 0.5265052 0.4178200,
0.2267606 0.5281121 0.4180596,
0.2262179 0.5296836 0.4182654,
0.2255452 0.5312084 0.4184358,
0.2247475 0.5326754 0.4185696,
0.2238304 0.5340741 0.4186660,
0.2228006 0.5353942 0.4187240,
0.2216655 0.5366262 0.4187434,
0.2204335 0.5377612 0.4187240,
0.2191134 0.5387910 0.4186660,
0.2177148 0.5397081 0.4185696,
0.2162478 0.5405059 0.4184358,
0.2147230 0.5411785 0.4182654,
0.2131515 0.5417212 0.4180596,
0.2115446 0.5421300 0.4178200,
0.2099140 0.5424019 0.4175483,
-0.2559019 -0.5515597 0.2756088,
-0.2557765 -0.5534315 0.2757800,
-0.2554715 -0.5552918 0.2759326,
-0.2549788 -0.5571499 0.2760665,
-0.2543473 -0.5588569 0.2761720,
-0.2535204 -0.5605733 0.2762592,
-0.2526065 -0.5620898 0.2763183,
-0.2515473 -0.5635338 0.2763561,
-0.2503428 -0.5648946 0.2763714,
-0.2490190 -0.5661377 0.2763635,
-0.2474956 -0.5673172 0.2763297,
-0.2459428 -0.5682977 0.2762736,
-0.2442725 -0.5691440 0.2761928,
-0.2425434 -0.5698230 0.2760898,
-0.2407387 -0.5703406 0.2759636,
-0.2388528 -0.5706894 0.2758128,
-0.2377164 -0.5708092 0.2757131,
-0.2365991 -0.5708625 0.2756088,
-0.2082716 -0.5425350 0.4172464,
-0.2275743 -0.5232322 0.4172464,
-0.2274413 -0.5248747 0.4175483,
-0.2271694 -0.5265052 0.4178200,
-0.2267606 -0.5281121 0.4180596,
-0.2262179 -0.5296836 0.4182654,
-0.2255452 -0.5312084 0.4184358,
-0.2247475 -0.5326754 0.4185696,
-0.2238304 -0.5340741 0.4186660,
-0.2228006 -0.5353942 0.4187240,
-0.2216655 -0.5366262 0.4187434,
-0.2204335 -0.5377612 0.4187240,
-0.2191134 -0.5387910 0.4186660,
-0.2177148 -0.5397081 0.4185696,
-0.2162478 -0.5405059 0.4184358,
-0.2147230 -0.5411785 0.4182654,
-0.2131515 -0.5417212 0.4180596,
-0.2115446 -0.5421300 0.4178200,
-0.2099140 -0.5424019 0.4175483,
-0.2362205 -0.5708661 0.2755906,
-0.2362205 -0.5708661 0.1968504,
0.2362205 -0.5708661 0.2755906,
0.2362205 -0.5708661 0.1968504,
-0.2362205 -0.5708661 0.2755906,
-0.2362205 -0.5708661 0.1968504,
-0.2365991 -0.5708625 0.2756088,
-0.2559019 -0.5515597 0.2756088,
-0.2557765 -0.5534315 0.2757800,
-0.2554715 -0.5552918 0.2759326,
-0.2549788 -0.5571499 0.2760665,
-0.2543473 -0.5588569 0.2761720,
-0.2535204 -0.5605733 0.2762592,
-0.2526065 -0.5620898 0.2763183,
-0.2515473 -0.5635338 0.2763561,
-0.2503428 -0.5648946 0.2763714,
-0.2490190 -0.5661377 0.2763635,
-0.2474956 -0.5673172 0.2763297,
-0.2459428 -0.5682977 0.2762736,
-0.2442725 -0.5691440 0.2761928,
-0.2425434 -0.5698230 0.2760898,
-0.2407387 -0.5703406 0.2759636,
-0.2388528 -0.5706894 0.2758128,
-0.2377164 -0.5708092 0.2757131,
-0.2559055 -0.5511811 0.2755906,
-0.2559055 -0.5511811 0.1968504,
-0.2559019 -0.5515597 0.1968322,
-0.2557765 -0.5534315 0.1966609,
-0.2554715 -0.5552918 0.1965084,
-0.2549788 -0.5571499 0.1963745,
-0.2543473 -0.5588569 0.1962690,
-0.2535204 -0.5605733 0.1961817,
-0.2526065 -0.5620898 0.1961226,
-0.2515473 -0.5635338 0.1960849,
-0.2503428 -0.5648946 0.1960696,
-0.2490190 -0.5661377 0.1960775,
-0.2474956 -0.5673172 0.1961112,
-0.2459428 -0.5682977 0.1961673,
-0.2442725 -0.5691440 0.1962481,
-0.2425434 -0.5698230 0.1963511,
-0.2407387 -0.5703406 0.1964774,
-0.2388528 -0.5706894 0.1966281,
-0.2377164 -0.5708092 0.1967278,
-0.2365991 -0.5708625 0.1968322,
0.2362205 0.5708661 0.2755906,
0.2362205 0.5708661 0.1968504,
-0.2362205 0.5708661 0.2755906,
-0.2362205 0.5708661 0.1968504,
-0.2559055 0.5511811 0.2755906,
-0.2559055 0.5511811 0.1968504,
-0.2559019 0.5515597 0.2756088,
-0.2365991 0.5708625 0.2756088,
-0.2384708 0.5707371 0.2757800,
-0.2403312 0.5704321 0.2759326,
-0.2421893 0.5699394 0.2760665,
-0.2438963 0.5693080 0.2761720,
-0.2456127 0.5684810 0.2762592,
-0.2471292 0.5675671 0.2763183,
-0.2485731 0.5665079 0.2763561,
-0.2499340 0.5653035 0.2763714,
-0.2511770 0.5639796 0.2763635,
-0.2523566 0.5624562 0.2763297,
-0.2533370 0.5609034 0.2762736,
-0.2541833 0.5592332 0.2761928,
-0.2548624 0.5575041 0.2760898,
-0.2553800 0.5556993 0.2759636,
-0.2557287 0.5538134 0.2758128,
-0.2558486 0.5526771 0.2757131,
-0.2362205 0.5708661 0.2755906,
-0.2362205 0.5708661 0.1968504,
-0.2365991 0.5708625 0.1968322,
-0.2384708 0.5707371 0.1966609,
-0.2403312 0.5704321 0.1965084,
-0.2421893 0.5699394 0.1963745,
-0.2438963 0.5693080 0.1962690,
-0.2456127 0.5684810 0.1961817,
-0.2471292 0.5675671 0.1961226,
-0.2485731 0.5665079 0.1960849,
-0.2499340 0.5653035 0.1960696,
-0.2511770 0.5639796 0.1960775,
-0.2523566 0.5624562 0.1961112,
-0.2533370 0.5609034 0.1961673,
-0.2541833 0.5592332 0.1962481,
-0.2548624 0.5575041 0.1963511,
-0.2553800 0.5556993 0.1964774,
-0.2557287 0.5538134 0.1966281,
-0.2558486 0.5526771 0.1967278,
-0.2559019 0.5515597 0.1968322,
-0.2365991 0.5708625 0.2756088,
-0.2384708 0.5707371 0.2757800,
-0.2403312 0.5704321 0.2759326,
-0.2421893 0.5699394 0.2760665,
-0.2438963 0.5693080 0.2761720,
-0.2456127 0.5684810 0.2762592,
-0.2471292 0.5675671 0.2763183,
-0.2485731 0.5665079 0.2763561,
-0.2499340 0.5653035 0.2763714,
-0.2511770 0.5639796 0.2763635,
-0.2523566 0.5624562 0.2763297,
-0.2533370 0.5609034 0.2762736,
-0.2541833 0.5592332 0.2761928,
-0.2548624 0.5575041 0.2760898,
-0.2553800 0.5556993 0.2759636,
-0.2557287 0.5538134 0.2758128,
-0.2558486 0.5526771 0.2757131,
-0.2559019 0.5515597 0.2756088,
-0.2275743 0.5232322 0.4172464,
-0.2082716 0.5425350 0.4172464,
-0.2099140 0.5424019 0.4175483,
-0.2115446 0.5421300 0.4178200,
-0.2131515 0.5417212 0.4180596,
-0.2147230 0.5411785 0.4182654,
-0.2162478 0.5405059 0.4184358,
-0.2177148 0.5397081 0.4185696,
-0.2191134 0.5387910 0.4186660,
-0.2204335 0.5377612 0.4187240,
-0.2216655 0.5366262 0.4187434,
-0.2228006 0.5353942 0.4187240,
-0.2238304 0.5340741 0.4186660,
-0.2247475 0.5326754 0.4185696,
-0.2255452 0.5312084 0.4184358,
-0.2262179 0.5296836 0.4182654,
-0.2267606 0.5281121 0.4180596,
-0.2271694 0.5265052 0.4178200,
-0.2274413 0.5248747 0.4175483,
-0.2559055 -0.5511811 0.1968504,
-0.2559055 -0.5511811 0.2755906,
-0.2559055 0.5511811 0.1968504,
-0.2559055 0.5511811 0.2755906,
-0.2082716 -0.5425350 0.0551946,
0.2082716 -0.5425350 0.0551946,
-0.2365991 -0.5708625 0.1968322,
-0.2362205 -0.5708661 0.1968504,
0.2362205 -0.5708661 0.1968504,
0.2365991 -0.5708625 0.1968322,
0.2082716 -0.5425350 0.0551946,
0.2099140 -0.5424019 0.0548927,
0.2115446 -0.5421300 0.0546210,
0.2131515 -0.5417212 0.0543813,
0.2147230 -0.5411785 0.0541756,
0.2162478 -0.5405059 0.0540051,
0.2177148 -0.5397081 0.0538713,
0.2191134 -0.5387910 0.0537750,
0.2204335 -0.5377612 0.0537169,
0.2216655 -0.5366262 0.0536975,
0.2228006 -0.5353942 0.0537169,
0.2238304 -0.5340741 0.0537750,
0.2247475 -0.5326754 0.0538713,
0.2255452 -0.5312084 0.0540051,
0.2262179 -0.5296836 0.0541756,
0.2267606 -0.5281121 0.0543813,
0.2271694 -0.5265052 0.0546210,
0.2274413 -0.5248747 0.0548927,
0.2275743 -0.5232322 0.0551946,
0.2559019 -0.5515597 0.1968322,
0.2365991 -0.5708625 0.1968322,
0.2384708 -0.5707371 0.1966609,
0.2403312 -0.5704321 0.1965084,
0.2421893 -0.5699394 0.1963745,
0.2438963 -0.5693080 0.1962690,
0.2456127 -0.5684810 0.1961817,
0.2471292 -0.5675671 0.1961226,
0.2485731 -0.5665079 0.1960849,
0.2499340 -0.5653035 0.1960696,
0.2511770 -0.5639796 0.1960775,
0.2523566 -0.5624562 0.1961112,
0.2533370 -0.5609034 0.1961673,
0.2541833 -0.5592332 0.1962481,
0.2548624 -0.5575041 0.1963511,
0.2553800 -0.5556993 0.1964774,
0.2557287 -0.5538134 0.1966281,
0.2558486 -0.5526771 0.1967278,
0.2559019 0.5515597 0.1968322,
0.2559055 0.5511811 0.1968504,
0.2275743 0.5232322 0.0551946,
0.2275743 -0.5232322 0.0551946,
0.2559019 -0.5515597 0.1968322,
0.2559055 -0.5511811 0.1968504,
0.2275743 0.5232322 0.0551946,
0.2274413 0.5248747 0.0548927,
0.2271694 0.5265052 0.0546210,
0.2267606 0.5281121 0.0543813,
0.2262179 0.5296836 0.0541756,
0.2255452 0.5312084 0.0540051,
0.2247475 0.5326754 0.0538713,
0.2238304 0.5340741 0.0537750,
0.2228006 0.5353942 0.0537169,
0.2216655 0.5366262 0.0536975,
0.2204335 0.5377612 0.0537169,
0.2191134 0.5387910 0.0537750,
0.2177148 0.5397081 0.0538713,
0.2162478 0.5405059 0.0540051,
0.2147230 0.5411785 0.0541756,
0.2131515 0.5417212 0.0543813,
0.2115446 0.5421300 0.0546210,
0.2099140 0.5424019 0.0548927,
0.2082716 0.5425350 0.0551946,
0.2365991 0.5708625 0.1968322,
0.2559019 0.5515597 0.1968322,
0.2557765 0.5534315 0.1966609,
0.2554715 0.5552918 0.1965084,
0.2549788 0.5571499 0.1963745,
0.2543473 0.5588569 0.1962690,
0.2535204 0.5605733 0.1961817,
0.2526065 0.5620898 0.1961226,
0.2515473 0.5635338 0.1960849,
0.2503428 0.5648946 0.1960696,
0.2490190 0.5661377 0.1960775,
0.2474956 0.5673172 0.1961112,
0.2459428 0.5682977 0.1961673,
0.2442725 0.5691440 0.1962481,
0.2425434 0.5698230 0.1963511,
0.2407387 0.5703406 0.1964774,
0.2388528 0.5706894 0.1966281,
0.2377164 0.5708092 0.1967278,
-0.2365991 0.5708625 0.1968322,
-0.2362205 0.5708661 0.1968504,
-0.2082716 0.5425350 0.0551946,
0.2082716 0.5425350 0.0551946,
0.2365991 0.5708625 0.1968322,
0.2362205 0.5708661 0.1968504,
-0.2559019 -0.5515597 0.1968322,
-0.2559055 -0.5511811 0.1968504,
-0.2275743 -0.5232322 0.0551946,
-0.2275743 0.5232322 0.0551946,
-0.2559019 0.5515597 0.1968322,
-0.2559055 0.5511811 0.1968504,
-0.2275743 -0.5232322 0.0551946,
-0.2274413 -0.5248747 0.0548927,
-0.2271694 -0.5265052 0.0546210,
-0.2267606 -0.5281121 0.0543813,
-0.2262179 -0.5296836 0.0541756,
-0.2255452 -0.5312084 0.0540051,
-0.2247475 -0.5326754 0.0538713,
-0.2238304 -0.5340741 0.0537750,
-0.2228006 -0.5353942 0.0537169,
-0.2216655 -0.5366262 0.0536975,
-0.2204335 -0.5377612 0.0537169,
-0.2191134 -0.5387910 0.0537750,
-0.2177148 -0.5397081 0.0538713,
-0.2162478 -0.5405059 0.0540051,
-0.2147230 -0.5411785 0.0541756,
-0.2131515 -0.5417212 0.0543813,
-0.2115446 -0.5421300 0.0546210,
-0.2099140 -0.5424019 0.0548927,
-0.2082716 -0.5425350 0.0551946,
-0.2365991 -0.5708625 0.1968322,
-0.2559019 -0.5515597 0.1968322,
-0.2557765 -0.5534315 0.1966609,
-0.2554715 -0.5552918 0.1965084,
-0.2549788 -0.5571499 0.1963745,
-0.2543473 -0.5588569 0.1962690,
-0.2535204 -0.5605733 0.1961817,
-0.2526065 -0.5620898 0.1961226,
-0.2515473 -0.5635338 0.1960849,
-0.2503428 -0.5648946 0.1960696,
-0.2490190 -0.5661377 0.1960775,
-0.2474956 -0.5673172 0.1961112,
-0.2459428 -0.5682977 0.1961673,
-0.2442725 -0.5691440 0.1962481,
-0.2425434 -0.5698230 0.1963511,
-0.2407387 -0.5703406 0.1964774,
-0.2388528 -0.5706894 0.1966281,
-0.2377164 -0.5708092 0.1967278,
-0.2082716 0.5425350 0.0551946,
-0.2099140 0.5424019 0.0548927,
-0.2115446 0.5421300 0.0546210,
-0.2131515 0.5417212 0.0543813,
-0.2147230 0.5411785 0.0541756,
-0.2162478 0.5405059 0.0540051,
-0.2177148 0.5397081 0.0538713,
-0.2191134 0.5387910 0.0537750,
-0.2204335 0.5377612 0.0537169,
-0.2216655 0.5366262 0.0536975,
-0.2228006 0.5353942 0.0537169,
-0.2238304 0.5340741 0.0537750,
-0.2247475 0.5326754 0.0538713,
-0.2255452 0.5312084 0.0540051,
-0.2262179 0.5296836 0.0541756,
-0.2267606 0.5281121 0.0543813,
-0.2271694 0.5265052 0.0546210,
-0.2274413 0.5248747 0.0548927,
-0.2275743 0.5232322 0.0551946,
-0.2559019 0.5515597 0.1968322,
-0.2365991 0.5708625 0.1968322,
-0.2384708 0.5707371 0.1966609,
-0.2403312 0.5704321 0.1965084,
-0.2421893 0.5699394 0.1963745,
-0.2438963 0.5693080 0.1962690,
-0.2456127 0.5684810 0.1961817,
-0.2471292 0.5675671 0.1961226,
-0.2485731 0.5665079 0.1960849,
-0.2499340 0.5653035 0.1960696,
-0.2511770 0.5639796 0.1960775,
-0.2523566 0.5624562 0.1961112,
-0.2533370 0.5609034 0.1961673,
-0.2541833 0.5592332 0.1962481,
-0.2548624 0.5575041 0.1963511,
-0.2553800 0.5556993 0.1964774,
-0.2557287 0.5538134 0.1966281,
-0.2558486 0.5526771 0.1967278,
0.2082716 -0.5425350 0.0551946,
0.2082716 -0.5421329 0.0535539,
0.2082716 -0.5415917 0.0519538,
0.2082716 -0.5409153 0.0504059,
0.2082716 -0.5401087 0.0489217,
0.2082716 -0.5391778 0.0475122,
0.2082716 -0.5381295 0.0461876,
0.2082716 -0.5369715 0.0449578,
0.2082716 -0.5357123 0.0438318,
0.2082716 -0.5343612 0.0428180,
0.2082716 -0.5329282 0.0419236,
0.2082716 -0.5314238 0.0411554,
0.2082716 -0.5298590 0.0405191,
0.2082716 -0.5282455 0.0400192,
0.2082716 -0.5265951 0.0396594,
0.2082716 -0.5249198 0.0394426,
0.2082716 -0.5232322 0.0393701,
-0.2082716 -0.5425350 0.0551946,
-0.2082716 -0.5232322 0.0393701,
-0.2082716 -0.5249198 0.0394426,
-0.2082716 -0.5265951 0.0396594,
-0.2082716 -0.5282455 0.0400192,
-0.2082716 -0.5298590 0.0405191,
-0.2082716 -0.5314238 0.0411554,
-0.2082716 -0.5329282 0.0419236,
-0.2082716 -0.5343612 0.0428180,
-0.2082716 -0.5357123 0.0438318,
-0.2082716 -0.5369715 0.0449578,
-0.2082716 -0.5381295 0.0461876,
-0.2082716 -0.5391778 0.0475122,
-0.2082716 -0.5401087 0.0489217,
-0.2082716 -0.5409153 0.0504059,
-0.2082716 -0.5415917 0.0519538,
-0.2082716 -0.5421329 0.0535539,
0.2082716 -0.5425350 0.0551946,
0.2099140 -0.5424019 0.0548927,
0.2115446 -0.5421300 0.0546210,
0.2131515 -0.5417212 0.0543813,
0.2147230 -0.5411785 0.0541756,
0.2162478 -0.5405059 0.0540051,
0.2177148 -0.5397081 0.0538713,
0.2191134 -0.5387910 0.0537750,
0.2204335 -0.5377612 0.0537169,
0.2216655 -0.5366262 0.0536975,
0.2228006 -0.5353942 0.0537169,
0.2238304 -0.5340741 0.0537750,
0.2247475 -0.5326754 0.0538713,
0.2255452 -0.5312084 0.0540051,
0.2262179 -0.5296836 0.0541756,
0.2267606 -0.5281121 0.0543813,
0.2271694 -0.5265052 0.0546210,
0.2274413 -0.5248747 0.0548927,
0.2275743 -0.5232322 0.0551946,
0.2082716 -0.5421329 0.0535539,
0.2082716 -0.5415917 0.0519538,
0.2082716 -0.5409153 0.0504059,
0.2082716 -0.5401087 0.0489217,
0.2082716 -0.5391778 0.0475122,
0.2082716 -0.5381295 0.0461876,
0.2082716 -0.5369715 0.0449578,
0.2082716 -0.5357123 0.0438318,
0.2082716 -0.5343612 0.0428180,
0.2082716 -0.5329282 0.0419236,
0.2082716 -0.5314238 0.0411554,
0.2082716 -0.5298590 0.0405191,
0.2082716 -0.5282455 0.0400192,
0.2082716 -0.5265951 0.0396594,
0.2082716 -0.5249198 0.0394426,
0.2082716 -0.5232322 0.0393701,
0.2271723 -0.5232322 0.0535539,
0.2266311 -0.5232322 0.0519538,
0.2259547 -0.5232322 0.0504059,
0.2251481 -0.5232322 0.0489217,
0.2242172 -0.5232322 0.0475122,
0.2231689 -0.5232322 0.0461876,
0.2220108 -0.5232322 0.0449578,
0.2207517 -0.5232322 0.0438318,
0.2194006 -0.5232322 0.0428180,
0.2179676 -0.5232322 0.0419236,
0.2164632 -0.5232322 0.0411554,
0.2148984 -0.5232322 0.0405191,
0.2132849 -0.5232322 0.0400192,
0.2116344 -0.5232322 0.0396594,
0.2099592 -0.5232322 0.0394426,
0.2147986 -0.5409823 0.0535930,
0.2115929 -0.5419040 0.0537792,
0.2140675 -0.5409823 0.0528227,
0.2168536 -0.5397842 0.0527400,
0.2109100 -0.5419040 0.0534067,
0.2132463 -0.5409823 0.0521494,
0.2160004 -0.5397842 0.0517204,
0.2188943 -0.5383285 0.0522169,
0.2216331 -0.5366377 0.0536457,
0.2101861 -0.5419040 0.0531221,
0.2123476 -0.5409823 0.0515837,
0.2150268 -0.5397842 0.0508151,
0.2179600 -0.5383285 0.0509473,
0.2208555 -0.5366377 0.0520239,
0.2094323 -0.5419040 0.0529298,
0.2113855 -0.5409823 0.0511342,
0.2139481 -0.5397842 0.0500380,
0.2168749 -0.5383285 0.0498039,
0.2198819 -0.5366377 0.0505116,
0.2226738 -0.5347383 0.0521494,
0.2086605 -0.5419040 0.0528330,
0.2103748 -0.5409823 0.0508081,
0.2127810 -0.5397842 0.0494013,
0.2156559 -0.5383285 0.0488045,
0.2187276 -0.5366377 0.0491322,
0.2217017 -0.5347383 0.0504097,
0.2242894 -0.5326597 0.0525703,
0.2093315 -0.5409823 0.0506104,
0.2115437 -0.5397842 0.0489148,
0.2143219 -0.5383285 0.0479647,
0.2174105 -0.5366377 0.0479074,
0.2205205 -0.5347383 0.0488045,
0.2233572 -0.5326597 0.0506261,
0.2256488 -0.5304343 0.0532531,
0.2102554 -0.5397842 0.0485863,
0.2128937 -0.5383285 0.0472976,
0.2159512 -0.5366377 0.0468561,
0.2191487 -0.5347383 0.0473589,
0.2221901 -0.5326597 0.0488131,
0.2247910 -0.5304343 0.0511342,
0.2267058 -0.5280968 0.0541547,
0.2089363 -0.5397842 0.0484207,
0.2113936 -0.5383285 0.0468135,
0.2143722 -0.5366377 0.0459947,
0.2176075 -0.5347383 0.0460955,
0.2208063 -0.5326597 0.0471596,
0.2236760 -0.5304343 0.0491387,
0.2259521 -0.5280968 0.0518972,
0.2098448 -0.5383285 0.0465200,
0.2126983 -0.5366377 0.0453366,
0.2159209 -0.5347383 0.0450337,
0.2192274 -0.5326597 0.0456912,
0.2223212 -0.5304343 0.0472976,
0.2249231 -0.5280968 0.0497512,
0.2267980 -0.5256836 0.0528694,
0.2109555 -0.5366377 0.0448922,
0.2141153 -0.5347383 0.0441903,
0.2174779 -0.5326597 0.0444309,
0.2207477 -0.5304343 0.0456395,
0.2236348 -0.5280968 0.0477500,
0.2258835 -0.5256836 0.0506104,
0.2091709 -0.5366377 0.0446682,
0.2122187 -0.5347383 0.0435783,
0.2155850 -0.5326597 0.0433983,
0.2189799 -0.5304343 0.0441903,
0.2221074 -0.5280968 0.0459248,
0.2246947 -0.5256836 0.0484829,
0.2102606 -0.5347383 0.0432072,
0.2135784 -0.5326597 0.0426094,
0.2170454 -0.5304343 0.0429725,
0.2203646 -0.5280968 0.0443040,
0.2232503 -0.5256836 0.0465200,
0.2114891 -0.5326597 0.0420766,
0.2149743 -0.5304343 0.0420051,
0.2184335 -0.5280968 0.0429129,
0.2215727 -0.5256836 0.0447523,
0.2093497 -0.5326597 0.0418080,
0.2127989 -0.5304343 0.0413031,
0.2163442 -0.5280968 0.0417731,
0.2196881 -0.5256836 0.0432072,
0.2105530 -0.5304343 0.0408775,
0.2141292 -0.5280968 0.0409023,
0.2176257 -0.5256836 0.0419089,
0.2118230 -0.5280968 0.0403142,
0.2154176 -0.5256836 0.0408775,
0.2094616 -0.5280968 0.0400178,
0.2130983 -0.5256836 0.0401291,
0.2107039 -0.5256836 0.0396754,
0.2275743 -0.5232322 0.0551946,
0.2271723 -0.5232322 0.0535539,
0.2266311 -0.5232322 0.0519538,
0.2259547 -0.5232322 0.0504059,
0.2251481 -0.5232322 0.0489217,
0.2242172 -0.5232322 0.0475122,
0.2231689 -0.5232322 0.0461876,
0.2220108 -0.5232322 0.0449578,
0.2207517 -0.5232322 0.0438318,
0.2194006 -0.5232322 0.0428180,
0.2179676 -0.5232322 0.0419236,
0.2164632 -0.5232322 0.0411554,
0.2148984 -0.5232322 0.0405191,
0.2132849 -0.5232322 0.0400192,
0.2116344 -0.5232322 0.0396594,
0.2099592 -0.5232322 0.0394426,
0.2082716 -0.5232322 0.0393701,
0.2082716 0.5232322 0.0393701,
0.2275743 0.5232322 0.0551946,
0.2271723 0.5232322 0.0535539,
0.2266311 0.5232322 0.0519538,
0.2259547 0.5232322 0.0504059,
0.2251481 0.5232322 0.0489217,
0.2242172 0.5232322 0.0475122,
0.2231689 0.5232322 0.0461876,
0.2220108 0.5232322 0.0449578,
0.2207517 0.5232322 0.0438318,
0.2194006 0.5232322 0.0428180,
0.2179676 0.5232322 0.0419236,
0.2164632 0.5232322 0.0411554,
0.2148984 0.5232322 0.0405191,
0.2132849 0.5232322 0.0400192,
0.2116344 0.5232322 0.0396594,
0.2099592 0.5232322 0.0394426,
0.2275743 0.5232322 0.0551946,
0.2271723 0.5232322 0.0535539,
0.2266311 0.5232322 0.0519538,
0.2259547 0.5232322 0.0504059,
0.2251481 0.5232322 0.0489217,
0.2242172 0.5232322 0.0475122,
0.2231689 0.5232322 0.0461876,
0.2220108 0.5232322 0.0449578,
0.2207517 0.5232322 0.0438318,
0.2194006 0.5232322 0.0428180,
0.2179676 0.5232322 0.0419236,
0.2164632 0.5232322 0.0411554,
0.2148984 0.5232322 0.0405191,
0.2132849 0.5232322 0.0400192,
0.2116344 0.5232322 0.0396594,
0.2099592 0.5232322 0.0394426,
0.2082716 0.5232322 0.0393701,
0.2082716 0.5249198 0.0394426,
0.2082716 0.5265951 0.0396594,
0.2082716 0.5282455 0.0400192,
0.2082716 0.5298590 0.0405191,
0.2082716 0.5314238 0.0411554,
0.2082716 0.5329282 0.0419236,
0.2082716 0.5343612 0.0428180,
0.2082716 0.5357123 0.0438318,
0.2082716 0.5369715 0.0449578,
0.2082716 0.5381295 0.0461876,
0.2082716 0.5391778 0.0475122,
0.2082716 0.5401087 0.0489217,
0.2082716 0.5409153 0.0504059,
0.2082716 0.5415917 0.0519538,
0.2082716 0.5421329 0.0535539,
0.2082716 0.5425350 0.0551946,
0.2274413 0.5248747 0.0548927,
0.2271694 0.5265052 0.0546210,
0.2267606 0.5281121 0.0543813,
0.2262179 0.5296836 0.0541756,
0.2255452 0.5312084 0.0540051,
0.2247475 0.5326754 0.0538713,
0.2238304 0.5340741 0.0537750,
0.2228006 0.5353942 0.0537169,
0.2216655 0.5366262 0.0536975,
0.2204335 0.5377612 0.0537169,
0.2191134 0.5387910 0.0537750,
0.2177148 0.5397081 0.0538713,
0.2162478 0.5405059 0.0540051,
0.2147230 0.5411785 0.0541756,
0.2131515 0.5417212 0.0543813,
0.2115446 0.5421300 0.0546210,
0.2099140 0.5424019 0.0548927,
0.2271478 0.5256836 0.0540372,
0.2263760 0.5256836 0.0517256,
0.2253223 0.5256836 0.0495281,
0.2263642 0.5280968 0.0530142,
0.2240032 0.5256836 0.0474789,
0.2254711 0.5280968 0.0508081,
0.2224391 0.5256836 0.0456100,
0.2243102 0.5280968 0.0487305,
0.2252529 0.5304343 0.0521803,
0.2206545 0.5256836 0.0439503,
0.2228996 0.5280968 0.0468135,
0.2242646 0.5304343 0.0501191,
0.2246628 0.5326597 0.0535823,
0.2186771 0.5256836 0.0425259,
0.2212613 0.5280968 0.0450872,
0.2230273 0.5304343 0.0481970,
0.2238537 0.5326597 0.0515837,
0.2165377 0.5256836 0.0413587,
0.2194208 0.5280968 0.0435783,
0.2215603 0.5304343 0.0464440,
0.2228019 0.5326597 0.0497014,
0.2230765 0.5347383 0.0530614,
0.2142697 0.5256836 0.0404671,
0.2174066 0.5280968 0.0423104,
0.2198864 0.5304343 0.0448873,
0.2215240 0.5326597 0.0479647,
0.2222149 0.5347383 0.0512644,
0.2119082 0.5256836 0.0398648,
0.2152503 0.5280968 0.0413031,
0.2180317 0.5304343 0.0435512,
0.2200398 0.5326597 0.0464007,
0.2211362 0.5347383 0.0495887,
0.2212696 0.5366377 0.0528227,
0.2094901 0.5256836 0.0395614,
0.2129853 0.5280968 0.0405722,
0.2160250 0.5304343 0.0424565,
0.2183723 0.5326597 0.0450337,
0.2198572 0.5347383 0.0480603,
0.2203923 0.5366377 0.0512525,
0.2106469 0.5280968 0.0401291,
0.2138976 0.5304343 0.0416201,
0.2165476 0.5326597 0.0438850,
0.2183978 0.5347383 0.0467031,
0.2193263 0.5366377 0.0498039,
0.2193002 0.5383285 0.0528929,
0.2116826 0.5304343 0.0410552,
0.2145940 0.5326597 0.0429725,
0.2167808 0.5347383 0.0455383,
0.2180882 0.5366377 0.0484992,
0.2184470 0.5383285 0.0515675,
0.2094145 0.5304343 0.0407706,
0.2125420 0.5326597 0.0423104,
0.2150313 0.5347383 0.0445838,
0.2166973 0.5366377 0.0473589,
0.2174353 0.5383285 0.0503586,
0.2172309 0.5397842 0.0532877,
0.2104236 0.5326597 0.0419089,
0.2131765 0.5347383 0.0438547,
0.2151751 0.5366377 0.0464007,
0.2162810 0.5383285 0.0492852,
0.2164429 0.5397842 0.0522169,
0.2112454 0.5347383 0.0433622,
0.2135456 0.5366377 0.0456395,
0.2150020 0.5383285 0.0483638,
0.2155277 0.5397842 0.0512525,
0.2092680 0.5347383 0.0431140,
0.2118338 0.5366377 0.0450872,
0.2136182 0.5383285 0.0476089,
0.2144996 0.5397842 0.0504097,
0.2144451 0.5409823 0.0531964,
0.2100667 0.5366377 0.0447523,
0.2121512 0.5383285 0.0470322,
0.2133745 0.5397842 0.0497014,
0.2136674 0.5409823 0.0524732,
0.2106238 0.5383285 0.0466426,
0.2121699 0.5397842 0.0491387,
0.2128058 0.5409823 0.0518525,
0.2090597 0.5383285 0.0464463,
0.2109047 0.5397842 0.0487305,
0.2118735 0.5409823 0.0513439,
0.2119156 0.5419040 0.0539967,
0.2095985 0.5397842 0.0484829,
0.2108852 0.5409823 0.0509554,
0.2112573 0.5419040 0.0535823,
0.2098562 0.5409823 0.0506930,
0.2105525 0.5419040 0.0532531,
0.2088025 0.5409823 0.0505607,
0.2098122 0.5419040 0.0530142,
0.2090479 0.5419040 0.0528694,
0.2082716 0.5232322 0.0393701,
0.2082716 0.5249198 0.0394426,
0.2082716 0.5265951 0.0396594,
0.2082716 0.5282455 0.0400192,
0.2082716 0.5298590 0.0405191,
0.2082716 0.5314238 0.0411554,
0.2082716 0.5329282 0.0419236,
0.2082716 0.5343612 0.0428180,
0.2082716 0.5357123 0.0438318,
0.2082716 0.5369715 0.0449578,
0.2082716 0.5381295 0.0461876,
0.2082716 0.5391778 0.0475122,
0.2082716 0.5401087 0.0489217,
0.2082716 0.5409153 0.0504059,
0.2082716 0.5415917 0.0519538,
0.2082716 0.5421329 0.0535539,
0.2082716 0.5425350 0.0551946,
-0.2082716 0.5232322 0.0393701,
-0.2082716 0.5425350 0.0551946,
-0.2082716 0.5421329 0.0535539,
-0.2082716 0.5415917 0.0519538,
-0.2082716 0.5409153 0.0504059,
-0.2082716 0.5401087 0.0489217,
-0.2082716 0.5391778 0.0475122,
-0.2082716 0.5381295 0.0461876,
-0.2082716 0.5369715 0.0449578,
-0.2082716 0.5357123 0.0438318,
-0.2082716 0.5343612 0.0428180,
-0.2082716 0.5329282 0.0419236,
-0.2082716 0.5314238 0.0411554,
-0.2082716 0.5298590 0.0405191,
-0.2082716 0.5282455 0.0400192,
-0.2082716 0.5265951 0.0396594,
-0.2082716 0.5249198 0.0394426,
-0.2082716 -0.5232322 0.0393701,
-0.2099592 -0.5232322 0.0394426,
-0.2116344 -0.5232322 0.0396594,
-0.2132849 -0.5232322 0.0400192,
-0.2148984 -0.5232322 0.0405191,
-0.2164632 -0.5232322 0.0411554,
-0.2179676 -0.5232322 0.0419236,
-0.2194006 -0.5232322 0.0428180,
-0.2207517 -0.5232322 0.0438318,
-0.2220108 -0.5232322 0.0449578,
-0.2231689 -0.5232322 0.0461876,
-0.2242172 -0.5232322 0.0475122,
-0.2251481 -0.5232322 0.0489217,
-0.2259547 -0.5232322 0.0504059,
-0.2266311 -0.5232322 0.0519538,
-0.2271723 -0.5232322 0.0535539,
-0.2275743 -0.5232322 0.0551946,
-0.2275743 0.5232322 0.0551946,
-0.2082716 0.5232322 0.0393701,
-0.2099592 0.5232322 0.0394426,
-0.2116344 0.5232322 0.0396594,
-0.2132849 0.5232322 0.0400192,
-0.2148984 0.5232322 0.0405191,
-0.2164632 0.5232322 0.0411554,
-0.2179676 0.5232322 0.0419236,
-0.2194006 0.5232322 0.0428180,
-0.2207517 0.5232322 0.0438318,
-0.2220108 0.5232322 0.0449578,
-0.2231689 0.5232322 0.0461876,
-0.2242172 0.5232322 0.0475122,
-0.2251481 0.5232322 0.0489217,
-0.2259547 0.5232322 0.0504059,
-0.2266311 0.5232322 0.0519538,
-0.2271723 0.5232322 0.0535539,
-0.2082716 -0.5232322 0.0393701,
-0.2099592 -0.5232322 0.0394426,
-0.2116344 -0.5232322 0.0396594,
-0.2132849 -0.5232322 0.0400192,
-0.2148984 -0.5232322 0.0405191,
-0.2164632 -0.5232322 0.0411554,
-0.2179676 -0.5232322 0.0419236,
-0.2194006 -0.5232322 0.0428180,
-0.2207517 -0.5232322 0.0438318,
-0.2220108 -0.5232322 0.0449578,
-0.2231689 -0.5232322 0.0461876,
-0.2242172 -0.5232322 0.0475122,
-0.2251481 -0.5232322 0.0489217,
-0.2259547 -0.5232322 0.0504059,
-0.2266311 -0.5232322 0.0519538,
-0.2271723 -0.5232322 0.0535539,
-0.2275743 -0.5232322 0.0551946,
-0.2082716 -0.5249198 0.0394426,
-0.2082716 -0.5265951 0.0396594,
-0.2082716 -0.5282455 0.0400192,
-0.2082716 -0.5298590 0.0405191,
-0.2082716 -0.5314238 0.0411554,
-0.2082716 -0.5329282 0.0419236,
-0.2082716 -0.5343612 0.0428180,
-0.2082716 -0.5357123 0.0438318,
-0.2082716 -0.5369715 0.0449578,
-0.2082716 -0.5381295 0.0461876,
-0.2082716 -0.5391778 0.0475122,
-0.2082716 -0.5401087 0.0489217,
-0.2082716 -0.5409153 0.0504059,
-0.2082716 -0.5415917 0.0519538,
-0.2082716 -0.5421329 0.0535539,
-0.2082716 -0.5425350 0.0551946,
-0.2274413 -0.5248747 0.0548927,
-0.2271694 -0.5265052 0.0546210,
-0.2267606 -0.5281121 0.0543813,
-0.2262179 -0.5296836 0.0541756,
-0.2255452 -0.5312084 0.0540051,
-0.2247475 -0.5326754 0.0538713,
-0.2238304 -0.5340741 0.0537750,
-0.2228006 -0.5353942 0.0537169,
-0.2216655 -0.5366262 0.0536975,
-0.2204335 -0.5377612 0.0537169,
-0.2191134 -0.5387910 0.0537750,
-0.2177148 -0.5397081 0.0538713,
-0.2162478 -0.5405059 0.0540051,
-0.2147230 -0.5411785 0.0541756,
-0.2131515 -0.5417212 0.0543813,
-0.2115446 -0.5421300 0.0546210,
-0.2099140 -0.5424019 0.0548927,
-0.2086605 -0.5419040 0.0528330,
-0.2094323 -0.5419040 0.0529298,
-0.2101861 -0.5419040 0.0531221,
-0.2093315 -0.5409823 0.0506104,
-0.2109100 -0.5419040 0.0534067,
-0.2103748 -0.5409823 0.0508081,
-0.2089363 -0.5397842 0.0484207,
-0.2115929 -0.5419040 0.0537792,
-0.2113855 -0.5409823 0.0511342,
-0.2102554 -0.5397842 0.0485863,
-0.2122240 -0.5419040 0.0542339,
-0.2123476 -0.5409823 0.0515837,
-0.2115437 -0.5397842 0.0489148,
-0.2098448 -0.5383285 0.0465200,
-0.2132463 -0.5409823 0.0521494,
-0.2127810 -0.5397842 0.0494013,
-0.2113936 -0.5383285 0.0468135,
-0.2091709 -0.5366377 0.0446682,
-0.2140675 -0.5409823 0.0528227,
-0.2139481 -0.5397842 0.0500380,
-0.2128937 -0.5383285 0.0472976,
-0.2109555 -0.5366377 0.0448922,
-0.2147986 -0.5409823 0.0535930,
-0.2150268 -0.5397842 0.0508151,
-0.2143219 -0.5383285 0.0479647,
-0.2126983 -0.5366377 0.0453366,
-0.2102606 -0.5347383 0.0432072,
-0.2160004 -0.5397842 0.0517204,
-0.2156559 -0.5383285 0.0488045,
-0.2143722 -0.5366377 0.0459947,
-0.2122187 -0.5347383 0.0435783,
-0.2093497 -0.5326597 0.0418080,
-0.2168536 -0.5397842 0.0527400,
-0.2168749 -0.5383285 0.0498039,
-0.2159512 -0.5366377 0.0468561,
-0.2141153 -0.5347383 0.0441903,
-0.2114891 -0.5326597 0.0420766,
-0.2179600 -0.5383285 0.0509473,
-0.2174105 -0.5366377 0.0479074,
-0.2159209 -0.5347383 0.0450337,
-0.2135784 -0.5326597 0.0426094,
-0.2105530 -0.5304343 0.0408775,
-0.2188943 -0.5383285 0.0522169,
-0.2187276 -0.5366377 0.0491322,
-0.2176075 -0.5347383 0.0460955,
-0.2155850 -0.5326597 0.0433983,
-0.2127989 -0.5304343 0.0413031,
-0.2094616 -0.5280968 0.0400178,
-0.2198819 -0.5366377 0.0505116,
-0.2191487 -0.5347383 0.0473589,
-0.2174779 -0.5326597 0.0444309,
-0.2149743 -0.5304343 0.0420051,
-0.2118230 -0.5280968 0.0403142,
-0.2208555 -0.5366377 0.0520239,
-0.2205205 -0.5347383 0.0488045,
-0.2192274 -0.5326597 0.0456912,
-0.2170454 -0.5304343 0.0429725,
-0.2141292 -0.5280968 0.0409023,
-0.2107039 -0.5256836 0.0396754,
-0.2216331 -0.5366377 0.0536457,
-0.2217017 -0.5347383 0.0504097,
-0.2208063 -0.5326597 0.0471596,
-0.2189799 -0.5304343 0.0441903,
-0.2163442 -0.5280968 0.0417731,
-0.2130983 -0.5256836 0.0401291,
-0.2226738 -0.5347383 0.0521494,
-0.2221901 -0.5326597 0.0488131,
-0.2207477 -0.5304343 0.0456395,
-0.2184335 -0.5280968 0.0429129,
-0.2154176 -0.5256836 0.0408775,
-0.2233572 -0.5326597 0.0506261,
-0.2223212 -0.5304343 0.0472976,
-0.2203646 -0.5280968 0.0443040,
-0.2176257 -0.5256836 0.0419089,
-0.2242894 -0.5326597 0.0525703,
-0.2236760 -0.5304343 0.0491387,
-0.2221074 -0.5280968 0.0459248,
-0.2196881 -0.5256836 0.0432072,
-0.2247910 -0.5304343 0.0511342,
-0.2236348 -0.5280968 0.0477500,
-0.2215727 -0.5256836 0.0447523,
-0.2256488 -0.5304343 0.0532531,
-0.2249231 -0.5280968 0.0497512,
-0.2232503 -0.5256836 0.0465200,
-0.2259521 -0.5280968 0.0518972,
-0.2246947 -0.5256836 0.0484829,
-0.2267058 -0.5280968 0.0541547,
-0.2258835 -0.5256836 0.0506104,
-0.2267980 -0.5256836 0.0528694,
-0.2082716 0.5425350 0.0551946,
-0.2082716 0.5421329 0.0535539,
-0.2082716 0.5415917 0.0519538,
-0.2082716 0.5409153 0.0504059,
-0.2082716 0.5401087 0.0489217,
-0.2082716 0.5391778 0.0475122,
-0.2082716 0.5381295 0.0461876,
-0.2082716 0.5369715 0.0449578,
-0.2082716 0.5357123 0.0438318,
-0.2082716 0.5343612 0.0428180,
-0.2082716 0.5329282 0.0419236,
-0.2082716 0.5314238 0.0411554,
-0.2082716 0.5298590 0.0405191,
-0.2082716 0.5282455 0.0400192,
-0.2082716 0.5265951 0.0396594,
-0.2082716 0.5249198 0.0394426,
-0.2082716 0.5232322 0.0393701,
-0.2099592 0.5232322 0.0394426,
-0.2116344 0.5232322 0.0396594,
-0.2132849 0.5232322 0.0400192,
-0.2148984 0.5232322 0.0405191,
-0.2164632 0.5232322 0.0411554,
-0.2179676 0.5232322 0.0419236,
-0.2194006 0.5232322 0.0428180,
-0.2207517 0.5232322 0.0438318,
-0.2220108 0.5232322 0.0449578,
-0.2231689 0.5232322 0.0461876,
-0.2242172 0.5232322 0.0475122,
-0.2251481 0.5232322 0.0489217,
-0.2259547 0.5232322 0.0504059,
-0.2266311 0.5232322 0.0519538,
-0.2271723 0.5232322 0.0535539,
-0.2275743 0.5232322 0.0551946,
-0.2099140 0.5424019 0.0548927,
-0.2115446 0.5421300 0.0546210,
-0.2131515 0.5417212 0.0543813,
-0.2147230 0.5411785 0.0541756,
-0.2162478 0.5405059 0.0540051,
-0.2177148 0.5397081 0.0538713,
-0.2191134 0.5387910 0.0537750,
-0.2204335 0.5377612 0.0537169,
-0.2216655 0.5366262 0.0536975,
-0.2228006 0.5353942 0.0537169,
-0.2238304 0.5340741 0.0537750,
-0.2247475 0.5326754 0.0538713,
-0.2255452 0.5312084 0.0540051,
-0.2262179 0.5296836 0.0541756,
-0.2267606 0.5281121 0.0543813,
-0.2271694 0.5265052 0.0546210,
-0.2274413 0.5248747 0.0548927,
-0.2094901 0.5256836 0.0395614,
-0.2119082 0.5256836 0.0398648,
-0.2142697 0.5256836 0.0404671,
-0.2106469 0.5280968 0.0401291,
-0.2165377 0.5256836 0.0413587,
-0.2129853 0.5280968 0.0405722,
-0.2094145 0.5304343 0.0407706,
-0.2186771 0.5256836 0.0425259,
-0.2152503 0.5280968 0.0413031,
-0.2116826 0.5304343 0.0410552,
-0.2206545 0.5256836 0.0439503,
-0.2174066 0.5280968 0.0423104,
-0.2138976 0.5304343 0.0416201,
-0.2104236 0.5326597 0.0419089,
-0.2224391 0.5256836 0.0456100,
-0.2194208 0.5280968 0.0435783,
-0.2160250 0.5304343 0.0424565,
-0.2125420 0.5326597 0.0423104,
-0.2092680 0.5347383 0.0431140,
-0.2240032 0.5256836 0.0474789,
-0.2212613 0.5280968 0.0450872,
-0.2180317 0.5304343 0.0435512,
-0.2145940 0.5326597 0.0429725,
-0.2112454 0.5347383 0.0433622,
-0.2253223 0.5256836 0.0495281,
-0.2228996 0.5280968 0.0468135,
-0.2198864 0.5304343 0.0448873,
-0.2165476 0.5326597 0.0438850,
-0.2131765 0.5347383 0.0438547,
-0.2100667 0.5366377 0.0447523,
-0.2263760 0.5256836 0.0517256,
-0.2243102 0.5280968 0.0487305,
-0.2215603 0.5304343 0.0464440,
-0.2183723 0.5326597 0.0450337,
-0.2150313 0.5347383 0.0445838,
-0.2118338 0.5366377 0.0450872,
-0.2090597 0.5383285 0.0464463,
-0.2271478 0.5256836 0.0540372,
-0.2254711 0.5280968 0.0508081,
-0.2230273 0.5304343 0.0481970,
-0.2200398 0.5326597 0.0464007,
-0.2167808 0.5347383 0.0455383,
-0.2135456 0.5366377 0.0456395,
-0.2106238 0.5383285 0.0466426,
-0.2263642 0.5280968 0.0530142,
-0.2242646 0.5304343 0.0501191,
-0.2215240 0.5326597 0.0479647,
-0.2183978 0.5347383 0.0467031,
-0.2151751 0.5366377 0.0464007,
-0.2121512 0.5383285 0.0470322,
-0.2095985 0.5397842 0.0484829,
-0.2252529 0.5304343 0.0521803,
-0.2228019 0.5326597 0.0497014,
-0.2198572 0.5347383 0.0480603,
-0.2166973 0.5366377 0.0473589,
-0.2136182 0.5383285 0.0476089,
-0.2109047 0.5397842 0.0487305,
-0.2088025 0.5409823 0.0505607,
-0.2238537 0.5326597 0.0515837,
-0.2211362 0.5347383 0.0495887,
-0.2180882 0.5366377 0.0484992,
-0.2150020 0.5383285 0.0483638,
-0.2121699 0.5397842 0.0491387,
-0.2098562 0.5409823 0.0506930,
-0.2246628 0.5326597 0.0535823,
-0.2222149 0.5347383 0.0512644,
-0.2193263 0.5366377 0.0498039,
-0.2162810 0.5383285 0.0492852,
-0.2133745 0.5397842 0.0497014,
-0.2108852 0.5409823 0.0509554,
-0.2090479 0.5419040 0.0528694,
-0.2230765 0.5347383 0.0530614,
-0.2203923 0.5366377 0.0512525,
-0.2174353 0.5383285 0.0503586,
-0.2144996 0.5397842 0.0504097,
-0.2118735 0.5409823 0.0513439,
-0.2098122 0.5419040 0.0530142,
-0.2212696 0.5366377 0.0528227,
-0.2184470 0.5383285 0.0515675,
-0.2155277 0.5397842 0.0512525,
-0.2128058 0.5409823 0.0518525,
-0.2105525 0.5419040 0.0532531,
-0.2193002 0.5383285 0.0528929,
-0.2164429 0.5397842 0.0522169,
-0.2136674 0.5409823 0.0524732,
-0.2112573 0.5419040 0.0535823,
-0.2172309 0.5397842 0.0532877,
-0.2144451 0.5409823 0.0531964,
-0.2119156 0.5419040 0.0539967,
-0.2082716 0.5232322 0.0393701,
0.2082716 0.5232322 0.0393701,
-0.2082716 -0.5232322 0.0393701,
0.2082716 -0.5232322 0.0393701,
-0.0331015 -0.0655305 0.0393701,
-0.0329858 -0.0620198 0.0393701,
-0.0326041 -0.0585275 0.0393701,
-0.0320216 -0.0554206 0.0393701,
-0.0312876 -0.0526712 0.0393701,
-0.0303387 -0.0499889 0.0393701,
-0.0292939 -0.0476084 0.0393701,
-0.0280602 -0.0453203 0.0393701,
-0.0022536 -0.0933326 0.0393701,
-0.0061503 -0.0931802 0.0393701,
-0.0096335 -0.0927467 0.0393701,
-0.0127229 -0.0920882 0.0393701,
-0.0151716 -0.0913448 0.0393701,
-0.0173755 -0.0904745 0.0393701,
-0.0195001 -0.0894252 0.0393701,
-0.0215260 -0.0881963 0.0393701,
-0.0234350 -0.0867926 0.0393701,
-0.0252114 -0.0852244 0.0393701,
-0.0268413 -0.0835045 0.0393701,
-0.0281703 -0.0818365 0.0393701,
-0.0293232 -0.0801136 0.0393701,
-0.0302995 -0.0783510 0.0393701,
-0.0311860 -0.0763636 0.0393701,
-0.0318787 -0.0743650 0.0393701,
-0.0324528 -0.0720864 0.0393701,
-0.0328633 -0.0695812 0.0393701,
-0.0330322 -0.0675593 0.0393701,
0.0302747 -0.0637600 0.0393701,
0.0300914 -0.0674679 0.0393701,
0.0296926 -0.0701462 0.0393701,
0.0291321 -0.0725896 0.0393701,
0.0284289 -0.0747327 0.0393701,
0.0275559 -0.0768143 0.0393701,
0.0266266 -0.0786191 0.0393701,
0.0254581 -0.0804751 0.0393701,
0.0240378 -0.0823708 0.0393701,
0.0226250 -0.0839664 0.0393701,
0.0210954 -0.0854518 0.0393701,
0.0194618 -0.0868214 0.0393701,
0.0177235 -0.0880544 0.0393701,
0.0158993 -0.0891587 0.0393701,
0.0140032 -0.0901322 0.0393701,
0.0120371 -0.0909556 0.0393701,
0.0100190 -0.0916434 0.0393701,
0.0079633 -0.0922067 0.0393701,
0.0058777 -0.0926470 0.0393701,
0.0037704 -0.0929698 0.0393701,
0.0007636 -0.0932348 0.0393701,
0.0252334 -0.0453203 0.0393701,
0.0267775 -0.0481520 0.0393701,
0.0280452 -0.0511186 0.0393701,
0.0289453 -0.0538785 0.0393701,
0.0295624 -0.0564177 0.0393701,
0.0299802 -0.0589971 0.0393701,
0.0302058 -0.0613736 0.0393701,
0.0357961 -0.0453203 0.0393701,
0.0389169 -0.0638500 0.0393701,
0.0386974 -0.0581814 0.0393701,
0.0382117 -0.0540745 0.0393701,
0.0375481 -0.0506924 0.0393701,
0.0367868 -0.0479684 0.0393701,
-0.0028988 -0.1038953 0.0393701,
0.0025153 -0.1036477 0.0393701,
0.0064329 -0.1031263 0.0393701,
0.0100097 -0.1023548 0.0393701,
0.0131608 -0.1013981 0.0393701,
0.0162280 -0.1001978 0.0393701,
0.0191823 -0.0987433 0.0393701,
0.0219967 -0.0970323 0.0393701,
0.0243922 -0.0952866 0.0393701,
0.0264203 -0.0935532 0.0393701,
0.0283218 -0.0916820 0.0393701,
0.0300967 -0.0896902 0.0393701,
0.0317404 -0.0875884 0.0393701,
0.0332211 -0.0853700 0.0393701,
0.0345301 -0.0830448 0.0393701,
0.0356774 -0.0806361 0.0393701,
0.0366429 -0.0781495 0.0393701,
0.0374249 -0.0755986 0.0393701,
0.0380375 -0.0730022 0.0393701,
0.0384879 -0.0703721 0.0393701,
0.0388044 -0.0671184 0.0393701,
-0.0417437 -0.0669858 0.0393701,
-0.0414961 -0.0720152 0.0393701,
-0.0410252 -0.0752864 0.0393701,
-0.0402561 -0.0785979 0.0393701,
-0.0393176 -0.0815105 0.0393701,
-0.0382473 -0.0840477 0.0393701,
-0.0371046 -0.0862481 0.0393701,
-0.0357966 -0.0883535 0.0393701,
-0.0343195 -0.0903437 0.0393701,
-0.0327016 -0.0922225 0.0393701,
-0.0309575 -0.0939835 0.0393701,
-0.0290863 -0.0956091 0.0393701,
-0.0271031 -0.0970966 0.0393701,
-0.0250202 -0.0984403 0.0393701,
-0.0228464 -0.0996315 0.0393701,
-0.0205933 -0.1006647 0.0393701,
-0.0182749 -0.1015423 0.0393701,
-0.0159052 -0.1022696 0.0393701,
-0.0134956 -0.1028489 0.0393701,
-0.0110570 -0.1032945 0.0393701,
-0.0085992 -0.1036194 0.0393701,
-0.0057531 -0.1038234 0.0393701,
-0.0367024 -0.0453203 0.0393701,
-0.0376174 -0.0470168 0.0393701,
-0.0382458 -0.0483211 0.0393701,
-0.0393625 -0.0511467 0.0393701,
-0.0401613 -0.0537610 0.0393701,
-0.0407798 -0.0564245 0.0393701,
-0.0412327 -0.0591205 0.0393701,
-0.0416065 -0.0627469 0.0393701,
-0.0417077 -0.0648650 0.0393701,
-0.0004232 0.0910346 0.0393701,
-0.0058752 0.0907637 0.0393701,
-0.0098119 0.0901703 0.0393701,
-0.0133954 0.0893091 0.0393701,
-0.0165406 0.0882545 0.0393701,
-0.0192797 0.0870654 0.0393701,
-0.0216477 0.0857952 0.0393701,
-0.0239107 0.0843456 0.0393701,
-0.0260626 0.0827357 0.0393701,
-0.0280889 0.0809707 0.0393701,
-0.0299795 0.0790607 0.0393701,
-0.0317321 0.0770238 0.0393701,
-0.0333519 0.0748790 0.0393701,
-0.0348218 0.0726298 0.0393701,
-0.0361195 0.0702765 0.0393701,
-0.0372485 0.0678379 0.0393701,
-0.0382172 0.0653312 0.0393701,
-0.0390272 0.0627688 0.0393701,
-0.0396672 0.0601595 0.0393701,
-0.0401541 0.0575162 0.0393701,
-0.0405060 0.0548516 0.0393701,
-0.0407092 0.0519644 0.0393701,
-0.0407835 0.0490689 0.0393701,
0.0379567 0.0498791 0.0393701,
0.0377176 0.0551424 0.0393701,
0.0372104 0.0589505 0.0393701,
0.0363542 0.0628086 0.0393701,
0.0351684 0.0665784 0.0393701,
0.0338005 0.0698618 0.0393701,
0.0323164 0.0726985 0.0393701,
0.0306049 0.0754041 0.0393701,
0.0286833 0.0779648 0.0393701,
0.0265616 0.0803625 0.0393701,
0.0244822 0.0823572 0.0393701,
0.0224745 0.0839990 0.0393701,
0.0203469 0.0854826 0.0393701,
0.0181091 0.0867934 0.0393701,
0.0157731 0.0879204 0.0393701,
0.0133567 0.0888629 0.0393701,
0.0108775 0.0896239 0.0393701,
0.0083517 0.0902125 0.0393701,
0.0057933 0.0906425 0.0393701,
0.0026919 0.0909329 0.0393701,
0.0379567 0.0276584 0.0393701,
-0.0407835 0.0276584 0.0393701,
0.0379567 0.1265637 0.0393701,
0.0379567 0.1371264 0.0393701,
-0.0407835 0.0967961 0.0393701,
-0.0407835 0.1083190 0.0393701,
-0.0186978 0.1158360 0.0393701,
-0.0186978 0.1483643 0.0393701,
-0.0407835 0.1563313 0.0393701,
-0.0407835 0.1678543 0.0393701,
-0.0321413 -0.0193936 0.0393701,
-0.0321413 0.0122945 0.0393701,
-0.0052544 -0.0193936 0.0393701,
-0.0052544 0.0084535 0.0393701,
0.0033878 0.0084535 0.0393701,
0.0033878 -0.0193936 0.0393701,
0.0293145 -0.0193936 0.0393701,
0.0293145 0.0103740 0.0393701,
0.0379567 0.0103740 0.0393701,
0.0379567 -0.0299564 0.0393701,
-0.0407835 -0.0299564 0.0393701,
-0.0407835 0.0122945 0.0393701,
-0.0321413 -0.1403846 0.0393701,
-0.0321413 -0.1106170 0.0393701,
0.0379567 -0.1403846 0.0393701,
0.0379567 -0.1509473 0.0393701,
-0.0407835 -0.1509473 0.0393701,
-0.0407835 -0.1106170 0.0393701,
-0.0006482 0.0804719 0.0393701,
0.0034061 0.0803039 0.0393701,
0.0066681 0.0798956 0.0393701,
0.0093483 0.0793286 0.0393701,
0.0117080 0.0786144 0.0393701,
0.0140011 0.0777069 0.0393701,
0.0157885 0.0768159 0.0393701,
0.0174935 0.0757750 0.0393701,
0.0190596 0.0746270 0.0393701,
0.0204707 0.0733948 0.0393701,
0.0219405 0.0718633 0.0393701,
0.0234555 0.0699685 0.0393701,
0.0247832 0.0679840 0.0393701,
0.0258540 0.0660500 0.0393701,
0.0267075 0.0641891 0.0393701,
0.0276569 0.0615942 0.0393701,
0.0282718 0.0593749 0.0393701,
0.0288574 0.0563221 0.0393701,
0.0291699 0.0535417 0.0393701,
0.0292677 0.0516893 0.0393701,
0.0293145 0.0498341 0.0393701,
-0.0321413 0.0493990 0.0393701,
-0.0319565 0.0535810 0.0393701,
-0.0315107 0.0569430 0.0393701,
-0.0308339 0.0600091 0.0393701,
-0.0300713 0.0624358 0.0393701,
-0.0291719 0.0646126 0.0393701,
-0.0280966 0.0667084 0.0393701,
-0.0269775 0.0685088 0.0393701,
-0.0257477 0.0701623 0.0393701,
-0.0242676 0.0718241 0.0393701,
-0.0226514 0.0733540 0.0393701,
-0.0209146 0.0747453 0.0393701,
-0.0190660 0.0759843 0.0393701,
-0.0171172 0.0770587 0.0393701,
-0.0150874 0.0779714 0.0393701,
-0.0129936 0.0787248 0.0393701,
-0.0108514 0.0793276 0.0393701,
-0.0086756 0.0797943 0.0393701,
-0.0064756 0.0801297 0.0393701,
-0.0035666 0.0803787 0.0393701,
-0.0321413 0.0382211 0.0393701,
0.0293145 0.0382211 0.0393701,
0.0228328 0.1302397 0.0393701,
-0.0100556 0.1184917 0.0393701,
0.0283542 0.1315000 0.0393701,
0.0255637 0.1309974 0.0393701,
0.0241971 0.1306661 0.0393701,
0.0283542 0.1317550 0.0393701,
0.0228328 0.1329704 0.0393701,
0.0241415 0.1325881 0.0393701,
0.0255721 0.1322689 0.0393701,
-0.0100556 0.1448234 0.0393701,
] } coordIndex [
3,1,0,-1,
3,0,2,-1,
8,9,7,-1,
4,8,7,-1,
10,6,7,-1,
10,7,9,-1,
5,10,11,-1,
5,11,8,-1,
5,8,4,-1,
5,6,10,-1,
31,12,13,-1,
31,30,12,-1,
32,13,14,-1,
32,31,13,-1,
33,14,15,-1,
33,32,14,-1,
34,15,16,-1,
34,33,15,-1,
35,16,17,-1,
35,34,16,-1,
36,17,18,-1,
36,35,17,-1,
37,18,19,-1,
37,36,18,-1,
38,19,20,-1,
38,37,19,-1,
39,20,21,-1,
39,38,20,-1,
40,21,22,-1,
40,39,21,-1,
41,22,23,-1,
41,40,22,-1,
42,23,24,-1,
42,41,23,-1,
43,24,25,-1,
43,25,26,-1,
43,42,24,-1,
44,43,26,-1,
45,26,27,-1,
45,44,26,-1,
29,27,28,-1,
29,45,27,-1,
64,62,61,-1,
65,61,60,-1,
65,64,61,-1,
66,60,59,-1,
66,65,60,-1,
67,59,58,-1,
67,66,59,-1,
68,58,57,-1,
68,67,58,-1,
69,57,56,-1,
69,68,57,-1,
70,56,55,-1,
70,69,56,-1,
71,55,54,-1,
71,70,55,-1,
72,54,53,-1,
72,71,54,-1,
73,53,52,-1,
73,72,53,-1,
74,52,51,-1,
74,73,52,-1,
75,51,50,-1,
75,74,51,-1,
76,50,49,-1,
76,75,50,-1,
77,49,48,-1,
77,76,49,-1,
78,48,47,-1,
78,77,48,-1,
79,78,47,-1,
63,79,47,-1,
63,47,46,-1,
113,80,81,-1,
112,81,82,-1,
112,113,81,-1,
111,82,83,-1,
111,112,82,-1,
110,83,84,-1,
110,111,83,-1,
109,84,85,-1,
109,110,84,-1,
108,85,86,-1,
108,109,85,-1,
107,86,87,-1,
107,108,86,-1,
106,87,88,-1,
106,107,87,-1,
105,88,89,-1,
105,106,88,-1,
104,89,90,-1,
104,105,89,-1,
103,90,91,-1,
103,104,90,-1,
102,91,92,-1,
102,103,91,-1,
101,92,93,-1,
101,102,92,-1,
100,101,93,-1,
99,93,94,-1,
99,100,93,-1,
98,94,95,-1,
98,99,94,-1,
97,95,96,-1,
97,98,95,-1,
130,131,147,-1,
129,147,146,-1,
129,130,147,-1,
128,146,145,-1,
128,129,146,-1,
127,145,144,-1,
127,128,145,-1,
126,144,143,-1,
126,127,144,-1,
125,143,142,-1,
125,126,143,-1,
124,142,141,-1,
124,125,142,-1,
123,141,140,-1,
123,124,141,-1,
122,140,139,-1,
122,123,140,-1,
121,139,138,-1,
121,122,139,-1,
120,138,137,-1,
120,121,138,-1,
119,137,136,-1,
119,120,137,-1,
118,119,136,-1,
117,135,134,-1,
117,136,135,-1,
117,118,136,-1,
116,117,134,-1,
115,133,132,-1,
115,134,133,-1,
115,116,134,-1,
114,115,132,-1,
183,148,149,-1,
182,197,181,-1,
198,162,163,-1,
198,163,164,-1,
199,164,165,-1,
199,198,164,-1,
200,199,165,-1,
201,160,161,-1,
201,161,162,-1,
201,198,199,-1,
201,162,198,-1,
202,200,165,-1,
203,201,199,-1,
203,199,200,-1,
204,160,201,-1,
204,159,160,-1,
205,165,166,-1,
205,202,165,-1,
206,203,200,-1,
206,200,202,-1,
207,201,203,-1,
207,204,201,-1,
208,166,167,-1,
208,205,166,-1,
209,202,205,-1,
209,206,202,-1,
210,207,203,-1,
210,203,206,-1,
211,157,158,-1,
211,158,159,-1,
211,204,207,-1,
211,159,204,-1,
212,205,208,-1,
212,209,205,-1,
213,206,209,-1,
213,210,206,-1,
214,211,207,-1,
214,207,210,-1,
215,156,157,-1,
215,157,211,-1,
216,208,167,-1,
216,212,208,-1,
217,213,209,-1,
217,209,212,-1,
218,214,210,-1,
218,210,213,-1,
219,211,214,-1,
219,215,211,-1,
220,216,167,-1,
220,167,168,-1,
220,168,169,-1,
221,212,216,-1,
221,217,212,-1,
222,213,217,-1,
222,218,213,-1,
223,214,218,-1,
223,219,214,-1,
224,155,156,-1,
224,156,215,-1,
224,215,219,-1,
225,216,220,-1,
225,221,216,-1,
226,217,221,-1,
226,222,217,-1,
227,223,218,-1,
227,218,222,-1,
228,219,223,-1,
228,224,219,-1,
229,153,154,-1,
229,154,155,-1,
229,155,224,-1,
230,169,170,-1,
230,220,169,-1,
230,225,220,-1,
231,221,225,-1,
231,226,221,-1,
232,222,226,-1,
232,227,222,-1,
233,223,227,-1,
233,228,223,-1,
234,224,228,-1,
234,229,224,-1,
235,225,230,-1,
235,231,225,-1,
236,226,231,-1,
236,232,226,-1,
237,227,232,-1,
237,233,227,-1,
238,234,228,-1,
238,228,233,-1,
239,152,153,-1,
239,153,229,-1,
239,229,234,-1,
240,230,170,-1,
240,235,230,-1,
240,170,171,-1,
240,171,172,-1,
241,231,235,-1,
241,236,231,-1,
242,232,236,-1,
242,237,232,-1,
243,238,233,-1,
243,233,237,-1,
244,239,234,-1,
244,234,238,-1,
245,150,151,-1,
245,151,152,-1,
245,152,239,-1,
246,241,235,-1,
246,235,240,-1,
247,236,241,-1,
247,242,236,-1,
248,243,237,-1,
248,237,242,-1,
249,238,243,-1,
249,244,238,-1,
250,239,244,-1,
250,245,239,-1,
251,240,172,-1,
251,246,240,-1,
252,241,246,-1,
252,247,241,-1,
253,242,247,-1,
253,248,242,-1,
254,243,248,-1,
254,249,243,-1,
255,244,249,-1,
255,250,244,-1,
256,149,150,-1,
256,245,250,-1,
256,150,245,-1,
256,184,183,-1,
256,183,149,-1,
257,172,173,-1,
257,173,174,-1,
257,251,172,-1,
257,174,251,-1,
258,252,246,-1,
258,246,251,-1,
259,247,252,-1,
259,253,247,-1,
260,248,253,-1,
260,254,248,-1,
261,255,249,-1,
261,249,254,-1,
262,256,250,-1,
262,185,184,-1,
262,186,185,-1,
262,250,255,-1,
262,184,256,-1,
263,174,175,-1,
263,251,174,-1,
263,258,251,-1,
264,259,252,-1,
264,252,258,-1,
265,253,259,-1,
265,260,253,-1,
266,254,260,-1,
266,261,254,-1,
267,187,186,-1,
267,255,261,-1,
267,186,262,-1,
267,262,255,-1,
268,258,263,-1,
268,264,258,-1,
269,265,259,-1,
269,259,264,-1,
270,266,260,-1,
270,260,265,-1,
271,261,266,-1,
271,187,267,-1,
271,188,187,-1,
271,189,188,-1,
271,267,261,-1,
272,175,176,-1,
272,176,177,-1,
272,263,175,-1,
272,268,263,-1,
273,269,264,-1,
273,264,268,-1,
274,270,265,-1,
274,265,269,-1,
275,266,270,-1,
275,189,271,-1,
275,190,189,-1,
275,271,266,-1,
276,272,177,-1,
276,268,272,-1,
276,273,268,-1,
277,269,273,-1,
277,274,269,-1,
278,275,270,-1,
278,190,275,-1,
278,191,190,-1,
278,270,274,-1,
279,177,178,-1,
279,276,177,-1,
280,277,273,-1,
280,273,276,-1,
281,278,274,-1,
281,274,277,-1,
281,191,278,-1,
281,192,191,-1,
281,193,192,-1,
282,279,178,-1,
282,276,279,-1,
282,280,276,-1,
283,281,277,-1,
283,277,280,-1,
283,193,281,-1,
283,194,193,-1,
284,180,282,-1,
284,178,179,-1,
284,179,180,-1,
284,282,178,-1,
285,195,194,-1,
285,283,280,-1,
285,196,195,-1,
285,280,282,-1,
285,194,283,-1,
286,282,180,-1,
286,180,181,-1,
286,285,282,-1,
286,197,196,-1,
286,181,197,-1,
286,196,285,-1,
290,291,292,-1,
289,292,287,-1,
289,290,292,-1,
288,289,287,-1,
328,293,294,-1,
310,308,309,-1,
343,329,328,-1,
343,328,294,-1,
344,294,295,-1,
344,295,296,-1,
344,343,294,-1,
345,296,297,-1,
345,344,296,-1,
346,330,329,-1,
346,331,330,-1,
346,329,343,-1,
346,343,344,-1,
347,297,298,-1,
347,298,299,-1,
347,345,297,-1,
348,344,345,-1,
348,346,344,-1,
349,331,346,-1,
349,332,331,-1,
350,299,300,-1,
350,347,299,-1,
351,348,345,-1,
351,345,347,-1,
352,349,346,-1,
352,346,348,-1,
353,300,301,-1,
353,301,302,-1,
353,350,300,-1,
354,347,350,-1,
354,351,347,-1,
355,352,348,-1,
355,348,351,-1,
356,349,352,-1,
356,332,349,-1,
356,333,332,-1,
356,334,333,-1,
357,302,303,-1,
357,353,302,-1,
358,354,350,-1,
358,350,353,-1,
359,355,351,-1,
359,351,354,-1,
360,352,355,-1,
360,356,352,-1,
361,334,356,-1,
361,335,334,-1,
362,303,304,-1,
362,304,305,-1,
362,357,303,-1,
363,353,357,-1,
363,358,353,-1,
364,354,358,-1,
364,359,354,-1,
365,355,359,-1,
365,360,355,-1,
366,361,356,-1,
366,356,360,-1,
367,362,305,-1,
367,305,306,-1,
368,357,362,-1,
368,363,357,-1,
369,358,363,-1,
369,364,358,-1,
370,359,364,-1,
370,365,359,-1,
371,360,365,-1,
371,366,360,-1,
372,361,366,-1,
372,336,335,-1,
372,335,361,-1,
373,306,307,-1,
373,307,308,-1,
373,367,306,-1,
374,362,367,-1,
374,368,362,-1,
375,363,368,-1,
375,369,363,-1,
376,364,369,-1,
376,370,364,-1,
377,365,370,-1,
377,371,365,-1,
378,372,366,-1,
378,366,371,-1,
379,336,372,-1,
379,337,336,-1,
379,338,337,-1,
380,310,311,-1,
380,373,308,-1,
380,311,373,-1,
380,308,310,-1,
381,374,367,-1,
381,367,373,-1,
382,368,374,-1,
382,375,368,-1,
383,369,375,-1,
383,376,369,-1,
384,370,376,-1,
384,377,370,-1,
385,371,377,-1,
385,378,371,-1,
386,379,372,-1,
386,372,378,-1,
387,381,373,-1,
387,311,312,-1,
387,312,313,-1,
387,373,311,-1,
388,374,381,-1,
388,382,374,-1,
389,383,375,-1,
389,375,382,-1,
390,384,376,-1,
390,376,383,-1,
391,377,384,-1,
391,385,377,-1,
392,386,378,-1,
392,378,385,-1,
393,339,338,-1,
393,338,379,-1,
393,379,386,-1,
394,313,314,-1,
394,387,313,-1,
394,388,381,-1,
394,381,387,-1,
395,382,388,-1,
395,389,382,-1,
396,383,389,-1,
396,390,383,-1,
397,384,390,-1,
397,391,384,-1,
398,385,391,-1,
398,392,385,-1,
399,393,386,-1,
399,386,392,-1,
400,339,393,-1,
400,340,339,-1,
400,341,340,-1,
401,388,394,-1,
401,395,388,-1,
402,389,395,-1,
402,396,389,-1,
403,390,396,-1,
403,397,390,-1,
404,391,397,-1,
404,398,391,-1,
405,392,398,-1,
405,399,392,-1,
406,400,393,-1,
406,393,399,-1,
407,394,314,-1,
407,314,315,-1,
407,315,316,-1,
407,316,401,-1,
407,401,394,-1,
408,395,401,-1,
408,402,395,-1,
409,403,396,-1,
409,396,402,-1,
410,397,403,-1,
410,404,397,-1,
411,398,404,-1,
411,405,398,-1,
412,399,405,-1,
412,406,399,-1,
413,342,341,-1,
413,327,342,-1,
413,341,400,-1,
413,400,406,-1,
414,316,317,-1,
414,401,316,-1,
414,317,408,-1,
414,408,401,-1,
415,402,408,-1,
415,409,402,-1,
416,403,409,-1,
416,410,403,-1,
417,404,410,-1,
417,411,404,-1,
418,405,411,-1,
418,412,405,-1,
419,406,412,-1,
419,326,327,-1,
419,327,413,-1,
419,413,406,-1,
420,415,408,-1,
420,317,318,-1,
420,318,319,-1,
420,408,317,-1,
420,319,415,-1,
421,409,415,-1,
421,416,409,-1,
422,410,416,-1,
422,417,410,-1,
423,418,411,-1,
423,411,417,-1,
424,412,418,-1,
424,419,412,-1,
424,326,419,-1,
425,319,320,-1,
425,320,321,-1,
425,421,415,-1,
425,415,319,-1,
426,422,416,-1,
426,416,421,-1,
427,423,417,-1,
427,417,422,-1,
428,325,326,-1,
428,326,424,-1,
428,418,423,-1,
428,424,418,-1,
429,322,426,-1,
429,321,322,-1,
429,425,321,-1,
429,421,425,-1,
429,426,421,-1,
430,426,322,-1,
430,322,323,-1,
430,323,324,-1,
430,324,427,-1,
430,422,426,-1,
430,427,422,-1,
431,324,325,-1,
431,427,324,-1,
431,423,427,-1,
431,325,428,-1,
431,428,423,-1,
467,432,433,-1,
466,481,465,-1,
482,445,446,-1,
482,446,447,-1,
483,448,449,-1,
484,482,447,-1,
485,444,445,-1,
485,445,482,-1,
486,483,449,-1,
487,447,448,-1,
487,448,483,-1,
487,484,447,-1,
488,485,482,-1,
488,482,484,-1,
489,444,485,-1,
489,442,443,-1,
489,443,444,-1,
490,440,441,-1,
490,441,442,-1,
491,486,449,-1,
492,483,486,-1,
492,487,483,-1,
493,488,484,-1,
493,484,487,-1,
494,489,485,-1,
494,485,488,-1,
495,442,489,-1,
495,440,490,-1,
495,490,442,-1,
496,449,450,-1,
496,491,449,-1,
497,486,491,-1,
497,492,486,-1,
498,487,492,-1,
498,493,487,-1,
499,494,488,-1,
499,488,493,-1,
500,489,494,-1,
500,495,489,-1,
501,439,440,-1,
501,440,495,-1,
502,450,451,-1,
502,451,452,-1,
502,496,450,-1,
503,497,491,-1,
503,491,496,-1,
504,498,492,-1,
504,492,497,-1,
505,499,493,-1,
505,493,498,-1,
506,500,494,-1,
506,494,499,-1,
507,495,500,-1,
507,501,495,-1,
508,437,438,-1,
508,438,439,-1,
508,439,501,-1,
509,452,453,-1,
509,453,454,-1,
509,502,452,-1,
509,503,496,-1,
509,496,502,-1,
510,497,503,-1,
510,504,497,-1,
511,498,504,-1,
511,505,498,-1,
512,499,505,-1,
512,506,499,-1,
513,500,506,-1,
513,507,500,-1,
514,501,507,-1,
514,508,501,-1,
515,436,437,-1,
516,503,509,-1,
516,510,503,-1,
517,504,510,-1,
517,511,504,-1,
518,505,511,-1,
518,512,505,-1,
519,506,512,-1,
519,513,506,-1,
520,507,513,-1,
520,514,507,-1,
521,508,514,-1,
521,437,508,-1,
521,515,437,-1,
522,434,435,-1,
522,435,436,-1,
523,509,454,-1,
523,454,455,-1,
523,516,509,-1,
524,517,510,-1,
524,510,516,-1,
525,511,517,-1,
525,518,511,-1,
526,519,512,-1,
526,512,518,-1,
527,513,519,-1,
527,520,513,-1,
528,514,520,-1,
528,521,514,-1,
529,522,436,-1,
529,515,521,-1,
529,434,522,-1,
529,436,515,-1,
530,523,455,-1,
530,516,523,-1,
530,524,516,-1,
530,455,456,-1,
530,456,457,-1,
531,517,524,-1,
531,525,517,-1,
532,526,518,-1,
532,518,525,-1,
533,527,519,-1,
533,519,526,-1,
534,528,520,-1,
534,520,527,-1,
535,521,528,-1,
535,529,521,-1,
536,433,434,-1,
536,468,467,-1,
536,434,529,-1,
536,467,433,-1,
537,524,530,-1,
537,531,524,-1,
538,532,525,-1,
538,525,531,-1,
539,526,532,-1,
539,533,526,-1,
540,534,527,-1,
540,527,533,-1,
541,528,534,-1,
541,535,528,-1,
542,536,529,-1,
542,529,535,-1,
542,469,468,-1,
542,470,469,-1,
542,468,536,-1,
543,457,458,-1,
543,530,457,-1,
543,537,530,-1,
544,531,537,-1,
544,538,531,-1,
545,539,532,-1,
545,532,538,-1,
546,533,539,-1,
546,540,533,-1,
547,541,534,-1,
547,534,540,-1,
548,471,470,-1,
548,542,535,-1,
548,535,541,-1,
548,470,542,-1,
549,458,459,-1,
549,543,458,-1,
549,537,543,-1,
549,544,537,-1,
550,538,544,-1,
550,545,538,-1,
551,539,545,-1,
551,546,539,-1,
552,540,546,-1,
552,547,540,-1,
553,472,471,-1,
553,473,472,-1,
553,471,548,-1,
553,541,547,-1,
553,548,541,-1,
554,550,544,-1,
554,544,549,-1,
555,545,550,-1,
555,551,545,-1,
556,552,546,-1,
556,546,551,-1,
557,553,547,-1,
557,474,473,-1,
557,547,552,-1,
557,473,553,-1,
558,554,549,-1,
558,459,460,-1,
558,460,461,-1,
558,549,459,-1,
559,550,554,-1,
559,555,550,-1,
560,556,551,-1,
560,551,555,-1,
561,557,552,-1,
561,474,557,-1,
561,475,474,-1,
561,552,556,-1,
562,461,462,-1,
562,554,558,-1,
562,559,554,-1,
562,558,461,-1,
563,560,555,-1,
563,555,559,-1,
564,556,560,-1,
564,475,561,-1,
564,476,475,-1,
564,477,476,-1,
564,561,556,-1,
565,559,562,-1,
565,563,559,-1,
566,560,563,-1,
566,564,560,-1,
566,477,564,-1,
566,478,477,-1,
567,462,463,-1,
567,463,464,-1,
567,562,462,-1,
567,565,562,-1,
568,563,565,-1,
568,566,563,-1,
568,479,478,-1,
568,478,566,-1,
568,480,479,-1,
569,464,465,-1,
569,481,480,-1,
569,568,565,-1,
569,567,464,-1,
569,465,481,-1,
569,565,567,-1,
569,480,568,-1,
570,572,573,-1,
571,573,574,-1,
571,570,573,-1,
575,571,574,-1,
576,578,579,-1,
577,579,580,-1,
577,576,579,-1,
581,577,580,-1,
599,600,601,-1,
631,615,616,-1,
632,598,599,-1,
632,599,601,-1,
633,601,602,-1,
633,602,603,-1,
633,632,601,-1,
633,598,632,-1,
634,603,604,-1,
634,633,603,-1,
635,596,597,-1,
635,597,598,-1,
635,598,633,-1,
636,604,605,-1,
636,605,606,-1,
636,634,604,-1,
637,635,633,-1,
637,633,634,-1,
638,636,606,-1,
638,606,607,-1,
639,637,634,-1,
639,634,636,-1,
640,595,596,-1,
640,596,635,-1,
640,635,637,-1,
641,607,608,-1,
641,608,609,-1,
641,638,607,-1,
642,636,638,-1,
642,639,636,-1,
643,637,639,-1,
643,640,637,-1,
644,593,594,-1,
644,594,595,-1,
644,595,640,-1,
645,609,610,-1,
645,641,609,-1,
646,638,641,-1,
646,642,638,-1,
647,639,642,-1,
647,643,639,-1,
648,644,640,-1,
648,593,644,-1,
648,640,643,-1,
649,610,611,-1,
649,611,612,-1,
649,645,610,-1,
650,646,641,-1,
650,641,645,-1,
651,647,642,-1,
651,642,646,-1,
652,643,647,-1,
652,648,643,-1,
653,592,593,-1,
653,593,648,-1,
654,612,613,-1,
654,649,612,-1,
655,650,645,-1,
655,645,649,-1,
656,651,646,-1,
656,646,650,-1,
657,647,651,-1,
657,652,647,-1,
658,648,652,-1,
658,653,648,-1,
658,592,653,-1,
659,654,613,-1,
659,613,614,-1,
659,614,615,-1,
660,649,654,-1,
660,655,649,-1,
661,650,655,-1,
661,656,650,-1,
662,651,656,-1,
662,657,651,-1,
663,652,657,-1,
663,658,652,-1,
664,590,591,-1,
664,591,592,-1,
664,592,658,-1,
665,615,631,-1,
665,631,630,-1,
665,659,615,-1,
666,654,659,-1,
666,660,654,-1,
667,655,660,-1,
667,661,655,-1,
668,656,661,-1,
668,662,656,-1,
669,657,662,-1,
669,663,657,-1,
670,590,664,-1,
670,658,663,-1,
670,664,658,-1,
671,629,628,-1,
671,630,629,-1,
671,666,659,-1,
671,665,630,-1,
671,659,665,-1,
672,667,660,-1,
672,660,666,-1,
673,661,667,-1,
673,668,661,-1,
674,662,668,-1,
674,669,662,-1,
675,663,669,-1,
675,670,663,-1,
676,588,589,-1,
676,589,590,-1,
676,590,670,-1,
677,666,671,-1,
677,672,666,-1,
678,667,672,-1,
678,673,667,-1,
679,674,668,-1,
679,668,673,-1,
680,669,674,-1,
680,675,669,-1,
681,676,670,-1,
681,670,675,-1,
682,677,671,-1,
682,628,627,-1,
682,671,628,-1,
683,672,677,-1,
683,678,672,-1,
684,673,678,-1,
684,679,673,-1,
685,680,674,-1,
685,674,679,-1,
686,681,675,-1,
686,675,680,-1,
687,587,588,-1,
687,588,676,-1,
687,676,681,-1,
688,677,682,-1,
688,626,625,-1,
688,627,626,-1,
688,682,627,-1,
688,683,677,-1,
689,678,683,-1,
689,684,678,-1,
690,685,679,-1,
690,679,684,-1,
691,680,685,-1,
691,686,680,-1,
692,587,687,-1,
692,681,686,-1,
692,687,681,-1,
693,689,683,-1,
693,683,688,-1,
694,690,684,-1,
694,684,689,-1,
695,691,685,-1,
695,685,690,-1,
696,686,691,-1,
696,692,686,-1,
697,625,624,-1,
697,688,625,-1,
697,693,688,-1,
698,689,693,-1,
698,694,689,-1,
699,695,690,-1,
699,690,694,-1,
700,691,695,-1,
700,696,691,-1,
701,585,586,-1,
701,586,587,-1,
701,587,692,-1,
701,692,696,-1,
702,624,623,-1,
702,698,693,-1,
702,697,624,-1,
702,693,697,-1,
703,694,698,-1,
703,699,694,-1,
704,700,695,-1,
704,695,699,-1,
705,701,696,-1,
705,585,701,-1,
705,696,700,-1,
706,698,702,-1,
706,703,698,-1,
707,704,699,-1,
707,699,703,-1,
708,705,700,-1,
708,700,704,-1,
709,706,702,-1,
709,622,621,-1,
709,623,622,-1,
709,702,623,-1,
710,703,706,-1,
710,707,703,-1,
711,708,704,-1,
711,704,707,-1,
712,585,705,-1,
712,584,585,-1,
712,705,708,-1,
713,706,709,-1,
713,710,706,-1,
713,709,621,-1,
713,621,620,-1,
714,707,710,-1,
714,711,707,-1,
715,708,711,-1,
715,583,584,-1,
715,712,708,-1,
715,584,712,-1,
716,710,713,-1,
716,714,710,-1,
717,583,715,-1,
717,711,714,-1,
717,715,711,-1,
718,619,618,-1,
718,620,619,-1,
718,713,620,-1,
718,716,713,-1,
719,582,583,-1,
719,583,717,-1,
719,714,716,-1,
719,717,714,-1,
720,718,618,-1,
720,617,582,-1,
720,618,617,-1,
720,582,719,-1,
720,716,718,-1,
720,719,716,-1,
724,725,726,-1,
723,726,721,-1,
723,724,726,-1,
722,723,721,-1,
747,727,728,-1,
747,746,727,-1,
748,728,729,-1,
748,747,728,-1,
749,729,730,-1,
749,748,729,-1,
750,730,731,-1,
750,749,730,-1,
751,731,732,-1,
751,750,731,-1,
752,732,733,-1,
752,751,732,-1,
753,733,734,-1,
753,752,733,-1,
754,734,735,-1,
754,753,734,-1,
755,735,736,-1,
755,754,735,-1,
756,736,737,-1,
756,755,736,-1,
757,756,737,-1,
758,737,738,-1,
758,757,737,-1,
759,738,739,-1,
759,758,738,-1,
760,739,740,-1,
760,759,739,-1,
761,740,741,-1,
761,760,740,-1,
762,761,741,-1,
762,741,742,-1,
763,762,742,-1,
763,742,743,-1,
745,763,743,-1,
745,743,744,-1,
803,765,764,-1,
803,764,766,-1,
802,766,783,-1,
802,803,766,-1,
801,783,782,-1,
801,802,783,-1,
800,782,781,-1,
800,801,782,-1,
799,781,780,-1,
799,800,781,-1,
798,780,779,-1,
798,799,780,-1,
797,779,778,-1,
797,798,779,-1,
796,778,777,-1,
796,797,778,-1,
795,777,776,-1,
795,796,777,-1,
794,776,775,-1,
794,795,776,-1,
793,775,774,-1,
793,794,775,-1,
792,774,773,-1,
792,793,774,-1,
791,773,772,-1,
791,792,773,-1,
790,772,771,-1,
790,791,772,-1,
789,790,771,-1,
789,771,770,-1,
788,789,770,-1,
788,770,769,-1,
787,769,768,-1,
787,788,769,-1,
786,768,767,-1,
786,787,768,-1,
785,786,767,-1,
785,767,784,-1,
804,805,807,-1,
806,804,807,-1,
847,809,808,-1,
847,808,810,-1,
846,810,827,-1,
846,847,810,-1,
845,827,826,-1,
845,846,827,-1,
844,826,825,-1,
844,845,826,-1,
843,825,824,-1,
843,844,825,-1,
842,824,823,-1,
842,843,824,-1,
841,823,822,-1,
841,842,823,-1,
840,822,821,-1,
840,841,822,-1,
839,821,820,-1,
839,840,821,-1,
838,820,819,-1,
838,839,820,-1,
837,819,818,-1,
837,838,819,-1,
836,818,817,-1,
836,837,818,-1,
835,817,816,-1,
835,836,817,-1,
834,816,815,-1,
834,835,816,-1,
833,834,815,-1,
833,815,814,-1,
832,833,814,-1,
832,814,813,-1,
831,813,812,-1,
831,832,813,-1,
830,812,811,-1,
830,831,812,-1,
829,830,811,-1,
829,811,828,-1,
868,848,849,-1,
868,867,848,-1,
869,849,850,-1,
869,868,849,-1,
870,850,851,-1,
870,869,850,-1,
871,851,852,-1,
871,870,851,-1,
872,852,853,-1,
872,871,852,-1,
873,853,854,-1,
873,872,853,-1,
874,854,855,-1,
874,873,854,-1,
875,855,856,-1,
875,874,855,-1,
876,856,857,-1,
876,875,856,-1,
877,857,858,-1,
877,876,857,-1,
878,877,858,-1,
879,858,859,-1,
879,878,858,-1,
880,859,860,-1,
880,879,859,-1,
881,860,861,-1,
881,880,860,-1,
882,861,862,-1,
882,881,861,-1,
883,882,862,-1,
883,862,863,-1,
884,883,863,-1,
884,863,864,-1,
866,884,864,-1,
866,864,865,-1,
901,902,903,-1,
901,903,921,-1,
900,921,920,-1,
900,901,921,-1,
899,920,919,-1,
899,900,920,-1,
898,919,918,-1,
898,899,919,-1,
897,918,917,-1,
897,898,918,-1,
896,917,916,-1,
896,897,917,-1,
895,915,914,-1,
895,916,915,-1,
895,896,916,-1,
894,914,913,-1,
894,895,914,-1,
893,913,912,-1,
893,894,913,-1,
892,912,911,-1,
892,893,912,-1,
891,911,910,-1,
891,892,911,-1,
890,910,909,-1,
890,891,910,-1,
889,909,908,-1,
889,890,909,-1,
888,908,907,-1,
888,889,908,-1,
887,888,907,-1,
887,907,906,-1,
886,887,906,-1,
886,906,905,-1,
885,886,905,-1,
885,905,904,-1,
922,923,924,-1,
923,925,924,-1,
965,927,926,-1,
965,926,928,-1,
964,928,945,-1,
964,965,928,-1,
963,944,943,-1,
963,945,944,-1,
963,964,945,-1,
962,943,942,-1,
962,963,943,-1,
961,942,941,-1,
961,962,942,-1,
960,941,940,-1,
960,961,941,-1,
959,940,939,-1,
959,960,940,-1,
958,939,938,-1,
958,959,939,-1,
957,938,937,-1,
957,958,938,-1,
956,937,936,-1,
956,957,937,-1,
955,936,935,-1,
955,956,936,-1,
954,935,934,-1,
954,955,935,-1,
953,934,933,-1,
953,954,934,-1,
952,933,932,-1,
952,953,933,-1,
951,952,932,-1,
951,932,931,-1,
950,931,930,-1,
950,951,931,-1,
949,930,929,-1,
949,950,930,-1,
948,949,929,-1,
947,929,946,-1,
947,948,929,-1,
968,966,967,-1,
969,968,967,-1,
971,970,972,-1,
1009,972,989,-1,
1009,971,972,-1,
1008,989,988,-1,
1008,1009,989,-1,
1007,988,987,-1,
1007,1008,988,-1,
1006,1007,987,-1,
1005,986,985,-1,
1005,987,986,-1,
1005,1006,987,-1,
1004,985,984,-1,
1004,1005,985,-1,
1003,984,983,-1,
1003,1004,984,-1,
1002,983,982,-1,
1002,1003,983,-1,
1001,982,981,-1,
1001,1002,982,-1,
1000,981,980,-1,
1000,1001,981,-1,
999,1000,980,-1,
998,979,978,-1,
998,980,979,-1,
998,999,980,-1,
997,998,978,-1,
996,978,977,-1,
996,997,978,-1,
995,996,977,-1,
995,977,976,-1,
994,995,976,-1,
994,976,975,-1,
993,975,974,-1,
993,994,975,-1,
992,974,973,-1,
992,993,974,-1,
991,992,973,-1,
991,973,990,-1,
1026,1027,1028,-1,
1026,1028,1046,-1,
1025,1046,1045,-1,
1025,1026,1046,-1,
1024,1045,1044,-1,
1024,1025,1045,-1,
1023,1044,1043,-1,
1023,1024,1044,-1,
1022,1043,1042,-1,
1022,1023,1043,-1,
1021,1042,1041,-1,
1021,1022,1042,-1,
1020,1040,1039,-1,
1020,1041,1040,-1,
1020,1021,1041,-1,
1019,1039,1038,-1,
1019,1020,1039,-1,
1018,1038,1037,-1,
1018,1019,1038,-1,
1017,1037,1036,-1,
1017,1018,1037,-1,
1016,1036,1035,-1,
1016,1017,1036,-1,
1015,1035,1034,-1,
1015,1016,1035,-1,
1014,1034,1033,-1,
1014,1015,1034,-1,
1013,1033,1032,-1,
1013,1014,1033,-1,
1012,1013,1032,-1,
1012,1032,1031,-1,
1011,1012,1031,-1,
1011,1031,1030,-1,
1010,1011,1030,-1,
1010,1030,1029,-1,
1047,1048,1050,-1,
1049,1047,1050,-1,
1054,1053,1051,-1,
1055,1054,1052,-1,
1056,1055,1052,-1,
1054,1051,1052,-1,
1075,1076,1093,-1,
1074,1093,1092,-1,
1074,1075,1093,-1,
1073,1092,1091,-1,
1073,1074,1092,-1,
1072,1091,1090,-1,
1072,1073,1091,-1,
1071,1090,1089,-1,
1071,1072,1090,-1,
1070,1089,1088,-1,
1070,1071,1089,-1,
1069,1088,1087,-1,
1069,1070,1088,-1,
1068,1069,1087,-1,
1067,1087,1086,-1,
1067,1068,1087,-1,
1066,1086,1085,-1,
1066,1067,1086,-1,
1065,1085,1084,-1,
1065,1066,1085,-1,
1064,1084,1083,-1,
1064,1065,1084,-1,
1063,1083,1082,-1,
1063,1064,1083,-1,
1062,1082,1081,-1,
1062,1063,1082,-1,
1061,1081,1080,-1,
1061,1062,1081,-1,
1060,1061,1080,-1,
1060,1080,1079,-1,
1059,1060,1079,-1,
1059,1079,1078,-1,
1058,1059,1078,-1,
1058,1078,1077,-1,
1057,1058,1077,-1,
1099,1098,1097,-1,
1094,1095,1096,-1,
1095,1099,1096,-1,
1099,1097,1096,-1,
1118,1119,1136,-1,
1117,1136,1135,-1,
1117,1118,1136,-1,
1116,1135,1134,-1,
1116,1117,1135,-1,
1115,1134,1133,-1,
1115,1116,1134,-1,
1114,1133,1132,-1,
1114,1115,1133,-1,
1113,1132,1131,-1,
1113,1114,1132,-1,
1112,1131,1130,-1,
1112,1113,1131,-1,
1111,1112,1130,-1,
1110,1130,1129,-1,
1110,1111,1130,-1,
1109,1129,1128,-1,
1109,1110,1129,-1,
1108,1128,1127,-1,
1108,1109,1128,-1,
1107,1127,1126,-1,
1107,1108,1127,-1,
1106,1126,1125,-1,
1106,1107,1126,-1,
1105,1125,1124,-1,
1105,1106,1125,-1,
1104,1124,1123,-1,
1104,1105,1124,-1,
1103,1104,1123,-1,
1103,1123,1122,-1,
1102,1103,1122,-1,
1102,1122,1121,-1,
1101,1102,1121,-1,
1101,1121,1120,-1,
1100,1101,1120,-1,
1142,1141,1140,-1,
1137,1138,1139,-1,
1138,1142,1139,-1,
1142,1140,1139,-1,
1148,1147,1146,-1,
1143,1144,1145,-1,
1144,1148,1145,-1,
1148,1146,1145,-1,
1169,1149,1150,-1,
1170,1150,1151,-1,
1170,1169,1150,-1,
1171,1151,1152,-1,
1171,1170,1151,-1,
1172,1152,1153,-1,
1172,1171,1152,-1,
1173,1153,1154,-1,
1173,1172,1153,-1,
1174,1154,1155,-1,
1174,1173,1154,-1,
1175,1155,1156,-1,
1175,1174,1155,-1,
1176,1156,1157,-1,
1176,1175,1156,-1,
1177,1157,1158,-1,
1177,1176,1157,-1,
1178,1158,1159,-1,
1178,1177,1158,-1,
1179,1159,1160,-1,
1179,1160,1161,-1,
1179,1178,1159,-1,
1180,1161,1162,-1,
1180,1179,1161,-1,
1181,1162,1163,-1,
1181,1180,1162,-1,
1182,1163,1164,-1,
1182,1181,1163,-1,
1183,1164,1165,-1,
1183,1182,1164,-1,
1184,1183,1165,-1,
1184,1165,1166,-1,
1185,1184,1166,-1,
1185,1166,1167,-1,
1168,1185,1167,-1,
1206,1186,1187,-1,
1207,1187,1188,-1,
1207,1206,1187,-1,
1208,1188,1189,-1,
1208,1207,1188,-1,
1209,1189,1190,-1,
1209,1208,1189,-1,
1210,1190,1191,-1,
1210,1209,1190,-1,
1211,1191,1192,-1,
1211,1210,1191,-1,
1212,1192,1193,-1,
1212,1211,1192,-1,
1213,1193,1194,-1,
1213,1212,1193,-1,
1214,1194,1195,-1,
1214,1213,1194,-1,
1215,1195,1196,-1,
1215,1214,1195,-1,
1216,1196,1197,-1,
1216,1197,1198,-1,
1216,1215,1196,-1,
1217,1198,1199,-1,
1217,1216,1198,-1,
1218,1199,1200,-1,
1218,1217,1199,-1,
1219,1200,1201,-1,
1219,1218,1200,-1,
1220,1201,1202,-1,
1220,1219,1201,-1,
1221,1220,1202,-1,
1221,1202,1203,-1,
1222,1221,1203,-1,
1222,1203,1204,-1,
1205,1222,1204,-1,
1241,1239,1238,-1,
1242,1238,1237,-1,
1242,1241,1238,-1,
1243,1237,1236,-1,
1243,1242,1237,-1,
1244,1236,1235,-1,
1244,1243,1236,-1,
1245,1235,1234,-1,
1245,1244,1235,-1,
1246,1234,1233,-1,
1246,1245,1234,-1,
1247,1233,1232,-1,
1247,1246,1233,-1,
1248,1232,1231,-1,
1248,1247,1232,-1,
1249,1231,1230,-1,
1249,1248,1231,-1,
1250,1230,1229,-1,
1250,1249,1230,-1,
1251,1229,1228,-1,
1251,1250,1229,-1,
1252,1228,1227,-1,
1252,1251,1228,-1,
1253,1227,1226,-1,
1253,1252,1227,-1,
1254,1226,1225,-1,
1254,1253,1226,-1,
1255,1225,1224,-1,
1255,1254,1225,-1,
1256,1224,1223,-1,
1256,1255,1224,-1,
1240,1256,1223,-1,
1292,1275,1274,-1,
1291,1306,1290,-1,
1307,1261,1260,-1,
1307,1262,1261,-1,
1308,1259,1258,-1,
1309,1307,1260,-1,
1310,1263,1262,-1,
1310,1262,1307,-1,
1311,1308,1258,-1,
1312,1260,1259,-1,
1312,1259,1308,-1,
1312,1309,1260,-1,
1313,1310,1307,-1,
1313,1307,1309,-1,
1314,1264,1263,-1,
1314,1265,1264,-1,
1314,1263,1310,-1,
1315,1266,1265,-1,
1315,1267,1266,-1,
1316,1311,1258,-1,
1317,1308,1311,-1,
1317,1312,1308,-1,
1318,1309,1312,-1,
1318,1313,1309,-1,
1319,1314,1310,-1,
1319,1310,1313,-1,
1320,1315,1265,-1,
1320,1267,1315,-1,
1320,1265,1314,-1,
1321,1258,1257,-1,
1321,1316,1258,-1,
1322,1311,1316,-1,
1322,1317,1311,-1,
1323,1318,1312,-1,
1323,1312,1317,-1,
1324,1313,1318,-1,
1324,1319,1313,-1,
1325,1320,1314,-1,
1325,1314,1319,-1,
1326,1268,1267,-1,
1326,1267,1320,-1,
1327,1257,1276,-1,
1327,1276,1277,-1,
1327,1321,1257,-1,
1328,1322,1316,-1,
1328,1316,1321,-1,
1329,1323,1317,-1,
1329,1317,1322,-1,
1330,1324,1318,-1,
1330,1318,1323,-1,
1331,1325,1319,-1,
1331,1319,1324,-1,
1332,1326,1320,-1,
1332,1320,1325,-1,
1333,1269,1268,-1,
1333,1270,1269,-1,
1333,1268,1326,-1,
1334,1328,1321,-1,
1334,1277,1278,-1,
1334,1278,1279,-1,
1334,1321,1327,-1,
1334,1327,1277,-1,
1335,1322,1328,-1,
1335,1329,1322,-1,
1336,1330,1323,-1,
1336,1323,1329,-1,
1337,1324,1330,-1,
1337,1331,1324,-1,
1338,1325,1331,-1,
1338,1332,1325,-1,
1339,1326,1332,-1,
1339,1333,1326,-1,
1340,1271,1270,-1,
1341,1328,1334,-1,
1341,1335,1328,-1,
1342,1329,1335,-1,
1342,1336,1329,-1,
1343,1337,1330,-1,
1343,1330,1336,-1,
1344,1331,1337,-1,
1344,1338,1331,-1,
1345,1332,1338,-1,
1345,1339,1332,-1,
1346,1270,1333,-1,
1346,1333,1339,-1,
1346,1340,1270,-1,
1347,1272,1271,-1,
1347,1273,1272,-1,
1348,1341,1334,-1,
1348,1279,1280,-1,
1348,1334,1279,-1,
1349,1335,1341,-1,
1349,1342,1335,-1,
1350,1336,1342,-1,
1350,1343,1336,-1,
1351,1337,1343,-1,
1351,1344,1337,-1,
1352,1345,1338,-1,
1352,1338,1344,-1,
1353,1339,1345,-1,
1353,1346,1339,-1,
1354,1340,1346,-1,
1354,1273,1347,-1,
1354,1347,1271,-1,
1354,1271,1340,-1,
1355,1341,1348,-1,
1355,1348,1280,-1,
1355,1349,1341,-1,
1355,1280,1281,-1,
1355,1281,1282,-1,
1356,1350,1342,-1,
1356,1342,1349,-1,
1357,1343,1350,-1,
1357,1351,1343,-1,
1358,1344,1351,-1,
1358,1352,1344,-1,
1359,1353,1345,-1,
1359,1345,1352,-1,
1360,1346,1353,-1,
1360,1354,1346,-1,
1361,1292,1274,-1,
1361,1273,1354,-1,
1361,1274,1273,-1,
1361,1293,1292,-1,
1362,1356,1349,-1,
1362,1349,1355,-1,
1363,1357,1350,-1,
1363,1350,1356,-1,
1364,1351,1357,-1,
1364,1358,1351,-1,
1365,1359,1352,-1,
1365,1352,1358,-1,
1366,1353,1359,-1,
1366,1360,1353,-1,
1367,1361,1354,-1,
1367,1294,1293,-1,
1367,1295,1294,-1,
1367,1354,1360,-1,
1367,1293,1361,-1,
1368,1282,1283,-1,
1368,1355,1282,-1,
1368,1362,1355,-1,
1369,1356,1362,-1,
1369,1363,1356,-1,
1370,1357,1363,-1,
1370,1364,1357,-1,
1371,1358,1364,-1,
1371,1365,1358,-1,
1372,1359,1365,-1,
1372,1366,1359,-1,
1373,1296,1295,-1,
1373,1360,1366,-1,
1373,1295,1367,-1,
1373,1367,1360,-1,
1374,1283,1284,-1,
1374,1368,1283,-1,
1374,1362,1368,-1,
1374,1369,1362,-1,
1375,1363,1369,-1,
1375,1370,1363,-1,
1376,1364,1370,-1,
1376,1371,1364,-1,
1377,1372,1365,-1,
1377,1365,1371,-1,
1378,1297,1296,-1,
1378,1298,1297,-1,
1378,1366,1372,-1,
1378,1296,1373,-1,
1378,1373,1366,-1,
1379,1375,1369,-1,
1379,1369,1374,-1,
1380,1370,1375,-1,
1380,1376,1370,-1,
1381,1371,1376,-1,
1381,1377,1371,-1,
1382,1372,1377,-1,
1382,1299,1298,-1,
1382,1378,1372,-1,
1382,1298,1378,-1,
1383,1379,1374,-1,
1383,1284,1285,-1,
1383,1285,1286,-1,
1383,1374,1284,-1,
1384,1375,1379,-1,
1384,1380,1375,-1,
1385,1376,1380,-1,
1385,1381,1376,-1,
1386,1377,1381,-1,
1386,1300,1299,-1,
1386,1299,1382,-1,
1386,1382,1377,-1,
1387,1286,1287,-1,
1387,1379,1383,-1,
1387,1384,1379,-1,
1387,1383,1286,-1,
1388,1380,1384,-1,
1388,1385,1380,-1,
1389,1300,1386,-1,
1389,1381,1385,-1,
1389,1386,1381,-1,
1389,1301,1300,-1,
1389,1302,1301,-1,
1390,1388,1384,-1,
1390,1384,1387,-1,
1391,1389,1385,-1,
1391,1302,1389,-1,
1391,1385,1388,-1,
1391,1303,1302,-1,
1392,1287,1288,-1,
1392,1288,1289,-1,
1392,1387,1287,-1,
1392,1390,1387,-1,
1393,1388,1390,-1,
1393,1391,1388,-1,
1393,1304,1303,-1,
1393,1303,1391,-1,
1393,1305,1304,-1,
1394,1289,1290,-1,
1394,1306,1305,-1,
1394,1393,1390,-1,
1394,1392,1289,-1,
1394,1290,1306,-1,
1394,1390,1392,-1,
1394,1305,1393,-1,
1410,1411,1412,-1,
1410,1412,1428,-1,
1409,1428,1427,-1,
1409,1410,1428,-1,
1408,1427,1426,-1,
1408,1409,1427,-1,
1407,1426,1425,-1,
1407,1408,1426,-1,
1406,1425,1424,-1,
1406,1407,1425,-1,
1405,1424,1423,-1,
1405,1406,1424,-1,
1404,1423,1422,-1,
1404,1405,1423,-1,
1403,1421,1420,-1,
1403,1422,1421,-1,
1403,1404,1422,-1,
1402,1420,1419,-1,
1402,1403,1420,-1,
1401,1419,1418,-1,
1401,1402,1419,-1,
1400,1418,1417,-1,
1400,1401,1418,-1,
1399,1400,1417,-1,
1398,1416,1415,-1,
1398,1417,1416,-1,
1398,1399,1417,-1,
1397,1398,1415,-1,
1396,1415,1414,-1,
1396,1397,1415,-1,
1395,1414,1413,-1,
1395,1396,1414,-1,
1462,1429,1430,-1,
1446,1444,1445,-1,
1479,1463,1462,-1,
1479,1462,1430,-1,
1480,1430,1431,-1,
1480,1431,1432,-1,
1480,1479,1430,-1,
1480,1463,1479,-1,
1481,1432,1433,-1,
1481,1480,1432,-1,
1482,1463,1480,-1,
1482,1464,1463,-1,
1482,1465,1464,-1,
1483,1433,1434,-1,
1483,1434,1435,-1,
1483,1481,1433,-1,
1484,1480,1481,-1,
1484,1482,1480,-1,
1485,1483,1435,-1,
1485,1435,1436,-1,
1486,1481,1483,-1,
1486,1484,1481,-1,
1487,1466,1465,-1,
1487,1482,1484,-1,
1487,1465,1482,-1,
1488,1436,1437,-1,
1488,1437,1438,-1,
1488,1485,1436,-1,
1489,1483,1485,-1,
1489,1486,1483,-1,
1490,1487,1484,-1,
1490,1484,1486,-1,
1491,1466,1487,-1,
1491,1467,1466,-1,
1491,1468,1467,-1,
1492,1438,1439,-1,
1492,1488,1438,-1,
1493,1485,1488,-1,
1493,1489,1485,-1,
1494,1486,1489,-1,
1494,1490,1486,-1,
1495,1491,1487,-1,
1495,1468,1491,-1,
1495,1487,1490,-1,
1496,1439,1440,-1,
1496,1440,1441,-1,
1496,1492,1439,-1,
1497,1493,1488,-1,
1497,1488,1492,-1,
1498,1489,1493,-1,
1498,1494,1489,-1,
1499,1490,1494,-1,
1499,1495,1490,-1,
1500,1469,1468,-1,
1500,1468,1495,-1,
1501,1441,1442,-1,
1501,1496,1441,-1,
1502,1497,1492,-1,
1502,1492,1496,-1,
1503,1493,1497,-1,
1503,1498,1493,-1,
1504,1499,1494,-1,
1504,1494,1498,-1,
1505,1469,1500,-1,
1505,1495,1499,-1,
1505,1500,1495,-1,
1506,1501,1442,-1,
1506,1442,1443,-1,
1506,1443,1444,-1,
1507,1502,1496,-1,
1507,1496,1501,-1,
1508,1497,1502,-1,
1508,1503,1497,-1,
1509,1498,1503,-1,
1509,1504,1498,-1,
1510,1499,1504,-1,
1510,1505,1499,-1,
1511,1470,1469,-1,
1511,1471,1470,-1,
1511,1469,1505,-1,
1512,1446,1447,-1,
1512,1444,1446,-1,
1512,1506,1444,-1,
1513,1507,1501,-1,
1513,1501,1506,-1,
1514,1502,1507,-1,
1514,1508,1502,-1,
1515,1503,1508,-1,
1515,1509,1503,-1,
1516,1510,1504,-1,
1516,1504,1509,-1,
1517,1471,1511,-1,
1517,1505,1510,-1,
1517,1511,1505,-1,
1518,1447,1448,-1,
1518,1448,1449,-1,
1518,1512,1447,-1,
1518,1506,1512,-1,
1518,1513,1506,-1,
1519,1514,1507,-1,
1519,1507,1513,-1,
1520,1515,1508,-1,
1520,1508,1514,-1,
1521,1516,1509,-1,
1521,1509,1515,-1,
1522,1510,1516,-1,
1522,1517,1510,-1,
1523,1472,1471,-1,
1523,1473,1472,-1,
1523,1471,1517,-1,
1524,1519,1513,-1,
1524,1513,1518,-1,
1525,1514,1519,-1,
1525,1520,1514,-1,
1526,1515,1520,-1,
1526,1521,1515,-1,
1527,1516,1521,-1,
1527,1522,1516,-1,
1528,1517,1522,-1,
1528,1523,1517,-1,
1529,1449,1450,-1,
1529,1518,1449,-1,
1529,1524,1518,-1,
1530,1525,1519,-1,
1530,1519,1524,-1,
1531,1526,1520,-1,
1531,1520,1525,-1,
1532,1527,1521,-1,
1532,1521,1526,-1,
1533,1522,1527,-1,
1533,1528,1522,-1,
1534,1523,1528,-1,
1534,1473,1523,-1,
1534,1474,1473,-1,
1535,1450,1451,-1,
1535,1451,1452,-1,
1535,1530,1524,-1,
1535,1529,1450,-1,
1535,1524,1529,-1,
1536,1525,1530,-1,
1536,1531,1525,-1,
1537,1532,1526,-1,
1537,1526,1531,-1,
1538,1527,1532,-1,
1538,1533,1527,-1,
1539,1534,1528,-1,
1539,1528,1533,-1,
1539,1474,1534,-1,
1540,1536,1530,-1,
1540,1530,1535,-1,
1541,1531,1536,-1,
1541,1537,1531,-1,
1542,1538,1532,-1,
1542,1532,1537,-1,
1543,1533,1538,-1,
1543,1539,1533,-1,
1544,1452,1453,-1,
1544,1535,1452,-1,
1544,1540,1535,-1,
1545,1536,1540,-1,
1545,1541,1536,-1,
1546,1537,1541,-1,
1546,1542,1537,-1,
1547,1538,1542,-1,
1547,1543,1538,-1,
1548,1475,1474,-1,
1548,1476,1475,-1,
1548,1474,1539,-1,
1548,1539,1543,-1,
1549,1453,1454,-1,
1549,1544,1453,-1,
1549,1540,1544,-1,
1549,1545,1540,-1,
1550,1546,1541,-1,
1550,1541,1545,-1,
1551,1547,1542,-1,
1551,1542,1546,-1,
1552,1543,1547,-1,
1552,1476,1548,-1,
1552,1548,1543,-1,
1553,1545,1549,-1,
1553,1550,1545,-1,
1554,1551,1546,-1,
1554,1546,1550,-1,
1555,1547,1551,-1,
1555,1552,1547,-1,
1556,1454,1455,-1,
1556,1455,1456,-1,
1556,1549,1454,-1,
1556,1553,1549,-1,
1557,1554,1550,-1,
1557,1550,1553,-1,
1558,1551,1554,-1,
1558,1555,1551,-1,
1559,1552,1555,-1,
1559,1477,1476,-1,
1559,1476,1552,-1,
1560,1556,1456,-1,
1560,1456,1457,-1,
1560,1553,1556,-1,
1560,1557,1553,-1,
1561,1554,1557,-1,
1561,1558,1554,-1,
1562,1555,1558,-1,
1562,1559,1555,-1,
1562,1477,1559,-1,
1562,1478,1477,-1,
1563,1561,1557,-1,
1563,1557,1560,-1,
1564,1562,1558,-1,
1564,1558,1561,-1,
1564,1478,1562,-1,
1565,1560,1457,-1,
1565,1457,1458,-1,
1565,1458,1459,-1,
1565,1563,1560,-1,
1566,1561,1563,-1,
1566,1461,1478,-1,
1566,1564,1561,-1,
1566,1478,1564,-1,
1567,1461,1566,-1,
1567,1459,1460,-1,
1567,1460,1461,-1,
1567,1566,1563,-1,
1567,1565,1459,-1,
1567,1563,1565,-1,
1569,1568,1585,-1,
1569,1585,1601,-1,
1570,1601,1600,-1,
1570,1569,1601,-1,
1571,1599,1598,-1,
1571,1600,1599,-1,
1571,1570,1600,-1,
1572,1598,1597,-1,
1572,1571,1598,-1,
1573,1597,1596,-1,
1573,1572,1597,-1,
1574,1596,1595,-1,
1574,1573,1596,-1,
1575,1595,1594,-1,
1575,1574,1595,-1,
1576,1594,1593,-1,
1576,1575,1594,-1,
1577,1593,1592,-1,
1577,1576,1593,-1,
1578,1592,1591,-1,
1578,1577,1592,-1,
1579,1591,1590,-1,
1579,1578,1591,-1,
1580,1590,1589,-1,
1580,1579,1590,-1,
1581,1589,1588,-1,
1581,1580,1589,-1,
1582,1588,1587,-1,
1582,1581,1588,-1,
1583,1587,1586,-1,
1583,1582,1587,-1,
1584,1583,1586,-1,
1620,1602,1603,-1,
1621,1620,1603,-1,
1622,1603,1604,-1,
1622,1621,1603,-1,
1623,1604,1605,-1,
1623,1622,1604,-1,
1624,1605,1606,-1,
1624,1623,1605,-1,
1625,1606,1607,-1,
1625,1607,1608,-1,
1625,1624,1606,-1,
1626,1625,1608,-1,
1627,1608,1609,-1,
1627,1626,1608,-1,
1628,1609,1610,-1,
1628,1610,1611,-1,
1628,1627,1609,-1,
1629,1628,1611,-1,
1630,1611,1612,-1,
1630,1629,1611,-1,
1631,1612,1613,-1,
1631,1630,1612,-1,
1632,1613,1614,-1,
1632,1631,1613,-1,
1633,1614,1615,-1,
1633,1632,1614,-1,
1634,1615,1616,-1,
1634,1616,1617,-1,
1634,1633,1615,-1,
1635,1634,1617,-1,
1619,1617,1618,-1,
1619,1635,1617,-1,
1637,1636,1653,-1,
1652,1651,1669,-1,
1686,1666,1667,-1,
1686,1667,1668,-1,
1687,1686,1668,-1,
1687,1668,1685,-1,
1688,1687,1685,-1,
1689,1666,1686,-1,
1689,1686,1687,-1,
1689,1664,1665,-1,
1689,1665,1666,-1,
1690,1688,1685,-1,
1691,1689,1687,-1,
1691,1687,1688,-1,
1692,1663,1664,-1,
1692,1664,1689,-1,
1693,1685,1684,-1,
1693,1690,1685,-1,
1694,1688,1690,-1,
1694,1691,1688,-1,
1695,1689,1691,-1,
1695,1692,1689,-1,
1696,1684,1683,-1,
1696,1693,1684,-1,
1697,1690,1693,-1,
1697,1694,1690,-1,
1698,1691,1694,-1,
1698,1695,1691,-1,
1699,1661,1662,-1,
1699,1662,1663,-1,
1699,1663,1692,-1,
1699,1692,1695,-1,
1700,1697,1693,-1,
1700,1693,1696,-1,
1701,1694,1697,-1,
1701,1698,1694,-1,
1702,1699,1695,-1,
1702,1695,1698,-1,
1703,1660,1661,-1,
1703,1661,1699,-1,
1704,1700,1696,-1,
1704,1696,1683,-1,
1705,1697,1700,-1,
1705,1701,1697,-1,
1706,1698,1701,-1,
1706,1702,1698,-1,
1707,1703,1699,-1,
1707,1699,1702,-1,
1708,1704,1683,-1,
1708,1682,1681,-1,
1708,1683,1682,-1,
1709,1705,1700,-1,
1709,1700,1704,-1,
1710,1706,1701,-1,
1710,1701,1705,-1,
1711,1702,1706,-1,
1711,1707,1702,-1,
1712,1659,1660,-1,
1712,1703,1707,-1,
1712,1660,1703,-1,
1713,1709,1704,-1,
1713,1704,1708,-1,
1714,1705,1709,-1,
1714,1710,1705,-1,
1715,1711,1706,-1,
1715,1706,1710,-1,
1716,1707,1711,-1,
1716,1712,1707,-1,
1717,1657,1658,-1,
1717,1658,1659,-1,
1717,1659,1712,-1,
1718,1681,1680,-1,
1718,1708,1681,-1,
1718,1713,1708,-1,
1719,1714,1709,-1,
1719,1709,1713,-1,
1720,1710,1714,-1,
1720,1715,1710,-1,
1721,1711,1715,-1,
1721,1716,1711,-1,
1722,1712,1716,-1,
1722,1717,1712,-1,
1723,1713,1718,-1,
1723,1719,1713,-1,
1724,1720,1714,-1,
1724,1714,1719,-1,
1725,1721,1715,-1,
1725,1715,1720,-1,
1726,1716,1721,-1,
1726,1722,1716,-1,
1727,1717,1722,-1,
1727,1656,1657,-1,
1727,1657,1717,-1,
1728,1723,1718,-1,
1728,1679,1678,-1,
1728,1680,1679,-1,
1728,1718,1680,-1,
1729,1719,1723,-1,
1729,1724,1719,-1,
1730,1725,1720,-1,
1730,1720,1724,-1,
1731,1721,1725,-1,
1731,1726,1721,-1,
1732,1722,1726,-1,
1732,1727,1722,-1,
1733,1654,1655,-1,
1733,1656,1727,-1,
1733,1655,1656,-1,
1734,1723,1728,-1,
1734,1729,1723,-1,
1735,1730,1724,-1,
1735,1724,1729,-1,
1736,1725,1730,-1,
1736,1731,1725,-1,
1737,1726,1731,-1,
1737,1732,1726,-1,
1738,1727,1732,-1,
1738,1733,1727,-1,
1739,1728,1678,-1,
1739,1734,1728,-1,
1740,1735,1729,-1,
1740,1729,1734,-1,
1741,1736,1730,-1,
1741,1730,1735,-1,
1742,1737,1731,-1,
1742,1731,1736,-1,
1743,1732,1737,-1,
1743,1738,1732,-1,
1744,1638,1637,-1,
1744,1653,1654,-1,
1744,1654,1733,-1,
1744,1733,1738,-1,
1744,1637,1653,-1,
1745,1677,1676,-1,
1745,1739,1678,-1,
1745,1678,1677,-1,
1745,1676,1739,-1,
1746,1734,1739,-1,
1746,1740,1734,-1,
1747,1735,1740,-1,
1747,1741,1735,-1,
1748,1736,1741,-1,
1748,1742,1736,-1,
1749,1737,1742,-1,
1749,1743,1737,-1,
1750,1639,1638,-1,
1750,1640,1639,-1,
1750,1638,1744,-1,
1750,1738,1743,-1,
1750,1744,1738,-1,
1751,1676,1675,-1,
1751,1739,1676,-1,
1751,1746,1739,-1,
1752,1747,1740,-1,
1752,1740,1746,-1,
1753,1748,1741,-1,
1753,1741,1747,-1,
1754,1742,1748,-1,
1754,1749,1742,-1,
1755,1641,1640,-1,
1755,1640,1750,-1,
1755,1743,1749,-1,
1755,1750,1743,-1,
1756,1746,1751,-1,
1756,1752,1746,-1,
1757,1747,1752,-1,
1757,1753,1747,-1,
1758,1748,1753,-1,
1758,1754,1748,-1,
1759,1749,1754,-1,
1759,1642,1641,-1,
1759,1643,1642,-1,
1759,1641,1755,-1,
1759,1755,1749,-1,
1760,1756,1751,-1,
1760,1674,1673,-1,
1760,1675,1674,-1,
1760,1751,1675,-1,
1761,1752,1756,-1,
1761,1757,1752,-1,
1762,1753,1757,-1,
1762,1758,1753,-1,
1763,1644,1643,-1,
1763,1754,1758,-1,
1763,1643,1759,-1,
1763,1759,1754,-1,
1764,1760,1673,-1,
1764,1756,1760,-1,
1764,1761,1756,-1,
1765,1762,1757,-1,
1765,1757,1761,-1,
1766,1645,1644,-1,
1766,1644,1763,-1,
1766,1758,1762,-1,
1766,1763,1758,-1,
1767,1764,1673,-1,
1767,1673,1672,-1,
1768,1761,1764,-1,
1768,1765,1761,-1,
1769,1646,1645,-1,
1769,1647,1646,-1,
1769,1645,1766,-1,
1769,1762,1765,-1,
1769,1766,1762,-1,
1770,1764,1767,-1,
1770,1767,1672,-1,
1770,1768,1764,-1,
1771,1648,1647,-1,
1771,1647,1769,-1,
1771,1765,1768,-1,
1771,1769,1765,-1,
1772,1670,1770,-1,
1772,1671,1670,-1,
1772,1672,1671,-1,
1772,1770,1672,-1,
1773,1649,1648,-1,
1773,1650,1649,-1,
1773,1768,1770,-1,
1773,1648,1771,-1,
1773,1771,1768,-1,
1774,1651,1650,-1,
1774,1770,1670,-1,
1774,1650,1773,-1,
1774,1773,1770,-1,
1774,1670,1669,-1,
1774,1669,1651,-1,
1790,1791,1792,-1,
1824,1806,1807,-1,
1825,1789,1790,-1,
1825,1790,1792,-1,
1826,1825,1792,-1,
1826,1792,1793,-1,
1826,1793,1794,-1,
1827,1794,1795,-1,
1827,1826,1794,-1,
1828,1787,1788,-1,
1828,1788,1789,-1,
1828,1789,1825,-1,
1828,1825,1826,-1,
1829,1827,1795,-1,
1829,1795,1796,-1,
1829,1796,1797,-1,
1830,1828,1826,-1,
1830,1826,1827,-1,
1831,1786,1787,-1,
1831,1787,1828,-1,
1832,1797,1798,-1,
1832,1829,1797,-1,
1833,1827,1829,-1,
1833,1830,1827,-1,
1834,1828,1830,-1,
1834,1831,1828,-1,
1835,1798,1799,-1,
1835,1799,1800,-1,
1835,1832,1798,-1,
1836,1833,1829,-1,
1836,1829,1832,-1,
1837,1834,1830,-1,
1837,1830,1833,-1,
1838,1784,1785,-1,
1838,1785,1786,-1,
1838,1786,1831,-1,
1838,1831,1834,-1,
1839,1800,1801,-1,
1839,1835,1800,-1,
1840,1836,1832,-1,
1840,1832,1835,-1,
1841,1837,1833,-1,
1841,1833,1836,-1,
1842,1834,1837,-1,
1842,1838,1834,-1,
1843,1783,1784,-1,
1843,1784,1838,-1,
1844,1801,1802,-1,
1844,1802,1803,-1,
1844,1839,1801,-1,
1845,1840,1835,-1,
1845,1835,1839,-1,
1846,1841,1836,-1,
1846,1836,1840,-1,
1847,1842,1837,-1,
1847,1837,1841,-1,
1848,1843,1838,-1,
1848,1838,1842,-1,
1849,1844,1803,-1,
1849,1803,1804,-1,
1850,1839,1844,-1,
1850,1845,1839,-1,
1851,1840,1845,-1,
1851,1846,1840,-1,
1852,1847,1841,-1,
1852,1841,1846,-1,
1853,1848,1842,-1,
1853,1842,1847,-1,
1854,1782,1783,-1,
1854,1783,1843,-1,
1854,1843,1848,-1,
1855,1849,1804,-1,
1855,1804,1805,-1,
1855,1805,1806,-1,
1856,1844,1849,-1,
1856,1850,1844,-1,
1857,1845,1850,-1,
1857,1851,1845,-1,
1858,1846,1851,-1,
1858,1852,1846,-1,
1859,1847,1852,-1,
1859,1853,1847,-1,
1860,1848,1853,-1,
1860,1854,1848,-1,
1861,1780,1781,-1,
1861,1781,1782,-1,
1861,1782,1854,-1,
1862,1806,1824,-1,
1862,1824,1823,-1,
1862,1855,1806,-1,
1862,1823,1855,-1,
1863,1849,1855,-1,
1863,1856,1849,-1,
1864,1850,1856,-1,
1864,1857,1850,-1,
1865,1851,1857,-1,
1865,1858,1851,-1,
1866,1852,1858,-1,
1866,1859,1852,-1,
1867,1853,1859,-1,
1867,1860,1853,-1,
1868,1854,1860,-1,
1868,1861,1854,-1,
1869,1863,1855,-1,
1869,1822,1821,-1,
1869,1823,1822,-1,
1869,1855,1823,-1,
1870,1856,1863,-1,
1870,1864,1856,-1,
1871,1857,1864,-1,
1871,1865,1857,-1,
1872,1866,1858,-1,
1872,1858,1865,-1,
1873,1859,1866,-1,
1873,1867,1859,-1,
1874,1868,1860,-1,
1874,1860,1867,-1,
1875,1779,1780,-1,
1875,1861,1868,-1,
1875,1780,1861,-1,
1876,1869,1821,-1,
1876,1821,1820,-1,
1876,1863,1869,-1,
1876,1870,1863,-1,
1877,1871,1864,-1,
1877,1864,1870,-1,
1878,1872,1865,-1,
1878,1865,1871,-1,
1879,1873,1866,-1,
1879,1866,1872,-1,
1880,1874,1867,-1,
1880,1867,1873,-1,
1881,1868,1874,-1,
1881,1875,1868,-1,
1882,1777,1778,-1,
1882,1778,1779,-1,
1882,1779,1875,-1,
1883,1877,1870,-1,
1883,1870,1876,-1,
1884,1878,1871,-1,
1884,1871,1877,-1,
1885,1879,1872,-1,
1885,1872,1878,-1,
1886,1873,1879,-1,
1886,1880,1873,-1,
1887,1874,1880,-1,
1887,1881,1874,-1,
1888,1875,1881,-1,
1888,1882,1875,-1,
1889,1819,1818,-1,
1889,1820,1819,-1,
1889,1818,1883,-1,
1889,1883,1876,-1,
1889,1876,1820,-1,
1890,1877,1883,-1,
1890,1884,1877,-1,
1891,1885,1878,-1,
1891,1878,1884,-1,
1892,1886,1879,-1,
1892,1879,1885,-1,
1893,1887,1880,-1,
1893,1880,1886,-1,
1894,1881,1887,-1,
1894,1888,1881,-1,
1895,1775,1776,-1,
1895,1776,1777,-1,
1895,1882,1888,-1,
1895,1777,1882,-1,
1896,1818,1817,-1,
1896,1883,1818,-1,
1896,1817,1890,-1,
1896,1890,1883,-1,
1897,1884,1890,-1,
1897,1891,1884,-1,
1898,1885,1891,-1,
1898,1892,1885,-1,
1899,1893,1886,-1,
1899,1886,1892,-1,
1900,1887,1893,-1,
1900,1894,1887,-1,
1901,1888,1894,-1,
1901,1808,1775,-1,
1901,1895,1888,-1,
1901,1775,1895,-1,
1902,1897,1890,-1,
1902,1816,1815,-1,
1902,1817,1816,-1,
1902,1815,1897,-1,
1902,1890,1817,-1,
1903,1891,1897,-1,
1903,1898,1891,-1,
1904,1899,1892,-1,
1904,1892,1898,-1,
1905,1900,1893,-1,
1905,1893,1899,-1,
1906,1901,1894,-1,
1906,1894,1900,-1,
1906,1808,1901,-1,
1907,1814,1813,-1,
1907,1815,1814,-1,
1907,1897,1815,-1,
1907,1903,1897,-1,
1908,1904,1898,-1,
1908,1898,1903,-1,
1909,1905,1899,-1,
1909,1899,1904,-1,
1910,1809,1808,-1,
1910,1808,1906,-1,
1910,1906,1900,-1,
1910,1900,1905,-1,
1911,1908,1903,-1,
1911,1907,1813,-1,
1911,1813,1812,-1,
1911,1903,1907,-1,
1911,1812,1908,-1,
1912,1909,1904,-1,
1912,1810,1909,-1,
1912,1904,1908,-1,
1912,1811,1810,-1,
1912,1812,1811,-1,
1912,1908,1812,-1,
1913,1909,1810,-1,
1913,1810,1809,-1,
1913,1809,1910,-1,
1913,1905,1909,-1,
1913,1910,1905,-1,
2100,1916,2101,-1,
2097,2101,2010,-1,
2010,2101,2009,-1,
2097,2010,2011,-1,
2009,2101,2008,-1,
2097,2011,2012,-1,
2008,2101,2007,-1,
2097,2012,2013,-1,
2007,2101,2006,-1,
2097,2013,2014,-1,
2006,2101,2005,-1,
2097,2014,2015,-1,
2005,2101,2004,-1,
2097,2015,2016,-1,
2004,2101,2003,-1,
2097,2016,2017,-1,
2097,2017,2018,-1,
2003,2101,2002,-1,
2097,2018,2019,-1,
2096,2097,2019,-1,
2101,1916,2001,-1,
2002,2101,2001,-1,
1917,1916,2099,-1,
1916,2100,2099,-1,
2096,2019,2020,-1,
2096,2020,2021,-1,
2001,1916,2000,-1,
1937,1938,1940,-1,
1938,1939,1940,-1,
2096,2021,1979,-1,
2000,1916,2030,-1,
1936,1937,1941,-1,
1937,1940,1941,-1,
1933,1934,1942,-1,
1934,1935,1942,-1,
1935,1936,1942,-1,
1936,1941,1942,-1,
1931,1932,1943,-1,
1932,1933,1943,-1,
1933,1942,1943,-1,
1917,2099,2098,-1,
2096,1979,1980,-1,
2098,2096,1980,-1,
1929,1930,1944,-1,
1930,1931,1944,-1,
1931,1943,1944,-1,
1928,1929,1918,-1,
1929,1944,1918,-1,
2098,1980,1981,-1,
1927,1928,1919,-1,
1928,1918,1919,-1,
2098,1981,1982,-1,
1927,1919,1920,-1,
1926,1927,1920,-1,
2098,1982,1983,-1,
1926,1920,1921,-1,
1965,1926,1921,-1,
2098,1983,1984,-1,
1965,1921,1922,-1,
2098,1984,1985,-1,
2098,1985,1986,-1,
1959,1960,1958,-1,
2098,1986,1987,-1,
2022,2023,2094,-1,
2023,2024,2094,-1,
2024,2025,2094,-1,
2025,2026,2094,-1,
2026,2027,2094,-1,
2027,2028,2094,-1,
2028,2029,2094,-1,
2029,2030,2094,-1,
1925,2022,2094,-1,
2030,1916,2094,-1,
2098,1987,1988,-1,
1956,1957,1955,-1,
2098,1988,1989,-1,
2098,1989,1990,-1,
2098,1990,1991,-1,
2098,1991,1992,-1,
1951,1952,1950,-1,
2098,1992,1993,-1,
1952,1953,1949,-1,
1950,1952,1949,-1,
2098,1993,1994,-1,
2098,1994,1995,-1,
1948,1949,1947,-1,
1953,1954,1947,-1,
1954,1955,1947,-1,
1957,1958,1947,-1,
1958,1960,1947,-1,
1949,1953,1947,-1,
1955,1957,1947,-1,
2098,1995,1996,-1,
1960,1961,1946,-1,
1947,1960,1946,-1,
2098,1996,1997,-1,
1961,1962,1945,-1,
1962,1963,1945,-1,
1946,1961,1945,-1,
2098,1997,1998,-1,
1945,1963,1972,-1,
1963,1964,1972,-1,
1972,1964,1971,-1,
1964,1965,1971,-1,
2094,1916,2095,-1,
2098,1998,1999,-1,
1917,2098,1999,-1,
1971,1965,1970,-1,
1970,1965,1969,-1,
1917,1999,1974,-1,
1969,1965,1968,-1,
1965,1922,1968,-1,
1968,1922,1967,-1,
1922,1923,1967,-1,
1967,1923,1966,-1,
1923,1924,1966,-1,
1924,1925,1966,-1,
1917,1974,1975,-1,
2085,2095,2075,-1,
2085,2075,2087,-1,
2084,2085,2087,-1,
2086,2084,2087,-1,
1973,1966,2093,-1,
1975,1976,2093,-1,
1976,1977,2093,-1,
1977,1978,2093,-1,
1978,1973,2093,-1,
1917,1975,2093,-1,
2090,2089,2088,-1,
2090,2088,2091,-1,
1917,2093,2092,-1,
2040,2041,2078,-1,
2041,2042,2078,-1,
2042,2043,2078,-1,
2043,2044,2078,-1,
2044,2045,2078,-1,
2045,2046,2078,-1,
2046,2047,2078,-1,
2047,2048,2078,-1,
2048,2049,2078,-1,
2049,2050,2078,-1,
2050,2051,2078,-1,
2051,2052,2078,-1,
2040,2078,2039,-1,
2039,2078,2038,-1,
2038,2078,2037,-1,
2091,2088,2074,-1,
2092,2091,2074,-1,
2037,2078,2036,-1,
2079,2082,2081,-1,
2080,2079,2081,-1,
2055,2056,2076,-1,
2056,2057,2076,-1,
2057,2058,2076,-1,
2058,2059,2076,-1,
2059,2060,2076,-1,
2060,2061,2076,-1,
2061,2062,2076,-1,
2062,2063,2076,-1,
2063,2064,2076,-1,
2064,2065,2076,-1,
2065,2066,2076,-1,
2066,2067,2076,-1,
2067,2068,2076,-1,
2068,2069,2076,-1,
2069,2070,2076,-1,
2070,2071,2076,-1,
2071,2072,2076,-1,
2052,2053,1914,-1,
2075,2095,1914,-1,
2082,2079,1914,-1,
2095,1916,1914,-1,
2078,2052,1914,-1,
2053,2075,1914,-1,
2079,2078,1914,-1,
2083,2082,1914,-1,
1917,2092,1915,-1,
2055,2076,1915,-1,
2054,2055,1915,-1,
2092,2074,1915,-1,
2074,2054,1915,-1,
2076,2077,1915,-1,
2083,1914,1915,-1,
2077,2083,1915,-1,
2087,2075,2074,-1,
2088,2087,2074,-1,
2035,2078,2076,-1,
2036,2078,2035,-1,
2034,2035,2076,-1,
2033,2034,2076,-1,
2032,2033,2076,-1,
2031,2032,2076,-1,
2073,2031,2076,-1,
2072,2073,2076,-1,
1925,2094,2093,-1,
1966,1925,2093,-1,
2129,2130,2132,-1,
2130,2131,2132,-1,
2128,2129,2133,-1,
2129,2132,2133,-1,
2128,2133,2134,-1,
2134,2135,2136,-1,
2128,2134,2136,-1,
2127,2128,2137,-1,
2128,2136,2137,-1,
2126,2127,2138,-1,
2127,2137,2138,-1,
2143,2123,2144,-1,
2125,2126,2139,-1,
2126,2138,2139,-1,
2125,2139,2140,-1,
2124,2125,2141,-1,
2125,2140,2141,-1,
2123,2124,2142,-1,
2124,2141,2142,-1,
2123,2142,2122,-1,
2144,2123,2122,-1,
2142,2102,2121,-1,
2122,2142,2121,-1,
2121,2102,2120,-1,
2120,2102,2103,-1,
2120,2103,2119,-1,
2103,2104,2118,-1,
2119,2103,2118,-1,
2118,2104,2117,-1,
2104,2105,2116,-1,
2117,2104,2116,-1,
2116,2105,2115,-1,
2105,2106,2114,-1,
2115,2105,2114,-1,
2106,2107,2113,-1,
2114,2106,2113,-1,
2107,2108,2112,-1,
2108,2109,2112,-1,
2113,2107,2112,-1,
2109,2110,2111,-1,
2112,2109,2111,-1,
2145,2146,2151,-1,
2146,2154,2151,-1,
2149,2145,2152,-1,
2145,2151,2152,-1,
2148,2149,2153,-1,
2149,2152,2153,-1,
2148,2153,2147,-1,
2147,2153,2150,-1,
] } }
Shape { appearance Appearance { material Material { diffuseColor 1.000000 1.000000 1.000000 specularColor 0.15 0.15 0.15 shininess 0.4 } } geometry IndexedFaceSet { solid FALSE creaseAngle 0.6 coord Coordinate { point [
-0.0280602 -0.0453203 0.0393701,
-0.0367024 -0.0453203 0.0393701,
-0.0280602 -0.0453203 0.0433071,
-0.0367024 -0.0453203 0.0433071,
-0.0367024 -0.0453203 0.0393701,
-0.0376174 -0.0470168 0.0393701,
-0.0382458 -0.0483211 0.0393701,
-0.0393625 -0.0511467 0.0393701,
-0.0401613 -0.0537610 0.0393701,
-0.0407798 -0.0564245 0.0393701,
-0.0412327 -0.0591205 0.0393701,
-0.0416065 -0.0627469 0.0393701,
-0.0417077 -0.0648650 0.0393701,
-0.0417437 -0.0669858 0.0393701,
-0.0367024 -0.0453203 0.0433071,
-0.0376174 -0.0470168 0.0433071,
-0.0382458 -0.0483211 0.0433071,
-0.0393625 -0.0511467 0.0433071,
-0.0401613 -0.0537610 0.0433071,
-0.0407798 -0.0564245 0.0433071,
-0.0412327 -0.0591205 0.0433071,
-0.0416065 -0.0627469 0.0433071,
-0.0417077 -0.0648650 0.0433071,
-0.0417437 -0.0669858 0.0433071,
-0.0417437 -0.0669858 0.0393701,
-0.0414961 -0.0720152 0.0393701,
-0.0410252 -0.0752864 0.0393701,
-0.0402561 -0.0785979 0.0393701,
-0.0393176 -0.0815105 0.0393701,
-0.0382473 -0.0840477 0.0393701,
-0.0371046 -0.0862481 0.0393701,
-0.0357966 -0.0883535 0.0393701,
-0.0343195 -0.0903437 0.0393701,
-0.0327016 -0.0922225 0.0393701,
-0.0309575 -0.0939835 0.0393701,
-0.0290863 -0.0956091 0.0393701,
-0.0271031 -0.0970966 0.0393701,
-0.0250202 -0.0984403 0.0393701,
-0.0228464 -0.0996315 0.0393701,
-0.0205933 -0.1006647 0.0393701,
-0.0182749 -0.1015423 0.0393701,
-0.0159052 -0.1022696 0.0393701,
-0.0134956 -0.1028489 0.0393701,
-0.0110570 -0.1032945 0.0393701,
-0.0085992 -0.1036194 0.0393701,
-0.0057531 -0.1038234 0.0393701,
-0.0028988 -0.1038953 0.0393701,
-0.0417437 -0.0669858 0.0433071,
-0.0414961 -0.0720152 0.0433071,
-0.0410252 -0.0752864 0.0433071,
-0.0402561 -0.0785979 0.0433071,
-0.0393176 -0.0815105 0.0433071,
-0.0382473 -0.0840477 0.0433071,
-0.0371046 -0.0862481 0.0433071,
-0.0357966 -0.0883535 0.0433071,
-0.0343195 -0.0903437 0.0433071,
-0.0327016 -0.0922225 0.0433071,
-0.0309575 -0.0939835 0.0433071,
-0.0290863 -0.0956091 0.0433071,
-0.0271031 -0.0970966 0.0433071,
-0.0250202 -0.0984403 0.0433071,
-0.0228464 -0.0996315 0.0433071,
-0.0205933 -0.1006647 0.0433071,
-0.0182749 -0.1015423 0.0433071,
-0.0159052 -0.1022696 0.0433071,
-0.0134956 -0.1028489 0.0433071,
-0.0110570 -0.1032945 0.0433071,
-0.0085992 -0.1036194 0.0433071,
-0.0057531 -0.1038234 0.0433071,
-0.0028988 -0.1038953 0.0433071,
-0.0028988 -0.1038953 0.0393701,
0.0025153 -0.1036477 0.0393701,
0.0064329 -0.1031263 0.0393701,
0.0100097 -0.1023548 0.0393701,
0.0131608 -0.1013981 0.0393701,
0.0162280 -0.1001978 0.0393701,
0.0191823 -0.0987433 0.0393701,
0.0219967 -0.0970323 0.0393701,
0.0243922 -0.0952866 0.0393701,
0.0264203 -0.0935532 0.0393701,
0.0283218 -0.0916820 0.0393701,
0.0300967 -0.0896902 0.0393701,
0.0317404 -0.0875884 0.0393701,
0.0332211 -0.0853700 0.0393701,
0.0345301 -0.0830448 0.0393701,
0.0356774 -0.0806361 0.0393701,
0.0366429 -0.0781495 0.0393701,
0.0374249 -0.0755986 0.0393701,
0.0380375 -0.0730022 0.0393701,
0.0384879 -0.0703721 0.0393701,
0.0388044 -0.0671184 0.0393701,
0.0389169 -0.0638500 0.0393701,
-0.0028988 -0.1038953 0.0433071,
0.0025153 -0.1036477 0.0433071,
0.0064329 -0.1031263 0.0433071,
0.0100097 -0.1023548 0.0433071,
0.0131608 -0.1013981 0.0433071,
0.0162280 -0.1001978 0.0433071,
0.0191823 -0.0987433 0.0433071,
0.0219967 -0.0970323 0.0433071,
0.0243922 -0.0952866 0.0433071,
0.0264203 -0.0935532 0.0433071,
0.0283218 -0.0916820 0.0433071,
0.0300967 -0.0896902 0.0433071,
0.0317404 -0.0875884 0.0433071,
0.0332211 -0.0853700 0.0433071,
0.0345301 -0.0830448 0.0433071,
0.0356774 -0.0806361 0.0433071,
0.0366429 -0.0781495 0.0433071,
0.0374249 -0.0755986 0.0433071,
0.0380375 -0.0730022 0.0433071,
0.0384879 -0.0703721 0.0433071,
0.0388044 -0.0671184 0.0433071,
0.0389169 -0.0638500 0.0433071,
0.0389169 -0.0638500 0.0393701,
0.0386974 -0.0581814 0.0393701,
0.0382117 -0.0540745 0.0393701,
0.0375481 -0.0506924 0.0393701,
0.0367868 -0.0479684 0.0393701,
0.0357961 -0.0453203 0.0393701,
0.0389169 -0.0638500 0.0433071,
0.0386974 -0.0581814 0.0433071,
0.0382117 -0.0540745 0.0433071,
0.0375481 -0.0506924 0.0433071,
0.0367868 -0.0479684 0.0433071,
0.0357961 -0.0453203 0.0433071,
0.0357961 -0.0453203 0.0393701,
0.0252334 -0.0453203 0.0393701,
0.0357961 -0.0453203 0.0433071,
0.0252334 -0.0453203 0.0433071,
0.0252334 -0.0453203 0.0393701,
0.0267775 -0.0481520 0.0393701,
0.0280452 -0.0511186 0.0393701,
0.0289453 -0.0538785 0.0393701,
0.0295624 -0.0564177 0.0393701,
0.0299802 -0.0589971 0.0393701,
0.0302058 -0.0613736 0.0393701,
0.0302747 -0.0637600 0.0393701,
0.0252334 -0.0453203 0.0433071,
0.0267775 -0.0481520 0.0433071,
0.0280452 -0.0511186 0.0433071,
0.0289453 -0.0538785 0.0433071,
0.0295624 -0.0564177 0.0433071,
0.0299802 -0.0589971 0.0433071,
0.0302058 -0.0613736 0.0433071,
0.0302747 -0.0637600 0.0433071,
0.0302747 -0.0637600 0.0393701,
0.0300914 -0.0674679 0.0393701,
0.0296926 -0.0701462 0.0393701,
0.0291321 -0.0725896 0.0393701,
0.0284289 -0.0747327 0.0393701,
0.0275559 -0.0768143 0.0393701,
0.0266266 -0.0786191 0.0393701,
0.0254581 -0.0804751 0.0393701,
0.0240378 -0.0823708 0.0393701,
0.0226250 -0.0839664 0.0393701,
0.0210954 -0.0854518 0.0393701,
0.0194618 -0.0868214 0.0393701,
0.0177235 -0.0880544 0.0393701,
0.0158993 -0.0891587 0.0393701,
0.0140032 -0.0901322 0.0393701,
0.0120371 -0.0909556 0.0393701,
0.0100190 -0.0916434 0.0393701,
0.0079633 -0.0922067 0.0393701,
0.0058777 -0.0926470 0.0393701,
0.0037704 -0.0929698 0.0393701,
0.0007636 -0.0932348 0.0393701,
-0.0022536 -0.0933326 0.0393701,
0.0302747 -0.0637600 0.0433071,
0.0300914 -0.0674679 0.0433071,
0.0296926 -0.0701462 0.0433071,
0.0291321 -0.0725896 0.0433071,
0.0284289 -0.0747327 0.0433071,
0.0275559 -0.0768143 0.0433071,
0.0266266 -0.0786191 0.0433071,
0.0254581 -0.0804751 0.0433071,
0.0240378 -0.0823708 0.0433071,
0.0226250 -0.0839664 0.0433071,
0.0210954 -0.0854518 0.0433071,
0.0194618 -0.0868214 0.0433071,
0.0177235 -0.0880544 0.0433071,
0.0158993 -0.0891587 0.0433071,
0.0140032 -0.0901322 0.0433071,
0.0120371 -0.0909556 0.0433071,
0.0100190 -0.0916434 0.0433071,
0.0079633 -0.0922067 0.0433071,
0.0058777 -0.0926470 0.0433071,
0.0037704 -0.0929698 0.0433071,
0.0007636 -0.0932348 0.0433071,
-0.0022536 -0.0933326 0.0433071,
-0.0022536 -0.0933326 0.0393701,
-0.0061503 -0.0931802 0.0393701,
-0.0096335 -0.0927467 0.0393701,
-0.0127229 -0.0920882 0.0393701,
-0.0151716 -0.0913448 0.0393701,
-0.0173755 -0.0904745 0.0393701,
-0.0195001 -0.0894252 0.0393701,
-0.0215260 -0.0881963 0.0393701,
-0.0234350 -0.0867926 0.0393701,
-0.0252114 -0.0852244 0.0393701,
-0.0268413 -0.0835045 0.0393701,
-0.0281703 -0.0818365 0.0393701,
-0.0293232 -0.0801136 0.0393701,
-0.0302995 -0.0783510 0.0393701,
-0.0311860 -0.0763636 0.0393701,
-0.0318787 -0.0743650 0.0393701,
-0.0324528 -0.0720864 0.0393701,
-0.0328633 -0.0695812 0.0393701,
-0.0330322 -0.0675593 0.0393701,
-0.0331015 -0.0655305 0.0393701,
-0.0022536 -0.0933326 0.0433071,
-0.0061503 -0.0931802 0.0433071,
-0.0096335 -0.0927467 0.0433071,
-0.0127229 -0.0920882 0.0433071,
-0.0151716 -0.0913448 0.0433071,
-0.0173755 -0.0904745 0.0433071,
-0.0195001 -0.0894252 0.0433071,
-0.0215260 -0.0881963 0.0433071,
-0.0234350 -0.0867926 0.0433071,
-0.0252114 -0.0852244 0.0433071,
-0.0268413 -0.0835045 0.0433071,
-0.0281703 -0.0818365 0.0433071,
-0.0293232 -0.0801136 0.0433071,
-0.0302995 -0.0783510 0.0433071,
-0.0311860 -0.0763636 0.0433071,
-0.0318787 -0.0743650 0.0433071,
-0.0324528 -0.0720864 0.0433071,
-0.0328633 -0.0695812 0.0433071,
-0.0330322 -0.0675593 0.0433071,
-0.0331015 -0.0655305 0.0433071,
-0.0331015 -0.0655305 0.0393701,
-0.0329858 -0.0620198 0.0393701,
-0.0326041 -0.0585275 0.0393701,
-0.0320216 -0.0554206 0.0393701,
-0.0312876 -0.0526712 0.0393701,
-0.0303387 -0.0499889 0.0393701,
-0.0292939 -0.0476084 0.0393701,
-0.0280602 -0.0453203 0.0393701,
-0.0331015 -0.0655305 0.0433071,
-0.0329858 -0.0620198 0.0433071,
-0.0326041 -0.0585275 0.0433071,
-0.0320216 -0.0554206 0.0433071,
-0.0312876 -0.0526712 0.0433071,
-0.0303387 -0.0499889 0.0433071,
-0.0292939 -0.0476084 0.0433071,
-0.0280602 -0.0453203 0.0433071,
-0.0407835 0.0490689 0.0393701,
-0.0407835 0.0276584 0.0393701,
-0.0407835 0.0490689 0.0433071,
-0.0407835 0.0276584 0.0433071,
-0.0407835 0.0276584 0.0393701,
0.0379567 0.0276584 0.0393701,
-0.0407835 0.0276584 0.0433071,
0.0379567 0.0276584 0.0433071,
0.0379567 0.0276584 0.0393701,
0.0379567 0.0498791 0.0393701,
0.0379567 0.0276584 0.0433071,
0.0379567 0.0498791 0.0433071,
0.0379567 0.0498791 0.0393701,
0.0377176 0.0551424 0.0393701,
0.0372104 0.0589505 0.0393701,
0.0363542 0.0628086 0.0393701,
0.0351684 0.0665784 0.0393701,
0.0338005 0.0698618 0.0393701,
0.0323164 0.0726985 0.0393701,
0.0306049 0.0754041 0.0393701,
0.0286833 0.0779648 0.0393701,
0.0265616 0.0803625 0.0393701,
0.0244822 0.0823572 0.0393701,
0.0224745 0.0839990 0.0393701,
0.0203469 0.0854826 0.0393701,
0.0181091 0.0867934 0.0393701,
0.0157731 0.0879204 0.0393701,
0.0133567 0.0888629 0.0393701,
0.0108775 0.0896239 0.0393701,
0.0083517 0.0902125 0.0393701,
0.0057933 0.0906425 0.0393701,
0.0026919 0.0909329 0.0393701,
-0.0004232 0.0910346 0.0393701,
0.0379567 0.0498791 0.0433071,
0.0377176 0.0551424 0.0433071,
0.0372104 0.0589505 0.0433071,
0.0363542 0.0628086 0.0433071,
0.0351684 0.0665784 0.0433071,
0.0338005 0.0698618 0.0433071,
0.0323164 0.0726985 0.0433071,
0.0306049 0.0754041 0.0433071,
0.0286833 0.0779648 0.0433071,
0.0265616 0.0803625 0.0433071,
0.0244822 0.0823572 0.0433071,
0.0224745 0.0839990 0.0433071,
0.0203469 0.0854826 0.0433071,
0.0181091 0.0867934 0.0433071,
0.0157731 0.0879204 0.0433071,
0.0133567 0.0888629 0.0433071,
0.0108775 0.0896239 0.0433071,
0.0083517 0.0902125 0.0433071,
0.0057933 0.0906425 0.0433071,
0.0026919 0.0909329 0.0433071,
-0.0004232 0.0910346 0.0433071,
-0.0004232 0.0910346 0.0393701,
-0.0058752 0.0907637 0.0393701,
-0.0098119 0.0901703 0.0393701,
-0.0133954 0.0893091 0.0393701,
-0.0165406 0.0882545 0.0393701,
-0.0192797 0.0870654 0.0393701,
-0.0216477 0.0857952 0.0393701,
-0.0239107 0.0843456 0.0393701,
-0.0260626 0.0827357 0.0393701,
-0.0280889 0.0809707 0.0393701,
-0.0299795 0.0790607 0.0393701,
-0.0317321 0.0770238 0.0393701,
-0.0333519 0.0748790 0.0393701,
-0.0348218 0.0726298 0.0393701,
-0.0361195 0.0702765 0.0393701,
-0.0372485 0.0678379 0.0393701,
-0.0382172 0.0653312 0.0393701,
-0.0390272 0.0627688 0.0393701,
-0.0396672 0.0601595 0.0393701,
-0.0401541 0.0575162 0.0393701,
-0.0405060 0.0548516 0.0393701,
-0.0407092 0.0519644 0.0393701,
-0.0407835 0.0490689 0.0393701,
-0.0004232 0.0910346 0.0433071,
-0.0058752 0.0907637 0.0433071,
-0.0098119 0.0901703 0.0433071,
-0.0133954 0.0893091 0.0433071,
-0.0165406 0.0882545 0.0433071,
-0.0192797 0.0870654 0.0433071,
-0.0216477 0.0857952 0.0433071,
-0.0239107 0.0843456 0.0433071,
-0.0260626 0.0827357 0.0433071,
-0.0280889 0.0809707 0.0433071,
-0.0299795 0.0790607 0.0433071,
-0.0317321 0.0770238 0.0433071,
-0.0333519 0.0748790 0.0433071,
-0.0348218 0.0726298 0.0433071,
-0.0361195 0.0702765 0.0433071,
-0.0372485 0.0678379 0.0433071,
-0.0382172 0.0653312 0.0433071,
-0.0390272 0.0627688 0.0433071,
-0.0396672 0.0601595 0.0433071,
-0.0401541 0.0575162 0.0433071,
-0.0405060 0.0548516 0.0433071,
-0.0407092 0.0519644 0.0433071,
-0.0407835 0.0490689 0.0433071,
0.0379567 0.1371264 0.0393701,
-0.0407835 0.1678543 0.0393701,
0.0379567 0.1371264 0.0433071,
-0.0407835 0.1678543 0.0433071,
-0.0407835 0.1678543 0.0393701,
-0.0407835 0.1563313 0.0393701,
-0.0407835 0.1678543 0.0433071,
-0.0407835 0.1563313 0.0433071,
-0.0407835 0.1563313 0.0393701,
-0.0186978 0.1483643 0.0393701,
-0.0407835 0.1563313 0.0433071,
-0.0186978 0.1483643 0.0433071,
-0.0186978 0.1483643 0.0393701,
-0.0186978 0.1158360 0.0393701,
-0.0186978 0.1483643 0.0433071,
-0.0186978 0.1158360 0.0433071,
-0.0186978 0.1158360 0.0393701,
-0.0407835 0.1083190 0.0393701,
-0.0186978 0.1158360 0.0433071,
-0.0407835 0.1083190 0.0433071,
-0.0407835 0.1083190 0.0393701,
-0.0407835 0.0967961 0.0393701,
-0.0407835 0.1083190 0.0433071,
-0.0407835 0.0967961 0.0433071,
-0.0407835 0.0967961 0.0393701,
0.0379567 0.1265637 0.0393701,
-0.0407835 0.0967961 0.0433071,
0.0379567 0.1265637 0.0433071,
0.0379567 0.1265637 0.0393701,
0.0379567 0.1371264 0.0393701,
0.0379567 0.1265637 0.0433071,
0.0379567 0.1371264 0.0433071,
-0.0321413 0.0122945 0.0393701,
-0.0407835 0.0122945 0.0393701,
-0.0321413 0.0122945 0.0433071,
-0.0407835 0.0122945 0.0433071,
-0.0407835 0.0122945 0.0393701,
-0.0407835 -0.0299564 0.0393701,
-0.0407835 0.0122945 0.0433071,
-0.0407835 -0.0299564 0.0433071,
-0.0407835 -0.0299564 0.0393701,
0.0379567 -0.0299564 0.0393701,
-0.0407835 -0.0299564 0.0433071,
0.0379567 -0.0299564 0.0433071,
0.0379567 -0.0299564 0.0393701,
0.0379567 0.0103740 0.0393701,
0.0379567 -0.0299564 0.0433071,
0.0379567 0.0103740 0.0433071,
0.0379567 0.0103740 0.0393701,
0.0293145 0.0103740 0.0393701,
0.0379567 0.0103740 0.0433071,
0.0293145 0.0103740 0.0433071,
0.0293145 0.0103740 0.0393701,
0.0293145 -0.0193936 0.0393701,
0.0293145 0.0103740 0.0433071,
0.0293145 -0.0193936 0.0433071,
0.0293145 -0.0193936 0.0393701,
0.0033878 -0.0193936 0.0393701,
0.0293145 -0.0193936 0.0433071,
0.0033878 -0.0193936 0.0433071,
0.0033878 -0.0193936 0.0393701,
0.0033878 0.0084535 0.0393701,
0.0033878 -0.0193936 0.0433071,
0.0033878 0.0084535 0.0433071,
0.0033878 0.0084535 0.0393701,
-0.0052544 0.0084535 0.0393701,
0.0033878 0.0084535 0.0433071,
-0.0052544 0.0084535 0.0433071,
-0.0052544 0.0084535 0.0393701,
-0.0052544 -0.0193936 0.0393701,
-0.0052544 0.0084535 0.0433071,
-0.0052544 -0.0193936 0.0433071,
-0.0052544 -0.0193936 0.0393701,
-0.0321413 -0.0193936 0.0393701,
-0.0052544 -0.0193936 0.0433071,
-0.0321413 -0.0193936 0.0433071,
-0.0321413 -0.0193936 0.0393701,
-0.0321413 0.0122945 0.0393701,
-0.0321413 -0.0193936 0.0433071,
-0.0321413 0.0122945 0.0433071,
-0.0321413 -0.1106170 0.0393701,
-0.0407835 -0.1106170 0.0393701,
-0.0321413 -0.1106170 0.0433071,
-0.0407835 -0.1106170 0.0433071,
-0.0407835 -0.1106170 0.0393701,
-0.0407835 -0.1509473 0.0393701,
-0.0407835 -0.1106170 0.0433071,
-0.0407835 -0.1509473 0.0433071,
-0.0407835 -0.1509473 0.0393701,
0.0379567 -0.1509473 0.0393701,
-0.0407835 -0.1509473 0.0433071,
0.0379567 -0.1509473 0.0433071,
0.0379567 -0.1509473 0.0393701,
0.0379567 -0.1403846 0.0393701,
0.0379567 -0.1509473 0.0433071,
0.0379567 -0.1403846 0.0433071,
0.0379567 -0.1403846 0.0393701,
-0.0321413 -0.1403846 0.0393701,
0.0379567 -0.1403846 0.0433071,
-0.0321413 -0.1403846 0.0433071,
-0.0321413 -0.1403846 0.0393701,
-0.0321413 -0.1106170 0.0393701,
-0.0321413 -0.1403846 0.0433071,
-0.0321413 -0.1106170 0.0433071,
-0.0280602 -0.0453203 0.0433071,
-0.0367024 -0.0453203 0.0433071,
-0.0331015 -0.0655305 0.0433071,
-0.0329858 -0.0620198 0.0433071,
-0.0326041 -0.0585275 0.0433071,
-0.0320216 -0.0554206 0.0433071,
-0.0312876 -0.0526712 0.0433071,
-0.0303387 -0.0499889 0.0433071,
-0.0292939 -0.0476084 0.0433071,
-0.0022536 -0.0933326 0.0433071,
-0.0061503 -0.0931802 0.0433071,
-0.0096335 -0.0927467 0.0433071,
-0.0127229 -0.0920882 0.0433071,
-0.0151716 -0.0913448 0.0433071,
-0.0173755 -0.0904745 0.0433071,
-0.0195001 -0.0894252 0.0433071,
-0.0215260 -0.0881963 0.0433071,
-0.0234350 -0.0867926 0.0433071,
-0.0252114 -0.0852244 0.0433071,
-0.0268413 -0.0835045 0.0433071,
-0.0281703 -0.0818365 0.0433071,
-0.0293232 -0.0801136 0.0433071,
-0.0302995 -0.0783510 0.0433071,
-0.0311860 -0.0763636 0.0433071,
-0.0318787 -0.0743650 0.0433071,
-0.0324528 -0.0720864 0.0433071,
-0.0328633 -0.0695812 0.0433071,
-0.0330322 -0.0675593 0.0433071,
0.0302747 -0.0637600 0.0433071,
0.0300914 -0.0674679 0.0433071,
0.0296926 -0.0701462 0.0433071,
0.0291321 -0.0725896 0.0433071,
0.0284289 -0.0747327 0.0433071,
0.0275559 -0.0768143 0.0433071,
0.0266266 -0.0786191 0.0433071,
0.0254581 -0.0804751 0.0433071,
0.0240378 -0.0823708 0.0433071,
0.0226250 -0.0839664 0.0433071,
0.0210954 -0.0854518 0.0433071,
0.0194618 -0.0868214 0.0433071,
0.0177235 -0.0880544 0.0433071,
0.0158993 -0.0891587 0.0433071,
0.0140032 -0.0901322 0.0433071,
0.0120371 -0.0909556 0.0433071,
0.0100190 -0.0916434 0.0433071,
0.0079633 -0.0922067 0.0433071,
0.0058777 -0.0926470 0.0433071,
0.0037704 -0.0929698 0.0433071,
0.0007636 -0.0932348 0.0433071,
0.0252334 -0.0453203 0.0433071,
0.0267775 -0.0481520 0.0433071,
0.0280452 -0.0511186 0.0433071,
0.0289453 -0.0538785 0.0433071,
0.0295624 -0.0564177 0.0433071,
0.0299802 -0.0589971 0.0433071,
0.0302058 -0.0613736 0.0433071,
0.0357961 -0.0453203 0.0433071,
0.0389169 -0.0638500 0.0433071,
0.0386974 -0.0581814 0.0433071,
0.0382117 -0.0540745 0.0433071,
0.0375481 -0.0506924 0.0433071,
0.0367868 -0.0479684 0.0433071,
-0.0028988 -0.1038953 0.0433071,
0.0025153 -0.1036477 0.0433071,
0.0064329 -0.1031263 0.0433071,
0.0100097 -0.1023548 0.0433071,
0.0131608 -0.1013981 0.0433071,
0.0162280 -0.1001978 0.0433071,
0.0191823 -0.0987433 0.0433071,
0.0219967 -0.0970323 0.0433071,
0.0243922 -0.0952866 0.0433071,
0.0264203 -0.0935532 0.0433071,
0.0283218 -0.0916820 0.0433071,
0.0300967 -0.0896902 0.0433071,
0.0317404 -0.0875884 0.0433071,
0.0332211 -0.0853700 0.0433071,
0.0345301 -0.0830448 0.0433071,
0.0356774 -0.0806361 0.0433071,
0.0366429 -0.0781495 0.0433071,
0.0374249 -0.0755986 0.0433071,
0.0380375 -0.0730022 0.0433071,
0.0384879 -0.0703721 0.0433071,
0.0388044 -0.0671184 0.0433071,
-0.0417437 -0.0669858 0.0433071,
-0.0414961 -0.0720152 0.0433071,
-0.0410252 -0.0752864 0.0433071,
-0.0402561 -0.0785979 0.0433071,
-0.0393176 -0.0815105 0.0433071,
-0.0382473 -0.0840477 0.0433071,
-0.0371046 -0.0862481 0.0433071,
-0.0357966 -0.0883535 0.0433071,
-0.0343195 -0.0903437 0.0433071,
-0.0327016 -0.0922225 0.0433071,
-0.0309575 -0.0939835 0.0433071,
-0.0290863 -0.0956091 0.0433071,
-0.0271031 -0.0970966 0.0433071,
-0.0250202 -0.0984403 0.0433071,
-0.0228464 -0.0996315 0.0433071,
-0.0205933 -0.1006647 0.0433071,
-0.0182749 -0.1015423 0.0433071,
-0.0159052 -0.1022696 0.0433071,
-0.0134956 -0.1028489 0.0433071,
-0.0110570 -0.1032945 0.0433071,
-0.0085992 -0.1036194 0.0433071,
-0.0057531 -0.1038234 0.0433071,
-0.0376174 -0.0470168 0.0433071,
-0.0382458 -0.0483211 0.0433071,
-0.0393625 -0.0511467 0.0433071,
-0.0401613 -0.0537610 0.0433071,
-0.0407798 -0.0564245 0.0433071,
-0.0412327 -0.0591205 0.0433071,
-0.0416065 -0.0627469 0.0433071,
-0.0417077 -0.0648650 0.0433071,
-0.0407835 0.0490689 0.0433071,
-0.0407835 0.0276584 0.0433071,
-0.0004232 0.0910346 0.0433071,
-0.0058752 0.0907637 0.0433071,
-0.0098119 0.0901703 0.0433071,
-0.0133954 0.0893091 0.0433071,
-0.0165406 0.0882545 0.0433071,
-0.0192797 0.0870654 0.0433071,
-0.0216477 0.0857952 0.0433071,
-0.0239107 0.0843456 0.0433071,
-0.0260626 0.0827357 0.0433071,
-0.0280889 0.0809707 0.0433071,
-0.0299795 0.0790607 0.0433071,
-0.0317321 0.0770238 0.0433071,
-0.0333519 0.0748790 0.0433071,
-0.0348218 0.0726298 0.0433071,
-0.0361195 0.0702765 0.0433071,
-0.0372485 0.0678379 0.0433071,
-0.0382172 0.0653312 0.0433071,
-0.0390272 0.0627688 0.0433071,
-0.0396672 0.0601595 0.0433071,
-0.0401541 0.0575162 0.0433071,
-0.0405060 0.0548516 0.0433071,
-0.0407092 0.0519644 0.0433071,
0.0379567 0.0498791 0.0433071,
0.0377176 0.0551424 0.0433071,
0.0372104 0.0589505 0.0433071,
0.0363542 0.0628086 0.0433071,
0.0351684 0.0665784 0.0433071,
0.0338005 0.0698618 0.0433071,
0.0323164 0.0726985 0.0433071,
0.0306049 0.0754041 0.0433071,
0.0286833 0.0779648 0.0433071,
0.0265616 0.0803625 0.0433071,
0.0244822 0.0823572 0.0433071,
0.0224745 0.0839990 0.0433071,
0.0203469 0.0854826 0.0433071,
0.0181091 0.0867934 0.0433071,
0.0157731 0.0879204 0.0433071,
0.0133567 0.0888629 0.0433071,
0.0108775 0.0896239 0.0433071,
0.0083517 0.0902125 0.0433071,
0.0057933 0.0906425 0.0433071,
0.0026919 0.0909329 0.0433071,
0.0379567 0.0276584 0.0433071,
-0.0006482 0.0804719 0.0433071,
0.0034061 0.0803039 0.0433071,
0.0066681 0.0798956 0.0433071,
0.0093483 0.0793286 0.0433071,
0.0117080 0.0786144 0.0433071,
0.0140011 0.0777069 0.0433071,
0.0157885 0.0768159 0.0433071,
0.0174935 0.0757750 0.0433071,
0.0190596 0.0746270 0.0433071,
0.0204707 0.0733948 0.0433071,
0.0219405 0.0718633 0.0433071,
0.0234555 0.0699685 0.0433071,
0.0247832 0.0679840 0.0433071,
0.0258540 0.0660500 0.0433071,
0.0267075 0.0641891 0.0433071,
0.0276569 0.0615942 0.0433071,
0.0282718 0.0593749 0.0433071,
0.0288574 0.0563221 0.0433071,
0.0291699 0.0535417 0.0433071,
0.0292677 0.0516893 0.0433071,
0.0293145 0.0498341 0.0433071,
-0.0321413 0.0493990 0.0433071,
-0.0319565 0.0535810 0.0433071,
-0.0315107 0.0569430 0.0433071,
-0.0308339 0.0600091 0.0433071,
-0.0300713 0.0624358 0.0433071,
-0.0291719 0.0646126 0.0433071,
-0.0280966 0.0667084 0.0433071,
-0.0269775 0.0685088 0.0433071,
-0.0257477 0.0701623 0.0433071,
-0.0242676 0.0718241 0.0433071,
-0.0226514 0.0733540 0.0433071,
-0.0209146 0.0747453 0.0433071,
-0.0190660 0.0759843 0.0433071,
-0.0171172 0.0770587 0.0433071,
-0.0150874 0.0779714 0.0433071,
-0.0129936 0.0787248 0.0433071,
-0.0108514 0.0793276 0.0433071,
-0.0086756 0.0797943 0.0433071,
-0.0064756 0.0801297 0.0433071,
-0.0035666 0.0803787 0.0433071,
-0.0321413 0.0382211 0.0433071,
0.0293145 0.0382211 0.0433071,
-0.0407835 0.1678543 0.0433071,
-0.0407835 0.1563313 0.0433071,
-0.0186978 0.1483643 0.0433071,
-0.0186978 0.1158360 0.0433071,
-0.0407835 0.1083190 0.0433071,
-0.0407835 0.0967961 0.0433071,
0.0379567 0.1265637 0.0433071,
0.0379567 0.1371264 0.0433071,
-0.0100556 0.1448234 0.0433071,
0.0228328 0.1329704 0.0433071,
0.0241415 0.1325881 0.0433071,
0.0255721 0.1322689 0.0433071,
0.0283542 0.1317550 0.0433071,
0.0283542 0.1315000 0.0433071,
0.0255637 0.1309974 0.0433071,
0.0241971 0.1306661 0.0433071,
0.0228328 0.1302397 0.0433071,
-0.0100556 0.1184917 0.0433071,
-0.0407835 0.0122945 0.0433071,
-0.0407835 -0.0299564 0.0433071,
0.0379567 -0.0299564 0.0433071,
0.0379567 0.0103740 0.0433071,
0.0293145 0.0103740 0.0433071,
0.0293145 -0.0193936 0.0433071,
0.0033878 -0.0193936 0.0433071,
0.0033878 0.0084535 0.0433071,
-0.0052544 0.0084535 0.0433071,
-0.0052544 -0.0193936 0.0433071,
-0.0321413 -0.0193936 0.0433071,
-0.0321413 0.0122945 0.0433071,
-0.0407835 -0.1106170 0.0433071,
-0.0407835 -0.1509473 0.0433071,
0.0379567 -0.1509473 0.0433071,
0.0379567 -0.1403846 0.0433071,
-0.0321413 -0.1403846 0.0433071,
-0.0321413 -0.1106170 0.0433071,
-0.0006482 0.0804719 0.0393701,
0.0034061 0.0803039 0.0393701,
0.0066681 0.0798956 0.0393701,
0.0093483 0.0793286 0.0393701,
0.0117080 0.0786144 0.0393701,
0.0140011 0.0777069 0.0393701,
0.0157885 0.0768159 0.0393701,
0.0174935 0.0757750 0.0393701,
0.0190596 0.0746270 0.0393701,
0.0204707 0.0733948 0.0393701,
0.0219405 0.0718633 0.0393701,
0.0234555 0.0699685 0.0393701,
0.0247832 0.0679840 0.0393701,
0.0258540 0.0660500 0.0393701,
0.0267075 0.0641891 0.0393701,
0.0276569 0.0615942 0.0393701,
0.0282718 0.0593749 0.0393701,
0.0288574 0.0563221 0.0393701,
0.0291699 0.0535417 0.0393701,
0.0292677 0.0516893 0.0393701,
0.0293145 0.0498341 0.0393701,
-0.0006482 0.0804719 0.0433071,
0.0034061 0.0803039 0.0433071,
0.0066681 0.0798956 0.0433071,
0.0093483 0.0793286 0.0433071,
0.0117080 0.0786144 0.0433071,
0.0140011 0.0777069 0.0433071,
0.0157885 0.0768159 0.0433071,
0.0174935 0.0757750 0.0433071,
0.0190596 0.0746270 0.0433071,
0.0204707 0.0733948 0.0433071,
0.0219405 0.0718633 0.0433071,
0.0234555 0.0699685 0.0433071,
0.0247832 0.0679840 0.0433071,
0.0258540 0.0660500 0.0433071,
0.0267075 0.0641891 0.0433071,
0.0276569 0.0615942 0.0433071,
0.0282718 0.0593749 0.0433071,
0.0288574 0.0563221 0.0433071,
0.0291699 0.0535417 0.0433071,
0.0292677 0.0516893 0.0433071,
0.0293145 0.0498341 0.0433071,
-0.0321413 0.0493990 0.0393701,
-0.0319565 0.0535810 0.0393701,
-0.0315107 0.0569430 0.0393701,
-0.0308339 0.0600091 0.0393701,
-0.0300713 0.0624358 0.0393701,
-0.0291719 0.0646126 0.0393701,
-0.0280966 0.0667084 0.0393701,
-0.0269775 0.0685088 0.0393701,
-0.0257477 0.0701623 0.0393701,
-0.0242676 0.0718241 0.0393701,
-0.0226514 0.0733540 0.0393701,
-0.0209146 0.0747453 0.0393701,
-0.0190660 0.0759843 0.0393701,
-0.0171172 0.0770587 0.0393701,
-0.0150874 0.0779714 0.0393701,
-0.0129936 0.0787248 0.0393701,
-0.0108514 0.0793276 0.0393701,
-0.0086756 0.0797943 0.0393701,
-0.0064756 0.0801297 0.0393701,
-0.0035666 0.0803787 0.0393701,
-0.0006482 0.0804719 0.0393701,
-0.0321413 0.0493990 0.0433071,
-0.0319565 0.0535810 0.0433071,
-0.0315107 0.0569430 0.0433071,
-0.0308339 0.0600091 0.0433071,
-0.0300713 0.0624358 0.0433071,
-0.0291719 0.0646126 0.0433071,
-0.0280966 0.0667084 0.0433071,
-0.0269775 0.0685088 0.0433071,
-0.0257477 0.0701623 0.0433071,
-0.0242676 0.0718241 0.0433071,
-0.0226514 0.0733540 0.0433071,
-0.0209146 0.0747453 0.0433071,
-0.0190660 0.0759843 0.0433071,
-0.0171172 0.0770587 0.0433071,
-0.0150874 0.0779714 0.0433071,
-0.0129936 0.0787248 0.0433071,
-0.0108514 0.0793276 0.0433071,
-0.0086756 0.0797943 0.0433071,
-0.0064756 0.0801297 0.0433071,
-0.0035666 0.0803787 0.0433071,
-0.0006482 0.0804719 0.0433071,
-0.0321413 0.0382211 0.0393701,
-0.0321413 0.0493990 0.0393701,
-0.0321413 0.0382211 0.0433071,
-0.0321413 0.0493990 0.0433071,
0.0293145 0.0382211 0.0393701,
-0.0321413 0.0382211 0.0393701,
0.0293145 0.0382211 0.0433071,
-0.0321413 0.0382211 0.0433071,
0.0293145 0.0498341 0.0393701,
0.0293145 0.0382211 0.0393701,
0.0293145 0.0498341 0.0433071,
0.0293145 0.0382211 0.0433071,
-0.0100556 0.1184917 0.0393701,
-0.0100556 0.1448234 0.0393701,
-0.0100556 0.1184917 0.0433071,
-0.0100556 0.1448234 0.0433071,
0.0228328 0.1302397 0.0393701,
-0.0100556 0.1184917 0.0393701,
0.0228328 0.1302397 0.0433071,
-0.0100556 0.1184917 0.0433071,
0.0283542 0.1315000 0.0393701,
0.0255637 0.1309974 0.0393701,
0.0241971 0.1306661 0.0393701,
0.0228328 0.1302397 0.0393701,
0.0283542 0.1315000 0.0433071,
0.0255637 0.1309974 0.0433071,
0.0241971 0.1306661 0.0433071,
0.0228328 0.1302397 0.0433071,
0.0283542 0.1317550 0.0393701,
0.0283542 0.1315000 0.0393701,
0.0283542 0.1317550 0.0433071,
0.0283542 0.1315000 0.0433071,
0.0228328 0.1329704 0.0393701,
0.0241415 0.1325881 0.0393701,
0.0255721 0.1322689 0.0393701,
0.0283542 0.1317550 0.0393701,
0.0228328 0.1329704 0.0433071,
0.0241415 0.1325881 0.0433071,
0.0255721 0.1322689 0.0433071,
0.0283542 0.1317550 0.0433071,
-0.0100556 0.1448234 0.0393701,
0.0228328 0.1329704 0.0393701,
-0.0100556 0.1448234 0.0433071,
0.0228328 0.1329704 0.0433071,
] } coordIndex [
0,2,3,-1,
0,3,1,-1,
5,4,14,-1,
5,14,15,-1,
6,15,16,-1,
6,5,15,-1,
7,16,17,-1,
7,6,16,-1,
8,17,18,-1,
8,7,17,-1,
9,18,19,-1,
9,8,18,-1,
10,19,20,-1,
10,9,19,-1,
11,20,21,-1,
11,10,20,-1,
12,21,22,-1,
12,11,21,-1,
13,22,23,-1,
13,12,22,-1,
25,24,47,-1,
25,47,48,-1,
26,48,49,-1,
26,25,48,-1,
27,49,50,-1,
27,26,49,-1,
28,50,51,-1,
28,27,50,-1,
29,51,52,-1,
29,28,51,-1,
30,52,53,-1,
30,29,52,-1,
31,53,54,-1,
31,30,53,-1,
32,54,55,-1,
32,31,54,-1,
33,55,56,-1,
33,32,55,-1,
34,56,57,-1,
34,33,56,-1,
35,57,58,-1,
35,34,57,-1,
36,58,59,-1,
36,35,58,-1,
37,36,59,-1,
37,59,60,-1,
38,37,60,-1,
38,60,61,-1,
39,38,61,-1,
39,61,62,-1,
40,39,62,-1,
40,62,63,-1,
41,40,63,-1,
41,63,64,-1,
42,41,64,-1,
42,64,65,-1,
43,42,65,-1,
43,65,66,-1,
44,43,66,-1,
44,66,67,-1,
45,44,67,-1,
45,67,68,-1,
46,45,68,-1,
46,68,69,-1,
71,70,92,-1,
71,92,93,-1,
72,93,94,-1,
72,71,93,-1,
73,94,95,-1,
73,72,94,-1,
74,95,96,-1,
74,73,95,-1,
75,96,97,-1,
75,74,96,-1,
76,97,98,-1,
76,75,97,-1,
77,98,99,-1,
77,76,98,-1,
78,99,100,-1,
78,77,99,-1,
79,100,101,-1,
79,78,100,-1,
80,101,102,-1,
80,79,101,-1,
81,102,103,-1,
81,80,102,-1,
82,103,104,-1,
82,81,103,-1,
83,104,105,-1,
83,82,104,-1,
84,83,105,-1,
84,105,106,-1,
85,84,106,-1,
85,106,107,-1,
86,85,107,-1,
86,107,108,-1,
87,86,108,-1,
87,108,109,-1,
88,87,109,-1,
88,109,110,-1,
89,88,110,-1,
89,110,111,-1,
90,89,111,-1,
90,111,112,-1,
91,90,112,-1,
91,112,113,-1,
115,114,120,-1,
115,120,121,-1,
116,121,122,-1,
116,115,121,-1,
117,122,123,-1,
117,116,122,-1,
118,123,124,-1,
118,117,123,-1,
119,124,125,-1,
119,118,124,-1,
126,128,129,-1,
126,129,127,-1,
131,130,138,-1,
131,138,139,-1,
132,139,140,-1,
132,131,139,-1,
133,140,141,-1,
133,132,140,-1,
134,141,142,-1,
134,133,141,-1,
135,142,143,-1,
135,134,142,-1,
136,143,144,-1,
136,135,143,-1,
137,144,145,-1,
137,136,144,-1,
147,146,168,-1,
147,168,169,-1,
148,169,170,-1,
148,147,169,-1,
149,170,171,-1,
149,148,170,-1,
150,171,172,-1,
150,149,171,-1,
151,172,173,-1,
151,150,172,-1,
152,173,174,-1,
152,151,173,-1,
153,174,175,-1,
153,152,174,-1,
154,175,176,-1,
154,153,175,-1,
155,176,177,-1,
155,154,176,-1,
156,177,178,-1,
156,155,177,-1,
157,178,179,-1,
157,156,178,-1,
158,179,180,-1,
158,157,179,-1,
159,180,181,-1,
159,158,180,-1,
160,159,181,-1,
160,181,182,-1,
161,160,182,-1,
161,182,183,-1,
162,161,183,-1,
162,183,184,-1,
163,162,184,-1,
163,184,185,-1,
164,163,185,-1,
164,185,186,-1,
165,164,186,-1,
165,186,187,-1,
166,165,187,-1,
166,187,188,-1,
167,166,188,-1,
167,188,189,-1,
191,190,210,-1,
191,210,211,-1,
192,211,212,-1,
192,191,211,-1,
193,212,213,-1,
193,192,212,-1,
194,213,214,-1,
194,193,213,-1,
195,214,215,-1,
195,194,214,-1,
196,215,216,-1,
196,195,215,-1,
197,216,217,-1,
197,196,216,-1,
198,217,218,-1,
198,197,217,-1,
199,218,219,-1,
199,198,218,-1,
200,219,220,-1,
200,199,219,-1,
201,220,221,-1,
201,200,220,-1,
202,221,222,-1,
202,201,221,-1,
203,222,223,-1,
203,202,222,-1,
204,223,224,-1,
204,203,223,-1,
205,204,224,-1,
205,224,225,-1,
206,205,225,-1,
206,225,226,-1,
207,206,226,-1,
207,226,227,-1,
208,207,227,-1,
208,227,228,-1,
209,208,228,-1,
209,228,229,-1,
231,230,238,-1,
231,238,239,-1,
232,239,240,-1,
232,231,239,-1,
233,240,241,-1,
233,232,240,-1,
234,241,242,-1,
234,233,241,-1,
235,242,243,-1,
235,234,242,-1,
236,243,244,-1,
236,235,243,-1,
237,244,245,-1,
237,236,244,-1,
246,248,249,-1,
246,249,247,-1,
253,251,250,-1,
253,250,252,-1,
257,255,254,-1,
257,254,256,-1,
259,258,279,-1,
259,279,280,-1,
260,280,281,-1,
260,259,280,-1,
261,281,282,-1,
261,260,281,-1,
262,282,283,-1,
262,261,282,-1,
263,283,284,-1,
263,262,283,-1,
264,284,285,-1,
264,263,284,-1,
265,285,286,-1,
265,264,285,-1,
266,286,287,-1,
266,265,286,-1,
267,287,288,-1,
267,266,287,-1,
268,288,289,-1,
268,267,288,-1,
269,289,290,-1,
269,268,289,-1,
270,290,291,-1,
270,269,290,-1,
271,291,292,-1,
271,270,291,-1,
272,271,292,-1,
272,292,293,-1,
273,272,293,-1,
273,293,294,-1,
274,273,294,-1,
274,294,295,-1,
275,274,295,-1,
275,295,296,-1,
276,275,296,-1,
276,296,297,-1,
277,276,297,-1,
277,297,298,-1,
278,277,298,-1,
278,298,299,-1,
301,300,323,-1,
301,323,324,-1,
302,324,325,-1,
302,301,324,-1,
303,325,326,-1,
303,302,325,-1,
304,326,327,-1,
304,303,326,-1,
305,327,328,-1,
305,304,327,-1,
306,328,329,-1,
306,305,328,-1,
307,329,330,-1,
307,306,329,-1,
308,330,331,-1,
308,307,330,-1,
309,331,332,-1,
309,308,331,-1,
310,332,333,-1,
310,309,332,-1,
311,333,334,-1,
311,310,333,-1,
312,334,335,-1,
312,311,334,-1,
313,312,335,-1,
313,335,336,-1,
314,313,336,-1,
314,336,337,-1,
315,314,337,-1,
315,337,338,-1,
316,315,338,-1,
316,338,339,-1,
317,316,339,-1,
317,339,340,-1,
318,317,340,-1,
318,340,341,-1,
319,318,341,-1,
319,341,342,-1,
320,319,342,-1,
320,342,343,-1,
321,320,343,-1,
321,343,344,-1,
322,321,344,-1,
322,344,345,-1,
348,347,346,-1,
348,349,347,-1,
350,352,353,-1,
350,353,351,-1,
356,355,354,-1,
356,357,355,-1,
358,360,361,-1,
358,361,359,-1,
364,363,362,-1,
364,365,363,-1,
366,368,369,-1,
366,369,367,-1,
372,371,370,-1,
372,373,371,-1,
377,375,374,-1,
377,374,376,-1,
378,380,381,-1,
378,381,379,-1,
382,384,385,-1,
382,385,383,-1,
389,387,386,-1,
389,386,388,-1,
393,391,390,-1,
393,390,392,-1,
394,396,397,-1,
394,397,395,-1,
398,400,401,-1,
398,401,399,-1,
402,404,405,-1,
402,405,403,-1,
409,407,406,-1,
409,406,408,-1,
410,412,413,-1,
410,413,411,-1,
414,416,417,-1,
414,417,415,-1,
418,420,421,-1,
418,421,419,-1,
425,423,422,-1,
425,422,424,-1,
426,428,429,-1,
426,429,427,-1,
430,432,433,-1,
430,433,431,-1,
437,435,434,-1,
437,434,436,-1,
441,439,438,-1,
441,438,440,-1,
442,444,445,-1,
442,445,443,-1,
449,447,446,-1,
449,446,448,-1,
487,523,522,-1,
488,487,522,-1,
488,522,521,-1,
486,523,487,-1,
486,524,523,-1,
489,488,521,-1,
489,521,520,-1,
485,524,486,-1,
485,525,524,-1,
490,489,520,-1,
490,520,519,-1,
484,525,485,-1,
484,526,525,-1,
484,527,526,-1,
491,519,518,-1,
491,490,519,-1,
483,527,484,-1,
483,528,527,-1,
492,518,517,-1,
492,491,518,-1,
482,528,483,-1,
482,529,528,-1,
493,517,516,-1,
493,492,517,-1,
481,529,482,-1,
481,530,529,-1,
494,493,516,-1,
495,516,515,-1,
495,494,516,-1,
480,530,481,-1,
480,531,530,-1,
496,515,514,-1,
496,495,515,-1,
479,532,531,-1,
479,531,480,-1,
497,514,513,-1,
497,496,514,-1,
478,507,532,-1,
478,532,479,-1,
498,497,513,-1,
498,513,512,-1,
505,507,478,-1,
505,508,507,-1,
459,512,554,-1,
459,498,512,-1,
504,508,505,-1,
460,554,553,-1,
460,459,554,-1,
503,508,504,-1,
503,509,508,-1,
461,552,551,-1,
461,553,552,-1,
461,460,553,-1,
502,509,503,-1,
502,510,509,-1,
462,461,551,-1,
462,551,550,-1,
501,510,502,-1,
501,511,510,-1,
501,506,511,-1,
463,462,550,-1,
463,549,548,-1,
463,550,549,-1,
500,506,501,-1,
464,463,548,-1,
464,548,547,-1,
499,506,500,-1,
465,464,547,-1,
465,546,545,-1,
465,547,546,-1,
466,465,545,-1,
544,466,545,-1,
467,466,544,-1,
543,467,544,-1,
468,467,543,-1,
542,468,543,-1,
541,469,468,-1,
541,468,542,-1,
540,470,469,-1,
540,469,541,-1,
539,471,470,-1,
539,470,540,-1,
538,472,471,-1,
538,471,539,-1,
537,473,472,-1,
537,472,538,-1,
536,474,473,-1,
536,473,537,-1,
535,475,474,-1,
535,474,536,-1,
534,476,475,-1,
534,475,535,-1,
533,476,534,-1,
533,477,476,-1,
533,452,477,-1,
562,452,533,-1,
561,453,452,-1,
561,452,562,-1,
560,454,453,-1,
560,453,561,-1,
559,455,454,-1,
559,454,560,-1,
558,455,559,-1,
557,456,455,-1,
557,455,558,-1,
556,457,456,-1,
556,456,557,-1,
555,457,556,-1,
451,457,555,-1,
451,458,457,-1,
451,450,458,-1,
587,607,650,-1,
628,587,650,-1,
627,588,587,-1,
627,587,628,-1,
626,588,627,-1,
625,588,626,-1,
625,589,588,-1,
624,589,625,-1,
624,590,589,-1,
623,590,624,-1,
623,591,590,-1,
622,591,623,-1,
622,592,591,-1,
621,592,622,-1,
620,592,621,-1,
620,593,592,-1,
619,593,620,-1,
619,594,593,-1,
618,594,619,-1,
618,595,594,-1,
617,595,618,-1,
596,595,617,-1,
616,596,617,-1,
597,596,616,-1,
615,597,616,-1,
598,597,615,-1,
598,615,614,-1,
599,598,614,-1,
599,614,613,-1,
600,599,613,-1,
649,607,564,-1,
649,650,607,-1,
601,613,612,-1,
601,600,613,-1,
602,612,611,-1,
602,601,612,-1,
603,611,610,-1,
603,602,611,-1,
604,603,610,-1,
605,610,609,-1,
605,604,610,-1,
606,609,608,-1,
606,605,609,-1,
563,649,564,-1,
563,629,649,-1,
565,606,608,-1,
565,608,648,-1,
586,629,563,-1,
586,630,629,-1,
585,630,586,-1,
566,565,648,-1,
566,648,647,-1,
584,630,585,-1,
584,631,630,-1,
583,631,584,-1,
583,632,631,-1,
567,566,647,-1,
567,647,646,-1,
582,633,632,-1,
582,632,583,-1,
568,567,646,-1,
568,645,644,-1,
568,646,645,-1,
581,633,582,-1,
569,568,644,-1,
569,644,643,-1,
580,633,581,-1,
580,634,633,-1,
570,569,643,-1,
579,634,580,-1,
579,635,634,-1,
571,570,643,-1,
571,643,642,-1,
578,635,579,-1,
578,636,635,-1,
577,636,578,-1,
577,637,636,-1,
572,571,642,-1,
572,642,641,-1,
576,637,577,-1,
576,638,637,-1,
573,572,641,-1,
573,641,640,-1,
575,638,576,-1,
575,639,638,-1,
574,573,640,-1,
574,639,575,-1,
574,640,639,-1,
656,655,654,-1,
656,654,668,-1,
652,651,653,-1,
654,653,659,-1,
668,654,659,-1,
664,663,657,-1,
665,664,657,-1,
666,665,657,-1,
667,666,657,-1,
668,667,657,-1,
656,668,657,-1,
660,659,658,-1,
661,660,658,-1,
662,661,658,-1,
663,662,658,-1,
657,663,658,-1,
653,651,658,-1,
659,653,658,-1,
679,670,669,-1,
670,679,678,-1,
679,669,680,-1,
670,678,671,-1,
678,675,671,-1,
671,675,674,-1,
678,677,676,-1,
675,678,676,-1,
674,673,672,-1,
671,674,672,-1,
685,682,681,-1,
685,681,686,-1,
682,685,683,-1,
683,685,684,-1,
688,687,708,-1,
688,708,709,-1,
689,709,710,-1,
689,688,709,-1,
690,710,711,-1,
690,689,710,-1,
691,711,712,-1,
691,690,711,-1,
692,712,713,-1,
692,691,712,-1,
693,713,714,-1,
693,692,713,-1,
694,714,715,-1,
694,693,714,-1,
695,715,716,-1,
695,694,715,-1,
696,716,717,-1,
696,695,716,-1,
697,717,718,-1,
697,696,717,-1,
698,718,719,-1,
698,697,718,-1,
699,719,720,-1,
699,698,719,-1,
700,720,721,-1,
700,699,720,-1,
701,700,721,-1,
701,721,722,-1,
702,701,722,-1,
702,722,723,-1,
703,702,723,-1,
703,723,724,-1,
704,703,724,-1,
704,724,725,-1,
705,704,725,-1,
705,725,726,-1,
706,705,726,-1,
706,726,727,-1,
707,706,727,-1,
707,727,728,-1,
730,729,750,-1,
730,750,751,-1,
731,751,752,-1,
731,730,751,-1,
732,752,753,-1,
732,731,752,-1,
733,753,754,-1,
733,732,753,-1,
734,754,755,-1,
734,733,754,-1,
735,755,756,-1,
735,734,755,-1,
736,756,757,-1,
736,735,756,-1,
737,757,758,-1,
737,736,757,-1,
738,758,759,-1,
738,737,758,-1,
739,759,760,-1,
739,738,759,-1,
740,760,761,-1,
740,739,760,-1,
741,761,762,-1,
741,740,761,-1,
742,762,763,-1,
742,741,762,-1,
743,742,763,-1,
743,763,764,-1,
744,743,764,-1,
744,764,765,-1,
745,744,765,-1,
745,765,766,-1,
746,745,766,-1,
746,766,767,-1,
747,746,767,-1,
747,767,768,-1,
748,747,768,-1,
748,768,769,-1,
749,748,769,-1,
749,769,770,-1,
774,772,771,-1,
774,771,773,-1,
775,777,778,-1,
775,778,776,-1,
779,781,782,-1,
779,782,780,-1,
786,784,783,-1,
786,783,785,-1,
789,788,787,-1,
789,790,788,-1,
792,791,795,-1,
792,795,796,-1,
793,796,797,-1,
793,792,796,-1,
794,797,798,-1,
794,793,797,-1,
799,801,802,-1,
799,802,800,-1,
804,803,807,-1,
804,807,808,-1,
805,808,809,-1,
805,804,808,-1,
806,809,810,-1,
806,805,809,-1,
813,812,811,-1,
813,814,812,-1,
] } }
Shape { appearance Appearance { material Material { diffuseColor 0.768620 0.768620 0.768620 specularColor 0.15 0.15 0.15 shininess 0.4 } } geometry IndexedFaceSet { solid FALSE creaseAngle 0.6 coord Coordinate { point [
-0.4868254 0.4488189 0.0200076,
-0.4869169 0.4488189 0.0200023,
-0.4870084 0.4488189 0.0199991,
-0.4871000 0.4488189 0.0199980,
-0.4871000 0.4496950 0.0200967,
-0.4871000 0.4505271 0.0203879,
-0.4871000 0.4512736 0.0208570,
-0.4871000 0.4518970 0.0214804,
-0.4871000 0.4523660 0.0222268,
-0.4871000 0.4526572 0.0230590,
-0.4871000 0.4527559 0.0239350,
-0.4868323 0.4496950 0.0201061,
-0.4868526 0.4505271 0.0203966,
-0.4868853 0.4512736 0.0208645,
-0.4869288 0.4518970 0.0214863,
-0.4869809 0.4523660 0.0222310,
-0.4870389 0.4526572 0.0230611,
-0.4868254 0.2992126 0.0200076,
-0.4868254 0.4488189 0.0200076,
-0.4536885 0.4488189 0.0223248,
-0.4536885 0.2992126 0.0223248,
-0.4892971 0.2952756 0.0553544,
-0.4871000 0.2952756 0.0239350,
-0.4539631 0.2952756 0.0262522,
-0.4561602 0.2952756 0.0576715,
-0.4564348 0.2992126 0.0615990,
-0.4564348 0.4488189 0.0615990,
-0.4895717 0.4488189 0.0592818,
-0.4895717 0.2992126 0.0592818,
-0.4561602 0.4527559 0.0576715,
-0.4539631 0.4527559 0.0262522,
-0.4871000 0.4527559 0.0239350,
-0.4892971 0.4527559 0.0553544,
-0.4536885 0.4488189 0.0223248,
-0.4536885 0.2992126 0.0223248,
-0.4450267 0.4488189 0.0233176,
-0.4364867 0.4488189 0.0250730,
-0.4281356 0.4488189 0.0275772,
-0.4200389 0.4488189 0.0308106,
-0.4122600 0.4488189 0.0347479,
-0.4048601 0.4488189 0.0393580,
-0.3978972 0.4488189 0.0446050,
-0.3914259 0.4488189 0.0504475,
-0.3854970 0.4488189 0.0568397,
-0.3801571 0.4488189 0.0637316,
-0.3754480 0.4488189 0.0710689,
-0.3714067 0.4488189 0.0787942,
-0.3680649 0.4488189 0.0868468,
-0.3680649 0.2992126 0.0868468,
-0.3714067 0.2992126 0.0787942,
-0.3754480 0.2992126 0.0710689,
-0.3801571 0.2992126 0.0637316,
-0.3854970 0.2992126 0.0568397,
-0.3914259 0.2992126 0.0504475,
-0.3978972 0.2992126 0.0446050,
-0.4048601 0.2992126 0.0393580,
-0.4122600 0.2992126 0.0347479,
-0.4200389 0.2992126 0.0308106,
-0.4281356 0.2992126 0.0275772,
-0.4364867 0.2992126 0.0250730,
-0.4450267 0.2992126 0.0233176,
-0.4539631 0.2952756 0.0262522,
-0.4561602 0.2952756 0.0576715,
-0.4456478 0.2952756 0.0272053,
-0.4374494 0.2952756 0.0288904,
-0.4294324 0.2952756 0.0312945,
-0.4216595 0.2952756 0.0343986,
-0.4141918 0.2952756 0.0381784,
-0.4070879 0.2952756 0.0426041,
-0.4004035 0.2952756 0.0476412,
-0.3941910 0.2952756 0.0532500,
-0.3884993 0.2952756 0.0593866,
-0.3833730 0.2952756 0.0660027,
-0.3788523 0.2952756 0.0730466,
-0.3749726 0.2952756 0.0804629,
-0.3717644 0.2952756 0.0881934,
-0.4013610 0.2952756 0.0989656,
-0.4034998 0.2952756 0.0938120,
-0.4060863 0.2952756 0.0888678,
-0.4091001 0.2952756 0.0841719,
-0.4125177 0.2952756 0.0797611,
-0.4163121 0.2952756 0.0756701,
-0.4204537 0.2952756 0.0719309,
-0.4249100 0.2952756 0.0685728,
-0.4296459 0.2952756 0.0656223,
-0.4346244 0.2952756 0.0631025,
-0.4398063 0.2952756 0.0610331,
-0.4451510 0.2952756 0.0594304,
-0.4506166 0.2952756 0.0583069,
-0.4564348 0.2992126 0.0615990,
-0.4512377 0.2992126 0.0621946,
-0.4461137 0.2992126 0.0632479,
-0.4411031 0.2992126 0.0647504,
-0.4362450 0.2992126 0.0666905,
-0.4315777 0.2992126 0.0690528,
-0.4271378 0.2992126 0.0718189,
-0.4229600 0.2992126 0.0749671,
-0.4190773 0.2992126 0.0784726,
-0.4155199 0.2992126 0.0823079,
-0.4123160 0.2992126 0.0864430,
-0.4094905 0.2992126 0.0908454,
-0.4070657 0.2992126 0.0954806,
-0.4050606 0.2992126 0.1003122,
-0.4564348 0.4488189 0.0615990,
-0.4050606 0.4488189 0.1003122,
-0.4070657 0.4488189 0.0954806,
-0.4094905 0.4488189 0.0908454,
-0.4123160 0.4488189 0.0864430,
-0.4155199 0.4488189 0.0823079,
-0.4190773 0.4488189 0.0784726,
-0.4229600 0.4488189 0.0749671,
-0.4271378 0.4488189 0.0718189,
-0.4315777 0.4488189 0.0690528,
-0.4362450 0.4488189 0.0666905,
-0.4411031 0.4488189 0.0647504,
-0.4461137 0.4488189 0.0632479,
-0.4512377 0.4488189 0.0621946,
-0.4013610 0.4527559 0.0989656,
-0.3717644 0.4527559 0.0881934,
-0.3749726 0.4527559 0.0804629,
-0.3788523 0.4527559 0.0730466,
-0.3833730 0.4527559 0.0660027,
-0.3884993 0.4527559 0.0593866,
-0.3941910 0.4527559 0.0532500,
-0.4004035 0.4527559 0.0476412,
-0.4070879 0.4527559 0.0426041,
-0.4141918 0.4527559 0.0381784,
-0.4216595 0.4527559 0.0343986,
-0.4294324 0.4527559 0.0312945,
-0.4374494 0.4527559 0.0288904,
-0.4456478 0.4527559 0.0272053,
-0.4539631 0.4527559 0.0262522,
-0.4561602 0.4527559 0.0576715,
-0.4506166 0.4527559 0.0583069,
-0.4451510 0.4527559 0.0594304,
-0.4398063 0.4527559 0.0610331,
-0.4346244 0.4527559 0.0631025,
-0.4296459 0.4527559 0.0656223,
-0.4249100 0.4527559 0.0685728,
-0.4204537 0.4527559 0.0719309,
-0.4163121 0.4527559 0.0756701,
-0.4125177 0.4527559 0.0797611,
-0.4091001 0.4527559 0.0841719,
-0.4060863 0.4527559 0.0888678,
-0.4034998 0.4527559 0.0938120,
-0.3680649 0.4488189 0.0868468,
-0.3680649 0.2992126 0.0868468,
-0.3350049 0.4488189 0.1776784,
-0.3350049 0.2992126 0.1776784,
-0.3717644 0.2952756 0.0881934,
-0.4013610 0.2952756 0.0989656,
-0.3387045 0.2952756 0.1790249,
-0.3683011 0.2952756 0.1897972,
-0.3720006 0.2992126 0.1911437,
-0.3720006 0.4488189 0.1911437,
-0.4050606 0.4488189 0.1003122,
-0.4050606 0.2992126 0.1003122,
-0.3683011 0.4527559 0.1897972,
-0.3387045 0.4527559 0.1790249,
-0.3717644 0.4527559 0.0881934,
-0.4013610 0.4527559 0.0989656,
-0.2795112 0.2992126 0.2165354,
-0.2846582 0.2992126 0.2163107,
-0.2897660 0.2992126 0.2156383,
-0.2947958 0.2992126 0.2145232,
-0.2997093 0.2992126 0.2129740,
-0.3044690 0.2992126 0.2110024,
-0.3090388 0.2992126 0.2086235,
-0.3133838 0.2992126 0.2058554,
-0.3174711 0.2992126 0.2027192,
-0.3212695 0.2992126 0.1992386,
-0.3247501 0.2992126 0.1954402,
-0.3278863 0.2992126 0.1913529,
-0.3306544 0.2992126 0.1870079,
-0.3330333 0.2992126 0.1824381,
-0.3350049 0.2992126 0.1776784,
-0.2795112 0.4488189 0.2165354,
-0.3350049 0.4488189 0.1776784,
-0.3330333 0.4488189 0.1824381,
-0.3306544 0.4488189 0.1870079,
-0.3278863 0.4488189 0.1913529,
-0.3247501 0.4488189 0.1954402,
-0.3212695 0.4488189 0.1992386,
-0.3174711 0.4488189 0.2027192,
-0.3133838 0.4488189 0.2058554,
-0.3090388 0.4488189 0.2086235,
-0.3044690 0.4488189 0.2110024,
-0.2997093 0.4488189 0.2129740,
-0.2947958 0.4488189 0.2145232,
-0.2897660 0.4488189 0.2156383,
-0.2846582 0.4488189 0.2163107,
-0.3387045 0.2952756 0.1790249,
-0.3683011 0.2952756 0.1897972,
-0.3366015 0.2952756 0.1841019,
-0.3340640 0.2952756 0.1889764,
-0.3311113 0.2952756 0.1936111,
-0.3277660 0.2952756 0.1979709,
-0.3240534 0.2952756 0.2020225,
-0.3200018 0.2952756 0.2057351,
-0.3156420 0.2952756 0.2090804,
-0.3110073 0.2952756 0.2120331,
-0.3061328 0.2952756 0.2145706,
-0.3010558 0.2952756 0.2166736,
-0.2958148 0.2952756 0.2183260,
-0.2904497 0.2952756 0.2195154,
-0.2850013 0.2952756 0.2202327,
-0.2795112 0.2952756 0.2204724,
-0.2795112 0.2952756 0.2519685,
-0.2877464 0.2952756 0.2516089,
-0.2959189 0.2952756 0.2505330,
-0.3039666 0.2952756 0.2487489,
-0.3118281 0.2952756 0.2462702,
-0.3194437 0.2952756 0.2431157,
-0.3267553 0.2952756 0.2393095,
-0.3337074 0.2952756 0.2348805,
-0.3402471 0.2952756 0.2298625,
-0.3463245 0.2952756 0.2242936,
-0.3518934 0.2952756 0.2182162,
-0.3569114 0.2952756 0.2116765,
-0.3613404 0.2952756 0.2047244,
-0.3651466 0.2952756 0.1974127,
-0.2795112 0.2992126 0.2559055,
-0.2795112 0.4488189 0.2559055,
-0.2880895 0.4488189 0.2555310,
-0.2966026 0.4488189 0.2544102,
-0.3049855 0.4488189 0.2525518,
-0.3131746 0.4488189 0.2499697,
-0.3211075 0.4488189 0.2466838,
-0.3287238 0.4488189 0.2427190,
-0.3359656 0.4488189 0.2381055,
-0.3427777 0.4488189 0.2328784,
-0.3491083 0.4488189 0.2270774,
-0.3549093 0.4488189 0.2207468,
-0.3601364 0.4488189 0.2139347,
-0.3647499 0.4488189 0.2066929,
-0.3687147 0.4488189 0.1990766,
-0.3720006 0.4488189 0.1911437,
-0.3720006 0.2992126 0.1911437,
-0.3687147 0.2992126 0.1990766,
-0.3647499 0.2992126 0.2066929,
-0.3601364 0.2992126 0.2139347,
-0.3549093 0.2992126 0.2207468,
-0.3491083 0.2992126 0.2270774,
-0.3427777 0.2992126 0.2328784,
-0.3359656 0.2992126 0.2381055,
-0.3287238 0.2992126 0.2427190,
-0.3211075 0.2992126 0.2466838,
-0.3131746 0.2992126 0.2499697,
-0.3049855 0.2992126 0.2525518,
-0.2966026 0.2992126 0.2544102,
-0.2880895 0.2992126 0.2555310,
-0.2795112 0.4527559 0.2519685,
-0.2795112 0.4527559 0.2204724,
-0.2850013 0.4527559 0.2202327,
-0.2904497 0.4527559 0.2195154,
-0.2958148 0.4527559 0.2183260,
-0.3010558 0.4527559 0.2166736,
-0.3061328 0.4527559 0.2145706,
-0.3110073 0.4527559 0.2120331,
-0.3156420 0.4527559 0.2090804,
-0.3200018 0.4527559 0.2057351,
-0.3240534 0.4527559 0.2020225,
-0.3277660 0.4527559 0.1979709,
-0.3311113 0.4527559 0.1936111,
-0.3340640 0.4527559 0.1889764,
-0.3366015 0.4527559 0.1841019,
-0.3387045 0.4527559 0.1790249,
-0.3683011 0.4527559 0.1897972,
-0.3651466 0.4527559 0.1974127,
-0.3613404 0.4527559 0.2047244,
-0.3569114 0.4527559 0.2116765,
-0.3518934 0.4527559 0.2182162,
-0.3463245 0.4527559 0.2242936,
-0.3402471 0.4527559 0.2298625,
-0.3337074 0.4527559 0.2348805,
-0.3267553 0.4527559 0.2393095,
-0.3194437 0.4527559 0.2431157,
-0.3118281 0.4527559 0.2462702,
-0.3039666 0.4527559 0.2487489,
-0.2959189 0.4527559 0.2505330,
-0.2877464 0.4527559 0.2516089,
-0.2795112 0.4527559 0.2519685,
-0.2559055 0.4527559 0.2519685,
-0.2795112 0.4527559 0.2204724,
-0.2559055 0.4527559 0.2204724,
-0.2559055 0.2992126 0.2165354,
-0.2795112 0.2992126 0.2165354,
-0.2559055 0.4488189 0.2165354,
-0.2795112 0.4488189 0.2165354,
-0.2559055 0.2952756 0.2519685,
-0.2795112 0.2952756 0.2519685,
-0.2559055 0.2952756 0.2204724,
-0.2795112 0.2952756 0.2204724,
-0.2795112 0.2992126 0.2559055,
-0.2559055 0.2992126 0.2559055,
-0.2795112 0.4488189 0.2559055,
-0.2559055 0.4488189 0.2559055,
-0.4910275 0.2992126 0.0236604,
-0.4932245 0.2992126 0.0550797,
-0.4932245 0.4488189 0.0550797,
-0.4910275 0.4488189 0.0236604,
-0.2559055 0.2952756 0.2204724,
-0.2559055 0.2953743 0.2195964,
-0.2559055 0.2956655 0.2187642,
-0.2559055 0.2961345 0.2180178,
-0.2559055 0.2967579 0.2173944,
-0.2559055 0.2975044 0.2169253,
-0.2559055 0.2983365 0.2166341,
-0.2559055 0.2992126 0.2165354,
-0.2559055 0.2952756 0.2519685,
-0.2559055 0.2992126 0.2559055,
-0.2559055 0.2983365 0.2558068,
-0.2559055 0.2975044 0.2555156,
-0.2559055 0.2967579 0.2550466,
-0.2559055 0.2961345 0.2544232,
-0.2559055 0.2956655 0.2536767,
-0.2559055 0.2953743 0.2528446,
-0.2559055 0.4488189 0.2559055,
-0.2559055 0.4527559 0.2519685,
-0.2559055 0.4526572 0.2528446,
-0.2559055 0.4523660 0.2536767,
-0.2559055 0.4518970 0.2544232,
-0.2559055 0.4512736 0.2550466,
-0.2559055 0.4505271 0.2555156,
-0.2559055 0.4496950 0.2558068,
-0.2559055 0.4527559 0.2204724,
-0.2559055 0.4488189 0.2165354,
-0.2559055 0.4496950 0.2166341,
-0.2559055 0.4505271 0.2169253,
-0.2559055 0.4512736 0.2173944,
-0.2559055 0.4518970 0.2180178,
-0.2559055 0.4523660 0.2187642,
-0.2559055 0.4526572 0.2195964,
-0.2559055 0.2992126 0.2559055,
-0.2559055 0.2983365 0.2558068,
-0.2559055 0.2975044 0.2555156,
-0.2559055 0.2967579 0.2550466,
-0.2559055 0.2961345 0.2544232,
-0.2559055 0.2956655 0.2536767,
-0.2559055 0.2953743 0.2528446,
-0.2559055 0.2952756 0.2519685,
-0.2795112 0.2992126 0.2559055,
-0.2795112 0.2952756 0.2519685,
-0.2795112 0.2953743 0.2528446,
-0.2795112 0.2956655 0.2536767,
-0.2795112 0.2961345 0.2544232,
-0.2795112 0.2967579 0.2550466,
-0.2795112 0.2975044 0.2555156,
-0.2795112 0.2983365 0.2558068,
-0.2795112 0.2952756 0.2519685,
-0.2795112 0.2953743 0.2528446,
-0.2795112 0.2956655 0.2536767,
-0.2795112 0.2961345 0.2544232,
-0.2795112 0.2967579 0.2550466,
-0.2795112 0.2975044 0.2555156,
-0.2795112 0.2983365 0.2558068,
-0.2795112 0.2992126 0.2559055,
-0.3720006 0.2992126 0.1911437,
-0.3687147 0.2992126 0.1990766,
-0.3647499 0.2992126 0.2066929,
-0.3601364 0.2992126 0.2139347,
-0.3549093 0.2992126 0.2207468,
-0.3491083 0.2992126 0.2270774,
-0.3427777 0.2992126 0.2328784,
-0.3359656 0.2992126 0.2381055,
-0.3287238 0.2992126 0.2427190,
-0.3211075 0.2992126 0.2466838,
-0.3131746 0.2992126 0.2499697,
-0.3049855 0.2992126 0.2525518,
-0.2966026 0.2992126 0.2544102,
-0.2880895 0.2992126 0.2555310,
-0.3683011 0.2952756 0.1897972,
-0.3691243 0.2953743 0.1900968,
-0.3699063 0.2956655 0.1903814,
-0.3706077 0.2961345 0.1906367,
-0.3711935 0.2967579 0.1908499,
-0.3716343 0.2975044 0.1910104,
-0.3719079 0.2983365 0.1911100,
-0.2877464 0.2952756 0.2516089,
-0.2959189 0.2952756 0.2505330,
-0.3039666 0.2952756 0.2487489,
-0.3118281 0.2952756 0.2462702,
-0.3194437 0.2952756 0.2431157,
-0.3267553 0.2952756 0.2393095,
-0.3337074 0.2952756 0.2348805,
-0.3402471 0.2952756 0.2298625,
-0.3463245 0.2952756 0.2242936,
-0.3518934 0.2952756 0.2182162,
-0.3569114 0.2952756 0.2116765,
-0.3613404 0.2952756 0.2047244,
-0.3651466 0.2952756 0.1974127,
-0.2880809 0.2983365 0.2554326,
-0.2880556 0.2975044 0.2551426,
-0.2880147 0.2967579 0.2546753,
-0.2879603 0.2961345 0.2540543,
-0.2878953 0.2956655 0.2533107,
-0.2878228 0.2953743 0.2524817,
-0.2965854 0.2983365 0.2543130,
-0.2965349 0.2975044 0.2540262,
-0.2964534 0.2967579 0.2535643,
-0.2963452 0.2961345 0.2529504,
-0.2962155 0.2956655 0.2522153,
-0.2960710 0.2953743 0.2513958,
-0.3049600 0.2983365 0.2524564,
-0.3048846 0.2975044 0.2521752,
-0.3047632 0.2967579 0.2517221,
-0.3046019 0.2961345 0.2511199,
-0.3044087 0.2956655 0.2503989,
-0.3041933 0.2953743 0.2495951,
-0.3131409 0.2983365 0.2498770,
-0.3130413 0.2975044 0.2496034,
-0.3128808 0.2967579 0.2491626,
-0.3126676 0.2961345 0.2485768,
-0.3124123 0.2956655 0.2478754,
-0.3121277 0.2953743 0.2470934,
-0.3210658 0.2983365 0.2465944,
-0.3209427 0.2975044 0.2463305,
-0.3207445 0.2967579 0.2459054,
-0.3204810 0.2961345 0.2453404,
-0.3201656 0.2956655 0.2446639,
-0.3198139 0.2953743 0.2439097,
-0.3286745 0.2983365 0.2426336,
-0.3285289 0.2975044 0.2423814,
-0.3282944 0.2967579 0.2419752,
-0.3279827 0.2961345 0.2414353,
-0.3276094 0.2956655 0.2407888,
-0.3271933 0.2953743 0.2400682,
-0.3359090 0.2983365 0.2380247,
-0.3357420 0.2975044 0.2377861,
-0.3354729 0.2967579 0.2374019,
-0.3351154 0.2961345 0.2368913,
-0.3346872 0.2956655 0.2362798,
-0.3342099 0.2953743 0.2355981,
-0.3427143 0.2983365 0.2328028,
-0.3425271 0.2975044 0.2325797,
-0.3422256 0.2967579 0.2322204,
-0.3418249 0.2961345 0.2317429,
-0.3413451 0.2956655 0.2311710,
-0.3408102 0.2953743 0.2305336,
-0.3490385 0.2983365 0.2270076,
-0.3488327 0.2975044 0.2268017,
-0.3485010 0.2967579 0.2264701,
-0.3480602 0.2961345 0.2260293,
-0.3475323 0.2956655 0.2255014,
-0.3469439 0.2953743 0.2249130,
-0.3548337 0.2983365 0.2206834,
-0.3546106 0.2975044 0.2204962,
-0.3542513 0.2967579 0.2201947,
-0.3537738 0.2961345 0.2197940,
-0.3532019 0.2956655 0.2193142,
-0.3525645 0.2953743 0.2187793,
-0.3600556 0.2983365 0.2138781,
-0.3598170 0.2975044 0.2137111,
-0.3594328 0.2967579 0.2134420,
-0.3589222 0.2961345 0.2130845,
-0.3583107 0.2956655 0.2126563,
-0.3576290 0.2953743 0.2121790,
-0.3646645 0.2983365 0.2066436,
-0.3644123 0.2975044 0.2064980,
-0.3640061 0.2967579 0.2062634,
-0.3634662 0.2961345 0.2059518,
-0.3628197 0.2956655 0.2055785,
-0.3620991 0.2953743 0.2051624,
-0.3686253 0.2983365 0.1990349,
-0.3683614 0.2975044 0.1989118,
-0.3679363 0.2967579 0.1987136,
-0.3673713 0.2961345 0.1984501,
-0.3666948 0.2956655 0.1981347,
-0.3659406 0.2953743 0.1977830,
-0.2559055 0.4527559 0.2519685,
-0.2559055 0.4526572 0.2528446,
-0.2559055 0.4523660 0.2536767,
-0.2559055 0.4518970 0.2544232,
-0.2559055 0.4512736 0.2550466,
-0.2559055 0.4505271 0.2555156,
-0.2559055 0.4496950 0.2558068,
-0.2559055 0.4488189 0.2559055,
-0.2795112 0.4527559 0.2519685,
-0.2795112 0.4488189 0.2559055,
-0.2795112 0.4496950 0.2558068,
-0.2795112 0.4505271 0.2555156,
-0.2795112 0.4512736 0.2550466,
-0.2795112 0.4518970 0.2544232,
-0.2795112 0.4523660 0.2536767,
-0.2795112 0.4526572 0.2528446,
-0.3683011 0.2952756 0.1897972,
-0.3691243 0.2953743 0.1900968,
-0.3699063 0.2956655 0.1903814,
-0.3706077 0.2961345 0.1906367,
-0.3711935 0.2967579 0.1908499,
-0.3716343 0.2975044 0.1910104,
-0.3719079 0.2983365 0.1911100,
-0.3720006 0.2992126 0.1911437,
-0.4050606 0.2992126 0.1003122,
-0.4013610 0.2952756 0.0989656,
-0.4021843 0.2953743 0.0992653,
-0.4029662 0.2956655 0.0995499,
-0.4036677 0.2961345 0.0998052,
-0.4042535 0.2967579 0.1000184,
-0.4046943 0.2975044 0.1001788,
-0.4049679 0.2983365 0.1002784,
-0.2559055 0.2952756 0.2204724,
-0.2559055 0.2953743 0.2195964,
-0.2559055 0.2956655 0.2187642,
-0.2559055 0.2961345 0.2180178,
-0.2559055 0.2967579 0.2173944,
-0.2559055 0.2975044 0.2169253,
-0.2559055 0.2983365 0.2166341,
-0.2559055 0.2992126 0.2165354,
-0.2795112 0.2952756 0.2204724,
-0.2795112 0.2992126 0.2165354,
-0.2795112 0.2983365 0.2166341,
-0.2795112 0.2975044 0.2169253,
-0.2795112 0.2967579 0.2173944,
-0.2795112 0.2961345 0.2180178,
-0.2795112 0.2956655 0.2187642,
-0.2795112 0.2953743 0.2195964,
-0.2795112 0.4488189 0.2559055,
-0.2795112 0.4496950 0.2558068,
-0.2795112 0.4505271 0.2555156,
-0.2795112 0.4512736 0.2550466,
-0.2795112 0.4518970 0.2544232,
-0.2795112 0.4523660 0.2536767,
-0.2795112 0.4526572 0.2528446,
-0.2795112 0.4527559 0.2519685,
-0.3683011 0.4527559 0.1897972,
-0.3651466 0.4527559 0.1974127,
-0.3613404 0.4527559 0.2047244,
-0.3569114 0.4527559 0.2116765,
-0.3518934 0.4527559 0.2182162,
-0.3463245 0.4527559 0.2242936,
-0.3402471 0.4527559 0.2298625,
-0.3337074 0.4527559 0.2348805,
-0.3267553 0.4527559 0.2393095,
-0.3194437 0.4527559 0.2431157,
-0.3118281 0.4527559 0.2462702,
-0.3039666 0.4527559 0.2487489,
-0.2959189 0.4527559 0.2505330,
-0.2877464 0.4527559 0.2516089,
-0.3720006 0.4488189 0.1911437,
-0.3719079 0.4496950 0.1911100,
-0.3716343 0.4505271 0.1910104,
-0.3711935 0.4512736 0.1908499,
-0.3706077 0.4518970 0.1906367,
-0.3699063 0.4523660 0.1903814,
-0.3691243 0.4526572 0.1900968,
-0.2880895 0.4488189 0.2555310,
-0.2966026 0.4488189 0.2544102,
-0.3049855 0.4488189 0.2525518,
-0.3131746 0.4488189 0.2499697,
-0.3211075 0.4488189 0.2466838,
-0.3287238 0.4488189 0.2427190,
-0.3359656 0.4488189 0.2381055,
-0.3427777 0.4488189 0.2328784,
-0.3491083 0.4488189 0.2270774,
-0.3549093 0.4488189 0.2207468,
-0.3601364 0.4488189 0.2139347,
-0.3647499 0.4488189 0.2066929,
-0.3687147 0.4488189 0.1990766,
-0.3686253 0.4496950 0.1990349,
-0.3683614 0.4505271 0.1989118,
-0.3679363 0.4512736 0.1987136,
-0.3673713 0.4518970 0.1984501,
-0.3666948 0.4523660 0.1981347,
-0.3659406 0.4526572 0.1977830,
-0.3646645 0.4496950 0.2066436,
-0.3644123 0.4505271 0.2064980,
-0.3640061 0.4512736 0.2062634,
-0.3634662 0.4518970 0.2059518,
-0.3628197 0.4523660 0.2055785,
-0.3620991 0.4526572 0.2051624,
-0.3600556 0.4496950 0.2138781,
-0.3598170 0.4505271 0.2137111,
-0.3594328 0.4512736 0.2134420,
-0.3589222 0.4518970 0.2130845,
-0.3583107 0.4523660 0.2126563,
-0.3576290 0.4526572 0.2121790,
-0.3548337 0.4496950 0.2206834,
-0.3546106 0.4505271 0.2204962,
-0.3542513 0.4512736 0.2201947,
-0.3537738 0.4518970 0.2197940,
-0.3532019 0.4523660 0.2193142,
-0.3525645 0.4526572 0.2187793,
-0.3490385 0.4496950 0.2270076,
-0.3488327 0.4505271 0.2268017,
-0.3485010 0.4512736 0.2264701,
-0.3480602 0.4518970 0.2260293,
-0.3475323 0.4523660 0.2255014,
-0.3469439 0.4526572 0.2249130,
-0.3427143 0.4496950 0.2328028,
-0.3425271 0.4505271 0.2325797,
-0.3422256 0.4512736 0.2322204,
-0.3418249 0.4518970 0.2317429,
-0.3413451 0.4523660 0.2311710,
-0.3408102 0.4526572 0.2305336,
-0.3359090 0.4496950 0.2380247,
-0.3357420 0.4505271 0.2377861,
-0.3354729 0.4512736 0.2374019,
-0.3351154 0.4518970 0.2368913,
-0.3346872 0.4523660 0.2362798,
-0.3342099 0.4526572 0.2355981,
-0.3286745 0.4496950 0.2426336,
-0.3285289 0.4505271 0.2423814,
-0.3282944 0.4512736 0.2419752,
-0.3279827 0.4518970 0.2414353,
-0.3276094 0.4523660 0.2407888,
-0.3271933 0.4526572 0.2400682,
-0.3210658 0.4496950 0.2465944,
-0.3209427 0.4505271 0.2463305,
-0.3207445 0.4512736 0.2459054,
-0.3204810 0.4518970 0.2453404,
-0.3201656 0.4523660 0.2446639,
-0.3198139 0.4526572 0.2439097,
-0.3131409 0.4496950 0.2498770,
-0.3130413 0.4505271 0.2496034,
-0.3128808 0.4512736 0.2491626,
-0.3126676 0.4518970 0.2485768,
-0.3124123 0.4523660 0.2478754,
-0.3121277 0.4526572 0.2470934,
-0.3049600 0.4496950 0.2524564,
-0.3048846 0.4505271 0.2521752,
-0.3047632 0.4512736 0.2517221,
-0.3046019 0.4518970 0.2511199,
-0.3044087 0.4523660 0.2503989,
-0.3041933 0.4526572 0.2495951,
-0.2965854 0.4496950 0.2543130,
-0.2965349 0.4505271 0.2540262,
-0.2964534 0.4512736 0.2535643,
-0.2963452 0.4518970 0.2529504,
-0.2962155 0.4523660 0.2522153,
-0.2960710 0.4526572 0.2513958,
-0.2880809 0.4496950 0.2554326,
-0.2880556 0.4505271 0.2551426,
-0.2880147 0.4512736 0.2546753,
-0.2879603 0.4518970 0.2540543,
-0.2878953 0.4523660 0.2533107,
-0.2878228 0.4526572 0.2524817,
-0.4013610 0.2952756 0.0989656,
-0.4021843 0.2953743 0.0992653,
-0.4029662 0.2956655 0.0995499,
-0.4036677 0.2961345 0.0998052,
-0.4042535 0.2967579 0.1000184,
-0.4046943 0.2975044 0.1001788,
-0.4049679 0.2983365 0.1002784,
-0.4050606 0.2992126 0.1003122,
-0.4564348 0.2992126 0.0615990,
-0.4512377 0.2992126 0.0621946,
-0.4461137 0.2992126 0.0632479,
-0.4411031 0.2992126 0.0647504,
-0.4362450 0.2992126 0.0666905,
-0.4315777 0.2992126 0.0690528,
-0.4271378 0.2992126 0.0718189,
-0.4229600 0.2992126 0.0749671,
-0.4190773 0.2992126 0.0784726,
-0.4155199 0.2992126 0.0823079,
-0.4123160 0.2992126 0.0864430,
-0.4094905 0.2992126 0.0908454,
-0.4070657 0.2992126 0.0954806,
-0.4561602 0.2952756 0.0576715,
-0.4562213 0.2953743 0.0585455,
-0.4562793 0.2956655 0.0593756,
-0.4563314 0.2961345 0.0601202,
-0.4563749 0.2967579 0.0607421,
-0.4564076 0.2975044 0.0612100,
-0.4564279 0.2983365 0.0615005,
-0.4034998 0.2952756 0.0938120,
-0.4060863 0.2952756 0.0888678,
-0.4091001 0.2952756 0.0841719,
-0.4125177 0.2952756 0.0797611,
-0.4163121 0.2952756 0.0756701,
-0.4204537 0.2952756 0.0719309,
-0.4249100 0.2952756 0.0685728,
-0.4296459 0.2952756 0.0656223,
-0.4346244 0.2952756 0.0631025,
-0.4398063 0.2952756 0.0610331,
-0.4451510 0.2952756 0.0594304,
-0.4506166 0.2952756 0.0583069,
-0.4507548 0.2953743 0.0591720,
-0.4508861 0.2956655 0.0599937,
-0.4510039 0.2961345 0.0607309,
-0.4511022 0.2967579 0.0613464,
-0.4511762 0.2975044 0.0618096,
-0.4512222 0.2983365 0.0620972,
-0.4453653 0.2953743 0.0602798,
-0.4455687 0.2956655 0.0610867,
-0.4457513 0.2961345 0.0618105,
-0.4459037 0.2967579 0.0624150,
-0.4460184 0.2975044 0.0628698,
-0.4460896 0.2983365 0.0631521,
-0.4400949 0.2953743 0.0618603,
-0.4403690 0.2956655 0.0626460,
-0.4406148 0.2961345 0.0633508,
-0.4408202 0.2967579 0.0639394,
-0.4409747 0.2975044 0.0643823,
-0.4410706 0.2983365 0.0646572,
-0.4349850 0.2953743 0.0639009,
-0.4353276 0.2956655 0.0646592,
-0.4356348 0.2961345 0.0653395,
-0.4358915 0.2967579 0.0659077,
-0.4360845 0.2975044 0.0663351,
-0.4362044 0.2983365 0.0666005,
-0.4300758 0.2953743 0.0663857,
-0.4304841 0.2956655 0.0671107,
-0.4308504 0.2961345 0.0677612,
-0.4311563 0.2967579 0.0683044,
-0.4313864 0.2975044 0.0687131,
-0.4315293 0.2983365 0.0689668,
-0.4254057 0.2953743 0.0692951,
-0.4258766 0.2956655 0.0699812,
-0.4262990 0.2961345 0.0705967,
-0.4266517 0.2967579 0.0711107,
-0.4269172 0.2975044 0.0714974,
-0.4270819 0.2983365 0.0717375,
-0.4210114 0.2953743 0.0726065,
-0.4215412 0.2956655 0.0732482,
-0.4220164 0.2961345 0.0738239,
-0.4224132 0.2967579 0.0743047,
-0.4227118 0.2975044 0.0746664,
-0.4228972 0.2983365 0.0748909,
-0.4169274 0.2953743 0.0762937,
-0.4175119 0.2956655 0.0768860,
-0.4180362 0.2961345 0.0774174,
-0.4184740 0.2967579 0.0778612,
-0.4188034 0.2975044 0.0781950,
-0.4190079 0.2983365 0.0784023,
-0.4131857 0.2953743 0.0803278,
-0.4138203 0.2956655 0.0808661,
-0.4143895 0.2961345 0.0813490,
-0.4148649 0.2967579 0.0817523,
-0.4152226 0.2975044 0.0820557,
-0.4154447 0.2983365 0.0822441,
-0.4098157 0.2953743 0.0846773,
-0.4104954 0.2956655 0.0851573,
-0.4111052 0.2961345 0.0855879,
-0.4116144 0.2967579 0.0859475,
-0.4119975 0.2975044 0.0862181,
-0.4122354 0.2983365 0.0863861,
-0.4068438 0.2953743 0.0893079,
-0.4075633 0.2956655 0.0897259,
-0.4082088 0.2961345 0.0901008,
-0.4087478 0.2967579 0.0904140,
-0.4091534 0.2975044 0.0906496,
-0.4094052 0.2983365 0.0907959,
-0.4042933 0.2953743 0.0941833,
-0.4050470 0.2956655 0.0945360,
-0.4057231 0.2961345 0.0948524,
-0.4062878 0.2967579 0.0951166,
-0.4067126 0.2975044 0.0953154,
-0.4069763 0.2983365 0.0954388,
-0.2795112 0.2992126 0.2165354,
-0.2795112 0.2983365 0.2166341,
-0.2795112 0.2975044 0.2169253,
-0.2795112 0.2967579 0.2173944,
-0.2795112 0.2961345 0.2180178,
-0.2795112 0.2956655 0.2187642,
-0.2795112 0.2953743 0.2195964,
-0.2795112 0.2952756 0.2204724,
-0.3387045 0.2952756 0.1790249,
-0.3366015 0.2952756 0.1841019,
-0.3340640 0.2952756 0.1889764,
-0.3311113 0.2952756 0.1936111,
-0.3277660 0.2952756 0.1979709,
-0.3240534 0.2952756 0.2020225,
-0.3200018 0.2952756 0.2057351,
-0.3156420 0.2952756 0.2090804,
-0.3110073 0.2952756 0.2120331,
-0.3061328 0.2952756 0.2145706,
-0.3010558 0.2952756 0.2166736,
-0.2958148 0.2952756 0.2183260,
-0.2904497 0.2952756 0.2195154,
-0.2850013 0.2952756 0.2202327,
-0.3350049 0.2992126 0.1776784,
-0.3350976 0.2983365 0.1777121,
-0.3353712 0.2975044 0.1778117,
-0.3358120 0.2967579 0.1779721,
-0.3363978 0.2961345 0.1781853,
-0.3370993 0.2956655 0.1784407,
-0.3378812 0.2953743 0.1787253,
-0.2846582 0.2992126 0.2163107,
-0.2897660 0.2992126 0.2156383,
-0.2947958 0.2992126 0.2145232,
-0.2997093 0.2992126 0.2129740,
-0.3044690 0.2992126 0.2110024,
-0.3090388 0.2992126 0.2086235,
-0.3133838 0.2992126 0.2058554,
-0.3174711 0.2992126 0.2027192,
-0.3212695 0.2992126 0.1992386,
-0.3247501 0.2992126 0.1954402,
-0.3278863 0.2992126 0.1913529,
-0.3306544 0.2992126 0.1870079,
-0.3330333 0.2992126 0.1824381,
-0.2849250 0.2953743 0.2193600,
-0.2848525 0.2956655 0.2185310,
-0.2847874 0.2961345 0.2177874,
-0.2847331 0.2967579 0.2171664,
-0.2846922 0.2975044 0.2166991,
-0.2846668 0.2983365 0.2164090,
-0.2902976 0.2953743 0.2186527,
-0.2901531 0.2956655 0.2178332,
-0.2900234 0.2961345 0.2170981,
-0.2899152 0.2967579 0.2164841,
-0.2898337 0.2975044 0.2160222,
-0.2897832 0.2983365 0.2157355,
-0.2955880 0.2953743 0.2174798,
-0.2953727 0.2956655 0.2166760,
-0.2951795 0.2961345 0.2159550,
-0.2950181 0.2967579 0.2153528,
-0.2948967 0.2975044 0.2148998,
-0.2948214 0.2983365 0.2146185,
-0.3007562 0.2953743 0.2158503,
-0.3004716 0.2956655 0.2150684,
-0.3002162 0.2961345 0.2143669,
-0.3000030 0.2967579 0.2137811,
-0.2998426 0.2975044 0.2133403,
-0.2997430 0.2983365 0.2130667,
-0.3057626 0.2953743 0.2137766,
-0.3054109 0.2956655 0.2130224,
-0.3050954 0.2961345 0.2123459,
-0.3048320 0.2967579 0.2117809,
-0.3046338 0.2975044 0.2113558,
-0.3045107 0.2983365 0.2110919,
-0.3105692 0.2953743 0.2112744,
-0.3101532 0.2956655 0.2105537,
-0.3097799 0.2961345 0.2099073,
-0.3094682 0.2967579 0.2093674,
-0.3092337 0.2975044 0.2089612,
-0.3090881 0.2983365 0.2087090,
-0.3151395 0.2953743 0.2083628,
-0.3146622 0.2956655 0.2076812,
-0.3142341 0.2961345 0.2070697,
-0.3138765 0.2967579 0.2065590,
-0.3136075 0.2975044 0.2061748,
-0.3134405 0.2983365 0.2059363,
-0.3194387 0.2953743 0.2050640,
-0.3189038 0.2956655 0.2044265,
-0.3184239 0.2961345 0.2038547,
-0.3180232 0.2967579 0.2033771,
-0.3177217 0.2975044 0.2030178,
-0.3175346 0.2983365 0.2027948,
-0.3234339 0.2953743 0.2014030,
-0.3228455 0.2956655 0.2008146,
-0.3223177 0.2961345 0.2002868,
-0.3218768 0.2967579 0.1998459,
-0.3215452 0.2975044 0.1995143,
-0.3213393 0.2983365 0.1993084,
-0.3270949 0.2953743 0.1974077,
-0.3264574 0.2956655 0.1968729,
-0.3258856 0.2961345 0.1963930,
-0.3254080 0.2967579 0.1959923,
-0.3250487 0.2975044 0.1956908,
-0.3248257 0.2983365 0.1955037,
-0.3303937 0.2953743 0.1931086,
-0.3297121 0.2956655 0.1926313,
-0.3291006 0.2961345 0.1922032,
-0.3285899 0.2967579 0.1918456,
-0.3282057 0.2975044 0.1915766,
-0.3279672 0.2983365 0.1914096,
-0.3333053 0.2953743 0.1885383,
-0.3325847 0.2956655 0.1881223,
-0.3319382 0.2961345 0.1877490,
-0.3313983 0.2967579 0.1874373,
-0.3309921 0.2975044 0.1872028,
-0.3307399 0.2983365 0.1870572,
-0.3358075 0.2953743 0.1837317,
-0.3350533 0.2956655 0.1833800,
-0.3343768 0.2961345 0.1830645,
-0.3338118 0.2967579 0.1828011,
-0.3333867 0.2975044 0.1826029,
-0.3331228 0.2983365 0.1824798,
-0.3720006 0.4488189 0.1911437,
-0.3719079 0.4496950 0.1911100,
-0.3716343 0.4505271 0.1910104,
-0.3711935 0.4512736 0.1908499,
-0.3706077 0.4518970 0.1906367,
-0.3699063 0.4523660 0.1903814,
-0.3691243 0.4526572 0.1900968,
-0.3683011 0.4527559 0.1897972,
-0.4013610 0.4527559 0.0989656,
-0.4050606 0.4488189 0.1003122,
-0.4049679 0.4496950 0.1002784,
-0.4046943 0.4505271 0.1001788,
-0.4042535 0.4512736 0.1000184,
-0.4036677 0.4518970 0.0998052,
-0.4029662 0.4523660 0.0995499,
-0.4021843 0.4526572 0.0992653,
-0.4561602 0.2952756 0.0576715,
-0.4562213 0.2953743 0.0585455,
-0.4562793 0.2956655 0.0593756,
-0.4563314 0.2961345 0.0601202,
-0.4563749 0.2967579 0.0607421,
-0.4564076 0.2975044 0.0612100,
-0.4564279 0.2983365 0.0615005,
-0.4564348 0.2992126 0.0615990,
-0.4895717 0.2992126 0.0592818,
-0.4892971 0.2952756 0.0553544,
-0.4893582 0.2953743 0.0562283,
-0.4894163 0.2956655 0.0570584,
-0.4894683 0.2961345 0.0578031,
-0.4895118 0.2967579 0.0584250,
-0.4895445 0.2975044 0.0588929,
-0.4895648 0.2983365 0.0591833,
-0.3350049 0.2992126 0.1776784,
-0.3350976 0.2983365 0.1777121,
-0.3353712 0.2975044 0.1778117,
-0.3358120 0.2967579 0.1779721,
-0.3363978 0.2961345 0.1781853,
-0.3370993 0.2956655 0.1784407,
-0.3378812 0.2953743 0.1787253,
-0.3387045 0.2952756 0.1790249,
-0.3717644 0.2952756 0.0881934,
-0.3680649 0.2992126 0.0868468,
-0.3681576 0.2983365 0.0868806,
-0.3684312 0.2975044 0.0869802,
-0.3688720 0.2967579 0.0871406,
-0.3694578 0.2961345 0.0873538,
-0.3701592 0.2956655 0.0876091,
-0.3709412 0.2953743 0.0878937,
-0.4050606 0.4488189 0.1003122,
-0.4049679 0.4496950 0.1002784,
-0.4046943 0.4505271 0.1001788,
-0.4042535 0.4512736 0.1000184,
-0.4036677 0.4518970 0.0998052,
-0.4029662 0.4523660 0.0995499,
-0.4021843 0.4526572 0.0992653,
-0.4013610 0.4527559 0.0989656,
-0.4561602 0.4527559 0.0576715,
-0.4506166 0.4527559 0.0583069,
-0.4451510 0.4527559 0.0594304,
-0.4398063 0.4527559 0.0610331,
-0.4346244 0.4527559 0.0631025,
-0.4296459 0.4527559 0.0656223,
-0.4249100 0.4527559 0.0685728,
-0.4204537 0.4527559 0.0719309,
-0.4163121 0.4527559 0.0756701,
-0.4125177 0.4527559 0.0797611,
-0.4091001 0.4527559 0.0841719,
-0.4060863 0.4527559 0.0888678,
-0.4034998 0.4527559 0.0938120,
-0.4564348 0.4488189 0.0615990,
-0.4564279 0.4496950 0.0615005,
-0.4564076 0.4505271 0.0612100,
-0.4563749 0.4512736 0.0607421,
-0.4563314 0.4518970 0.0601202,
-0.4562793 0.4523660 0.0593756,
-0.4562213 0.4526572 0.0585455,
-0.4070657 0.4488189 0.0954806,
-0.4094905 0.4488189 0.0908454,
-0.4123160 0.4488189 0.0864430,
-0.4155199 0.4488189 0.0823079,
-0.4190773 0.4488189 0.0784726,
-0.4229600 0.4488189 0.0749671,
-0.4271378 0.4488189 0.0718189,
-0.4315777 0.4488189 0.0690528,
-0.4362450 0.4488189 0.0666905,
-0.4411031 0.4488189 0.0647504,
-0.4461137 0.4488189 0.0632479,
-0.4512377 0.4488189 0.0621946,
-0.4042933 0.4526572 0.0941833,
-0.4050470 0.4523660 0.0945360,
-0.4057231 0.4518970 0.0948524,
-0.4062878 0.4512736 0.0951166,
-0.4067126 0.4505271 0.0953154,
-0.4069763 0.4496950 0.0954388,
-0.4068438 0.4526572 0.0893079,
-0.4075633 0.4523660 0.0897259,
-0.4082088 0.4518970 0.0901008,
-0.4087478 0.4512736 0.0904140,
-0.4091534 0.4505271 0.0906496,
-0.4094052 0.4496950 0.0907959,
-0.4098157 0.4526572 0.0846773,
-0.4104954 0.4523660 0.0851573,
-0.4111052 0.4518970 0.0855879,
-0.4116144 0.4512736 0.0859475,
-0.4119975 0.4505271 0.0862181,
-0.4122354 0.4496950 0.0863861,
-0.4131857 0.4526572 0.0803278,
-0.4138203 0.4523660 0.0808661,
-0.4143895 0.4518970 0.0813490,
-0.4148649 0.4512736 0.0817523,
-0.4152226 0.4505271 0.0820557,
-0.4154447 0.4496950 0.0822441,
-0.4169274 0.4526572 0.0762937,
-0.4175119 0.4523660 0.0768860,
-0.4180362 0.4518970 0.0774174,
-0.4184740 0.4512736 0.0778612,
-0.4188034 0.4505271 0.0781950,
-0.4190079 0.4496950 0.0784023,
-0.4210114 0.4526572 0.0726065,
-0.4215412 0.4523660 0.0732482,
-0.4220164 0.4518970 0.0738239,
-0.4224132 0.4512736 0.0743047,
-0.4227118 0.4505271 0.0746664,
-0.4228972 0.4496950 0.0748909,
-0.4254057 0.4526572 0.0692951,
-0.4258766 0.4523660 0.0699812,
-0.4262990 0.4518970 0.0705967,
-0.4266517 0.4512736 0.0711107,
-0.4269172 0.4505271 0.0714974,
-0.4270819 0.4496950 0.0717375,
-0.4300758 0.4526572 0.0663857,
-0.4304841 0.4523660 0.0671107,
-0.4308504 0.4518970 0.0677612,
-0.4311563 0.4512736 0.0683044,
-0.4313864 0.4505271 0.0687131,
-0.4315293 0.4496950 0.0689668,
-0.4349850 0.4526572 0.0639009,
-0.4353276 0.4523660 0.0646592,
-0.4356348 0.4518970 0.0653395,
-0.4358915 0.4512736 0.0659077,
-0.4360845 0.4505271 0.0663351,
-0.4362044 0.4496950 0.0666005,
-0.4400949 0.4526572 0.0618603,
-0.4403690 0.4523660 0.0626460,
-0.4406148 0.4518970 0.0633508,
-0.4408202 0.4512736 0.0639394,
-0.4409747 0.4505271 0.0643823,
-0.4410706 0.4496950 0.0646572,
-0.4453653 0.4526572 0.0602798,
-0.4455687 0.4523660 0.0610867,
-0.4457513 0.4518970 0.0618105,
-0.4459037 0.4512736 0.0624150,
-0.4460184 0.4505271 0.0628698,
-0.4460896 0.4496950 0.0631521,
-0.4507548 0.4526572 0.0591720,
-0.4508861 0.4523660 0.0599937,
-0.4510039 0.4518970 0.0607309,
-0.4511022 0.4512736 0.0613464,
-0.4511762 0.4505271 0.0618096,
-0.4512222 0.4496950 0.0620972,
-0.4892971 0.2952756 0.0553544,
-0.4901710 0.2953743 0.0552933,
-0.4910011 0.2956655 0.0552352,
-0.4917458 0.2961345 0.0551832,
-0.4923677 0.2967579 0.0551397,
-0.4928356 0.2975044 0.0551069,
-0.4931260 0.2983365 0.0550866,
-0.4932245 0.2992126 0.0550797,
-0.4893582 0.2953743 0.0562283,
-0.4894163 0.2956655 0.0570584,
-0.4894683 0.2961345 0.0578031,
-0.4895118 0.2967579 0.0584250,
-0.4895445 0.2975044 0.0588929,
-0.4895648 0.2983365 0.0591833,
-0.4895717 0.2992126 0.0592818,
-0.4932341 0.2992126 0.0553544,
-0.4931439 0.2992126 0.0561921,
-0.4928776 0.2992126 0.0569915,
-0.4924472 0.2992126 0.0577159,
-0.4918726 0.2992126 0.0583321,
-0.4911800 0.2992126 0.0588119,
-0.4904011 0.2992126 0.0591334,
-0.4932341 0.2992126 0.0553544,
-0.4932298 0.2992126 0.0551712,
-0.4932330 0.2992126 0.0552628,
-0.4899807 0.2953502 0.0556923,
-0.4899807 0.2954675 0.0563579,
-0.4899807 0.2956987 0.0569930,
-0.4906436 0.2955692 0.0559968,
-0.4899807 0.2960366 0.0575782,
-0.4906436 0.2957361 0.0566197,
-0.4912656 0.2958160 0.0556515,
-0.4899807 0.2964710 0.0580960,
-0.4906436 0.2960087 0.0572042,
-0.4912656 0.2959192 0.0562368,
-0.4899807 0.2969887 0.0585304,
-0.4906436 0.2963786 0.0577324,
-0.4912656 0.2961225 0.0567953,
-0.4918278 0.2962425 0.0558781,
-0.4899807 0.2975740 0.0588683,
-0.4906436 0.2968346 0.0581884,
-0.4912656 0.2964197 0.0573100,
-0.4918278 0.2963786 0.0563859,
-0.4899807 0.2982091 0.0590995,
-0.4923130 0.2966916 0.0555749,
-0.4906436 0.2973628 0.0585583,
-0.4912656 0.2968017 0.0577653,
-0.4918278 0.2966007 0.0568623,
-0.4931743 0.2986889 0.0549149,
-0.4899807 0.2988747 0.0592168,
-0.4923130 0.2967682 0.0560094,
-0.4906436 0.2979473 0.0588308,
-0.4927066 0.2972441 0.0553544,
-0.4912656 0.2972570 0.0581473,
-0.4918278 0.2969023 0.0572930,
-0.4931743 0.2986205 0.0550126,
-0.4923130 0.2969190 0.0564239,
-0.4906436 0.2985702 0.0589978,
-0.4927066 0.2972740 0.0556962,
-0.4912656 0.2977717 0.0584445,
-0.4929967 0.2978712 0.0552370,
-0.4918278 0.2972740 0.0576647,
-0.4931743 0.2985702 0.0551206,
-0.4923130 0.2971396 0.0568059,
-0.4927066 0.2973628 0.0560276,
-0.4912656 0.2983301 0.0586478,
-0.4929967 0.2978712 0.0554717,
-0.4918278 0.2977046 0.0579662,
-0.4931743 0.2985393 0.0552357,
-0.4923130 0.2974232 0.0571438,
-0.4927066 0.2975078 0.0563386,
-0.4912656 0.2989154 0.0587510,
-0.4929967 0.2979119 0.0557029,
-0.4918278 0.2981811 0.0581884,
-0.4931743 0.2985289 0.0553544,
-0.4923130 0.2977611 0.0574274,
-0.4927066 0.2977046 0.0566197,
-0.4929967 0.2979922 0.0559235,
-0.4918278 0.2986889 0.0583245,
-0.4931743 0.2985393 0.0554731,
-0.4923130 0.2981431 0.0576479,
-0.4927066 0.2979473 0.0568623,
-0.4929967 0.2981096 0.0561267,
-0.4931743 0.2985702 0.0555882,
-0.4923130 0.2985576 0.0577988,
-0.4927066 0.2982283 0.0570592,
-0.4929967 0.2982605 0.0563065,
-0.4931743 0.2986205 0.0556962,
-0.4923130 0.2989920 0.0578754,
-0.4927066 0.2985393 0.0572042,
-0.4929967 0.2984403 0.0564574,
-0.4931743 0.2986889 0.0557938,
-0.4927066 0.2988708 0.0572930,
-0.4929967 0.2986435 0.0565748,
-0.4931743 0.2987732 0.0558781,
-0.4929967 0.2988641 0.0566550,
-0.4931743 0.2988708 0.0559464,
-0.4929967 0.2990952 0.0566958,
-0.4931743 0.2989788 0.0559968,
-0.4931743 0.2990939 0.0560276,
-0.3680649 0.2992126 0.0868468,
-0.3681576 0.2983365 0.0868806,
-0.3684312 0.2975044 0.0869802,
-0.3688720 0.2967579 0.0871406,
-0.3694578 0.2961345 0.0873538,
-0.3701592 0.2956655 0.0876091,
-0.3709412 0.2953743 0.0878937,
-0.3717644 0.2952756 0.0881934,
-0.4539631 0.2952756 0.0262522,
-0.4456478 0.2952756 0.0272053,
-0.4374494 0.2952756 0.0288904,
-0.4294324 0.2952756 0.0312945,
-0.4216595 0.2952756 0.0343986,
-0.4141918 0.2952756 0.0381784,
-0.4070879 0.2952756 0.0426041,
-0.4004035 0.2952756 0.0476412,
-0.3941910 0.2952756 0.0532500,
-0.3884993 0.2952756 0.0593866,
-0.3833730 0.2952756 0.0660027,
-0.3788523 0.2952756 0.0730466,
-0.3749726 0.2952756 0.0804629,
-0.4536885 0.2992126 0.0223248,
-0.4536954 0.2983365 0.0224233,
-0.4537157 0.2975044 0.0227137,
-0.4537484 0.2967579 0.0231816,
-0.4537919 0.2961345 0.0238035,
-0.4538440 0.2956655 0.0245482,
-0.4539020 0.2953743 0.0253783,
-0.3714067 0.2992126 0.0787942,
-0.3754480 0.2992126 0.0710689,
-0.3801571 0.2992126 0.0637316,
-0.3854970 0.2992126 0.0568397,
-0.3914259 0.2992126 0.0504475,
-0.3978972 0.2992126 0.0446050,
-0.4048601 0.2992126 0.0393580,
-0.4122600 0.2992126 0.0347479,
-0.4200389 0.2992126 0.0308106,
-0.4281356 0.2992126 0.0275772,
-0.4364867 0.2992126 0.0250730,
-0.4450267 0.2992126 0.0233176,
-0.4450423 0.2983365 0.0234150,
-0.4450882 0.2975044 0.0237026,
-0.4451622 0.2967579 0.0241657,
-0.4452605 0.2961345 0.0247813,
-0.4453783 0.2956655 0.0255185,
-0.4455096 0.2953743 0.0263402,
-0.4365109 0.2983365 0.0251687,
-0.4365821 0.2975044 0.0254510,
-0.4366968 0.2967579 0.0259058,
-0.4368492 0.2961345 0.0265103,
-0.4370317 0.2956655 0.0272341,
-0.4372352 0.2953743 0.0280410,
-0.4281681 0.2983365 0.0276704,
-0.4282640 0.2975044 0.0279453,
-0.4284185 0.2967579 0.0283882,
-0.4286238 0.2961345 0.0289768,
-0.4288697 0.2956655 0.0296816,
-0.4291438 0.2953743 0.0304673,
-0.4200795 0.2983365 0.0309006,
-0.4201993 0.2975044 0.0311659,
-0.4203924 0.2967579 0.0315934,
-0.4206490 0.2961345 0.0321615,
-0.4209563 0.2956655 0.0328418,
-0.4212989 0.2953743 0.0336002,
-0.4123084 0.2983365 0.0348339,
-0.4124513 0.2975044 0.0350876,
-0.4126815 0.2967579 0.0354963,
-0.4129873 0.2961345 0.0360395,
-0.4133536 0.2956655 0.0366899,
-0.4137619 0.2953743 0.0374150,
-0.4049160 0.2983365 0.0394394,
-0.4050807 0.2975044 0.0396795,
-0.4053461 0.2967579 0.0400662,
-0.4056989 0.2961345 0.0405802,
-0.4061213 0.2956655 0.0411957,
-0.4065921 0.2953743 0.0418818,
-0.3979600 0.2983365 0.0446811,
-0.3981454 0.2975044 0.0449056,
-0.3984440 0.2967579 0.0452674,
-0.3988408 0.2961345 0.0457481,
-0.3993160 0.2956655 0.0463238,
-0.3998458 0.2953743 0.0469656,
-0.3914952 0.2983365 0.0505177,
-0.3916997 0.2975044 0.0507250,
-0.3920292 0.2967579 0.0510589,
-0.3924670 0.2961345 0.0515026,
-0.3929913 0.2956655 0.0520340,
-0.3935757 0.2953743 0.0526264,
-0.3855723 0.2983365 0.0569036,
-0.3857944 0.2975044 0.0570919,
-0.3861521 0.2967579 0.0573954,
-0.3866274 0.2961345 0.0577986,
-0.3871967 0.2956655 0.0582815,
-0.3878313 0.2953743 0.0588198,
-0.3802377 0.2983365 0.0637885,
-0.3804756 0.2975044 0.0639565,
-0.3808587 0.2967579 0.0642271,
-0.3813679 0.2961345 0.0645867,
-0.3819777 0.2956655 0.0650173,
-0.3826574 0.2953743 0.0654973,
-0.3755334 0.2983365 0.0711185,
-0.3757851 0.2975044 0.0712648,
-0.3761907 0.2967579 0.0715004,
-0.3767297 0.2961345 0.0718135,
-0.3773752 0.2956655 0.0721885,
-0.3780947 0.2953743 0.0726065,
-0.3714961 0.2983365 0.0788360,
-0.3717598 0.2975044 0.0789595,
-0.3721847 0.2967579 0.0791583,
-0.3727493 0.2961345 0.0794225,
-0.3734254 0.2956655 0.0797389,
-0.3741791 0.2953743 0.0800915,
-0.4564348 0.4488189 0.0615990,
-0.4564279 0.4496950 0.0615005,
-0.4564076 0.4505271 0.0612100,
-0.4563749 0.4512736 0.0607421,
-0.4563314 0.4518970 0.0601202,
-0.4562793 0.4523660 0.0593756,
-0.4562213 0.4526572 0.0585455,
-0.4561602 0.4527559 0.0576715,
-0.4892971 0.4527559 0.0553544,
-0.4895717 0.4488189 0.0592818,
-0.4895648 0.4496950 0.0591833,
-0.4895445 0.4505271 0.0588929,
-0.4895118 0.4512736 0.0584250,
-0.4894683 0.4518970 0.0578031,
-0.4894163 0.4523660 0.0570584,
-0.4893582 0.4526572 0.0562283,
-0.4932341 0.2992126 0.0553544,
-0.4931439 0.2992126 0.0561921,
-0.4928776 0.2992126 0.0569915,
-0.4924472 0.2992126 0.0577159,
-0.4918726 0.2992126 0.0583321,
-0.4911800 0.2992126 0.0588119,
-0.4904011 0.2992126 0.0591334,
-0.4895717 0.2992126 0.0592818,
-0.4895717 0.4488189 0.0592818,
-0.4932341 0.4488189 0.0553544,
-0.4931439 0.4488189 0.0561921,
-0.4928776 0.4488189 0.0569915,
-0.4924472 0.4488189 0.0577159,
-0.4918726 0.4488189 0.0583321,
-0.4911800 0.4488189 0.0588119,
-0.4904011 0.4488189 0.0591334,
-0.4932245 0.4488189 0.0550797,
-0.4932298 0.4488189 0.0551712,
-0.4932330 0.4488189 0.0552628,
-0.4932245 0.2992126 0.0550797,
-0.4932298 0.2992126 0.0551712,
-0.4932330 0.2992126 0.0552628,
-0.4892971 0.2952756 0.0553544,
-0.4901710 0.2953743 0.0552933,
-0.4910011 0.2956655 0.0552352,
-0.4917458 0.2961345 0.0551832,
-0.4923677 0.2967579 0.0551397,
-0.4928356 0.2975044 0.0551069,
-0.4931260 0.2983365 0.0550866,
-0.4932245 0.2992126 0.0550797,
-0.4910275 0.2992126 0.0236604,
-0.4871000 0.2952756 0.0239350,
-0.4879740 0.2953743 0.0238739,
-0.4888041 0.2956655 0.0238159,
-0.4895487 0.2961345 0.0237638,
-0.4901706 0.2967579 0.0237203,
-0.4906385 0.2975044 0.0236876,
-0.4909290 0.2983365 0.0236673,
-0.4536885 0.2992126 0.0223248,
-0.4536954 0.2983365 0.0224233,
-0.4537157 0.2975044 0.0227137,
-0.4537484 0.2967579 0.0231816,
-0.4537919 0.2961345 0.0238035,
-0.4538440 0.2956655 0.0245482,
-0.4539020 0.2953743 0.0253783,
-0.4539631 0.2952756 0.0262522,
-0.4871000 0.2952756 0.0239350,
-0.4868254 0.2992126 0.0200076,
-0.4868323 0.2983365 0.0201061,
-0.4868526 0.2975044 0.0203966,
-0.4868853 0.2967579 0.0208645,
-0.4869288 0.2961345 0.0214863,
-0.4869809 0.2956655 0.0222310,
-0.4870389 0.2953743 0.0230611,
-0.4932245 0.4488189 0.0550797,
-0.4932298 0.4488189 0.0551712,
-0.4932330 0.4488189 0.0552628,
-0.4932341 0.4488189 0.0553544,
-0.4932341 0.4488189 0.0553544,
-0.4931439 0.4488189 0.0561921,
-0.4928776 0.4488189 0.0569915,
-0.4924472 0.4488189 0.0577159,
-0.4918726 0.4488189 0.0583321,
-0.4911800 0.4488189 0.0588119,
-0.4904011 0.4488189 0.0591334,
-0.4895717 0.4488189 0.0592818,
-0.4895648 0.4496950 0.0591833,
-0.4895445 0.4505271 0.0588929,
-0.4895118 0.4512736 0.0584250,
-0.4894683 0.4518970 0.0578031,
-0.4894163 0.4523660 0.0570584,
-0.4893582 0.4526572 0.0562283,
-0.4892971 0.4527559 0.0553544,
-0.4931260 0.4496950 0.0550866,
-0.4928356 0.4505271 0.0551069,
-0.4923677 0.4512736 0.0551397,
-0.4917458 0.4518970 0.0551832,
-0.4910011 0.4523660 0.0552352,
-0.4901710 0.4526572 0.0552933,
-0.4899807 0.4491568 0.0592168,
-0.4899807 0.4498224 0.0590995,
-0.4899807 0.4504575 0.0588683,
-0.4906436 0.4494613 0.0589978,
-0.4899807 0.4510428 0.0585304,
-0.4906436 0.4500842 0.0588308,
-0.4912656 0.4491161 0.0587510,
-0.4899807 0.4515605 0.0580960,
-0.4906436 0.4506687 0.0585583,
-0.4912656 0.4497014 0.0586478,
-0.4899807 0.4519949 0.0575782,
-0.4906436 0.4511969 0.0581884,
-0.4912656 0.4502598 0.0584445,
-0.4918278 0.4493426 0.0583245,
-0.4899807 0.4523328 0.0569930,
-0.4906436 0.4516529 0.0577324,
-0.4912656 0.4507745 0.0581473,
-0.4918278 0.4498504 0.0581884,
-0.4899807 0.4525640 0.0563579,
-0.4923130 0.4490395 0.0578754,
-0.4906436 0.4520228 0.0572042,
-0.4912656 0.4512298 0.0577653,
-0.4918278 0.4503269 0.0579662,
-0.4899807 0.4526813 0.0556923,
-0.4923130 0.4494739 0.0577988,
-0.4906436 0.4522954 0.0566197,
-0.4912656 0.4516118 0.0573100,
-0.4918278 0.4507575 0.0576647,
-0.4923130 0.4498884 0.0576479,
-0.4906436 0.4524623 0.0559968,
-0.4927066 0.4491607 0.0572930,
-0.4912656 0.4519090 0.0567953,
-0.4918278 0.4511292 0.0572930,
-0.4923130 0.4502704 0.0574274,
-0.4927066 0.4494922 0.0572042,
-0.4912656 0.4521123 0.0562368,
-0.4929967 0.4489363 0.0566958,
-0.4918278 0.4514308 0.0568623,
-0.4923130 0.4506083 0.0571438,
-0.4927066 0.4498031 0.0570592,
-0.4912656 0.4522155 0.0556515,
-0.4929967 0.4491674 0.0566550,
-0.4918278 0.4516529 0.0563859,
-0.4923130 0.4508919 0.0568059,
-0.4927066 0.4500842 0.0568623,
-0.4929967 0.4493880 0.0565748,
-0.4918278 0.4517890 0.0558781,
-0.4931743 0.4489376 0.0560276,
-0.4923130 0.4511125 0.0564239,
-0.4927066 0.4503269 0.0566197,
-0.4929967 0.4495912 0.0564574,
-0.4918278 0.4518348 0.0553544,
-0.4931743 0.4490527 0.0559968,
-0.4923130 0.4512633 0.0560094,
-0.4927066 0.4505237 0.0563386,
-0.4929967 0.4497710 0.0563065,
-0.4931743 0.4491607 0.0559464,
-0.4923130 0.4513399 0.0555749,
-0.4927066 0.4506687 0.0560276,
-0.4929967 0.4499219 0.0561267,
-0.4931743 0.4492583 0.0558781,
-0.4927066 0.4507575 0.0556962,
-0.4929967 0.4500393 0.0559235,
-0.4931743 0.4493426 0.0557938,
-0.4927066 0.4507874 0.0553544,
-0.4929967 0.4501196 0.0557029,
-0.4931743 0.4494110 0.0556962,
-0.4929967 0.4501603 0.0554717,
-0.4931743 0.4494613 0.0555882,
-0.4929967 0.4501603 0.0552370,
-0.4931743 0.4494922 0.0554731,
-0.4931743 0.4495026 0.0553544,
-0.4931743 0.4494922 0.0552357,
-0.4931743 0.4494613 0.0551206,
-0.4931743 0.4494110 0.0550126,
-0.4868254 0.2992126 0.0200076,
-0.4868323 0.2983365 0.0201061,
-0.4868526 0.2975044 0.0203966,
-0.4868853 0.2967579 0.0208645,
-0.4869288 0.2961345 0.0214863,
-0.4869809 0.2956655 0.0222310,
-0.4870389 0.2953743 0.0230611,
-0.4871000 0.2952756 0.0239350,
-0.4879740 0.2953743 0.0238739,
-0.4888041 0.2956655 0.0238159,
-0.4895487 0.2961345 0.0237638,
-0.4901706 0.2967579 0.0237203,
-0.4906385 0.2975044 0.0236876,
-0.4909290 0.2983365 0.0236673,
-0.4910275 0.2992126 0.0236604,
-0.4877062 0.2992126 0.0200450,
-0.4885566 0.2992126 0.0202774,
-0.4893340 0.2992126 0.0206932,
-0.4899994 0.2992126 0.0212716,
-0.4905194 0.2992126 0.0219836,
-0.4908679 0.2992126 0.0227934,
-0.4875116 0.2988713 0.0200345,
-0.4875116 0.2981992 0.0201530,
-0.4875116 0.2975579 0.0203864,
-0.4881852 0.2985554 0.0202080,
-0.4875116 0.2969668 0.0207277,
-0.4881852 0.2979182 0.0203788,
-0.4888259 0.2989042 0.0204099,
-0.4875116 0.2964440 0.0211664,
-0.4881852 0.2973204 0.0206576,
-0.4888259 0.2982968 0.0205171,
-0.4875116 0.2960053 0.0216892,
-0.4881852 0.2967800 0.0210359,
-0.4888259 0.2977171 0.0207280,
-0.4894142 0.2986595 0.0207983,
-0.4875116 0.2956640 0.0222803,
-0.4881852 0.2963135 0.0215024,
-0.4888259 0.2971830 0.0210364,
-0.4894142 0.2981232 0.0209420,
-0.4899321 0.2989742 0.0212106,
-0.4875116 0.2954306 0.0229216,
-0.4881852 0.2959351 0.0220428,
-0.4888259 0.2967105 0.0214329,
-0.4894142 0.2976200 0.0211767,
-0.4899321 0.2985048 0.0212934,
-0.4875116 0.2953121 0.0235938,
-0.4881852 0.2956563 0.0226407,
-0.4888259 0.2963140 0.0219054,
-0.4894142 0.2971653 0.0214951,
-0.4899321 0.2980568 0.0214564,
-0.4903640 0.2988303 0.0217669,
-0.4881852 0.2954856 0.0232779,
-0.4888259 0.2960056 0.0224396,
-0.4894142 0.2967727 0.0218877,
-0.4899321 0.2976439 0.0216948,
-0.4903640 0.2984596 0.0218663,
-0.4906967 0.2990730 0.0223398,
-0.4888259 0.2957946 0.0230192,
-0.4894142 0.2964542 0.0223425,
-0.4899321 0.2972787 0.0220012,
-0.4903640 0.2981118 0.0220284,
-0.4906967 0.2987981 0.0223883,
-0.4888259 0.2956875 0.0236266,
-0.4894142 0.2962196 0.0228457,
-0.4899321 0.2969723 0.0223664,
-0.4903640 0.2977975 0.0222486,
-0.4906967 0.2985358 0.0224837,
-0.4909201 0.2990472 0.0229971,
-0.4894142 0.2960759 0.0233820,
-0.4899321 0.2967340 0.0227792,
-0.4903640 0.2975261 0.0225199,
-0.4906967 0.2982941 0.0226233,
-0.4909201 0.2988868 0.0230400,
-0.4899321 0.2965709 0.0232272,
-0.4903640 0.2973060 0.0228343,
-0.4906967 0.2980803 0.0228027,
-0.4909201 0.2987364 0.0231102,
-0.4903640 0.2971438 0.0231821,
-0.4906967 0.2979009 0.0230166,
-0.4909201 0.2986004 0.0232054,
-0.4906967 0.2977613 0.0232583,
-0.4909201 0.2984830 0.0233228,
-0.4906967 0.2976658 0.0235206,
-0.4909201 0.2983878 0.0234588,
-0.4909201 0.2983176 0.0236093,
-0.4932245 0.4488189 0.0550797,
-0.4931260 0.4496950 0.0550866,
-0.4928356 0.4505271 0.0551069,
-0.4923677 0.4512736 0.0551397,
-0.4917458 0.4518970 0.0551832,
-0.4910011 0.4523660 0.0552352,
-0.4901710 0.4526572 0.0552933,
-0.4892971 0.4527559 0.0553544,
-0.4871000 0.4527559 0.0239350,
-0.4910275 0.4488189 0.0236604,
-0.4909290 0.4496950 0.0236673,
-0.4906385 0.4505271 0.0236876,
-0.4901706 0.4512736 0.0237203,
-0.4895487 0.4518970 0.0237638,
-0.4888041 0.4523660 0.0238159,
-0.4879740 0.4526572 0.0238739,
-0.4868254 0.2992126 0.0200076,
-0.4877062 0.2992126 0.0200450,
-0.4885566 0.2992126 0.0202774,
-0.4893340 0.2992126 0.0206932,
-0.4899994 0.2992126 0.0212716,
-0.4905194 0.2992126 0.0219836,
-0.4908679 0.2992126 0.0227934,
-0.4910275 0.2992126 0.0236604,
-0.4910275 0.4488189 0.0236604,
-0.4871000 0.4488189 0.0199980,
-0.4879378 0.4488189 0.0200882,
-0.4887372 0.4488189 0.0203546,
-0.4894615 0.4488189 0.0207849,
-0.4900778 0.4488189 0.0213595,
-0.4905576 0.4488189 0.0220522,
-0.4908791 0.4488189 0.0228310,
-0.4868254 0.4488189 0.0200076,
-0.4869169 0.4488189 0.0200023,
-0.4870084 0.4488189 0.0199991,
-0.4871000 0.4488189 0.0199980,
-0.4871000 0.4496950 0.0200967,
-0.4871000 0.4505271 0.0203879,
-0.4871000 0.4512736 0.0208570,
-0.4871000 0.4518970 0.0214804,
-0.4871000 0.4523660 0.0222268,
-0.4871000 0.4526572 0.0230590,
-0.4871000 0.4527559 0.0239350,
-0.4879378 0.4488189 0.0200882,
-0.4887372 0.4488189 0.0203546,
-0.4894615 0.4488189 0.0207849,
-0.4900778 0.4488189 0.0213595,
-0.4905576 0.4488189 0.0220522,
-0.4908791 0.4488189 0.0228310,
-0.4910275 0.4488189 0.0236604,
-0.4909290 0.4496950 0.0236673,
-0.4906385 0.4505271 0.0236876,
-0.4901706 0.4512736 0.0237203,
-0.4895487 0.4518970 0.0237638,
-0.4888041 0.4523660 0.0238159,
-0.4879740 0.4526572 0.0238739,
-0.4877536 0.4526865 0.0235967,
-0.4877536 0.4525690 0.0229302,
-0.4877536 0.4523375 0.0222943,
-0.4883890 0.4524824 0.0232891,
-0.4877536 0.4519992 0.0217082,
-0.4883890 0.4523146 0.0226627,
-0.4877536 0.4515642 0.0211898,
-0.4883890 0.4520405 0.0220750,
-0.4889887 0.4521556 0.0230410,
-0.4877536 0.4510457 0.0207548,
-0.4883890 0.4516686 0.0215439,
-0.4889887 0.4519497 0.0224751,
-0.4895359 0.4518649 0.0233980,
-0.4877536 0.4504597 0.0204164,
-0.4883890 0.4512101 0.0210853,
-0.4889887 0.4516486 0.0219537,
-0.4895359 0.4517253 0.0228772,
-0.4877536 0.4498237 0.0201849,
-0.4883890 0.4506789 0.0207134,
-0.4889887 0.4512615 0.0214924,
-0.4895359 0.4514975 0.0223886,
-0.4900156 0.4513744 0.0232503,
-0.4877536 0.4491573 0.0200674,
-0.4883890 0.4500912 0.0204394,
-0.4889887 0.4508003 0.0211053,
-0.4895359 0.4511883 0.0219469,
-0.4900156 0.4512167 0.0228169,
-0.4904143 0.4509116 0.0235660,
-0.4883890 0.4494649 0.0202715,
-0.4889887 0.4502788 0.0208043,
-0.4895359 0.4508070 0.0215657,
-0.4900156 0.4509861 0.0224175,
-0.4904143 0.4508157 0.0232082,
-0.4889887 0.4497130 0.0205983,
-0.4895359 0.4503654 0.0212564,
-0.4900156 0.4506897 0.0220642,
-0.4904143 0.4506592 0.0228725,
-0.4907211 0.4503116 0.0235351,
-0.4889887 0.4491200 0.0204938,
-0.4895359 0.4498768 0.0210286,
-0.4900156 0.4503364 0.0217678,
-0.4904143 0.4504467 0.0225691,
-0.4907211 0.4502194 0.0232820,
-0.4895359 0.4493560 0.0208890,
-0.4900156 0.4499370 0.0215372,
-0.4904143 0.4501848 0.0223072,
-0.4907211 0.4500848 0.0230487,
-0.4900156 0.4495037 0.0213795,
-0.4904143 0.4498814 0.0220947,
-0.4907211 0.4499116 0.0228423,
-0.4900156 0.4490495 0.0212994,
-0.4904143 0.4495457 0.0219382,
-0.4907211 0.4497053 0.0226692,
-0.4904143 0.4491879 0.0218423,
-0.4907211 0.4494720 0.0225345,
-0.4907211 0.4492189 0.0224424,
-0.4909274 0.4492803 0.0231359,
-0.4907211 0.4489536 0.0223956,
-0.4909274 0.4491345 0.0230679,
-0.4909274 0.4489791 0.0230263,
-0.4868254 0.4488189 0.0200076,
-0.4868323 0.4496950 0.0201061,
-0.4868526 0.4505271 0.0203966,
-0.4868853 0.4512736 0.0208645,
-0.4869288 0.4518970 0.0214863,
-0.4869809 0.4523660 0.0222310,
-0.4870389 0.4526572 0.0230611,
-0.4871000 0.4527559 0.0239350,
-0.4539631 0.4527559 0.0262522,
-0.4536885 0.4488189 0.0223248,
-0.4536954 0.4496950 0.0224233,
-0.4537157 0.4505271 0.0227137,
-0.4537484 0.4512736 0.0231816,
-0.4537919 0.4518970 0.0238035,
-0.4538440 0.4523660 0.0245482,
-0.4539020 0.4526572 0.0253783,
-0.4536885 0.4488189 0.0223248,
-0.4536954 0.4496950 0.0224233,
-0.4537157 0.4505271 0.0227137,
-0.4537484 0.4512736 0.0231816,
-0.4537919 0.4518970 0.0238035,
-0.4538440 0.4523660 0.0245482,
-0.4539020 0.4526572 0.0253783,
-0.4539631 0.4527559 0.0262522,
-0.3717644 0.4527559 0.0881934,
-0.3749726 0.4527559 0.0804629,
-0.3788523 0.4527559 0.0730466,
-0.3833730 0.4527559 0.0660027,
-0.3884993 0.4527559 0.0593866,
-0.3941910 0.4527559 0.0532500,
-0.4004035 0.4527559 0.0476412,
-0.4070879 0.4527559 0.0426041,
-0.4141918 0.4527559 0.0381784,
-0.4216595 0.4527559 0.0343986,
-0.4294324 0.4527559 0.0312945,
-0.4374494 0.4527559 0.0288904,
-0.4456478 0.4527559 0.0272053,
-0.3680649 0.4488189 0.0868468,
-0.3681576 0.4496950 0.0868806,
-0.3684312 0.4505271 0.0869802,
-0.3688720 0.4512736 0.0871406,
-0.3694578 0.4518970 0.0873538,
-0.3701592 0.4523660 0.0876091,
-0.3709412 0.4526572 0.0878937,
-0.4450267 0.4488189 0.0233176,
-0.4364867 0.4488189 0.0250730,
-0.4281356 0.4488189 0.0275772,
-0.4200389 0.4488189 0.0308106,
-0.4122600 0.4488189 0.0347479,
-0.4048601 0.4488189 0.0393580,
-0.3978972 0.4488189 0.0446050,
-0.3914259 0.4488189 0.0504475,
-0.3854970 0.4488189 0.0568397,
-0.3801571 0.4488189 0.0637316,
-0.3754480 0.4488189 0.0710689,
-0.3714067 0.4488189 0.0787942,
-0.3714961 0.4496950 0.0788360,
-0.3717598 0.4505271 0.0789595,
-0.3721847 0.4512736 0.0791583,
-0.3727493 0.4518970 0.0794225,
-0.3734254 0.4523660 0.0797389,
-0.3741791 0.4526572 0.0800915,
-0.3755334 0.4496950 0.0711185,
-0.3757851 0.4505271 0.0712648,
-0.3761907 0.4512736 0.0715004,
-0.3767297 0.4518970 0.0718135,
-0.3773752 0.4523660 0.0721885,
-0.3780947 0.4526572 0.0726065,
-0.3802377 0.4496950 0.0637885,
-0.3804756 0.4505271 0.0639565,
-0.3808587 0.4512736 0.0642271,
-0.3813679 0.4518970 0.0645867,
-0.3819777 0.4523660 0.0650173,
-0.3826574 0.4526572 0.0654973,
-0.3855723 0.4496950 0.0569036,
-0.3857944 0.4505271 0.0570919,
-0.3861521 0.4512736 0.0573954,
-0.3866274 0.4518970 0.0577986,
-0.3871967 0.4523660 0.0582815,
-0.3878313 0.4526572 0.0588198,
-0.3914952 0.4496950 0.0505177,
-0.3916997 0.4505271 0.0507250,
-0.3920292 0.4512736 0.0510589,
-0.3924670 0.4518970 0.0515026,
-0.3929913 0.4523660 0.0520340,
-0.3935757 0.4526572 0.0526264,
-0.3979600 0.4496950 0.0446811,
-0.3981454 0.4505271 0.0449056,
-0.3984440 0.4512736 0.0452674,
-0.3988408 0.4518970 0.0457481,
-0.3993160 0.4523660 0.0463238,
-0.3998458 0.4526572 0.0469656,
-0.4049160 0.4496950 0.0394394,
-0.4050807 0.4505271 0.0396795,
-0.4053461 0.4512736 0.0400662,
-0.4056989 0.4518970 0.0405802,
-0.4061213 0.4523660 0.0411957,
-0.4065921 0.4526572 0.0418818,
-0.4123084 0.4496950 0.0348339,
-0.4124513 0.4505271 0.0350876,
-0.4126815 0.4512736 0.0354963,
-0.4129873 0.4518970 0.0360395,
-0.4133536 0.4523660 0.0366899,
-0.4137619 0.4526572 0.0374150,
-0.4200795 0.4496950 0.0309006,
-0.4201993 0.4505271 0.0311659,
-0.4203924 0.4512736 0.0315934,
-0.4206490 0.4518970 0.0321615,
-0.4209563 0.4523660 0.0328418,
-0.4212989 0.4526572 0.0336002,
-0.4281681 0.4496950 0.0276704,
-0.4282640 0.4505271 0.0279453,
-0.4284185 0.4512736 0.0283882,
-0.4286238 0.4518970 0.0289768,
-0.4288697 0.4523660 0.0296816,
-0.4291438 0.4526572 0.0304673,
-0.4365109 0.4496950 0.0251687,
-0.4365821 0.4505271 0.0254510,
-0.4366968 0.4512736 0.0259058,
-0.4368492 0.4518970 0.0265103,
-0.4370317 0.4523660 0.0272341,
-0.4372352 0.4526572 0.0280410,
-0.4450423 0.4496950 0.0234150,
-0.4450882 0.4505271 0.0237026,
-0.4451622 0.4512736 0.0241657,
-0.4452605 0.4518970 0.0247813,
-0.4453783 0.4523660 0.0255185,
-0.4455096 0.4526572 0.0263402,
-0.3680649 0.4488189 0.0868468,
-0.3681576 0.4496950 0.0868806,
-0.3684312 0.4505271 0.0869802,
-0.3688720 0.4512736 0.0871406,
-0.3694578 0.4518970 0.0873538,
-0.3701592 0.4523660 0.0876091,
-0.3709412 0.4526572 0.0878937,
-0.3717644 0.4527559 0.0881934,
-0.3387045 0.4527559 0.1790249,
-0.3350049 0.4488189 0.1776784,
-0.3350976 0.4496950 0.1777121,
-0.3353712 0.4505271 0.1778117,
-0.3358120 0.4512736 0.1779721,
-0.3363978 0.4518970 0.1781853,
-0.3370993 0.4523660 0.1784407,
-0.3378812 0.4526572 0.1787253,
-0.3350049 0.4488189 0.1776784,
-0.3350976 0.4496950 0.1777121,
-0.3353712 0.4505271 0.1778117,
-0.3358120 0.4512736 0.1779721,
-0.3363978 0.4518970 0.1781853,
-0.3370993 0.4523660 0.1784407,
-0.3378812 0.4526572 0.1787253,
-0.3387045 0.4527559 0.1790249,
-0.2795112 0.4527559 0.2204724,
-0.2850013 0.4527559 0.2202327,
-0.2904497 0.4527559 0.2195154,
-0.2958148 0.4527559 0.2183260,
-0.3010558 0.4527559 0.2166736,
-0.3061328 0.4527559 0.2145706,
-0.3110073 0.4527559 0.2120331,
-0.3156420 0.4527559 0.2090804,
-0.3200018 0.4527559 0.2057351,
-0.3240534 0.4527559 0.2020225,
-0.3277660 0.4527559 0.1979709,
-0.3311113 0.4527559 0.1936111,
-0.3340640 0.4527559 0.1889764,
-0.3366015 0.4527559 0.1841019,
-0.2795112 0.4488189 0.2165354,
-0.2795112 0.4496950 0.2166341,
-0.2795112 0.4505271 0.2169253,
-0.2795112 0.4512736 0.2173944,
-0.2795112 0.4518970 0.2180178,
-0.2795112 0.4523660 0.2187642,
-0.2795112 0.4526572 0.2195964,
-0.3330333 0.4488189 0.1824381,
-0.3306544 0.4488189 0.1870079,
-0.3278863 0.4488189 0.1913529,
-0.3247501 0.4488189 0.1954402,
-0.3212695 0.4488189 0.1992386,
-0.3174711 0.4488189 0.2027192,
-0.3133838 0.4488189 0.2058554,
-0.3090388 0.4488189 0.2086235,
-0.3044690 0.4488189 0.2110024,
-0.2997093 0.4488189 0.2129740,
-0.2947958 0.4488189 0.2145232,
-0.2897660 0.4488189 0.2156383,
-0.2846582 0.4488189 0.2163107,
-0.3358075 0.4526572 0.1837317,
-0.3350533 0.4523660 0.1833800,
-0.3343768 0.4518970 0.1830645,
-0.3338118 0.4512736 0.1828011,
-0.3333867 0.4505271 0.1826029,
-0.3331228 0.4496950 0.1824798,
-0.3333053 0.4526572 0.1885383,
-0.3325847 0.4523660 0.1881223,
-0.3319382 0.4518970 0.1877490,
-0.3313983 0.4512736 0.1874373,
-0.3309921 0.4505271 0.1872028,
-0.3307399 0.4496950 0.1870572,
-0.3303937 0.4526572 0.1931086,
-0.3297121 0.4523660 0.1926313,
-0.3291006 0.4518970 0.1922032,
-0.3285899 0.4512736 0.1918456,
-0.3282057 0.4505271 0.1915766,
-0.3279672 0.4496950 0.1914096,
-0.3270949 0.4526572 0.1974077,
-0.3264574 0.4523660 0.1968729,
-0.3258856 0.4518970 0.1963930,
-0.3254080 0.4512736 0.1959923,
-0.3250487 0.4505271 0.1956908,
-0.3248257 0.4496950 0.1955037,
-0.3234339 0.4526572 0.2014030,
-0.3228455 0.4523660 0.2008146,
-0.3223177 0.4518970 0.2002868,
-0.3218768 0.4512736 0.1998459,
-0.3215452 0.4505271 0.1995143,
-0.3213393 0.4496950 0.1993084,
-0.3194387 0.4526572 0.2050640,
-0.3189038 0.4523660 0.2044265,
-0.3184239 0.4518970 0.2038547,
-0.3180232 0.4512736 0.2033771,
-0.3177217 0.4505271 0.2030178,
-0.3175346 0.4496950 0.2027948,
-0.3151395 0.4526572 0.2083628,
-0.3146622 0.4523660 0.2076812,
-0.3142341 0.4518970 0.2070697,
-0.3138765 0.4512736 0.2065590,
-0.3136075 0.4505271 0.2061748,
-0.3134405 0.4496950 0.2059363,
-0.3105692 0.4526572 0.2112744,
-0.3101532 0.4523660 0.2105537,
-0.3097799 0.4518970 0.2099073,
-0.3094682 0.4512736 0.2093674,
-0.3092337 0.4505271 0.2089612,
-0.3090881 0.4496950 0.2087090,
-0.3057626 0.4526572 0.2137766,
-0.3054109 0.4523660 0.2130224,
-0.3050954 0.4518970 0.2123459,
-0.3048320 0.4512736 0.2117809,
-0.3046338 0.4505271 0.2113558,
-0.3045107 0.4496950 0.2110919,
-0.3007562 0.4526572 0.2158503,
-0.3004716 0.4523660 0.2150684,
-0.3002162 0.4518970 0.2143669,
-0.3000030 0.4512736 0.2137811,
-0.2998426 0.4505271 0.2133403,
-0.2997430 0.4496950 0.2130667,
-0.2955880 0.4526572 0.2174798,
-0.2953727 0.4523660 0.2166760,
-0.2951795 0.4518970 0.2159550,
-0.2950181 0.4512736 0.2153528,
-0.2948967 0.4505271 0.2148998,
-0.2948214 0.4496950 0.2146185,
-0.2902976 0.4526572 0.2186527,
-0.2901531 0.4523660 0.2178332,
-0.2900234 0.4518970 0.2170981,
-0.2899152 0.4512736 0.2164841,
-0.2898337 0.4505271 0.2160222,
-0.2897832 0.4496950 0.2157355,
-0.2849250 0.4526572 0.2193600,
-0.2848525 0.4523660 0.2185310,
-0.2847874 0.4518970 0.2177874,
-0.2847331 0.4512736 0.2171664,
-0.2846922 0.4505271 0.2166991,
-0.2846668 0.4496950 0.2164090,
-0.2795112 0.4488189 0.2165354,
-0.2795112 0.4496950 0.2166341,
-0.2795112 0.4505271 0.2169253,
-0.2795112 0.4512736 0.2173944,
-0.2795112 0.4518970 0.2180178,
-0.2795112 0.4523660 0.2187642,
-0.2795112 0.4526572 0.2195964,
-0.2795112 0.4527559 0.2204724,
-0.2559055 0.4527559 0.2204724,
-0.2559055 0.4488189 0.2165354,
-0.2559055 0.4496950 0.2166341,
-0.2559055 0.4505271 0.2169253,
-0.2559055 0.4512736 0.2173944,
-0.2559055 0.4518970 0.2180178,
-0.2559055 0.4523660 0.2187642,
-0.2559055 0.4526572 0.2195964,
-0.4868254 -0.2992126 0.0200076,
-0.4869169 -0.2992126 0.0200023,
-0.4870084 -0.2992126 0.0199991,
-0.4871000 -0.2992126 0.0199980,
-0.4871000 -0.2983365 0.0200967,
-0.4871000 -0.2975044 0.0203879,
-0.4871000 -0.2967579 0.0208570,
-0.4871000 -0.2961345 0.0214804,
-0.4871000 -0.2956655 0.0222268,
-0.4871000 -0.2953743 0.0230590,
-0.4871000 -0.2952756 0.0239350,
-0.4868323 -0.2983365 0.0201061,
-0.4868526 -0.2975044 0.0203966,
-0.4868853 -0.2967579 0.0208645,
-0.4869288 -0.2961345 0.0214863,
-0.4869809 -0.2956655 0.0222310,
-0.4870389 -0.2953743 0.0230611,
-0.4868254 -0.4488189 0.0200076,
-0.4868254 -0.2992126 0.0200076,
-0.4536885 -0.2992126 0.0223248,
-0.4536885 -0.4488189 0.0223248,
-0.4892971 -0.4527559 0.0553544,
-0.4871000 -0.4527559 0.0239350,
-0.4539631 -0.4527559 0.0262522,
-0.4561602 -0.4527559 0.0576715,
-0.4564348 -0.4488189 0.0615990,
-0.4564348 -0.2992126 0.0615990,
-0.4895717 -0.2992126 0.0592818,
-0.4895717 -0.4488189 0.0592818,
-0.4561602 -0.2952756 0.0576715,
-0.4539631 -0.2952756 0.0262522,
-0.4871000 -0.2952756 0.0239350,
-0.4892971 -0.2952756 0.0553544,
-0.4536885 -0.2992126 0.0223248,
-0.4536885 -0.4488189 0.0223248,
-0.4450267 -0.2992126 0.0233176,
-0.4364867 -0.2992126 0.0250730,
-0.4281356 -0.2992126 0.0275772,
-0.4200389 -0.2992126 0.0308106,
-0.4122600 -0.2992126 0.0347479,
-0.4048601 -0.2992126 0.0393580,
-0.3978972 -0.2992126 0.0446050,
-0.3914259 -0.2992126 0.0504475,
-0.3854970 -0.2992126 0.0568397,
-0.3801571 -0.2992126 0.0637316,
-0.3754480 -0.2992126 0.0710689,
-0.3714067 -0.2992126 0.0787942,
-0.3680649 -0.2992126 0.0868468,
-0.3680649 -0.4488189 0.0868468,
-0.3714067 -0.4488189 0.0787942,
-0.3754480 -0.4488189 0.0710689,
-0.3801571 -0.4488189 0.0637316,
-0.3854970 -0.4488189 0.0568397,
-0.3914259 -0.4488189 0.0504475,
-0.3978972 -0.4488189 0.0446050,
-0.4048601 -0.4488189 0.0393580,
-0.4122600 -0.4488189 0.0347479,
-0.4200389 -0.4488189 0.0308106,
-0.4281356 -0.4488189 0.0275772,
-0.4364867 -0.4488189 0.0250730,
-0.4450267 -0.4488189 0.0233176,
-0.4539631 -0.4527559 0.0262522,
-0.4561602 -0.4527559 0.0576715,
-0.4456478 -0.4527559 0.0272053,
-0.4374494 -0.4527559 0.0288904,
-0.4294324 -0.4527559 0.0312945,
-0.4216595 -0.4527559 0.0343986,
-0.4141918 -0.4527559 0.0381784,
-0.4070879 -0.4527559 0.0426041,
-0.4004035 -0.4527559 0.0476412,
-0.3941910 -0.4527559 0.0532500,
-0.3884993 -0.4527559 0.0593866,
-0.3833730 -0.4527559 0.0660027,
-0.3788523 -0.4527559 0.0730466,
-0.3749726 -0.4527559 0.0804629,
-0.3717644 -0.4527559 0.0881934,
-0.4013610 -0.4527559 0.0989656,
-0.4034998 -0.4527559 0.0938120,
-0.4060863 -0.4527559 0.0888678,
-0.4091001 -0.4527559 0.0841719,
-0.4125177 -0.4527559 0.0797611,
-0.4163121 -0.4527559 0.0756701,
-0.4204537 -0.4527559 0.0719309,
-0.4249100 -0.4527559 0.0685728,
-0.4296459 -0.4527559 0.0656223,
-0.4346244 -0.4527559 0.0631025,
-0.4398063 -0.4527559 0.0610331,
-0.4451510 -0.4527559 0.0594304,
-0.4506166 -0.4527559 0.0583069,
-0.4564348 -0.4488189 0.0615990,
-0.4512377 -0.4488189 0.0621946,
-0.4461137 -0.4488189 0.0632479,
-0.4411031 -0.4488189 0.0647504,
-0.4362450 -0.4488189 0.0666905,
-0.4315777 -0.4488189 0.0690528,
-0.4271378 -0.4488189 0.0718189,
-0.4229600 -0.4488189 0.0749671,
-0.4190773 -0.4488189 0.0784726,
-0.4155199 -0.4488189 0.0823079,
-0.4123160 -0.4488189 0.0864430,
-0.4094905 -0.4488189 0.0908454,
-0.4070657 -0.4488189 0.0954806,
-0.4050606 -0.4488189 0.1003122,
-0.4564348 -0.2992126 0.0615990,
-0.4050606 -0.2992126 0.1003122,
-0.4070657 -0.2992126 0.0954806,
-0.4094905 -0.2992126 0.0908454,
-0.4123160 -0.2992126 0.0864430,
-0.4155199 -0.2992126 0.0823079,
-0.4190773 -0.2992126 0.0784726,
-0.4229600 -0.2992126 0.0749671,
-0.4271378 -0.2992126 0.0718189,
-0.4315777 -0.2992126 0.0690528,
-0.4362450 -0.2992126 0.0666905,
-0.4411031 -0.2992126 0.0647504,
-0.4461137 -0.2992126 0.0632479,
-0.4512377 -0.2992126 0.0621946,
-0.4013610 -0.2952756 0.0989656,
-0.3717644 -0.2952756 0.0881934,
-0.3749726 -0.2952756 0.0804629,
-0.3788523 -0.2952756 0.0730466,
-0.3833730 -0.2952756 0.0660027,
-0.3884993 -0.2952756 0.0593866,
-0.3941910 -0.2952756 0.0532500,
-0.4004035 -0.2952756 0.0476412,
-0.4070879 -0.2952756 0.0426041,
-0.4141918 -0.2952756 0.0381784,
-0.4216595 -0.2952756 0.0343986,
-0.4294324 -0.2952756 0.0312945,
-0.4374494 -0.2952756 0.0288904,
-0.4456478 -0.2952756 0.0272053,
-0.4539631 -0.2952756 0.0262522,
-0.4561602 -0.2952756 0.0576715,
-0.4506166 -0.2952756 0.0583069,
-0.4451510 -0.2952756 0.0594304,
-0.4398063 -0.2952756 0.0610331,
-0.4346244 -0.2952756 0.0631025,
-0.4296459 -0.2952756 0.0656223,
-0.4249100 -0.2952756 0.0685728,
-0.4204537 -0.2952756 0.0719309,
-0.4163121 -0.2952756 0.0756701,
-0.4125177 -0.2952756 0.0797611,
-0.4091001 -0.2952756 0.0841719,
-0.4060863 -0.2952756 0.0888678,
-0.4034998 -0.2952756 0.0938120,
-0.3680649 -0.2992126 0.0868468,
-0.3680649 -0.4488189 0.0868468,
-0.3350049 -0.2992126 0.1776784,
-0.3350049 -0.4488189 0.1776784,
-0.3717644 -0.4527559 0.0881934,
-0.4013610 -0.4527559 0.0989656,
-0.3387045 -0.4527559 0.1790249,
-0.3683011 -0.4527559 0.1897972,
-0.3720006 -0.4488189 0.1911437,
-0.3720006 -0.2992126 0.1911437,
-0.4050606 -0.2992126 0.1003122,
-0.4050606 -0.4488189 0.1003122,
-0.3683011 -0.2952756 0.1897972,
-0.3387045 -0.2952756 0.1790249,
-0.3717644 -0.2952756 0.0881934,
-0.4013610 -0.2952756 0.0989656,
-0.2795112 -0.4488189 0.2165354,
-0.2846582 -0.4488189 0.2163107,
-0.2897660 -0.4488189 0.2156383,
-0.2947958 -0.4488189 0.2145232,
-0.2997093 -0.4488189 0.2129740,
-0.3044690 -0.4488189 0.2110024,
-0.3090388 -0.4488189 0.2086235,
-0.3133838 -0.4488189 0.2058554,
-0.3174711 -0.4488189 0.2027192,
-0.3212695 -0.4488189 0.1992386,
-0.3247501 -0.4488189 0.1954402,
-0.3278863 -0.4488189 0.1913529,
-0.3306544 -0.4488189 0.1870079,
-0.3330333 -0.4488189 0.1824381,
-0.3350049 -0.4488189 0.1776784,
-0.2795112 -0.2992126 0.2165354,
-0.3350049 -0.2992126 0.1776784,
-0.3330333 -0.2992126 0.1824381,
-0.3306544 -0.2992126 0.1870079,
-0.3278863 -0.2992126 0.1913529,
-0.3247501 -0.2992126 0.1954402,
-0.3212695 -0.2992126 0.1992386,
-0.3174711 -0.2992126 0.2027192,
-0.3133838 -0.2992126 0.2058554,
-0.3090388 -0.2992126 0.2086235,
-0.3044690 -0.2992126 0.2110024,
-0.2997093 -0.2992126 0.2129740,
-0.2947958 -0.2992126 0.2145232,
-0.2897660 -0.2992126 0.2156383,
-0.2846582 -0.2992126 0.2163107,
-0.3387045 -0.4527559 0.1790249,
-0.3683011 -0.4527559 0.1897972,
-0.3366015 -0.4527559 0.1841019,
-0.3340640 -0.4527559 0.1889764,
-0.3311113 -0.4527559 0.1936111,
-0.3277660 -0.4527559 0.1979709,
-0.3240534 -0.4527559 0.2020225,
-0.3200018 -0.4527559 0.2057351,
-0.3156420 -0.4527559 0.2090804,
-0.3110073 -0.4527559 0.2120331,
-0.3061328 -0.4527559 0.2145706,
-0.3010558 -0.4527559 0.2166736,
-0.2958148 -0.4527559 0.2183260,
-0.2904497 -0.4527559 0.2195154,
-0.2850013 -0.4527559 0.2202327,
-0.2795112 -0.4527559 0.2204724,
-0.2795112 -0.4527559 0.2519685,
-0.2877464 -0.4527559 0.2516089,
-0.2959189 -0.4527559 0.2505330,
-0.3039666 -0.4527559 0.2487489,
-0.3118281 -0.4527559 0.2462702,
-0.3194437 -0.4527559 0.2431157,
-0.3267553 -0.4527559 0.2393095,
-0.3337074 -0.4527559 0.2348805,
-0.3402471 -0.4527559 0.2298625,
-0.3463245 -0.4527559 0.2242936,
-0.3518934 -0.4527559 0.2182162,
-0.3569114 -0.4527559 0.2116765,
-0.3613404 -0.4527559 0.2047244,
-0.3651466 -0.4527559 0.1974127,
-0.2795112 -0.4488189 0.2559055,
-0.2795112 -0.2992126 0.2559055,
-0.2880895 -0.2992126 0.2555310,
-0.2966026 -0.2992126 0.2544102,
-0.3049855 -0.2992126 0.2525518,
-0.3131746 -0.2992126 0.2499697,
-0.3211075 -0.2992126 0.2466838,
-0.3287238 -0.2992126 0.2427190,
-0.3359656 -0.2992126 0.2381055,
-0.3427777 -0.2992126 0.2328784,
-0.3491083 -0.2992126 0.2270774,
-0.3549093 -0.2992126 0.2207468,
-0.3601364 -0.2992126 0.2139347,
-0.3647499 -0.2992126 0.2066929,
-0.3687147 -0.2992126 0.1990766,
-0.3720006 -0.2992126 0.1911437,
-0.3720006 -0.4488189 0.1911437,
-0.3687147 -0.4488189 0.1990766,
-0.3647499 -0.4488189 0.2066929,
-0.3601364 -0.4488189 0.2139347,
-0.3549093 -0.4488189 0.2207468,
-0.3491083 -0.4488189 0.2270774,
-0.3427777 -0.4488189 0.2328784,
-0.3359656 -0.4488189 0.2381055,
-0.3287238 -0.4488189 0.2427190,
-0.3211075 -0.4488189 0.2466838,
-0.3131746 -0.4488189 0.2499697,
-0.3049855 -0.4488189 0.2525518,
-0.2966026 -0.4488189 0.2544102,
-0.2880895 -0.4488189 0.2555310,
-0.2795112 -0.2952756 0.2519685,
-0.2795112 -0.2952756 0.2204724,
-0.2850013 -0.2952756 0.2202327,
-0.2904497 -0.2952756 0.2195154,
-0.2958148 -0.2952756 0.2183260,
-0.3010558 -0.2952756 0.2166736,
-0.3061328 -0.2952756 0.2145706,
-0.3110073 -0.2952756 0.2120331,
-0.3156420 -0.2952756 0.2090804,
-0.3200018 -0.2952756 0.2057351,
-0.3240534 -0.2952756 0.2020225,
-0.3277660 -0.2952756 0.1979709,
-0.3311113 -0.2952756 0.1936111,
-0.3340640 -0.2952756 0.1889764,
-0.3366015 -0.2952756 0.1841019,
-0.3387045 -0.2952756 0.1790249,
-0.3683011 -0.2952756 0.1897972,
-0.3651466 -0.2952756 0.1974127,
-0.3613404 -0.2952756 0.2047244,
-0.3569114 -0.2952756 0.2116765,
-0.3518934 -0.2952756 0.2182162,
-0.3463245 -0.2952756 0.2242936,
-0.3402471 -0.2952756 0.2298625,
-0.3337074 -0.2952756 0.2348805,
-0.3267553 -0.2952756 0.2393095,
-0.3194437 -0.2952756 0.2431157,
-0.3118281 -0.2952756 0.2462702,
-0.3039666 -0.2952756 0.2487489,
-0.2959189 -0.2952756 0.2505330,
-0.2877464 -0.2952756 0.2516089,
-0.2795112 -0.2952756 0.2519685,
-0.2559055 -0.2952756 0.2519685,
-0.2795112 -0.2952756 0.2204724,
-0.2559055 -0.2952756 0.2204724,
-0.2559055 -0.4488189 0.2165354,
-0.2795112 -0.4488189 0.2165354,
-0.2559055 -0.2992126 0.2165354,
-0.2795112 -0.2992126 0.2165354,
-0.2559055 -0.4527559 0.2519685,
-0.2795112 -0.4527559 0.2519685,
-0.2559055 -0.4527559 0.2204724,
-0.2795112 -0.4527559 0.2204724,
-0.2795112 -0.4488189 0.2559055,
-0.2559055 -0.4488189 0.2559055,
-0.2795112 -0.2992126 0.2559055,
-0.2559055 -0.2992126 0.2559055,
-0.4910275 -0.4488189 0.0236604,
-0.4932245 -0.4488189 0.0550797,
-0.4932245 -0.2992126 0.0550797,
-0.4910275 -0.2992126 0.0236604,
-0.2559055 -0.4527559 0.2204724,
-0.2559055 -0.4526572 0.2195964,
-0.2559055 -0.4523660 0.2187642,
-0.2559055 -0.4518970 0.2180178,
-0.2559055 -0.4512736 0.2173944,
-0.2559055 -0.4505271 0.2169253,
-0.2559055 -0.4496950 0.2166341,
-0.2559055 -0.4488189 0.2165354,
-0.2559055 -0.4527559 0.2519685,
-0.2559055 -0.4488189 0.2559055,
-0.2559055 -0.4496950 0.2558068,
-0.2559055 -0.4505271 0.2555156,
-0.2559055 -0.4512736 0.2550466,
-0.2559055 -0.4518970 0.2544232,
-0.2559055 -0.4523660 0.2536767,
-0.2559055 -0.4526572 0.2528446,
-0.2559055 -0.2992126 0.2559055,
-0.2559055 -0.2952756 0.2519685,
-0.2559055 -0.2953743 0.2528446,
-0.2559055 -0.2956655 0.2536767,
-0.2559055 -0.2961345 0.2544232,
-0.2559055 -0.2967579 0.2550466,
-0.2559055 -0.2975044 0.2555156,
-0.2559055 -0.2983365 0.2558068,
-0.2559055 -0.2952756 0.2204724,
-0.2559055 -0.2992126 0.2165354,
-0.2559055 -0.2983365 0.2166341,
-0.2559055 -0.2975044 0.2169253,
-0.2559055 -0.2967579 0.2173944,
-0.2559055 -0.2961345 0.2180178,
-0.2559055 -0.2956655 0.2187642,
-0.2559055 -0.2953743 0.2195964,
-0.2559055 -0.4488189 0.2559055,
-0.2559055 -0.4496950 0.2558068,
-0.2559055 -0.4505271 0.2555156,
-0.2559055 -0.4512736 0.2550466,
-0.2559055 -0.4518970 0.2544232,
-0.2559055 -0.4523660 0.2536767,
-0.2559055 -0.4526572 0.2528446,
-0.2559055 -0.4527559 0.2519685,
-0.2795112 -0.4488189 0.2559055,
-0.2795112 -0.4527559 0.2519685,
-0.2795112 -0.4526572 0.2528446,
-0.2795112 -0.4523660 0.2536767,
-0.2795112 -0.4518970 0.2544232,
-0.2795112 -0.4512736 0.2550466,
-0.2795112 -0.4505271 0.2555156,
-0.2795112 -0.4496950 0.2558068,
-0.2795112 -0.4527559 0.2519685,
-0.2795112 -0.4526572 0.2528446,
-0.2795112 -0.4523660 0.2536767,
-0.2795112 -0.4518970 0.2544232,
-0.2795112 -0.4512736 0.2550466,
-0.2795112 -0.4505271 0.2555156,
-0.2795112 -0.4496950 0.2558068,
-0.2795112 -0.4488189 0.2559055,
-0.3720006 -0.4488189 0.1911437,
-0.3687147 -0.4488189 0.1990766,
-0.3647499 -0.4488189 0.2066929,
-0.3601364 -0.4488189 0.2139347,
-0.3549093 -0.4488189 0.2207468,
-0.3491083 -0.4488189 0.2270774,
-0.3427777 -0.4488189 0.2328784,
-0.3359656 -0.4488189 0.2381055,
-0.3287238 -0.4488189 0.2427190,
-0.3211075 -0.4488189 0.2466838,
-0.3131746 -0.4488189 0.2499697,
-0.3049855 -0.4488189 0.2525518,
-0.2966026 -0.4488189 0.2544102,
-0.2880895 -0.4488189 0.2555310,
-0.3683011 -0.4527559 0.1897972,
-0.3691243 -0.4526572 0.1900968,
-0.3699063 -0.4523660 0.1903814,
-0.3706077 -0.4518970 0.1906367,
-0.3711935 -0.4512736 0.1908499,
-0.3716343 -0.4505271 0.1910104,
-0.3719079 -0.4496950 0.1911100,
-0.2877464 -0.4527559 0.2516089,
-0.2959189 -0.4527559 0.2505330,
-0.3039666 -0.4527559 0.2487489,
-0.3118281 -0.4527559 0.2462702,
-0.3194437 -0.4527559 0.2431157,
-0.3267553 -0.4527559 0.2393095,
-0.3337074 -0.4527559 0.2348805,
-0.3402471 -0.4527559 0.2298625,
-0.3463245 -0.4527559 0.2242936,
-0.3518934 -0.4527559 0.2182162,
-0.3569114 -0.4527559 0.2116765,
-0.3613404 -0.4527559 0.2047244,
-0.3651466 -0.4527559 0.1974127,
-0.2880809 -0.4496950 0.2554326,
-0.2880556 -0.4505271 0.2551426,
-0.2880147 -0.4512736 0.2546753,
-0.2879603 -0.4518970 0.2540543,
-0.2878953 -0.4523660 0.2533107,
-0.2878228 -0.4526572 0.2524817,
-0.2965854 -0.4496950 0.2543130,
-0.2965349 -0.4505271 0.2540262,
-0.2964534 -0.4512736 0.2535643,
-0.2963452 -0.4518970 0.2529504,
-0.2962155 -0.4523660 0.2522153,
-0.2960710 -0.4526572 0.2513958,
-0.3049600 -0.4496950 0.2524564,
-0.3048846 -0.4505271 0.2521752,
-0.3047632 -0.4512736 0.2517221,
-0.3046019 -0.4518970 0.2511199,
-0.3044087 -0.4523660 0.2503989,
-0.3041933 -0.4526572 0.2495951,
-0.3131409 -0.4496950 0.2498770,
-0.3130413 -0.4505271 0.2496034,
-0.3128808 -0.4512736 0.2491626,
-0.3126676 -0.4518970 0.2485768,
-0.3124123 -0.4523660 0.2478754,
-0.3121277 -0.4526572 0.2470934,
-0.3210658 -0.4496950 0.2465944,
-0.3209427 -0.4505271 0.2463305,
-0.3207445 -0.4512736 0.2459054,
-0.3204810 -0.4518970 0.2453404,
-0.3201656 -0.4523660 0.2446639,
-0.3198139 -0.4526572 0.2439097,
-0.3286745 -0.4496950 0.2426336,
-0.3285289 -0.4505271 0.2423814,
-0.3282944 -0.4512736 0.2419752,
-0.3279827 -0.4518970 0.2414353,
-0.3276094 -0.4523660 0.2407888,
-0.3271933 -0.4526572 0.2400682,
-0.3359090 -0.4496950 0.2380247,
-0.3357420 -0.4505271 0.2377861,
-0.3354729 -0.4512736 0.2374019,
-0.3351154 -0.4518970 0.2368913,
-0.3346872 -0.4523660 0.2362798,
-0.3342099 -0.4526572 0.2355981,
-0.3427143 -0.4496950 0.2328028,
-0.3425271 -0.4505271 0.2325797,
-0.3422256 -0.4512736 0.2322204,
-0.3418249 -0.4518970 0.2317429,
-0.3413451 -0.4523660 0.2311710,
-0.3408102 -0.4526572 0.2305336,
-0.3490385 -0.4496950 0.2270076,
-0.3488327 -0.4505271 0.2268017,
-0.3485010 -0.4512736 0.2264701,
-0.3480602 -0.4518970 0.2260293,
-0.3475323 -0.4523660 0.2255014,
-0.3469439 -0.4526572 0.2249130,
-0.3548337 -0.4496950 0.2206834,
-0.3546106 -0.4505271 0.2204962,
-0.3542513 -0.4512736 0.2201947,
-0.3537738 -0.4518970 0.2197940,
-0.3532019 -0.4523660 0.2193142,
-0.3525645 -0.4526572 0.2187793,
-0.3600556 -0.4496950 0.2138781,
-0.3598170 -0.4505271 0.2137111,
-0.3594328 -0.4512736 0.2134420,
-0.3589222 -0.4518970 0.2130845,
-0.3583107 -0.4523660 0.2126563,
-0.3576290 -0.4526572 0.2121790,
-0.3646645 -0.4496950 0.2066436,
-0.3644123 -0.4505271 0.2064980,
-0.3640061 -0.4512736 0.2062634,
-0.3634662 -0.4518970 0.2059518,
-0.3628197 -0.4523660 0.2055785,
-0.3620991 -0.4526572 0.2051624,
-0.3686253 -0.4496950 0.1990349,
-0.3683614 -0.4505271 0.1989118,
-0.3679363 -0.4512736 0.1987136,
-0.3673713 -0.4518970 0.1984501,
-0.3666948 -0.4523660 0.1981347,
-0.3659406 -0.4526572 0.1977830,
-0.2559055 -0.2952756 0.2519685,
-0.2559055 -0.2953743 0.2528446,
-0.2559055 -0.2956655 0.2536767,
-0.2559055 -0.2961345 0.2544232,
-0.2559055 -0.2967579 0.2550466,
-0.2559055 -0.2975044 0.2555156,
-0.2559055 -0.2983365 0.2558068,
-0.2559055 -0.2992126 0.2559055,
-0.2795112 -0.2952756 0.2519685,
-0.2795112 -0.2992126 0.2559055,
-0.2795112 -0.2983365 0.2558068,
-0.2795112 -0.2975044 0.2555156,
-0.2795112 -0.2967579 0.2550466,
-0.2795112 -0.2961345 0.2544232,
-0.2795112 -0.2956655 0.2536767,
-0.2795112 -0.2953743 0.2528446,
-0.3683011 -0.4527559 0.1897972,
-0.3691243 -0.4526572 0.1900968,
-0.3699063 -0.4523660 0.1903814,
-0.3706077 -0.4518970 0.1906367,
-0.3711935 -0.4512736 0.1908499,
-0.3716343 -0.4505271 0.1910104,
-0.3719079 -0.4496950 0.1911100,
-0.3720006 -0.4488189 0.1911437,
-0.4050606 -0.4488189 0.1003122,
-0.4013610 -0.4527559 0.0989656,
-0.4021843 -0.4526572 0.0992653,
-0.4029662 -0.4523660 0.0995499,
-0.4036677 -0.4518970 0.0998052,
-0.4042535 -0.4512736 0.1000184,
-0.4046943 -0.4505271 0.1001788,
-0.4049679 -0.4496950 0.1002784,
-0.2559055 -0.4527559 0.2204724,
-0.2559055 -0.4526572 0.2195964,
-0.2559055 -0.4523660 0.2187642,
-0.2559055 -0.4518970 0.2180178,
-0.2559055 -0.4512736 0.2173944,
-0.2559055 -0.4505271 0.2169253,
-0.2559055 -0.4496950 0.2166341,
-0.2559055 -0.4488189 0.2165354,
-0.2795112 -0.4527559 0.2204724,
-0.2795112 -0.4488189 0.2165354,
-0.2795112 -0.4496950 0.2166341,
-0.2795112 -0.4505271 0.2169253,
-0.2795112 -0.4512736 0.2173944,
-0.2795112 -0.4518970 0.2180178,
-0.2795112 -0.4523660 0.2187642,
-0.2795112 -0.4526572 0.2195964,
-0.2795112 -0.2992126 0.2559055,
-0.2795112 -0.2983365 0.2558068,
-0.2795112 -0.2975044 0.2555156,
-0.2795112 -0.2967579 0.2550466,
-0.2795112 -0.2961345 0.2544232,
-0.2795112 -0.2956655 0.2536767,
-0.2795112 -0.2953743 0.2528446,
-0.2795112 -0.2952756 0.2519685,
-0.3683011 -0.2952756 0.1897972,
-0.3651466 -0.2952756 0.1974127,
-0.3613404 -0.2952756 0.2047244,
-0.3569114 -0.2952756 0.2116765,
-0.3518934 -0.2952756 0.2182162,
-0.3463245 -0.2952756 0.2242936,
-0.3402471 -0.2952756 0.2298625,
-0.3337074 -0.2952756 0.2348805,
-0.3267553 -0.2952756 0.2393095,
-0.3194437 -0.2952756 0.2431157,
-0.3118281 -0.2952756 0.2462702,
-0.3039666 -0.2952756 0.2487489,
-0.2959189 -0.2952756 0.2505330,
-0.2877464 -0.2952756 0.2516089,
-0.3720006 -0.2992126 0.1911437,
-0.3719079 -0.2983365 0.1911100,
-0.3716343 -0.2975044 0.1910104,
-0.3711935 -0.2967579 0.1908499,
-0.3706077 -0.2961345 0.1906367,
-0.3699063 -0.2956655 0.1903814,
-0.3691243 -0.2953743 0.1900968,
-0.2880895 -0.2992126 0.2555310,
-0.2966026 -0.2992126 0.2544102,
-0.3049855 -0.2992126 0.2525518,
-0.3131746 -0.2992126 0.2499697,
-0.3211075 -0.2992126 0.2466838,
-0.3287238 -0.2992126 0.2427190,
-0.3359656 -0.2992126 0.2381055,
-0.3427777 -0.2992126 0.2328784,
-0.3491083 -0.2992126 0.2270774,
-0.3549093 -0.2992126 0.2207468,
-0.3601364 -0.2992126 0.2139347,
-0.3647499 -0.2992126 0.2066929,
-0.3687147 -0.2992126 0.1990766,
-0.3686253 -0.2983365 0.1990349,
-0.3683614 -0.2975044 0.1989118,
-0.3679363 -0.2967579 0.1987136,
-0.3673713 -0.2961345 0.1984501,
-0.3666948 -0.2956655 0.1981347,
-0.3659406 -0.2953743 0.1977830,
-0.3646645 -0.2983365 0.2066436,
-0.3644123 -0.2975044 0.2064980,
-0.3640061 -0.2967579 0.2062634,
-0.3634662 -0.2961345 0.2059518,
-0.3628197 -0.2956655 0.2055785,
-0.3620991 -0.2953743 0.2051624,
-0.3600556 -0.2983365 0.2138781,
-0.3598170 -0.2975044 0.2137111,
-0.3594328 -0.2967579 0.2134420,
-0.3589222 -0.2961345 0.2130845,
-0.3583107 -0.2956655 0.2126563,
-0.3576290 -0.2953743 0.2121790,
-0.3548337 -0.2983365 0.2206834,
-0.3546106 -0.2975044 0.2204962,
-0.3542513 -0.2967579 0.2201947,
-0.3537738 -0.2961345 0.2197940,
-0.3532019 -0.2956655 0.2193142,
-0.3525645 -0.2953743 0.2187793,
-0.3490385 -0.2983365 0.2270076,
-0.3488327 -0.2975044 0.2268017,
-0.3485010 -0.2967579 0.2264701,
-0.3480602 -0.2961345 0.2260293,
-0.3475323 -0.2956655 0.2255014,
-0.3469439 -0.2953743 0.2249130,
-0.3427143 -0.2983365 0.2328028,
-0.3425271 -0.2975044 0.2325797,
-0.3422256 -0.2967579 0.2322204,
-0.3418249 -0.2961345 0.2317429,
-0.3413451 -0.2956655 0.2311710,
-0.3408102 -0.2953743 0.2305336,
-0.3359090 -0.2983365 0.2380247,
-0.3357420 -0.2975044 0.2377861,
-0.3354729 -0.2967579 0.2374019,
-0.3351154 -0.2961345 0.2368913,
-0.3346872 -0.2956655 0.2362798,
-0.3342099 -0.2953743 0.2355981,
-0.3286745 -0.2983365 0.2426336,
-0.3285289 -0.2975044 0.2423814,
-0.3282944 -0.2967579 0.2419752,
-0.3279827 -0.2961345 0.2414353,
-0.3276094 -0.2956655 0.2407888,
-0.3271933 -0.2953743 0.2400682,
-0.3210658 -0.2983365 0.2465944,
-0.3209427 -0.2975044 0.2463305,
-0.3207445 -0.2967579 0.2459054,
-0.3204810 -0.2961345 0.2453404,
-0.3201656 -0.2956655 0.2446639,
-0.3198139 -0.2953743 0.2439097,
-0.3131409 -0.2983365 0.2498770,
-0.3130413 -0.2975044 0.2496034,
-0.3128808 -0.2967579 0.2491626,
-0.3126676 -0.2961345 0.2485768,
-0.3124123 -0.2956655 0.2478754,
-0.3121277 -0.2953743 0.2470934,
-0.3049600 -0.2983365 0.2524564,
-0.3048846 -0.2975044 0.2521752,
-0.3047632 -0.2967579 0.2517221,
-0.3046019 -0.2961345 0.2511199,
-0.3044087 -0.2956655 0.2503989,
-0.3041933 -0.2953743 0.2495951,
-0.2965854 -0.2983365 0.2543130,
-0.2965349 -0.2975044 0.2540262,
-0.2964534 -0.2967579 0.2535643,
-0.2963452 -0.2961345 0.2529504,
-0.2962155 -0.2956655 0.2522153,
-0.2960710 -0.2953743 0.2513958,
-0.2880809 -0.2983365 0.2554326,
-0.2880556 -0.2975044 0.2551426,
-0.2880147 -0.2967579 0.2546753,
-0.2879603 -0.2961345 0.2540543,
-0.2878953 -0.2956655 0.2533107,
-0.2878228 -0.2953743 0.2524817,
-0.4013610 -0.4527559 0.0989656,
-0.4021843 -0.4526572 0.0992653,
-0.4029662 -0.4523660 0.0995499,
-0.4036677 -0.4518970 0.0998052,
-0.4042535 -0.4512736 0.1000184,
-0.4046943 -0.4505271 0.1001788,
-0.4049679 -0.4496950 0.1002784,
-0.4050606 -0.4488189 0.1003122,
-0.4564348 -0.4488189 0.0615990,
-0.4512377 -0.4488189 0.0621946,
-0.4461137 -0.4488189 0.0632479,
-0.4411031 -0.4488189 0.0647504,
-0.4362450 -0.4488189 0.0666905,
-0.4315777 -0.4488189 0.0690528,
-0.4271378 -0.4488189 0.0718189,
-0.4229600 -0.4488189 0.0749671,
-0.4190773 -0.4488189 0.0784726,
-0.4155199 -0.4488189 0.0823079,
-0.4123160 -0.4488189 0.0864430,
-0.4094905 -0.4488189 0.0908454,
-0.4070657 -0.4488189 0.0954806,
-0.4561602 -0.4527559 0.0576715,
-0.4562213 -0.4526572 0.0585455,
-0.4562793 -0.4523660 0.0593756,
-0.4563314 -0.4518970 0.0601202,
-0.4563749 -0.4512736 0.0607421,
-0.4564076 -0.4505271 0.0612100,
-0.4564279 -0.4496950 0.0615005,
-0.4034998 -0.4527559 0.0938120,
-0.4060863 -0.4527559 0.0888678,
-0.4091001 -0.4527559 0.0841719,
-0.4125177 -0.4527559 0.0797611,
-0.4163121 -0.4527559 0.0756701,
-0.4204537 -0.4527559 0.0719309,
-0.4249100 -0.4527559 0.0685728,
-0.4296459 -0.4527559 0.0656223,
-0.4346244 -0.4527559 0.0631025,
-0.4398063 -0.4527559 0.0610331,
-0.4451510 -0.4527559 0.0594304,
-0.4506166 -0.4527559 0.0583069,
-0.4507548 -0.4526572 0.0591720,
-0.4508861 -0.4523660 0.0599937,
-0.4510039 -0.4518970 0.0607309,
-0.4511022 -0.4512736 0.0613464,
-0.4511762 -0.4505271 0.0618096,
-0.4512222 -0.4496950 0.0620972,
-0.4453653 -0.4526572 0.0602798,
-0.4455687 -0.4523660 0.0610867,
-0.4457513 -0.4518970 0.0618105,
-0.4459037 -0.4512736 0.0624150,
-0.4460184 -0.4505271 0.0628698,
-0.4460896 -0.4496950 0.0631521,
-0.4400949 -0.4526572 0.0618603,
-0.4403690 -0.4523660 0.0626460,
-0.4406148 -0.4518970 0.0633508,
-0.4408202 -0.4512736 0.0639394,
-0.4409747 -0.4505271 0.0643823,
-0.4410706 -0.4496950 0.0646572,
-0.4349850 -0.4526572 0.0639009,
-0.4353276 -0.4523660 0.0646592,
-0.4356348 -0.4518970 0.0653395,
-0.4358915 -0.4512736 0.0659077,
-0.4360845 -0.4505271 0.0663351,
-0.4362044 -0.4496950 0.0666005,
-0.4300758 -0.4526572 0.0663857,
-0.4304841 -0.4523660 0.0671107,
-0.4308504 -0.4518970 0.0677612,
-0.4311563 -0.4512736 0.0683044,
-0.4313864 -0.4505271 0.0687131,
-0.4315293 -0.4496950 0.0689668,
-0.4254057 -0.4526572 0.0692951,
-0.4258766 -0.4523660 0.0699812,
-0.4262990 -0.4518970 0.0705967,
-0.4266517 -0.4512736 0.0711107,
-0.4269172 -0.4505271 0.0714974,
-0.4270819 -0.4496950 0.0717375,
-0.4210114 -0.4526572 0.0726065,
-0.4215412 -0.4523660 0.0732482,
-0.4220164 -0.4518970 0.0738239,
-0.4224132 -0.4512736 0.0743047,
-0.4227118 -0.4505271 0.0746664,
-0.4228972 -0.4496950 0.0748909,
-0.4169274 -0.4526572 0.0762937,
-0.4175119 -0.4523660 0.0768860,
-0.4180362 -0.4518970 0.0774174,
-0.4184740 -0.4512736 0.0778612,
-0.4188034 -0.4505271 0.0781950,
-0.4190079 -0.4496950 0.0784023,
-0.4131857 -0.4526572 0.0803278,
-0.4138203 -0.4523660 0.0808661,
-0.4143895 -0.4518970 0.0813490,
-0.4148649 -0.4512736 0.0817523,
-0.4152226 -0.4505271 0.0820557,
-0.4154447 -0.4496950 0.0822441,
-0.4098157 -0.4526572 0.0846773,
-0.4104954 -0.4523660 0.0851573,
-0.4111052 -0.4518970 0.0855879,
-0.4116144 -0.4512736 0.0859475,
-0.4119975 -0.4505271 0.0862181,
-0.4122354 -0.4496950 0.0863861,
-0.4068438 -0.4526572 0.0893079,
-0.4075633 -0.4523660 0.0897259,
-0.4082088 -0.4518970 0.0901008,
-0.4087478 -0.4512736 0.0904140,
-0.4091534 -0.4505271 0.0906496,
-0.4094052 -0.4496950 0.0907959,
-0.4042933 -0.4526572 0.0941833,
-0.4050470 -0.4523660 0.0945360,
-0.4057231 -0.4518970 0.0948524,
-0.4062878 -0.4512736 0.0951166,
-0.4067126 -0.4505271 0.0953154,
-0.4069763 -0.4496950 0.0954388,
-0.2795112 -0.4488189 0.2165354,
-0.2795112 -0.4496950 0.2166341,
-0.2795112 -0.4505271 0.2169253,
-0.2795112 -0.4512736 0.2173944,
-0.2795112 -0.4518970 0.2180178,
-0.2795112 -0.4523660 0.2187642,
-0.2795112 -0.4526572 0.2195964,
-0.2795112 -0.4527559 0.2204724,
-0.3387045 -0.4527559 0.1790249,
-0.3366015 -0.4527559 0.1841019,
-0.3340640 -0.4527559 0.1889764,
-0.3311113 -0.4527559 0.1936111,
-0.3277660 -0.4527559 0.1979709,
-0.3240534 -0.4527559 0.2020225,
-0.3200018 -0.4527559 0.2057351,
-0.3156420 -0.4527559 0.2090804,
-0.3110073 -0.4527559 0.2120331,
-0.3061328 -0.4527559 0.2145706,
-0.3010558 -0.4527559 0.2166736,
-0.2958148 -0.4527559 0.2183260,
-0.2904497 -0.4527559 0.2195154,
-0.2850013 -0.4527559 0.2202327,
-0.3350049 -0.4488189 0.1776784,
-0.3350976 -0.4496950 0.1777121,
-0.3353712 -0.4505271 0.1778117,
-0.3358120 -0.4512736 0.1779721,
-0.3363978 -0.4518970 0.1781853,
-0.3370993 -0.4523660 0.1784407,
-0.3378812 -0.4526572 0.1787253,
-0.2846582 -0.4488189 0.2163107,
-0.2897660 -0.4488189 0.2156383,
-0.2947958 -0.4488189 0.2145232,
-0.2997093 -0.4488189 0.2129740,
-0.3044690 -0.4488189 0.2110024,
-0.3090388 -0.4488189 0.2086235,
-0.3133838 -0.4488189 0.2058554,
-0.3174711 -0.4488189 0.2027192,
-0.3212695 -0.4488189 0.1992386,
-0.3247501 -0.4488189 0.1954402,
-0.3278863 -0.4488189 0.1913529,
-0.3306544 -0.4488189 0.1870079,
-0.3330333 -0.4488189 0.1824381,
-0.2849250 -0.4526572 0.2193600,
-0.2848525 -0.4523660 0.2185310,
-0.2847874 -0.4518970 0.2177874,
-0.2847331 -0.4512736 0.2171664,
-0.2846922 -0.4505271 0.2166991,
-0.2846668 -0.4496950 0.2164090,
-0.2902976 -0.4526572 0.2186527,
-0.2901531 -0.4523660 0.2178332,
-0.2900234 -0.4518970 0.2170981,
-0.2899152 -0.4512736 0.2164841,
-0.2898337 -0.4505271 0.2160222,
-0.2897832 -0.4496950 0.2157355,
-0.2955880 -0.4526572 0.2174798,
-0.2953727 -0.4523660 0.2166760,
-0.2951795 -0.4518970 0.2159550,
-0.2950181 -0.4512736 0.2153528,
-0.2948967 -0.4505271 0.2148998,
-0.2948214 -0.4496950 0.2146185,
-0.3007562 -0.4526572 0.2158503,
-0.3004716 -0.4523660 0.2150684,
-0.3002162 -0.4518970 0.2143669,
-0.3000030 -0.4512736 0.2137811,
-0.2998426 -0.4505271 0.2133403,
-0.2997430 -0.4496950 0.2130667,
-0.3057626 -0.4526572 0.2137766,
-0.3054109 -0.4523660 0.2130224,
-0.3050954 -0.4518970 0.2123459,
-0.3048320 -0.4512736 0.2117809,
-0.3046338 -0.4505271 0.2113558,
-0.3045107 -0.4496950 0.2110919,
-0.3105692 -0.4526572 0.2112744,
-0.3101532 -0.4523660 0.2105537,
-0.3097799 -0.4518970 0.2099073,
-0.3094682 -0.4512736 0.2093674,
-0.3092337 -0.4505271 0.2089612,
-0.3090881 -0.4496950 0.2087090,
-0.3151395 -0.4526572 0.2083628,
-0.3146622 -0.4523660 0.2076812,
-0.3142341 -0.4518970 0.2070697,
-0.3138765 -0.4512736 0.2065590,
-0.3136075 -0.4505271 0.2061748,
-0.3134405 -0.4496950 0.2059363,
-0.3194387 -0.4526572 0.2050640,
-0.3189038 -0.4523660 0.2044265,
-0.3184239 -0.4518970 0.2038547,
-0.3180232 -0.4512736 0.2033771,
-0.3177217 -0.4505271 0.2030178,
-0.3175346 -0.4496950 0.2027948,
-0.3234339 -0.4526572 0.2014030,
-0.3228455 -0.4523660 0.2008146,
-0.3223177 -0.4518970 0.2002868,
-0.3218768 -0.4512736 0.1998459,
-0.3215452 -0.4505271 0.1995143,
-0.3213393 -0.4496950 0.1993084,
-0.3270949 -0.4526572 0.1974077,
-0.3264574 -0.4523660 0.1968729,
-0.3258856 -0.4518970 0.1963930,
-0.3254080 -0.4512736 0.1959923,
-0.3250487 -0.4505271 0.1956908,
-0.3248257 -0.4496950 0.1955037,
-0.3303937 -0.4526572 0.1931086,
-0.3297121 -0.4523660 0.1926313,
-0.3291006 -0.4518970 0.1922032,
-0.3285899 -0.4512736 0.1918456,
-0.3282057 -0.4505271 0.1915766,
-0.3279672 -0.4496950 0.1914096,
-0.3333053 -0.4526572 0.1885383,
-0.3325847 -0.4523660 0.1881223,
-0.3319382 -0.4518970 0.1877490,
-0.3313983 -0.4512736 0.1874373,
-0.3309921 -0.4505271 0.1872028,
-0.3307399 -0.4496950 0.1870572,
-0.3358075 -0.4526572 0.1837317,
-0.3350533 -0.4523660 0.1833800,
-0.3343768 -0.4518970 0.1830645,
-0.3338118 -0.4512736 0.1828011,
-0.3333867 -0.4505271 0.1826029,
-0.3331228 -0.4496950 0.1824798,
-0.3720006 -0.2992126 0.1911437,
-0.3719079 -0.2983365 0.1911100,
-0.3716343 -0.2975044 0.1910104,
-0.3711935 -0.2967579 0.1908499,
-0.3706077 -0.2961345 0.1906367,
-0.3699063 -0.2956655 0.1903814,
-0.3691243 -0.2953743 0.1900968,
-0.3683011 -0.2952756 0.1897972,
-0.4013610 -0.2952756 0.0989656,
-0.4050606 -0.2992126 0.1003122,
-0.4049679 -0.2983365 0.1002784,
-0.4046943 -0.2975044 0.1001788,
-0.4042535 -0.2967579 0.1000184,
-0.4036677 -0.2961345 0.0998052,
-0.4029662 -0.2956655 0.0995499,
-0.4021843 -0.2953743 0.0992653,
-0.4561602 -0.4527559 0.0576715,
-0.4562213 -0.4526572 0.0585455,
-0.4562793 -0.4523660 0.0593756,
-0.4563314 -0.4518970 0.0601202,
-0.4563749 -0.4512736 0.0607421,
-0.4564076 -0.4505271 0.0612100,
-0.4564279 -0.4496950 0.0615005,
-0.4564348 -0.4488189 0.0615990,
-0.4895717 -0.4488189 0.0592818,
-0.4892971 -0.4527559 0.0553544,
-0.4893582 -0.4526572 0.0562283,
-0.4894163 -0.4523660 0.0570584,
-0.4894683 -0.4518970 0.0578031,
-0.4895118 -0.4512736 0.0584250,
-0.4895445 -0.4505271 0.0588929,
-0.4895648 -0.4496950 0.0591833,
-0.3350049 -0.4488189 0.1776784,
-0.3350976 -0.4496950 0.1777121,
-0.3353712 -0.4505271 0.1778117,
-0.3358120 -0.4512736 0.1779721,
-0.3363978 -0.4518970 0.1781853,
-0.3370993 -0.4523660 0.1784407,
-0.3378812 -0.4526572 0.1787253,
-0.3387045 -0.4527559 0.1790249,
-0.3717644 -0.4527559 0.0881934,
-0.3680649 -0.4488189 0.0868468,
-0.3681576 -0.4496950 0.0868806,
-0.3684312 -0.4505271 0.0869802,
-0.3688720 -0.4512736 0.0871406,
-0.3694578 -0.4518970 0.0873538,
-0.3701592 -0.4523660 0.0876091,
-0.3709412 -0.4526572 0.0878937,
-0.4050606 -0.2992126 0.1003122,
-0.4049679 -0.2983365 0.1002784,
-0.4046943 -0.2975044 0.1001788,
-0.4042535 -0.2967579 0.1000184,
-0.4036677 -0.2961345 0.0998052,
-0.4029662 -0.2956655 0.0995499,
-0.4021843 -0.2953743 0.0992653,
-0.4013610 -0.2952756 0.0989656,
-0.4561602 -0.2952756 0.0576715,
-0.4506166 -0.2952756 0.0583069,
-0.4451510 -0.2952756 0.0594304,
-0.4398063 -0.2952756 0.0610331,
-0.4346244 -0.2952756 0.0631025,
-0.4296459 -0.2952756 0.0656223,
-0.4249100 -0.2952756 0.0685728,
-0.4204537 -0.2952756 0.0719309,
-0.4163121 -0.2952756 0.0756701,
-0.4125177 -0.2952756 0.0797611,
-0.4091001 -0.2952756 0.0841719,
-0.4060863 -0.2952756 0.0888678,
-0.4034998 -0.2952756 0.0938120,
-0.4564348 -0.2992126 0.0615990,
-0.4564279 -0.2983365 0.0615005,
-0.4564076 -0.2975044 0.0612100,
-0.4563749 -0.2967579 0.0607421,
-0.4563314 -0.2961345 0.0601202,
-0.4562793 -0.2956655 0.0593756,
-0.4562213 -0.2953743 0.0585455,
-0.4070657 -0.2992126 0.0954806,
-0.4094905 -0.2992126 0.0908454,
-0.4123160 -0.2992126 0.0864430,
-0.4155199 -0.2992126 0.0823079,
-0.4190773 -0.2992126 0.0784726,
-0.4229600 -0.2992126 0.0749671,
-0.4271378 -0.2992126 0.0718189,
-0.4315777 -0.2992126 0.0690528,
-0.4362450 -0.2992126 0.0666905,
-0.4411031 -0.2992126 0.0647504,
-0.4461137 -0.2992126 0.0632479,
-0.4512377 -0.2992126 0.0621946,
-0.4042933 -0.2953743 0.0941833,
-0.4050470 -0.2956655 0.0945360,
-0.4057231 -0.2961345 0.0948524,
-0.4062878 -0.2967579 0.0951166,
-0.4067126 -0.2975044 0.0953154,
-0.4069763 -0.2983365 0.0954388,
-0.4068438 -0.2953743 0.0893079,
-0.4075633 -0.2956655 0.0897259,
-0.4082088 -0.2961345 0.0901008,
-0.4087478 -0.2967579 0.0904140,
-0.4091534 -0.2975044 0.0906496,
-0.4094052 -0.2983365 0.0907959,
-0.4098157 -0.2953743 0.0846773,
-0.4104954 -0.2956655 0.0851573,
-0.4111052 -0.2961345 0.0855879,
-0.4116144 -0.2967579 0.0859475,
-0.4119975 -0.2975044 0.0862181,
-0.4122354 -0.2983365 0.0863861,
-0.4131857 -0.2953743 0.0803278,
-0.4138203 -0.2956655 0.0808661,
-0.4143895 -0.2961345 0.0813490,
-0.4148649 -0.2967579 0.0817523,
-0.4152226 -0.2975044 0.0820557,
-0.4154447 -0.2983365 0.0822441,
-0.4169274 -0.2953743 0.0762937,
-0.4175119 -0.2956655 0.0768860,
-0.4180362 -0.2961345 0.0774174,
-0.4184740 -0.2967579 0.0778612,
-0.4188034 -0.2975044 0.0781950,
-0.4190079 -0.2983365 0.0784023,
-0.4210114 -0.2953743 0.0726065,
-0.4215412 -0.2956655 0.0732482,
-0.4220164 -0.2961345 0.0738239,
-0.4224132 -0.2967579 0.0743047,
-0.4227118 -0.2975044 0.0746664,
-0.4228972 -0.2983365 0.0748909,
-0.4254057 -0.2953743 0.0692951,
-0.4258766 -0.2956655 0.0699812,
-0.4262990 -0.2961345 0.0705967,
-0.4266517 -0.2967579 0.0711107,
-0.4269172 -0.2975044 0.0714974,
-0.4270819 -0.2983365 0.0717375,
-0.4300758 -0.2953743 0.0663857,
-0.4304841 -0.2956655 0.0671107,
-0.4308504 -0.2961345 0.0677612,
-0.4311563 -0.2967579 0.0683044,
-0.4313864 -0.2975044 0.0687131,
-0.4315293 -0.2983365 0.0689668,
-0.4349850 -0.2953743 0.0639009,
-0.4353276 -0.2956655 0.0646592,
-0.4356348 -0.2961345 0.0653395,
-0.4358915 -0.2967579 0.0659077,
-0.4360845 -0.2975044 0.0663351,
-0.4362044 -0.2983365 0.0666005,
-0.4400949 -0.2953743 0.0618603,
-0.4403690 -0.2956655 0.0626460,
-0.4406148 -0.2961345 0.0633508,
-0.4408202 -0.2967579 0.0639394,
-0.4409747 -0.2975044 0.0643823,
-0.4410706 -0.2983365 0.0646572,
-0.4453653 -0.2953743 0.0602798,
-0.4455687 -0.2956655 0.0610867,
-0.4457513 -0.2961345 0.0618105,
-0.4459037 -0.2967579 0.0624150,
-0.4460184 -0.2975044 0.0628698,
-0.4460896 -0.2983365 0.0631521,
-0.4507548 -0.2953743 0.0591720,
-0.4508861 -0.2956655 0.0599937,
-0.4510039 -0.2961345 0.0607309,
-0.4511022 -0.2967579 0.0613464,
-0.4511762 -0.2975044 0.0618096,
-0.4512222 -0.2983365 0.0620972,
-0.4892971 -0.4527559 0.0553544,
-0.4901710 -0.4526572 0.0552933,
-0.4910011 -0.4523660 0.0552352,
-0.4917458 -0.4518970 0.0551832,
-0.4923677 -0.4512736 0.0551397,
-0.4928356 -0.4505271 0.0551069,
-0.4931260 -0.4496950 0.0550866,
-0.4932245 -0.4488189 0.0550797,
-0.4893582 -0.4526572 0.0562283,
-0.4894163 -0.4523660 0.0570584,
-0.4894683 -0.4518970 0.0578031,
-0.4895118 -0.4512736 0.0584250,
-0.4895445 -0.4505271 0.0588929,
-0.4895648 -0.4496950 0.0591833,
-0.4895717 -0.4488189 0.0592818,
-0.4932341 -0.4488189 0.0553544,
-0.4931439 -0.4488189 0.0561921,
-0.4928776 -0.4488189 0.0569915,
-0.4924472 -0.4488189 0.0577159,
-0.4918726 -0.4488189 0.0583321,
-0.4911800 -0.4488189 0.0588119,
-0.4904011 -0.4488189 0.0591334,
-0.4932341 -0.4488189 0.0553544,
-0.4932298 -0.4488189 0.0551712,
-0.4932330 -0.4488189 0.0552628,
-0.4899807 -0.4526813 0.0556923,
-0.4899807 -0.4525640 0.0563579,
-0.4899807 -0.4523328 0.0569930,
-0.4906436 -0.4524623 0.0559968,
-0.4899807 -0.4519949 0.0575782,
-0.4906436 -0.4522954 0.0566197,
-0.4912656 -0.4522155 0.0556515,
-0.4899807 -0.4515605 0.0580960,
-0.4906436 -0.4520228 0.0572042,
-0.4912656 -0.4521123 0.0562368,
-0.4899807 -0.4510428 0.0585304,
-0.4906436 -0.4516529 0.0577324,
-0.4912656 -0.4519090 0.0567953,
-0.4918278 -0.4517890 0.0558781,
-0.4899807 -0.4504575 0.0588683,
-0.4906436 -0.4511969 0.0581884,
-0.4912656 -0.4516118 0.0573100,
-0.4918278 -0.4516529 0.0563859,
-0.4899807 -0.4498224 0.0590995,
-0.4923130 -0.4513399 0.0555749,
-0.4906436 -0.4506687 0.0585583,
-0.4912656 -0.4512298 0.0577653,
-0.4918278 -0.4514308 0.0568623,
-0.4931743 -0.4493426 0.0549149,
-0.4899807 -0.4491568 0.0592168,
-0.4923130 -0.4512633 0.0560094,
-0.4906436 -0.4500842 0.0588308,
-0.4927066 -0.4507874 0.0553544,
-0.4912656 -0.4507745 0.0581473,
-0.4918278 -0.4511292 0.0572930,
-0.4931743 -0.4494110 0.0550126,
-0.4923130 -0.4511125 0.0564239,
-0.4906436 -0.4494613 0.0589978,
-0.4927066 -0.4507575 0.0556962,
-0.4912656 -0.4502598 0.0584445,
-0.4929967 -0.4501603 0.0552370,
-0.4918278 -0.4507575 0.0576647,
-0.4931743 -0.4494613 0.0551206,
-0.4923130 -0.4508919 0.0568059,
-0.4927066 -0.4506687 0.0560276,
-0.4912656 -0.4497014 0.0586478,
-0.4929967 -0.4501603 0.0554717,
-0.4918278 -0.4503269 0.0579662,
-0.4931743 -0.4494922 0.0552357,
-0.4923130 -0.4506083 0.0571438,
-0.4927066 -0.4505237 0.0563386,
-0.4912656 -0.4491161 0.0587510,
-0.4929967 -0.4501196 0.0557029,
-0.4918278 -0.4498504 0.0581884,
-0.4931743 -0.4495026 0.0553544,
-0.4923130 -0.4502704 0.0574274,
-0.4927066 -0.4503269 0.0566197,
-0.4929967 -0.4500393 0.0559235,
-0.4918278 -0.4493426 0.0583245,
-0.4931743 -0.4494922 0.0554731,
-0.4923130 -0.4498884 0.0576479,
-0.4927066 -0.4500842 0.0568623,
-0.4929967 -0.4499219 0.0561267,
-0.4931743 -0.4494613 0.0555882,
-0.4923130 -0.4494739 0.0577988,
-0.4927066 -0.4498031 0.0570592,
-0.4929967 -0.4497710 0.0563065,
-0.4931743 -0.4494110 0.0556962,
-0.4923130 -0.4490395 0.0578754,
-0.4927066 -0.4494922 0.0572042,
-0.4929967 -0.4495912 0.0564574,
-0.4931743 -0.4493426 0.0557938,
-0.4927066 -0.4491607 0.0572930,
-0.4929967 -0.4493880 0.0565748,
-0.4931743 -0.4492583 0.0558781,
-0.4929967 -0.4491674 0.0566550,
-0.4931743 -0.4491607 0.0559464,
-0.4929967 -0.4489363 0.0566958,
-0.4931743 -0.4490527 0.0559968,
-0.4931743 -0.4489376 0.0560276,
-0.3680649 -0.4488189 0.0868468,
-0.3681576 -0.4496950 0.0868806,
-0.3684312 -0.4505271 0.0869802,
-0.3688720 -0.4512736 0.0871406,
-0.3694578 -0.4518970 0.0873538,
-0.3701592 -0.4523660 0.0876091,
-0.3709412 -0.4526572 0.0878937,
-0.3717644 -0.4527559 0.0881934,
-0.4539631 -0.4527559 0.0262522,
-0.4456478 -0.4527559 0.0272053,
-0.4374494 -0.4527559 0.0288904,
-0.4294324 -0.4527559 0.0312945,
-0.4216595 -0.4527559 0.0343986,
-0.4141918 -0.4527559 0.0381784,
-0.4070879 -0.4527559 0.0426041,
-0.4004035 -0.4527559 0.0476412,
-0.3941910 -0.4527559 0.0532500,
-0.3884993 -0.4527559 0.0593866,
-0.3833730 -0.4527559 0.0660027,
-0.3788523 -0.4527559 0.0730466,
-0.3749726 -0.4527559 0.0804629,
-0.4536885 -0.4488189 0.0223248,
-0.4536954 -0.4496950 0.0224233,
-0.4537157 -0.4505271 0.0227137,
-0.4537484 -0.4512736 0.0231816,
-0.4537919 -0.4518970 0.0238035,
-0.4538440 -0.4523660 0.0245482,
-0.4539020 -0.4526572 0.0253783,
-0.3714067 -0.4488189 0.0787942,
-0.3754480 -0.4488189 0.0710689,
-0.3801571 -0.4488189 0.0637316,
-0.3854970 -0.4488189 0.0568397,
-0.3914259 -0.4488189 0.0504475,
-0.3978972 -0.4488189 0.0446050,
-0.4048601 -0.4488189 0.0393580,
-0.4122600 -0.4488189 0.0347479,
-0.4200389 -0.4488189 0.0308106,
-0.4281356 -0.4488189 0.0275772,
-0.4364867 -0.4488189 0.0250730,
-0.4450267 -0.4488189 0.0233176,
-0.4450423 -0.4496950 0.0234150,
-0.4450882 -0.4505271 0.0237026,
-0.4451622 -0.4512736 0.0241657,
-0.4452605 -0.4518970 0.0247813,
-0.4453783 -0.4523660 0.0255185,
-0.4455096 -0.4526572 0.0263402,
-0.4365109 -0.4496950 0.0251687,
-0.4365821 -0.4505271 0.0254510,
-0.4366968 -0.4512736 0.0259058,
-0.4368492 -0.4518970 0.0265103,
-0.4370317 -0.4523660 0.0272341,
-0.4372352 -0.4526572 0.0280410,
-0.4281681 -0.4496950 0.0276704,
-0.4282640 -0.4505271 0.0279453,
-0.4284185 -0.4512736 0.0283882,
-0.4286238 -0.4518970 0.0289768,
-0.4288697 -0.4523660 0.0296816,
-0.4291438 -0.4526572 0.0304673,
-0.4200795 -0.4496950 0.0309006,
-0.4201993 -0.4505271 0.0311659,
-0.4203924 -0.4512736 0.0315934,
-0.4206490 -0.4518970 0.0321615,
-0.4209563 -0.4523660 0.0328418,
-0.4212989 -0.4526572 0.0336002,
-0.4123084 -0.4496950 0.0348339,
-0.4124513 -0.4505271 0.0350876,
-0.4126815 -0.4512736 0.0354963,
-0.4129873 -0.4518970 0.0360395,
-0.4133536 -0.4523660 0.0366899,
-0.4137619 -0.4526572 0.0374150,
-0.4049160 -0.4496950 0.0394394,
-0.4050807 -0.4505271 0.0396795,
-0.4053461 -0.4512736 0.0400662,
-0.4056989 -0.4518970 0.0405802,
-0.4061213 -0.4523660 0.0411957,
-0.4065921 -0.4526572 0.0418818,
-0.3979600 -0.4496950 0.0446811,
-0.3981454 -0.4505271 0.0449056,
-0.3984440 -0.4512736 0.0452674,
-0.3988408 -0.4518970 0.0457481,
-0.3993160 -0.4523660 0.0463238,
-0.3998458 -0.4526572 0.0469656,
-0.3914952 -0.4496950 0.0505177,
-0.3916997 -0.4505271 0.0507250,
-0.3920292 -0.4512736 0.0510589,
-0.3924670 -0.4518970 0.0515026,
-0.3929913 -0.4523660 0.0520340,
-0.3935757 -0.4526572 0.0526264,
-0.3855723 -0.4496950 0.0569036,
-0.3857944 -0.4505271 0.0570919,
-0.3861521 -0.4512736 0.0573954,
-0.3866274 -0.4518970 0.0577986,
-0.3871967 -0.4523660 0.0582815,
-0.3878313 -0.4526572 0.0588198,
-0.3802377 -0.4496950 0.0637885,
-0.3804756 -0.4505271 0.0639565,
-0.3808587 -0.4512736 0.0642271,
-0.3813679 -0.4518970 0.0645867,
-0.3819777 -0.4523660 0.0650173,
-0.3826574 -0.4526572 0.0654973,
-0.3755334 -0.4496950 0.0711185,
-0.3757851 -0.4505271 0.0712648,
-0.3761907 -0.4512736 0.0715004,
-0.3767297 -0.4518970 0.0718135,
-0.3773752 -0.4523660 0.0721885,
-0.3780947 -0.4526572 0.0726065,
-0.3714961 -0.4496950 0.0788360,
-0.3717598 -0.4505271 0.0789595,
-0.3721847 -0.4512736 0.0791583,
-0.3727493 -0.4518970 0.0794225,
-0.3734254 -0.4523660 0.0797389,
-0.3741791 -0.4526572 0.0800915,
-0.4564348 -0.2992126 0.0615990,
-0.4564279 -0.2983365 0.0615005,
-0.4564076 -0.2975044 0.0612100,
-0.4563749 -0.2967579 0.0607421,
-0.4563314 -0.2961345 0.0601202,
-0.4562793 -0.2956655 0.0593756,
-0.4562213 -0.2953743 0.0585455,
-0.4561602 -0.2952756 0.0576715,
-0.4892971 -0.2952756 0.0553544,
-0.4895717 -0.2992126 0.0592818,
-0.4895648 -0.2983365 0.0591833,
-0.4895445 -0.2975044 0.0588929,
-0.4895118 -0.2967579 0.0584250,
-0.4894683 -0.2961345 0.0578031,
-0.4894163 -0.2956655 0.0570584,
-0.4893582 -0.2953743 0.0562283,
-0.4932341 -0.4488189 0.0553544,
-0.4931439 -0.4488189 0.0561921,
-0.4928776 -0.4488189 0.0569915,
-0.4924472 -0.4488189 0.0577159,
-0.4918726 -0.4488189 0.0583321,
-0.4911800 -0.4488189 0.0588119,
-0.4904011 -0.4488189 0.0591334,
-0.4895717 -0.4488189 0.0592818,
-0.4895717 -0.2992126 0.0592818,
-0.4932341 -0.2992126 0.0553544,
-0.4931439 -0.2992126 0.0561921,
-0.4928776 -0.2992126 0.0569915,
-0.4924472 -0.2992126 0.0577159,
-0.4918726 -0.2992126 0.0583321,
-0.4911800 -0.2992126 0.0588119,
-0.4904011 -0.2992126 0.0591334,
-0.4932245 -0.2992126 0.0550797,
-0.4932298 -0.2992126 0.0551712,
-0.4932330 -0.2992126 0.0552628,
-0.4932245 -0.4488189 0.0550797,
-0.4932298 -0.4488189 0.0551712,
-0.4932330 -0.4488189 0.0552628,
-0.4892971 -0.4527559 0.0553544,
-0.4901710 -0.4526572 0.0552933,
-0.4910011 -0.4523660 0.0552352,
-0.4917458 -0.4518970 0.0551832,
-0.4923677 -0.4512736 0.0551397,
-0.4928356 -0.4505271 0.0551069,
-0.4931260 -0.4496950 0.0550866,
-0.4932245 -0.4488189 0.0550797,
-0.4910275 -0.4488189 0.0236604,
-0.4871000 -0.4527559 0.0239350,
-0.4879740 -0.4526572 0.0238739,
-0.4888041 -0.4523660 0.0238159,
-0.4895487 -0.4518970 0.0237638,
-0.4901706 -0.4512736 0.0237203,
-0.4906385 -0.4505271 0.0236876,
-0.4909290 -0.4496950 0.0236673,
-0.4536885 -0.4488189 0.0223248,
-0.4536954 -0.4496950 0.0224233,
-0.4537157 -0.4505271 0.0227137,
-0.4537484 -0.4512736 0.0231816,
-0.4537919 -0.4518970 0.0238035,
-0.4538440 -0.4523660 0.0245482,
-0.4539020 -0.4526572 0.0253783,
-0.4539631 -0.4527559 0.0262522,
-0.4871000 -0.4527559 0.0239350,
-0.4868254 -0.4488189 0.0200076,
-0.4868323 -0.4496950 0.0201061,
-0.4868526 -0.4505271 0.0203966,
-0.4868853 -0.4512736 0.0208645,
-0.4869288 -0.4518970 0.0214863,
-0.4869809 -0.4523660 0.0222310,
-0.4870389 -0.4526572 0.0230611,
-0.4932245 -0.2992126 0.0550797,
-0.4932298 -0.2992126 0.0551712,
-0.4932330 -0.2992126 0.0552628,
-0.4932341 -0.2992126 0.0553544,
-0.4932341 -0.2992126 0.0553544,
-0.4931439 -0.2992126 0.0561921,
-0.4928776 -0.2992126 0.0569915,
-0.4924472 -0.2992126 0.0577159,
-0.4918726 -0.2992126 0.0583321,
-0.4911800 -0.2992126 0.0588119,
-0.4904011 -0.2992126 0.0591334,
-0.4895717 -0.2992126 0.0592818,
-0.4895648 -0.2983365 0.0591833,
-0.4895445 -0.2975044 0.0588929,
-0.4895118 -0.2967579 0.0584250,
-0.4894683 -0.2961345 0.0578031,
-0.4894163 -0.2956655 0.0570584,
-0.4893582 -0.2953743 0.0562283,
-0.4892971 -0.2952756 0.0553544,
-0.4931260 -0.2983365 0.0550866,
-0.4928356 -0.2975044 0.0551069,
-0.4923677 -0.2967579 0.0551397,
-0.4917458 -0.2961345 0.0551832,
-0.4910011 -0.2956655 0.0552352,
-0.4901710 -0.2953743 0.0552933,
-0.4899807 -0.2988747 0.0592168,
-0.4899807 -0.2982091 0.0590995,
-0.4899807 -0.2975740 0.0588683,
-0.4906436 -0.2985702 0.0589978,
-0.4899807 -0.2969887 0.0585304,
-0.4906436 -0.2979473 0.0588308,
-0.4912656 -0.2989154 0.0587510,
-0.4899807 -0.2964710 0.0580960,
-0.4906436 -0.2973628 0.0585583,
-0.4912656 -0.2983301 0.0586478,
-0.4899807 -0.2960366 0.0575782,
-0.4906436 -0.2968346 0.0581884,
-0.4912656 -0.2977717 0.0584445,
-0.4918278 -0.2986889 0.0583245,
-0.4899807 -0.2956987 0.0569930,
-0.4906436 -0.2963786 0.0577324,
-0.4912656 -0.2972570 0.0581473,
-0.4918278 -0.2981811 0.0581884,
-0.4899807 -0.2954675 0.0563579,
-0.4923130 -0.2989920 0.0578754,
-0.4906436 -0.2960087 0.0572042,
-0.4912656 -0.2968017 0.0577653,
-0.4918278 -0.2977046 0.0579662,
-0.4899807 -0.2953502 0.0556923,
-0.4923130 -0.2985576 0.0577988,
-0.4906436 -0.2957361 0.0566197,
-0.4912656 -0.2964197 0.0573100,
-0.4918278 -0.2972740 0.0576647,
-0.4923130 -0.2981431 0.0576479,
-0.4906436 -0.2955692 0.0559968,
-0.4927066 -0.2988708 0.0572930,
-0.4912656 -0.2961225 0.0567953,
-0.4918278 -0.2969023 0.0572930,
-0.4923130 -0.2977611 0.0574274,
-0.4927066 -0.2985393 0.0572042,
-0.4912656 -0.2959192 0.0562368,
-0.4929967 -0.2990952 0.0566958,
-0.4918278 -0.2966007 0.0568623,
-0.4923130 -0.2974232 0.0571438,
-0.4927066 -0.2982283 0.0570592,
-0.4912656 -0.2958160 0.0556515,
-0.4929967 -0.2988641 0.0566550,
-0.4918278 -0.2963786 0.0563859,
-0.4923130 -0.2971396 0.0568059,
-0.4927066 -0.2979473 0.0568623,
-0.4929967 -0.2986435 0.0565748,
-0.4918278 -0.2962425 0.0558781,
-0.4931743 -0.2990939 0.0560276,
-0.4923130 -0.2969190 0.0564239,
-0.4927066 -0.2977046 0.0566197,
-0.4929967 -0.2984403 0.0564574,
-0.4918278 -0.2961967 0.0553544,
-0.4931743 -0.2989788 0.0559968,
-0.4923130 -0.2967682 0.0560094,
-0.4927066 -0.2975078 0.0563386,
-0.4929967 -0.2982605 0.0563065,
-0.4931743 -0.2988708 0.0559464,
-0.4923130 -0.2966916 0.0555749,
-0.4927066 -0.2973628 0.0560276,
-0.4929967 -0.2981096 0.0561267,
-0.4931743 -0.2987732 0.0558781,
-0.4927066 -0.2972740 0.0556962,
-0.4929967 -0.2979922 0.0559235,
-0.4931743 -0.2986889 0.0557938,
-0.4927066 -0.2972441 0.0553544,
-0.4929967 -0.2979119 0.0557029,
-0.4931743 -0.2986205 0.0556962,
-0.4929967 -0.2978712 0.0554717,
-0.4931743 -0.2985702 0.0555882,
-0.4929967 -0.2978712 0.0552370,
-0.4931743 -0.2985393 0.0554731,
-0.4931743 -0.2985289 0.0553544,
-0.4931743 -0.2985393 0.0552357,
-0.4931743 -0.2985702 0.0551206,
-0.4931743 -0.2986205 0.0550126,
-0.4868254 -0.4488189 0.0200076,
-0.4868323 -0.4496950 0.0201061,
-0.4868526 -0.4505271 0.0203966,
-0.4868853 -0.4512736 0.0208645,
-0.4869288 -0.4518970 0.0214863,
-0.4869809 -0.4523660 0.0222310,
-0.4870389 -0.4526572 0.0230611,
-0.4871000 -0.4527559 0.0239350,
-0.4879740 -0.4526572 0.0238739,
-0.4888041 -0.4523660 0.0238159,
-0.4895487 -0.4518970 0.0237638,
-0.4901706 -0.4512736 0.0237203,
-0.4906385 -0.4505271 0.0236876,
-0.4909290 -0.4496950 0.0236673,
-0.4910275 -0.4488189 0.0236604,
-0.4877062 -0.4488189 0.0200450,
-0.4885566 -0.4488189 0.0202774,
-0.4893340 -0.4488189 0.0206932,
-0.4899994 -0.4488189 0.0212716,
-0.4905194 -0.4488189 0.0219836,
-0.4908679 -0.4488189 0.0227934,
-0.4875116 -0.4491602 0.0200345,
-0.4875116 -0.4498323 0.0201530,
-0.4875116 -0.4504736 0.0203864,
-0.4881852 -0.4494761 0.0202080,
-0.4875116 -0.4510647 0.0207277,
-0.4881852 -0.4501133 0.0203788,
-0.4888259 -0.4491273 0.0204099,
-0.4875116 -0.4515875 0.0211664,
-0.4881852 -0.4507111 0.0206576,
-0.4888259 -0.4497347 0.0205171,
-0.4875116 -0.4520262 0.0216892,
-0.4881852 -0.4512515 0.0210359,
-0.4888259 -0.4503144 0.0207280,
-0.4894142 -0.4493720 0.0207983,
-0.4875116 -0.4523675 0.0222803,
-0.4881852 -0.4517180 0.0215024,
-0.4888259 -0.4508485 0.0210364,
-0.4894142 -0.4499083 0.0209420,
-0.4899321 -0.4490573 0.0212106,
-0.4875116 -0.4526009 0.0229216,
-0.4881852 -0.4520964 0.0220428,
-0.4888259 -0.4513210 0.0214329,
-0.4894142 -0.4504115 0.0211767,
-0.4899321 -0.4495267 0.0212934,
-0.4875116 -0.4527194 0.0235938,
-0.4881852 -0.4523752 0.0226407,
-0.4888259 -0.4517175 0.0219054,
-0.4894142 -0.4508662 0.0214951,
-0.4899321 -0.4499747 0.0214564,
-0.4903640 -0.4492012 0.0217669,
-0.4881852 -0.4525459 0.0232779,
-0.4888259 -0.4520259 0.0224396,
-0.4894142 -0.4512588 0.0218877,
-0.4899321 -0.4503876 0.0216948,
-0.4903640 -0.4495719 0.0218663,
-0.4906967 -0.4489585 0.0223398,
-0.4888259 -0.4522369 0.0230192,
-0.4894142 -0.4515773 0.0223425,
-0.4899321 -0.4507527 0.0220012,
-0.4903640 -0.4499197 0.0220284,
-0.4906967 -0.4492334 0.0223883,
-0.4888259 -0.4523440 0.0236266,
-0.4894142 -0.4518119 0.0228457,
-0.4899321 -0.4510592 0.0223664,
-0.4903640 -0.4502340 0.0222486,
-0.4906967 -0.4494956 0.0224837,
-0.4909201 -0.4489843 0.0229971,
-0.4894142 -0.4519556 0.0233820,
-0.4899321 -0.4512975 0.0227792,
-0.4903640 -0.4505054 0.0225199,
-0.4906967 -0.4497374 0.0226233,
-0.4909201 -0.4491447 0.0230400,
-0.4899321 -0.4514606 0.0232272,
-0.4903640 -0.4507255 0.0228343,
-0.4906967 -0.4499512 0.0228027,
-0.4909201 -0.4492951 0.0231102,
-0.4903640 -0.4508877 0.0231821,
-0.4906967 -0.4501306 0.0230166,
-0.4909201 -0.4494311 0.0232054,
-0.4906967 -0.4502702 0.0232583,
-0.4909201 -0.4495485 0.0233228,
-0.4906967 -0.4503657 0.0235206,
-0.4909201 -0.4496437 0.0234588,
-0.4909201 -0.4497139 0.0236093,
-0.4932245 -0.2992126 0.0550797,
-0.4931260 -0.2983365 0.0550866,
-0.4928356 -0.2975044 0.0551069,
-0.4923677 -0.2967579 0.0551397,
-0.4917458 -0.2961345 0.0551832,
-0.4910011 -0.2956655 0.0552352,
-0.4901710 -0.2953743 0.0552933,
-0.4892971 -0.2952756 0.0553544,
-0.4871000 -0.2952756 0.0239350,
-0.4910275 -0.2992126 0.0236604,
-0.4909290 -0.2983365 0.0236673,
-0.4906385 -0.2975044 0.0236876,
-0.4901706 -0.2967579 0.0237203,
-0.4895487 -0.2961345 0.0237638,
-0.4888041 -0.2956655 0.0238159,
-0.4879740 -0.2953743 0.0238739,
-0.4868254 -0.4488189 0.0200076,
-0.4877062 -0.4488189 0.0200450,
-0.4885566 -0.4488189 0.0202774,
-0.4893340 -0.4488189 0.0206932,
-0.4899994 -0.4488189 0.0212716,
-0.4905194 -0.4488189 0.0219836,
-0.4908679 -0.4488189 0.0227934,
-0.4910275 -0.4488189 0.0236604,
-0.4910275 -0.2992126 0.0236604,
-0.4871000 -0.2992126 0.0199980,
-0.4879378 -0.2992126 0.0200882,
-0.4887372 -0.2992126 0.0203546,
-0.4894615 -0.2992126 0.0207849,
-0.4900778 -0.2992126 0.0213595,
-0.4905576 -0.2992126 0.0220522,
-0.4908791 -0.2992126 0.0228310,
-0.4868254 -0.2992126 0.0200076,
-0.4869169 -0.2992126 0.0200023,
-0.4870084 -0.2992126 0.0199991,
-0.4871000 -0.2992126 0.0199980,
-0.4871000 -0.2983365 0.0200967,
-0.4871000 -0.2975044 0.0203879,
-0.4871000 -0.2967579 0.0208570,
-0.4871000 -0.2961345 0.0214804,
-0.4871000 -0.2956655 0.0222268,
-0.4871000 -0.2953743 0.0230590,
-0.4871000 -0.2952756 0.0239350,
-0.4879378 -0.2992126 0.0200882,
-0.4887372 -0.2992126 0.0203546,
-0.4894615 -0.2992126 0.0207849,
-0.4900778 -0.2992126 0.0213595,
-0.4905576 -0.2992126 0.0220522,
-0.4908791 -0.2992126 0.0228310,
-0.4910275 -0.2992126 0.0236604,
-0.4909290 -0.2983365 0.0236673,
-0.4906385 -0.2975044 0.0236876,
-0.4901706 -0.2967579 0.0237203,
-0.4895487 -0.2961345 0.0237638,
-0.4888041 -0.2956655 0.0238159,
-0.4879740 -0.2953743 0.0238739,
-0.4877536 -0.2953450 0.0235967,
-0.4877536 -0.2954625 0.0229302,
-0.4877536 -0.2956940 0.0222943,
-0.4883890 -0.2955491 0.0232891,
-0.4877536 -0.2960323 0.0217082,
-0.4883890 -0.2957169 0.0226627,
-0.4877536 -0.2964673 0.0211898,
-0.4883890 -0.2959910 0.0220750,
-0.4889887 -0.2958759 0.0230410,
-0.4877536 -0.2969858 0.0207548,
-0.4883890 -0.2963629 0.0215439,
-0.4889887 -0.2960818 0.0224751,
-0.4895359 -0.2961666 0.0233980,
-0.4877536 -0.2975718 0.0204164,
-0.4883890 -0.2968214 0.0210853,
-0.4889887 -0.2963829 0.0219537,
-0.4895359 -0.2963061 0.0228772,
-0.4877536 -0.2982078 0.0201849,
-0.4883890 -0.2973526 0.0207134,
-0.4889887 -0.2967699 0.0214924,
-0.4895359 -0.2965340 0.0223886,
-0.4900156 -0.2966570 0.0232503,
-0.4877536 -0.2988742 0.0200674,
-0.4883890 -0.2979403 0.0204394,
-0.4889887 -0.2972312 0.0211053,
-0.4895359 -0.2968432 0.0219469,
-0.4900156 -0.2968148 0.0228169,
-0.4904143 -0.2971199 0.0235660,
-0.4883890 -0.2985666 0.0202715,
-0.4889887 -0.2977527 0.0208043,
-0.4895359 -0.2972245 0.0215657,
-0.4900156 -0.2970454 0.0224175,
-0.4904143 -0.2972157 0.0232082,
-0.4889887 -0.2983185 0.0205983,
-0.4895359 -0.2976661 0.0212564,
-0.4900156 -0.2973418 0.0220642,
-0.4904143 -0.2973723 0.0228725,
-0.4907211 -0.2977199 0.0235351,
-0.4889887 -0.2989115 0.0204938,
-0.4895359 -0.2981547 0.0210286,
-0.4900156 -0.2976951 0.0217678,
-0.4904143 -0.2975848 0.0225691,
-0.4907211 -0.2978120 0.0232820,
-0.4895359 -0.2986755 0.0208890,
-0.4900156 -0.2980945 0.0215372,
-0.4904143 -0.2978467 0.0223072,
-0.4907211 -0.2979467 0.0230487,
-0.4900156 -0.2985278 0.0213795,
-0.4904143 -0.2981501 0.0220947,
-0.4907211 -0.2981199 0.0228423,
-0.4900156 -0.2989820 0.0212994,
-0.4904143 -0.2984858 0.0219382,
-0.4907211 -0.2983262 0.0226692,
-0.4904143 -0.2988436 0.0218423,
-0.4907211 -0.2985595 0.0225345,
-0.4907211 -0.2988126 0.0224424,
-0.4909274 -0.2987512 0.0231359,
-0.4907211 -0.2990779 0.0223956,
-0.4909274 -0.2988970 0.0230679,
-0.4909274 -0.2990524 0.0230263,
-0.4868254 -0.2992126 0.0200076,
-0.4868323 -0.2983365 0.0201061,
-0.4868526 -0.2975044 0.0203966,
-0.4868853 -0.2967579 0.0208645,
-0.4869288 -0.2961345 0.0214863,
-0.4869809 -0.2956655 0.0222310,
-0.4870389 -0.2953743 0.0230611,
-0.4871000 -0.2952756 0.0239350,
-0.4539631 -0.2952756 0.0262522,
-0.4536885 -0.2992126 0.0223248,
-0.4536954 -0.2983365 0.0224233,
-0.4537157 -0.2975044 0.0227137,
-0.4537484 -0.2967579 0.0231816,
-0.4537919 -0.2961345 0.0238035,
-0.4538440 -0.2956655 0.0245482,
-0.4539020 -0.2953743 0.0253783,
-0.4536885 -0.2992126 0.0223248,
-0.4536954 -0.2983365 0.0224233,
-0.4537157 -0.2975044 0.0227137,
-0.4537484 -0.2967579 0.0231816,
-0.4537919 -0.2961345 0.0238035,
-0.4538440 -0.2956655 0.0245482,
-0.4539020 -0.2953743 0.0253783,
-0.4539631 -0.2952756 0.0262522,
-0.3717644 -0.2952756 0.0881934,
-0.3749726 -0.2952756 0.0804629,
-0.3788523 -0.2952756 0.0730466,
-0.3833730 -0.2952756 0.0660027,
-0.3884993 -0.2952756 0.0593866,
-0.3941910 -0.2952756 0.0532500,
-0.4004035 -0.2952756 0.0476412,
-0.4070879 -0.2952756 0.0426041,
-0.4141918 -0.2952756 0.0381784,
-0.4216595 -0.2952756 0.0343986,
-0.4294324 -0.2952756 0.0312945,
-0.4374494 -0.2952756 0.0288904,
-0.4456478 -0.2952756 0.0272053,
-0.3680649 -0.2992126 0.0868468,
-0.3681576 -0.2983365 0.0868806,
-0.3684312 -0.2975044 0.0869802,
-0.3688720 -0.2967579 0.0871406,
-0.3694578 -0.2961345 0.0873538,
-0.3701592 -0.2956655 0.0876091,
-0.3709412 -0.2953743 0.0878937,
-0.4450267 -0.2992126 0.0233176,
-0.4364867 -0.2992126 0.0250730,
-0.4281356 -0.2992126 0.0275772,
-0.4200389 -0.2992126 0.0308106,
-0.4122600 -0.2992126 0.0347479,
-0.4048601 -0.2992126 0.0393580,
-0.3978972 -0.2992126 0.0446050,
-0.3914259 -0.2992126 0.0504475,
-0.3854970 -0.2992126 0.0568397,
-0.3801571 -0.2992126 0.0637316,
-0.3754480 -0.2992126 0.0710689,
-0.3714067 -0.2992126 0.0787942,
-0.3714961 -0.2983365 0.0788360,
-0.3717598 -0.2975044 0.0789595,
-0.3721847 -0.2967579 0.0791583,
-0.3727493 -0.2961345 0.0794225,
-0.3734254 -0.2956655 0.0797389,
-0.3741791 -0.2953743 0.0800915,
-0.3755334 -0.2983365 0.0711185,
-0.3757851 -0.2975044 0.0712648,
-0.3761907 -0.2967579 0.0715004,
-0.3767297 -0.2961345 0.0718135,
-0.3773752 -0.2956655 0.0721885,
-0.3780947 -0.2953743 0.0726065,
-0.3802377 -0.2983365 0.0637885,
-0.3804756 -0.2975044 0.0639565,
-0.3808587 -0.2967579 0.0642271,
-0.3813679 -0.2961345 0.0645867,
-0.3819777 -0.2956655 0.0650173,
-0.3826574 -0.2953743 0.0654973,
-0.3855723 -0.2983365 0.0569036,
-0.3857944 -0.2975044 0.0570919,
-0.3861521 -0.2967579 0.0573954,
-0.3866274 -0.2961345 0.0577986,
-0.3871967 -0.2956655 0.0582815,
-0.3878313 -0.2953743 0.0588198,
-0.3914952 -0.2983365 0.0505177,
-0.3916997 -0.2975044 0.0507250,
-0.3920292 -0.2967579 0.0510589,
-0.3924670 -0.2961345 0.0515026,
-0.3929913 -0.2956655 0.0520340,
-0.3935757 -0.2953743 0.0526264,
-0.3979600 -0.2983365 0.0446811,
-0.3981454 -0.2975044 0.0449056,
-0.3984440 -0.2967579 0.0452674,
-0.3988408 -0.2961345 0.0457481,
-0.3993160 -0.2956655 0.0463238,
-0.3998458 -0.2953743 0.0469656,
-0.4049160 -0.2983365 0.0394394,
-0.4050807 -0.2975044 0.0396795,
-0.4053461 -0.2967579 0.0400662,
-0.4056989 -0.2961345 0.0405802,
-0.4061213 -0.2956655 0.0411957,
-0.4065921 -0.2953743 0.0418818,
-0.4123084 -0.2983365 0.0348339,
-0.4124513 -0.2975044 0.0350876,
-0.4126815 -0.2967579 0.0354963,
-0.4129873 -0.2961345 0.0360395,
-0.4133536 -0.2956655 0.0366899,
-0.4137619 -0.2953743 0.0374150,
-0.4200795 -0.2983365 0.0309006,
-0.4201993 -0.2975044 0.0311659,
-0.4203924 -0.2967579 0.0315934,
-0.4206490 -0.2961345 0.0321615,
-0.4209563 -0.2956655 0.0328418,
-0.4212989 -0.2953743 0.0336002,
-0.4281681 -0.2983365 0.0276704,
-0.4282640 -0.2975044 0.0279453,
-0.4284185 -0.2967579 0.0283882,
-0.4286238 -0.2961345 0.0289768,
-0.4288697 -0.2956655 0.0296816,
-0.4291438 -0.2953743 0.0304673,
-0.4365109 -0.2983365 0.0251687,
-0.4365821 -0.2975044 0.0254510,
-0.4366968 -0.2967579 0.0259058,
-0.4368492 -0.2961345 0.0265103,
-0.4370317 -0.2956655 0.0272341,
-0.4372352 -0.2953743 0.0280410,
-0.4450423 -0.2983365 0.0234150,
-0.4450882 -0.2975044 0.0237026,
-0.4451622 -0.2967579 0.0241657,
-0.4452605 -0.2961345 0.0247813,
-0.4453783 -0.2956655 0.0255185,
-0.4455096 -0.2953743 0.0263402,
-0.3680649 -0.2992126 0.0868468,
-0.3681576 -0.2983365 0.0868806,
-0.3684312 -0.2975044 0.0869802,
-0.3688720 -0.2967579 0.0871406,
-0.3694578 -0.2961345 0.0873538,
-0.3701592 -0.2956655 0.0876091,
-0.3709412 -0.2953743 0.0878937,
-0.3717644 -0.2952756 0.0881934,
-0.3387045 -0.2952756 0.1790249,
-0.3350049 -0.2992126 0.1776784,
-0.3350976 -0.2983365 0.1777121,
-0.3353712 -0.2975044 0.1778117,
-0.3358120 -0.2967579 0.1779721,
-0.3363978 -0.2961345 0.1781853,
-0.3370993 -0.2956655 0.1784407,
-0.3378812 -0.2953743 0.1787253,
-0.3350049 -0.2992126 0.1776784,
-0.3350976 -0.2983365 0.1777121,
-0.3353712 -0.2975044 0.1778117,
-0.3358120 -0.2967579 0.1779721,
-0.3363978 -0.2961345 0.1781853,
-0.3370993 -0.2956655 0.1784407,
-0.3378812 -0.2953743 0.1787253,
-0.3387045 -0.2952756 0.1790249,
-0.2795112 -0.2952756 0.2204724,
-0.2850013 -0.2952756 0.2202327,
-0.2904497 -0.2952756 0.2195154,
-0.2958148 -0.2952756 0.2183260,
-0.3010558 -0.2952756 0.2166736,
-0.3061328 -0.2952756 0.2145706,
-0.3110073 -0.2952756 0.2120331,
-0.3156420 -0.2952756 0.2090804,
-0.3200018 -0.2952756 0.2057351,
-0.3240534 -0.2952756 0.2020225,
-0.3277660 -0.2952756 0.1979709,
-0.3311113 -0.2952756 0.1936111,
-0.3340640 -0.2952756 0.1889764,
-0.3366015 -0.2952756 0.1841019,
-0.2795112 -0.2992126 0.2165354,
-0.2795112 -0.2983365 0.2166341,
-0.2795112 -0.2975044 0.2169253,
-0.2795112 -0.2967579 0.2173944,
-0.2795112 -0.2961345 0.2180178,
-0.2795112 -0.2956655 0.2187642,
-0.2795112 -0.2953743 0.2195964,
-0.3330333 -0.2992126 0.1824381,
-0.3306544 -0.2992126 0.1870079,
-0.3278863 -0.2992126 0.1913529,
-0.3247501 -0.2992126 0.1954402,
-0.3212695 -0.2992126 0.1992386,
-0.3174711 -0.2992126 0.2027192,
-0.3133838 -0.2992126 0.2058554,
-0.3090388 -0.2992126 0.2086235,
-0.3044690 -0.2992126 0.2110024,
-0.2997093 -0.2992126 0.2129740,
-0.2947958 -0.2992126 0.2145232,
-0.2897660 -0.2992126 0.2156383,
-0.2846582 -0.2992126 0.2163107,
-0.3358075 -0.2953743 0.1837317,
-0.3350533 -0.2956655 0.1833800,
-0.3343768 -0.2961345 0.1830645,
-0.3338118 -0.2967579 0.1828011,
-0.3333867 -0.2975044 0.1826029,
-0.3331228 -0.2983365 0.1824798,
-0.3333053 -0.2953743 0.1885383,
-0.3325847 -0.2956655 0.1881223,
-0.3319382 -0.2961345 0.1877490,
-0.3313983 -0.2967579 0.1874373,
-0.3309921 -0.2975044 0.1872028,
-0.3307399 -0.2983365 0.1870572,
-0.3303937 -0.2953743 0.1931086,
-0.3297121 -0.2956655 0.1926313,
-0.3291006 -0.2961345 0.1922032,
-0.3285899 -0.2967579 0.1918456,
-0.3282057 -0.2975044 0.1915766,
-0.3279672 -0.2983365 0.1914096,
-0.3270949 -0.2953743 0.1974077,
-0.3264574 -0.2956655 0.1968729,
-0.3258856 -0.2961345 0.1963930,
-0.3254080 -0.2967579 0.1959923,
-0.3250487 -0.2975044 0.1956908,
-0.3248257 -0.2983365 0.1955037,
-0.3234339 -0.2953743 0.2014030,
-0.3228455 -0.2956655 0.2008146,
-0.3223177 -0.2961345 0.2002868,
-0.3218768 -0.2967579 0.1998459,
-0.3215452 -0.2975044 0.1995143,
-0.3213393 -0.2983365 0.1993084,
-0.3194387 -0.2953743 0.2050640,
-0.3189038 -0.2956655 0.2044265,
-0.3184239 -0.2961345 0.2038547,
-0.3180232 -0.2967579 0.2033771,
-0.3177217 -0.2975044 0.2030178,
-0.3175346 -0.2983365 0.2027948,
-0.3151395 -0.2953743 0.2083628,
-0.3146622 -0.2956655 0.2076812,
-0.3142341 -0.2961345 0.2070697,
-0.3138765 -0.2967579 0.2065590,
-0.3136075 -0.2975044 0.2061748,
-0.3134405 -0.2983365 0.2059363,
-0.3105692 -0.2953743 0.2112744,
-0.3101532 -0.2956655 0.2105537,
-0.3097799 -0.2961345 0.2099073,
-0.3094682 -0.2967579 0.2093674,
-0.3092337 -0.2975044 0.2089612,
-0.3090881 -0.2983365 0.2087090,
-0.3057626 -0.2953743 0.2137766,
-0.3054109 -0.2956655 0.2130224,
-0.3050954 -0.2961345 0.2123459,
-0.3048320 -0.2967579 0.2117809,
-0.3046338 -0.2975044 0.2113558,
-0.3045107 -0.2983365 0.2110919,
-0.3007562 -0.2953743 0.2158503,
-0.3004716 -0.2956655 0.2150684,
-0.3002162 -0.2961345 0.2143669,
-0.3000030 -0.2967579 0.2137811,
-0.2998426 -0.2975044 0.2133403,
-0.2997430 -0.2983365 0.2130667,
-0.2955880 -0.2953743 0.2174798,
-0.2953727 -0.2956655 0.2166760,
-0.2951795 -0.2961345 0.2159550,
-0.2950181 -0.2967579 0.2153528,
-0.2948967 -0.2975044 0.2148998,
-0.2948214 -0.2983365 0.2146185,
-0.2902976 -0.2953743 0.2186527,
-0.2901531 -0.2956655 0.2178332,
-0.2900234 -0.2961345 0.2170981,
-0.2899152 -0.2967579 0.2164841,
-0.2898337 -0.2975044 0.2160222,
-0.2897832 -0.2983365 0.2157355,
-0.2849250 -0.2953743 0.2193600,
-0.2848525 -0.2956655 0.2185310,
-0.2847874 -0.2961345 0.2177874,
-0.2847331 -0.2967579 0.2171664,
-0.2846922 -0.2975044 0.2166991,
-0.2846668 -0.2983365 0.2164090,
-0.2795112 -0.2992126 0.2165354,
-0.2795112 -0.2983365 0.2166341,
-0.2795112 -0.2975044 0.2169253,
-0.2795112 -0.2967579 0.2173944,
-0.2795112 -0.2961345 0.2180178,
-0.2795112 -0.2956655 0.2187642,
-0.2795112 -0.2953743 0.2195964,
-0.2795112 -0.2952756 0.2204724,
-0.2559055 -0.2952756 0.2204724,
-0.2559055 -0.2992126 0.2165354,
-0.2559055 -0.2983365 0.2166341,
-0.2559055 -0.2975044 0.2169253,
-0.2559055 -0.2967579 0.2173944,
-0.2559055 -0.2961345 0.2180178,
-0.2559055 -0.2956655 0.2187642,
-0.2559055 -0.2953743 0.2195964,
0.4868254 -0.0748031 0.0200076,
0.4869169 -0.0748031 0.0200023,
0.4870084 -0.0748031 0.0199991,
0.4871000 -0.0748031 0.0199980,
0.4871000 -0.0756792 0.0200967,
0.4871000 -0.0765114 0.0203879,
0.4871000 -0.0772578 0.0208570,
0.4871000 -0.0778812 0.0214804,
0.4871000 -0.0783503 0.0222268,
0.4871000 -0.0786414 0.0230590,
0.4871000 -0.0787402 0.0239350,
0.4868323 -0.0756792 0.0201061,
0.4868526 -0.0765114 0.0203966,
0.4868853 -0.0772578 0.0208645,
0.4869288 -0.0778812 0.0214863,
0.4869809 -0.0783503 0.0222310,
0.4870389 -0.0786414 0.0230611,
0.4868254 0.0748031 0.0200076,
0.4868254 -0.0748031 0.0200076,
0.4536885 -0.0748031 0.0223248,
0.4536885 0.0748031 0.0223248,
0.4892971 0.0787402 0.0553544,
0.4871000 0.0787402 0.0239350,
0.4539631 0.0787402 0.0262522,
0.4561602 0.0787402 0.0576715,
0.4564348 0.0748031 0.0615990,
0.4564348 -0.0748031 0.0615990,
0.4895717 -0.0748031 0.0592818,
0.4895717 0.0748031 0.0592818,
0.4561602 -0.0787402 0.0576715,
0.4539631 -0.0787402 0.0262522,
0.4871000 -0.0787402 0.0239350,
0.4892971 -0.0787402 0.0553544,
0.4536885 -0.0748031 0.0223248,
0.4536885 0.0748031 0.0223248,
0.4450267 -0.0748031 0.0233176,
0.4364867 -0.0748031 0.0250730,
0.4281356 -0.0748031 0.0275772,
0.4200389 -0.0748031 0.0308106,
0.4122600 -0.0748031 0.0347479,
0.4048601 -0.0748031 0.0393580,
0.3978972 -0.0748031 0.0446050,
0.3914259 -0.0748031 0.0504475,
0.3854970 -0.0748031 0.0568397,
0.3801571 -0.0748031 0.0637316,
0.3754480 -0.0748031 0.0710689,
0.3714067 -0.0748031 0.0787942,
0.3680649 -0.0748031 0.0868468,
0.3680649 0.0748031 0.0868468,
0.3714067 0.0748031 0.0787942,
0.3754480 0.0748031 0.0710689,
0.3801571 0.0748031 0.0637316,
0.3854970 0.0748031 0.0568397,
0.3914259 0.0748031 0.0504475,
0.3978972 0.0748031 0.0446050,
0.4048601 0.0748031 0.0393580,
0.4122600 0.0748031 0.0347479,
0.4200389 0.0748031 0.0308106,
0.4281356 0.0748031 0.0275772,
0.4364867 0.0748031 0.0250730,
0.4450267 0.0748031 0.0233176,
0.4539631 0.0787402 0.0262522,
0.4561602 0.0787402 0.0576715,
0.4456478 0.0787402 0.0272053,
0.4374494 0.0787402 0.0288904,
0.4294324 0.0787402 0.0312945,
0.4216595 0.0787402 0.0343986,
0.4141918 0.0787402 0.0381784,
0.4070879 0.0787402 0.0426041,
0.4004035 0.0787402 0.0476412,
0.3941910 0.0787402 0.0532500,
0.3884993 0.0787402 0.0593866,
0.3833730 0.0787402 0.0660027,
0.3788523 0.0787402 0.0730466,
0.3749726 0.0787402 0.0804629,
0.3717644 0.0787402 0.0881934,
0.4013610 0.0787402 0.0989656,
0.4034998 0.0787402 0.0938120,
0.4060863 0.0787402 0.0888678,
0.4091001 0.0787402 0.0841719,
0.4125177 0.0787402 0.0797611,
0.4163121 0.0787402 0.0756701,
0.4204537 0.0787402 0.0719309,
0.4249100 0.0787402 0.0685728,
0.4296459 0.0787402 0.0656223,
0.4346244 0.0787402 0.0631025,
0.4398063 0.0787402 0.0610331,
0.4451510 0.0787402 0.0594304,
0.4506166 0.0787402 0.0583069,
0.4564348 0.0748031 0.0615990,
0.4512377 0.0748031 0.0621946,
0.4461137 0.0748031 0.0632479,
0.4411031 0.0748031 0.0647504,
0.4362450 0.0748031 0.0666905,
0.4315777 0.0748031 0.0690528,
0.4271378 0.0748031 0.0718189,
0.4229600 0.0748031 0.0749671,
0.4190773 0.0748031 0.0784726,
0.4155199 0.0748031 0.0823079,
0.4123160 0.0748031 0.0864430,
0.4094905 0.0748031 0.0908454,
0.4070657 0.0748031 0.0954806,
0.4050606 0.0748031 0.1003122,
0.4564348 -0.0748031 0.0615990,
0.4050606 -0.0748031 0.1003122,
0.4070657 -0.0748031 0.0954806,
0.4094905 -0.0748031 0.0908454,
0.4123160 -0.0748031 0.0864430,
0.4155199 -0.0748031 0.0823079,
0.4190773 -0.0748031 0.0784726,
0.4229600 -0.0748031 0.0749671,
0.4271378 -0.0748031 0.0718189,
0.4315777 -0.0748031 0.0690528,
0.4362450 -0.0748031 0.0666905,
0.4411031 -0.0748031 0.0647504,
0.4461137 -0.0748031 0.0632479,
0.4512377 -0.0748031 0.0621946,
0.4013610 -0.0787402 0.0989656,
0.3717644 -0.0787402 0.0881934,
0.3749726 -0.0787402 0.0804629,
0.3788523 -0.0787402 0.0730466,
0.3833730 -0.0787402 0.0660027,
0.3884993 -0.0787402 0.0593866,
0.3941910 -0.0787402 0.0532500,
0.4004035 -0.0787402 0.0476412,
0.4070879 -0.0787402 0.0426041,
0.4141918 -0.0787402 0.0381784,
0.4216595 -0.0787402 0.0343986,
0.4294324 -0.0787402 0.0312945,
0.4374494 -0.0787402 0.0288904,
0.4456478 -0.0787402 0.0272053,
0.4539631 -0.0787402 0.0262522,
0.4561602 -0.0787402 0.0576715,
0.4506166 -0.0787402 0.0583069,
0.4451510 -0.0787402 0.0594304,
0.4398063 -0.0787402 0.0610331,
0.4346244 -0.0787402 0.0631025,
0.4296459 -0.0787402 0.0656223,
0.4249100 -0.0787402 0.0685728,
0.4204537 -0.0787402 0.0719309,
0.4163121 -0.0787402 0.0756701,
0.4125177 -0.0787402 0.0797611,
0.4091001 -0.0787402 0.0841719,
0.4060863 -0.0787402 0.0888678,
0.4034998 -0.0787402 0.0938120,
0.3680649 -0.0748031 0.0868468,
0.3680649 0.0748031 0.0868468,
0.3350049 -0.0748031 0.1776784,
0.3350049 0.0748031 0.1776784,
0.3717644 0.0787402 0.0881934,
0.4013610 0.0787402 0.0989656,
0.3387045 0.0787402 0.1790249,
0.3683011 0.0787402 0.1897972,
0.3720006 0.0748031 0.1911437,
0.3720006 -0.0748031 0.1911437,
0.4050606 -0.0748031 0.1003122,
0.4050606 0.0748031 0.1003122,
0.3683011 -0.0787402 0.1897972,
0.3387045 -0.0787402 0.1790249,
0.3717644 -0.0787402 0.0881934,
0.4013610 -0.0787402 0.0989656,
0.2795112 0.0748031 0.2165354,
0.2846582 0.0748031 0.2163107,
0.2897660 0.0748031 0.2156383,
0.2947958 0.0748031 0.2145232,
0.2997093 0.0748031 0.2129740,
0.3044690 0.0748031 0.2110024,
0.3090388 0.0748031 0.2086235,
0.3133838 0.0748031 0.2058554,
0.3174711 0.0748031 0.2027192,
0.3212695 0.0748031 0.1992386,
0.3247501 0.0748031 0.1954402,
0.3278863 0.0748031 0.1913529,
0.3306544 0.0748031 0.1870079,
0.3330333 0.0748031 0.1824381,
0.3350049 0.0748031 0.1776784,
0.2795112 -0.0748031 0.2165354,
0.3350049 -0.0748031 0.1776784,
0.3330333 -0.0748031 0.1824381,
0.3306544 -0.0748031 0.1870079,
0.3278863 -0.0748031 0.1913529,
0.3247501 -0.0748031 0.1954402,
0.3212695 -0.0748031 0.1992386,
0.3174711 -0.0748031 0.2027192,
0.3133838 -0.0748031 0.2058554,
0.3090388 -0.0748031 0.2086235,
0.3044690 -0.0748031 0.2110024,
0.2997093 -0.0748031 0.2129740,
0.2947958 -0.0748031 0.2145232,
0.2897660 -0.0748031 0.2156383,
0.2846582 -0.0748031 0.2163107,
0.3387045 0.0787402 0.1790249,
0.3683011 0.0787402 0.1897972,
0.3366015 0.0787402 0.1841019,
0.3340640 0.0787402 0.1889764,
0.3311113 0.0787402 0.1936111,
0.3277660 0.0787402 0.1979709,
0.3240534 0.0787402 0.2020225,
0.3200018 0.0787402 0.2057351,
0.3156420 0.0787402 0.2090804,
0.3110073 0.0787402 0.2120331,
0.3061328 0.0787402 0.2145706,
0.3010558 0.0787402 0.2166736,
0.2958148 0.0787402 0.2183260,
0.2904497 0.0787402 0.2195154,
0.2850013 0.0787402 0.2202327,
0.2795112 0.0787402 0.2204724,
0.2795112 0.0787402 0.2519685,
0.2877464 0.0787402 0.2516089,
0.2959189 0.0787402 0.2505330,
0.3039666 0.0787402 0.2487489,
0.3118281 0.0787402 0.2462702,
0.3194437 0.0787402 0.2431157,
0.3267553 0.0787402 0.2393095,
0.3337074 0.0787402 0.2348805,
0.3402471 0.0787402 0.2298625,
0.3463245 0.0787402 0.2242936,
0.3518934 0.0787402 0.2182162,
0.3569114 0.0787402 0.2116765,
0.3613404 0.0787402 0.2047244,
0.3651466 0.0787402 0.1974127,
0.2795112 0.0748031 0.2559055,
0.2795112 -0.0748031 0.2559055,
0.2880895 -0.0748031 0.2555310,
0.2966026 -0.0748031 0.2544102,
0.3049855 -0.0748031 0.2525518,
0.3131746 -0.0748031 0.2499697,
0.3211075 -0.0748031 0.2466838,
0.3287238 -0.0748031 0.2427190,
0.3359656 -0.0748031 0.2381055,
0.3427777 -0.0748031 0.2328784,
0.3491083 -0.0748031 0.2270774,
0.3549093 -0.0748031 0.2207468,
0.3601364 -0.0748031 0.2139347,
0.3647499 -0.0748031 0.2066929,
0.3687147 -0.0748031 0.1990766,
0.3720006 -0.0748031 0.1911437,
0.3720006 0.0748031 0.1911437,
0.3687147 0.0748031 0.1990766,
0.3647499 0.0748031 0.2066929,
0.3601364 0.0748031 0.2139347,
0.3549093 0.0748031 0.2207468,
0.3491083 0.0748031 0.2270774,
0.3427777 0.0748031 0.2328784,
0.3359656 0.0748031 0.2381055,
0.3287238 0.0748031 0.2427190,
0.3211075 0.0748031 0.2466838,
0.3131746 0.0748031 0.2499697,
0.3049855 0.0748031 0.2525518,
0.2966026 0.0748031 0.2544102,
0.2880895 0.0748031 0.2555310,
0.2795112 -0.0787402 0.2519685,
0.2795112 -0.0787402 0.2204724,
0.2850013 -0.0787402 0.2202327,
0.2904497 -0.0787402 0.2195154,
0.2958148 -0.0787402 0.2183260,
0.3010558 -0.0787402 0.2166736,
0.3061328 -0.0787402 0.2145706,
0.3110073 -0.0787402 0.2120331,
0.3156420 -0.0787402 0.2090804,
0.3200018 -0.0787402 0.2057351,
0.3240534 -0.0787402 0.2020225,
0.3277660 -0.0787402 0.1979709,
0.3311113 -0.0787402 0.1936111,
0.3340640 -0.0787402 0.1889764,
0.3366015 -0.0787402 0.1841019,
0.3387045 -0.0787402 0.1790249,
0.3683011 -0.0787402 0.1897972,
0.3651466 -0.0787402 0.1974127,
0.3613404 -0.0787402 0.2047244,
0.3569114 -0.0787402 0.2116765,
0.3518934 -0.0787402 0.2182162,
0.3463245 -0.0787402 0.2242936,
0.3402471 -0.0787402 0.2298625,
0.3337074 -0.0787402 0.2348805,
0.3267553 -0.0787402 0.2393095,
0.3194437 -0.0787402 0.2431157,
0.3118281 -0.0787402 0.2462702,
0.3039666 -0.0787402 0.2487489,
0.2959189 -0.0787402 0.2505330,
0.2877464 -0.0787402 0.2516089,
0.2795112 -0.0787402 0.2519685,
0.2559055 -0.0787402 0.2519685,
0.2795112 -0.0787402 0.2204724,
0.2559055 -0.0787402 0.2204724,
0.2559055 0.0748031 0.2165354,
0.2795112 0.0748031 0.2165354,
0.2559055 -0.0748031 0.2165354,
0.2795112 -0.0748031 0.2165354,
0.2559055 0.0787402 0.2519685,
0.2795112 0.0787402 0.2519685,
0.2559055 0.0787402 0.2204724,
0.2795112 0.0787402 0.2204724,
0.2795112 0.0748031 0.2559055,
0.2559055 0.0748031 0.2559055,
0.2795112 -0.0748031 0.2559055,
0.2559055 -0.0748031 0.2559055,
0.4910275 0.0748031 0.0236604,
0.4932245 0.0748031 0.0550797,
0.4932245 -0.0748031 0.0550797,
0.4910275 -0.0748031 0.0236604,
0.2559055 0.0787402 0.2204724,
0.2559055 0.0786414 0.2195964,
0.2559055 0.0783503 0.2187642,
0.2559055 0.0778812 0.2180178,
0.2559055 0.0772578 0.2173944,
0.2559055 0.0765114 0.2169253,
0.2559055 0.0756792 0.2166341,
0.2559055 0.0748031 0.2165354,
0.2559055 0.0787402 0.2519685,
0.2559055 0.0748031 0.2559055,
0.2559055 0.0756792 0.2558068,
0.2559055 0.0765114 0.2555156,
0.2559055 0.0772578 0.2550466,
0.2559055 0.0778812 0.2544232,
0.2559055 0.0783503 0.2536767,
0.2559055 0.0786414 0.2528446,
0.2559055 -0.0748031 0.2559055,
0.2559055 -0.0787402 0.2519685,
0.2559055 -0.0786414 0.2528446,
0.2559055 -0.0783503 0.2536767,
0.2559055 -0.0778812 0.2544232,
0.2559055 -0.0772578 0.2550466,
0.2559055 -0.0765114 0.2555156,
0.2559055 -0.0756792 0.2558068,
0.2559055 -0.0787402 0.2204724,
0.2559055 -0.0748031 0.2165354,
0.2559055 -0.0756792 0.2166341,
0.2559055 -0.0765114 0.2169253,
0.2559055 -0.0772578 0.2173944,
0.2559055 -0.0778812 0.2180178,
0.2559055 -0.0783503 0.2187642,
0.2559055 -0.0786414 0.2195964,
0.2559055 0.0748031 0.2559055,
0.2559055 0.0756792 0.2558068,
0.2559055 0.0765114 0.2555156,
0.2559055 0.0772578 0.2550466,
0.2559055 0.0778812 0.2544232,
0.2559055 0.0783503 0.2536767,
0.2559055 0.0786414 0.2528446,
0.2559055 0.0787402 0.2519685,
0.2795112 0.0748031 0.2559055,
0.2795112 0.0787402 0.2519685,
0.2795112 0.0786414 0.2528446,
0.2795112 0.0783503 0.2536767,
0.2795112 0.0778812 0.2544232,
0.2795112 0.0772578 0.2550466,
0.2795112 0.0765114 0.2555156,
0.2795112 0.0756792 0.2558068,
0.2795112 0.0787402 0.2519685,
0.2795112 0.0786414 0.2528446,
0.2795112 0.0783503 0.2536767,
0.2795112 0.0778812 0.2544232,
0.2795112 0.0772578 0.2550466,
0.2795112 0.0765114 0.2555156,
0.2795112 0.0756792 0.2558068,
0.2795112 0.0748031 0.2559055,
0.3720006 0.0748031 0.1911437,
0.3687147 0.0748031 0.1990766,
0.3647499 0.0748031 0.2066929,
0.3601364 0.0748031 0.2139347,
0.3549093 0.0748031 0.2207468,
0.3491083 0.0748031 0.2270774,
0.3427777 0.0748031 0.2328784,
0.3359656 0.0748031 0.2381055,
0.3287238 0.0748031 0.2427190,
0.3211075 0.0748031 0.2466838,
0.3131746 0.0748031 0.2499697,
0.3049855 0.0748031 0.2525518,
0.2966026 0.0748031 0.2544102,
0.2880895 0.0748031 0.2555310,
0.3683011 0.0787402 0.1897972,
0.3691243 0.0786414 0.1900968,
0.3699063 0.0783503 0.1903814,
0.3706077 0.0778812 0.1906367,
0.3711935 0.0772578 0.1908499,
0.3716343 0.0765114 0.1910104,
0.3719079 0.0756792 0.1911100,
0.2877464 0.0787402 0.2516089,
0.2959189 0.0787402 0.2505330,
0.3039666 0.0787402 0.2487489,
0.3118281 0.0787402 0.2462702,
0.3194437 0.0787402 0.2431157,
0.3267553 0.0787402 0.2393095,
0.3337074 0.0787402 0.2348805,
0.3402471 0.0787402 0.2298625,
0.3463245 0.0787402 0.2242936,
0.3518934 0.0787402 0.2182162,
0.3569114 0.0787402 0.2116765,
0.3613404 0.0787402 0.2047244,
0.3651466 0.0787402 0.1974127,
0.2880809 0.0756792 0.2554326,
0.2880556 0.0765114 0.2551426,
0.2880147 0.0772578 0.2546753,
0.2879603 0.0778812 0.2540543,
0.2878953 0.0783503 0.2533107,
0.2878228 0.0786414 0.2524817,
0.2965854 0.0756792 0.2543130,
0.2965349 0.0765114 0.2540262,
0.2964534 0.0772578 0.2535643,
0.2963452 0.0778812 0.2529504,
0.2962155 0.0783503 0.2522153,
0.2960710 0.0786414 0.2513958,
0.3049600 0.0756792 0.2524564,
0.3048846 0.0765114 0.2521752,
0.3047632 0.0772578 0.2517221,
0.3046019 0.0778812 0.2511199,
0.3044087 0.0783503 0.2503989,
0.3041933 0.0786414 0.2495951,
0.3131409 0.0756792 0.2498770,
0.3130413 0.0765114 0.2496034,
0.3128808 0.0772578 0.2491626,
0.3126676 0.0778812 0.2485768,
0.3124123 0.0783503 0.2478754,
0.3121277 0.0786414 0.2470934,
0.3210658 0.0756792 0.2465944,
0.3209427 0.0765114 0.2463305,
0.3207445 0.0772578 0.2459054,
0.3204810 0.0778812 0.2453404,
0.3201656 0.0783503 0.2446639,
0.3198139 0.0786414 0.2439097,
0.3286745 0.0756792 0.2426336,
0.3285289 0.0765114 0.2423814,
0.3282944 0.0772578 0.2419752,
0.3279827 0.0778812 0.2414353,
0.3276094 0.0783503 0.2407888,
0.3271933 0.0786414 0.2400682,
0.3359090 0.0756792 0.2380247,
0.3357420 0.0765114 0.2377861,
0.3354729 0.0772578 0.2374019,
0.3351154 0.0778812 0.2368913,
0.3346872 0.0783503 0.2362798,
0.3342099 0.0786414 0.2355981,
0.3427143 0.0756792 0.2328028,
0.3425271 0.0765114 0.2325797,
0.3422256 0.0772578 0.2322204,
0.3418249 0.0778812 0.2317429,
0.3413451 0.0783503 0.2311710,
0.3408102 0.0786414 0.2305336,
0.3490385 0.0756792 0.2270076,
0.3488327 0.0765114 0.2268017,
0.3485010 0.0772578 0.2264701,
0.3480602 0.0778812 0.2260293,
0.3475323 0.0783503 0.2255014,
0.3469439 0.0786414 0.2249130,
0.3548337 0.0756792 0.2206834,
0.3546106 0.0765114 0.2204962,
0.3542513 0.0772578 0.2201947,
0.3537738 0.0778812 0.2197940,
0.3532019 0.0783503 0.2193142,
0.3525645 0.0786414 0.2187793,
0.3600556 0.0756792 0.2138781,
0.3598170 0.0765114 0.2137111,
0.3594328 0.0772578 0.2134420,
0.3589222 0.0778812 0.2130845,
0.3583107 0.0783503 0.2126563,
0.3576290 0.0786414 0.2121790,
0.3646645 0.0756792 0.2066436,
0.3644123 0.0765114 0.2064980,
0.3640061 0.0772578 0.2062634,
0.3634662 0.0778812 0.2059518,
0.3628197 0.0783503 0.2055785,
0.3620991 0.0786414 0.2051624,
0.3686253 0.0756792 0.1990349,
0.3683614 0.0765114 0.1989118,
0.3679363 0.0772578 0.1987136,
0.3673713 0.0778812 0.1984501,
0.3666948 0.0783503 0.1981347,
0.3659406 0.0786414 0.1977830,
0.2559055 -0.0787402 0.2519685,
0.2559055 -0.0786414 0.2528446,
0.2559055 -0.0783503 0.2536767,
0.2559055 -0.0778812 0.2544232,
0.2559055 -0.0772578 0.2550466,
0.2559055 -0.0765114 0.2555156,
0.2559055 -0.0756792 0.2558068,
0.2559055 -0.0748031 0.2559055,
0.2795112 -0.0787402 0.2519685,
0.2795112 -0.0748031 0.2559055,
0.2795112 -0.0756792 0.2558068,
0.2795112 -0.0765114 0.2555156,
0.2795112 -0.0772578 0.2550466,
0.2795112 -0.0778812 0.2544232,
0.2795112 -0.0783503 0.2536767,
0.2795112 -0.0786414 0.2528446,
0.3683011 0.0787402 0.1897972,
0.3691243 0.0786414 0.1900968,
0.3699063 0.0783503 0.1903814,
0.3706077 0.0778812 0.1906367,
0.3711935 0.0772578 0.1908499,
0.3716343 0.0765114 0.1910104,
0.3719079 0.0756792 0.1911100,
0.3720006 0.0748031 0.1911437,
0.4050606 0.0748031 0.1003122,
0.4013610 0.0787402 0.0989656,
0.4021843 0.0786414 0.0992653,
0.4029662 0.0783503 0.0995499,
0.4036677 0.0778812 0.0998052,
0.4042535 0.0772578 0.1000184,
0.4046943 0.0765114 0.1001788,
0.4049679 0.0756792 0.1002784,
0.2559055 0.0787402 0.2204724,
0.2559055 0.0786414 0.2195964,
0.2559055 0.0783503 0.2187642,
0.2559055 0.0778812 0.2180178,
0.2559055 0.0772578 0.2173944,
0.2559055 0.0765114 0.2169253,
0.2559055 0.0756792 0.2166341,
0.2559055 0.0748031 0.2165354,
0.2795112 0.0787402 0.2204724,
0.2795112 0.0748031 0.2165354,
0.2795112 0.0756792 0.2166341,
0.2795112 0.0765114 0.2169253,
0.2795112 0.0772578 0.2173944,
0.2795112 0.0778812 0.2180178,
0.2795112 0.0783503 0.2187642,
0.2795112 0.0786414 0.2195964,
0.2795112 -0.0748031 0.2559055,
0.2795112 -0.0756792 0.2558068,
0.2795112 -0.0765114 0.2555156,
0.2795112 -0.0772578 0.2550466,
0.2795112 -0.0778812 0.2544232,
0.2795112 -0.0783503 0.2536767,
0.2795112 -0.0786414 0.2528446,
0.2795112 -0.0787402 0.2519685,
0.3683011 -0.0787402 0.1897972,
0.3651466 -0.0787402 0.1974127,
0.3613404 -0.0787402 0.2047244,
0.3569114 -0.0787402 0.2116765,
0.3518934 -0.0787402 0.2182162,
0.3463245 -0.0787402 0.2242936,
0.3402471 -0.0787402 0.2298625,
0.3337074 -0.0787402 0.2348805,
0.3267553 -0.0787402 0.2393095,
0.3194437 -0.0787402 0.2431157,
0.3118281 -0.0787402 0.2462702,
0.3039666 -0.0787402 0.2487489,
0.2959189 -0.0787402 0.2505330,
0.2877464 -0.0787402 0.2516089,
0.3720006 -0.0748031 0.1911437,
0.3719079 -0.0756792 0.1911100,
0.3716343 -0.0765114 0.1910104,
0.3711935 -0.0772578 0.1908499,
0.3706077 -0.0778812 0.1906367,
0.3699063 -0.0783503 0.1903814,
0.3691243 -0.0786414 0.1900968,
0.2880895 -0.0748031 0.2555310,
0.2966026 -0.0748031 0.2544102,
0.3049855 -0.0748031 0.2525518,
0.3131746 -0.0748031 0.2499697,
0.3211075 -0.0748031 0.2466838,
0.3287238 -0.0748031 0.2427190,
0.3359656 -0.0748031 0.2381055,
0.3427777 -0.0748031 0.2328784,
0.3491083 -0.0748031 0.2270774,
0.3549093 -0.0748031 0.2207468,
0.3601364 -0.0748031 0.2139347,
0.3647499 -0.0748031 0.2066929,
0.3687147 -0.0748031 0.1990766,
0.3686253 -0.0756792 0.1990349,
0.3683614 -0.0765114 0.1989118,
0.3679363 -0.0772578 0.1987136,
0.3673713 -0.0778812 0.1984501,
0.3666948 -0.0783503 0.1981347,
0.3659406 -0.0786414 0.1977830,
0.3646645 -0.0756792 0.2066436,
0.3644123 -0.0765114 0.2064980,
0.3640061 -0.0772578 0.2062634,
0.3634662 -0.0778812 0.2059518,
0.3628197 -0.0783503 0.2055785,
0.3620991 -0.0786414 0.2051624,
0.3600556 -0.0756792 0.2138781,
0.3598170 -0.0765114 0.2137111,
0.3594328 -0.0772578 0.2134420,
0.3589222 -0.0778812 0.2130845,
0.3583107 -0.0783503 0.2126563,
0.3576290 -0.0786414 0.2121790,
0.3548337 -0.0756792 0.2206834,
0.3546106 -0.0765114 0.2204962,
0.3542513 -0.0772578 0.2201947,
0.3537738 -0.0778812 0.2197940,
0.3532019 -0.0783503 0.2193142,
0.3525645 -0.0786414 0.2187793,
0.3490385 -0.0756792 0.2270076,
0.3488327 -0.0765114 0.2268017,
0.3485010 -0.0772578 0.2264701,
0.3480602 -0.0778812 0.2260293,
0.3475323 -0.0783503 0.2255014,
0.3469439 -0.0786414 0.2249130,
0.3427143 -0.0756792 0.2328028,
0.3425271 -0.0765114 0.2325797,
0.3422256 -0.0772578 0.2322204,
0.3418249 -0.0778812 0.2317429,
0.3413451 -0.0783503 0.2311710,
0.3408102 -0.0786414 0.2305336,
0.3359090 -0.0756792 0.2380247,
0.3357420 -0.0765114 0.2377861,
0.3354729 -0.0772578 0.2374019,
0.3351154 -0.0778812 0.2368913,
0.3346872 -0.0783503 0.2362798,
0.3342099 -0.0786414 0.2355981,
0.3286745 -0.0756792 0.2426336,
0.3285289 -0.0765114 0.2423814,
0.3282944 -0.0772578 0.2419752,
0.3279827 -0.0778812 0.2414353,
0.3276094 -0.0783503 0.2407888,
0.3271933 -0.0786414 0.2400682,
0.3210658 -0.0756792 0.2465944,
0.3209427 -0.0765114 0.2463305,
0.3207445 -0.0772578 0.2459054,
0.3204810 -0.0778812 0.2453404,
0.3201656 -0.0783503 0.2446639,
0.3198139 -0.0786414 0.2439097,
0.3131409 -0.0756792 0.2498770,
0.3130413 -0.0765114 0.2496034,
0.3128808 -0.0772578 0.2491626,
0.3126676 -0.0778812 0.2485768,
0.3124123 -0.0783503 0.2478754,
0.3121277 -0.0786414 0.2470934,
0.3049600 -0.0756792 0.2524564,
0.3048846 -0.0765114 0.2521752,
0.3047632 -0.0772578 0.2517221,
0.3046019 -0.0778812 0.2511199,
0.3044087 -0.0783503 0.2503989,
0.3041933 -0.0786414 0.2495951,
0.2965854 -0.0756792 0.2543130,
0.2965349 -0.0765114 0.2540262,
0.2964534 -0.0772578 0.2535643,
0.2963452 -0.0778812 0.2529504,
0.2962155 -0.0783503 0.2522153,
0.2960710 -0.0786414 0.2513958,
0.2880809 -0.0756792 0.2554326,
0.2880556 -0.0765114 0.2551426,
0.2880147 -0.0772578 0.2546753,
0.2879603 -0.0778812 0.2540543,
0.2878953 -0.0783503 0.2533107,
0.2878228 -0.0786414 0.2524817,
0.4013610 0.0787402 0.0989656,
0.4021843 0.0786414 0.0992653,
0.4029662 0.0783503 0.0995499,
0.4036677 0.0778812 0.0998052,
0.4042535 0.0772578 0.1000184,
0.4046943 0.0765114 0.1001788,
0.4049679 0.0756792 0.1002784,
0.4050606 0.0748031 0.1003122,
0.4564348 0.0748031 0.0615990,
0.4512377 0.0748031 0.0621946,
0.4461137 0.0748031 0.0632479,
0.4411031 0.0748031 0.0647504,
0.4362450 0.0748031 0.0666905,
0.4315777 0.0748031 0.0690528,
0.4271378 0.0748031 0.0718189,
0.4229600 0.0748031 0.0749671,
0.4190773 0.0748031 0.0784726,
0.4155199 0.0748031 0.0823079,
0.4123160 0.0748031 0.0864430,
0.4094905 0.0748031 0.0908454,
0.4070657 0.0748031 0.0954806,
0.4561602 0.0787402 0.0576715,
0.4562213 0.0786414 0.0585455,
0.4562793 0.0783503 0.0593756,
0.4563314 0.0778812 0.0601202,
0.4563749 0.0772578 0.0607421,
0.4564076 0.0765114 0.0612100,
0.4564279 0.0756792 0.0615005,
0.4034998 0.0787402 0.0938120,
0.4060863 0.0787402 0.0888678,
0.4091001 0.0787402 0.0841719,
0.4125177 0.0787402 0.0797611,
0.4163121 0.0787402 0.0756701,
0.4204537 0.0787402 0.0719309,
0.4249100 0.0787402 0.0685728,
0.4296459 0.0787402 0.0656223,
0.4346244 0.0787402 0.0631025,
0.4398063 0.0787402 0.0610331,
0.4451510 0.0787402 0.0594304,
0.4506166 0.0787402 0.0583069,
0.4507548 0.0786414 0.0591720,
0.4508861 0.0783503 0.0599937,
0.4510039 0.0778812 0.0607309,
0.4511022 0.0772578 0.0613464,
0.4511762 0.0765114 0.0618096,
0.4512222 0.0756792 0.0620972,
0.4453653 0.0786414 0.0602798,
0.4455687 0.0783503 0.0610867,
0.4457513 0.0778812 0.0618105,
0.4459037 0.0772578 0.0624150,
0.4460184 0.0765114 0.0628698,
0.4460896 0.0756792 0.0631521,
0.4400949 0.0786414 0.0618603,
0.4403690 0.0783503 0.0626460,
0.4406148 0.0778812 0.0633508,
0.4408202 0.0772578 0.0639394,
0.4409747 0.0765114 0.0643823,
0.4410706 0.0756792 0.0646572,
0.4349850 0.0786414 0.0639009,
0.4353276 0.0783503 0.0646592,
0.4356348 0.0778812 0.0653395,
0.4358915 0.0772578 0.0659077,
0.4360845 0.0765114 0.0663351,
0.4362044 0.0756792 0.0666005,
0.4300758 0.0786414 0.0663857,
0.4304841 0.0783503 0.0671107,
0.4308504 0.0778812 0.0677612,
0.4311563 0.0772578 0.0683044,
0.4313864 0.0765114 0.0687131,
0.4315293 0.0756792 0.0689668,
0.4254057 0.0786414 0.0692951,
0.4258766 0.0783503 0.0699812,
0.4262990 0.0778812 0.0705967,
0.4266517 0.0772578 0.0711107,
0.4269172 0.0765114 0.0714974,
0.4270819 0.0756792 0.0717375,
0.4210114 0.0786414 0.0726065,
0.4215412 0.0783503 0.0732482,
0.4220164 0.0778812 0.0738239,
0.4224132 0.0772578 0.0743047,
0.4227118 0.0765114 0.0746664,
0.4228972 0.0756792 0.0748909,
0.4169274 0.0786414 0.0762937,
0.4175119 0.0783503 0.0768860,
0.4180362 0.0778812 0.0774174,
0.4184740 0.0772578 0.0778612,
0.4188034 0.0765114 0.0781950,
0.4190079 0.0756792 0.0784023,
0.4131857 0.0786414 0.0803278,
0.4138203 0.0783503 0.0808661,
0.4143895 0.0778812 0.0813490,
0.4148649 0.0772578 0.0817523,
0.4152226 0.0765114 0.0820557,
0.4154447 0.0756792 0.0822441,
0.4098157 0.0786414 0.0846773,
0.4104954 0.0783503 0.0851573,
0.4111052 0.0778812 0.0855879,
0.4116144 0.0772578 0.0859475,
0.4119975 0.0765114 0.0862181,
0.4122354 0.0756792 0.0863861,
0.4068438 0.0786414 0.0893079,
0.4075633 0.0783503 0.0897259,
0.4082088 0.0778812 0.0901008,
0.4087478 0.0772578 0.0904140,
0.4091534 0.0765114 0.0906496,
0.4094052 0.0756792 0.0907959,
0.4042933 0.0786414 0.0941833,
0.4050470 0.0783503 0.0945360,
0.4057231 0.0778812 0.0948524,
0.4062878 0.0772578 0.0951166,
0.4067126 0.0765114 0.0953154,
0.4069763 0.0756792 0.0954388,
0.2795112 0.0748031 0.2165354,
0.2795112 0.0756792 0.2166341,
0.2795112 0.0765114 0.2169253,
0.2795112 0.0772578 0.2173944,
0.2795112 0.0778812 0.2180178,
0.2795112 0.0783503 0.2187642,
0.2795112 0.0786414 0.2195964,
0.2795112 0.0787402 0.2204724,
0.3387045 0.0787402 0.1790249,
0.3366015 0.0787402 0.1841019,
0.3340640 0.0787402 0.1889764,
0.3311113 0.0787402 0.1936111,
0.3277660 0.0787402 0.1979709,
0.3240534 0.0787402 0.2020225,
0.3200018 0.0787402 0.2057351,
0.3156420 0.0787402 0.2090804,
0.3110073 0.0787402 0.2120331,
0.3061328 0.0787402 0.2145706,
0.3010558 0.0787402 0.2166736,
0.2958148 0.0787402 0.2183260,
0.2904497 0.0787402 0.2195154,
0.2850013 0.0787402 0.2202327,
0.3350049 0.0748031 0.1776784,
0.3350976 0.0756792 0.1777121,
0.3353712 0.0765114 0.1778117,
0.3358120 0.0772578 0.1779721,
0.3363978 0.0778812 0.1781853,
0.3370993 0.0783503 0.1784407,
0.3378812 0.0786414 0.1787253,
0.2846582 0.0748031 0.2163107,
0.2897660 0.0748031 0.2156383,
0.2947958 0.0748031 0.2145232,
0.2997093 0.0748031 0.2129740,
0.3044690 0.0748031 0.2110024,
0.3090388 0.0748031 0.2086235,
0.3133838 0.0748031 0.2058554,
0.3174711 0.0748031 0.2027192,
0.3212695 0.0748031 0.1992386,
0.3247501 0.0748031 0.1954402,
0.3278863 0.0748031 0.1913529,
0.3306544 0.0748031 0.1870079,
0.3330333 0.0748031 0.1824381,
0.2849250 0.0786414 0.2193600,
0.2848525 0.0783503 0.2185310,
0.2847874 0.0778812 0.2177874,
0.2847331 0.0772578 0.2171664,
0.2846922 0.0765114 0.2166991,
0.2846668 0.0756792 0.2164090,
0.2902976 0.0786414 0.2186527,
0.2901531 0.0783503 0.2178332,
0.2900234 0.0778812 0.2170981,
0.2899152 0.0772578 0.2164841,
0.2898337 0.0765114 0.2160222,
0.2897832 0.0756792 0.2157355,
0.2955880 0.0786414 0.2174798,
0.2953727 0.0783503 0.2166760,
0.2951795 0.0778812 0.2159550,
0.2950181 0.0772578 0.2153528,
0.2948967 0.0765114 0.2148998,
0.2948214 0.0756792 0.2146185,
0.3007562 0.0786414 0.2158503,
0.3004716 0.0783503 0.2150684,
0.3002162 0.0778812 0.2143669,
0.3000030 0.0772578 0.2137811,
0.2998426 0.0765114 0.2133403,
0.2997430 0.0756792 0.2130667,
0.3057626 0.0786414 0.2137766,
0.3054109 0.0783503 0.2130224,
0.3050954 0.0778812 0.2123459,
0.3048320 0.0772578 0.2117809,
0.3046338 0.0765114 0.2113558,
0.3045107 0.0756792 0.2110919,
0.3105692 0.0786414 0.2112744,
0.3101532 0.0783503 0.2105537,
0.3097799 0.0778812 0.2099073,
0.3094682 0.0772578 0.2093674,
0.3092337 0.0765114 0.2089612,
0.3090881 0.0756792 0.2087090,
0.3151395 0.0786414 0.2083628,
0.3146622 0.0783503 0.2076812,
0.3142341 0.0778812 0.2070697,
0.3138765 0.0772578 0.2065590,
0.3136075 0.0765114 0.2061748,
0.3134405 0.0756792 0.2059363,
0.3194387 0.0786414 0.2050640,
0.3189038 0.0783503 0.2044265,
0.3184239 0.0778812 0.2038547,
0.3180232 0.0772578 0.2033771,
0.3177217 0.0765114 0.2030178,
0.3175346 0.0756792 0.2027948,
0.3234339 0.0786414 0.2014030,
0.3228455 0.0783503 0.2008146,
0.3223177 0.0778812 0.2002868,
0.3218768 0.0772578 0.1998459,
0.3215452 0.0765114 0.1995143,
0.3213393 0.0756792 0.1993084,
0.3270949 0.0786414 0.1974077,
0.3264574 0.0783503 0.1968729,
0.3258856 0.0778812 0.1963930,
0.3254080 0.0772578 0.1959923,
0.3250487 0.0765114 0.1956908,
0.3248257 0.0756792 0.1955037,
0.3303937 0.0786414 0.1931086,
0.3297121 0.0783503 0.1926313,
0.3291006 0.0778812 0.1922032,
0.3285899 0.0772578 0.1918456,
0.3282057 0.0765114 0.1915766,
0.3279672 0.0756792 0.1914096,
0.3333053 0.0786414 0.1885383,
0.3325847 0.0783503 0.1881223,
0.3319382 0.0778812 0.1877490,
0.3313983 0.0772578 0.1874373,
0.3309921 0.0765114 0.1872028,
0.3307399 0.0756792 0.1870572,
0.3358075 0.0786414 0.1837317,
0.3350533 0.0783503 0.1833800,
0.3343768 0.0778812 0.1830645,
0.3338118 0.0772578 0.1828011,
0.3333867 0.0765114 0.1826029,
0.3331228 0.0756792 0.1824798,
0.3720006 -0.0748031 0.1911437,
0.3719079 -0.0756792 0.1911100,
0.3716343 -0.0765114 0.1910104,
0.3711935 -0.0772578 0.1908499,
0.3706077 -0.0778812 0.1906367,
0.3699063 -0.0783503 0.1903814,
0.3691243 -0.0786414 0.1900968,
0.3683011 -0.0787402 0.1897972,
0.4013610 -0.0787402 0.0989656,
0.4050606 -0.0748031 0.1003122,
0.4049679 -0.0756792 0.1002784,
0.4046943 -0.0765114 0.1001788,
0.4042535 -0.0772578 0.1000184,
0.4036677 -0.0778812 0.0998052,
0.4029662 -0.0783503 0.0995499,
0.4021843 -0.0786414 0.0992653,
0.4561602 0.0787402 0.0576715,
0.4562213 0.0786414 0.0585455,
0.4562793 0.0783503 0.0593756,
0.4563314 0.0778812 0.0601202,
0.4563749 0.0772578 0.0607421,
0.4564076 0.0765114 0.0612100,
0.4564279 0.0756792 0.0615005,
0.4564348 0.0748031 0.0615990,
0.4895717 0.0748031 0.0592818,
0.4892971 0.0787402 0.0553544,
0.4893582 0.0786414 0.0562283,
0.4894163 0.0783503 0.0570584,
0.4894683 0.0778812 0.0578031,
0.4895118 0.0772578 0.0584250,
0.4895445 0.0765114 0.0588929,
0.4895648 0.0756792 0.0591833,
0.3350049 0.0748031 0.1776784,
0.3350976 0.0756792 0.1777121,
0.3353712 0.0765114 0.1778117,
0.3358120 0.0772578 0.1779721,
0.3363978 0.0778812 0.1781853,
0.3370993 0.0783503 0.1784407,
0.3378812 0.0786414 0.1787253,
0.3387045 0.0787402 0.1790249,
0.3717644 0.0787402 0.0881934,
0.3680649 0.0748031 0.0868468,
0.3681576 0.0756792 0.0868806,
0.3684312 0.0765114 0.0869802,
0.3688720 0.0772578 0.0871406,
0.3694578 0.0778812 0.0873538,
0.3701592 0.0783503 0.0876091,
0.3709412 0.0786414 0.0878937,
0.4050606 -0.0748031 0.1003122,
0.4049679 -0.0756792 0.1002784,
0.4046943 -0.0765114 0.1001788,
0.4042535 -0.0772578 0.1000184,
0.4036677 -0.0778812 0.0998052,
0.4029662 -0.0783503 0.0995499,
0.4021843 -0.0786414 0.0992653,
0.4013610 -0.0787402 0.0989656,
0.4561602 -0.0787402 0.0576715,
0.4506166 -0.0787402 0.0583069,
0.4451510 -0.0787402 0.0594304,
0.4398063 -0.0787402 0.0610331,
0.4346244 -0.0787402 0.0631025,
0.4296459 -0.0787402 0.0656223,
0.4249100 -0.0787402 0.0685728,
0.4204537 -0.0787402 0.0719309,
0.4163121 -0.0787402 0.0756701,
0.4125177 -0.0787402 0.0797611,
0.4091001 -0.0787402 0.0841719,
0.4060863 -0.0787402 0.0888678,
0.4034998 -0.0787402 0.0938120,
0.4564348 -0.0748031 0.0615990,
0.4564279 -0.0756792 0.0615005,
0.4564076 -0.0765114 0.0612100,
0.4563749 -0.0772578 0.0607421,
0.4563314 -0.0778812 0.0601202,
0.4562793 -0.0783503 0.0593756,
0.4562213 -0.0786414 0.0585455,
0.4070657 -0.0748031 0.0954806,
0.4094905 -0.0748031 0.0908454,
0.4123160 -0.0748031 0.0864430,
0.4155199 -0.0748031 0.0823079,
0.4190773 -0.0748031 0.0784726,
0.4229600 -0.0748031 0.0749671,
0.4271378 -0.0748031 0.0718189,
0.4315777 -0.0748031 0.0690528,
0.4362450 -0.0748031 0.0666905,
0.4411031 -0.0748031 0.0647504,
0.4461137 -0.0748031 0.0632479,
0.4512377 -0.0748031 0.0621946,
0.4042933 -0.0786414 0.0941833,
0.4050470 -0.0783503 0.0945360,
0.4057231 -0.0778812 0.0948524,
0.4062878 -0.0772578 0.0951166,
0.4067126 -0.0765114 0.0953154,
0.4069763 -0.0756792 0.0954388,
0.4068438 -0.0786414 0.0893079,
0.4075633 -0.0783503 0.0897259,
0.4082088 -0.0778812 0.0901008,
0.4087478 -0.0772578 0.0904140,
0.4091534 -0.0765114 0.0906496,
0.4094052 -0.0756792 0.0907959,
0.4098157 -0.0786414 0.0846773,
0.4104954 -0.0783503 0.0851573,
0.4111052 -0.0778812 0.0855879,
0.4116144 -0.0772578 0.0859475,
0.4119975 -0.0765114 0.0862181,
0.4122354 -0.0756792 0.0863861,
0.4131857 -0.0786414 0.0803278,
0.4138203 -0.0783503 0.0808661,
0.4143895 -0.0778812 0.0813490,
0.4148649 -0.0772578 0.0817523,
0.4152226 -0.0765114 0.0820557,
0.4154447 -0.0756792 0.0822441,
0.4169274 -0.0786414 0.0762937,
0.4175119 -0.0783503 0.0768860,
0.4180362 -0.0778812 0.0774174,
0.4184740 -0.0772578 0.0778612,
0.4188034 -0.0765114 0.0781950,
0.4190079 -0.0756792 0.0784023,
0.4210114 -0.0786414 0.0726065,
0.4215412 -0.0783503 0.0732482,
0.4220164 -0.0778812 0.0738239,
0.4224132 -0.0772578 0.0743047,
0.4227118 -0.0765114 0.0746664,
0.4228972 -0.0756792 0.0748909,
0.4254057 -0.0786414 0.0692951,
0.4258766 -0.0783503 0.0699812,
0.4262990 -0.0778812 0.0705967,
0.4266517 -0.0772578 0.0711107,
0.4269172 -0.0765114 0.0714974,
0.4270819 -0.0756792 0.0717375,
0.4300758 -0.0786414 0.0663857,
0.4304841 -0.0783503 0.0671107,
0.4308504 -0.0778812 0.0677612,
0.4311563 -0.0772578 0.0683044,
0.4313864 -0.0765114 0.0687131,
0.4315293 -0.0756792 0.0689668,
0.4349850 -0.0786414 0.0639009,
0.4353276 -0.0783503 0.0646592,
0.4356348 -0.0778812 0.0653395,
0.4358915 -0.0772578 0.0659077,
0.4360845 -0.0765114 0.0663351,
0.4362044 -0.0756792 0.0666005,
0.4400949 -0.0786414 0.0618603,
0.4403690 -0.0783503 0.0626460,
0.4406148 -0.0778812 0.0633508,
0.4408202 -0.0772578 0.0639394,
0.4409747 -0.0765114 0.0643823,
0.4410706 -0.0756792 0.0646572,
0.4453653 -0.0786414 0.0602798,
0.4455687 -0.0783503 0.0610867,
0.4457513 -0.0778812 0.0618105,
0.4459037 -0.0772578 0.0624150,
0.4460184 -0.0765114 0.0628698,
0.4460896 -0.0756792 0.0631521,
0.4507548 -0.0786414 0.0591720,
0.4508861 -0.0783503 0.0599937,
0.4510039 -0.0778812 0.0607309,
0.4511022 -0.0772578 0.0613464,
0.4511762 -0.0765114 0.0618096,
0.4512222 -0.0756792 0.0620972,
0.4892971 0.0787402 0.0553544,
0.4901710 0.0786414 0.0552933,
0.4910011 0.0783503 0.0552352,
0.4917458 0.0778812 0.0551832,
0.4923677 0.0772578 0.0551397,
0.4928356 0.0765114 0.0551069,
0.4931260 0.0756792 0.0550866,
0.4932245 0.0748031 0.0550797,
0.4893582 0.0786414 0.0562283,
0.4894163 0.0783503 0.0570584,
0.4894683 0.0778812 0.0578031,
0.4895118 0.0772578 0.0584250,
0.4895445 0.0765114 0.0588929,
0.4895648 0.0756792 0.0591833,
0.4895717 0.0748031 0.0592818,
0.4932341 0.0748031 0.0553544,
0.4931439 0.0748031 0.0561921,
0.4928776 0.0748031 0.0569915,
0.4924472 0.0748031 0.0577159,
0.4918726 0.0748031 0.0583321,
0.4911800 0.0748031 0.0588119,
0.4904011 0.0748031 0.0591334,
0.4932341 0.0748031 0.0553544,
0.4932298 0.0748031 0.0551712,
0.4932330 0.0748031 0.0552628,
0.4899807 0.0786656 0.0556923,
0.4899807 0.0785482 0.0563579,
0.4899807 0.0783171 0.0569930,
0.4906436 0.0784465 0.0559968,
0.4899807 0.0779792 0.0575782,
0.4906436 0.0782796 0.0566197,
0.4912656 0.0781997 0.0556515,
0.4899807 0.0775447 0.0580960,
0.4906436 0.0780071 0.0572042,
0.4912656 0.0780965 0.0562368,
0.4899807 0.0770270 0.0585304,
0.4906436 0.0776372 0.0577324,
0.4912656 0.0778933 0.0567953,
0.4918278 0.0777733 0.0558781,
0.4899807 0.0764417 0.0588683,
0.4906436 0.0771812 0.0581884,
0.4912656 0.0775961 0.0573100,
0.4918278 0.0776372 0.0563859,
0.4899807 0.0758066 0.0590995,
0.4923130 0.0773242 0.0555749,
0.4906436 0.0766529 0.0585583,
0.4912656 0.0772141 0.0577653,
0.4918278 0.0774150 0.0568623,
0.4931743 0.0753269 0.0549149,
0.4899807 0.0751411 0.0592168,
0.4923130 0.0772476 0.0560094,
0.4906436 0.0760685 0.0588308,
0.4927066 0.0767717 0.0553544,
0.4912656 0.0767588 0.0581473,
0.4918278 0.0771135 0.0572930,
0.4931743 0.0753952 0.0550126,
0.4923130 0.0770967 0.0564239,
0.4906436 0.0754456 0.0589978,
0.4927066 0.0767417 0.0556962,
0.4912656 0.0762441 0.0584445,
0.4929967 0.0761446 0.0552370,
0.4918278 0.0767417 0.0576647,
0.4931743 0.0754456 0.0551206,
0.4923130 0.0768761 0.0568059,
0.4927066 0.0766529 0.0560276,
0.4912656 0.0756856 0.0586478,
0.4929967 0.0761446 0.0554717,
0.4918278 0.0763111 0.0579662,
0.4931743 0.0754764 0.0552357,
0.4923130 0.0765926 0.0571438,
0.4927066 0.0765079 0.0563386,
0.4912656 0.0751003 0.0587510,
0.4929967 0.0761038 0.0557029,
0.4918278 0.0758347 0.0581884,
0.4931743 0.0754868 0.0553544,
0.4923130 0.0762547 0.0574274,
0.4927066 0.0763111 0.0566197,
0.4929967 0.0760235 0.0559235,
0.4918278 0.0753269 0.0583245,
0.4931743 0.0754764 0.0554731,
0.4923130 0.0758727 0.0576479,
0.4927066 0.0760685 0.0568623,
0.4929967 0.0759062 0.0561267,
0.4931743 0.0754456 0.0555882,
0.4923130 0.0754581 0.0577988,
0.4927066 0.0757874 0.0570592,
0.4929967 0.0757553 0.0563065,
0.4931743 0.0753952 0.0556962,
0.4923130 0.0750237 0.0578754,
0.4927066 0.0754764 0.0572042,
0.4929967 0.0755755 0.0564574,
0.4931743 0.0753269 0.0557938,
0.4927066 0.0751450 0.0572930,
0.4929967 0.0753722 0.0565748,
0.4931743 0.0752426 0.0558781,
0.4929967 0.0751517 0.0566550,
0.4931743 0.0751450 0.0559464,
0.4929967 0.0749205 0.0566958,
0.4931743 0.0750370 0.0559968,
0.4931743 0.0749219 0.0560276,
0.3680649 0.0748031 0.0868468,
0.3681576 0.0756792 0.0868806,
0.3684312 0.0765114 0.0869802,
0.3688720 0.0772578 0.0871406,
0.3694578 0.0778812 0.0873538,
0.3701592 0.0783503 0.0876091,
0.3709412 0.0786414 0.0878937,
0.3717644 0.0787402 0.0881934,
0.4539631 0.0787402 0.0262522,
0.4456478 0.0787402 0.0272053,
0.4374494 0.0787402 0.0288904,
0.4294324 0.0787402 0.0312945,
0.4216595 0.0787402 0.0343986,
0.4141918 0.0787402 0.0381784,
0.4070879 0.0787402 0.0426041,
0.4004035 0.0787402 0.0476412,
0.3941910 0.0787402 0.0532500,
0.3884993 0.0787402 0.0593866,
0.3833730 0.0787402 0.0660027,
0.3788523 0.0787402 0.0730466,
0.3749726 0.0787402 0.0804629,
0.4536885 0.0748031 0.0223248,
0.4536954 0.0756792 0.0224233,
0.4537157 0.0765114 0.0227137,
0.4537484 0.0772578 0.0231816,
0.4537919 0.0778812 0.0238035,
0.4538440 0.0783503 0.0245482,
0.4539020 0.0786414 0.0253783,
0.3714067 0.0748031 0.0787942,
0.3754480 0.0748031 0.0710689,
0.3801571 0.0748031 0.0637316,
0.3854970 0.0748031 0.0568397,
0.3914259 0.0748031 0.0504475,
0.3978972 0.0748031 0.0446050,
0.4048601 0.0748031 0.0393580,
0.4122600 0.0748031 0.0347479,
0.4200389 0.0748031 0.0308106,
0.4281356 0.0748031 0.0275772,
0.4364867 0.0748031 0.0250730,
0.4450267 0.0748031 0.0233176,
0.4450423 0.0756792 0.0234150,
0.4450882 0.0765114 0.0237026,
0.4451622 0.0772578 0.0241657,
0.4452605 0.0778812 0.0247813,
0.4453783 0.0783503 0.0255185,
0.4455096 0.0786414 0.0263402,
0.4365109 0.0756792 0.0251687,
0.4365821 0.0765114 0.0254510,
0.4366968 0.0772578 0.0259058,
0.4368492 0.0778812 0.0265103,
0.4370317 0.0783503 0.0272341,
0.4372352 0.0786414 0.0280410,
0.4281681 0.0756792 0.0276704,
0.4282640 0.0765114 0.0279453,
0.4284185 0.0772578 0.0283882,
0.4286238 0.0778812 0.0289768,
0.4288697 0.0783503 0.0296816,
0.4291438 0.0786414 0.0304673,
0.4200795 0.0756792 0.0309006,
0.4201993 0.0765114 0.0311659,
0.4203924 0.0772578 0.0315934,
0.4206490 0.0778812 0.0321615,
0.4209563 0.0783503 0.0328418,
0.4212989 0.0786414 0.0336002,
0.4123084 0.0756792 0.0348339,
0.4124513 0.0765114 0.0350876,
0.4126815 0.0772578 0.0354963,
0.4129873 0.0778812 0.0360395,
0.4133536 0.0783503 0.0366899,
0.4137619 0.0786414 0.0374150,
0.4049160 0.0756792 0.0394394,
0.4050807 0.0765114 0.0396795,
0.4053461 0.0772578 0.0400662,
0.4056989 0.0778812 0.0405802,
0.4061213 0.0783503 0.0411957,
0.4065921 0.0786414 0.0418818,
0.3979600 0.0756792 0.0446811,
0.3981454 0.0765114 0.0449056,
0.3984440 0.0772578 0.0452674,
0.3988408 0.0778812 0.0457481,
0.3993160 0.0783503 0.0463238,
0.3998458 0.0786414 0.0469656,
0.3914952 0.0756792 0.0505177,
0.3916997 0.0765114 0.0507250,
0.3920292 0.0772578 0.0510589,
0.3924670 0.0778812 0.0515026,
0.3929913 0.0783503 0.0520340,
0.3935757 0.0786414 0.0526264,
0.3855723 0.0756792 0.0569036,
0.3857944 0.0765114 0.0570919,
0.3861521 0.0772578 0.0573954,
0.3866274 0.0778812 0.0577986,
0.3871967 0.0783503 0.0582815,
0.3878313 0.0786414 0.0588198,
0.3802377 0.0756792 0.0637885,
0.3804756 0.0765114 0.0639565,
0.3808587 0.0772578 0.0642271,
0.3813679 0.0778812 0.0645867,
0.3819777 0.0783503 0.0650173,
0.3826574 0.0786414 0.0654973,
0.3755334 0.0756792 0.0711185,
0.3757851 0.0765114 0.0712648,
0.3761907 0.0772578 0.0715004,
0.3767297 0.0778812 0.0718135,
0.3773752 0.0783503 0.0721885,
0.3780947 0.0786414 0.0726065,
0.3714961 0.0756792 0.0788360,
0.3717598 0.0765114 0.0789595,
0.3721847 0.0772578 0.0791583,
0.3727493 0.0778812 0.0794225,
0.3734254 0.0783503 0.0797389,
0.3741791 0.0786414 0.0800915,
0.4564348 -0.0748031 0.0615990,
0.4564279 -0.0756792 0.0615005,
0.4564076 -0.0765114 0.0612100,
0.4563749 -0.0772578 0.0607421,
0.4563314 -0.0778812 0.0601202,
0.4562793 -0.0783503 0.0593756,
0.4562213 -0.0786414 0.0585455,
0.4561602 -0.0787402 0.0576715,
0.4892971 -0.0787402 0.0553544,
0.4895717 -0.0748031 0.0592818,
0.4895648 -0.0756792 0.0591833,
0.4895445 -0.0765114 0.0588929,
0.4895118 -0.0772578 0.0584250,
0.4894683 -0.0778812 0.0578031,
0.4894163 -0.0783503 0.0570584,
0.4893582 -0.0786414 0.0562283,
0.4932341 0.0748031 0.0553544,
0.4931439 0.0748031 0.0561921,
0.4928776 0.0748031 0.0569915,
0.4924472 0.0748031 0.0577159,
0.4918726 0.0748031 0.0583321,
0.4911800 0.0748031 0.0588119,
0.4904011 0.0748031 0.0591334,
0.4895717 0.0748031 0.0592818,
0.4895717 -0.0748031 0.0592818,
0.4932341 -0.0748031 0.0553544,
0.4931439 -0.0748031 0.0561921,
0.4928776 -0.0748031 0.0569915,
0.4924472 -0.0748031 0.0577159,
0.4918726 -0.0748031 0.0583321,
0.4911800 -0.0748031 0.0588119,
0.4904011 -0.0748031 0.0591334,
0.4932245 -0.0748031 0.0550797,
0.4932298 -0.0748031 0.0551712,
0.4932330 -0.0748031 0.0552628,
0.4932245 0.0748031 0.0550797,
0.4932298 0.0748031 0.0551712,
0.4932330 0.0748031 0.0552628,
0.4892971 0.0787402 0.0553544,
0.4901710 0.0786414 0.0552933,
0.4910011 0.0783503 0.0552352,
0.4917458 0.0778812 0.0551832,
0.4923677 0.0772578 0.0551397,
0.4928356 0.0765114 0.0551069,
0.4931260 0.0756792 0.0550866,
0.4932245 0.0748031 0.0550797,
0.4910275 0.0748031 0.0236604,
0.4871000 0.0787402 0.0239350,
0.4879740 0.0786414 0.0238739,
0.4888041 0.0783503 0.0238159,
0.4895487 0.0778812 0.0237638,
0.4901706 0.0772578 0.0237203,
0.4906385 0.0765114 0.0236876,
0.4909290 0.0756792 0.0236673,
0.4536885 0.0748031 0.0223248,
0.4536954 0.0756792 0.0224233,
0.4537157 0.0765114 0.0227137,
0.4537484 0.0772578 0.0231816,
0.4537919 0.0778812 0.0238035,
0.4538440 0.0783503 0.0245482,
0.4539020 0.0786414 0.0253783,
0.4539631 0.0787402 0.0262522,
0.4871000 0.0787402 0.0239350,
0.4868254 0.0748031 0.0200076,
0.4868323 0.0756792 0.0201061,
0.4868526 0.0765114 0.0203966,
0.4868853 0.0772578 0.0208645,
0.4869288 0.0778812 0.0214863,
0.4869809 0.0783503 0.0222310,
0.4870389 0.0786414 0.0230611,
0.4932245 -0.0748031 0.0550797,
0.4932298 -0.0748031 0.0551712,
0.4932330 -0.0748031 0.0552628,
0.4932341 -0.0748031 0.0553544,
0.4932341 -0.0748031 0.0553544,
0.4931439 -0.0748031 0.0561921,
0.4928776 -0.0748031 0.0569915,
0.4924472 -0.0748031 0.0577159,
0.4918726 -0.0748031 0.0583321,
0.4911800 -0.0748031 0.0588119,
0.4904011 -0.0748031 0.0591334,
0.4895717 -0.0748031 0.0592818,
0.4895648 -0.0756792 0.0591833,
0.4895445 -0.0765114 0.0588929,
0.4895118 -0.0772578 0.0584250,
0.4894683 -0.0778812 0.0578031,
0.4894163 -0.0783503 0.0570584,
0.4893582 -0.0786414 0.0562283,
0.4892971 -0.0787402 0.0553544,
0.4931260 -0.0756792 0.0550866,
0.4928356 -0.0765114 0.0551069,
0.4923677 -0.0772578 0.0551397,
0.4917458 -0.0778812 0.0551832,
0.4910011 -0.0783503 0.0552352,
0.4901710 -0.0786414 0.0552933,
0.4899807 -0.0751411 0.0592168,
0.4899807 -0.0758066 0.0590995,
0.4899807 -0.0764417 0.0588683,
0.4906436 -0.0754456 0.0589978,
0.4899807 -0.0770270 0.0585304,
0.4906436 -0.0760685 0.0588308,
0.4912656 -0.0751003 0.0587510,
0.4899807 -0.0775447 0.0580960,
0.4906436 -0.0766529 0.0585583,
0.4912656 -0.0756856 0.0586478,
0.4899807 -0.0779792 0.0575782,
0.4906436 -0.0771812 0.0581884,
0.4912656 -0.0762441 0.0584445,
0.4918278 -0.0753269 0.0583245,
0.4899807 -0.0783171 0.0569930,
0.4906436 -0.0776372 0.0577324,
0.4912656 -0.0767588 0.0581473,
0.4918278 -0.0758347 0.0581884,
0.4899807 -0.0785482 0.0563579,
0.4923130 -0.0750237 0.0578754,
0.4906436 -0.0780071 0.0572042,
0.4912656 -0.0772141 0.0577653,
0.4918278 -0.0763111 0.0579662,
0.4899807 -0.0786656 0.0556923,
0.4923130 -0.0754581 0.0577988,
0.4906436 -0.0782796 0.0566197,
0.4912656 -0.0775961 0.0573100,
0.4918278 -0.0767417 0.0576647,
0.4923130 -0.0758727 0.0576479,
0.4906436 -0.0784465 0.0559968,
0.4927066 -0.0751450 0.0572930,
0.4912656 -0.0778933 0.0567953,
0.4918278 -0.0771135 0.0572930,
0.4923130 -0.0762547 0.0574274,
0.4927066 -0.0754764 0.0572042,
0.4912656 -0.0780965 0.0562368,
0.4929967 -0.0749205 0.0566958,
0.4918278 -0.0774150 0.0568623,
0.4923130 -0.0765926 0.0571438,
0.4927066 -0.0757874 0.0570592,
0.4912656 -0.0781997 0.0556515,
0.4929967 -0.0751517 0.0566550,
0.4918278 -0.0776372 0.0563859,
0.4923130 -0.0768761 0.0568059,
0.4927066 -0.0760685 0.0568623,
0.4929967 -0.0753722 0.0565748,
0.4918278 -0.0777733 0.0558781,
0.4931743 -0.0749219 0.0560276,
0.4923130 -0.0770967 0.0564239,
0.4927066 -0.0763111 0.0566197,
0.4929967 -0.0755755 0.0564574,
0.4918278 -0.0778191 0.0553544,
0.4931743 -0.0750370 0.0559968,
0.4923130 -0.0772476 0.0560094,
0.4927066 -0.0765079 0.0563386,
0.4929967 -0.0757553 0.0563065,
0.4931743 -0.0751450 0.0559464,
0.4923130 -0.0773242 0.0555749,
0.4927066 -0.0766529 0.0560276,
0.4929967 -0.0759062 0.0561267,
0.4931743 -0.0752426 0.0558781,
0.4927066 -0.0767417 0.0556962,
0.4929967 -0.0760235 0.0559235,
0.4931743 -0.0753269 0.0557938,
0.4927066 -0.0767717 0.0553544,
0.4929967 -0.0761038 0.0557029,
0.4931743 -0.0753952 0.0556962,
0.4929967 -0.0761446 0.0554717,
0.4931743 -0.0754456 0.0555882,
0.4929967 -0.0761446 0.0552370,
0.4931743 -0.0754764 0.0554731,
0.4931743 -0.0754868 0.0553544,
0.4931743 -0.0754764 0.0552357,
0.4931743 -0.0754456 0.0551206,
0.4931743 -0.0753952 0.0550126,
0.4868254 0.0748031 0.0200076,
0.4868323 0.0756792 0.0201061,
0.4868526 0.0765114 0.0203966,
0.4868853 0.0772578 0.0208645,
0.4869288 0.0778812 0.0214863,
0.4869809 0.0783503 0.0222310,
0.4870389 0.0786414 0.0230611,
0.4871000 0.0787402 0.0239350,
0.4879740 0.0786414 0.0238739,
0.4888041 0.0783503 0.0238159,
0.4895487 0.0778812 0.0237638,
0.4901706 0.0772578 0.0237203,
0.4906385 0.0765114 0.0236876,
0.4909290 0.0756792 0.0236673,
0.4910275 0.0748031 0.0236604,
0.4877062 0.0748031 0.0200450,
0.4885566 0.0748031 0.0202774,
0.4893340 0.0748031 0.0206932,
0.4899994 0.0748031 0.0212716,
0.4905194 0.0748031 0.0219836,
0.4908679 0.0748031 0.0227934,
0.4875116 0.0751444 0.0200345,
0.4875116 0.0758165 0.0201530,
0.4875116 0.0764579 0.0203864,
0.4881852 0.0754603 0.0202080,
0.4875116 0.0770490 0.0207277,
0.4881852 0.0760975 0.0203788,
0.4888259 0.0751116 0.0204099,
0.4875116 0.0775718 0.0211664,
0.4881852 0.0766954 0.0206576,
0.4888259 0.0757190 0.0205171,
0.4875116 0.0780105 0.0216892,
0.4881852 0.0772358 0.0210359,
0.4888259 0.0762986 0.0207280,
0.4894142 0.0753562 0.0207983,
0.4875116 0.0783517 0.0222803,
0.4881852 0.0777022 0.0215024,
0.4888259 0.0768328 0.0210364,
0.4894142 0.0758925 0.0209420,
0.4899321 0.0750415 0.0212106,
0.4875116 0.0785852 0.0229216,
0.4881852 0.0780806 0.0220428,
0.4888259 0.0773053 0.0214329,
0.4894142 0.0763957 0.0211767,
0.4899321 0.0755110 0.0212934,
0.4875116 0.0787037 0.0235938,
0.4881852 0.0783594 0.0226407,
0.4888259 0.0777018 0.0219054,
0.4894142 0.0768505 0.0214951,
0.4899321 0.0759590 0.0214564,
0.4903640 0.0751854 0.0217669,
0.4881852 0.0785301 0.0232779,
0.4888259 0.0780102 0.0224396,
0.4894142 0.0772431 0.0218877,
0.4899321 0.0763718 0.0216948,
0.4903640 0.0755561 0.0218663,
0.4906967 0.0749427 0.0223398,
0.4888259 0.0782211 0.0230192,
0.4894142 0.0775615 0.0223425,
0.4899321 0.0767370 0.0220012,
0.4903640 0.0759039 0.0220284,
0.4906967 0.0752176 0.0223883,
0.4888259 0.0783282 0.0236266,
0.4894142 0.0777962 0.0228457,
0.4899321 0.0770434 0.0223664,
0.4903640 0.0762183 0.0222486,
0.4906967 0.0754799 0.0224837,
0.4909201 0.0749685 0.0229971,
0.4894142 0.0779399 0.0233820,
0.4899321 0.0772818 0.0227792,
0.4903640 0.0764896 0.0225199,
0.4906967 0.0757216 0.0226233,
0.4909201 0.0751289 0.0230400,
0.4899321 0.0774448 0.0232272,
0.4903640 0.0767097 0.0228343,
0.4906967 0.0759355 0.0228027,
0.4909201 0.0752794 0.0231102,
0.4903640 0.0768719 0.0231821,
0.4906967 0.0761149 0.0230166,
0.4909201 0.0754154 0.0232054,
0.4906967 0.0762544 0.0232583,
0.4909201 0.0755328 0.0233228,
0.4906967 0.0763499 0.0235206,
0.4909201 0.0756280 0.0234588,
0.4909201 0.0756982 0.0236093,
0.4932245 -0.0748031 0.0550797,
0.4931260 -0.0756792 0.0550866,
0.4928356 -0.0765114 0.0551069,
0.4923677 -0.0772578 0.0551397,
0.4917458 -0.0778812 0.0551832,
0.4910011 -0.0783503 0.0552352,
0.4901710 -0.0786414 0.0552933,
0.4892971 -0.0787402 0.0553544,
0.4871000 -0.0787402 0.0239350,
0.4910275 -0.0748031 0.0236604,
0.4909290 -0.0756792 0.0236673,
0.4906385 -0.0765114 0.0236876,
0.4901706 -0.0772578 0.0237203,
0.4895487 -0.0778812 0.0237638,
0.4888041 -0.0783503 0.0238159,
0.4879740 -0.0786414 0.0238739,
0.4868254 0.0748031 0.0200076,
0.4877062 0.0748031 0.0200450,
0.4885566 0.0748031 0.0202774,
0.4893340 0.0748031 0.0206932,
0.4899994 0.0748031 0.0212716,
0.4905194 0.0748031 0.0219836,
0.4908679 0.0748031 0.0227934,
0.4910275 0.0748031 0.0236604,
0.4910275 -0.0748031 0.0236604,
0.4871000 -0.0748031 0.0199980,
0.4879378 -0.0748031 0.0200882,
0.4887372 -0.0748031 0.0203546,
0.4894615 -0.0748031 0.0207849,
0.4900778 -0.0748031 0.0213595,
0.4905576 -0.0748031 0.0220522,
0.4908791 -0.0748031 0.0228310,
0.4868254 -0.0748031 0.0200076,
0.4869169 -0.0748031 0.0200023,
0.4870084 -0.0748031 0.0199991,
0.4871000 -0.0748031 0.0199980,
0.4871000 -0.0756792 0.0200967,
0.4871000 -0.0765114 0.0203879,
0.4871000 -0.0772578 0.0208570,
0.4871000 -0.0778812 0.0214804,
0.4871000 -0.0783503 0.0222268,
0.4871000 -0.0786414 0.0230590,
0.4871000 -0.0787402 0.0239350,
0.4879378 -0.0748031 0.0200882,
0.4887372 -0.0748031 0.0203546,
0.4894615 -0.0748031 0.0207849,
0.4900778 -0.0748031 0.0213595,
0.4905576 -0.0748031 0.0220522,
0.4908791 -0.0748031 0.0228310,
0.4910275 -0.0748031 0.0236604,
0.4909290 -0.0756792 0.0236673,
0.4906385 -0.0765114 0.0236876,
0.4901706 -0.0772578 0.0237203,
0.4895487 -0.0778812 0.0237638,
0.4888041 -0.0783503 0.0238159,
0.4879740 -0.0786414 0.0238739,
0.4877536 -0.0786708 0.0235967,
0.4877536 -0.0785532 0.0229302,
0.4877536 -0.0783218 0.0222943,
0.4883890 -0.0784667 0.0232891,
0.4877536 -0.0779834 0.0217082,
0.4883890 -0.0782988 0.0226627,
0.4877536 -0.0775484 0.0211898,
0.4883890 -0.0780248 0.0220750,
0.4889887 -0.0781399 0.0230410,
0.4877536 -0.0770300 0.0207548,
0.4883890 -0.0776529 0.0215439,
0.4889887 -0.0779339 0.0224751,
0.4895359 -0.0778491 0.0233980,
0.4877536 -0.0764439 0.0204164,
0.4883890 -0.0771943 0.0210853,
0.4889887 -0.0776329 0.0219537,
0.4895359 -0.0777096 0.0228772,
0.4877536 -0.0758080 0.0201849,
0.4883890 -0.0766632 0.0207134,
0.4889887 -0.0772458 0.0214924,
0.4895359 -0.0774817 0.0223886,
0.4900156 -0.0773587 0.0232503,
0.4877536 -0.0751415 0.0200674,
0.4883890 -0.0760755 0.0204394,
0.4889887 -0.0767845 0.0211053,
0.4895359 -0.0771725 0.0219469,
0.4900156 -0.0772010 0.0228169,
0.4904143 -0.0768959 0.0235660,
0.4883890 -0.0754491 0.0202715,
0.4889887 -0.0762631 0.0208043,
0.4895359 -0.0767913 0.0215657,
0.4900156 -0.0769704 0.0224175,
0.4904143 -0.0768000 0.0232082,
0.4889887 -0.0756972 0.0205983,
0.4895359 -0.0763496 0.0212564,
0.4900156 -0.0766739 0.0220642,
0.4904143 -0.0766435 0.0228725,
0.4907211 -0.0762958 0.0235351,
0.4889887 -0.0751042 0.0204938,
0.4895359 -0.0758610 0.0210286,
0.4900156 -0.0763207 0.0217678,
0.4904143 -0.0764310 0.0225691,
0.4907211 -0.0762037 0.0232820,
0.4895359 -0.0753402 0.0208890,
0.4900156 -0.0759213 0.0215372,
0.4904143 -0.0761691 0.0223072,
0.4907211 -0.0760690 0.0230487,
0.4900156 -0.0754879 0.0213795,
0.4904143 -0.0758657 0.0220947,
0.4907211 -0.0758959 0.0228423,
0.4900156 -0.0750337 0.0212994,
0.4904143 -0.0755299 0.0219382,
0.4907211 -0.0756895 0.0226692,
0.4904143 -0.0751722 0.0218423,
0.4907211 -0.0754562 0.0225345,
0.4907211 -0.0752031 0.0224424,
0.4909274 -0.0752645 0.0231359,
0.4907211 -0.0749378 0.0223956,
0.4909274 -0.0751188 0.0230679,
0.4909274 -0.0749634 0.0230263,
0.4868254 -0.0748031 0.0200076,
0.4868323 -0.0756792 0.0201061,
0.4868526 -0.0765114 0.0203966,
0.4868853 -0.0772578 0.0208645,
0.4869288 -0.0778812 0.0214863,
0.4869809 -0.0783503 0.0222310,
0.4870389 -0.0786414 0.0230611,
0.4871000 -0.0787402 0.0239350,
0.4539631 -0.0787402 0.0262522,
0.4536885 -0.0748031 0.0223248,
0.4536954 -0.0756792 0.0224233,
0.4537157 -0.0765114 0.0227137,
0.4537484 -0.0772578 0.0231816,
0.4537919 -0.0778812 0.0238035,
0.4538440 -0.0783503 0.0245482,
0.4539020 -0.0786414 0.0253783,
0.4536885 -0.0748031 0.0223248,
0.4536954 -0.0756792 0.0224233,
0.4537157 -0.0765114 0.0227137,
0.4537484 -0.0772578 0.0231816,
0.4537919 -0.0778812 0.0238035,
0.4538440 -0.0783503 0.0245482,
0.4539020 -0.0786414 0.0253783,
0.4539631 -0.0787402 0.0262522,
0.3717644 -0.0787402 0.0881934,
0.3749726 -0.0787402 0.0804629,
0.3788523 -0.0787402 0.0730466,
0.3833730 -0.0787402 0.0660027,
0.3884993 -0.0787402 0.0593866,
0.3941910 -0.0787402 0.0532500,
0.4004035 -0.0787402 0.0476412,
0.4070879 -0.0787402 0.0426041,
0.4141918 -0.0787402 0.0381784,
0.4216595 -0.0787402 0.0343986,
0.4294324 -0.0787402 0.0312945,
0.4374494 -0.0787402 0.0288904,
0.4456478 -0.0787402 0.0272053,
0.3680649 -0.0748031 0.0868468,
0.3681576 -0.0756792 0.0868806,
0.3684312 -0.0765114 0.0869802,
0.3688720 -0.0772578 0.0871406,
0.3694578 -0.0778812 0.0873538,
0.3701592 -0.0783503 0.0876091,
0.3709412 -0.0786414 0.0878937,
0.4450267 -0.0748031 0.0233176,
0.4364867 -0.0748031 0.0250730,
0.4281356 -0.0748031 0.0275772,
0.4200389 -0.0748031 0.0308106,
0.4122600 -0.0748031 0.0347479,
0.4048601 -0.0748031 0.0393580,
0.3978972 -0.0748031 0.0446050,
0.3914259 -0.0748031 0.0504475,
0.3854970 -0.0748031 0.0568397,
0.3801571 -0.0748031 0.0637316,
0.3754480 -0.0748031 0.0710689,
0.3714067 -0.0748031 0.0787942,
0.3714961 -0.0756792 0.0788360,
0.3717598 -0.0765114 0.0789595,
0.3721847 -0.0772578 0.0791583,
0.3727493 -0.0778812 0.0794225,
0.3734254 -0.0783503 0.0797389,
0.3741791 -0.0786414 0.0800915,
0.3755334 -0.0756792 0.0711185,
0.3757851 -0.0765114 0.0712648,
0.3761907 -0.0772578 0.0715004,
0.3767297 -0.0778812 0.0718135,
0.3773752 -0.0783503 0.0721885,
0.3780947 -0.0786414 0.0726065,
0.3802377 -0.0756792 0.0637885,
0.3804756 -0.0765114 0.0639565,
0.3808587 -0.0772578 0.0642271,
0.3813679 -0.0778812 0.0645867,
0.3819777 -0.0783503 0.0650173,
0.3826574 -0.0786414 0.0654973,
0.3855723 -0.0756792 0.0569036,
0.3857944 -0.0765114 0.0570919,
0.3861521 -0.0772578 0.0573954,
0.3866274 -0.0778812 0.0577986,
0.3871967 -0.0783503 0.0582815,
0.3878313 -0.0786414 0.0588198,
0.3914952 -0.0756792 0.0505177,
0.3916997 -0.0765114 0.0507250,
0.3920292 -0.0772578 0.0510589,
0.3924670 -0.0778812 0.0515026,
0.3929913 -0.0783503 0.0520340,
0.3935757 -0.0786414 0.0526264,
0.3979600 -0.0756792 0.0446811,
0.3981454 -0.0765114 0.0449056,
0.3984440 -0.0772578 0.0452674,
0.3988408 -0.0778812 0.0457481,
0.3993160 -0.0783503 0.0463238,
0.3998458 -0.0786414 0.0469656,
0.4049160 -0.0756792 0.0394394,
0.4050807 -0.0765114 0.0396795,
0.4053461 -0.0772578 0.0400662,
0.4056989 -0.0778812 0.0405802,
0.4061213 -0.0783503 0.0411957,
0.4065921 -0.0786414 0.0418818,
0.4123084 -0.0756792 0.0348339,
0.4124513 -0.0765114 0.0350876,
0.4126815 -0.0772578 0.0354963,
0.4129873 -0.0778812 0.0360395,
0.4133536 -0.0783503 0.0366899,
0.4137619 -0.0786414 0.0374150,
0.4200795 -0.0756792 0.0309006,
0.4201993 -0.0765114 0.0311659,
0.4203924 -0.0772578 0.0315934,
0.4206490 -0.0778812 0.0321615,
0.4209563 -0.0783503 0.0328418,
0.4212989 -0.0786414 0.0336002,
0.4281681 -0.0756792 0.0276704,
0.4282640 -0.0765114 0.0279453,
0.4284185 -0.0772578 0.0283882,
0.4286238 -0.0778812 0.0289768,
0.4288697 -0.0783503 0.0296816,
0.4291438 -0.0786414 0.0304673,
0.4365109 -0.0756792 0.0251687,
0.4365821 -0.0765114 0.0254510,
0.4366968 -0.0772578 0.0259058,
0.4368492 -0.0778812 0.0265103,
0.4370317 -0.0783503 0.0272341,
0.4372352 -0.0786414 0.0280410,
0.4450423 -0.0756792 0.0234150,
0.4450882 -0.0765114 0.0237026,
0.4451622 -0.0772578 0.0241657,
0.4452605 -0.0778812 0.0247813,
0.4453783 -0.0783503 0.0255185,
0.4455096 -0.0786414 0.0263402,
0.3680649 -0.0748031 0.0868468,
0.3681576 -0.0756792 0.0868806,
0.3684312 -0.0765114 0.0869802,
0.3688720 -0.0772578 0.0871406,
0.3694578 -0.0778812 0.0873538,
0.3701592 -0.0783503 0.0876091,
0.3709412 -0.0786414 0.0878937,
0.3717644 -0.0787402 0.0881934,
0.3387045 -0.0787402 0.1790249,
0.3350049 -0.0748031 0.1776784,
0.3350976 -0.0756792 0.1777121,
0.3353712 -0.0765114 0.1778117,
0.3358120 -0.0772578 0.1779721,
0.3363978 -0.0778812 0.1781853,
0.3370993 -0.0783503 0.1784407,
0.3378812 -0.0786414 0.1787253,
0.3350049 -0.0748031 0.1776784,
0.3350976 -0.0756792 0.1777121,
0.3353712 -0.0765114 0.1778117,
0.3358120 -0.0772578 0.1779721,
0.3363978 -0.0778812 0.1781853,
0.3370993 -0.0783503 0.1784407,
0.3378812 -0.0786414 0.1787253,
0.3387045 -0.0787402 0.1790249,
0.2795112 -0.0787402 0.2204724,
0.2850013 -0.0787402 0.2202327,
0.2904497 -0.0787402 0.2195154,
0.2958148 -0.0787402 0.2183260,
0.3010558 -0.0787402 0.2166736,
0.3061328 -0.0787402 0.2145706,
0.3110073 -0.0787402 0.2120331,
0.3156420 -0.0787402 0.2090804,
0.3200018 -0.0787402 0.2057351,
0.3240534 -0.0787402 0.2020225,
0.3277660 -0.0787402 0.1979709,
0.3311113 -0.0787402 0.1936111,
0.3340640 -0.0787402 0.1889764,
0.3366015 -0.0787402 0.1841019,
0.2795112 -0.0748031 0.2165354,
0.2795112 -0.0756792 0.2166341,
0.2795112 -0.0765114 0.2169253,
0.2795112 -0.0772578 0.2173944,
0.2795112 -0.0778812 0.2180178,
0.2795112 -0.0783503 0.2187642,
0.2795112 -0.0786414 0.2195964,
0.3330333 -0.0748031 0.1824381,
0.3306544 -0.0748031 0.1870079,
0.3278863 -0.0748031 0.1913529,
0.3247501 -0.0748031 0.1954402,
0.3212695 -0.0748031 0.1992386,
0.3174711 -0.0748031 0.2027192,
0.3133838 -0.0748031 0.2058554,
0.3090388 -0.0748031 0.2086235,
0.3044690 -0.0748031 0.2110024,
0.2997093 -0.0748031 0.2129740,
0.2947958 -0.0748031 0.2145232,
0.2897660 -0.0748031 0.2156383,
0.2846582 -0.0748031 0.2163107,
0.3358075 -0.0786414 0.1837317,
0.3350533 -0.0783503 0.1833800,
0.3343768 -0.0778812 0.1830645,
0.3338118 -0.0772578 0.1828011,
0.3333867 -0.0765114 0.1826029,
0.3331228 -0.0756792 0.1824798,
0.3333053 -0.0786414 0.1885383,
0.3325847 -0.0783503 0.1881223,
0.3319382 -0.0778812 0.1877490,
0.3313983 -0.0772578 0.1874373,
0.3309921 -0.0765114 0.1872028,
0.3307399 -0.0756792 0.1870572,
0.3303937 -0.0786414 0.1931086,
0.3297121 -0.0783503 0.1926313,
0.3291006 -0.0778812 0.1922032,
0.3285899 -0.0772578 0.1918456,
0.3282057 -0.0765114 0.1915766,
0.3279672 -0.0756792 0.1914096,
0.3270949 -0.0786414 0.1974077,
0.3264574 -0.0783503 0.1968729,
0.3258856 -0.0778812 0.1963930,
0.3254080 -0.0772578 0.1959923,
0.3250487 -0.0765114 0.1956908,
0.3248257 -0.0756792 0.1955037,
0.3234339 -0.0786414 0.2014030,
0.3228455 -0.0783503 0.2008146,
0.3223177 -0.0778812 0.2002868,
0.3218768 -0.0772578 0.1998459,
0.3215452 -0.0765114 0.1995143,
0.3213393 -0.0756792 0.1993084,
0.3194387 -0.0786414 0.2050640,
0.3189038 -0.0783503 0.2044265,
0.3184239 -0.0778812 0.2038547,
0.3180232 -0.0772578 0.2033771,
0.3177217 -0.0765114 0.2030178,
0.3175346 -0.0756792 0.2027948,
0.3151395 -0.0786414 0.2083628,
0.3146622 -0.0783503 0.2076812,
0.3142341 -0.0778812 0.2070697,
0.3138765 -0.0772578 0.2065590,
0.3136075 -0.0765114 0.2061748,
0.3134405 -0.0756792 0.2059363,
0.3105692 -0.0786414 0.2112744,
0.3101532 -0.0783503 0.2105537,
0.3097799 -0.0778812 0.2099073,
0.3094682 -0.0772578 0.2093674,
0.3092337 -0.0765114 0.2089612,
0.3090881 -0.0756792 0.2087090,
0.3057626 -0.0786414 0.2137766,
0.3054109 -0.0783503 0.2130224,
0.3050954 -0.0778812 0.2123459,
0.3048320 -0.0772578 0.2117809,
0.3046338 -0.0765114 0.2113558,
0.3045107 -0.0756792 0.2110919,
0.3007562 -0.0786414 0.2158503,
0.3004716 -0.0783503 0.2150684,
0.3002162 -0.0778812 0.2143669,
0.3000030 -0.0772578 0.2137811,
0.2998426 -0.0765114 0.2133403,
0.2997430 -0.0756792 0.2130667,
0.2955880 -0.0786414 0.2174798,
0.2953727 -0.0783503 0.2166760,
0.2951795 -0.0778812 0.2159550,
0.2950181 -0.0772578 0.2153528,
0.2948967 -0.0765114 0.2148998,
0.2948214 -0.0756792 0.2146185,
0.2902976 -0.0786414 0.2186527,
0.2901531 -0.0783503 0.2178332,
0.2900234 -0.0778812 0.2170981,
0.2899152 -0.0772578 0.2164841,
0.2898337 -0.0765114 0.2160222,
0.2897832 -0.0756792 0.2157355,
0.2849250 -0.0786414 0.2193600,
0.2848525 -0.0783503 0.2185310,
0.2847874 -0.0778812 0.2177874,
0.2847331 -0.0772578 0.2171664,
0.2846922 -0.0765114 0.2166991,
0.2846668 -0.0756792 0.2164090,
0.2795112 -0.0748031 0.2165354,
0.2795112 -0.0756792 0.2166341,
0.2795112 -0.0765114 0.2169253,
0.2795112 -0.0772578 0.2173944,
0.2795112 -0.0778812 0.2180178,
0.2795112 -0.0783503 0.2187642,
0.2795112 -0.0786414 0.2195964,
0.2795112 -0.0787402 0.2204724,
0.2559055 -0.0787402 0.2204724,
0.2559055 -0.0748031 0.2165354,
0.2559055 -0.0756792 0.2166341,
0.2559055 -0.0765114 0.2169253,
0.2559055 -0.0772578 0.2173944,
0.2559055 -0.0778812 0.2180178,
0.2559055 -0.0783503 0.2187642,
0.2559055 -0.0786414 0.2195964,
] } coordIndex [
9,10,16,-1,
8,16,15,-1,
8,9,16,-1,
7,15,14,-1,
7,8,15,-1,
6,14,13,-1,
6,7,14,-1,
5,13,12,-1,
5,6,13,-1,
4,12,11,-1,
4,5,12,-1,
1,11,0,-1,
2,4,11,-1,
2,11,1,-1,
3,4,2,-1,
18,19,20,-1,
18,20,17,-1,
21,22,23,-1,
21,23,24,-1,
26,27,28,-1,
26,28,25,-1,
31,29,30,-1,
31,32,29,-1,
46,47,48,-1,
46,48,49,-1,
45,49,50,-1,
45,46,49,-1,
44,50,51,-1,
44,51,52,-1,
44,45,50,-1,
43,52,53,-1,
43,44,52,-1,
42,53,54,-1,
42,43,53,-1,
41,54,55,-1,
41,42,54,-1,
40,55,56,-1,
40,41,55,-1,
39,40,56,-1,
38,56,57,-1,
38,57,58,-1,
38,39,56,-1,
37,58,59,-1,
37,38,58,-1,
36,59,60,-1,
36,37,59,-1,
35,36,60,-1,
33,60,34,-1,
33,35,60,-1,
80,70,71,-1,
80,81,70,-1,
82,69,70,-1,
82,70,81,-1,
79,71,72,-1,
79,80,71,-1,
83,68,69,-1,
83,69,82,-1,
78,72,73,-1,
78,79,72,-1,
84,67,68,-1,
84,68,83,-1,
77,73,74,-1,
77,78,73,-1,
85,66,67,-1,
85,67,84,-1,
76,74,75,-1,
76,77,74,-1,
86,65,66,-1,
86,66,85,-1,
87,64,65,-1,
87,65,86,-1,
88,63,64,-1,
88,64,87,-1,
62,61,63,-1,
62,63,88,-1,
101,102,105,-1,
102,104,105,-1,
100,101,106,-1,
101,105,106,-1,
99,100,107,-1,
100,106,107,-1,
98,99,108,-1,
99,107,108,-1,
97,98,109,-1,
98,108,109,-1,
96,97,110,-1,
97,109,110,-1,
95,96,111,-1,
96,110,111,-1,
94,95,112,-1,
95,111,112,-1,
93,94,113,-1,
94,112,113,-1,
92,93,114,-1,
93,113,114,-1,
91,92,115,-1,
92,114,115,-1,
90,91,116,-1,
91,115,116,-1,
89,90,103,-1,
90,116,103,-1,
144,117,118,-1,
144,118,119,-1,
143,119,120,-1,
143,144,119,-1,
142,120,121,-1,
142,143,120,-1,
141,121,122,-1,
141,142,121,-1,
123,140,141,-1,
123,141,122,-1,
124,139,140,-1,
124,140,123,-1,
125,138,139,-1,
125,139,124,-1,
126,137,138,-1,
126,138,125,-1,
127,136,137,-1,
127,137,126,-1,
128,135,136,-1,
128,136,127,-1,
129,134,135,-1,
129,135,128,-1,
130,133,134,-1,
130,134,129,-1,
131,132,133,-1,
131,133,130,-1,
145,147,148,-1,
145,148,146,-1,
151,150,149,-1,
151,152,150,-1,
154,155,156,-1,
154,156,153,-1,
157,158,159,-1,
157,159,160,-1,
190,176,161,-1,
189,190,162,-1,
190,161,162,-1,
188,189,163,-1,
189,162,163,-1,
187,188,164,-1,
188,163,164,-1,
186,187,165,-1,
187,164,165,-1,
185,186,166,-1,
186,165,166,-1,
184,185,167,-1,
185,166,167,-1,
183,184,168,-1,
184,167,168,-1,
182,183,169,-1,
183,168,169,-1,
182,169,170,-1,
180,181,171,-1,
181,182,171,-1,
182,170,171,-1,
179,180,172,-1,
180,171,172,-1,
179,172,173,-1,
178,179,174,-1,
179,173,174,-1,
177,178,175,-1,
178,174,175,-1,
208,205,206,-1,
208,206,207,-1,
209,204,205,-1,
209,205,208,-1,
210,203,204,-1,
210,204,209,-1,
211,202,203,-1,
211,203,210,-1,
212,201,202,-1,
212,202,211,-1,
220,192,191,-1,
220,191,193,-1,
213,200,201,-1,
213,201,212,-1,
219,193,194,-1,
219,220,193,-1,
214,199,200,-1,
214,200,213,-1,
218,194,195,-1,
218,219,194,-1,
215,198,199,-1,
215,199,214,-1,
217,195,196,-1,
217,218,195,-1,
216,196,197,-1,
216,197,198,-1,
216,198,215,-1,
216,217,196,-1,
250,221,222,-1,
250,222,223,-1,
249,223,224,-1,
249,250,223,-1,
248,224,225,-1,
248,249,224,-1,
247,225,226,-1,
247,248,225,-1,
246,226,227,-1,
246,247,226,-1,
245,227,228,-1,
245,246,227,-1,
244,228,229,-1,
244,245,228,-1,
243,229,230,-1,
243,244,229,-1,
242,230,231,-1,
242,243,230,-1,
241,231,232,-1,
241,242,231,-1,
240,232,233,-1,
240,241,232,-1,
239,233,234,-1,
239,240,233,-1,
238,234,235,-1,
238,239,234,-1,
237,235,236,-1,
237,238,235,-1,
253,251,252,-1,
253,280,251,-1,
254,279,280,-1,
254,280,253,-1,
255,278,279,-1,
255,279,254,-1,
256,277,278,-1,
256,278,255,-1,
257,276,277,-1,
257,277,256,-1,
258,275,276,-1,
258,276,257,-1,
259,274,275,-1,
259,275,258,-1,
260,273,274,-1,
260,274,259,-1,
261,272,273,-1,
261,273,260,-1,
271,261,262,-1,
271,272,261,-1,
270,262,263,-1,
270,271,262,-1,
269,263,264,-1,
269,270,263,-1,
268,264,265,-1,
268,269,264,-1,
267,265,266,-1,
267,268,265,-1,
284,283,281,-1,
282,284,281,-1,
285,286,288,-1,
287,285,288,-1,
289,290,292,-1,
291,289,292,-1,
296,295,293,-1,
294,296,293,-1,
299,297,298,-1,
299,300,297,-1,
302,303,301,-1,
303,304,301,-1,
304,305,301,-1,
305,306,301,-1,
306,307,301,-1,
307,308,301,-1,
309,301,310,-1,
311,312,310,-1,
312,313,310,-1,
313,314,310,-1,
314,315,310,-1,
315,316,310,-1,
316,309,310,-1,
301,308,310,-1,
310,308,326,-1,
328,329,330,-1,
327,328,331,-1,
328,330,331,-1,
326,327,325,-1,
331,332,325,-1,
327,331,325,-1,
325,318,317,-1,
310,326,317,-1,
326,325,317,-1,
319,320,321,-1,
318,319,322,-1,
323,324,322,-1,
324,317,322,-1,
317,318,322,-1,
319,321,322,-1,
334,333,341,-1,
334,341,348,-1,
335,348,347,-1,
335,334,348,-1,
336,347,346,-1,
336,335,347,-1,
337,346,345,-1,
337,336,346,-1,
338,345,344,-1,
338,337,345,-1,
339,344,343,-1,
339,338,344,-1,
340,343,342,-1,
340,339,343,-1,
391,355,356,-1,
391,356,370,-1,
392,354,355,-1,
392,355,391,-1,
393,353,354,-1,
393,354,392,-1,
394,352,353,-1,
394,353,393,-1,
395,351,352,-1,
395,352,394,-1,
396,349,350,-1,
396,351,395,-1,
396,350,351,-1,
396,378,349,-1,
397,370,369,-1,
397,391,370,-1,
398,391,397,-1,
398,392,391,-1,
399,393,392,-1,
399,392,398,-1,
400,393,399,-1,
400,394,393,-1,
401,394,400,-1,
401,395,394,-1,
402,395,401,-1,
402,379,378,-1,
402,396,395,-1,
402,378,396,-1,
403,369,368,-1,
403,397,369,-1,
404,397,403,-1,
404,398,397,-1,
405,398,404,-1,
405,399,398,-1,
406,399,405,-1,
406,400,399,-1,
407,401,400,-1,
407,400,406,-1,
408,379,402,-1,
408,401,407,-1,
408,380,379,-1,
408,402,401,-1,
409,368,367,-1,
409,403,368,-1,
410,403,409,-1,
410,404,403,-1,
411,404,410,-1,
411,405,404,-1,
412,406,405,-1,
412,405,411,-1,
413,406,412,-1,
413,407,406,-1,
414,381,380,-1,
414,380,408,-1,
414,407,413,-1,
414,408,407,-1,
415,367,366,-1,
415,409,367,-1,
416,410,409,-1,
416,409,415,-1,
417,411,410,-1,
417,410,416,-1,
418,412,411,-1,
418,411,417,-1,
419,412,418,-1,
419,413,412,-1,
420,382,381,-1,
420,381,414,-1,
420,414,413,-1,
420,413,419,-1,
421,366,365,-1,
421,415,366,-1,
422,416,415,-1,
422,415,421,-1,
423,417,416,-1,
423,416,422,-1,
424,418,417,-1,
424,417,423,-1,
425,418,424,-1,
425,419,418,-1,
426,383,382,-1,
426,382,420,-1,
426,420,419,-1,
426,419,425,-1,
427,365,364,-1,
427,421,365,-1,
428,422,421,-1,
428,421,427,-1,
429,423,422,-1,
429,422,428,-1,
430,424,423,-1,
430,423,429,-1,
431,425,424,-1,
431,424,430,-1,
432,425,431,-1,
432,384,383,-1,
432,383,426,-1,
432,426,425,-1,
433,364,363,-1,
433,427,364,-1,
434,428,427,-1,
434,427,433,-1,
435,428,434,-1,
435,429,428,-1,
436,429,435,-1,
436,430,429,-1,
437,431,430,-1,
437,430,436,-1,
438,431,437,-1,
438,384,432,-1,
438,385,384,-1,
438,432,431,-1,
439,363,362,-1,
439,433,363,-1,
440,434,433,-1,
440,433,439,-1,
441,435,434,-1,
441,434,440,-1,
442,435,441,-1,
442,436,435,-1,
443,436,442,-1,
443,437,436,-1,
444,437,443,-1,
444,438,437,-1,
444,385,438,-1,
444,386,385,-1,
445,362,361,-1,
445,439,362,-1,
446,439,445,-1,
446,440,439,-1,
447,441,440,-1,
447,440,446,-1,
448,442,441,-1,
448,441,447,-1,
449,443,442,-1,
449,442,448,-1,
450,444,443,-1,
450,387,386,-1,
450,386,444,-1,
450,443,449,-1,
451,361,360,-1,
451,445,361,-1,
452,445,451,-1,
452,446,445,-1,
453,447,446,-1,
453,446,452,-1,
454,447,453,-1,
454,448,447,-1,
455,449,448,-1,
455,448,454,-1,
456,388,387,-1,
456,387,450,-1,
456,449,455,-1,
456,450,449,-1,
457,360,359,-1,
457,451,360,-1,
458,451,457,-1,
458,452,451,-1,
459,453,452,-1,
459,452,458,-1,
460,454,453,-1,
460,453,459,-1,
461,455,454,-1,
461,454,460,-1,
462,389,388,-1,
462,388,456,-1,
462,456,455,-1,
462,455,461,-1,
463,358,357,-1,
463,359,358,-1,
463,357,377,-1,
463,457,359,-1,
464,463,377,-1,
464,377,376,-1,
464,458,457,-1,
464,457,463,-1,
465,458,464,-1,
465,375,374,-1,
465,376,375,-1,
465,459,458,-1,
465,464,376,-1,
466,459,465,-1,
466,460,459,-1,
466,465,374,-1,
467,460,466,-1,
467,374,373,-1,
467,466,374,-1,
467,461,460,-1,
468,461,467,-1,
468,372,371,-1,
468,373,372,-1,
468,390,389,-1,
468,371,390,-1,
468,467,373,-1,
468,389,462,-1,
468,462,461,-1,
470,469,477,-1,
470,477,484,-1,
471,484,483,-1,
471,470,484,-1,
472,483,482,-1,
472,471,483,-1,
473,482,481,-1,
473,472,482,-1,
474,481,480,-1,
474,473,481,-1,
475,480,479,-1,
475,474,480,-1,
476,479,478,-1,
476,475,479,-1,
495,485,486,-1,
495,494,485,-1,
496,486,487,-1,
496,495,486,-1,
497,487,488,-1,
497,496,487,-1,
498,488,489,-1,
498,497,488,-1,
499,489,490,-1,
499,498,489,-1,
500,490,491,-1,
500,499,490,-1,
493,491,492,-1,
493,500,491,-1,
502,501,509,-1,
502,509,516,-1,
503,516,515,-1,
503,502,516,-1,
504,515,514,-1,
504,503,515,-1,
505,514,513,-1,
505,504,514,-1,
506,513,512,-1,
506,505,513,-1,
507,512,511,-1,
507,506,512,-1,
508,511,510,-1,
508,507,511,-1,
559,540,539,-1,
559,539,558,-1,
560,540,559,-1,
560,541,540,-1,
561,542,541,-1,
561,541,560,-1,
562,543,542,-1,
562,542,561,-1,
563,543,562,-1,
563,544,543,-1,
564,526,525,-1,
564,545,544,-1,
564,525,545,-1,
564,544,563,-1,
565,558,557,-1,
565,559,558,-1,
566,559,565,-1,
566,560,559,-1,
567,561,560,-1,
567,560,566,-1,
568,561,567,-1,
568,562,561,-1,
569,563,562,-1,
569,562,568,-1,
570,527,526,-1,
570,526,564,-1,
570,564,563,-1,
570,563,569,-1,
571,557,556,-1,
571,565,557,-1,
572,565,571,-1,
572,566,565,-1,
573,566,572,-1,
573,567,566,-1,
574,567,573,-1,
574,568,567,-1,
575,569,568,-1,
575,568,574,-1,
576,528,527,-1,
576,570,569,-1,
576,569,575,-1,
576,527,570,-1,
577,556,555,-1,
577,571,556,-1,
578,571,577,-1,
578,572,571,-1,
579,572,578,-1,
579,573,572,-1,
580,573,579,-1,
580,574,573,-1,
581,575,574,-1,
581,574,580,-1,
582,528,576,-1,
582,529,528,-1,
582,575,581,-1,
582,576,575,-1,
583,555,554,-1,
583,577,555,-1,
584,578,577,-1,
584,577,583,-1,
585,579,578,-1,
585,578,584,-1,
586,580,579,-1,
586,579,585,-1,
587,581,580,-1,
587,580,586,-1,
588,530,529,-1,
588,582,581,-1,
588,529,582,-1,
588,581,587,-1,
589,554,553,-1,
589,583,554,-1,
590,584,583,-1,
590,583,589,-1,
591,584,590,-1,
591,585,584,-1,
592,586,585,-1,
592,585,591,-1,
593,587,586,-1,
593,586,592,-1,
594,531,530,-1,
594,530,588,-1,
594,588,587,-1,
594,587,593,-1,
595,553,552,-1,
595,589,553,-1,
596,590,589,-1,
596,589,595,-1,
597,591,590,-1,
597,590,596,-1,
598,592,591,-1,
598,591,597,-1,
599,593,592,-1,
599,592,598,-1,
600,593,599,-1,
600,532,531,-1,
600,531,594,-1,
600,594,593,-1,
601,552,551,-1,
601,595,552,-1,
602,596,595,-1,
602,595,601,-1,
603,596,602,-1,
603,597,596,-1,
604,597,603,-1,
604,598,597,-1,
605,599,598,-1,
605,598,604,-1,
606,599,605,-1,
606,533,532,-1,
606,532,600,-1,
606,600,599,-1,
607,551,550,-1,
607,601,551,-1,
608,601,607,-1,
608,602,601,-1,
609,603,602,-1,
609,602,608,-1,
610,603,609,-1,
610,604,603,-1,
611,605,604,-1,
611,604,610,-1,
612,533,606,-1,
612,606,605,-1,
612,534,533,-1,
612,605,611,-1,
613,550,549,-1,
613,607,550,-1,
614,608,607,-1,
614,607,613,-1,
615,608,614,-1,
615,609,608,-1,
616,609,615,-1,
616,610,609,-1,
617,610,616,-1,
617,611,610,-1,
618,535,534,-1,
618,534,612,-1,
618,612,611,-1,
618,611,617,-1,
619,549,548,-1,
619,613,549,-1,
620,614,613,-1,
620,613,619,-1,
621,615,614,-1,
621,614,620,-1,
622,615,621,-1,
622,616,615,-1,
623,617,616,-1,
623,618,617,-1,
623,616,622,-1,
624,536,535,-1,
624,535,618,-1,
624,618,623,-1,
625,619,548,-1,
625,548,547,-1,
626,620,619,-1,
626,619,625,-1,
627,621,620,-1,
627,620,626,-1,
628,622,621,-1,
628,621,627,-1,
629,622,628,-1,
629,623,622,-1,
630,537,536,-1,
630,536,624,-1,
630,624,623,-1,
630,623,629,-1,
631,517,518,-1,
631,625,547,-1,
631,546,517,-1,
631,547,546,-1,
632,518,519,-1,
632,626,625,-1,
632,625,631,-1,
632,631,518,-1,
633,519,520,-1,
633,626,632,-1,
633,627,626,-1,
633,632,519,-1,
634,627,633,-1,
634,520,521,-1,
634,628,627,-1,
634,633,520,-1,
635,521,522,-1,
635,628,634,-1,
635,634,521,-1,
635,629,628,-1,
636,522,523,-1,
636,635,522,-1,
636,523,524,-1,
636,629,635,-1,
636,538,537,-1,
636,524,538,-1,
636,537,630,-1,
636,630,629,-1,
677,659,658,-1,
677,658,676,-1,
678,659,677,-1,
678,660,659,-1,
679,661,660,-1,
679,660,678,-1,
680,662,661,-1,
680,661,679,-1,
681,663,662,-1,
681,662,680,-1,
682,646,645,-1,
682,664,663,-1,
682,645,664,-1,
682,663,681,-1,
683,676,675,-1,
683,677,676,-1,
684,677,683,-1,
684,678,677,-1,
685,679,678,-1,
685,678,684,-1,
686,680,679,-1,
686,679,685,-1,
687,681,680,-1,
687,680,686,-1,
688,647,646,-1,
688,646,682,-1,
688,681,687,-1,
688,682,681,-1,
689,675,674,-1,
689,683,675,-1,
690,684,683,-1,
690,683,689,-1,
691,685,684,-1,
691,684,690,-1,
692,686,685,-1,
692,685,691,-1,
693,686,692,-1,
693,687,686,-1,
694,688,687,-1,
694,647,688,-1,
694,648,647,-1,
694,687,693,-1,
695,674,673,-1,
695,689,674,-1,
696,689,695,-1,
696,690,689,-1,
697,690,696,-1,
697,691,690,-1,
698,691,697,-1,
698,692,691,-1,
699,692,698,-1,
699,693,692,-1,
700,649,648,-1,
700,648,694,-1,
700,694,693,-1,
700,693,699,-1,
701,673,672,-1,
701,695,673,-1,
702,696,695,-1,
702,695,701,-1,
703,697,696,-1,
703,696,702,-1,
704,698,697,-1,
704,697,703,-1,
705,698,704,-1,
705,699,698,-1,
706,650,649,-1,
706,649,700,-1,
706,700,699,-1,
706,699,705,-1,
707,672,671,-1,
707,701,672,-1,
708,702,701,-1,
708,701,707,-1,
709,703,702,-1,
709,702,708,-1,
710,704,703,-1,
710,703,709,-1,
711,705,704,-1,
711,704,710,-1,
712,651,650,-1,
712,650,706,-1,
712,706,705,-1,
712,705,711,-1,
713,671,670,-1,
713,707,671,-1,
714,708,707,-1,
714,707,713,-1,
715,709,708,-1,
715,708,714,-1,
716,710,709,-1,
716,709,715,-1,
717,711,710,-1,
717,710,716,-1,
718,652,651,-1,
718,651,712,-1,
718,712,711,-1,
718,711,717,-1,
719,670,669,-1,
719,713,670,-1,
720,713,719,-1,
720,714,713,-1,
721,714,720,-1,
721,715,714,-1,
722,715,721,-1,
722,716,715,-1,
723,716,722,-1,
723,717,716,-1,
724,718,717,-1,
724,717,723,-1,
724,653,652,-1,
724,652,718,-1,
725,669,668,-1,
725,719,669,-1,
726,720,719,-1,
726,719,725,-1,
727,721,720,-1,
727,720,726,-1,
728,722,721,-1,
728,721,727,-1,
729,723,722,-1,
729,722,728,-1,
730,723,729,-1,
730,654,653,-1,
730,653,724,-1,
730,724,723,-1,
731,725,668,-1,
731,668,667,-1,
732,725,731,-1,
732,726,725,-1,
733,727,726,-1,
733,726,732,-1,
734,728,727,-1,
734,727,733,-1,
735,729,728,-1,
735,728,734,-1,
736,654,730,-1,
736,655,654,-1,
736,730,729,-1,
736,729,735,-1,
737,667,666,-1,
737,731,667,-1,
738,731,737,-1,
738,732,731,-1,
739,732,738,-1,
739,733,732,-1,
740,734,733,-1,
740,733,739,-1,
741,735,734,-1,
741,734,740,-1,
742,656,655,-1,
742,655,736,-1,
742,736,735,-1,
742,735,741,-1,
743,637,638,-1,
743,665,637,-1,
743,666,665,-1,
743,737,666,-1,
744,638,639,-1,
744,738,737,-1,
744,743,638,-1,
744,737,743,-1,
745,639,640,-1,
745,744,639,-1,
745,738,744,-1,
745,739,738,-1,
746,640,641,-1,
746,740,739,-1,
746,745,640,-1,
746,739,745,-1,
747,641,642,-1,
747,740,746,-1,
747,741,740,-1,
747,746,641,-1,
748,642,643,-1,
748,643,644,-1,
748,657,656,-1,
748,644,657,-1,
748,656,742,-1,
748,742,741,-1,
748,747,642,-1,
748,741,747,-1,
791,755,756,-1,
791,756,770,-1,
792,754,755,-1,
792,755,791,-1,
793,753,754,-1,
793,754,792,-1,
794,752,753,-1,
794,753,793,-1,
795,751,752,-1,
795,752,794,-1,
796,749,750,-1,
796,750,751,-1,
796,751,795,-1,
796,778,749,-1,
797,770,769,-1,
797,791,770,-1,
798,791,797,-1,
798,792,791,-1,
799,793,792,-1,
799,792,798,-1,
800,793,799,-1,
800,794,793,-1,
801,795,794,-1,
801,794,800,-1,
802,779,778,-1,
802,796,795,-1,
802,778,796,-1,
802,795,801,-1,
803,769,768,-1,
803,797,769,-1,
804,797,803,-1,
804,798,797,-1,
805,798,804,-1,
805,799,798,-1,
806,799,805,-1,
806,800,799,-1,
807,801,800,-1,
807,800,806,-1,
808,801,807,-1,
808,780,779,-1,
808,802,801,-1,
808,779,802,-1,
809,768,767,-1,
809,803,768,-1,
810,804,803,-1,
810,803,809,-1,
811,804,810,-1,
811,805,804,-1,
812,805,811,-1,
812,806,805,-1,
813,807,806,-1,
813,806,812,-1,
814,780,808,-1,
814,781,780,-1,
814,807,813,-1,
814,808,807,-1,
815,767,766,-1,
815,809,767,-1,
816,810,809,-1,
816,809,815,-1,
817,811,810,-1,
817,810,816,-1,
818,811,817,-1,
818,812,811,-1,
819,813,812,-1,
819,812,818,-1,
820,781,814,-1,
820,782,781,-1,
820,814,813,-1,
820,813,819,-1,
821,766,765,-1,
821,815,766,-1,
822,816,815,-1,
822,815,821,-1,
823,816,822,-1,
823,817,816,-1,
824,818,817,-1,
824,817,823,-1,
825,819,818,-1,
825,818,824,-1,
826,783,782,-1,
826,782,820,-1,
826,820,819,-1,
826,819,825,-1,
827,765,764,-1,
827,821,765,-1,
828,822,821,-1,
828,821,827,-1,
829,823,822,-1,
829,822,828,-1,
830,823,829,-1,
830,824,823,-1,
831,825,824,-1,
831,824,830,-1,
832,825,831,-1,
832,784,783,-1,
832,783,826,-1,
832,826,825,-1,
833,764,763,-1,
833,827,764,-1,
834,827,833,-1,
834,828,827,-1,
835,828,834,-1,
835,829,828,-1,
836,829,835,-1,
836,830,829,-1,
837,831,830,-1,
837,830,836,-1,
838,785,784,-1,
838,784,832,-1,
838,831,837,-1,
838,832,831,-1,
839,763,762,-1,
839,833,763,-1,
840,833,839,-1,
840,834,833,-1,
841,835,834,-1,
841,834,840,-1,
842,835,841,-1,
842,836,835,-1,
843,837,836,-1,
843,836,842,-1,
844,785,838,-1,
844,838,837,-1,
844,837,843,-1,
844,786,785,-1,
845,762,761,-1,
845,839,762,-1,
846,840,839,-1,
846,839,845,-1,
847,841,840,-1,
847,840,846,-1,
848,842,841,-1,
848,841,847,-1,
849,843,842,-1,
849,842,848,-1,
850,787,786,-1,
850,844,843,-1,
850,786,844,-1,
850,843,849,-1,
851,845,761,-1,
851,761,760,-1,
852,846,845,-1,
852,845,851,-1,
853,847,846,-1,
853,846,852,-1,
854,847,853,-1,
854,848,847,-1,
855,849,848,-1,
855,848,854,-1,
856,788,787,-1,
856,787,850,-1,
856,850,849,-1,
856,849,855,-1,
857,851,760,-1,
857,760,759,-1,
858,852,851,-1,
858,851,857,-1,
859,852,858,-1,
859,853,852,-1,
860,854,853,-1,
860,853,859,-1,
861,855,854,-1,
861,854,860,-1,
862,789,788,-1,
862,788,856,-1,
862,856,855,-1,
862,855,861,-1,
863,758,757,-1,
863,759,758,-1,
863,757,777,-1,
863,857,759,-1,
864,857,863,-1,
864,863,777,-1,
864,777,776,-1,
864,858,857,-1,
865,864,776,-1,
865,776,775,-1,
865,859,858,-1,
865,858,864,-1,
866,865,775,-1,
866,859,865,-1,
866,775,774,-1,
866,860,859,-1,
867,860,866,-1,
867,774,773,-1,
867,866,774,-1,
867,861,860,-1,
868,861,867,-1,
868,772,771,-1,
868,773,772,-1,
868,867,773,-1,
868,790,789,-1,
868,771,790,-1,
868,789,862,-1,
868,862,861,-1,
879,869,870,-1,
879,878,869,-1,
880,870,871,-1,
880,879,870,-1,
881,871,872,-1,
881,880,871,-1,
882,872,873,-1,
882,881,872,-1,
883,873,874,-1,
883,882,873,-1,
884,874,875,-1,
884,883,874,-1,
877,875,876,-1,
877,884,875,-1,
895,885,886,-1,
895,894,885,-1,
896,886,887,-1,
896,895,886,-1,
897,887,888,-1,
897,896,887,-1,
898,888,889,-1,
898,897,888,-1,
899,889,890,-1,
899,898,889,-1,
900,890,891,-1,
900,899,890,-1,
893,891,892,-1,
893,900,891,-1,
911,901,902,-1,
911,902,903,-1,
911,910,901,-1,
912,903,904,-1,
912,911,903,-1,
913,904,905,-1,
913,912,904,-1,
914,905,906,-1,
914,913,905,-1,
915,906,907,-1,
915,914,906,-1,
916,907,908,-1,
916,915,907,-1,
909,916,908,-1,
944,926,925,-1,
957,923,924,-1,
957,924,937,-1,
958,922,923,-1,
958,923,957,-1,
959,921,922,-1,
959,922,958,-1,
960,920,921,-1,
960,921,959,-1,
961,919,920,-1,
961,920,960,-1,
962,917,918,-1,
962,919,961,-1,
962,918,919,-1,
962,945,917,-1,
963,937,936,-1,
963,957,937,-1,
964,958,957,-1,
964,957,963,-1,
965,959,958,-1,
965,958,964,-1,
966,959,965,-1,
966,960,959,-1,
967,961,960,-1,
967,960,966,-1,
968,946,945,-1,
968,961,967,-1,
968,962,961,-1,
968,945,962,-1,
969,936,935,-1,
969,963,936,-1,
970,963,969,-1,
970,964,963,-1,
971,964,970,-1,
971,965,964,-1,
972,965,971,-1,
972,966,965,-1,
973,966,972,-1,
973,967,966,-1,
974,967,973,-1,
974,947,946,-1,
974,946,968,-1,
974,968,967,-1,
975,935,934,-1,
975,969,935,-1,
976,969,975,-1,
976,970,969,-1,
977,970,976,-1,
977,971,970,-1,
978,971,977,-1,
978,972,971,-1,
979,972,978,-1,
979,973,972,-1,
980,974,973,-1,
980,947,974,-1,
980,948,947,-1,
980,973,979,-1,
981,934,933,-1,
981,975,934,-1,
982,976,975,-1,
982,975,981,-1,
983,977,976,-1,
983,976,982,-1,
984,978,977,-1,
984,977,983,-1,
985,979,978,-1,
985,978,984,-1,
986,949,948,-1,
986,948,980,-1,
986,980,979,-1,
986,979,985,-1,
987,933,932,-1,
987,981,933,-1,
988,982,981,-1,
988,981,987,-1,
989,983,982,-1,
989,982,988,-1,
990,983,989,-1,
990,984,983,-1,
991,985,984,-1,
991,984,990,-1,
992,950,949,-1,
992,949,986,-1,
992,986,985,-1,
992,985,991,-1,
993,932,931,-1,
993,987,932,-1,
994,988,987,-1,
994,987,993,-1,
995,989,988,-1,
995,988,994,-1,
996,990,989,-1,
996,989,995,-1,
997,990,996,-1,
997,991,990,-1,
998,951,950,-1,
998,950,992,-1,
998,992,991,-1,
998,991,997,-1,
999,931,930,-1,
999,993,931,-1,
1000,993,999,-1,
1000,994,993,-1,
1001,994,1000,-1,
1001,995,994,-1,
1002,995,1001,-1,
1002,996,995,-1,
1003,996,1002,-1,
1003,997,996,-1,
1004,997,1003,-1,
1004,952,951,-1,
1004,951,998,-1,
1004,998,997,-1,
1005,930,929,-1,
1005,999,930,-1,
1006,999,1005,-1,
1006,1000,999,-1,
1007,1000,1006,-1,
1007,1001,1000,-1,
1008,1002,1001,-1,
1008,1001,1007,-1,
1009,1003,1002,-1,
1009,1002,1008,-1,
1010,1003,1009,-1,
1010,1004,1003,-1,
1010,952,1004,-1,
1010,953,952,-1,
1011,929,928,-1,
1011,1005,929,-1,
1012,1006,1005,-1,
1012,1005,1011,-1,
1013,1007,1006,-1,
1013,1006,1012,-1,
1014,1008,1007,-1,
1014,1007,1013,-1,
1015,1008,1014,-1,
1015,1009,1008,-1,
1016,1010,1009,-1,
1016,953,1010,-1,
1016,954,953,-1,
1016,1009,1015,-1,
1017,928,927,-1,
1017,1011,928,-1,
1018,1012,1011,-1,
1018,1011,1017,-1,
1019,1012,1018,-1,
1019,1013,1012,-1,
1020,1014,1013,-1,
1020,1013,1019,-1,
1021,1015,1014,-1,
1021,1014,1020,-1,
1022,955,954,-1,
1022,954,1016,-1,
1022,1016,1015,-1,
1022,1015,1021,-1,
1023,927,926,-1,
1023,926,944,-1,
1023,1017,927,-1,
1024,1023,944,-1,
1024,944,943,-1,
1024,1018,1017,-1,
1024,1017,1023,-1,
1025,1018,1024,-1,
1025,943,942,-1,
1025,1019,1018,-1,
1025,1024,943,-1,
1026,942,941,-1,
1026,1025,942,-1,
1026,1020,1019,-1,
1026,1019,1025,-1,
1027,941,940,-1,
1027,1021,1020,-1,
1027,1026,941,-1,
1027,1020,1026,-1,
1028,939,938,-1,
1028,940,939,-1,
1028,956,955,-1,
1028,938,956,-1,
1028,955,1022,-1,
1028,1022,1021,-1,
1028,1027,940,-1,
1028,1021,1027,-1,
1054,1030,1029,-1,
1054,1029,1037,-1,
1055,1037,1038,-1,
1055,1054,1037,-1,
1056,1055,1038,-1,
1057,1031,1030,-1,
1057,1030,1054,-1,
1057,1054,1055,-1,
1058,1038,1039,-1,
1058,1056,1038,-1,
1059,1055,1056,-1,
1059,1057,1055,-1,
1060,1032,1031,-1,
1060,1031,1057,-1,
1061,1039,1040,-1,
1061,1058,1039,-1,
1062,1056,1058,-1,
1062,1059,1056,-1,
1063,1060,1057,-1,
1063,1057,1059,-1,
1064,1040,1041,-1,
1064,1061,1040,-1,
1065,1058,1061,-1,
1065,1062,1058,-1,
1066,1059,1062,-1,
1066,1063,1059,-1,
1067,1060,1063,-1,
1067,1032,1060,-1,
1068,1064,1041,-1,
1069,1065,1061,-1,
1069,1061,1064,-1,
1070,1062,1065,-1,
1070,1066,1062,-1,
1071,1063,1066,-1,
1071,1067,1063,-1,
1072,1041,1042,-1,
1072,1068,1041,-1,
1073,1033,1032,-1,
1073,1032,1067,-1,
1074,1064,1068,-1,
1074,1069,1064,-1,
1075,1065,1069,-1,
1075,1070,1065,-1,
1076,1066,1070,-1,
1076,1071,1066,-1,
1077,1036,1035,-1,
1077,1052,1036,-1,
1077,1053,1052,-1,
1077,1051,1053,-1,
1078,1042,1043,-1,
1078,1043,1050,-1,
1078,1072,1042,-1,
1079,1073,1067,-1,
1079,1067,1071,-1,
1080,1068,1072,-1,
1080,1074,1068,-1,
1081,1034,1033,-1,
1081,1033,1073,-1,
1082,1069,1074,-1,
1082,1075,1069,-1,
1083,1076,1070,-1,
1083,1070,1075,-1,
1084,1051,1077,-1,
1084,1077,1035,-1,
1085,1079,1071,-1,
1085,1071,1076,-1,
1086,1072,1078,-1,
1086,1050,1049,-1,
1086,1078,1050,-1,
1086,1080,1072,-1,
1087,1073,1079,-1,
1087,1081,1073,-1,
1088,1082,1074,-1,
1088,1074,1080,-1,
1089,1035,1034,-1,
1090,1083,1075,-1,
1090,1075,1082,-1,
1091,1084,1035,-1,
1091,1051,1084,-1,
1092,1085,1076,-1,
1092,1076,1083,-1,
1093,1087,1079,-1,
1093,1079,1085,-1,
1094,1080,1086,-1,
1094,1088,1080,-1,
1095,1089,1034,-1,
1095,1081,1087,-1,
1095,1034,1081,-1,
1096,1082,1088,-1,
1096,1090,1082,-1,
1097,1051,1091,-1,
1097,1035,1089,-1,
1097,1091,1035,-1,
1098,1092,1083,-1,
1098,1083,1090,-1,
1099,1085,1092,-1,
1099,1093,1085,-1,
1100,1049,1048,-1,
1100,1086,1049,-1,
1100,1094,1086,-1,
1101,1087,1093,-1,
1101,1095,1087,-1,
1102,1088,1094,-1,
1102,1096,1088,-1,
1103,1044,1051,-1,
1103,1051,1097,-1,
1103,1089,1095,-1,
1103,1097,1089,-1,
1104,1090,1096,-1,
1104,1098,1090,-1,
1105,1092,1098,-1,
1105,1099,1092,-1,
1106,1101,1093,-1,
1106,1093,1099,-1,
1107,1100,1048,-1,
1107,1094,1100,-1,
1107,1102,1094,-1,
1108,1095,1101,-1,
1108,1044,1103,-1,
1108,1103,1095,-1,
1109,1096,1102,-1,
1109,1104,1096,-1,
1110,1098,1104,-1,
1110,1105,1098,-1,
1111,1106,1099,-1,
1111,1099,1105,-1,
1112,1108,1101,-1,
1112,1044,1108,-1,
1112,1101,1106,-1,
1113,1102,1107,-1,
1113,1109,1102,-1,
1114,1110,1104,-1,
1114,1104,1109,-1,
1115,1111,1105,-1,
1115,1105,1110,-1,
1116,1106,1111,-1,
1116,1044,1112,-1,
1116,1112,1106,-1,
1117,1113,1107,-1,
1117,1048,1047,-1,
1117,1107,1048,-1,
1118,1109,1113,-1,
1118,1114,1109,-1,
1119,1110,1114,-1,
1119,1115,1110,-1,
1120,1111,1115,-1,
1120,1044,1116,-1,
1120,1116,1111,-1,
1121,1047,1046,-1,
1121,1113,1117,-1,
1121,1117,1047,-1,
1121,1118,1113,-1,
1122,1114,1118,-1,
1122,1119,1114,-1,
1123,1044,1120,-1,
1123,1115,1119,-1,
1123,1120,1115,-1,
1124,1118,1121,-1,
1124,1122,1118,-1,
1125,1044,1123,-1,
1125,1119,1122,-1,
1125,1123,1119,-1,
1126,1046,1045,-1,
1126,1121,1046,-1,
1126,1124,1121,-1,
1127,1044,1125,-1,
1127,1122,1124,-1,
1127,1125,1122,-1,
1128,1045,1044,-1,
1128,1044,1127,-1,
1128,1126,1045,-1,
1128,1124,1126,-1,
1128,1127,1124,-1,
1130,1157,1129,-1,
1169,1151,1150,-1,
1169,1150,1168,-1,
1170,1151,1169,-1,
1170,1152,1151,-1,
1171,1153,1152,-1,
1171,1152,1170,-1,
1172,1154,1153,-1,
1172,1153,1171,-1,
1173,1155,1154,-1,
1173,1154,1172,-1,
1174,1138,1137,-1,
1174,1156,1155,-1,
1174,1137,1156,-1,
1174,1155,1173,-1,
1175,1168,1167,-1,
1175,1169,1168,-1,
1176,1169,1175,-1,
1176,1170,1169,-1,
1177,1171,1170,-1,
1177,1170,1176,-1,
1178,1172,1171,-1,
1178,1171,1177,-1,
1179,1173,1172,-1,
1179,1172,1178,-1,
1180,1139,1138,-1,
1180,1138,1174,-1,
1180,1173,1179,-1,
1180,1174,1173,-1,
1181,1167,1166,-1,
1181,1175,1167,-1,
1182,1176,1175,-1,
1182,1175,1181,-1,
1183,1177,1176,-1,
1183,1176,1182,-1,
1184,1177,1183,-1,
1184,1178,1177,-1,
1185,1178,1184,-1,
1185,1179,1178,-1,
1186,1140,1139,-1,
1186,1180,1179,-1,
1186,1179,1185,-1,
1186,1139,1180,-1,
1187,1166,1165,-1,
1187,1181,1166,-1,
1188,1181,1187,-1,
1188,1182,1181,-1,
1189,1183,1182,-1,
1189,1182,1188,-1,
1190,1183,1189,-1,
1190,1184,1183,-1,
1191,1184,1190,-1,
1191,1185,1184,-1,
1192,1141,1140,-1,
1192,1140,1186,-1,
1192,1186,1185,-1,
1192,1185,1191,-1,
1193,1165,1164,-1,
1193,1187,1165,-1,
1194,1187,1193,-1,
1194,1188,1187,-1,
1195,1189,1188,-1,
1195,1188,1194,-1,
1196,1189,1195,-1,
1196,1190,1189,-1,
1197,1191,1190,-1,
1197,1190,1196,-1,
1198,1142,1141,-1,
1198,1141,1192,-1,
1198,1192,1191,-1,
1198,1191,1197,-1,
1199,1164,1163,-1,
1199,1193,1164,-1,
1200,1194,1193,-1,
1200,1193,1199,-1,
1201,1194,1200,-1,
1201,1195,1194,-1,
1202,1196,1195,-1,
1202,1195,1201,-1,
1203,1196,1202,-1,
1203,1197,1196,-1,
1204,1143,1142,-1,
1204,1142,1198,-1,
1204,1198,1197,-1,
1204,1197,1203,-1,
1205,1163,1162,-1,
1205,1199,1163,-1,
1206,1200,1199,-1,
1206,1199,1205,-1,
1207,1201,1200,-1,
1207,1200,1206,-1,
1208,1202,1201,-1,
1208,1201,1207,-1,
1209,1203,1202,-1,
1209,1202,1208,-1,
1210,1144,1143,-1,
1210,1143,1204,-1,
1210,1204,1203,-1,
1210,1203,1209,-1,
1211,1162,1161,-1,
1211,1205,1162,-1,
1212,1206,1205,-1,
1212,1205,1211,-1,
1213,1206,1212,-1,
1213,1207,1206,-1,
1214,1207,1213,-1,
1214,1208,1207,-1,
1215,1208,1214,-1,
1215,1209,1208,-1,
1216,1210,1209,-1,
1216,1209,1215,-1,
1216,1145,1144,-1,
1216,1144,1210,-1,
1217,1161,1160,-1,
1217,1211,1161,-1,
1218,1212,1211,-1,
1218,1211,1217,-1,
1219,1213,1212,-1,
1219,1212,1218,-1,
1220,1213,1219,-1,
1220,1214,1213,-1,
1221,1215,1214,-1,
1221,1214,1220,-1,
1222,1146,1145,-1,
1222,1145,1216,-1,
1222,1216,1215,-1,
1222,1215,1221,-1,
1223,1217,1160,-1,
1223,1160,1159,-1,
1224,1218,1217,-1,
1224,1217,1223,-1,
1225,1219,1218,-1,
1225,1218,1224,-1,
1226,1220,1219,-1,
1226,1219,1225,-1,
1227,1221,1220,-1,
1227,1220,1226,-1,
1228,1147,1146,-1,
1228,1146,1222,-1,
1228,1222,1221,-1,
1228,1221,1227,-1,
1229,1159,1158,-1,
1229,1223,1159,-1,
1230,1224,1223,-1,
1230,1223,1229,-1,
1231,1225,1224,-1,
1231,1224,1230,-1,
1232,1225,1231,-1,
1232,1226,1225,-1,
1233,1227,1226,-1,
1233,1226,1232,-1,
1234,1147,1228,-1,
1234,1148,1147,-1,
1234,1228,1227,-1,
1234,1227,1233,-1,
1235,1157,1130,-1,
1235,1158,1157,-1,
1235,1229,1158,-1,
1236,1130,1131,-1,
1236,1229,1235,-1,
1236,1230,1229,-1,
1236,1235,1130,-1,
1237,1131,1132,-1,
1237,1231,1230,-1,
1237,1236,1131,-1,
1237,1230,1236,-1,
1238,1132,1133,-1,
1238,1232,1231,-1,
1238,1237,1132,-1,
1238,1231,1237,-1,
1239,1133,1134,-1,
1239,1232,1238,-1,
1239,1238,1133,-1,
1239,1233,1232,-1,
1240,1134,1135,-1,
1240,1135,1136,-1,
1240,1148,1234,-1,
1240,1149,1148,-1,
1240,1136,1149,-1,
1240,1234,1233,-1,
1240,1239,1134,-1,
1240,1233,1239,-1,
1251,1241,1242,-1,
1251,1242,1243,-1,
1251,1250,1241,-1,
1252,1243,1244,-1,
1252,1251,1243,-1,
1253,1244,1245,-1,
1253,1252,1244,-1,
1254,1245,1246,-1,
1254,1253,1245,-1,
1255,1246,1247,-1,
1255,1254,1246,-1,
1256,1247,1248,-1,
1256,1255,1247,-1,
1249,1256,1248,-1,
1273,1276,1277,-1,
1274,1277,1278,-1,
1274,1273,1277,-1,
1275,1278,1257,-1,
1275,1274,1278,-1,
1266,1257,1258,-1,
1266,1275,1257,-1,
1267,1258,1259,-1,
1267,1266,1258,-1,
1268,1267,1259,-1,
1269,1259,1260,-1,
1269,1260,1261,-1,
1269,1268,1259,-1,
1270,1261,1262,-1,
1270,1269,1261,-1,
1271,1270,1262,-1,
1272,1262,1263,-1,
1272,1271,1262,-1,
1265,1263,1264,-1,
1265,1272,1263,-1,
1285,1286,1287,-1,
1285,1287,1294,-1,
1284,1294,1293,-1,
1284,1285,1294,-1,
1283,1293,1292,-1,
1283,1284,1293,-1,
1282,1292,1291,-1,
1282,1283,1292,-1,
1281,1291,1290,-1,
1281,1282,1291,-1,
1280,1290,1289,-1,
1280,1281,1290,-1,
1279,1289,1288,-1,
1279,1280,1289,-1,
1305,1295,1296,-1,
1305,1296,1297,-1,
1305,1304,1295,-1,
1306,1297,1298,-1,
1306,1305,1297,-1,
1307,1298,1299,-1,
1307,1306,1298,-1,
1308,1299,1300,-1,
1308,1307,1299,-1,
1309,1300,1301,-1,
1309,1308,1300,-1,
1310,1301,1302,-1,
1310,1309,1301,-1,
1303,1310,1302,-1,
1336,1321,1322,-1,
1336,1322,1323,-1,
1337,1323,1324,-1,
1337,1336,1323,-1,
1338,1337,1324,-1,
1339,1320,1321,-1,
1339,1336,1337,-1,
1339,1321,1336,-1,
1340,1324,1325,-1,
1340,1338,1324,-1,
1341,1339,1337,-1,
1341,1337,1338,-1,
1342,1319,1320,-1,
1342,1320,1339,-1,
1343,1325,1326,-1,
1343,1340,1325,-1,
1344,1338,1340,-1,
1344,1341,1338,-1,
1345,1342,1339,-1,
1345,1339,1341,-1,
1346,1326,1327,-1,
1346,1343,1326,-1,
1347,1344,1340,-1,
1347,1340,1343,-1,
1348,1345,1341,-1,
1348,1341,1344,-1,
1349,1342,1345,-1,
1349,1319,1342,-1,
1350,1346,1327,-1,
1351,1343,1346,-1,
1351,1347,1343,-1,
1352,1344,1347,-1,
1352,1348,1344,-1,
1353,1345,1348,-1,
1353,1349,1345,-1,
1354,1327,1328,-1,
1354,1350,1327,-1,
1355,1318,1319,-1,
1355,1319,1349,-1,
1356,1346,1350,-1,
1356,1351,1346,-1,
1357,1352,1347,-1,
1357,1347,1351,-1,
1358,1348,1352,-1,
1358,1353,1348,-1,
1359,1328,1329,-1,
1359,1329,1335,-1,
1359,1354,1328,-1,
1360,1355,1349,-1,
1360,1349,1353,-1,
1361,1350,1354,-1,
1361,1356,1350,-1,
1362,1351,1356,-1,
1362,1357,1351,-1,
1363,1358,1352,-1,
1363,1352,1357,-1,
1364,1353,1358,-1,
1364,1360,1353,-1,
1365,1359,1335,-1,
1365,1354,1359,-1,
1365,1335,1334,-1,
1365,1361,1354,-1,
1366,1355,1360,-1,
1366,1317,1318,-1,
1366,1318,1355,-1,
1367,1362,1356,-1,
1367,1356,1361,-1,
1368,1357,1362,-1,
1368,1363,1357,-1,
1369,1358,1363,-1,
1369,1364,1358,-1,
1370,1366,1360,-1,
1370,1360,1364,-1,
1371,1361,1365,-1,
1371,1367,1361,-1,
1372,1316,1317,-1,
1372,1317,1366,-1,
1373,1362,1367,-1,
1373,1368,1362,-1,
1374,1363,1368,-1,
1374,1369,1363,-1,
1375,1364,1369,-1,
1375,1370,1364,-1,
1376,1334,1333,-1,
1376,1365,1334,-1,
1376,1371,1365,-1,
1377,1372,1366,-1,
1377,1366,1370,-1,
1378,1367,1371,-1,
1378,1373,1367,-1,
1379,1368,1373,-1,
1379,1374,1368,-1,
1380,1369,1374,-1,
1380,1375,1369,-1,
1381,1370,1375,-1,
1381,1377,1370,-1,
1382,1378,1371,-1,
1382,1371,1376,-1,
1383,1315,1316,-1,
1383,1316,1372,-1,
1383,1372,1377,-1,
1384,1373,1378,-1,
1384,1379,1373,-1,
1385,1374,1379,-1,
1385,1380,1374,-1,
1386,1375,1380,-1,
1386,1381,1375,-1,
1387,1333,1332,-1,
1387,1376,1333,-1,
1387,1382,1376,-1,
1388,1315,1383,-1,
1388,1377,1381,-1,
1388,1383,1377,-1,
1389,1378,1382,-1,
1389,1384,1378,-1,
1390,1385,1379,-1,
1390,1379,1384,-1,
1391,1380,1385,-1,
1391,1386,1380,-1,
1392,1388,1381,-1,
1392,1315,1388,-1,
1392,1381,1386,-1,
1393,1382,1387,-1,
1393,1389,1382,-1,
1393,1387,1332,-1,
1394,1390,1384,-1,
1394,1384,1389,-1,
1395,1385,1390,-1,
1395,1391,1385,-1,
1396,1315,1392,-1,
1396,1392,1386,-1,
1396,1386,1391,-1,
1397,1394,1389,-1,
1397,1389,1393,-1,
1398,1395,1390,-1,
1398,1390,1394,-1,
1399,1315,1396,-1,
1399,1396,1391,-1,
1399,1391,1395,-1,
1400,1393,1332,-1,
1400,1397,1393,-1,
1400,1332,1331,-1,
1401,1394,1397,-1,
1401,1398,1394,-1,
1402,1315,1399,-1,
1402,1395,1398,-1,
1402,1399,1395,-1,
1403,1401,1397,-1,
1403,1397,1400,-1,
1403,1400,1331,-1,
1404,1398,1401,-1,
1404,1315,1402,-1,
1404,1402,1398,-1,
1405,1331,1330,-1,
1405,1403,1331,-1,
1406,1401,1403,-1,
1406,1315,1404,-1,
1406,1404,1401,-1,
1407,1314,1315,-1,
1407,1406,1403,-1,
1407,1315,1406,-1,
1407,1403,1405,-1,
1408,1405,1330,-1,
1408,1314,1407,-1,
1408,1407,1405,-1,
1409,1408,1330,-1,
1409,1314,1408,-1,
1410,1311,1312,-1,
1410,1312,1313,-1,
1410,1313,1314,-1,
1410,1330,1311,-1,
1410,1314,1409,-1,
1410,1409,1330,-1,
1432,1411,1412,-1,
1432,1426,1411,-1,
1433,1412,1413,-1,
1433,1432,1412,-1,
1434,1433,1413,-1,
1435,1427,1426,-1,
1435,1432,1433,-1,
1435,1426,1432,-1,
1436,1413,1414,-1,
1436,1434,1413,-1,
1437,1433,1434,-1,
1437,1435,1433,-1,
1438,1428,1427,-1,
1438,1427,1435,-1,
1439,1414,1415,-1,
1439,1436,1414,-1,
1440,1437,1434,-1,
1440,1434,1436,-1,
1441,1435,1437,-1,
1441,1438,1435,-1,
1442,1415,1416,-1,
1442,1439,1415,-1,
1443,1436,1439,-1,
1443,1440,1436,-1,
1444,1437,1440,-1,
1444,1441,1437,-1,
1445,1428,1438,-1,
1445,1438,1441,-1,
1446,1442,1416,-1,
1447,1439,1442,-1,
1447,1443,1439,-1,
1448,1440,1443,-1,
1448,1444,1440,-1,
1449,1441,1444,-1,
1449,1445,1441,-1,
1450,1429,1428,-1,
1450,1428,1445,-1,
1451,1416,1417,-1,
1451,1446,1416,-1,
1452,1442,1446,-1,
1452,1447,1442,-1,
1453,1443,1447,-1,
1453,1448,1443,-1,
1454,1444,1448,-1,
1454,1449,1444,-1,
1455,1445,1449,-1,
1455,1450,1445,-1,
1456,1417,1418,-1,
1456,1418,1419,-1,
1456,1451,1417,-1,
1457,1446,1451,-1,
1457,1452,1446,-1,
1458,1447,1452,-1,
1458,1453,1447,-1,
1459,1454,1448,-1,
1459,1448,1453,-1,
1460,1455,1449,-1,
1460,1449,1454,-1,
1461,1450,1455,-1,
1461,1430,1429,-1,
1461,1429,1450,-1,
1462,1419,1420,-1,
1462,1456,1419,-1,
1462,1451,1456,-1,
1462,1457,1451,-1,
1463,1458,1452,-1,
1463,1452,1457,-1,
1464,1453,1458,-1,
1464,1459,1453,-1,
1465,1454,1459,-1,
1465,1460,1454,-1,
1466,1455,1460,-1,
1466,1461,1455,-1,
1467,1430,1461,-1,
1467,1431,1430,-1,
1468,1457,1462,-1,
1468,1463,1457,-1,
1469,1464,1458,-1,
1469,1458,1463,-1,
1470,1465,1459,-1,
1470,1459,1464,-1,
1471,1466,1460,-1,
1471,1460,1465,-1,
1472,1467,1461,-1,
1472,1461,1466,-1,
1473,1420,1421,-1,
1473,1468,1462,-1,
1473,1462,1420,-1,
1474,1463,1468,-1,
1474,1469,1463,-1,
1475,1464,1469,-1,
1475,1470,1464,-1,
1476,1465,1470,-1,
1476,1471,1465,-1,
1477,1466,1471,-1,
1477,1472,1466,-1,
1478,1425,1431,-1,
1478,1431,1467,-1,
1478,1467,1472,-1,
1479,1473,1421,-1,
1479,1468,1473,-1,
1479,1474,1468,-1,
1480,1475,1469,-1,
1480,1469,1474,-1,
1481,1470,1475,-1,
1481,1476,1470,-1,
1482,1471,1476,-1,
1482,1477,1471,-1,
1483,1425,1478,-1,
1483,1472,1477,-1,
1483,1478,1472,-1,
1484,1421,1422,-1,
1484,1479,1421,-1,
1484,1474,1479,-1,
1484,1480,1474,-1,
1485,1475,1480,-1,
1485,1481,1475,-1,
1486,1476,1481,-1,
1486,1482,1476,-1,
1487,1425,1483,-1,
1487,1477,1482,-1,
1487,1483,1477,-1,
1488,1422,1423,-1,
1488,1485,1480,-1,
1488,1484,1422,-1,
1488,1480,1484,-1,
1489,1486,1481,-1,
1489,1481,1485,-1,
1490,1482,1486,-1,
1490,1425,1487,-1,
1490,1487,1482,-1,
1491,1485,1488,-1,
1491,1489,1485,-1,
1492,1486,1489,-1,
1492,1490,1486,-1,
1492,1425,1490,-1,
1493,1423,1424,-1,
1493,1491,1488,-1,
1493,1488,1423,-1,
1494,1425,1492,-1,
1494,1424,1425,-1,
1494,1489,1491,-1,
1494,1492,1489,-1,
1495,1493,1424,-1,
1495,1491,1493,-1,
1495,1424,1494,-1,
1495,1494,1491,-1,
1506,1496,1497,-1,
1506,1505,1496,-1,
1507,1497,1498,-1,
1507,1506,1497,-1,
1508,1498,1499,-1,
1508,1507,1498,-1,
1509,1499,1500,-1,
1509,1508,1499,-1,
1510,1500,1501,-1,
1510,1509,1500,-1,
1511,1501,1502,-1,
1511,1502,1503,-1,
1511,1510,1501,-1,
1504,1511,1503,-1,
1519,1520,1527,-1,
1518,1527,1526,-1,
1518,1519,1527,-1,
1517,1526,1525,-1,
1517,1518,1526,-1,
1516,1525,1524,-1,
1516,1517,1525,-1,
1515,1524,1523,-1,
1515,1516,1524,-1,
1514,1523,1522,-1,
1514,1515,1523,-1,
1513,1522,1521,-1,
1513,1514,1522,-1,
1512,1529,1528,-1,
1512,1530,1529,-1,
1512,1521,1530,-1,
1512,1513,1521,-1,
1552,1538,1537,-1,
1552,1551,1538,-1,
1553,1537,1536,-1,
1553,1552,1537,-1,
1554,1553,1536,-1,
1555,1550,1551,-1,
1555,1551,1552,-1,
1555,1552,1553,-1,
1556,1536,1535,-1,
1556,1554,1536,-1,
1557,1553,1554,-1,
1557,1555,1553,-1,
1558,1535,1534,-1,
1558,1556,1535,-1,
1559,1557,1554,-1,
1559,1554,1556,-1,
1560,1549,1550,-1,
1560,1555,1557,-1,
1560,1550,1555,-1,
1561,1534,1533,-1,
1561,1558,1534,-1,
1562,1556,1558,-1,
1562,1559,1556,-1,
1563,1560,1557,-1,
1563,1557,1559,-1,
1564,1549,1560,-1,
1565,1561,1533,-1,
1566,1558,1561,-1,
1566,1562,1558,-1,
1567,1559,1562,-1,
1567,1563,1559,-1,
1568,1560,1563,-1,
1568,1564,1560,-1,
1569,1533,1532,-1,
1569,1565,1533,-1,
1570,1561,1565,-1,
1570,1566,1561,-1,
1571,1567,1562,-1,
1571,1562,1566,-1,
1572,1563,1567,-1,
1572,1568,1563,-1,
1573,1548,1549,-1,
1573,1549,1564,-1,
1573,1564,1568,-1,
1574,1532,1531,-1,
1574,1531,1539,-1,
1574,1569,1532,-1,
1575,1565,1569,-1,
1575,1570,1565,-1,
1576,1566,1570,-1,
1576,1571,1566,-1,
1577,1567,1571,-1,
1577,1572,1567,-1,
1578,1573,1568,-1,
1578,1568,1572,-1,
1579,1547,1548,-1,
1579,1548,1573,-1,
1580,1574,1539,-1,
1580,1569,1574,-1,
1580,1539,1540,-1,
1580,1575,1569,-1,
1581,1570,1575,-1,
1581,1576,1570,-1,
1582,1577,1571,-1,
1582,1571,1576,-1,
1583,1572,1577,-1,
1583,1578,1572,-1,
1584,1573,1578,-1,
1584,1547,1579,-1,
1584,1579,1573,-1,
1585,1575,1580,-1,
1585,1581,1575,-1,
1586,1576,1581,-1,
1586,1582,1576,-1,
1587,1583,1577,-1,
1587,1577,1582,-1,
1588,1584,1578,-1,
1588,1578,1583,-1,
1589,1546,1547,-1,
1589,1547,1584,-1,
1590,1540,1541,-1,
1590,1580,1540,-1,
1590,1585,1580,-1,
1591,1581,1585,-1,
1591,1586,1581,-1,
1592,1587,1582,-1,
1592,1582,1586,-1,
1593,1583,1587,-1,
1593,1588,1583,-1,
1594,1546,1589,-1,
1594,1584,1588,-1,
1594,1589,1584,-1,
1595,1590,1541,-1,
1595,1585,1590,-1,
1595,1591,1585,-1,
1596,1586,1591,-1,
1596,1592,1586,-1,
1597,1593,1587,-1,
1597,1587,1592,-1,
1598,1546,1594,-1,
1598,1588,1593,-1,
1598,1594,1588,-1,
1599,1591,1595,-1,
1599,1596,1591,-1,
1600,1592,1596,-1,
1600,1597,1592,-1,
1601,1593,1597,-1,
1601,1598,1593,-1,
1602,1541,1542,-1,
1602,1595,1541,-1,
1602,1599,1595,-1,
1603,1596,1599,-1,
1603,1600,1596,-1,
1604,1597,1600,-1,
1604,1601,1597,-1,
1605,1542,1543,-1,
1605,1602,1542,-1,
1605,1599,1602,-1,
1605,1603,1599,-1,
1606,1600,1603,-1,
1606,1604,1600,-1,
1607,1606,1603,-1,
1607,1603,1605,-1,
1608,1604,1606,-1,
1608,1545,1546,-1,
1608,1546,1598,-1,
1608,1601,1604,-1,
1608,1598,1601,-1,
1609,1607,1605,-1,
1609,1543,1544,-1,
1609,1605,1543,-1,
1610,1606,1607,-1,
1610,1545,1608,-1,
1610,1608,1606,-1,
1611,1610,1607,-1,
1611,1607,1609,-1,
1611,1545,1610,-1,
1611,1544,1545,-1,
1611,1609,1544,-1,
1618,1619,1620,-1,
1618,1620,1627,-1,
1617,1627,1626,-1,
1617,1618,1627,-1,
1616,1626,1625,-1,
1616,1617,1626,-1,
1615,1625,1624,-1,
1615,1616,1625,-1,
1614,1624,1623,-1,
1614,1615,1624,-1,
1613,1623,1622,-1,
1613,1614,1623,-1,
1612,1622,1621,-1,
1612,1613,1622,-1,
1629,1656,1628,-1,
1668,1650,1649,-1,
1668,1649,1667,-1,
1669,1650,1668,-1,
1669,1651,1650,-1,
1670,1652,1651,-1,
1670,1651,1669,-1,
1671,1653,1652,-1,
1671,1652,1670,-1,
1672,1654,1653,-1,
1672,1653,1671,-1,
1673,1637,1636,-1,
1673,1655,1654,-1,
1673,1636,1655,-1,
1673,1654,1672,-1,
1674,1667,1666,-1,
1674,1668,1667,-1,
1675,1668,1674,-1,
1675,1669,1668,-1,
1676,1670,1669,-1,
1676,1669,1675,-1,
1677,1671,1670,-1,
1677,1670,1676,-1,
1678,1672,1671,-1,
1678,1671,1677,-1,
1679,1638,1637,-1,
1679,1637,1673,-1,
1679,1672,1678,-1,
1679,1673,1672,-1,
1680,1666,1665,-1,
1680,1674,1666,-1,
1681,1675,1674,-1,
1681,1674,1680,-1,
1682,1676,1675,-1,
1682,1675,1681,-1,
1683,1676,1682,-1,
1683,1677,1676,-1,
1684,1677,1683,-1,
1684,1678,1677,-1,
1685,1639,1638,-1,
1685,1679,1678,-1,
1685,1678,1684,-1,
1685,1638,1679,-1,
1686,1665,1664,-1,
1686,1680,1665,-1,
1687,1680,1686,-1,
1687,1681,1680,-1,
1688,1682,1681,-1,
1688,1681,1687,-1,
1689,1682,1688,-1,
1689,1683,1682,-1,
1690,1683,1689,-1,
1690,1684,1683,-1,
1691,1640,1639,-1,
1691,1639,1685,-1,
1691,1685,1684,-1,
1691,1684,1690,-1,
1692,1664,1663,-1,
1692,1686,1664,-1,
1693,1686,1692,-1,
1693,1687,1686,-1,
1694,1688,1687,-1,
1694,1687,1693,-1,
1695,1688,1694,-1,
1695,1689,1688,-1,
1696,1690,1689,-1,
1696,1689,1695,-1,
1697,1641,1640,-1,
1697,1640,1691,-1,
1697,1691,1690,-1,
1697,1690,1696,-1,
1698,1663,1662,-1,
1698,1692,1663,-1,
1699,1693,1692,-1,
1699,1692,1698,-1,
1700,1693,1699,-1,
1700,1694,1693,-1,
1701,1695,1694,-1,
1701,1694,1700,-1,
1702,1695,1701,-1,
1702,1696,1695,-1,
1703,1642,1641,-1,
1703,1641,1697,-1,
1703,1697,1696,-1,
1703,1696,1702,-1,
1704,1662,1661,-1,
1704,1698,1662,-1,
1705,1699,1698,-1,
1705,1698,1704,-1,
1706,1700,1699,-1,
1706,1699,1705,-1,
1707,1701,1700,-1,
1707,1700,1706,-1,
1708,1702,1701,-1,
1708,1701,1707,-1,
1709,1643,1642,-1,
1709,1642,1703,-1,
1709,1703,1702,-1,
1709,1702,1708,-1,
1710,1661,1660,-1,
1710,1704,1661,-1,
1711,1705,1704,-1,
1711,1704,1710,-1,
1712,1705,1711,-1,
1712,1706,1705,-1,
1713,1706,1712,-1,
1713,1707,1706,-1,
1714,1707,1713,-1,
1714,1708,1707,-1,
1715,1709,1708,-1,
1715,1708,1714,-1,
1715,1644,1643,-1,
1715,1643,1709,-1,
1716,1660,1659,-1,
1716,1710,1660,-1,
1717,1711,1710,-1,
1717,1710,1716,-1,
1718,1712,1711,-1,
1718,1711,1717,-1,
1719,1712,1718,-1,
1719,1713,1712,-1,
1720,1714,1713,-1,
1720,1713,1719,-1,
1721,1645,1644,-1,
1721,1644,1715,-1,
1721,1715,1714,-1,
1721,1714,1720,-1,
1722,1716,1659,-1,
1722,1659,1658,-1,
1723,1717,1716,-1,
1723,1716,1722,-1,
1724,1718,1717,-1,
1724,1717,1723,-1,
1725,1719,1718,-1,
1725,1718,1724,-1,
1726,1720,1719,-1,
1726,1719,1725,-1,
1727,1646,1645,-1,
1727,1645,1721,-1,
1727,1721,1720,-1,
1727,1720,1726,-1,
1728,1658,1657,-1,
1728,1722,1658,-1,
1729,1723,1722,-1,
1729,1722,1728,-1,
1730,1724,1723,-1,
1730,1723,1729,-1,
1731,1724,1730,-1,
1731,1725,1724,-1,
1732,1726,1725,-1,
1732,1725,1731,-1,
1733,1646,1727,-1,
1733,1647,1646,-1,
1733,1727,1726,-1,
1733,1726,1732,-1,
1734,1656,1629,-1,
1734,1657,1656,-1,
1734,1728,1657,-1,
1735,1629,1630,-1,
1735,1728,1734,-1,
1735,1729,1728,-1,
1735,1734,1629,-1,
1736,1630,1631,-1,
1736,1730,1729,-1,
1736,1735,1630,-1,
1736,1729,1735,-1,
1737,1631,1632,-1,
1737,1730,1736,-1,
1737,1731,1730,-1,
1737,1736,1631,-1,
1738,1632,1633,-1,
1738,1737,1632,-1,
1738,1732,1731,-1,
1738,1731,1737,-1,
1739,1633,1634,-1,
1739,1634,1635,-1,
1739,1647,1733,-1,
1739,1648,1647,-1,
1739,1635,1648,-1,
1739,1733,1732,-1,
1739,1738,1633,-1,
1739,1732,1738,-1,
1746,1747,1748,-1,
1746,1748,1755,-1,
1745,1755,1754,-1,
1745,1746,1755,-1,
1744,1754,1753,-1,
1744,1745,1754,-1,
1743,1753,1752,-1,
1743,1744,1753,-1,
1742,1752,1751,-1,
1742,1743,1752,-1,
1741,1751,1750,-1,
1741,1742,1751,-1,
1740,1750,1749,-1,
1740,1741,1750,-1,
1798,1762,1763,-1,
1798,1763,1777,-1,
1799,1761,1762,-1,
1799,1762,1798,-1,
1800,1760,1761,-1,
1800,1761,1799,-1,
1801,1759,1760,-1,
1801,1760,1800,-1,
1802,1758,1759,-1,
1802,1759,1801,-1,
1803,1756,1757,-1,
1803,1757,1758,-1,
1803,1758,1802,-1,
1803,1785,1756,-1,
1804,1777,1776,-1,
1804,1798,1777,-1,
1805,1798,1804,-1,
1805,1799,1798,-1,
1806,1800,1799,-1,
1806,1799,1805,-1,
1807,1800,1806,-1,
1807,1801,1800,-1,
1808,1802,1801,-1,
1808,1801,1807,-1,
1809,1786,1785,-1,
1809,1803,1802,-1,
1809,1785,1803,-1,
1809,1802,1808,-1,
1810,1776,1775,-1,
1810,1804,1776,-1,
1811,1804,1810,-1,
1811,1805,1804,-1,
1812,1805,1811,-1,
1812,1806,1805,-1,
1813,1806,1812,-1,
1813,1807,1806,-1,
1814,1808,1807,-1,
1814,1807,1813,-1,
1815,1808,1814,-1,
1815,1787,1786,-1,
1815,1809,1808,-1,
1815,1786,1809,-1,
1816,1775,1774,-1,
1816,1810,1775,-1,
1817,1811,1810,-1,
1817,1810,1816,-1,
1818,1811,1817,-1,
1818,1812,1811,-1,
1819,1812,1818,-1,
1819,1813,1812,-1,
1820,1814,1813,-1,
1820,1813,1819,-1,
1821,1787,1815,-1,
1821,1788,1787,-1,
1821,1814,1820,-1,
1821,1815,1814,-1,
1822,1774,1773,-1,
1822,1816,1774,-1,
1823,1817,1816,-1,
1823,1816,1822,-1,
1824,1818,1817,-1,
1824,1817,1823,-1,
1825,1818,1824,-1,
1825,1819,1818,-1,
1826,1820,1819,-1,
1826,1819,1825,-1,
1827,1788,1821,-1,
1827,1789,1788,-1,
1827,1821,1820,-1,
1827,1820,1826,-1,
1828,1773,1772,-1,
1828,1822,1773,-1,
1829,1823,1822,-1,
1829,1822,1828,-1,
1830,1823,1829,-1,
1830,1824,1823,-1,
1831,1825,1824,-1,
1831,1824,1830,-1,
1832,1826,1825,-1,
1832,1825,1831,-1,
1833,1790,1789,-1,
1833,1789,1827,-1,
1833,1827,1826,-1,
1833,1826,1832,-1,
1834,1772,1771,-1,
1834,1828,1772,-1,
1835,1829,1828,-1,
1835,1828,1834,-1,
1836,1830,1829,-1,
1836,1829,1835,-1,
1837,1830,1836,-1,
1837,1831,1830,-1,
1838,1832,1831,-1,
1838,1831,1837,-1,
1839,1832,1838,-1,
1839,1791,1790,-1,
1839,1790,1833,-1,
1839,1833,1832,-1,
1840,1771,1770,-1,
1840,1834,1771,-1,
1841,1834,1840,-1,
1841,1835,1834,-1,
1842,1835,1841,-1,
1842,1836,1835,-1,
1843,1836,1842,-1,
1843,1837,1836,-1,
1844,1838,1837,-1,
1844,1837,1843,-1,
1845,1792,1791,-1,
1845,1791,1839,-1,
1845,1838,1844,-1,
1845,1839,1838,-1,
1846,1770,1769,-1,
1846,1840,1770,-1,
1847,1840,1846,-1,
1847,1841,1840,-1,
1848,1842,1841,-1,
1848,1841,1847,-1,
1849,1842,1848,-1,
1849,1843,1842,-1,
1850,1844,1843,-1,
1850,1843,1849,-1,
1851,1792,1845,-1,
1851,1845,1844,-1,
1851,1844,1850,-1,
1851,1793,1792,-1,
1852,1769,1768,-1,
1852,1846,1769,-1,
1853,1847,1846,-1,
1853,1846,1852,-1,
1854,1848,1847,-1,
1854,1847,1853,-1,
1855,1849,1848,-1,
1855,1848,1854,-1,
1856,1850,1849,-1,
1856,1849,1855,-1,
1857,1794,1793,-1,
1857,1851,1850,-1,
1857,1793,1851,-1,
1857,1850,1856,-1,
1858,1852,1768,-1,
1858,1768,1767,-1,
1859,1853,1852,-1,
1859,1852,1858,-1,
1860,1854,1853,-1,
1860,1853,1859,-1,
1861,1854,1860,-1,
1861,1855,1854,-1,
1862,1856,1855,-1,
1862,1855,1861,-1,
1863,1795,1794,-1,
1863,1794,1857,-1,
1863,1857,1856,-1,
1863,1856,1862,-1,
1864,1858,1767,-1,
1864,1767,1766,-1,
1865,1859,1858,-1,
1865,1858,1864,-1,
1866,1859,1865,-1,
1866,1860,1859,-1,
1867,1861,1860,-1,
1867,1860,1866,-1,
1868,1862,1861,-1,
1868,1861,1867,-1,
1869,1796,1795,-1,
1869,1795,1863,-1,
1869,1863,1862,-1,
1869,1862,1868,-1,
1870,1765,1764,-1,
1870,1766,1765,-1,
1870,1764,1784,-1,
1870,1864,1766,-1,
1871,1864,1870,-1,
1871,1870,1784,-1,
1871,1784,1783,-1,
1871,1865,1864,-1,
1872,1871,1783,-1,
1872,1783,1782,-1,
1872,1866,1865,-1,
1872,1865,1871,-1,
1873,1872,1782,-1,
1873,1866,1872,-1,
1873,1782,1781,-1,
1873,1867,1866,-1,
1874,1867,1873,-1,
1874,1781,1780,-1,
1874,1873,1781,-1,
1874,1868,1867,-1,
1875,1868,1874,-1,
1875,1779,1778,-1,
1875,1780,1779,-1,
1875,1874,1780,-1,
1875,1797,1796,-1,
1875,1778,1797,-1,
1875,1796,1869,-1,
1875,1869,1868,-1,
1886,1876,1877,-1,
1886,1885,1876,-1,
1887,1877,1878,-1,
1887,1886,1877,-1,
1888,1878,1879,-1,
1888,1887,1878,-1,
1889,1879,1880,-1,
1889,1888,1879,-1,
1890,1880,1881,-1,
1890,1889,1880,-1,
1891,1881,1882,-1,
1891,1890,1881,-1,
1884,1882,1883,-1,
1884,1891,1882,-1,
1901,1902,1908,-1,
1900,1908,1907,-1,
1900,1901,1908,-1,
1899,1907,1906,-1,
1899,1900,1907,-1,
1898,1906,1905,-1,
1898,1899,1906,-1,
1897,1905,1904,-1,
1897,1898,1905,-1,
1896,1904,1903,-1,
1896,1897,1904,-1,
1893,1903,1892,-1,
1894,1896,1903,-1,
1894,1903,1893,-1,
1895,1896,1894,-1,
1910,1911,1912,-1,
1910,1912,1909,-1,
1913,1914,1915,-1,
1913,1915,1916,-1,
1918,1919,1920,-1,
1918,1920,1917,-1,
1923,1921,1922,-1,
1923,1924,1921,-1,
1938,1939,1940,-1,
1938,1940,1941,-1,
1937,1941,1942,-1,
1937,1938,1941,-1,
1936,1942,1943,-1,
1936,1943,1944,-1,
1936,1937,1942,-1,
1935,1944,1945,-1,
1935,1936,1944,-1,
1934,1945,1946,-1,
1934,1935,1945,-1,
1933,1946,1947,-1,
1933,1934,1946,-1,
1932,1947,1948,-1,
1932,1933,1947,-1,
1931,1932,1948,-1,
1930,1948,1949,-1,
1930,1949,1950,-1,
1930,1931,1948,-1,
1929,1950,1951,-1,
1929,1930,1950,-1,
1928,1951,1952,-1,
1928,1929,1951,-1,
1927,1928,1952,-1,
1925,1952,1926,-1,
1925,1927,1952,-1,
1972,1962,1963,-1,
1972,1973,1962,-1,
1974,1961,1962,-1,
1974,1962,1973,-1,
1971,1963,1964,-1,
1971,1972,1963,-1,
1975,1960,1961,-1,
1975,1961,1974,-1,
1970,1964,1965,-1,
1970,1971,1964,-1,
1976,1959,1960,-1,
1976,1960,1975,-1,
1969,1965,1966,-1,
1969,1970,1965,-1,
1977,1958,1959,-1,
1977,1959,1976,-1,
1968,1966,1967,-1,
1968,1969,1966,-1,
1978,1957,1958,-1,
1978,1958,1977,-1,
1979,1956,1957,-1,
1979,1957,1978,-1,
1980,1955,1956,-1,
1980,1956,1979,-1,
1954,1953,1955,-1,
1954,1955,1980,-1,
1993,1994,1997,-1,
1994,1996,1997,-1,
1992,1993,1998,-1,
1993,1997,1998,-1,
1991,1992,1999,-1,
1992,1998,1999,-1,
1990,1991,2000,-1,
1991,1999,2000,-1,
1989,1990,2001,-1,
1990,2000,2001,-1,
1988,1989,2002,-1,
1989,2001,2002,-1,
1987,1988,2003,-1,
1988,2002,2003,-1,
1986,1987,2004,-1,
1987,2003,2004,-1,
1985,1986,2005,-1,
1986,2004,2005,-1,
1984,1985,2006,-1,
1985,2005,2006,-1,
1983,1984,2007,-1,
1984,2006,2007,-1,
1982,1983,2008,-1,
1983,2007,2008,-1,
1981,1982,1995,-1,
1982,2008,1995,-1,
2036,2009,2010,-1,
2036,2010,2011,-1,
2035,2011,2012,-1,
2035,2036,2011,-1,
2034,2012,2013,-1,
2034,2035,2012,-1,
2033,2013,2014,-1,
2033,2034,2013,-1,
2015,2032,2033,-1,
2015,2033,2014,-1,
2016,2031,2032,-1,
2016,2032,2015,-1,
2017,2030,2031,-1,
2017,2031,2016,-1,
2018,2029,2030,-1,
2018,2030,2017,-1,
2019,2028,2029,-1,
2019,2029,2018,-1,
2020,2027,2028,-1,
2020,2028,2019,-1,
2021,2026,2027,-1,
2021,2027,2020,-1,
2022,2025,2026,-1,
2022,2026,2021,-1,
2023,2024,2025,-1,
2023,2025,2022,-1,
2037,2039,2040,-1,
2037,2040,2038,-1,
2043,2042,2041,-1,
2043,2044,2042,-1,
2046,2047,2048,-1,
2046,2048,2045,-1,
2049,2050,2051,-1,
2049,2051,2052,-1,
2082,2068,2053,-1,
2081,2082,2054,-1,
2082,2053,2054,-1,
2080,2081,2055,-1,
2081,2054,2055,-1,
2079,2080,2056,-1,
2080,2055,2056,-1,
2078,2079,2057,-1,
2079,2056,2057,-1,
2077,2078,2058,-1,
2078,2057,2058,-1,
2076,2077,2059,-1,
2077,2058,2059,-1,
2075,2076,2060,-1,
2076,2059,2060,-1,
2074,2075,2061,-1,
2075,2060,2061,-1,
2074,2061,2062,-1,
2072,2073,2063,-1,
2073,2074,2063,-1,
2074,2062,2063,-1,
2072,2063,2064,-1,
2071,2072,2065,-1,
2072,2064,2065,-1,
2070,2071,2066,-1,
2071,2065,2066,-1,
2069,2070,2067,-1,
2070,2066,2067,-1,
2100,2097,2098,-1,
2100,2098,2099,-1,
2101,2096,2097,-1,
2101,2097,2100,-1,
2102,2095,2096,-1,
2102,2096,2101,-1,
2103,2094,2095,-1,
2103,2095,2102,-1,
2104,2093,2094,-1,
2104,2094,2103,-1,
2112,2084,2083,-1,
2112,2083,2085,-1,
2105,2092,2093,-1,
2105,2093,2104,-1,
2111,2085,2086,-1,
2111,2112,2085,-1,
2106,2091,2092,-1,
2106,2092,2105,-1,
2110,2086,2087,-1,
2110,2111,2086,-1,
2107,2090,2091,-1,
2107,2091,2106,-1,
2109,2087,2088,-1,
2109,2110,2087,-1,
2108,2088,2089,-1,
2108,2089,2090,-1,
2108,2090,2107,-1,
2108,2109,2088,-1,
2142,2113,2114,-1,
2142,2114,2115,-1,
2141,2115,2116,-1,
2141,2142,2115,-1,
2140,2116,2117,-1,
2140,2141,2116,-1,
2139,2117,2118,-1,
2139,2140,2117,-1,
2138,2118,2119,-1,
2138,2139,2118,-1,
2137,2119,2120,-1,
2137,2138,2119,-1,
2136,2120,2121,-1,
2136,2137,2120,-1,
2135,2121,2122,-1,
2135,2136,2121,-1,
2134,2122,2123,-1,
2134,2135,2122,-1,
2133,2123,2124,-1,
2133,2134,2123,-1,
2132,2124,2125,-1,
2132,2133,2124,-1,
2131,2125,2126,-1,
2131,2132,2125,-1,
2130,2126,2127,-1,
2130,2131,2126,-1,
2129,2127,2128,-1,
2129,2130,2127,-1,
2145,2143,2144,-1,
2145,2172,2143,-1,
2146,2171,2172,-1,
2146,2172,2145,-1,
2147,2170,2171,-1,
2147,2171,2146,-1,
2148,2169,2170,-1,
2148,2170,2147,-1,
2149,2168,2169,-1,
2149,2169,2148,-1,
2150,2167,2168,-1,
2150,2168,2149,-1,
2151,2166,2167,-1,
2151,2167,2150,-1,
2152,2165,2166,-1,
2152,2166,2151,-1,
2153,2164,2165,-1,
2153,2165,2152,-1,
2163,2153,2154,-1,
2163,2164,2153,-1,
2162,2154,2155,-1,
2162,2163,2154,-1,
2161,2155,2156,-1,
2161,2162,2155,-1,
2160,2156,2157,-1,
2160,2161,2156,-1,
2159,2157,2158,-1,
2159,2160,2157,-1,
2176,2175,2173,-1,
2174,2176,2173,-1,
2177,2178,2180,-1,
2179,2177,2180,-1,
2181,2182,2184,-1,
2183,2181,2184,-1,
2188,2187,2185,-1,
2186,2188,2185,-1,
2191,2189,2190,-1,
2191,2192,2189,-1,
2194,2195,2193,-1,
2195,2196,2193,-1,
2196,2197,2193,-1,
2197,2198,2193,-1,
2198,2199,2193,-1,
2199,2200,2193,-1,
2201,2193,2202,-1,
2203,2204,2202,-1,
2204,2205,2202,-1,
2205,2206,2202,-1,
2206,2207,2202,-1,
2207,2208,2202,-1,
2208,2201,2202,-1,
2193,2200,2202,-1,
2220,2221,2222,-1,
2218,2219,2224,-1,
2219,2220,2224,-1,
2222,2223,2224,-1,
2220,2222,2224,-1,
2218,2224,2217,-1,
2217,2210,2209,-1,
2200,2218,2209,-1,
2202,2200,2209,-1,
2218,2217,2209,-1,
2210,2211,2212,-1,
2216,2209,2215,-1,
2214,2215,2213,-1,
2209,2210,2213,-1,
2210,2212,2213,-1,
2215,2209,2213,-1,
2226,2225,2233,-1,
2226,2233,2240,-1,
2227,2240,2239,-1,
2227,2226,2240,-1,
2228,2239,2238,-1,
2228,2227,2239,-1,
2229,2238,2237,-1,
2229,2228,2238,-1,
2230,2237,2236,-1,
2230,2229,2237,-1,
2231,2236,2235,-1,
2231,2230,2236,-1,
2232,2235,2234,-1,
2232,2231,2235,-1,
2283,2247,2248,-1,
2283,2248,2262,-1,
2284,2246,2247,-1,
2284,2247,2283,-1,
2285,2245,2246,-1,
2285,2246,2284,-1,
2286,2244,2245,-1,
2286,2245,2285,-1,
2287,2243,2244,-1,
2287,2244,2286,-1,
2288,2241,2242,-1,
2288,2243,2287,-1,
2288,2242,2243,-1,
2288,2270,2241,-1,
2289,2262,2261,-1,
2289,2283,2262,-1,
2290,2283,2289,-1,
2290,2284,2283,-1,
2291,2285,2284,-1,
2291,2284,2290,-1,
2292,2285,2291,-1,
2292,2286,2285,-1,
2293,2286,2292,-1,
2293,2287,2286,-1,
2294,2287,2293,-1,
2294,2271,2270,-1,
2294,2288,2287,-1,
2294,2270,2288,-1,
2295,2261,2260,-1,
2295,2289,2261,-1,
2296,2289,2295,-1,
2296,2290,2289,-1,
2297,2290,2296,-1,
2297,2291,2290,-1,
2298,2291,2297,-1,
2298,2292,2291,-1,
2299,2293,2292,-1,
2299,2292,2298,-1,
2300,2271,2294,-1,
2300,2293,2299,-1,
2300,2272,2271,-1,
2300,2294,2293,-1,
2301,2260,2259,-1,
2301,2295,2260,-1,
2302,2295,2301,-1,
2302,2296,2295,-1,
2303,2296,2302,-1,
2303,2297,2296,-1,
2304,2298,2297,-1,
2304,2297,2303,-1,
2305,2298,2304,-1,
2305,2299,2298,-1,
2306,2273,2272,-1,
2306,2272,2300,-1,
2306,2299,2305,-1,
2306,2300,2299,-1,
2307,2259,2258,-1,
2307,2301,2259,-1,
2308,2302,2301,-1,
2308,2301,2307,-1,
2309,2303,2302,-1,
2309,2302,2308,-1,
2310,2304,2303,-1,
2310,2303,2309,-1,
2311,2304,2310,-1,
2311,2305,2304,-1,
2312,2274,2273,-1,
2312,2273,2306,-1,
2312,2306,2305,-1,
2312,2305,2311,-1,
2313,2258,2257,-1,
2313,2307,2258,-1,
2314,2308,2307,-1,
2314,2307,2313,-1,
2315,2309,2308,-1,
2315,2308,2314,-1,
2316,2310,2309,-1,
2316,2309,2315,-1,
2317,2310,2316,-1,
2317,2311,2310,-1,
2318,2275,2274,-1,
2318,2274,2312,-1,
2318,2312,2311,-1,
2318,2311,2317,-1,
2319,2257,2256,-1,
2319,2313,2257,-1,
2320,2314,2313,-1,
2320,2313,2319,-1,
2321,2315,2314,-1,
2321,2314,2320,-1,
2322,2316,2315,-1,
2322,2315,2321,-1,
2323,2317,2316,-1,
2323,2316,2322,-1,
2324,2317,2323,-1,
2324,2276,2275,-1,
2324,2275,2318,-1,
2324,2318,2317,-1,
2325,2256,2255,-1,
2325,2319,2256,-1,
2326,2320,2319,-1,
2326,2319,2325,-1,
2327,2320,2326,-1,
2327,2321,2320,-1,
2328,2321,2327,-1,
2328,2322,2321,-1,
2329,2323,2322,-1,
2329,2322,2328,-1,
2330,2323,2329,-1,
2330,2276,2324,-1,
2330,2277,2276,-1,
2330,2324,2323,-1,
2331,2255,2254,-1,
2331,2325,2255,-1,
2332,2326,2325,-1,
2332,2325,2331,-1,
2333,2327,2326,-1,
2333,2326,2332,-1,
2334,2327,2333,-1,
2334,2328,2327,-1,
2335,2328,2334,-1,
2335,2329,2328,-1,
2336,2329,2335,-1,
2336,2330,2329,-1,
2336,2277,2330,-1,
2336,2278,2277,-1,
2337,2254,2253,-1,
2337,2331,2254,-1,
2338,2331,2337,-1,
2338,2332,2331,-1,
2339,2333,2332,-1,
2339,2332,2338,-1,
2340,2334,2333,-1,
2340,2333,2339,-1,
2341,2335,2334,-1,
2341,2334,2340,-1,
2342,2336,2335,-1,
2342,2279,2278,-1,
2342,2278,2336,-1,
2342,2335,2341,-1,
2343,2253,2252,-1,
2343,2337,2253,-1,
2344,2337,2343,-1,
2344,2338,2337,-1,
2345,2339,2338,-1,
2345,2338,2344,-1,
2346,2340,2339,-1,
2346,2339,2345,-1,
2347,2340,2346,-1,
2347,2341,2340,-1,
2348,2280,2279,-1,
2348,2279,2342,-1,
2348,2342,2341,-1,
2348,2341,2347,-1,
2349,2252,2251,-1,
2349,2343,2252,-1,
2350,2343,2349,-1,
2350,2344,2343,-1,
2351,2345,2344,-1,
2351,2344,2350,-1,
2352,2345,2351,-1,
2352,2346,2345,-1,
2353,2347,2346,-1,
2353,2348,2347,-1,
2353,2346,2352,-1,
2354,2281,2280,-1,
2354,2348,2353,-1,
2354,2280,2348,-1,
2355,2250,2249,-1,
2355,2251,2250,-1,
2355,2249,2269,-1,
2355,2349,2251,-1,
2356,2349,2355,-1,
2356,2355,2269,-1,
2356,2269,2268,-1,
2356,2350,2349,-1,
2357,2350,2356,-1,
2357,2268,2267,-1,
2357,2356,2268,-1,
2357,2351,2350,-1,
2358,2351,2357,-1,
2358,2357,2267,-1,
2358,2267,2266,-1,
2358,2352,2351,-1,
2359,2352,2358,-1,
2359,2358,2266,-1,
2359,2266,2265,-1,
2359,2353,2352,-1,
2360,2353,2359,-1,
2360,2264,2263,-1,
2360,2265,2264,-1,
2360,2282,2281,-1,
2360,2263,2282,-1,
2360,2281,2354,-1,
2360,2354,2353,-1,
2360,2359,2265,-1,
2362,2361,2369,-1,
2362,2369,2376,-1,
2363,2376,2375,-1,
2363,2362,2376,-1,
2364,2375,2374,-1,
2364,2363,2375,-1,
2365,2374,2373,-1,
2365,2364,2374,-1,
2366,2373,2372,-1,
2366,2365,2373,-1,
2367,2372,2371,-1,
2367,2366,2372,-1,
2368,2371,2370,-1,
2368,2367,2371,-1,
2387,2377,2378,-1,
2387,2386,2377,-1,
2388,2378,2379,-1,
2388,2387,2378,-1,
2389,2379,2380,-1,
2389,2388,2379,-1,
2390,2380,2381,-1,
2390,2389,2380,-1,
2391,2381,2382,-1,
2391,2390,2381,-1,
2392,2382,2383,-1,
2392,2391,2382,-1,
2385,2383,2384,-1,
2385,2392,2383,-1,
2394,2393,2401,-1,
2394,2401,2408,-1,
2395,2408,2407,-1,
2395,2394,2408,-1,
2396,2407,2406,-1,
2396,2395,2407,-1,
2397,2406,2405,-1,
2397,2396,2406,-1,
2398,2405,2404,-1,
2398,2397,2405,-1,
2399,2404,2403,-1,
2399,2398,2404,-1,
2400,2403,2402,-1,
2400,2399,2403,-1,
2451,2432,2431,-1,
2451,2431,2450,-1,
2452,2432,2451,-1,
2452,2433,2432,-1,
2453,2434,2433,-1,
2453,2433,2452,-1,
2454,2435,2434,-1,
2454,2434,2453,-1,
2455,2435,2454,-1,
2455,2436,2435,-1,
2456,2418,2417,-1,
2456,2437,2436,-1,
2456,2417,2437,-1,
2456,2436,2455,-1,
2457,2450,2449,-1,
2457,2451,2450,-1,
2458,2451,2457,-1,
2458,2452,2451,-1,
2459,2453,2452,-1,
2459,2452,2458,-1,
2460,2453,2459,-1,
2460,2454,2453,-1,
2461,2455,2454,-1,
2461,2454,2460,-1,
2462,2419,2418,-1,
2462,2418,2456,-1,
2462,2456,2455,-1,
2462,2455,2461,-1,
2463,2449,2448,-1,
2463,2457,2449,-1,
2464,2457,2463,-1,
2464,2458,2457,-1,
2465,2458,2464,-1,
2465,2459,2458,-1,
2466,2459,2465,-1,
2466,2460,2459,-1,
2467,2461,2460,-1,
2467,2460,2466,-1,
2468,2420,2419,-1,
2468,2462,2461,-1,
2468,2461,2467,-1,
2468,2419,2462,-1,
2469,2448,2447,-1,
2469,2463,2448,-1,
2470,2463,2469,-1,
2470,2464,2463,-1,
2471,2464,2470,-1,
2471,2465,2464,-1,
2472,2465,2471,-1,
2472,2466,2465,-1,
2473,2467,2466,-1,
2473,2466,2472,-1,
2474,2420,2468,-1,
2474,2421,2420,-1,
2474,2467,2473,-1,
2474,2468,2467,-1,
2475,2447,2446,-1,
2475,2469,2447,-1,
2476,2470,2469,-1,
2476,2469,2475,-1,
2477,2471,2470,-1,
2477,2470,2476,-1,
2478,2472,2471,-1,
2478,2471,2477,-1,
2479,2473,2472,-1,
2479,2472,2478,-1,
2480,2422,2421,-1,
2480,2474,2473,-1,
2480,2421,2474,-1,
2480,2473,2479,-1,
2481,2446,2445,-1,
2481,2475,2446,-1,
2482,2476,2475,-1,
2482,2475,2481,-1,
2483,2476,2482,-1,
2483,2477,2476,-1,
2484,2478,2477,-1,
2484,2477,2483,-1,
2485,2479,2478,-1,
2485,2478,2484,-1,
2486,2423,2422,-1,
2486,2422,2480,-1,
2486,2480,2479,-1,
2486,2479,2485,-1,
2487,2445,2444,-1,
2487,2481,2445,-1,
2488,2482,2481,-1,
2488,2481,2487,-1,
2489,2483,2482,-1,
2489,2482,2488,-1,
2490,2484,2483,-1,
2490,2483,2489,-1,
2491,2485,2484,-1,
2491,2484,2490,-1,
2492,2485,2491,-1,
2492,2424,2423,-1,
2492,2423,2486,-1,
2492,2486,2485,-1,
2493,2444,2443,-1,
2493,2487,2444,-1,
2494,2488,2487,-1,
2494,2487,2493,-1,
2495,2488,2494,-1,
2495,2489,2488,-1,
2496,2489,2495,-1,
2496,2490,2489,-1,
2497,2491,2490,-1,
2497,2490,2496,-1,
2498,2491,2497,-1,
2498,2425,2424,-1,
2498,2424,2492,-1,
2498,2492,2491,-1,
2499,2443,2442,-1,
2499,2493,2443,-1,
2500,2493,2499,-1,
2500,2494,2493,-1,
2501,2495,2494,-1,
2501,2494,2500,-1,
2502,2495,2501,-1,
2502,2496,2495,-1,
2503,2497,2496,-1,
2503,2496,2502,-1,
2504,2425,2498,-1,
2504,2498,2497,-1,
2504,2426,2425,-1,
2504,2497,2503,-1,
2505,2442,2441,-1,
2505,2499,2442,-1,
2506,2500,2499,-1,
2506,2499,2505,-1,
2507,2500,2506,-1,
2507,2501,2500,-1,
2508,2501,2507,-1,
2508,2502,2501,-1,
2509,2502,2508,-1,
2509,2503,2502,-1,
2510,2427,2426,-1,
2510,2426,2504,-1,
2510,2504,2503,-1,
2510,2503,2509,-1,
2511,2441,2440,-1,
2511,2505,2441,-1,
2512,2506,2505,-1,
2512,2505,2511,-1,
2513,2506,2512,-1,
2513,2507,2506,-1,
2514,2508,2507,-1,
2514,2507,2513,-1,
2515,2509,2508,-1,
2515,2508,2514,-1,
2516,2428,2427,-1,
2516,2427,2510,-1,
2516,2510,2509,-1,
2516,2509,2515,-1,
2517,2511,2440,-1,
2517,2440,2439,-1,
2518,2512,2511,-1,
2518,2511,2517,-1,
2519,2513,2512,-1,
2519,2512,2518,-1,
2520,2514,2513,-1,
2520,2513,2519,-1,
2521,2514,2520,-1,
2521,2515,2514,-1,
2522,2429,2428,-1,
2522,2428,2516,-1,
2522,2516,2515,-1,
2522,2515,2521,-1,
2523,2409,2410,-1,
2523,2517,2439,-1,
2523,2438,2409,-1,
2523,2439,2438,-1,
2524,2410,2411,-1,
2524,2518,2517,-1,
2524,2517,2523,-1,
2524,2523,2410,-1,
2525,2411,2412,-1,
2525,2518,2524,-1,
2525,2519,2518,-1,
2525,2524,2411,-1,
2526,2525,2412,-1,
2526,2519,2525,-1,
2526,2412,2413,-1,
2526,2520,2519,-1,
2527,2413,2414,-1,
2527,2520,2526,-1,
2527,2526,2413,-1,
2527,2521,2520,-1,
2528,2414,2415,-1,
2528,2527,2414,-1,
2528,2415,2416,-1,
2528,2521,2527,-1,
2528,2430,2429,-1,
2528,2416,2430,-1,
2528,2429,2522,-1,
2528,2522,2521,-1,
2569,2551,2550,-1,
2569,2550,2568,-1,
2570,2551,2569,-1,
2570,2552,2551,-1,
2571,2553,2552,-1,
2571,2552,2570,-1,
2572,2554,2553,-1,
2572,2553,2571,-1,
2573,2555,2554,-1,
2573,2554,2572,-1,
2574,2538,2537,-1,
2574,2556,2555,-1,
2574,2537,2556,-1,
2574,2555,2573,-1,
2575,2568,2567,-1,
2575,2569,2568,-1,
2576,2569,2575,-1,
2576,2570,2569,-1,
2577,2571,2570,-1,
2577,2570,2576,-1,
2578,2572,2571,-1,
2578,2571,2577,-1,
2579,2573,2572,-1,
2579,2572,2578,-1,
2580,2539,2538,-1,
2580,2538,2574,-1,
2580,2573,2579,-1,
2580,2574,2573,-1,
2581,2567,2566,-1,
2581,2575,2567,-1,
2582,2576,2575,-1,
2582,2575,2581,-1,
2583,2577,2576,-1,
2583,2576,2582,-1,
2584,2578,2577,-1,
2584,2577,2583,-1,
2585,2578,2584,-1,
2585,2579,2578,-1,
2586,2580,2579,-1,
2586,2539,2580,-1,
2586,2540,2539,-1,
2586,2579,2585,-1,
2587,2566,2565,-1,
2587,2581,2566,-1,
2588,2581,2587,-1,
2588,2582,2581,-1,
2589,2582,2588,-1,
2589,2583,2582,-1,
2590,2583,2589,-1,
2590,2584,2583,-1,
2591,2584,2590,-1,
2591,2585,2584,-1,
2592,2541,2540,-1,
2592,2540,2586,-1,
2592,2586,2585,-1,
2592,2585,2591,-1,
2593,2565,2564,-1,
2593,2587,2565,-1,
2594,2588,2587,-1,
2594,2587,2593,-1,
2595,2588,2594,-1,
2595,2589,2588,-1,
2596,2590,2589,-1,
2596,2589,2595,-1,
2597,2591,2590,-1,
2597,2590,2596,-1,
2598,2542,2541,-1,
2598,2541,2592,-1,
2598,2592,2591,-1,
2598,2591,2597,-1,
2599,2564,2563,-1,
2599,2593,2564,-1,
2600,2594,2593,-1,
2600,2593,2599,-1,
2601,2594,2600,-1,
2601,2595,2594,-1,
2602,2596,2595,-1,
2602,2595,2601,-1,
2603,2597,2596,-1,
2603,2596,2602,-1,
2604,2543,2542,-1,
2604,2542,2598,-1,
2604,2598,2597,-1,
2604,2597,2603,-1,
2605,2563,2562,-1,
2605,2599,2563,-1,
2606,2600,2599,-1,
2606,2599,2605,-1,
2607,2601,2600,-1,
2607,2600,2606,-1,
2608,2602,2601,-1,
2608,2601,2607,-1,
2609,2603,2602,-1,
2609,2602,2608,-1,
2610,2544,2543,-1,
2610,2543,2604,-1,
2610,2604,2603,-1,
2610,2603,2609,-1,
2611,2562,2561,-1,
2611,2605,2562,-1,
2612,2605,2611,-1,
2612,2606,2605,-1,
2613,2606,2612,-1,
2613,2607,2606,-1,
2614,2607,2613,-1,
2614,2608,2607,-1,
2615,2608,2614,-1,
2615,2609,2608,-1,
2616,2610,2609,-1,
2616,2609,2615,-1,
2616,2545,2544,-1,
2616,2544,2610,-1,
2617,2561,2560,-1,
2617,2611,2561,-1,
2618,2612,2611,-1,
2618,2611,2617,-1,
2619,2613,2612,-1,
2619,2612,2618,-1,
2620,2614,2613,-1,
2620,2613,2619,-1,
2621,2615,2614,-1,
2621,2614,2620,-1,
2622,2615,2621,-1,
2622,2546,2545,-1,
2622,2545,2616,-1,
2622,2616,2615,-1,
2623,2617,2560,-1,
2623,2560,2559,-1,
2624,2617,2623,-1,
2624,2618,2617,-1,
2625,2619,2618,-1,
2625,2618,2624,-1,
2626,2620,2619,-1,
2626,2619,2625,-1,
2627,2621,2620,-1,
2627,2620,2626,-1,
2628,2546,2622,-1,
2628,2547,2546,-1,
2628,2622,2621,-1,
2628,2621,2627,-1,
2629,2559,2558,-1,
2629,2623,2559,-1,
2630,2623,2629,-1,
2630,2624,2623,-1,
2631,2624,2630,-1,
2631,2625,2624,-1,
2632,2626,2625,-1,
2632,2625,2631,-1,
2633,2627,2626,-1,
2633,2626,2632,-1,
2634,2548,2547,-1,
2634,2547,2628,-1,
2634,2628,2627,-1,
2634,2627,2633,-1,
2635,2529,2530,-1,
2635,2557,2529,-1,
2635,2558,2557,-1,
2635,2629,2558,-1,
2636,2530,2531,-1,
2636,2630,2629,-1,
2636,2635,2530,-1,
2636,2629,2635,-1,
2637,2531,2532,-1,
2637,2636,2531,-1,
2637,2631,2630,-1,
2637,2630,2636,-1,
2638,2532,2533,-1,
2638,2632,2631,-1,
2638,2631,2637,-1,
2638,2637,2532,-1,
2639,2533,2534,-1,
2639,2632,2638,-1,
2639,2633,2632,-1,
2639,2638,2533,-1,
2640,2534,2535,-1,
2640,2535,2536,-1,
2640,2549,2548,-1,
2640,2536,2549,-1,
2640,2548,2634,-1,
2640,2634,2633,-1,
2640,2639,2534,-1,
2640,2633,2639,-1,
2683,2647,2648,-1,
2683,2648,2662,-1,
2684,2646,2647,-1,
2684,2647,2683,-1,
2685,2645,2646,-1,
2685,2646,2684,-1,
2686,2644,2645,-1,
2686,2645,2685,-1,
2687,2643,2644,-1,
2687,2644,2686,-1,
2688,2641,2642,-1,
2688,2642,2643,-1,
2688,2643,2687,-1,
2688,2670,2641,-1,
2689,2662,2661,-1,
2689,2683,2662,-1,
2690,2683,2689,-1,
2690,2684,2683,-1,
2691,2685,2684,-1,
2691,2684,2690,-1,
2692,2685,2691,-1,
2692,2686,2685,-1,
2693,2687,2686,-1,
2693,2686,2692,-1,
2694,2671,2670,-1,
2694,2688,2687,-1,
2694,2670,2688,-1,
2694,2687,2693,-1,
2695,2661,2660,-1,
2695,2689,2661,-1,
2696,2689,2695,-1,
2696,2690,2689,-1,
2697,2690,2696,-1,
2697,2691,2690,-1,
2698,2691,2697,-1,
2698,2692,2691,-1,
2699,2693,2692,-1,
2699,2692,2698,-1,
2700,2693,2699,-1,
2700,2672,2671,-1,
2700,2694,2693,-1,
2700,2671,2694,-1,
2701,2660,2659,-1,
2701,2695,2660,-1,
2702,2696,2695,-1,
2702,2695,2701,-1,
2703,2696,2702,-1,
2703,2697,2696,-1,
2704,2697,2703,-1,
2704,2698,2697,-1,
2705,2699,2698,-1,
2705,2698,2704,-1,
2706,2672,2700,-1,
2706,2673,2672,-1,
2706,2699,2705,-1,
2706,2700,2699,-1,
2707,2659,2658,-1,
2707,2701,2659,-1,
2708,2702,2701,-1,
2708,2701,2707,-1,
2709,2703,2702,-1,
2709,2702,2708,-1,
2710,2703,2709,-1,
2710,2704,2703,-1,
2711,2705,2704,-1,
2711,2704,2710,-1,
2712,2673,2706,-1,
2712,2674,2673,-1,
2712,2706,2705,-1,
2712,2705,2711,-1,
2713,2658,2657,-1,
2713,2707,2658,-1,
2714,2708,2707,-1,
2714,2707,2713,-1,
2715,2708,2714,-1,
2715,2709,2708,-1,
2716,2710,2709,-1,
2716,2709,2715,-1,
2717,2711,2710,-1,
2717,2710,2716,-1,
2718,2675,2674,-1,
2718,2674,2712,-1,
2718,2712,2711,-1,
2718,2711,2717,-1,
2719,2657,2656,-1,
2719,2713,2657,-1,
2720,2714,2713,-1,
2720,2713,2719,-1,
2721,2715,2714,-1,
2721,2714,2720,-1,
2722,2715,2721,-1,
2722,2716,2715,-1,
2723,2717,2716,-1,
2723,2716,2722,-1,
2724,2717,2723,-1,
2724,2676,2675,-1,
2724,2675,2718,-1,
2724,2718,2717,-1,
2725,2656,2655,-1,
2725,2719,2656,-1,
2726,2719,2725,-1,
2726,2720,2719,-1,
2727,2720,2726,-1,
2727,2721,2720,-1,
2728,2721,2727,-1,
2728,2722,2721,-1,
2729,2723,2722,-1,
2729,2722,2728,-1,
2730,2677,2676,-1,
2730,2676,2724,-1,
2730,2723,2729,-1,
2730,2724,2723,-1,
2731,2655,2654,-1,
2731,2725,2655,-1,
2732,2725,2731,-1,
2732,2726,2725,-1,
2733,2727,2726,-1,
2733,2726,2732,-1,
2734,2727,2733,-1,
2734,2728,2727,-1,
2735,2729,2728,-1,
2735,2728,2734,-1,
2736,2677,2730,-1,
2736,2730,2729,-1,
2736,2729,2735,-1,
2736,2678,2677,-1,
2737,2654,2653,-1,
2737,2731,2654,-1,
2738,2732,2731,-1,
2738,2731,2737,-1,
2739,2733,2732,-1,
2739,2732,2738,-1,
2740,2734,2733,-1,
2740,2733,2739,-1,
2741,2735,2734,-1,
2741,2734,2740,-1,
2742,2679,2678,-1,
2742,2736,2735,-1,
2742,2678,2736,-1,
2742,2735,2741,-1,
2743,2737,2653,-1,
2743,2653,2652,-1,
2744,2738,2737,-1,
2744,2737,2743,-1,
2745,2739,2738,-1,
2745,2738,2744,-1,
2746,2739,2745,-1,
2746,2740,2739,-1,
2747,2741,2740,-1,
2747,2740,2746,-1,
2748,2680,2679,-1,
2748,2679,2742,-1,
2748,2742,2741,-1,
2748,2741,2747,-1,
2749,2743,2652,-1,
2749,2652,2651,-1,
2750,2744,2743,-1,
2750,2743,2749,-1,
2751,2744,2750,-1,
2751,2745,2744,-1,
2752,2746,2745,-1,
2752,2745,2751,-1,
2753,2747,2746,-1,
2753,2746,2752,-1,
2754,2681,2680,-1,
2754,2680,2748,-1,
2754,2748,2747,-1,
2754,2747,2753,-1,
2755,2650,2649,-1,
2755,2651,2650,-1,
2755,2649,2669,-1,
2755,2749,2651,-1,
2756,2749,2755,-1,
2756,2755,2669,-1,
2756,2669,2668,-1,
2756,2750,2749,-1,
2757,2750,2756,-1,
2757,2668,2667,-1,
2757,2751,2750,-1,
2757,2756,2668,-1,
2758,2751,2757,-1,
2758,2757,2667,-1,
2758,2667,2666,-1,
2758,2752,2751,-1,
2759,2752,2758,-1,
2759,2666,2665,-1,
2759,2758,2666,-1,
2759,2753,2752,-1,
2760,2753,2759,-1,
2760,2664,2663,-1,
2760,2665,2664,-1,
2760,2759,2665,-1,
2760,2682,2681,-1,
2760,2663,2682,-1,
2760,2681,2754,-1,
2760,2754,2753,-1,
2771,2761,2762,-1,
2771,2770,2761,-1,
2772,2762,2763,-1,
2772,2771,2762,-1,
2773,2763,2764,-1,
2773,2772,2763,-1,
2774,2764,2765,-1,
2774,2773,2764,-1,
2775,2765,2766,-1,
2775,2774,2765,-1,
2776,2766,2767,-1,
2776,2775,2766,-1,
2769,2767,2768,-1,
2769,2776,2767,-1,
2787,2777,2778,-1,
2787,2786,2777,-1,
2788,2778,2779,-1,
2788,2787,2778,-1,
2789,2779,2780,-1,
2789,2788,2779,-1,
2790,2780,2781,-1,
2790,2789,2780,-1,
2791,2781,2782,-1,
2791,2790,2781,-1,
2792,2782,2783,-1,
2792,2791,2782,-1,
2785,2783,2784,-1,
2785,2792,2783,-1,
2803,2793,2794,-1,
2803,2802,2793,-1,
2804,2794,2795,-1,
2804,2803,2794,-1,
2805,2795,2796,-1,
2805,2804,2795,-1,
2806,2796,2797,-1,
2806,2805,2796,-1,
2807,2797,2798,-1,
2807,2806,2797,-1,
2808,2798,2799,-1,
2808,2807,2798,-1,
2801,2799,2800,-1,
2801,2808,2799,-1,
2849,2815,2816,-1,
2849,2816,2829,-1,
2850,2814,2815,-1,
2850,2815,2849,-1,
2851,2813,2814,-1,
2851,2814,2850,-1,
2852,2812,2813,-1,
2852,2813,2851,-1,
2853,2811,2812,-1,
2853,2812,2852,-1,
2854,2809,2810,-1,
2854,2811,2853,-1,
2854,2810,2811,-1,
2854,2837,2809,-1,
2855,2829,2828,-1,
2855,2849,2829,-1,
2856,2850,2849,-1,
2856,2849,2855,-1,
2857,2851,2850,-1,
2857,2850,2856,-1,
2858,2851,2857,-1,
2858,2852,2851,-1,
2859,2853,2852,-1,
2859,2852,2858,-1,
2860,2838,2837,-1,
2860,2853,2859,-1,
2860,2854,2853,-1,
2860,2837,2854,-1,
2861,2828,2827,-1,
2861,2855,2828,-1,
2862,2855,2861,-1,
2862,2856,2855,-1,
2863,2856,2862,-1,
2863,2857,2856,-1,
2864,2857,2863,-1,
2864,2858,2857,-1,
2865,2858,2864,-1,
2865,2859,2858,-1,
2866,2859,2865,-1,
2866,2839,2838,-1,
2866,2838,2860,-1,
2866,2860,2859,-1,
2867,2827,2826,-1,
2867,2861,2827,-1,
2868,2861,2867,-1,
2868,2862,2861,-1,
2869,2862,2868,-1,
2869,2863,2862,-1,
2870,2863,2869,-1,
2870,2864,2863,-1,
2871,2864,2870,-1,
2871,2865,2864,-1,
2872,2866,2865,-1,
2872,2839,2866,-1,
2872,2840,2839,-1,
2872,2865,2871,-1,
2873,2826,2825,-1,
2873,2867,2826,-1,
2874,2868,2867,-1,
2874,2867,2873,-1,
2875,2869,2868,-1,
2875,2868,2874,-1,
2876,2870,2869,-1,
2876,2869,2875,-1,
2877,2871,2870,-1,
2877,2870,2876,-1,
2878,2841,2840,-1,
2878,2840,2872,-1,
2878,2872,2871,-1,
2878,2871,2877,-1,
2879,2825,2824,-1,
2879,2873,2825,-1,
2880,2874,2873,-1,
2880,2873,2879,-1,
2881,2875,2874,-1,
2881,2874,2880,-1,
2882,2875,2881,-1,
2882,2876,2875,-1,
2883,2877,2876,-1,
2883,2876,2882,-1,
2884,2842,2841,-1,
2884,2841,2878,-1,
2884,2878,2877,-1,
2884,2877,2883,-1,
2885,2824,2823,-1,
2885,2879,2824,-1,
2886,2880,2879,-1,
2886,2879,2885,-1,
2887,2881,2880,-1,
2887,2880,2886,-1,
2888,2882,2881,-1,
2888,2881,2887,-1,
2889,2882,2888,-1,
2889,2883,2882,-1,
2890,2843,2842,-1,
2890,2842,2884,-1,
2890,2884,2883,-1,
2890,2883,2889,-1,
2891,2823,2822,-1,
2891,2885,2823,-1,
2892,2885,2891,-1,
2892,2886,2885,-1,
2893,2886,2892,-1,
2893,2887,2886,-1,
2894,2887,2893,-1,
2894,2888,2887,-1,
2895,2888,2894,-1,
2895,2889,2888,-1,
2896,2889,2895,-1,
2896,2844,2843,-1,
2896,2843,2890,-1,
2896,2890,2889,-1,
2897,2822,2821,-1,
2897,2891,2822,-1,
2898,2891,2897,-1,
2898,2892,2891,-1,
2899,2892,2898,-1,
2899,2893,2892,-1,
2900,2894,2893,-1,
2900,2893,2899,-1,
2901,2895,2894,-1,
2901,2894,2900,-1,
2902,2895,2901,-1,
2902,2896,2895,-1,
2902,2844,2896,-1,
2902,2845,2844,-1,
2903,2821,2820,-1,
2903,2897,2821,-1,
2904,2898,2897,-1,
2904,2897,2903,-1,
2905,2899,2898,-1,
2905,2898,2904,-1,
2906,2900,2899,-1,
2906,2899,2905,-1,
2907,2900,2906,-1,
2907,2901,2900,-1,
2908,2902,2901,-1,
2908,2845,2902,-1,
2908,2846,2845,-1,
2908,2901,2907,-1,
2909,2820,2819,-1,
2909,2903,2820,-1,
2910,2904,2903,-1,
2910,2903,2909,-1,
2911,2904,2910,-1,
2911,2905,2904,-1,
2912,2906,2905,-1,
2912,2905,2911,-1,
2913,2907,2906,-1,
2913,2906,2912,-1,
2914,2847,2846,-1,
2914,2846,2908,-1,
2914,2908,2907,-1,
2914,2907,2913,-1,
2915,2818,2817,-1,
2915,2819,2818,-1,
2915,2817,2836,-1,
2915,2909,2819,-1,
2916,2915,2836,-1,
2916,2836,2835,-1,
2916,2910,2909,-1,
2916,2909,2915,-1,
2917,2910,2916,-1,
2917,2835,2834,-1,
2917,2911,2910,-1,
2917,2916,2835,-1,
2918,2834,2833,-1,
2918,2917,2834,-1,
2918,2912,2911,-1,
2918,2911,2917,-1,
2919,2833,2832,-1,
2919,2913,2912,-1,
2919,2918,2833,-1,
2919,2912,2918,-1,
2920,2831,2830,-1,
2920,2832,2831,-1,
2920,2848,2847,-1,
2920,2830,2848,-1,
2920,2847,2914,-1,
2920,2914,2913,-1,
2920,2919,2832,-1,
2920,2913,2919,-1,
2946,2922,2921,-1,
2946,2921,2929,-1,
2947,2929,2930,-1,
2947,2946,2929,-1,
2948,2947,2930,-1,
2949,2923,2922,-1,
2949,2922,2946,-1,
2949,2946,2947,-1,
2950,2930,2931,-1,
2950,2948,2930,-1,
2951,2947,2948,-1,
2951,2949,2947,-1,
2952,2924,2923,-1,
2952,2923,2949,-1,
2953,2931,2932,-1,
2953,2950,2931,-1,
2954,2948,2950,-1,
2954,2951,2948,-1,
2955,2952,2949,-1,
2955,2949,2951,-1,
2956,2932,2933,-1,
2956,2953,2932,-1,
2957,2950,2953,-1,
2957,2954,2950,-1,
2958,2951,2954,-1,
2958,2955,2951,-1,
2959,2952,2955,-1,
2959,2924,2952,-1,
2960,2956,2933,-1,
2961,2957,2953,-1,
2961,2953,2956,-1,
2962,2954,2957,-1,
2962,2958,2954,-1,
2963,2955,2958,-1,
2963,2959,2955,-1,
2964,2933,2934,-1,
2964,2960,2933,-1,
2965,2925,2924,-1,
2965,2924,2959,-1,
2966,2956,2960,-1,
2966,2961,2956,-1,
2967,2957,2961,-1,
2967,2962,2957,-1,
2968,2958,2962,-1,
2968,2963,2958,-1,
2969,2928,2927,-1,
2969,2944,2928,-1,
2969,2945,2944,-1,
2969,2943,2945,-1,
2970,2934,2935,-1,
2970,2935,2942,-1,
2970,2964,2934,-1,
2971,2965,2959,-1,
2971,2959,2963,-1,
2972,2960,2964,-1,
2972,2966,2960,-1,
2973,2926,2925,-1,
2973,2925,2965,-1,
2974,2961,2966,-1,
2974,2967,2961,-1,
2975,2968,2962,-1,
2975,2962,2967,-1,
2976,2943,2969,-1,
2976,2969,2927,-1,
2977,2971,2963,-1,
2977,2963,2968,-1,
2978,2964,2970,-1,
2978,2942,2941,-1,
2978,2970,2942,-1,
2978,2972,2964,-1,
2979,2965,2971,-1,
2979,2973,2965,-1,
2980,2974,2966,-1,
2980,2966,2972,-1,
2981,2927,2926,-1,
2982,2975,2967,-1,
2982,2967,2974,-1,
2983,2976,2927,-1,
2983,2943,2976,-1,
2984,2977,2968,-1,
2984,2968,2975,-1,
2985,2979,2971,-1,
2985,2971,2977,-1,
2986,2972,2978,-1,
2986,2980,2972,-1,
2987,2981,2926,-1,
2987,2973,2979,-1,
2987,2926,2973,-1,
2988,2974,2980,-1,
2988,2982,2974,-1,
2989,2943,2983,-1,
2989,2927,2981,-1,
2989,2983,2927,-1,
2990,2984,2975,-1,
2990,2975,2982,-1,
2991,2977,2984,-1,
2991,2985,2977,-1,
2992,2941,2940,-1,
2992,2978,2941,-1,
2992,2986,2978,-1,
2993,2979,2985,-1,
2993,2987,2979,-1,
2994,2980,2986,-1,
2994,2988,2980,-1,
2995,2936,2943,-1,
2995,2943,2989,-1,
2995,2981,2987,-1,
2995,2989,2981,-1,
2996,2982,2988,-1,
2996,2990,2982,-1,
2997,2984,2990,-1,
2997,2991,2984,-1,
2998,2993,2985,-1,
2998,2985,2991,-1,
2999,2992,2940,-1,
2999,2986,2992,-1,
2999,2994,2986,-1,
3000,2987,2993,-1,
3000,2936,2995,-1,
3000,2995,2987,-1,
3001,2988,2994,-1,
3001,2996,2988,-1,
3002,2990,2996,-1,
3002,2997,2990,-1,
3003,2998,2991,-1,
3003,2991,2997,-1,
3004,3000,2993,-1,
3004,2936,3000,-1,
3004,2993,2998,-1,
3005,2994,2999,-1,
3005,3001,2994,-1,
3006,3002,2996,-1,
3006,2996,3001,-1,
3007,3003,2997,-1,
3007,2997,3002,-1,
3008,2998,3003,-1,
3008,2936,3004,-1,
3008,3004,2998,-1,
3009,3005,2999,-1,
3009,2940,2939,-1,
3009,2999,2940,-1,
3010,3001,3005,-1,
3010,3006,3001,-1,
3011,3002,3006,-1,
3011,3007,3002,-1,
3012,3003,3007,-1,
3012,2936,3008,-1,
3012,3008,3003,-1,
3013,2939,2938,-1,
3013,3005,3009,-1,
3013,3009,2939,-1,
3013,3010,3005,-1,
3014,3006,3010,-1,
3014,3011,3006,-1,
3015,2936,3012,-1,
3015,3007,3011,-1,
3015,3012,3007,-1,
3016,3010,3013,-1,
3016,3014,3010,-1,
3017,2936,3015,-1,
3017,3011,3014,-1,
3017,3015,3011,-1,
3018,2938,2937,-1,
3018,3013,2938,-1,
3018,3016,3013,-1,
3019,2936,3017,-1,
3019,3014,3016,-1,
3019,3017,3014,-1,
3020,2937,2936,-1,
3020,2936,3019,-1,
3020,3018,2937,-1,
3020,3016,3018,-1,
3020,3019,3016,-1,
3022,3049,3021,-1,
3061,3043,3042,-1,
3061,3042,3060,-1,
3062,3043,3061,-1,
3062,3044,3043,-1,
3063,3045,3044,-1,
3063,3044,3062,-1,
3064,3046,3045,-1,
3064,3045,3063,-1,
3065,3047,3046,-1,
3065,3046,3064,-1,
3066,3030,3029,-1,
3066,3048,3047,-1,
3066,3029,3048,-1,
3066,3047,3065,-1,
3067,3060,3059,-1,
3067,3061,3060,-1,
3068,3061,3067,-1,
3068,3062,3061,-1,
3069,3063,3062,-1,
3069,3062,3068,-1,
3070,3064,3063,-1,
3070,3063,3069,-1,
3071,3065,3064,-1,
3071,3064,3070,-1,
3072,3031,3030,-1,
3072,3030,3066,-1,
3072,3065,3071,-1,
3072,3066,3065,-1,
3073,3059,3058,-1,
3073,3067,3059,-1,
3074,3068,3067,-1,
3074,3067,3073,-1,
3075,3069,3068,-1,
3075,3068,3074,-1,
3076,3069,3075,-1,
3076,3070,3069,-1,
3077,3070,3076,-1,
3077,3071,3070,-1,
3078,3032,3031,-1,
3078,3072,3071,-1,
3078,3071,3077,-1,
3078,3031,3072,-1,
3079,3058,3057,-1,
3079,3073,3058,-1,
3080,3073,3079,-1,
3080,3074,3073,-1,
3081,3075,3074,-1,
3081,3074,3080,-1,
3082,3075,3081,-1,
3082,3076,3075,-1,
3083,3076,3082,-1,
3083,3077,3076,-1,
3084,3033,3032,-1,
3084,3032,3078,-1,
3084,3078,3077,-1,
3084,3077,3083,-1,
3085,3057,3056,-1,
3085,3079,3057,-1,
3086,3079,3085,-1,
3086,3080,3079,-1,
3087,3081,3080,-1,
3087,3080,3086,-1,
3088,3081,3087,-1,
3088,3082,3081,-1,
3089,3083,3082,-1,
3089,3082,3088,-1,
3090,3034,3033,-1,
3090,3033,3084,-1,
3090,3084,3083,-1,
3090,3083,3089,-1,
3091,3056,3055,-1,
3091,3085,3056,-1,
3092,3086,3085,-1,
3092,3085,3091,-1,
3093,3086,3092,-1,
3093,3087,3086,-1,
3094,3088,3087,-1,
3094,3087,3093,-1,
3095,3088,3094,-1,
3095,3089,3088,-1,
3096,3035,3034,-1,
3096,3034,3090,-1,
3096,3090,3089,-1,
3096,3089,3095,-1,
3097,3055,3054,-1,
3097,3091,3055,-1,
3098,3092,3091,-1,
3098,3091,3097,-1,
3099,3093,3092,-1,
3099,3092,3098,-1,
3100,3094,3093,-1,
3100,3093,3099,-1,
3101,3095,3094,-1,
3101,3094,3100,-1,
3102,3036,3035,-1,
3102,3035,3096,-1,
3102,3096,3095,-1,
3102,3095,3101,-1,
3103,3054,3053,-1,
3103,3097,3054,-1,
3104,3098,3097,-1,
3104,3097,3103,-1,
3105,3098,3104,-1,
3105,3099,3098,-1,
3106,3099,3105,-1,
3106,3100,3099,-1,
3107,3100,3106,-1,
3107,3101,3100,-1,
3108,3102,3101,-1,
3108,3101,3107,-1,
3108,3037,3036,-1,
3108,3036,3102,-1,
3109,3053,3052,-1,
3109,3103,3053,-1,
3110,3104,3103,-1,
3110,3103,3109,-1,
3111,3105,3104,-1,
3111,3104,3110,-1,
3112,3105,3111,-1,
3112,3106,3105,-1,
3113,3107,3106,-1,
3113,3106,3112,-1,
3114,3038,3037,-1,
3114,3037,3108,-1,
3114,3108,3107,-1,
3114,3107,3113,-1,
3115,3109,3052,-1,
3115,3052,3051,-1,
3116,3110,3109,-1,
3116,3109,3115,-1,
3117,3111,3110,-1,
3117,3110,3116,-1,
3118,3112,3111,-1,
3118,3111,3117,-1,
3119,3113,3112,-1,
3119,3112,3118,-1,
3120,3039,3038,-1,
3120,3038,3114,-1,
3120,3114,3113,-1,
3120,3113,3119,-1,
3121,3051,3050,-1,
3121,3115,3051,-1,
3122,3116,3115,-1,
3122,3115,3121,-1,
3123,3117,3116,-1,
3123,3116,3122,-1,
3124,3117,3123,-1,
3124,3118,3117,-1,
3125,3119,3118,-1,
3125,3118,3124,-1,
3126,3039,3120,-1,
3126,3040,3039,-1,
3126,3120,3119,-1,
3126,3119,3125,-1,
3127,3049,3022,-1,
3127,3050,3049,-1,
3127,3121,3050,-1,
3128,3022,3023,-1,
3128,3121,3127,-1,
3128,3122,3121,-1,
3128,3127,3022,-1,
3129,3023,3024,-1,
3129,3122,3128,-1,
3129,3123,3122,-1,
3129,3128,3023,-1,
3130,3024,3025,-1,
3130,3124,3123,-1,
3130,3129,3024,-1,
3130,3123,3129,-1,
3131,3025,3026,-1,
3131,3124,3130,-1,
3131,3125,3124,-1,
3131,3130,3025,-1,
3132,3026,3027,-1,
3132,3027,3028,-1,
3132,3040,3126,-1,
3132,3041,3040,-1,
3132,3028,3041,-1,
3132,3126,3125,-1,
3132,3131,3026,-1,
3132,3125,3131,-1,
3143,3133,3134,-1,
3143,3142,3133,-1,
3144,3134,3135,-1,
3144,3143,3134,-1,
3145,3135,3136,-1,
3145,3144,3135,-1,
3146,3136,3137,-1,
3146,3145,3136,-1,
3147,3137,3138,-1,
3147,3146,3137,-1,
3148,3138,3139,-1,
3148,3147,3138,-1,
3141,3139,3140,-1,
3141,3148,3139,-1,
3165,3168,3169,-1,
3166,3169,3170,-1,
3166,3165,3169,-1,
3167,3170,3149,-1,
3167,3166,3170,-1,
3158,3149,3150,-1,
3158,3167,3149,-1,
3159,3150,3151,-1,
3159,3158,3150,-1,
3160,3151,3152,-1,
3160,3159,3151,-1,
3161,3152,3153,-1,
3161,3160,3152,-1,
3162,3153,3154,-1,
3162,3161,3153,-1,
3163,3154,3155,-1,
3163,3162,3154,-1,
3164,3155,3156,-1,
3164,3163,3155,-1,
3157,3164,3156,-1,
3177,3178,3179,-1,
3177,3179,3186,-1,
3176,3186,3185,-1,
3176,3177,3186,-1,
3175,3185,3184,-1,
3175,3176,3185,-1,
3174,3184,3183,-1,
3174,3175,3184,-1,
3173,3183,3182,-1,
3173,3174,3183,-1,
3172,3182,3181,-1,
3172,3173,3182,-1,
3171,3181,3180,-1,
3171,3172,3181,-1,
3197,3187,3188,-1,
3197,3188,3189,-1,
3197,3196,3187,-1,
3198,3189,3190,-1,
3198,3197,3189,-1,
3199,3190,3191,-1,
3199,3198,3190,-1,
3200,3191,3192,-1,
3200,3199,3191,-1,
3201,3192,3193,-1,
3201,3200,3192,-1,
3202,3193,3194,-1,
3202,3201,3193,-1,
3195,3202,3194,-1,
3228,3213,3214,-1,
3228,3214,3215,-1,
3229,3215,3216,-1,
3229,3228,3215,-1,
3230,3229,3216,-1,
3231,3212,3213,-1,
3231,3228,3229,-1,
3231,3213,3228,-1,
3232,3216,3217,-1,
3232,3230,3216,-1,
3233,3231,3229,-1,
3233,3229,3230,-1,
3234,3211,3212,-1,
3234,3212,3231,-1,
3235,3217,3218,-1,
3235,3232,3217,-1,
3236,3230,3232,-1,
3236,3233,3230,-1,
3237,3234,3231,-1,
3237,3231,3233,-1,
3238,3218,3219,-1,
3238,3235,3218,-1,
3239,3236,3232,-1,
3239,3232,3235,-1,
3240,3237,3233,-1,
3240,3233,3236,-1,
3241,3234,3237,-1,
3241,3211,3234,-1,
3242,3238,3219,-1,
3243,3235,3238,-1,
3243,3239,3235,-1,
3244,3236,3239,-1,
3244,3240,3236,-1,
3245,3237,3240,-1,
3245,3241,3237,-1,
3246,3219,3220,-1,
3246,3242,3219,-1,
3247,3210,3211,-1,
3247,3211,3241,-1,
3248,3238,3242,-1,
3248,3243,3238,-1,
3249,3244,3239,-1,
3249,3239,3243,-1,
3250,3240,3244,-1,
3250,3245,3240,-1,
3251,3220,3221,-1,
3251,3221,3227,-1,
3251,3246,3220,-1,
3252,3247,3241,-1,
3252,3241,3245,-1,
3253,3242,3246,-1,
3253,3248,3242,-1,
3254,3243,3248,-1,
3254,3249,3243,-1,
3255,3250,3244,-1,
3255,3244,3249,-1,
3256,3245,3250,-1,
3256,3252,3245,-1,
3257,3251,3227,-1,
3257,3246,3251,-1,
3257,3227,3226,-1,
3257,3253,3246,-1,
3258,3247,3252,-1,
3258,3209,3210,-1,
3258,3210,3247,-1,
3259,3254,3248,-1,
3259,3248,3253,-1,
3260,3249,3254,-1,
3260,3255,3249,-1,
3261,3250,3255,-1,
3261,3256,3250,-1,
3262,3258,3252,-1,
3262,3252,3256,-1,
3263,3253,3257,-1,
3263,3259,3253,-1,
3264,3208,3209,-1,
3264,3209,3258,-1,
3265,3254,3259,-1,
3265,3260,3254,-1,
3266,3255,3260,-1,
3266,3261,3255,-1,
3267,3256,3261,-1,
3267,3262,3256,-1,
3268,3226,3225,-1,
3268,3257,3226,-1,
3268,3263,3257,-1,
3269,3264,3258,-1,
3269,3258,3262,-1,
3270,3259,3263,-1,
3270,3265,3259,-1,
3271,3260,3265,-1,
3271,3266,3260,-1,
3272,3261,3266,-1,
3272,3267,3261,-1,
3273,3262,3267,-1,
3273,3269,3262,-1,
3274,3270,3263,-1,
3274,3263,3268,-1,
3275,3207,3208,-1,
3275,3208,3264,-1,
3275,3264,3269,-1,
3276,3265,3270,-1,
3276,3271,3265,-1,
3277,3266,3271,-1,
3277,3272,3266,-1,
3278,3267,3272,-1,
3278,3273,3267,-1,
3279,3225,3224,-1,
3279,3268,3225,-1,
3279,3274,3268,-1,
3280,3207,3275,-1,
3280,3269,3273,-1,
3280,3275,3269,-1,
3281,3270,3274,-1,
3281,3276,3270,-1,
3282,3277,3271,-1,
3282,3271,3276,-1,
3283,3272,3277,-1,
3283,3278,3272,-1,
3284,3280,3273,-1,
3284,3207,3280,-1,
3284,3273,3278,-1,
3285,3274,3279,-1,
3285,3281,3274,-1,
3285,3279,3224,-1,
3286,3282,3276,-1,
3286,3276,3281,-1,
3287,3277,3282,-1,
3287,3283,3277,-1,
3288,3207,3284,-1,
3288,3284,3278,-1,
3288,3278,3283,-1,
3289,3286,3281,-1,
3289,3281,3285,-1,
3290,3287,3282,-1,
3290,3282,3286,-1,
3291,3207,3288,-1,
3291,3288,3283,-1,
3291,3283,3287,-1,
3292,3285,3224,-1,
3292,3289,3285,-1,
3292,3224,3223,-1,
3293,3286,3289,-1,
3293,3290,3286,-1,
3294,3207,3291,-1,
3294,3287,3290,-1,
3294,3291,3287,-1,
3295,3293,3289,-1,
3295,3289,3292,-1,
3295,3292,3223,-1,
3296,3290,3293,-1,
3296,3207,3294,-1,
3296,3294,3290,-1,
3297,3223,3222,-1,
3297,3295,3223,-1,
3298,3293,3295,-1,
3298,3207,3296,-1,
3298,3296,3293,-1,
3299,3206,3207,-1,
3299,3298,3295,-1,
3299,3207,3298,-1,
3299,3295,3297,-1,
3300,3297,3222,-1,
3300,3206,3299,-1,
3300,3299,3297,-1,
3301,3300,3222,-1,
3301,3206,3300,-1,
3302,3203,3204,-1,
3302,3204,3205,-1,
3302,3205,3206,-1,
3302,3222,3203,-1,
3302,3206,3301,-1,
3302,3301,3222,-1,
3324,3303,3304,-1,
3324,3318,3303,-1,
3325,3304,3305,-1,
3325,3324,3304,-1,
3326,3325,3305,-1,
3327,3319,3318,-1,
3327,3324,3325,-1,
3327,3318,3324,-1,
3328,3305,3306,-1,
3328,3326,3305,-1,
3329,3325,3326,-1,
3329,3327,3325,-1,
3330,3320,3319,-1,
3330,3319,3327,-1,
3331,3306,3307,-1,
3331,3328,3306,-1,
3332,3329,3326,-1,
3332,3326,3328,-1,
3333,3327,3329,-1,
3333,3330,3327,-1,
3334,3307,3308,-1,
3334,3331,3307,-1,
3335,3328,3331,-1,
3335,3332,3328,-1,
3336,3329,3332,-1,
3336,3333,3329,-1,
3337,3320,3330,-1,
3337,3330,3333,-1,
3338,3334,3308,-1,
3339,3331,3334,-1,
3339,3335,3331,-1,
3340,3332,3335,-1,
3340,3336,3332,-1,
3341,3333,3336,-1,
3341,3337,3333,-1,
3342,3321,3320,-1,
3342,3320,3337,-1,
3343,3308,3309,-1,
3343,3338,3308,-1,
3344,3334,3338,-1,
3344,3339,3334,-1,
3345,3335,3339,-1,
3345,3340,3335,-1,
3346,3336,3340,-1,
3346,3341,3336,-1,
3347,3337,3341,-1,
3347,3342,3337,-1,
3348,3309,3310,-1,
3348,3310,3311,-1,
3348,3343,3309,-1,
3349,3338,3343,-1,
3349,3344,3338,-1,
3350,3339,3344,-1,
3350,3345,3339,-1,
3351,3346,3340,-1,
3351,3340,3345,-1,
3352,3347,3341,-1,
3352,3341,3346,-1,
3353,3342,3347,-1,
3353,3322,3321,-1,
3353,3321,3342,-1,
3354,3311,3312,-1,
3354,3348,3311,-1,
3354,3343,3348,-1,
3354,3349,3343,-1,
3355,3350,3344,-1,
3355,3344,3349,-1,
3356,3345,3350,-1,
3356,3351,3345,-1,
3357,3346,3351,-1,
3357,3352,3346,-1,
3358,3347,3352,-1,
3358,3353,3347,-1,
3359,3322,3353,-1,
3359,3323,3322,-1,
3360,3349,3354,-1,
3360,3355,3349,-1,
3361,3356,3350,-1,
3361,3350,3355,-1,
3362,3357,3351,-1,
3362,3351,3356,-1,
3363,3358,3352,-1,
3363,3352,3357,-1,
3364,3359,3353,-1,
3364,3353,3358,-1,
3365,3312,3313,-1,
3365,3360,3354,-1,
3365,3354,3312,-1,
3366,3355,3360,-1,
3366,3361,3355,-1,
3367,3356,3361,-1,
3367,3362,3356,-1,
3368,3357,3362,-1,
3368,3363,3357,-1,
3369,3358,3363,-1,
3369,3364,3358,-1,
3370,3317,3323,-1,
3370,3323,3359,-1,
3370,3359,3364,-1,
3371,3365,3313,-1,
3371,3360,3365,-1,
3371,3366,3360,-1,
3372,3367,3361,-1,
3372,3361,3366,-1,
3373,3362,3367,-1,
3373,3368,3362,-1,
3374,3363,3368,-1,
3374,3369,3363,-1,
3375,3317,3370,-1,
3375,3364,3369,-1,
3375,3370,3364,-1,
3376,3313,3314,-1,
3376,3371,3313,-1,
3376,3366,3371,-1,
3376,3372,3366,-1,
3377,3367,3372,-1,
3377,3373,3367,-1,
3378,3368,3373,-1,
3378,3374,3368,-1,
3379,3317,3375,-1,
3379,3369,3374,-1,
3379,3375,3369,-1,
3380,3314,3315,-1,
3380,3377,3372,-1,
3380,3376,3314,-1,
3380,3372,3376,-1,
3381,3378,3373,-1,
3381,3373,3377,-1,
3382,3374,3378,-1,
3382,3317,3379,-1,
3382,3379,3374,-1,
3383,3377,3380,-1,
3383,3381,3377,-1,
3384,3378,3381,-1,
3384,3382,3378,-1,
3384,3317,3382,-1,
3385,3315,3316,-1,
3385,3383,3380,-1,
3385,3380,3315,-1,
3386,3317,3384,-1,
3386,3316,3317,-1,
3386,3381,3383,-1,
3386,3384,3381,-1,
3387,3385,3316,-1,
3387,3383,3385,-1,
3387,3316,3386,-1,
3387,3386,3383,-1,
3398,3388,3389,-1,
3398,3397,3388,-1,
3399,3389,3390,-1,
3399,3398,3389,-1,
3400,3390,3391,-1,
3400,3399,3390,-1,
3401,3391,3392,-1,
3401,3400,3391,-1,
3402,3392,3393,-1,
3402,3401,3392,-1,
3403,3393,3394,-1,
3403,3402,3393,-1,
3396,3394,3395,-1,
3396,3403,3394,-1,
3411,3412,3419,-1,
3410,3419,3418,-1,
3410,3411,3419,-1,
3409,3418,3417,-1,
3409,3410,3418,-1,
3408,3417,3416,-1,
3408,3409,3417,-1,
3407,3416,3415,-1,
3407,3408,3416,-1,
3406,3415,3414,-1,
3406,3407,3415,-1,
3405,3414,3413,-1,
3405,3406,3414,-1,
3404,3421,3420,-1,
3404,3422,3421,-1,
3404,3413,3422,-1,
3404,3405,3413,-1,
3444,3430,3429,-1,
3444,3443,3430,-1,
3445,3429,3428,-1,
3445,3444,3429,-1,
3446,3445,3428,-1,
3447,3442,3443,-1,
3447,3443,3444,-1,
3447,3444,3445,-1,
3448,3428,3427,-1,
3448,3446,3428,-1,
3449,3445,3446,-1,
3449,3447,3445,-1,
3450,3427,3426,-1,
3450,3448,3427,-1,
3451,3449,3446,-1,
3451,3446,3448,-1,
3452,3441,3442,-1,
3452,3447,3449,-1,
3452,3442,3447,-1,
3453,3426,3425,-1,
3453,3450,3426,-1,
3454,3448,3450,-1,
3454,3451,3448,-1,
3455,3452,3449,-1,
3455,3449,3451,-1,
3456,3441,3452,-1,
3457,3453,3425,-1,
3458,3450,3453,-1,
3458,3454,3450,-1,
3459,3451,3454,-1,
3459,3455,3451,-1,
3460,3452,3455,-1,
3460,3456,3452,-1,
3461,3425,3424,-1,
3461,3457,3425,-1,
3462,3453,3457,-1,
3462,3458,3453,-1,
3463,3459,3454,-1,
3463,3454,3458,-1,
3464,3455,3459,-1,
3464,3460,3455,-1,
3465,3440,3441,-1,
3465,3441,3456,-1,
3465,3456,3460,-1,
3466,3424,3423,-1,
3466,3423,3431,-1,
3466,3461,3424,-1,
3467,3457,3461,-1,
3467,3462,3457,-1,
3468,3458,3462,-1,
3468,3463,3458,-1,
3469,3459,3463,-1,
3469,3464,3459,-1,
3470,3465,3460,-1,
3470,3460,3464,-1,
3471,3439,3440,-1,
3471,3440,3465,-1,
3472,3466,3431,-1,
3472,3461,3466,-1,
3472,3431,3432,-1,
3472,3467,3461,-1,
3473,3462,3467,-1,
3473,3468,3462,-1,
3474,3469,3463,-1,
3474,3463,3468,-1,
3475,3464,3469,-1,
3475,3470,3464,-1,
3476,3465,3470,-1,
3476,3439,3471,-1,
3476,3471,3465,-1,
3477,3467,3472,-1,
3477,3473,3467,-1,
3478,3468,3473,-1,
3478,3474,3468,-1,
3479,3475,3469,-1,
3479,3469,3474,-1,
3480,3476,3470,-1,
3480,3470,3475,-1,
3481,3438,3439,-1,
3481,3439,3476,-1,
3482,3432,3433,-1,
3482,3472,3432,-1,
3482,3477,3472,-1,
3483,3473,3477,-1,
3483,3478,3473,-1,
3484,3479,3474,-1,
3484,3474,3478,-1,
3485,3475,3479,-1,
3485,3480,3475,-1,
3486,3438,3481,-1,
3486,3476,3480,-1,
3486,3481,3476,-1,
3487,3482,3433,-1,
3487,3477,3482,-1,
3487,3483,3477,-1,
3488,3478,3483,-1,
3488,3484,3478,-1,
3489,3485,3479,-1,
3489,3479,3484,-1,
3490,3438,3486,-1,
3490,3480,3485,-1,
3490,3486,3480,-1,
3491,3483,3487,-1,
3491,3488,3483,-1,
3492,3484,3488,-1,
3492,3489,3484,-1,
3493,3485,3489,-1,
3493,3490,3485,-1,
3494,3433,3434,-1,
3494,3487,3433,-1,
3494,3491,3487,-1,
3495,3488,3491,-1,
3495,3492,3488,-1,
3496,3489,3492,-1,
3496,3493,3489,-1,
3497,3434,3435,-1,
3497,3494,3434,-1,
3497,3491,3494,-1,
3497,3495,3491,-1,
3498,3492,3495,-1,
3498,3496,3492,-1,
3499,3498,3495,-1,
3499,3495,3497,-1,
3500,3496,3498,-1,
3500,3437,3438,-1,
3500,3438,3490,-1,
3500,3493,3496,-1,
3500,3490,3493,-1,
3501,3499,3497,-1,
3501,3435,3436,-1,
3501,3497,3435,-1,
3502,3498,3499,-1,
3502,3437,3500,-1,
3502,3500,3498,-1,
3503,3502,3499,-1,
3503,3499,3501,-1,
3503,3437,3502,-1,
3503,3436,3437,-1,
3503,3501,3436,-1,
3510,3511,3512,-1,
3510,3512,3519,-1,
3509,3519,3518,-1,
3509,3510,3519,-1,
3508,3518,3517,-1,
3508,3509,3518,-1,
3507,3517,3516,-1,
3507,3508,3517,-1,
3506,3516,3515,-1,
3506,3507,3516,-1,
3505,3515,3514,-1,
3505,3506,3515,-1,
3504,3514,3513,-1,
3504,3505,3514,-1,
3521,3548,3520,-1,
3560,3542,3541,-1,
3560,3541,3559,-1,
3561,3542,3560,-1,
3561,3543,3542,-1,
3562,3544,3543,-1,
3562,3543,3561,-1,
3563,3545,3544,-1,
3563,3544,3562,-1,
3564,3546,3545,-1,
3564,3545,3563,-1,
3565,3529,3528,-1,
3565,3547,3546,-1,
3565,3528,3547,-1,
3565,3546,3564,-1,
3566,3559,3558,-1,
3566,3560,3559,-1,
3567,3560,3566,-1,
3567,3561,3560,-1,
3568,3562,3561,-1,
3568,3561,3567,-1,
3569,3563,3562,-1,
3569,3562,3568,-1,
3570,3564,3563,-1,
3570,3563,3569,-1,
3571,3530,3529,-1,
3571,3529,3565,-1,
3571,3564,3570,-1,
3571,3565,3564,-1,
3572,3558,3557,-1,
3572,3566,3558,-1,
3573,3567,3566,-1,
3573,3566,3572,-1,
3574,3568,3567,-1,
3574,3567,3573,-1,
3575,3568,3574,-1,
3575,3569,3568,-1,
3576,3569,3575,-1,
3576,3570,3569,-1,
3577,3531,3530,-1,
3577,3571,3570,-1,
3577,3570,3576,-1,
3577,3530,3571,-1,
3578,3557,3556,-1,
3578,3572,3557,-1,
3579,3572,3578,-1,
3579,3573,3572,-1,
3580,3574,3573,-1,
3580,3573,3579,-1,
3581,3574,3580,-1,
3581,3575,3574,-1,
3582,3575,3581,-1,
3582,3576,3575,-1,
3583,3532,3531,-1,
3583,3531,3577,-1,
3583,3577,3576,-1,
3583,3576,3582,-1,
3584,3556,3555,-1,
3584,3578,3556,-1,
3585,3578,3584,-1,
3585,3579,3578,-1,
3586,3580,3579,-1,
3586,3579,3585,-1,
3587,3580,3586,-1,
3587,3581,3580,-1,
3588,3582,3581,-1,
3588,3581,3587,-1,
3589,3533,3532,-1,
3589,3532,3583,-1,
3589,3583,3582,-1,
3589,3582,3588,-1,
3590,3555,3554,-1,
3590,3584,3555,-1,
3591,3585,3584,-1,
3591,3584,3590,-1,
3592,3585,3591,-1,
3592,3586,3585,-1,
3593,3587,3586,-1,
3593,3586,3592,-1,
3594,3587,3593,-1,
3594,3588,3587,-1,
3595,3534,3533,-1,
3595,3533,3589,-1,
3595,3589,3588,-1,
3595,3588,3594,-1,
3596,3554,3553,-1,
3596,3590,3554,-1,
3597,3591,3590,-1,
3597,3590,3596,-1,
3598,3592,3591,-1,
3598,3591,3597,-1,
3599,3593,3592,-1,
3599,3592,3598,-1,
3600,3594,3593,-1,
3600,3593,3599,-1,
3601,3535,3534,-1,
3601,3534,3595,-1,
3601,3595,3594,-1,
3601,3594,3600,-1,
3602,3553,3552,-1,
3602,3596,3553,-1,
3603,3597,3596,-1,
3603,3596,3602,-1,
3604,3597,3603,-1,
3604,3598,3597,-1,
3605,3598,3604,-1,
3605,3599,3598,-1,
3606,3599,3605,-1,
3606,3600,3599,-1,
3607,3601,3600,-1,
3607,3600,3606,-1,
3607,3536,3535,-1,
3607,3535,3601,-1,
3608,3552,3551,-1,
3608,3602,3552,-1,
3609,3603,3602,-1,
3609,3602,3608,-1,
3610,3604,3603,-1,
3610,3603,3609,-1,
3611,3604,3610,-1,
3611,3605,3604,-1,
3612,3606,3605,-1,
3612,3605,3611,-1,
3613,3537,3536,-1,
3613,3536,3607,-1,
3613,3606,3612,-1,
3613,3607,3606,-1,
3614,3608,3551,-1,
3614,3551,3550,-1,
3615,3609,3608,-1,
3615,3608,3614,-1,
3616,3610,3609,-1,
3616,3609,3615,-1,
3617,3611,3610,-1,
3617,3610,3616,-1,
3618,3612,3611,-1,
3618,3611,3617,-1,
3619,3538,3537,-1,
3619,3537,3613,-1,
3619,3613,3612,-1,
3619,3612,3618,-1,
3620,3550,3549,-1,
3620,3614,3550,-1,
3621,3615,3614,-1,
3621,3614,3620,-1,
3622,3616,3615,-1,
3622,3615,3621,-1,
3623,3616,3622,-1,
3623,3617,3616,-1,
3624,3618,3617,-1,
3624,3617,3623,-1,
3625,3538,3619,-1,
3625,3539,3538,-1,
3625,3619,3618,-1,
3625,3618,3624,-1,
3626,3548,3521,-1,
3626,3549,3548,-1,
3626,3620,3549,-1,
3627,3521,3522,-1,
3627,3620,3626,-1,
3627,3621,3620,-1,
3627,3626,3521,-1,
3628,3522,3523,-1,
3628,3621,3627,-1,
3628,3622,3621,-1,
3628,3627,3522,-1,
3629,3523,3524,-1,
3629,3623,3622,-1,
3629,3628,3523,-1,
3629,3622,3628,-1,
3630,3524,3525,-1,
3630,3624,3623,-1,
3630,3629,3524,-1,
3630,3623,3629,-1,
3631,3525,3526,-1,
3631,3526,3527,-1,
3631,3539,3625,-1,
3631,3540,3539,-1,
3631,3527,3540,-1,
3631,3624,3630,-1,
3631,3625,3624,-1,
3631,3630,3525,-1,
3638,3639,3640,-1,
3638,3640,3647,-1,
3637,3647,3646,-1,
3637,3638,3647,-1,
3636,3646,3645,-1,
3636,3637,3646,-1,
3635,3645,3644,-1,
3635,3636,3645,-1,
3634,3644,3643,-1,
3634,3635,3644,-1,
3633,3643,3642,-1,
3633,3634,3643,-1,
3632,3642,3641,-1,
3632,3633,3642,-1,
3690,3654,3655,-1,
3690,3655,3669,-1,
3691,3653,3654,-1,
3691,3654,3690,-1,
3692,3652,3653,-1,
3692,3653,3691,-1,
3693,3651,3652,-1,
3693,3652,3692,-1,
3694,3650,3651,-1,
3694,3651,3693,-1,
3695,3648,3649,-1,
3695,3649,3650,-1,
3695,3650,3694,-1,
3695,3677,3648,-1,
3696,3669,3668,-1,
3696,3690,3669,-1,
3697,3690,3696,-1,
3697,3691,3690,-1,
3698,3692,3691,-1,
3698,3691,3697,-1,
3699,3692,3698,-1,
3699,3693,3692,-1,
3700,3694,3693,-1,
3700,3693,3699,-1,
3701,3678,3677,-1,
3701,3695,3694,-1,
3701,3677,3695,-1,
3701,3694,3700,-1,
3702,3668,3667,-1,
3702,3696,3668,-1,
3703,3696,3702,-1,
3703,3697,3696,-1,
3704,3697,3703,-1,
3704,3698,3697,-1,
3705,3698,3704,-1,
3705,3699,3698,-1,
3706,3700,3699,-1,
3706,3699,3705,-1,
3707,3700,3706,-1,
3707,3679,3678,-1,
3707,3701,3700,-1,
3707,3678,3701,-1,
3708,3667,3666,-1,
3708,3702,3667,-1,
3709,3703,3702,-1,
3709,3702,3708,-1,
3710,3703,3709,-1,
3710,3704,3703,-1,
3711,3704,3710,-1,
3711,3705,3704,-1,
3712,3706,3705,-1,
3712,3705,3711,-1,
3713,3679,3707,-1,
3713,3680,3679,-1,
3713,3706,3712,-1,
3713,3707,3706,-1,
3714,3666,3665,-1,
3714,3708,3666,-1,
3715,3709,3708,-1,
3715,3708,3714,-1,
3716,3710,3709,-1,
3716,3709,3715,-1,
3717,3710,3716,-1,
3717,3711,3710,-1,
3718,3712,3711,-1,
3718,3711,3717,-1,
3719,3680,3713,-1,
3719,3681,3680,-1,
3719,3713,3712,-1,
3719,3712,3718,-1,
3720,3665,3664,-1,
3720,3714,3665,-1,
3721,3715,3714,-1,
3721,3714,3720,-1,
3722,3715,3721,-1,
3722,3716,3715,-1,
3723,3717,3716,-1,
3723,3716,3722,-1,
3724,3718,3717,-1,
3724,3717,3723,-1,
3725,3682,3681,-1,
3725,3681,3719,-1,
3725,3719,3718,-1,
3725,3718,3724,-1,
3726,3664,3663,-1,
3726,3720,3664,-1,
3727,3721,3720,-1,
3727,3720,3726,-1,
3728,3722,3721,-1,
3728,3721,3727,-1,
3729,3722,3728,-1,
3729,3723,3722,-1,
3730,3724,3723,-1,
3730,3723,3729,-1,
3731,3724,3730,-1,
3731,3683,3682,-1,
3731,3682,3725,-1,
3731,3725,3724,-1,
3732,3663,3662,-1,
3732,3726,3663,-1,
3733,3726,3732,-1,
3733,3727,3726,-1,
3734,3727,3733,-1,
3734,3728,3727,-1,
3735,3728,3734,-1,
3735,3729,3728,-1,
3736,3730,3729,-1,
3736,3729,3735,-1,
3737,3684,3683,-1,
3737,3683,3731,-1,
3737,3730,3736,-1,
3737,3731,3730,-1,
3738,3662,3661,-1,
3738,3732,3662,-1,
3739,3732,3738,-1,
3739,3733,3732,-1,
3740,3734,3733,-1,
3740,3733,3739,-1,
3741,3734,3740,-1,
3741,3735,3734,-1,
3742,3736,3735,-1,
3742,3735,3741,-1,
3743,3684,3737,-1,
3743,3737,3736,-1,
3743,3736,3742,-1,
3743,3685,3684,-1,
3744,3661,3660,-1,
3744,3738,3661,-1,
3745,3739,3738,-1,
3745,3738,3744,-1,
3746,3740,3739,-1,
3746,3739,3745,-1,
3747,3741,3740,-1,
3747,3740,3746,-1,
3748,3742,3741,-1,
3748,3741,3747,-1,
3749,3686,3685,-1,
3749,3743,3742,-1,
3749,3685,3743,-1,
3749,3742,3748,-1,
3750,3744,3660,-1,
3750,3660,3659,-1,
3751,3745,3744,-1,
3751,3744,3750,-1,
3752,3746,3745,-1,
3752,3745,3751,-1,
3753,3747,3746,-1,
3753,3746,3752,-1,
3754,3748,3747,-1,
3754,3747,3753,-1,
3755,3687,3686,-1,
3755,3748,3754,-1,
3755,3686,3749,-1,
3755,3749,3748,-1,
3756,3750,3659,-1,
3756,3659,3658,-1,
3757,3751,3750,-1,
3757,3750,3756,-1,
3758,3751,3757,-1,
3758,3752,3751,-1,
3759,3753,3752,-1,
3759,3752,3758,-1,
3760,3753,3759,-1,
3760,3754,3753,-1,
3761,3688,3687,-1,
3761,3687,3755,-1,
3761,3755,3754,-1,
3761,3754,3760,-1,
3762,3657,3656,-1,
3762,3658,3657,-1,
3762,3656,3676,-1,
3762,3756,3658,-1,
3763,3757,3756,-1,
3763,3756,3762,-1,
3763,3676,3675,-1,
3763,3762,3676,-1,
3764,3675,3674,-1,
3764,3763,3675,-1,
3764,3758,3757,-1,
3764,3757,3763,-1,
3765,3758,3764,-1,
3765,3764,3674,-1,
3765,3674,3673,-1,
3765,3759,3758,-1,
3766,3759,3765,-1,
3766,3673,3672,-1,
3766,3765,3673,-1,
3766,3760,3759,-1,
3767,3760,3766,-1,
3767,3671,3670,-1,
3767,3672,3671,-1,
3767,3766,3672,-1,
3767,3689,3688,-1,
3767,3670,3689,-1,
3767,3688,3761,-1,
3767,3761,3760,-1,
3778,3768,3769,-1,
3778,3777,3768,-1,
3779,3769,3770,-1,
3779,3778,3769,-1,
3780,3770,3771,-1,
3780,3779,3770,-1,
3781,3771,3772,-1,
3781,3780,3771,-1,
3782,3772,3773,-1,
3782,3781,3772,-1,
3783,3773,3774,-1,
3783,3782,3773,-1,
3776,3774,3775,-1,
3776,3783,3774,-1,
3793,3794,3800,-1,
3792,3800,3799,-1,
3792,3793,3800,-1,
3791,3799,3798,-1,
3791,3792,3799,-1,
3790,3798,3797,-1,
3790,3791,3798,-1,
3789,3797,3796,-1,
3789,3790,3797,-1,
3788,3796,3795,-1,
3788,3789,3796,-1,
3785,3795,3784,-1,
3786,3788,3795,-1,
3786,3795,3785,-1,
3787,3788,3786,-1,
3802,3803,3804,-1,
3802,3804,3801,-1,
3805,3806,3807,-1,
3805,3807,3808,-1,
3810,3811,3812,-1,
3810,3812,3809,-1,
3815,3813,3814,-1,
3815,3816,3813,-1,
3830,3831,3832,-1,
3830,3832,3833,-1,
3829,3833,3834,-1,
3829,3830,3833,-1,
3828,3834,3835,-1,
3828,3835,3836,-1,
3828,3829,3834,-1,
3827,3836,3837,-1,
3827,3828,3836,-1,
3826,3837,3838,-1,
3826,3827,3837,-1,
3825,3838,3839,-1,
3825,3826,3838,-1,
3824,3839,3840,-1,
3824,3825,3839,-1,
3823,3840,3841,-1,
3823,3824,3840,-1,
3822,3841,3842,-1,
3822,3823,3841,-1,
3821,3842,3843,-1,
3821,3822,3842,-1,
3820,3843,3844,-1,
3820,3821,3843,-1,
3819,3844,3818,-1,
3819,3820,3844,-1,
3817,3819,3818,-1,
3864,3854,3855,-1,
3864,3865,3854,-1,
3866,3853,3854,-1,
3866,3854,3865,-1,
3863,3855,3856,-1,
3863,3864,3855,-1,
3867,3852,3853,-1,
3867,3853,3866,-1,
3862,3856,3857,-1,
3862,3863,3856,-1,
3868,3851,3852,-1,
3868,3852,3867,-1,
3861,3857,3858,-1,
3861,3862,3857,-1,
3869,3850,3851,-1,
3869,3851,3868,-1,
3860,3858,3859,-1,
3860,3861,3858,-1,
3870,3849,3850,-1,
3870,3850,3869,-1,
3871,3848,3849,-1,
3871,3849,3870,-1,
3872,3847,3848,-1,
3872,3848,3871,-1,
3846,3845,3847,-1,
3846,3847,3872,-1,
3885,3886,3888,-1,
3884,3885,3889,-1,
3885,3888,3889,-1,
3883,3884,3890,-1,
3884,3889,3890,-1,
3882,3883,3891,-1,
3883,3890,3891,-1,
3881,3882,3892,-1,
3882,3891,3892,-1,
3881,3892,3893,-1,
3880,3881,3894,-1,
3881,3893,3894,-1,
3879,3880,3895,-1,
3880,3894,3895,-1,
3878,3879,3896,-1,
3879,3895,3896,-1,
3877,3878,3897,-1,
3878,3896,3897,-1,
3876,3877,3898,-1,
3877,3897,3898,-1,
3875,3876,3899,-1,
3876,3898,3899,-1,
3874,3875,3900,-1,
3875,3899,3900,-1,
3873,3874,3887,-1,
3874,3900,3887,-1,
3928,3901,3902,-1,
3928,3902,3903,-1,
3927,3903,3904,-1,
3927,3928,3903,-1,
3926,3904,3905,-1,
3926,3927,3904,-1,
3925,3905,3906,-1,
3925,3926,3905,-1,
3907,3924,3925,-1,
3907,3925,3906,-1,
3908,3923,3924,-1,
3908,3924,3907,-1,
3909,3922,3923,-1,
3909,3923,3908,-1,
3910,3921,3922,-1,
3910,3922,3909,-1,
3911,3920,3921,-1,
3911,3921,3910,-1,
3912,3919,3920,-1,
3912,3920,3911,-1,
3913,3918,3919,-1,
3913,3919,3912,-1,
3914,3917,3918,-1,
3914,3918,3913,-1,
3915,3916,3917,-1,
3915,3917,3914,-1,
3929,3931,3932,-1,
3929,3932,3930,-1,
3935,3934,3933,-1,
3935,3936,3934,-1,
3938,3939,3940,-1,
3938,3940,3937,-1,
3941,3942,3943,-1,
3941,3943,3944,-1,
3974,3960,3945,-1,
3973,3974,3946,-1,
3974,3945,3946,-1,
3972,3973,3947,-1,
3973,3946,3947,-1,
3971,3972,3948,-1,
3972,3947,3948,-1,
3970,3971,3949,-1,
3971,3948,3949,-1,
3969,3970,3950,-1,
3970,3949,3950,-1,
3968,3969,3951,-1,
3969,3950,3951,-1,
3967,3968,3952,-1,
3968,3951,3952,-1,
3966,3967,3953,-1,
3967,3952,3953,-1,
3966,3953,3954,-1,
3964,3965,3955,-1,
3965,3966,3955,-1,
3966,3954,3955,-1,
3964,3955,3956,-1,
3963,3964,3957,-1,
3964,3956,3957,-1,
3962,3963,3958,-1,
3963,3957,3958,-1,
3961,3962,3959,-1,
3962,3958,3959,-1,
3992,3989,3990,-1,
3992,3990,3991,-1,
3993,3988,3989,-1,
3993,3989,3992,-1,
3994,3987,3988,-1,
3994,3988,3993,-1,
3995,3986,3987,-1,
3995,3987,3994,-1,
3996,3985,3986,-1,
3996,3986,3995,-1,
4004,3976,3975,-1,
4004,3975,3977,-1,
3997,3984,3985,-1,
3997,3985,3996,-1,
4003,3977,3978,-1,
4003,4004,3977,-1,
3998,3983,3984,-1,
3998,3984,3997,-1,
4002,3978,3979,-1,
4002,4003,3978,-1,
3999,3982,3983,-1,
3999,3983,3998,-1,
4001,3979,3980,-1,
4001,4002,3979,-1,
4000,3980,3981,-1,
4000,3981,3982,-1,
4000,3982,3999,-1,
4000,4001,3980,-1,
4034,4005,4006,-1,
4034,4006,4007,-1,
4033,4007,4008,-1,
4033,4034,4007,-1,
4032,4008,4009,-1,
4032,4033,4008,-1,
4031,4009,4010,-1,
4031,4032,4009,-1,
4030,4010,4011,-1,
4030,4031,4010,-1,
4029,4011,4012,-1,
4029,4030,4011,-1,
4028,4012,4013,-1,
4028,4013,4014,-1,
4028,4029,4012,-1,
4027,4014,4015,-1,
4027,4028,4014,-1,
4026,4015,4016,-1,
4026,4027,4015,-1,
4025,4016,4017,-1,
4025,4026,4016,-1,
4024,4017,4018,-1,
4024,4025,4017,-1,
4023,4024,4018,-1,
4022,4018,4019,-1,
4022,4023,4018,-1,
4021,4019,4020,-1,
4021,4022,4019,-1,
4037,4035,4036,-1,
4037,4064,4035,-1,
4038,4063,4064,-1,
4038,4064,4037,-1,
4039,4062,4063,-1,
4039,4063,4038,-1,
4040,4061,4062,-1,
4040,4062,4039,-1,
4041,4060,4061,-1,
4041,4061,4040,-1,
4042,4059,4060,-1,
4042,4060,4041,-1,
4043,4058,4059,-1,
4043,4059,4042,-1,
4044,4057,4058,-1,
4044,4058,4043,-1,
4045,4056,4057,-1,
4045,4057,4044,-1,
4055,4045,4046,-1,
4055,4056,4045,-1,
4054,4046,4047,-1,
4054,4055,4046,-1,
4053,4047,4048,-1,
4053,4054,4047,-1,
4052,4048,4049,-1,
4052,4053,4048,-1,
4051,4049,4050,-1,
4051,4052,4049,-1,
4068,4067,4065,-1,
4066,4068,4065,-1,
4069,4070,4072,-1,
4071,4069,4072,-1,
4073,4074,4076,-1,
4075,4073,4076,-1,
4080,4079,4077,-1,
4078,4080,4077,-1,
4083,4081,4082,-1,
4083,4084,4081,-1,
4086,4087,4085,-1,
4087,4088,4085,-1,
4088,4089,4085,-1,
4089,4090,4085,-1,
4090,4091,4085,-1,
4091,4092,4085,-1,
4098,4099,4097,-1,
4093,4085,4094,-1,
4095,4096,4094,-1,
4096,4097,4094,-1,
4099,4100,4094,-1,
4100,4093,4094,-1,
4085,4092,4094,-1,
4097,4099,4094,-1,
4112,4113,4114,-1,
4112,4114,4115,-1,
4110,4111,4109,-1,
4111,4112,4109,-1,
4115,4116,4109,-1,
4112,4115,4109,-1,
4109,4102,4101,-1,
4092,4110,4101,-1,
4094,4092,4101,-1,
4110,4109,4101,-1,
4102,4103,4105,-1,
4103,4104,4105,-1,
4107,4108,4106,-1,
4108,4101,4106,-1,
4101,4102,4106,-1,
4102,4105,4106,-1,
4117,4125,4132,-1,
4118,4132,4131,-1,
4118,4117,4132,-1,
4119,4131,4130,-1,
4119,4118,4131,-1,
4120,4130,4129,-1,
4120,4119,4130,-1,
4121,4129,4128,-1,
4121,4120,4129,-1,
4122,4128,4127,-1,
4122,4121,4128,-1,
4123,4122,4127,-1,
4124,4127,4126,-1,
4124,4123,4127,-1,
4155,4174,4156,-1,
4175,4139,4140,-1,
4175,4140,4154,-1,
4176,4138,4139,-1,
4176,4139,4175,-1,
4177,4137,4138,-1,
4177,4138,4176,-1,
4178,4136,4137,-1,
4178,4137,4177,-1,
4179,4135,4136,-1,
4179,4136,4178,-1,
4180,4133,4134,-1,
4180,4135,4179,-1,
4180,4134,4135,-1,
4180,4162,4133,-1,
4181,4154,4153,-1,
4181,4175,4154,-1,
4182,4175,4181,-1,
4182,4176,4175,-1,
4183,4177,4176,-1,
4183,4176,4182,-1,
4184,4177,4183,-1,
4184,4178,4177,-1,
4185,4178,4184,-1,
4185,4179,4178,-1,
4186,4179,4185,-1,
4186,4163,4162,-1,
4186,4180,4179,-1,
4186,4162,4180,-1,
4187,4153,4152,-1,
4187,4181,4153,-1,
4188,4181,4187,-1,
4188,4182,4181,-1,
4189,4182,4188,-1,
4189,4183,4182,-1,
4190,4183,4189,-1,
4190,4184,4183,-1,
4191,4185,4184,-1,
4191,4184,4190,-1,
4192,4163,4186,-1,
4192,4185,4191,-1,
4192,4164,4163,-1,
4192,4186,4185,-1,
4193,4152,4151,-1,
4193,4187,4152,-1,
4194,4187,4193,-1,
4194,4188,4187,-1,
4195,4188,4194,-1,
4195,4189,4188,-1,
4196,4190,4189,-1,
4196,4189,4195,-1,
4197,4190,4196,-1,
4197,4191,4190,-1,
4198,4165,4164,-1,
4198,4164,4192,-1,
4198,4191,4197,-1,
4198,4192,4191,-1,
4199,4151,4150,-1,
4199,4193,4151,-1,
4200,4194,4193,-1,
4200,4193,4199,-1,
4201,4195,4194,-1,
4201,4194,4200,-1,
4202,4196,4195,-1,
4202,4195,4201,-1,
4203,4196,4202,-1,
4203,4197,4196,-1,
4204,4166,4165,-1,
4204,4165,4198,-1,
4204,4198,4197,-1,
4204,4197,4203,-1,
4205,4150,4149,-1,
4205,4199,4150,-1,
4206,4200,4199,-1,
4206,4199,4205,-1,
4207,4201,4200,-1,
4207,4200,4206,-1,
4208,4202,4201,-1,
4208,4201,4207,-1,
4209,4202,4208,-1,
4209,4203,4202,-1,
4210,4167,4166,-1,
4210,4166,4204,-1,
4210,4204,4203,-1,
4210,4203,4209,-1,
4211,4149,4148,-1,
4211,4205,4149,-1,
4212,4206,4205,-1,
4212,4205,4211,-1,
4213,4207,4206,-1,
4213,4206,4212,-1,
4214,4208,4207,-1,
4214,4207,4213,-1,
4215,4209,4208,-1,
4215,4208,4214,-1,
4216,4209,4215,-1,
4216,4168,4167,-1,
4216,4167,4210,-1,
4216,4210,4209,-1,
4217,4148,4147,-1,
4217,4211,4148,-1,
4218,4212,4211,-1,
4218,4211,4217,-1,
4219,4212,4218,-1,
4219,4213,4212,-1,
4220,4213,4219,-1,
4220,4214,4213,-1,
4221,4215,4214,-1,
4221,4214,4220,-1,
4222,4215,4221,-1,
4222,4168,4216,-1,
4222,4169,4168,-1,
4222,4216,4215,-1,
4223,4147,4146,-1,
4223,4217,4147,-1,
4224,4218,4217,-1,
4224,4217,4223,-1,
4225,4219,4218,-1,
4225,4218,4224,-1,
4226,4219,4225,-1,
4226,4220,4219,-1,
4227,4220,4226,-1,
4227,4221,4220,-1,
4228,4221,4227,-1,
4228,4222,4221,-1,
4228,4169,4222,-1,
4228,4170,4169,-1,
4229,4146,4145,-1,
4229,4223,4146,-1,
4230,4223,4229,-1,
4230,4224,4223,-1,
4231,4225,4224,-1,
4231,4224,4230,-1,
4232,4226,4225,-1,
4232,4225,4231,-1,
4233,4227,4226,-1,
4233,4226,4232,-1,
4234,4228,4227,-1,
4234,4171,4170,-1,
4234,4170,4228,-1,
4234,4227,4233,-1,
4235,4145,4144,-1,
4235,4229,4145,-1,
4236,4229,4235,-1,
4236,4230,4229,-1,
4237,4231,4230,-1,
4237,4230,4236,-1,
4238,4231,4237,-1,
4238,4232,4231,-1,
4239,4233,4232,-1,
4239,4232,4238,-1,
4240,4172,4171,-1,
4240,4171,4234,-1,
4240,4233,4239,-1,
4240,4234,4233,-1,
4241,4144,4143,-1,
4241,4235,4144,-1,
4242,4235,4241,-1,
4242,4236,4235,-1,
4243,4237,4236,-1,
4243,4236,4242,-1,
4244,4237,4243,-1,
4244,4238,4237,-1,
4245,4239,4238,-1,
4245,4238,4244,-1,
4246,4173,4172,-1,
4246,4172,4240,-1,
4246,4240,4239,-1,
4246,4239,4245,-1,
4247,4142,4141,-1,
4247,4143,4142,-1,
4247,4141,4161,-1,
4247,4241,4143,-1,
4248,4247,4161,-1,
4248,4161,4160,-1,
4248,4242,4241,-1,
4248,4241,4247,-1,
4249,4248,4160,-1,
4249,4160,4159,-1,
4249,4243,4242,-1,
4249,4242,4248,-1,
4250,4243,4249,-1,
4250,4159,4158,-1,
4250,4244,4243,-1,
4250,4249,4159,-1,
4251,4244,4250,-1,
4251,4250,4158,-1,
4251,4158,4157,-1,
4251,4245,4244,-1,
4252,4245,4251,-1,
4252,4157,4156,-1,
4252,4156,4174,-1,
4252,4174,4173,-1,
4252,4251,4157,-1,
4252,4173,4246,-1,
4252,4246,4245,-1,
4254,4253,4261,-1,
4254,4261,4268,-1,
4255,4268,4267,-1,
4255,4254,4268,-1,
4256,4267,4266,-1,
4256,4255,4267,-1,
4257,4266,4265,-1,
4257,4256,4266,-1,
4258,4265,4264,-1,
4258,4257,4265,-1,
4259,4264,4263,-1,
4259,4258,4264,-1,
4260,4263,4262,-1,
4260,4259,4263,-1,
4279,4269,4270,-1,
4279,4278,4269,-1,
4280,4270,4271,-1,
4280,4279,4270,-1,
4281,4271,4272,-1,
4281,4280,4271,-1,
4282,4272,4273,-1,
4282,4281,4272,-1,
4283,4273,4274,-1,
4283,4282,4273,-1,
4284,4274,4275,-1,
4284,4283,4274,-1,
4277,4275,4276,-1,
4277,4284,4275,-1,
4286,4285,4293,-1,
4286,4293,4300,-1,
4287,4300,4299,-1,
4287,4286,4300,-1,
4288,4299,4298,-1,
4288,4287,4299,-1,
4289,4298,4297,-1,
4289,4288,4298,-1,
4290,4297,4296,-1,
4290,4289,4297,-1,
4291,4296,4295,-1,
4291,4290,4296,-1,
4292,4295,4294,-1,
4292,4291,4295,-1,
4343,4324,4323,-1,
4343,4323,4342,-1,
4344,4324,4343,-1,
4344,4325,4324,-1,
4345,4326,4325,-1,
4345,4325,4344,-1,
4346,4327,4326,-1,
4346,4326,4345,-1,
4347,4327,4346,-1,
4347,4328,4327,-1,
4348,4310,4309,-1,
4348,4329,4328,-1,
4348,4309,4329,-1,
4348,4328,4347,-1,
4349,4342,4341,-1,
4349,4343,4342,-1,
4350,4343,4349,-1,
4350,4344,4343,-1,
4351,4345,4344,-1,
4351,4344,4350,-1,
4352,4345,4351,-1,
4352,4346,4345,-1,
4353,4347,4346,-1,
4353,4346,4352,-1,
4354,4311,4310,-1,
4354,4310,4348,-1,
4354,4348,4347,-1,
4354,4347,4353,-1,
4355,4341,4340,-1,
4355,4349,4341,-1,
4356,4349,4355,-1,
4356,4350,4349,-1,
4357,4350,4356,-1,
4357,4351,4350,-1,
4358,4352,4351,-1,
4358,4351,4357,-1,
4359,4353,4352,-1,
4359,4352,4358,-1,
4360,4312,4311,-1,
4360,4354,4353,-1,
4360,4353,4359,-1,
4360,4311,4354,-1,
4361,4340,4339,-1,
4361,4355,4340,-1,
4362,4355,4361,-1,
4362,4356,4355,-1,
4363,4356,4362,-1,
4363,4357,4356,-1,
4364,4357,4363,-1,
4364,4358,4357,-1,
4365,4358,4364,-1,
4365,4359,4358,-1,
4366,4312,4360,-1,
4366,4313,4312,-1,
4366,4360,4359,-1,
4366,4359,4365,-1,
4367,4339,4338,-1,
4367,4361,4339,-1,
4368,4362,4361,-1,
4368,4361,4367,-1,
4369,4362,4368,-1,
4369,4363,4362,-1,
4370,4364,4363,-1,
4370,4363,4369,-1,
4371,4364,4370,-1,
4371,4365,4364,-1,
4372,4313,4366,-1,
4372,4314,4313,-1,
4372,4366,4365,-1,
4372,4365,4371,-1,
4373,4338,4337,-1,
4373,4367,4338,-1,
4374,4368,4367,-1,
4374,4367,4373,-1,
4375,4369,4368,-1,
4375,4368,4374,-1,
4376,4370,4369,-1,
4376,4369,4375,-1,
4377,4371,4370,-1,
4377,4370,4376,-1,
4378,4315,4314,-1,
4378,4314,4372,-1,
4378,4372,4371,-1,
4378,4371,4377,-1,
4379,4337,4336,-1,
4379,4373,4337,-1,
4380,4374,4373,-1,
4380,4373,4379,-1,
4381,4375,4374,-1,
4381,4374,4380,-1,
4382,4376,4375,-1,
4382,4375,4381,-1,
4383,4377,4376,-1,
4383,4376,4382,-1,
4384,4377,4383,-1,
4384,4316,4315,-1,
4384,4315,4378,-1,
4384,4378,4377,-1,
4385,4336,4335,-1,
4385,4379,4336,-1,
4386,4380,4379,-1,
4386,4379,4385,-1,
4387,4380,4386,-1,
4387,4381,4380,-1,
4388,4381,4387,-1,
4388,4382,4381,-1,
4389,4383,4382,-1,
4389,4382,4388,-1,
4390,4383,4389,-1,
4390,4317,4316,-1,
4390,4316,4384,-1,
4390,4384,4383,-1,
4391,4335,4334,-1,
4391,4385,4335,-1,
4392,4385,4391,-1,
4392,4386,4385,-1,
4393,4387,4386,-1,
4393,4386,4392,-1,
4394,4387,4393,-1,
4394,4388,4387,-1,
4395,4389,4388,-1,
4395,4388,4394,-1,
4396,4317,4390,-1,
4396,4390,4389,-1,
4396,4318,4317,-1,
4396,4389,4395,-1,
4397,4334,4333,-1,
4397,4391,4334,-1,
4398,4392,4391,-1,
4398,4391,4397,-1,
4399,4392,4398,-1,
4399,4393,4392,-1,
4400,4393,4399,-1,
4400,4394,4393,-1,
4401,4394,4400,-1,
4401,4395,4394,-1,
4402,4319,4318,-1,
4402,4318,4396,-1,
4402,4396,4395,-1,
4402,4395,4401,-1,
4403,4333,4332,-1,
4403,4397,4333,-1,
4404,4398,4397,-1,
4404,4397,4403,-1,
4405,4398,4404,-1,
4405,4399,4398,-1,
4406,4400,4399,-1,
4406,4399,4405,-1,
4407,4401,4400,-1,
4407,4400,4406,-1,
4408,4320,4319,-1,
4408,4319,4402,-1,
4408,4402,4401,-1,
4408,4401,4407,-1,
4409,4403,4332,-1,
4409,4332,4331,-1,
4410,4404,4403,-1,
4410,4403,4409,-1,
4411,4405,4404,-1,
4411,4404,4410,-1,
4412,4406,4405,-1,
4412,4405,4411,-1,
4413,4406,4412,-1,
4413,4407,4406,-1,
4414,4321,4320,-1,
4414,4320,4408,-1,
4414,4408,4407,-1,
4414,4407,4413,-1,
4415,4301,4302,-1,
4415,4409,4331,-1,
4415,4330,4301,-1,
4415,4331,4330,-1,
4416,4302,4303,-1,
4416,4410,4409,-1,
4416,4409,4415,-1,
4416,4415,4302,-1,
4417,4303,4304,-1,
4417,4410,4416,-1,
4417,4411,4410,-1,
4417,4416,4303,-1,
4418,4417,4304,-1,
4418,4411,4417,-1,
4418,4304,4305,-1,
4418,4412,4411,-1,
4419,4305,4306,-1,
4419,4412,4418,-1,
4419,4418,4305,-1,
4419,4413,4412,-1,
4420,4306,4307,-1,
4420,4419,4306,-1,
4420,4307,4308,-1,
4420,4413,4419,-1,
4420,4322,4321,-1,
4420,4308,4322,-1,
4420,4321,4414,-1,
4420,4414,4413,-1,
4461,4443,4442,-1,
4461,4442,4460,-1,
4462,4443,4461,-1,
4462,4444,4443,-1,
4463,4445,4444,-1,
4463,4444,4462,-1,
4464,4446,4445,-1,
4464,4445,4463,-1,
4465,4447,4446,-1,
4465,4446,4464,-1,
4466,4430,4429,-1,
4466,4448,4447,-1,
4466,4429,4448,-1,
4466,4447,4465,-1,
4467,4460,4459,-1,
4467,4461,4460,-1,
4468,4461,4467,-1,
4468,4462,4461,-1,
4469,4463,4462,-1,
4469,4462,4468,-1,
4470,4464,4463,-1,
4470,4463,4469,-1,
4471,4465,4464,-1,
4471,4464,4470,-1,
4472,4431,4430,-1,
4472,4430,4466,-1,
4472,4465,4471,-1,
4472,4466,4465,-1,
4473,4459,4458,-1,
4473,4467,4459,-1,
4474,4468,4467,-1,
4474,4467,4473,-1,
4475,4469,4468,-1,
4475,4468,4474,-1,
4476,4470,4469,-1,
4476,4469,4475,-1,
4477,4470,4476,-1,
4477,4471,4470,-1,
4478,4472,4471,-1,
4478,4431,4472,-1,
4478,4432,4431,-1,
4478,4471,4477,-1,
4479,4458,4457,-1,
4479,4473,4458,-1,
4480,4473,4479,-1,
4480,4474,4473,-1,
4481,4474,4480,-1,
4481,4475,4474,-1,
4482,4475,4481,-1,
4482,4476,4475,-1,
4483,4476,4482,-1,
4483,4477,4476,-1,
4484,4433,4432,-1,
4484,4432,4478,-1,
4484,4478,4477,-1,
4484,4477,4483,-1,
4485,4457,4456,-1,
4485,4479,4457,-1,
4486,4480,4479,-1,
4486,4479,4485,-1,
4487,4480,4486,-1,
4487,4481,4480,-1,
4488,4482,4481,-1,
4488,4481,4487,-1,
4489,4483,4482,-1,
4489,4482,4488,-1,
4490,4434,4433,-1,
4490,4433,4484,-1,
4490,4484,4483,-1,
4490,4483,4489,-1,
4491,4456,4455,-1,
4491,4485,4456,-1,
4492,4486,4485,-1,
4492,4485,4491,-1,
4493,4486,4492,-1,
4493,4487,4486,-1,
4494,4488,4487,-1,
4494,4487,4493,-1,
4495,4489,4488,-1,
4495,4488,4494,-1,
4496,4435,4434,-1,
4496,4434,4490,-1,
4496,4490,4489,-1,
4496,4489,4495,-1,
4497,4455,4454,-1,
4497,4491,4455,-1,
4498,4492,4491,-1,
4498,4491,4497,-1,
4499,4493,4492,-1,
4499,4492,4498,-1,
4500,4494,4493,-1,
4500,4493,4499,-1,
4501,4495,4494,-1,
4501,4494,4500,-1,
4502,4436,4435,-1,
4502,4435,4496,-1,
4502,4496,4495,-1,
4502,4495,4501,-1,
4503,4454,4453,-1,
4503,4497,4454,-1,
4504,4497,4503,-1,
4504,4498,4497,-1,
4505,4498,4504,-1,
4505,4499,4498,-1,
4506,4499,4505,-1,
4506,4500,4499,-1,
4507,4500,4506,-1,
4507,4501,4500,-1,
4508,4502,4501,-1,
4508,4501,4507,-1,
4508,4437,4436,-1,
4508,4436,4502,-1,
4509,4453,4452,-1,
4509,4503,4453,-1,
4510,4504,4503,-1,
4510,4503,4509,-1,
4511,4505,4504,-1,
4511,4504,4510,-1,
4512,4506,4505,-1,
4512,4505,4511,-1,
4513,4507,4506,-1,
4513,4506,4512,-1,
4514,4507,4513,-1,
4514,4438,4437,-1,
4514,4437,4508,-1,
4514,4508,4507,-1,
4515,4509,4452,-1,
4515,4452,4451,-1,
4516,4509,4515,-1,
4516,4510,4509,-1,
4517,4511,4510,-1,
4517,4510,4516,-1,
4518,4512,4511,-1,
4518,4511,4517,-1,
4519,4513,4512,-1,
4519,4512,4518,-1,
4520,4438,4514,-1,
4520,4439,4438,-1,
4520,4514,4513,-1,
4520,4513,4519,-1,
4521,4451,4450,-1,
4521,4515,4451,-1,
4522,4515,4521,-1,
4522,4516,4515,-1,
4523,4516,4522,-1,
4523,4517,4516,-1,
4524,4518,4517,-1,
4524,4517,4523,-1,
4525,4519,4518,-1,
4525,4518,4524,-1,
4526,4440,4439,-1,
4526,4439,4520,-1,
4526,4520,4519,-1,
4526,4519,4525,-1,
4527,4421,4422,-1,
4527,4449,4421,-1,
4527,4450,4449,-1,
4527,4521,4450,-1,
4528,4422,4423,-1,
4528,4522,4521,-1,
4528,4527,4422,-1,
4528,4521,4527,-1,
4529,4423,4424,-1,
4529,4528,4423,-1,
4529,4523,4522,-1,
4529,4522,4528,-1,
4530,4424,4425,-1,
4530,4524,4523,-1,
4530,4523,4529,-1,
4530,4529,4424,-1,
4531,4425,4426,-1,
4531,4524,4530,-1,
4531,4525,4524,-1,
4531,4530,4425,-1,
4532,4426,4427,-1,
4532,4427,4428,-1,
4532,4441,4440,-1,
4532,4428,4441,-1,
4532,4440,4526,-1,
4532,4526,4525,-1,
4532,4531,4426,-1,
4532,4525,4531,-1,
4555,4574,4556,-1,
4575,4539,4540,-1,
4575,4540,4554,-1,
4576,4538,4539,-1,
4576,4539,4575,-1,
4577,4537,4538,-1,
4577,4538,4576,-1,
4578,4536,4537,-1,
4578,4537,4577,-1,
4579,4535,4536,-1,
4579,4536,4578,-1,
4580,4533,4534,-1,
4580,4534,4535,-1,
4580,4535,4579,-1,
4580,4562,4533,-1,
4581,4554,4553,-1,
4581,4575,4554,-1,
4582,4575,4581,-1,
4582,4576,4575,-1,
4583,4577,4576,-1,
4583,4576,4582,-1,
4584,4577,4583,-1,
4584,4578,4577,-1,
4585,4579,4578,-1,
4585,4578,4584,-1,
4586,4563,4562,-1,
4586,4580,4579,-1,
4586,4562,4580,-1,
4586,4579,4585,-1,
4587,4553,4552,-1,
4587,4581,4553,-1,
4588,4581,4587,-1,
4588,4582,4581,-1,
4589,4582,4588,-1,
4589,4583,4582,-1,
4590,4583,4589,-1,
4590,4584,4583,-1,
4591,4585,4584,-1,
4591,4584,4590,-1,
4592,4585,4591,-1,
4592,4564,4563,-1,
4592,4586,4585,-1,
4592,4563,4586,-1,
4593,4552,4551,-1,
4593,4587,4552,-1,
4594,4588,4587,-1,
4594,4587,4593,-1,
4595,4588,4594,-1,
4595,4589,4588,-1,
4596,4589,4595,-1,
4596,4590,4589,-1,
4597,4591,4590,-1,
4597,4590,4596,-1,
4598,4564,4592,-1,
4598,4565,4564,-1,
4598,4591,4597,-1,
4598,4592,4591,-1,
4599,4551,4550,-1,
4599,4593,4551,-1,
4600,4594,4593,-1,
4600,4593,4599,-1,
4601,4595,4594,-1,
4601,4594,4600,-1,
4602,4595,4601,-1,
4602,4596,4595,-1,
4603,4597,4596,-1,
4603,4596,4602,-1,
4604,4565,4598,-1,
4604,4566,4565,-1,
4604,4598,4597,-1,
4604,4597,4603,-1,
4605,4550,4549,-1,
4605,4599,4550,-1,
4606,4600,4599,-1,
4606,4599,4605,-1,
4607,4600,4606,-1,
4607,4601,4600,-1,
4608,4602,4601,-1,
4608,4601,4607,-1,
4609,4603,4602,-1,
4609,4602,4608,-1,
4610,4567,4566,-1,
4610,4566,4604,-1,
4610,4604,4603,-1,
4610,4603,4609,-1,
4611,4549,4548,-1,
4611,4605,4549,-1,
4612,4606,4605,-1,
4612,4605,4611,-1,
4613,4607,4606,-1,
4613,4606,4612,-1,
4614,4607,4613,-1,
4614,4608,4607,-1,
4615,4609,4608,-1,
4615,4608,4614,-1,
4616,4609,4615,-1,
4616,4568,4567,-1,
4616,4567,4610,-1,
4616,4610,4609,-1,
4617,4548,4547,-1,
4617,4611,4548,-1,
4618,4611,4617,-1,
4618,4612,4611,-1,
4619,4612,4618,-1,
4619,4613,4612,-1,
4620,4613,4619,-1,
4620,4614,4613,-1,
4621,4615,4614,-1,
4621,4614,4620,-1,
4622,4569,4568,-1,
4622,4568,4616,-1,
4622,4615,4621,-1,
4622,4616,4615,-1,
4623,4547,4546,-1,
4623,4617,4547,-1,
4624,4617,4623,-1,
4624,4618,4617,-1,
4625,4619,4618,-1,
4625,4618,4624,-1,
4626,4619,4625,-1,
4626,4620,4619,-1,
4627,4621,4620,-1,
4627,4620,4626,-1,
4628,4569,4622,-1,
4628,4622,4621,-1,
4628,4621,4627,-1,
4628,4570,4569,-1,
4629,4546,4545,-1,
4629,4623,4546,-1,
4630,4624,4623,-1,
4630,4623,4629,-1,
4631,4625,4624,-1,
4631,4624,4630,-1,
4632,4626,4625,-1,
4632,4625,4631,-1,
4633,4627,4626,-1,
4633,4626,4632,-1,
4634,4571,4570,-1,
4634,4628,4627,-1,
4634,4570,4628,-1,
4634,4627,4633,-1,
4635,4629,4545,-1,
4635,4545,4544,-1,
4636,4630,4629,-1,
4636,4629,4635,-1,
4637,4631,4630,-1,
4637,4630,4636,-1,
4638,4631,4637,-1,
4638,4632,4631,-1,
4639,4633,4632,-1,
4639,4632,4638,-1,
4640,4572,4571,-1,
4640,4571,4634,-1,
4640,4634,4633,-1,
4640,4633,4639,-1,
4641,4635,4544,-1,
4641,4544,4543,-1,
4642,4636,4635,-1,
4642,4635,4641,-1,
4643,4636,4642,-1,
4643,4637,4636,-1,
4644,4638,4637,-1,
4644,4637,4643,-1,
4645,4639,4638,-1,
4645,4638,4644,-1,
4646,4573,4572,-1,
4646,4572,4640,-1,
4646,4640,4639,-1,
4646,4639,4645,-1,
4647,4542,4541,-1,
4647,4543,4542,-1,
4647,4541,4561,-1,
4647,4641,4543,-1,
4648,4641,4647,-1,
4648,4647,4561,-1,
4648,4561,4560,-1,
4648,4642,4641,-1,
4649,4642,4648,-1,
4649,4560,4559,-1,
4649,4643,4642,-1,
4649,4648,4560,-1,
4650,4643,4649,-1,
4650,4649,4559,-1,
4650,4559,4558,-1,
4650,4644,4643,-1,
4651,4644,4650,-1,
4651,4558,4557,-1,
4651,4650,4558,-1,
4651,4645,4644,-1,
4652,4645,4651,-1,
4652,4557,4556,-1,
4652,4651,4557,-1,
4652,4556,4574,-1,
4652,4574,4573,-1,
4652,4573,4646,-1,
4652,4646,4645,-1,
4663,4653,4654,-1,
4663,4662,4653,-1,
4664,4654,4655,-1,
4664,4663,4654,-1,
4665,4655,4656,-1,
4665,4664,4655,-1,
4666,4656,4657,-1,
4666,4665,4656,-1,
4667,4657,4658,-1,
4667,4666,4657,-1,
4668,4658,4659,-1,
4668,4667,4658,-1,
4661,4659,4660,-1,
4661,4668,4659,-1,
4679,4669,4670,-1,
4679,4678,4669,-1,
4680,4670,4671,-1,
4680,4679,4670,-1,
4681,4671,4672,-1,
4681,4680,4671,-1,
4682,4672,4673,-1,
4682,4681,4672,-1,
4683,4673,4674,-1,
4683,4682,4673,-1,
4684,4674,4675,-1,
4684,4683,4674,-1,
4677,4675,4676,-1,
4677,4684,4675,-1,
4694,4685,4686,-1,
4695,4686,4687,-1,
4695,4694,4686,-1,
4696,4687,4688,-1,
4696,4695,4687,-1,
4697,4688,4689,-1,
4697,4696,4688,-1,
4698,4689,4690,-1,
4698,4697,4689,-1,
4699,4690,4691,-1,
4699,4698,4690,-1,
4700,4691,4692,-1,
4700,4699,4691,-1,
4693,4700,4692,-1,
4728,4710,4709,-1,
4741,4707,4708,-1,
4741,4708,4721,-1,
4742,4706,4707,-1,
4742,4707,4741,-1,
4743,4705,4706,-1,
4743,4706,4742,-1,
4744,4704,4705,-1,
4744,4705,4743,-1,
4745,4703,4704,-1,
4745,4704,4744,-1,
4746,4701,4702,-1,
4746,4703,4745,-1,
4746,4702,4703,-1,
4746,4729,4701,-1,
4747,4721,4720,-1,
4747,4741,4721,-1,
4748,4742,4741,-1,
4748,4741,4747,-1,
4749,4743,4742,-1,
4749,4742,4748,-1,
4750,4743,4749,-1,
4750,4744,4743,-1,
4751,4745,4744,-1,
4751,4744,4750,-1,
4752,4730,4729,-1,
4752,4745,4751,-1,
4752,4746,4745,-1,
4752,4729,4746,-1,
4753,4720,4719,-1,
4753,4747,4720,-1,
4754,4747,4753,-1,
4754,4748,4747,-1,
4755,4748,4754,-1,
4755,4749,4748,-1,
4756,4750,4749,-1,
4756,4749,4755,-1,
4757,4750,4756,-1,
4757,4751,4750,-1,
4758,4751,4757,-1,
4758,4731,4730,-1,
4758,4730,4752,-1,
4758,4752,4751,-1,
4759,4719,4718,-1,
4759,4753,4719,-1,
4760,4753,4759,-1,
4760,4754,4753,-1,
4761,4754,4760,-1,
4761,4755,4754,-1,
4762,4755,4761,-1,
4762,4756,4755,-1,
4763,4756,4762,-1,
4763,4757,4756,-1,
4764,4758,4757,-1,
4764,4731,4758,-1,
4764,4732,4731,-1,
4764,4757,4763,-1,
4765,4718,4717,-1,
4765,4759,4718,-1,
4766,4760,4759,-1,
4766,4759,4765,-1,
4767,4761,4760,-1,
4767,4760,4766,-1,
4768,4762,4761,-1,
4768,4761,4767,-1,
4769,4762,4768,-1,
4769,4763,4762,-1,
4770,4733,4732,-1,
4770,4732,4764,-1,
4770,4764,4763,-1,
4770,4763,4769,-1,
4771,4717,4716,-1,
4771,4765,4717,-1,
4772,4766,4765,-1,
4772,4765,4771,-1,
4773,4767,4766,-1,
4773,4766,4772,-1,
4774,4768,4767,-1,
4774,4767,4773,-1,
4775,4769,4768,-1,
4775,4768,4774,-1,
4776,4734,4733,-1,
4776,4733,4770,-1,
4776,4770,4769,-1,
4776,4769,4775,-1,
4777,4716,4715,-1,
4777,4771,4716,-1,
4778,4772,4771,-1,
4778,4771,4777,-1,
4779,4773,4772,-1,
4779,4772,4778,-1,
4780,4774,4773,-1,
4780,4773,4779,-1,
4781,4774,4780,-1,
4781,4775,4774,-1,
4782,4735,4734,-1,
4782,4734,4776,-1,
4782,4776,4775,-1,
4782,4775,4781,-1,
4783,4715,4714,-1,
4783,4777,4715,-1,
4784,4777,4783,-1,
4784,4778,4777,-1,
4785,4778,4784,-1,
4785,4779,4778,-1,
4786,4779,4785,-1,
4786,4780,4779,-1,
4787,4780,4786,-1,
4787,4781,4780,-1,
4788,4782,4781,-1,
4788,4781,4787,-1,
4788,4736,4735,-1,
4788,4735,4782,-1,
4789,4714,4713,-1,
4789,4783,4714,-1,
4790,4784,4783,-1,
4790,4783,4789,-1,
4791,4784,4790,-1,
4791,4785,4784,-1,
4792,4785,4791,-1,
4792,4786,4785,-1,
4793,4787,4786,-1,
4793,4786,4792,-1,
4794,4736,4788,-1,
4794,4787,4793,-1,
4794,4737,4736,-1,
4794,4788,4787,-1,
4795,4789,4713,-1,
4795,4713,4712,-1,
4796,4789,4795,-1,
4796,4790,4789,-1,
4797,4791,4790,-1,
4797,4790,4796,-1,
4798,4792,4791,-1,
4798,4791,4797,-1,
4799,4793,4792,-1,
4799,4792,4798,-1,
4800,4794,4793,-1,
4800,4737,4794,-1,
4800,4738,4737,-1,
4800,4793,4799,-1,
4801,4712,4711,-1,
4801,4795,4712,-1,
4802,4796,4795,-1,
4802,4795,4801,-1,
4803,4796,4802,-1,
4803,4797,4796,-1,
4804,4798,4797,-1,
4804,4797,4803,-1,
4805,4799,4798,-1,
4805,4798,4804,-1,
4806,4739,4738,-1,
4806,4738,4800,-1,
4806,4800,4799,-1,
4806,4799,4805,-1,
4807,4711,4710,-1,
4807,4710,4728,-1,
4807,4801,4711,-1,
4808,4807,4728,-1,
4808,4801,4807,-1,
4808,4728,4727,-1,
4808,4802,4801,-1,
4809,4802,4808,-1,
4809,4727,4726,-1,
4809,4803,4802,-1,
4809,4808,4727,-1,
4810,4809,4726,-1,
4810,4726,4725,-1,
4810,4803,4809,-1,
4810,4804,4803,-1,
4811,4725,4724,-1,
4811,4810,4725,-1,
4811,4805,4804,-1,
4811,4804,4810,-1,
4812,4723,4722,-1,
4812,4724,4723,-1,
4812,4740,4739,-1,
4812,4722,4740,-1,
4812,4739,4806,-1,
4812,4806,4805,-1,
4812,4811,4724,-1,
4812,4805,4811,-1,
4838,4814,4813,-1,
4838,4813,4821,-1,
4839,4821,4822,-1,
4839,4838,4821,-1,
4840,4839,4822,-1,
4841,4815,4814,-1,
4841,4814,4838,-1,
4841,4838,4839,-1,
4842,4822,4823,-1,
4842,4840,4822,-1,
4843,4839,4840,-1,
4843,4841,4839,-1,
4844,4816,4815,-1,
4844,4815,4841,-1,
4845,4823,4824,-1,
4845,4842,4823,-1,
4846,4840,4842,-1,
4846,4843,4840,-1,
4847,4844,4841,-1,
4847,4841,4843,-1,
4848,4824,4825,-1,
4848,4845,4824,-1,
4849,4842,4845,-1,
4849,4846,4842,-1,
4850,4843,4846,-1,
4850,4847,4843,-1,
4851,4844,4847,-1,
4851,4816,4844,-1,
4852,4848,4825,-1,
4853,4849,4845,-1,
4853,4845,4848,-1,
4854,4846,4849,-1,
4854,4850,4846,-1,
4855,4847,4850,-1,
4855,4851,4847,-1,
4856,4825,4826,-1,
4856,4852,4825,-1,
4857,4817,4816,-1,
4857,4816,4851,-1,
4858,4848,4852,-1,
4858,4853,4848,-1,
4859,4849,4853,-1,
4859,4854,4849,-1,
4860,4850,4854,-1,
4860,4855,4850,-1,
4861,4820,4819,-1,
4861,4836,4820,-1,
4861,4837,4836,-1,
4861,4835,4837,-1,
4862,4826,4827,-1,
4862,4827,4834,-1,
4862,4856,4826,-1,
4863,4857,4851,-1,
4863,4851,4855,-1,
4864,4852,4856,-1,
4864,4858,4852,-1,
4865,4818,4817,-1,
4865,4817,4857,-1,
4866,4853,4858,-1,
4866,4859,4853,-1,
4867,4860,4854,-1,
4867,4854,4859,-1,
4868,4835,4861,-1,
4868,4861,4819,-1,
4869,4863,4855,-1,
4869,4855,4860,-1,
4870,4856,4862,-1,
4870,4834,4833,-1,
4870,4862,4834,-1,
4870,4864,4856,-1,
4871,4857,4863,-1,
4871,4865,4857,-1,
4872,4866,4858,-1,
4872,4858,4864,-1,
4873,4819,4818,-1,
4874,4867,4859,-1,
4874,4859,4866,-1,
4875,4868,4819,-1,
4875,4835,4868,-1,
4876,4869,4860,-1,
4876,4860,4867,-1,
4877,4871,4863,-1,
4877,4863,4869,-1,
4878,4864,4870,-1,
4878,4872,4864,-1,
4879,4873,4818,-1,
4879,4865,4871,-1,
4879,4818,4865,-1,
4880,4866,4872,-1,
4880,4874,4866,-1,
4881,4835,4875,-1,
4881,4819,4873,-1,
4881,4875,4819,-1,
4882,4876,4867,-1,
4882,4867,4874,-1,
4883,4869,4876,-1,
4883,4877,4869,-1,
4884,4833,4832,-1,
4884,4870,4833,-1,
4884,4878,4870,-1,
4885,4871,4877,-1,
4885,4879,4871,-1,
4886,4872,4878,-1,
4886,4880,4872,-1,
4887,4828,4835,-1,
4887,4835,4881,-1,
4887,4873,4879,-1,
4887,4881,4873,-1,
4888,4874,4880,-1,
4888,4882,4874,-1,
4889,4876,4882,-1,
4889,4883,4876,-1,
4890,4885,4877,-1,
4890,4877,4883,-1,
4891,4884,4832,-1,
4891,4878,4884,-1,
4891,4886,4878,-1,
4892,4879,4885,-1,
4892,4828,4887,-1,
4892,4887,4879,-1,
4893,4880,4886,-1,
4893,4888,4880,-1,
4894,4882,4888,-1,
4894,4889,4882,-1,
4895,4890,4883,-1,
4895,4883,4889,-1,
4896,4892,4885,-1,
4896,4828,4892,-1,
4896,4885,4890,-1,
4897,4886,4891,-1,
4897,4893,4886,-1,
4898,4894,4888,-1,
4898,4888,4893,-1,
4899,4895,4889,-1,
4899,4889,4894,-1,
4900,4890,4895,-1,
4900,4828,4896,-1,
4900,4896,4890,-1,
4901,4897,4891,-1,
4901,4832,4831,-1,
4901,4891,4832,-1,
4902,4893,4897,-1,
4902,4898,4893,-1,
4903,4894,4898,-1,
4903,4899,4894,-1,
4904,4895,4899,-1,
4904,4828,4900,-1,
4904,4900,4895,-1,
4905,4831,4830,-1,
4905,4897,4901,-1,
4905,4901,4831,-1,
4905,4902,4897,-1,
4906,4898,4902,-1,
4906,4903,4898,-1,
4907,4828,4904,-1,
4907,4899,4903,-1,
4907,4904,4899,-1,
4908,4902,4905,-1,
4908,4906,4902,-1,
4909,4828,4907,-1,
4909,4903,4906,-1,
4909,4907,4903,-1,
4910,4830,4829,-1,
4910,4905,4830,-1,
4910,4908,4905,-1,
4911,4828,4909,-1,
4911,4906,4908,-1,
4911,4909,4906,-1,
4912,4829,4828,-1,
4912,4828,4911,-1,
4912,4910,4829,-1,
4912,4908,4910,-1,
4912,4911,4908,-1,
4953,4935,4934,-1,
4953,4934,4952,-1,
4954,4935,4953,-1,
4954,4936,4935,-1,
4955,4937,4936,-1,
4955,4936,4954,-1,
4956,4938,4937,-1,
4956,4937,4955,-1,
4957,4939,4938,-1,
4957,4938,4956,-1,
4958,4922,4921,-1,
4958,4940,4939,-1,
4958,4921,4940,-1,
4958,4939,4957,-1,
4959,4952,4951,-1,
4959,4953,4952,-1,
4960,4953,4959,-1,
4960,4954,4953,-1,
4961,4955,4954,-1,
4961,4954,4960,-1,
4962,4956,4955,-1,
4962,4955,4961,-1,
4963,4957,4956,-1,
4963,4956,4962,-1,
4964,4923,4922,-1,
4964,4922,4958,-1,
4964,4957,4963,-1,
4964,4958,4957,-1,
4965,4951,4950,-1,
4965,4959,4951,-1,
4966,4960,4959,-1,
4966,4959,4965,-1,
4967,4961,4960,-1,
4967,4960,4966,-1,
4968,4961,4967,-1,
4968,4962,4961,-1,
4969,4962,4968,-1,
4969,4963,4962,-1,
4970,4924,4923,-1,
4970,4964,4963,-1,
4970,4963,4969,-1,
4970,4923,4964,-1,
4971,4950,4949,-1,
4971,4965,4950,-1,
4972,4965,4971,-1,
4972,4966,4965,-1,
4973,4967,4966,-1,
4973,4966,4972,-1,
4974,4967,4973,-1,
4974,4968,4967,-1,
4975,4968,4974,-1,
4975,4969,4968,-1,
4976,4925,4924,-1,
4976,4924,4970,-1,
4976,4970,4969,-1,
4976,4969,4975,-1,
4977,4949,4948,-1,
4977,4971,4949,-1,
4978,4971,4977,-1,
4978,4972,4971,-1,
4979,4973,4972,-1,
4979,4972,4978,-1,
4980,4973,4979,-1,
4980,4974,4973,-1,
4981,4975,4974,-1,
4981,4974,4980,-1,
4982,4926,4925,-1,
4982,4925,4976,-1,
4982,4976,4975,-1,
4982,4975,4981,-1,
4983,4948,4947,-1,
4983,4977,4948,-1,
4984,4978,4977,-1,
4984,4977,4983,-1,
4985,4978,4984,-1,
4985,4979,4978,-1,
4986,4980,4979,-1,
4986,4979,4985,-1,
4987,4980,4986,-1,
4987,4981,4980,-1,
4988,4927,4926,-1,
4988,4926,4982,-1,
4988,4982,4981,-1,
4988,4981,4987,-1,
4989,4947,4946,-1,
4989,4983,4947,-1,
4990,4984,4983,-1,
4990,4983,4989,-1,
4991,4985,4984,-1,
4991,4984,4990,-1,
4992,4986,4985,-1,
4992,4985,4991,-1,
4993,4987,4986,-1,
4993,4986,4992,-1,
4994,4928,4927,-1,
4994,4927,4988,-1,
4994,4988,4987,-1,
4994,4987,4993,-1,
4995,4946,4945,-1,
4995,4989,4946,-1,
4996,4990,4989,-1,
4996,4989,4995,-1,
4997,4990,4996,-1,
4997,4991,4990,-1,
4998,4991,4997,-1,
4998,4992,4991,-1,
4999,4992,4998,-1,
4999,4993,4992,-1,
5000,4994,4993,-1,
5000,4929,4928,-1,
5000,4993,4999,-1,
5000,4928,4994,-1,
5001,4945,4944,-1,
5001,4995,4945,-1,
5002,4996,4995,-1,
5002,4995,5001,-1,
5003,4997,4996,-1,
5003,4996,5002,-1,
5004,4998,4997,-1,
5004,4997,5003,-1,
5005,4999,4998,-1,
5005,4998,5004,-1,
5006,4930,4929,-1,
5006,4929,5000,-1,
5006,4999,5005,-1,
5006,5000,4999,-1,
5007,5001,4944,-1,
5007,4944,4943,-1,
5008,5001,5007,-1,
5008,5002,5001,-1,
5009,5003,5002,-1,
5009,5002,5008,-1,
5010,5004,5003,-1,
5010,5003,5009,-1,
5011,5004,5010,-1,
5011,5005,5004,-1,
5012,4931,4930,-1,
5012,5006,5005,-1,
5012,5005,5011,-1,
5012,4930,5006,-1,
5013,4943,4942,-1,
5013,5007,4943,-1,
5014,5007,5013,-1,
5014,5008,5007,-1,
5015,5008,5014,-1,
5015,5009,5008,-1,
5016,5010,5009,-1,
5016,5009,5015,-1,
5017,5011,5010,-1,
5017,5010,5016,-1,
5018,4932,4931,-1,
5018,4931,5012,-1,
5018,5012,5011,-1,
5018,5011,5017,-1,
5019,4913,4914,-1,
5019,5013,4942,-1,
5019,4941,4913,-1,
5019,4942,4941,-1,
5020,4914,4915,-1,
5020,5013,5019,-1,
5020,5014,5013,-1,
5020,5019,4914,-1,
5021,4915,4916,-1,
5021,5015,5014,-1,
5021,5020,4915,-1,
5021,5014,5020,-1,
5022,4916,4917,-1,
5022,5015,5021,-1,
5022,5016,5015,-1,
5022,5021,4916,-1,
5023,4917,4918,-1,
5023,5017,5016,-1,
5023,5022,4917,-1,
5023,5016,5022,-1,
5024,4918,4919,-1,
5024,4919,4920,-1,
5024,4933,4932,-1,
5024,4920,4933,-1,
5024,4932,5018,-1,
5024,5018,5017,-1,
5024,5023,4918,-1,
5024,5017,5023,-1,
5035,5025,5026,-1,
5035,5034,5025,-1,
5036,5026,5027,-1,
5036,5027,5028,-1,
5036,5035,5026,-1,
5037,5028,5029,-1,
5037,5036,5028,-1,
5038,5029,5030,-1,
5038,5037,5029,-1,
5039,5030,5031,-1,
5039,5038,5030,-1,
5040,5039,5031,-1,
5033,5031,5032,-1,
5033,5040,5031,-1,
5058,5057,5060,-1,
5058,5060,5061,-1,
5059,5061,5062,-1,
5059,5058,5061,-1,
5050,5062,5041,-1,
5050,5059,5062,-1,
5051,5041,5042,-1,
5051,5050,5041,-1,
5052,5042,5043,-1,
5052,5051,5042,-1,
5053,5043,5044,-1,
5053,5052,5043,-1,
5054,5044,5045,-1,
5054,5053,5044,-1,
5055,5045,5046,-1,
5055,5054,5045,-1,
5056,5046,5047,-1,
5056,5055,5046,-1,
5049,5047,5048,-1,
5049,5056,5047,-1,
5069,5070,5071,-1,
5069,5071,5078,-1,
5068,5078,5077,-1,
5068,5069,5078,-1,
5067,5077,5076,-1,
5067,5068,5077,-1,
5066,5076,5075,-1,
5066,5067,5076,-1,
5065,5075,5074,-1,
5065,5066,5075,-1,
5064,5074,5073,-1,
5064,5065,5074,-1,
5063,5073,5072,-1,
5063,5064,5073,-1,
5088,5079,5080,-1,
5089,5080,5081,-1,
5089,5088,5080,-1,
5090,5081,5082,-1,
5090,5089,5081,-1,
5091,5082,5083,-1,
5091,5090,5082,-1,
5092,5083,5084,-1,
5092,5091,5083,-1,
5093,5084,5085,-1,
5093,5092,5084,-1,
5094,5085,5086,-1,
5094,5093,5085,-1,
5087,5094,5086,-1,
5120,5105,5106,-1,
5120,5106,5107,-1,
5121,5107,5108,-1,
5121,5120,5107,-1,
5122,5121,5108,-1,
5123,5104,5105,-1,
5123,5120,5121,-1,
5123,5105,5120,-1,
5124,5108,5109,-1,
5124,5122,5108,-1,
5125,5123,5121,-1,
5125,5121,5122,-1,
5126,5103,5104,-1,
5126,5104,5123,-1,
5127,5109,5110,-1,
5127,5124,5109,-1,
5128,5122,5124,-1,
5128,5125,5122,-1,
5129,5126,5123,-1,
5129,5123,5125,-1,
5130,5110,5111,-1,
5130,5127,5110,-1,
5131,5128,5124,-1,
5131,5124,5127,-1,
5132,5129,5125,-1,
5132,5125,5128,-1,
5133,5126,5129,-1,
5133,5103,5126,-1,
5134,5130,5111,-1,
5135,5127,5130,-1,
5135,5131,5127,-1,
5136,5128,5131,-1,
5136,5132,5128,-1,
5137,5129,5132,-1,
5137,5133,5129,-1,
5138,5111,5112,-1,
5138,5134,5111,-1,
5139,5102,5103,-1,
5139,5103,5133,-1,
5140,5130,5134,-1,
5140,5135,5130,-1,
5141,5136,5131,-1,
5141,5131,5135,-1,
5142,5132,5136,-1,
5142,5137,5132,-1,
5143,5112,5113,-1,
5143,5113,5119,-1,
5143,5138,5112,-1,
5144,5139,5133,-1,
5144,5133,5137,-1,
5145,5134,5138,-1,
5145,5140,5134,-1,
5146,5135,5140,-1,
5146,5141,5135,-1,
5147,5142,5136,-1,
5147,5136,5141,-1,
5148,5137,5142,-1,
5148,5144,5137,-1,
5149,5143,5119,-1,
5149,5138,5143,-1,
5149,5119,5118,-1,
5149,5145,5138,-1,
5150,5139,5144,-1,
5150,5101,5102,-1,
5150,5102,5139,-1,
5151,5146,5140,-1,
5151,5140,5145,-1,
5152,5141,5146,-1,
5152,5147,5141,-1,
5153,5142,5147,-1,
5153,5148,5142,-1,
5154,5150,5144,-1,
5154,5144,5148,-1,
5155,5145,5149,-1,
5155,5151,5145,-1,
5156,5100,5101,-1,
5156,5101,5150,-1,
5157,5146,5151,-1,
5157,5152,5146,-1,
5158,5147,5152,-1,
5158,5153,5147,-1,
5159,5148,5153,-1,
5159,5154,5148,-1,
5160,5118,5117,-1,
5160,5149,5118,-1,
5160,5155,5149,-1,
5161,5156,5150,-1,
5161,5150,5154,-1,
5162,5151,5155,-1,
5162,5157,5151,-1,
5163,5152,5157,-1,
5163,5158,5152,-1,
5164,5153,5158,-1,
5164,5159,5153,-1,
5165,5154,5159,-1,
5165,5161,5154,-1,
5166,5162,5155,-1,
5166,5155,5160,-1,
5167,5099,5100,-1,
5167,5100,5156,-1,
5167,5156,5161,-1,
5168,5157,5162,-1,
5168,5163,5157,-1,
5169,5158,5163,-1,
5169,5164,5158,-1,
5170,5159,5164,-1,
5170,5165,5159,-1,
5171,5117,5116,-1,
5171,5160,5117,-1,
5171,5166,5160,-1,
5172,5099,5167,-1,
5172,5161,5165,-1,
5172,5167,5161,-1,
5173,5162,5166,-1,
5173,5168,5162,-1,
5174,5169,5163,-1,
5174,5163,5168,-1,
5175,5164,5169,-1,
5175,5170,5164,-1,
5176,5172,5165,-1,
5176,5099,5172,-1,
5176,5165,5170,-1,
5177,5166,5171,-1,
5177,5173,5166,-1,
5177,5171,5116,-1,
5178,5174,5168,-1,
5178,5168,5173,-1,
5179,5169,5174,-1,
5179,5175,5169,-1,
5180,5099,5176,-1,
5180,5176,5170,-1,
5180,5170,5175,-1,
5181,5178,5173,-1,
5181,5173,5177,-1,
5182,5179,5174,-1,
5182,5174,5178,-1,
5183,5099,5180,-1,
5183,5180,5175,-1,
5183,5175,5179,-1,
5184,5177,5116,-1,
5184,5181,5177,-1,
5184,5116,5115,-1,
5185,5178,5181,-1,
5185,5182,5178,-1,
5186,5099,5183,-1,
5186,5179,5182,-1,
5186,5183,5179,-1,
5187,5185,5181,-1,
5187,5181,5184,-1,
5187,5184,5115,-1,
5188,5182,5185,-1,
5188,5099,5186,-1,
5188,5186,5182,-1,
5189,5115,5114,-1,
5189,5187,5115,-1,
5190,5185,5187,-1,
5190,5099,5188,-1,
5190,5188,5185,-1,
5191,5098,5099,-1,
5191,5190,5187,-1,
5191,5099,5190,-1,
5191,5187,5189,-1,
5192,5189,5114,-1,
5192,5098,5191,-1,
5192,5191,5189,-1,
5193,5192,5114,-1,
5193,5098,5192,-1,
5194,5095,5096,-1,
5194,5096,5097,-1,
5194,5097,5098,-1,
5194,5114,5095,-1,
5194,5098,5193,-1,
5194,5193,5114,-1,
5216,5195,5196,-1,
5216,5210,5195,-1,
5217,5196,5197,-1,
5217,5216,5196,-1,
5218,5217,5197,-1,
5219,5211,5210,-1,
5219,5216,5217,-1,
5219,5210,5216,-1,
5220,5197,5198,-1,
5220,5218,5197,-1,
5221,5217,5218,-1,
5221,5219,5217,-1,
5222,5212,5211,-1,
5222,5211,5219,-1,
5223,5198,5199,-1,
5223,5220,5198,-1,
5224,5221,5218,-1,
5224,5218,5220,-1,
5225,5219,5221,-1,
5225,5222,5219,-1,
5226,5199,5200,-1,
5226,5223,5199,-1,
5227,5220,5223,-1,
5227,5224,5220,-1,
5228,5221,5224,-1,
5228,5225,5221,-1,
5229,5212,5222,-1,
5229,5222,5225,-1,
5230,5226,5200,-1,
5231,5223,5226,-1,
5231,5227,5223,-1,
5232,5224,5227,-1,
5232,5228,5224,-1,
5233,5225,5228,-1,
5233,5229,5225,-1,
5234,5213,5212,-1,
5234,5212,5229,-1,
5235,5200,5201,-1,
5235,5230,5200,-1,
5236,5226,5230,-1,
5236,5231,5226,-1,
5237,5227,5231,-1,
5237,5232,5227,-1,
5238,5228,5232,-1,
5238,5233,5228,-1,
5239,5229,5233,-1,
5239,5234,5229,-1,
5240,5201,5202,-1,
5240,5202,5203,-1,
5240,5235,5201,-1,
5241,5230,5235,-1,
5241,5236,5230,-1,
5242,5231,5236,-1,
5242,5237,5231,-1,
5243,5238,5232,-1,
5243,5232,5237,-1,
5244,5239,5233,-1,
5244,5233,5238,-1,
5245,5234,5239,-1,
5245,5214,5213,-1,
5245,5213,5234,-1,
5246,5203,5204,-1,
5246,5240,5203,-1,
5246,5235,5240,-1,
5246,5241,5235,-1,
5247,5242,5236,-1,
5247,5236,5241,-1,
5248,5237,5242,-1,
5248,5243,5237,-1,
5249,5238,5243,-1,
5249,5244,5238,-1,
5250,5239,5244,-1,
5250,5245,5239,-1,
5251,5214,5245,-1,
5251,5215,5214,-1,
5252,5241,5246,-1,
5252,5247,5241,-1,
5253,5248,5242,-1,
5253,5242,5247,-1,
5254,5249,5243,-1,
5254,5243,5248,-1,
5255,5250,5244,-1,
5255,5244,5249,-1,
5256,5251,5245,-1,
5256,5245,5250,-1,
5257,5204,5205,-1,
5257,5252,5246,-1,
5257,5246,5204,-1,
5258,5247,5252,-1,
5258,5253,5247,-1,
5259,5248,5253,-1,
5259,5254,5248,-1,
5260,5249,5254,-1,
5260,5255,5249,-1,
5261,5250,5255,-1,
5261,5256,5250,-1,
5262,5209,5215,-1,
5262,5215,5251,-1,
5262,5251,5256,-1,
5263,5257,5205,-1,
5263,5252,5257,-1,
5263,5258,5252,-1,
5264,5259,5253,-1,
5264,5253,5258,-1,
5265,5254,5259,-1,
5265,5260,5254,-1,
5266,5255,5260,-1,
5266,5261,5255,-1,
5267,5209,5262,-1,
5267,5256,5261,-1,
5267,5262,5256,-1,
5268,5205,5206,-1,
5268,5263,5205,-1,
5268,5258,5263,-1,
5268,5264,5258,-1,
5269,5259,5264,-1,
5269,5265,5259,-1,
5270,5260,5265,-1,
5270,5266,5260,-1,
5271,5209,5267,-1,
5271,5261,5266,-1,
5271,5267,5261,-1,
5272,5206,5207,-1,
5272,5269,5264,-1,
5272,5268,5206,-1,
5272,5264,5268,-1,
5273,5270,5265,-1,
5273,5265,5269,-1,
5274,5266,5270,-1,
5274,5209,5271,-1,
5274,5271,5266,-1,
5275,5269,5272,-1,
5275,5273,5269,-1,
5276,5270,5273,-1,
5276,5274,5270,-1,
5276,5209,5274,-1,
5277,5207,5208,-1,
5277,5275,5272,-1,
5277,5272,5207,-1,
5278,5209,5276,-1,
5278,5208,5209,-1,
5278,5273,5275,-1,
5278,5276,5273,-1,
5279,5277,5208,-1,
5279,5275,5277,-1,
5279,5208,5278,-1,
5279,5278,5275,-1,
5290,5280,5281,-1,
5290,5289,5280,-1,
5291,5281,5282,-1,
5291,5290,5281,-1,
5292,5282,5283,-1,
5292,5291,5282,-1,
5293,5283,5284,-1,
5293,5292,5283,-1,
5294,5284,5285,-1,
5294,5293,5284,-1,
5295,5285,5286,-1,
5295,5286,5287,-1,
5295,5294,5285,-1,
5288,5295,5287,-1,
5303,5304,5311,-1,
5302,5311,5310,-1,
5302,5303,5311,-1,
5301,5310,5309,-1,
5301,5302,5310,-1,
5300,5309,5308,-1,
5300,5301,5309,-1,
5299,5308,5307,-1,
5299,5300,5308,-1,
5298,5307,5306,-1,
5298,5299,5307,-1,
5297,5306,5305,-1,
5297,5298,5306,-1,
5296,5313,5312,-1,
5296,5314,5313,-1,
5296,5305,5314,-1,
5296,5297,5305,-1,
5336,5322,5321,-1,
5336,5335,5322,-1,
5337,5321,5320,-1,
5337,5336,5321,-1,
5338,5337,5320,-1,
5339,5334,5335,-1,
5339,5335,5336,-1,
5339,5336,5337,-1,
5340,5320,5319,-1,
5340,5338,5320,-1,
5341,5337,5338,-1,
5341,5339,5337,-1,
5342,5319,5318,-1,
5342,5340,5319,-1,
5343,5341,5338,-1,
5343,5338,5340,-1,
5344,5333,5334,-1,
5344,5339,5341,-1,
5344,5334,5339,-1,
5345,5318,5317,-1,
5345,5342,5318,-1,
5346,5340,5342,-1,
5346,5343,5340,-1,
5347,5344,5341,-1,
5347,5341,5343,-1,
5348,5333,5344,-1,
5349,5345,5317,-1,
5350,5342,5345,-1,
5350,5346,5342,-1,
5351,5343,5346,-1,
5351,5347,5343,-1,
5352,5344,5347,-1,
5352,5348,5344,-1,
5353,5317,5316,-1,
5353,5349,5317,-1,
5354,5345,5349,-1,
5354,5350,5345,-1,
5355,5351,5346,-1,
5355,5346,5350,-1,
5356,5347,5351,-1,
5356,5352,5347,-1,
5357,5332,5333,-1,
5357,5333,5348,-1,
5357,5348,5352,-1,
5358,5316,5315,-1,
5358,5315,5323,-1,
5358,5353,5316,-1,
5359,5349,5353,-1,
5359,5354,5349,-1,
5360,5350,5354,-1,
5360,5355,5350,-1,
5361,5351,5355,-1,
5361,5356,5351,-1,
5362,5357,5352,-1,
5362,5352,5356,-1,
5363,5331,5332,-1,
5363,5332,5357,-1,
5364,5358,5323,-1,
5364,5353,5358,-1,
5364,5323,5324,-1,
5364,5359,5353,-1,
5365,5354,5359,-1,
5365,5360,5354,-1,
5366,5361,5355,-1,
5366,5355,5360,-1,
5367,5356,5361,-1,
5367,5362,5356,-1,
5368,5357,5362,-1,
5368,5331,5363,-1,
5368,5363,5357,-1,
5369,5359,5364,-1,
5369,5365,5359,-1,
5370,5360,5365,-1,
5370,5366,5360,-1,
5371,5367,5361,-1,
5371,5361,5366,-1,
5372,5368,5362,-1,
5372,5362,5367,-1,
5373,5330,5331,-1,
5373,5331,5368,-1,
5374,5324,5325,-1,
5374,5364,5324,-1,
5374,5369,5364,-1,
5375,5365,5369,-1,
5375,5370,5365,-1,
5376,5371,5366,-1,
5376,5366,5370,-1,
5377,5367,5371,-1,
5377,5372,5367,-1,
5378,5330,5373,-1,
5378,5368,5372,-1,
5378,5373,5368,-1,
5379,5374,5325,-1,
5379,5369,5374,-1,
5379,5375,5369,-1,
5380,5370,5375,-1,
5380,5376,5370,-1,
5381,5377,5371,-1,
5381,5371,5376,-1,
5382,5330,5378,-1,
5382,5372,5377,-1,
5382,5378,5372,-1,
5383,5375,5379,-1,
5383,5380,5375,-1,
5384,5376,5380,-1,
5384,5381,5376,-1,
5385,5377,5381,-1,
5385,5382,5377,-1,
5386,5325,5326,-1,
5386,5379,5325,-1,
5386,5383,5379,-1,
5387,5380,5383,-1,
5387,5384,5380,-1,
5388,5381,5384,-1,
5388,5385,5381,-1,
5389,5326,5327,-1,
5389,5386,5326,-1,
5389,5383,5386,-1,
5389,5387,5383,-1,
5390,5384,5387,-1,
5390,5388,5384,-1,
5391,5390,5387,-1,
5391,5387,5389,-1,
5392,5388,5390,-1,
5392,5329,5330,-1,
5392,5330,5382,-1,
5392,5385,5388,-1,
5392,5382,5385,-1,
5393,5391,5389,-1,
5393,5327,5328,-1,
5393,5389,5327,-1,
5394,5390,5391,-1,
5394,5329,5392,-1,
5394,5392,5390,-1,
5395,5394,5391,-1,
5395,5391,5393,-1,
5395,5329,5394,-1,
5395,5328,5329,-1,
5395,5393,5328,-1,
5402,5403,5404,-1,
5402,5404,5411,-1,
5401,5411,5410,-1,
5401,5402,5411,-1,
5400,5410,5409,-1,
5400,5401,5410,-1,
5399,5409,5408,-1,
5399,5400,5409,-1,
5398,5408,5407,-1,
5398,5399,5408,-1,
5397,5406,5405,-1,
5397,5407,5406,-1,
5397,5398,5407,-1,
5396,5397,5405,-1,
5452,5434,5433,-1,
5452,5433,5451,-1,
5453,5434,5452,-1,
5453,5435,5434,-1,
5454,5436,5435,-1,
5454,5435,5453,-1,
5455,5437,5436,-1,
5455,5436,5454,-1,
5456,5438,5437,-1,
5456,5437,5455,-1,
5457,5421,5420,-1,
5457,5439,5438,-1,
5457,5420,5439,-1,
5457,5438,5456,-1,
5458,5451,5450,-1,
5458,5452,5451,-1,
5459,5452,5458,-1,
5459,5453,5452,-1,
5460,5454,5453,-1,
5460,5453,5459,-1,
5461,5455,5454,-1,
5461,5454,5460,-1,
5462,5456,5455,-1,
5462,5455,5461,-1,
5463,5422,5421,-1,
5463,5421,5457,-1,
5463,5456,5462,-1,
5463,5457,5456,-1,
5464,5450,5449,-1,
5464,5458,5450,-1,
5465,5459,5458,-1,
5465,5458,5464,-1,
5466,5460,5459,-1,
5466,5459,5465,-1,
5467,5460,5466,-1,
5467,5461,5460,-1,
5468,5461,5467,-1,
5468,5462,5461,-1,
5469,5423,5422,-1,
5469,5463,5462,-1,
5469,5462,5468,-1,
5469,5422,5463,-1,
5470,5449,5448,-1,
5470,5464,5449,-1,
5471,5464,5470,-1,
5471,5465,5464,-1,
5472,5466,5465,-1,
5472,5465,5471,-1,
5473,5466,5472,-1,
5473,5467,5466,-1,
5474,5467,5473,-1,
5474,5468,5467,-1,
5475,5424,5423,-1,
5475,5423,5469,-1,
5475,5469,5468,-1,
5475,5468,5474,-1,
5476,5448,5447,-1,
5476,5470,5448,-1,
5477,5470,5476,-1,
5477,5471,5470,-1,
5478,5472,5471,-1,
5478,5471,5477,-1,
5479,5472,5478,-1,
5479,5473,5472,-1,
5480,5474,5473,-1,
5480,5473,5479,-1,
5481,5425,5424,-1,
5481,5424,5475,-1,
5481,5475,5474,-1,
5481,5474,5480,-1,
5482,5447,5446,-1,
5482,5476,5447,-1,
5483,5477,5476,-1,
5483,5476,5482,-1,
5484,5477,5483,-1,
5484,5478,5477,-1,
5485,5479,5478,-1,
5485,5478,5484,-1,
5486,5479,5485,-1,
5486,5480,5479,-1,
5487,5426,5425,-1,
5487,5425,5481,-1,
5487,5481,5480,-1,
5487,5480,5486,-1,
5488,5446,5445,-1,
5488,5482,5446,-1,
5489,5483,5482,-1,
5489,5482,5488,-1,
5490,5484,5483,-1,
5490,5483,5489,-1,
5491,5485,5484,-1,
5491,5484,5490,-1,
5492,5486,5485,-1,
5492,5485,5491,-1,
5493,5427,5426,-1,
5493,5426,5487,-1,
5493,5487,5486,-1,
5493,5486,5492,-1,
5494,5445,5444,-1,
5494,5488,5445,-1,
5495,5489,5488,-1,
5495,5488,5494,-1,
5496,5489,5495,-1,
5496,5490,5489,-1,
5497,5490,5496,-1,
5497,5491,5490,-1,
5498,5491,5497,-1,
5498,5492,5491,-1,
5499,5493,5492,-1,
5499,5492,5498,-1,
5499,5428,5427,-1,
5499,5427,5493,-1,
5500,5444,5443,-1,
5500,5494,5444,-1,
5501,5495,5494,-1,
5501,5494,5500,-1,
5502,5496,5495,-1,
5502,5495,5501,-1,
5503,5496,5502,-1,
5503,5497,5496,-1,
5504,5498,5497,-1,
5504,5497,5503,-1,
5505,5429,5428,-1,
5505,5428,5499,-1,
5505,5499,5498,-1,
5505,5498,5504,-1,
5506,5500,5443,-1,
5506,5443,5442,-1,
5507,5501,5500,-1,
5507,5500,5506,-1,
5508,5502,5501,-1,
5508,5501,5507,-1,
5509,5503,5502,-1,
5509,5502,5508,-1,
5510,5504,5503,-1,
5510,5503,5509,-1,
5511,5430,5429,-1,
5511,5429,5505,-1,
5511,5505,5504,-1,
5511,5504,5510,-1,
5512,5442,5441,-1,
5512,5506,5442,-1,
5513,5507,5506,-1,
5513,5506,5512,-1,
5514,5508,5507,-1,
5514,5507,5513,-1,
5515,5508,5514,-1,
5515,5509,5508,-1,
5516,5510,5509,-1,
5516,5509,5515,-1,
5517,5430,5511,-1,
5517,5431,5430,-1,
5517,5511,5510,-1,
5517,5510,5516,-1,
5518,5412,5413,-1,
5518,5440,5412,-1,
5518,5441,5440,-1,
5518,5512,5441,-1,
5519,5413,5414,-1,
5519,5512,5518,-1,
5519,5513,5512,-1,
5519,5518,5413,-1,
5520,5414,5415,-1,
5520,5514,5513,-1,
5520,5519,5414,-1,
5520,5513,5519,-1,
5521,5415,5416,-1,
5521,5515,5514,-1,
5521,5520,5415,-1,
5521,5514,5520,-1,
5522,5416,5417,-1,
5522,5521,5416,-1,
5522,5516,5515,-1,
5522,5515,5521,-1,
5523,5417,5418,-1,
5523,5418,5419,-1,
5523,5522,5417,-1,
5523,5431,5517,-1,
5523,5432,5431,-1,
5523,5419,5432,-1,
5523,5517,5516,-1,
5523,5516,5522,-1,
5531,5532,5539,-1,
5530,5539,5538,-1,
5530,5531,5539,-1,
5529,5538,5537,-1,
5529,5530,5538,-1,
5528,5537,5536,-1,
5528,5529,5537,-1,
5527,5536,5535,-1,
5527,5528,5536,-1,
5526,5535,5534,-1,
5526,5527,5535,-1,
5525,5534,5533,-1,
5525,5526,5534,-1,
5524,5525,5533,-1,
5582,5546,5547,-1,
5582,5547,5561,-1,
5583,5545,5546,-1,
5583,5546,5582,-1,
5584,5544,5545,-1,
5584,5545,5583,-1,
5585,5543,5544,-1,
5585,5544,5584,-1,
5586,5542,5543,-1,
5586,5543,5585,-1,
5587,5540,5541,-1,
5587,5541,5542,-1,
5587,5542,5586,-1,
5587,5569,5540,-1,
5588,5561,5560,-1,
5588,5582,5561,-1,
5589,5582,5588,-1,
5589,5583,5582,-1,
5590,5584,5583,-1,
5590,5583,5589,-1,
5591,5584,5590,-1,
5591,5585,5584,-1,
5592,5586,5585,-1,
5592,5585,5591,-1,
5593,5570,5569,-1,
5593,5587,5586,-1,
5593,5569,5587,-1,
5593,5586,5592,-1,
5594,5560,5559,-1,
5594,5588,5560,-1,
5595,5588,5594,-1,
5595,5589,5588,-1,
5596,5589,5595,-1,
5596,5590,5589,-1,
5597,5590,5596,-1,
5597,5591,5590,-1,
5598,5592,5591,-1,
5598,5591,5597,-1,
5599,5592,5598,-1,
5599,5571,5570,-1,
5599,5593,5592,-1,
5599,5570,5593,-1,
5600,5559,5558,-1,
5600,5594,5559,-1,
5601,5595,5594,-1,
5601,5594,5600,-1,
5602,5595,5601,-1,
5602,5596,5595,-1,
5603,5596,5602,-1,
5603,5597,5596,-1,
5604,5598,5597,-1,
5604,5597,5603,-1,
5605,5571,5599,-1,
5605,5572,5571,-1,
5605,5598,5604,-1,
5605,5599,5598,-1,
5606,5558,5557,-1,
5606,5600,5558,-1,
5607,5601,5600,-1,
5607,5600,5606,-1,
5608,5602,5601,-1,
5608,5601,5607,-1,
5609,5602,5608,-1,
5609,5603,5602,-1,
5610,5604,5603,-1,
5610,5603,5609,-1,
5611,5572,5605,-1,
5611,5573,5572,-1,
5611,5605,5604,-1,
5611,5604,5610,-1,
5612,5557,5556,-1,
5612,5606,5557,-1,
5613,5607,5606,-1,
5613,5606,5612,-1,
5614,5607,5613,-1,
5614,5608,5607,-1,
5615,5609,5608,-1,
5615,5608,5614,-1,
5616,5610,5609,-1,
5616,5609,5615,-1,
5617,5574,5573,-1,
5617,5573,5611,-1,
5617,5611,5610,-1,
5617,5610,5616,-1,
5618,5556,5555,-1,
5618,5612,5556,-1,
5619,5613,5612,-1,
5619,5612,5618,-1,
5620,5614,5613,-1,
5620,5613,5619,-1,
5621,5614,5620,-1,
5621,5615,5614,-1,
5622,5616,5615,-1,
5622,5615,5621,-1,
5623,5616,5622,-1,
5623,5575,5574,-1,
5623,5574,5617,-1,
5623,5617,5616,-1,
5624,5555,5554,-1,
5624,5618,5555,-1,
5625,5618,5624,-1,
5625,5619,5618,-1,
5626,5619,5625,-1,
5626,5620,5619,-1,
5627,5620,5626,-1,
5627,5621,5620,-1,
5628,5622,5621,-1,
5628,5621,5627,-1,
5629,5576,5575,-1,
5629,5575,5623,-1,
5629,5622,5628,-1,
5629,5623,5622,-1,
5630,5554,5553,-1,
5630,5624,5554,-1,
5631,5624,5630,-1,
5631,5625,5624,-1,
5632,5626,5625,-1,
5632,5625,5631,-1,
5633,5626,5632,-1,
5633,5627,5626,-1,
5634,5628,5627,-1,
5634,5627,5633,-1,
5635,5576,5629,-1,
5635,5629,5628,-1,
5635,5628,5634,-1,
5635,5577,5576,-1,
5636,5553,5552,-1,
5636,5630,5553,-1,
5637,5631,5630,-1,
5637,5630,5636,-1,
5638,5632,5631,-1,
5638,5631,5637,-1,
5639,5633,5632,-1,
5639,5632,5638,-1,
5640,5634,5633,-1,
5640,5633,5639,-1,
5641,5578,5577,-1,
5641,5635,5634,-1,
5641,5577,5635,-1,
5641,5634,5640,-1,
5642,5636,5552,-1,
5642,5552,5551,-1,
5643,5637,5636,-1,
5643,5636,5642,-1,
5644,5638,5637,-1,
5644,5637,5643,-1,
5645,5638,5644,-1,
5645,5639,5638,-1,
5646,5640,5639,-1,
5646,5639,5645,-1,
5647,5579,5578,-1,
5647,5578,5641,-1,
5647,5641,5640,-1,
5647,5640,5646,-1,
5648,5642,5551,-1,
5648,5551,5550,-1,
5649,5643,5642,-1,
5649,5642,5648,-1,
5650,5643,5649,-1,
5650,5644,5643,-1,
5651,5645,5644,-1,
5651,5644,5650,-1,
5652,5646,5645,-1,
5652,5645,5651,-1,
5653,5580,5579,-1,
5653,5579,5647,-1,
5653,5647,5646,-1,
5653,5646,5652,-1,
5654,5549,5548,-1,
5654,5550,5549,-1,
5654,5548,5568,-1,
5654,5648,5550,-1,
5655,5648,5654,-1,
5655,5654,5568,-1,
5655,5568,5567,-1,
5655,5649,5648,-1,
5656,5655,5567,-1,
5656,5567,5566,-1,
5656,5650,5649,-1,
5656,5649,5655,-1,
5657,5656,5566,-1,
5657,5650,5656,-1,
5657,5566,5565,-1,
5657,5651,5650,-1,
5658,5651,5657,-1,
5658,5565,5564,-1,
5658,5657,5565,-1,
5658,5652,5651,-1,
5659,5652,5658,-1,
5659,5563,5562,-1,
5659,5564,5563,-1,
5659,5658,5564,-1,
5659,5581,5580,-1,
5659,5562,5581,-1,
5659,5580,5653,-1,
5659,5653,5652,-1,
5670,5660,5661,-1,
5670,5669,5660,-1,
5671,5661,5662,-1,
5671,5670,5661,-1,
5672,5662,5663,-1,
5672,5671,5662,-1,
5673,5663,5664,-1,
5673,5672,5663,-1,
5674,5664,5665,-1,
5674,5673,5664,-1,
5675,5665,5666,-1,
5675,5674,5665,-1,
5668,5666,5667,-1,
5668,5675,5666,-1,
] } }
Shape { appearance Appearance { material Material { diffuseColor 0.826657 0.826657 0.826657 specularColor 0.15 0.15 0.15 shininess 0.4 } } geometry IndexedFaceSet { solid FALSE creaseAngle 0.6 coord Coordinate { point [
0.0012292 0.2551155 0.4330709,
0.0012292 0.2551155 0.4362205,
0.0850393 0.2551155 0.4362205,
0.0850393 0.2551155 0.4330709,
0.0850393 0.2551155 0.4330709,
0.0850393 0.2551155 0.4362205,
0.0850393 0.1411028 0.4362205,
0.0850393 0.1411028 0.4330709,
0.0850393 0.1411028 0.4330709,
0.0850393 0.1411028 0.4362205,
0.0660424 0.1411028 0.4362205,
0.0660424 0.1411028 0.4330709,
0.0660424 0.1411028 0.4330709,
0.0660424 0.1411028 0.4362205,
0.0660424 0.2285173 0.4362205,
0.0660424 0.2285173 0.4330709,
0.0660424 0.2285173 0.4330709,
0.0660424 0.2285173 0.4362205,
0.0251430 0.2285173 0.4362205,
0.0251430 0.2285173 0.4330709,
0.0251430 0.2285173 0.4330709,
0.0251430 0.2285173 0.4362205,
0.0264674 0.2228942 0.4362205,
0.0271271 0.2193797 0.4362205,
0.0276573 0.2158652 0.4362205,
0.0276573 0.2158652 0.4330709,
0.0264674 0.2228942 0.4330709,
0.0271271 0.2193797 0.4330709,
0.0266097 0.2221913 0.4346457,
0.0276573 0.2158652 0.4330709,
0.0276573 0.2158652 0.4362205,
0.0282368 0.2102421 0.4362205,
0.0284308 0.2067276 0.4362205,
0.0284954 0.2032131 0.4362205,
0.0284954 0.2032131 0.4330709,
0.0282368 0.2102421 0.4330709,
0.0284308 0.2067276 0.4330709,
0.0282859 0.2095392 0.4346457,
0.0284954 0.2032131 0.4330709,
0.0284954 0.2032131 0.4362205,
0.0280702 0.1916473 0.4362205,
0.0267944 0.1809122 0.4362205,
0.0249190 0.1719608 0.4362205,
0.0226421 0.1644799 0.4362205,
0.0201158 0.1582131 0.4362205,
0.0174557 0.1529504 0.4362205,
0.0154080 0.1495295 0.4362205,
0.0131861 0.1462787 0.4362205,
0.0131861 0.1462787 0.4330709,
0.0280702 0.1916473 0.4330709,
0.0267944 0.1809122 0.4330709,
0.0249190 0.1719608 0.4330709,
0.0226421 0.1644799 0.4330709,
0.0201158 0.1582131 0.4330709,
0.0174557 0.1529504 0.4330709,
0.0154080 0.1495295 0.4330709,
0.0246681 0.1710078 0.4346457,
0.0131861 0.1462787 0.4330709,
0.0131861 0.1462787 0.4362205,
0.0105593 0.1429259 0.4362205,
0.0077819 0.1398648 0.4362205,
0.0048540 0.1370951 0.4362205,
0.0017755 0.1346170 0.4362205,
-0.0014535 0.1324304 0.4362205,
-0.0048331 0.1305354 0.4362205,
-0.0083632 0.1289320 0.4362205,
-0.0120438 0.1276200 0.4362205,
-0.0158750 0.1265996 0.4362205,
-0.0198568 0.1258708 0.4362205,
-0.0239891 0.1254335 0.4362205,
-0.0282720 0.1252877 0.4362205,
-0.0282720 0.1252877 0.4330709,
0.0105593 0.1429259 0.4330709,
0.0077819 0.1398648 0.4330709,
0.0048540 0.1370951 0.4330709,
0.0017755 0.1346170 0.4330709,
-0.0014535 0.1324304 0.4330709,
-0.0048331 0.1305354 0.4330709,
-0.0083632 0.1289320 0.4330709,
-0.0120438 0.1276200 0.4330709,
-0.0158750 0.1265996 0.4330709,
-0.0198568 0.1258708 0.4330709,
-0.0239891 0.1254335 0.4330709,
-0.0048331 0.1305354 0.4346457,
-0.0282720 0.1252877 0.4330709,
-0.0282720 0.1252877 0.4362205,
-0.0326770 0.1254374 0.4362205,
-0.0369153 0.1258867 0.4362205,
-0.0409866 0.1266356 0.4362205,
-0.0448912 0.1276839 0.4362205,
-0.0486289 0.1290318 0.4362205,
-0.0521997 0.1306792 0.4362205,
-0.0556038 0.1326261 0.4362205,
-0.0588409 0.1348726 0.4362205,
-0.0619112 0.1374186 0.4362205,
-0.0648147 0.1402641 0.4362205,
-0.0675514 0.1434092 0.4362205,
-0.0701211 0.1468538 0.4362205,
-0.0701211 0.1468538 0.4330709,
-0.0326770 0.1254374 0.4330709,
-0.0369153 0.1258867 0.4330709,
-0.0409866 0.1266356 0.4330709,
-0.0448912 0.1276839 0.4330709,
-0.0486289 0.1290318 0.4330709,
-0.0521997 0.1306792 0.4330709,
-0.0556038 0.1326261 0.4330709,
-0.0588409 0.1348726 0.4330709,
-0.0619112 0.1374186 0.4330709,
-0.0648147 0.1402641 0.4330709,
-0.0675514 0.1434092 0.4330709,
-0.0521997 0.1306792 0.4346457,
-0.0701211 0.1468538 0.4330709,
-0.0701211 0.1468538 0.4362205,
-0.0725039 0.1505709 0.4362205,
-0.0746795 0.1545337 0.4362205,
-0.0766479 0.1587421 0.4362205,
-0.0784090 0.1631961 0.4362205,
-0.0799630 0.1678957 0.4362205,
-0.0813098 0.1728409 0.4362205,
-0.0827832 0.1798166 0.4362205,
-0.0840005 0.1881862 0.4362205,
-0.0847516 0.1971084 0.4362205,
-0.0849674 0.2023040 0.4362205,
-0.0850393 0.2076701 0.4362205,
-0.0850393 0.2076701 0.4330709,
-0.0725039 0.1505709 0.4330709,
-0.0746795 0.1545337 0.4330709,
-0.0766479 0.1587421 0.4330709,
-0.0784090 0.1631961 0.4330709,
-0.0799630 0.1678957 0.4330709,
-0.0813098 0.1728409 0.4330709,
-0.0827832 0.1798166 0.4330709,
-0.0840005 0.1881862 0.4330709,
-0.0847516 0.1971084 0.4330709,
-0.0849674 0.2023040 0.4330709,
-0.0813098 0.1728409 0.4346457,
-0.0850393 0.2076701 0.4330709,
-0.0850393 0.2076701 0.4362205,
-0.0846862 0.2197826 0.4362205,
-0.0841067 0.2274539 0.4362205,
-0.0832514 0.2352028 0.4362205,
-0.0832514 0.2352028 0.4330709,
-0.0846862 0.2197826 0.4330709,
-0.0841067 0.2274539 0.4330709,
-0.0845924 0.2213107 0.4346457,
-0.0832514 0.2352028 0.4330709,
-0.0832514 0.2352028 0.4362205,
-0.0810165 0.2494544 0.4362205,
-0.0778875 0.2641732 0.4362205,
-0.0778875 0.2641732 0.4330709,
-0.0810165 0.2494544 0.4330709,
-0.0810165 0.2494544 0.4346457,
-0.0778875 0.2641732 0.4330709,
-0.0778875 0.2641732 0.4362205,
-0.0552029 0.2641732 0.4362205,
-0.0552029 0.2641732 0.4330709,
-0.0552029 0.2641732 0.4330709,
-0.0552029 0.2641732 0.4362205,
-0.0585429 0.2554510 0.4362205,
-0.0612621 0.2465370 0.4362205,
-0.0633605 0.2374313 0.4362205,
-0.0633605 0.2374313 0.4330709,
-0.0585429 0.2554510 0.4330709,
-0.0612621 0.2465370 0.4330709,
-0.0599801 0.2510179 0.4346457,
-0.0633605 0.2374313 0.4330709,
-0.0633605 0.2374313 0.4362205,
-0.0648504 0.2280540 0.4362205,
-0.0657444 0.2183253 0.4362205,
-0.0660424 0.2082452 0.4362205,
-0.0660424 0.2082452 0.4330709,
-0.0648504 0.2280540 0.4330709,
-0.0657444 0.2183253 0.4330709,
-0.0653719 0.2232336 0.4346457,
-0.0660424 0.2082452 0.4330709,
-0.0660424 0.2082452 0.4362205,
-0.0657599 0.2002418 0.4362205,
-0.0649125 0.1928135 0.4362205,
-0.0636668 0.1866197 0.4362205,
-0.0621544 0.1814436 0.4362205,
-0.0604764 0.1771077 0.4362205,
-0.0587094 0.1734667 0.4362205,
-0.0573492 0.1711001 0.4362205,
-0.0558734 0.1688512 0.4362205,
-0.0558734 0.1688512 0.4330709,
-0.0657599 0.2002418 0.4330709,
-0.0649125 0.1928135 0.4330709,
-0.0636668 0.1866197 0.4330709,
-0.0621544 0.1814436 0.4330709,
-0.0604764 0.1771077 0.4330709,
-0.0587094 0.1734667 0.4330709,
-0.0573492 0.1711001 0.4330709,
-0.0635001 0.1859603 0.4346457,
-0.0558734 0.1688512 0.4330709,
-0.0558734 0.1688512 0.4362205,
-0.0541282 0.1665318 0.4362205,
-0.0522820 0.1644141 0.4362205,
-0.0503350 0.1624982 0.4362205,
-0.0482871 0.1607839 0.4362205,
-0.0461383 0.1592712 0.4362205,
-0.0438886 0.1579603 0.4362205,
-0.0415380 0.1568510 0.4362205,
-0.0390866 0.1559435 0.4362205,
-0.0365342 0.1552376 0.4362205,
-0.0338810 0.1547334 0.4362205,
-0.0311269 0.1544308 0.4362205,
-0.0282720 0.1543300 0.4362205,
-0.0282720 0.1543300 0.4330709,
-0.0541282 0.1665318 0.4330709,
-0.0522820 0.1644141 0.4330709,
-0.0503350 0.1624982 0.4330709,
-0.0482871 0.1607839 0.4330709,
-0.0461383 0.1592712 0.4330709,
-0.0438886 0.1579603 0.4330709,
-0.0415380 0.1568510 0.4330709,
-0.0390866 0.1559435 0.4330709,
-0.0365342 0.1552376 0.4330709,
-0.0338810 0.1547334 0.4330709,
-0.0311269 0.1544308 0.4330709,
-0.0438886 0.1579603 0.4346457,
-0.0282720 0.1543300 0.4330709,
-0.0282720 0.1543300 0.4362205,
-0.0254170 0.1544308 0.4362205,
-0.0226629 0.1547334 0.4362205,
-0.0200097 0.1552376 0.4362205,
-0.0174573 0.1559435 0.4362205,
-0.0150059 0.1568510 0.4362205,
-0.0126553 0.1579603 0.4362205,
-0.0104056 0.1592712 0.4362205,
-0.0082569 0.1607839 0.4362205,
-0.0062089 0.1624982 0.4362205,
-0.0042619 0.1644141 0.4362205,
-0.0024157 0.1665318 0.4362205,
-0.0006705 0.1688512 0.4362205,
-0.0006705 0.1688512 0.4330709,
-0.0254170 0.1544308 0.4330709,
-0.0226629 0.1547334 0.4330709,
-0.0200097 0.1552376 0.4330709,
-0.0174573 0.1559435 0.4330709,
-0.0150059 0.1568510 0.4330709,
-0.0126553 0.1579603 0.4330709,
-0.0104056 0.1592712 0.4330709,
-0.0082569 0.1607839 0.4330709,
-0.0062089 0.1624982 0.4330709,
-0.0042619 0.1644141 0.4330709,
-0.0024157 0.1665318 0.4330709,
-0.0126553 0.1579603 0.4346457,
-0.0006705 0.1688512 0.4330709,
-0.0006705 0.1688512 0.4362205,
0.0014319 0.1721507 0.4362205,
0.0032910 0.1756978 0.4362205,
0.0049070 0.1794925 0.4362205,
0.0062798 0.1835348 0.4362205,
0.0074094 0.1878246 0.4362205,
0.0082958 0.1923619 0.4362205,
0.0089390 0.1971468 0.4362205,
0.0093586 0.2025536 0.4362205,
0.0094985 0.2082452 0.4362205,
0.0094985 0.2082452 0.4330709,
0.0014319 0.1721507 0.4330709,
0.0032910 0.1756978 0.4330709,
0.0049070 0.1794925 0.4330709,
0.0062798 0.1835348 0.4330709,
0.0074094 0.1878246 0.4330709,
0.0082958 0.1923619 0.4330709,
0.0089390 0.1971468 0.4330709,
0.0093586 0.2025536 0.4330709,
0.0069562 0.1859603 0.4346457,
0.0094985 0.2082452 0.4330709,
0.0094985 0.2082452 0.4362205,
0.0092750 0.2160010 0.4362205,
0.0086045 0.2237408 0.4362205,
0.0074870 0.2314647 0.4362205,
0.0074870 0.2314647 0.4330709,
0.0092750 0.2160010 0.4330709,
0.0086045 0.2237408 0.4330709,
0.0089956 0.2198729 0.4346457,
0.0074870 0.2314647 0.4330709,
0.0074870 0.2314647 0.4362205,
0.0058978 0.2392365 0.4362205,
0.0038118 0.2471201 0.4362205,
0.0012292 0.2551155 0.4362205,
0.0012292 0.2551155 0.4330709,
0.0058978 0.2392365 0.4330709,
0.0038118 0.2471201 0.4330709,
0.0049169 0.2431643 0.4346457,
0.0074870 0.2314647 0.4330709,
0.0058978 0.2392365 0.4330709,
0.0038118 0.2471201 0.4330709,
0.0012292 0.2551155 0.4330709,
0.0094985 0.2082452 0.4330709,
0.0092750 0.2160010 0.4330709,
0.0086045 0.2237408 0.4330709,
-0.0006705 0.1688512 0.4330709,
0.0014319 0.1721507 0.4330709,
0.0032910 0.1756978 0.4330709,
0.0049070 0.1794925 0.4330709,
0.0062798 0.1835348 0.4330709,
0.0074094 0.1878246 0.4330709,
0.0082958 0.1923619 0.4330709,
0.0089390 0.1971468 0.4330709,
0.0093586 0.2025536 0.4330709,
-0.0282720 0.1543300 0.4330709,
-0.0254170 0.1544308 0.4330709,
-0.0226629 0.1547334 0.4330709,
-0.0200097 0.1552376 0.4330709,
-0.0174573 0.1559435 0.4330709,
-0.0150059 0.1568510 0.4330709,
-0.0126553 0.1579603 0.4330709,
-0.0104056 0.1592712 0.4330709,
-0.0082569 0.1607839 0.4330709,
-0.0062089 0.1624982 0.4330709,
-0.0042619 0.1644141 0.4330709,
-0.0024157 0.1665318 0.4330709,
-0.0558734 0.1688512 0.4330709,
-0.0541282 0.1665318 0.4330709,
-0.0522820 0.1644141 0.4330709,
-0.0503350 0.1624982 0.4330709,
-0.0482871 0.1607839 0.4330709,
-0.0461383 0.1592712 0.4330709,
-0.0438886 0.1579603 0.4330709,
-0.0415380 0.1568510 0.4330709,
-0.0390866 0.1559435 0.4330709,
-0.0365342 0.1552376 0.4330709,
-0.0338810 0.1547334 0.4330709,
-0.0311269 0.1544308 0.4330709,
-0.0660424 0.2082452 0.4330709,
-0.0657599 0.2002418 0.4330709,
-0.0649125 0.1928135 0.4330709,
-0.0636668 0.1866197 0.4330709,
-0.0621544 0.1814436 0.4330709,
-0.0604764 0.1771077 0.4330709,
-0.0587094 0.1734667 0.4330709,
-0.0573492 0.1711001 0.4330709,
-0.0633605 0.2374313 0.4330709,
-0.0648504 0.2280540 0.4330709,
-0.0657444 0.2183253 0.4330709,
-0.0552029 0.2641732 0.4330709,
-0.0585429 0.2554510 0.4330709,
-0.0612621 0.2465370 0.4330709,
-0.0778875 0.2641732 0.4330709,
-0.0832514 0.2352028 0.4330709,
-0.0810165 0.2494544 0.4330709,
-0.0850393 0.2076701 0.4330709,
-0.0846862 0.2197826 0.4330709,
-0.0841067 0.2274539 0.4330709,
-0.0701211 0.1468538 0.4330709,
-0.0725039 0.1505709 0.4330709,
-0.0746795 0.1545337 0.4330709,
-0.0766479 0.1587421 0.4330709,
-0.0784090 0.1631961 0.4330709,
-0.0799630 0.1678957 0.4330709,
-0.0813098 0.1728409 0.4330709,
-0.0827832 0.1798166 0.4330709,
-0.0840005 0.1881862 0.4330709,
-0.0847516 0.1971084 0.4330709,
-0.0849674 0.2023040 0.4330709,
-0.0282720 0.1252877 0.4330709,
-0.0326770 0.1254374 0.4330709,
-0.0369153 0.1258867 0.4330709,
-0.0409866 0.1266356 0.4330709,
-0.0448912 0.1276839 0.4330709,
-0.0486289 0.1290318 0.4330709,
-0.0521997 0.1306792 0.4330709,
-0.0556038 0.1326261 0.4330709,
-0.0588409 0.1348726 0.4330709,
-0.0619112 0.1374186 0.4330709,
-0.0648147 0.1402641 0.4330709,
-0.0675514 0.1434092 0.4330709,
0.0131861 0.1462787 0.4330709,
0.0105593 0.1429259 0.4330709,
0.0077819 0.1398648 0.4330709,
0.0048540 0.1370951 0.4330709,
0.0017755 0.1346170 0.4330709,
-0.0014535 0.1324304 0.4330709,
-0.0048331 0.1305354 0.4330709,
-0.0083632 0.1289320 0.4330709,
-0.0120438 0.1276200 0.4330709,
-0.0158750 0.1265996 0.4330709,
-0.0198568 0.1258708 0.4330709,
-0.0239891 0.1254335 0.4330709,
0.0284954 0.2032131 0.4330709,
0.0280702 0.1916473 0.4330709,
0.0267944 0.1809122 0.4330709,
0.0249190 0.1719608 0.4330709,
0.0226421 0.1644799 0.4330709,
0.0201158 0.1582131 0.4330709,
0.0174557 0.1529504 0.4330709,
0.0154080 0.1495295 0.4330709,
0.0276573 0.2158652 0.4330709,
0.0282368 0.2102421 0.4330709,
0.0284308 0.2067276 0.4330709,
0.0251430 0.2285173 0.4330709,
0.0264674 0.2228942 0.4330709,
0.0271271 0.2193797 0.4330709,
0.0660424 0.2285173 0.4330709,
0.0660424 0.1411028 0.4330709,
0.0850393 0.1411028 0.4330709,
0.0850393 0.2551155 0.4330709,
0.0074870 0.2314647 0.4362205,
0.0058978 0.2392365 0.4362205,
0.0038118 0.2471201 0.4362205,
0.0012292 0.2551155 0.4362205,
0.0094985 0.2082452 0.4362205,
0.0092750 0.2160010 0.4362205,
0.0086045 0.2237408 0.4362205,
-0.0006705 0.1688512 0.4362205,
0.0014319 0.1721507 0.4362205,
0.0032910 0.1756978 0.4362205,
0.0049070 0.1794925 0.4362205,
0.0062798 0.1835348 0.4362205,
0.0074094 0.1878246 0.4362205,
0.0082958 0.1923619 0.4362205,
0.0089390 0.1971468 0.4362205,
0.0093586 0.2025536 0.4362205,
-0.0282720 0.1543300 0.4362205,
-0.0254170 0.1544308 0.4362205,
-0.0226629 0.1547334 0.4362205,
-0.0200097 0.1552376 0.4362205,
-0.0174573 0.1559435 0.4362205,
-0.0150059 0.1568510 0.4362205,
-0.0126553 0.1579603 0.4362205,
-0.0104056 0.1592712 0.4362205,
-0.0082569 0.1607839 0.4362205,
-0.0062089 0.1624982 0.4362205,
-0.0042619 0.1644141 0.4362205,
-0.0024157 0.1665318 0.4362205,
-0.0558734 0.1688512 0.4362205,
-0.0541282 0.1665318 0.4362205,
-0.0522820 0.1644141 0.4362205,
-0.0503350 0.1624982 0.4362205,
-0.0482871 0.1607839 0.4362205,
-0.0461383 0.1592712 0.4362205,
-0.0438886 0.1579603 0.4362205,
-0.0415380 0.1568510 0.4362205,
-0.0390866 0.1559435 0.4362205,
-0.0365342 0.1552376 0.4362205,
-0.0338810 0.1547334 0.4362205,
-0.0311269 0.1544308 0.4362205,
-0.0660424 0.2082452 0.4362205,
-0.0657599 0.2002418 0.4362205,
-0.0649125 0.1928135 0.4362205,
-0.0636668 0.1866197 0.4362205,
-0.0621544 0.1814436 0.4362205,
-0.0604764 0.1771077 0.4362205,
-0.0587094 0.1734667 0.4362205,
-0.0573492 0.1711001 0.4362205,
-0.0633605 0.2374313 0.4362205,
-0.0648504 0.2280540 0.4362205,
-0.0657444 0.2183253 0.4362205,
-0.0552029 0.2641732 0.4362205,
-0.0585429 0.2554510 0.4362205,
-0.0612621 0.2465370 0.4362205,
-0.0778875 0.2641732 0.4362205,
-0.0832514 0.2352028 0.4362205,
-0.0810165 0.2494544 0.4362205,
-0.0850393 0.2076701 0.4362205,
-0.0846862 0.2197826 0.4362205,
-0.0841067 0.2274539 0.4362205,
-0.0701211 0.1468538 0.4362205,
-0.0725039 0.1505709 0.4362205,
-0.0746795 0.1545337 0.4362205,
-0.0766479 0.1587421 0.4362205,
-0.0784090 0.1631961 0.4362205,
-0.0799630 0.1678957 0.4362205,
-0.0813098 0.1728409 0.4362205,
-0.0827832 0.1798166 0.4362205,
-0.0840005 0.1881862 0.4362205,
-0.0847516 0.1971084 0.4362205,
-0.0849674 0.2023040 0.4362205,
-0.0282720 0.1252877 0.4362205,
-0.0326770 0.1254374 0.4362205,
-0.0369153 0.1258867 0.4362205,
-0.0409866 0.1266356 0.4362205,
-0.0448912 0.1276839 0.4362205,
-0.0486289 0.1290318 0.4362205,
-0.0521997 0.1306792 0.4362205,
-0.0556038 0.1326261 0.4362205,
-0.0588409 0.1348726 0.4362205,
-0.0619112 0.1374186 0.4362205,
-0.0648147 0.1402641 0.4362205,
-0.0675514 0.1434092 0.4362205,
0.0131861 0.1462787 0.4362205,
0.0105593 0.1429259 0.4362205,
0.0077819 0.1398648 0.4362205,
0.0048540 0.1370951 0.4362205,
0.0017755 0.1346170 0.4362205,
-0.0014535 0.1324304 0.4362205,
-0.0048331 0.1305354 0.4362205,
-0.0083632 0.1289320 0.4362205,
-0.0120438 0.1276200 0.4362205,
-0.0158750 0.1265996 0.4362205,
-0.0198568 0.1258708 0.4362205,
-0.0239891 0.1254335 0.4362205,
0.0284954 0.2032131 0.4362205,
0.0280702 0.1916473 0.4362205,
0.0267944 0.1809122 0.4362205,
0.0249190 0.1719608 0.4362205,
0.0226421 0.1644799 0.4362205,
0.0201158 0.1582131 0.4362205,
0.0174557 0.1529504 0.4362205,
0.0154080 0.1495295 0.4362205,
0.0276573 0.2158652 0.4362205,
0.0282368 0.2102421 0.4362205,
0.0284308 0.2067276 0.4362205,
0.0251430 0.2285173 0.4362205,
0.0264674 0.2228942 0.4362205,
0.0271271 0.2193797 0.4362205,
0.0660424 0.2285173 0.4362205,
0.0660424 0.1411028 0.4362205,
0.0850393 0.1411028 0.4362205,
0.0850393 0.2551155 0.4362205,
-0.0817987 0.0706536 0.4330709,
-0.0817987 0.0706536 0.4362205,
0.0850393 0.0706536 0.4362205,
0.0850393 0.0706536 0.4330709,
0.0850393 0.0706536 0.4330709,
0.0850393 0.0706536 0.4362205,
0.0850393 0.0050927 0.4362205,
0.0850393 0.0050927 0.4330709,
0.0850393 0.0050927 0.4330709,
0.0850393 0.0050927 0.4362205,
0.0846870 -0.0064471 0.4362205,
0.0836301 -0.0170085 0.4362205,
0.0818685 -0.0265914 0.4362205,
0.0799251 -0.0336363 0.4362205,
0.0777135 -0.0395870 0.4362205,
0.0753841 -0.0444720 0.4362205,
0.0739217 -0.0470423 0.4362205,
0.0723561 -0.0494695 0.4362205,
0.0723561 -0.0494695 0.4330709,
0.0846870 -0.0064471 0.4330709,
0.0836301 -0.0170085 0.4330709,
0.0818685 -0.0265914 0.4330709,
0.0799251 -0.0336363 0.4330709,
0.0777135 -0.0395870 0.4330709,
0.0753841 -0.0444720 0.4330709,
0.0739217 -0.0470423 0.4330709,
0.0818685 -0.0265914 0.4346457,
0.0723561 -0.0494695 0.4330709,
0.0723561 -0.0494695 0.4362205,
0.0701603 -0.0524203 0.4362205,
0.0678008 -0.0551146 0.4362205,
0.0652776 -0.0575522 0.4362205,
0.0625906 -0.0597333 0.4362205,
0.0597399 -0.0616578 0.4362205,
0.0567255 -0.0633257 0.4362205,
0.0535473 -0.0647369 0.4362205,
0.0502054 -0.0658916 0.4362205,
0.0466997 -0.0667897 0.4362205,
0.0430303 -0.0674312 0.4362205,
0.0391971 -0.0678161 0.4362205,
0.0352003 -0.0679444 0.4362205,
0.0352003 -0.0679444 0.4330709,
0.0701603 -0.0524203 0.4330709,
0.0678008 -0.0551146 0.4330709,
0.0652776 -0.0575522 0.4330709,
0.0625906 -0.0597333 0.4330709,
0.0597399 -0.0616578 0.4330709,
0.0567255 -0.0633257 0.4330709,
0.0535473 -0.0647369 0.4330709,
0.0502054 -0.0658916 0.4330709,
0.0466997 -0.0667897 0.4330709,
0.0430303 -0.0674312 0.4330709,
0.0391971 -0.0678161 0.4330709,
0.0567255 -0.0633257 0.4346457,
0.0352003 -0.0679444 0.4330709,
0.0352003 -0.0679444 0.4362205,
0.0299435 -0.0677235 0.4362205,
0.0254593 -0.0671469 0.4362205,
0.0216233 -0.0663220 0.4362205,
0.0179767 -0.0652072 0.4362205,
0.0148567 -0.0639560 0.4362205,
0.0121798 -0.0626292 0.4362205,
0.0096271 -0.0611122 0.4362205,
0.0071987 -0.0594051 0.4362205,
0.0048946 -0.0575077 0.4362205,
0.0027146 -0.0554201 0.4362205,
0.0006590 -0.0531423 0.4362205,
-0.0007653 -0.0513567 0.4362205,
-0.0021232 -0.0494695 0.4362205,
-0.0021232 -0.0494695 0.4330709,
0.0299435 -0.0677235 0.4330709,
0.0254593 -0.0671469 0.4330709,
0.0216233 -0.0663220 0.4330709,
0.0179767 -0.0652072 0.4330709,
0.0148567 -0.0639560 0.4330709,
0.0121798 -0.0626292 0.4330709,
0.0096271 -0.0611122 0.4330709,
0.0071987 -0.0594051 0.4330709,
0.0048946 -0.0575077 0.4330709,
0.0027146 -0.0554201 0.4330709,
0.0006590 -0.0531423 0.4330709,
-0.0007653 -0.0513567 0.4330709,
0.0135214 -0.0633257 0.4346457,
-0.0021232 -0.0494695 0.4330709,
-0.0021232 -0.0494695 0.4362205,
-0.0041401 -0.0462680 0.4362205,
-0.0059816 -0.0428219 0.4362205,
-0.0076477 -0.0391312 0.4362205,
-0.0091384 -0.0351959 0.4362205,
-0.0104538 -0.0310160 0.4362205,
-0.0115937 -0.0265914 0.4362205,
-0.0128409 -0.0203115 0.4362205,
-0.0138712 -0.0127268 0.4362205,
-0.0145307 -0.0041237 0.4362205,
-0.0147506 0.0050927 0.4362205,
-0.0147506 0.0050927 0.4330709,
-0.0041401 -0.0462680 0.4330709,
-0.0059816 -0.0428219 0.4330709,
-0.0076477 -0.0391312 0.4330709,
-0.0091384 -0.0351959 0.4330709,
-0.0104538 -0.0310160 0.4330709,
-0.0115937 -0.0265914 0.4330709,
-0.0128409 -0.0203115 0.4330709,
-0.0138712 -0.0127268 0.4330709,
-0.0145307 -0.0041237 0.4330709,
-0.0115937 -0.0265914 0.4346457,
-0.0147506 0.0050927 0.4330709,
-0.0147506 0.0050927 0.4362205,
-0.0147506 0.0416113 0.4362205,
-0.0147506 0.0416113 0.4330709,
-0.0147506 0.0416113 0.4330709,
-0.0147506 0.0416113 0.4362205,
-0.0817987 0.0416113 0.4362205,
-0.0817987 0.0416113 0.4330709,
-0.0817987 0.0416113 0.4330709,
-0.0817987 0.0416113 0.4362205,
-0.0817987 0.0706536 0.4362205,
-0.0817987 0.0706536 0.4330709,
0.0664894 0.0050927 0.4330709,
0.0664894 0.0050927 0.4362205,
0.0664894 0.0416113 0.4362205,
0.0664894 0.0416113 0.4330709,
0.0664894 0.0416113 0.4330709,
0.0664894 0.0416113 0.4362205,
0.0037994 0.0416113 0.4362205,
0.0037994 0.0416113 0.4330709,
0.0037994 0.0416113 0.4330709,
0.0037994 0.0416113 0.4362205,
0.0037994 0.0050927 0.4362205,
0.0037994 0.0050927 0.4330709,
0.0037994 0.0050927 0.4330709,
0.0037994 0.0050927 0.4362205,
0.0040260 -0.0014090 0.4362205,
0.0047058 -0.0073996 0.4362205,
0.0057051 -0.0123541 0.4362205,
0.0069183 -0.0164590 0.4362205,
0.0082644 -0.0198668 0.4362205,
0.0096819 -0.0227014 0.4362205,
0.0107730 -0.0245280 0.4362205,
0.0119569 -0.0262500 0.4362205,
0.0119569 -0.0262500 0.4330709,
0.0040260 -0.0014090 0.4330709,
0.0047058 -0.0073996 0.4330709,
0.0057051 -0.0123541 0.4330709,
0.0069183 -0.0164590 0.4330709,
0.0082644 -0.0198668 0.4330709,
0.0096819 -0.0227014 0.4330709,
0.0107730 -0.0245280 0.4330709,
0.0058388 -0.0128790 0.4346457,
0.0119569 -0.0262500 0.4330709,
0.0119569 -0.0262500 0.4362205,
0.0133646 -0.0280182 0.4362205,
0.0148685 -0.0296327 0.4362205,
0.0164687 -0.0310934 0.4362205,
0.0181651 -0.0324003 0.4362205,
0.0199577 -0.0335535 0.4362205,
0.0218465 -0.0345529 0.4362205,
0.0238316 -0.0353986 0.4362205,
0.0259129 -0.0360905 0.4362205,
0.0280904 -0.0366286 0.4362205,
0.0303641 -0.0370130 0.4362205,
0.0327341 -0.0372437 0.4362205,
0.0352003 -0.0373206 0.4362205,
0.0352003 -0.0373206 0.4330709,
0.0133646 -0.0280182 0.4330709,
0.0148685 -0.0296327 0.4330709,
0.0164687 -0.0310934 0.4330709,
0.0181651 -0.0324003 0.4330709,
0.0199577 -0.0335535 0.4330709,
0.0218465 -0.0345529 0.4330709,
0.0238316 -0.0353986 0.4330709,
0.0259129 -0.0360905 0.4330709,
0.0280904 -0.0366286 0.4330709,
0.0303641 -0.0370130 0.4330709,
0.0327341 -0.0372437 0.4330709,
0.0218465 -0.0345529 0.4346457,
0.0352003 -0.0373206 0.4330709,
0.0352003 -0.0373206 0.4362205,
0.0383936 -0.0371882 0.4362205,
0.0411282 -0.0368427 0.4362205,
0.0434764 -0.0363484 0.4362205,
0.0457177 -0.0356804 0.4362205,
0.0478521 -0.0348387 0.4362205,
0.0498795 -0.0338232 0.4362205,
0.0516127 -0.0327609 0.4362205,
0.0533872 -0.0314554 0.4362205,
0.0550152 -0.0300293 0.4362205,
0.0564375 -0.0285705 0.4362205,
0.0574057 -0.0274443 0.4362205,
0.0583319 -0.0262500 0.4362205,
0.0583319 -0.0262500 0.4330709,
0.0383936 -0.0371882 0.4330709,
0.0411282 -0.0368427 0.4330709,
0.0434764 -0.0363484 0.4330709,
0.0457177 -0.0356804 0.4330709,
0.0478521 -0.0348387 0.4330709,
0.0498795 -0.0338232 0.4330709,
0.0516127 -0.0327609 0.4330709,
0.0533872 -0.0314554 0.4330709,
0.0550152 -0.0300293 0.4330709,
0.0564375 -0.0285705 0.4330709,
0.0574057 -0.0274443 0.4330709,
0.0484702 -0.0345529 0.4346457,
0.0583319 -0.0262500 0.4330709,
0.0583319 -0.0262500 0.4362205,
0.0596348 -0.0243410 0.4362205,
0.0608244 -0.0223042 0.4362205,
0.0619008 -0.0201396 0.4362205,
0.0628638 -0.0178472 0.4362205,
0.0637135 -0.0154270 0.4362205,
0.0644500 -0.0128790 0.4362205,
0.0650731 -0.0102032 0.4362205,
0.0657278 -0.0064367 0.4362205,
0.0662234 -0.0019278 0.4362205,
0.0664229 0.0015075 0.4362205,
0.0664894 0.0050927 0.4362205,
0.0664894 0.0050927 0.4330709,
0.0596348 -0.0243410 0.4330709,
0.0608244 -0.0223042 0.4330709,
0.0619008 -0.0201396 0.4330709,
0.0628638 -0.0178472 0.4330709,
0.0637135 -0.0154270 0.4330709,
0.0644500 -0.0128790 0.4330709,
0.0650731 -0.0102032 0.4330709,
0.0657278 -0.0064367 0.4330709,
0.0662234 -0.0019278 0.4330709,
0.0664229 0.0015075 0.4330709,
0.0644500 -0.0128790 0.4346457,
-0.0817987 0.0416113 0.4330709,
-0.0817987 0.0706536 0.4330709,
-0.0147506 0.0416113 0.4330709,
-0.0147506 0.0050927 0.4330709,
-0.0021232 -0.0494695 0.4330709,
-0.0041401 -0.0462680 0.4330709,
-0.0059816 -0.0428219 0.4330709,
-0.0076477 -0.0391312 0.4330709,
-0.0091384 -0.0351959 0.4330709,
-0.0104538 -0.0310160 0.4330709,
-0.0115937 -0.0265914 0.4330709,
-0.0128409 -0.0203115 0.4330709,
-0.0138712 -0.0127268 0.4330709,
-0.0145307 -0.0041237 0.4330709,
0.0352003 -0.0679444 0.4330709,
0.0299435 -0.0677235 0.4330709,
0.0254593 -0.0671469 0.4330709,
0.0216233 -0.0663220 0.4330709,
0.0179767 -0.0652072 0.4330709,
0.0148567 -0.0639560 0.4330709,
0.0121798 -0.0626292 0.4330709,
0.0096271 -0.0611122 0.4330709,
0.0071987 -0.0594051 0.4330709,
0.0048946 -0.0575077 0.4330709,
0.0027146 -0.0554201 0.4330709,
0.0006590 -0.0531423 0.4330709,
-0.0007653 -0.0513567 0.4330709,
0.0723561 -0.0494695 0.4330709,
0.0701603 -0.0524203 0.4330709,
0.0678008 -0.0551146 0.4330709,
0.0652776 -0.0575522 0.4330709,
0.0625906 -0.0597333 0.4330709,
0.0597399 -0.0616578 0.4330709,
0.0567255 -0.0633257 0.4330709,
0.0535473 -0.0647369 0.4330709,
0.0502054 -0.0658916 0.4330709,
0.0466997 -0.0667897 0.4330709,
0.0430303 -0.0674312 0.4330709,
0.0391971 -0.0678161 0.4330709,
0.0850393 0.0050927 0.4330709,
0.0846870 -0.0064471 0.4330709,
0.0836301 -0.0170085 0.4330709,
0.0818685 -0.0265914 0.4330709,
0.0799251 -0.0336363 0.4330709,
0.0777135 -0.0395870 0.4330709,
0.0753841 -0.0444720 0.4330709,
0.0739217 -0.0470423 0.4330709,
0.0850393 0.0706536 0.4330709,
0.0583319 -0.0262500 0.4330709,
0.0596348 -0.0243410 0.4330709,
0.0608244 -0.0223042 0.4330709,
0.0619008 -0.0201396 0.4330709,
0.0628638 -0.0178472 0.4330709,
0.0637135 -0.0154270 0.4330709,
0.0644500 -0.0128790 0.4330709,
0.0650731 -0.0102032 0.4330709,
0.0657278 -0.0064367 0.4330709,
0.0662234 -0.0019278 0.4330709,
0.0664229 0.0015075 0.4330709,
0.0664894 0.0050927 0.4330709,
0.0352003 -0.0373206 0.4330709,
0.0383936 -0.0371882 0.4330709,
0.0411282 -0.0368427 0.4330709,
0.0434764 -0.0363484 0.4330709,
0.0457177 -0.0356804 0.4330709,
0.0478521 -0.0348387 0.4330709,
0.0498795 -0.0338232 0.4330709,
0.0516127 -0.0327609 0.4330709,
0.0533872 -0.0314554 0.4330709,
0.0550152 -0.0300293 0.4330709,
0.0564375 -0.0285705 0.4330709,
0.0574057 -0.0274443 0.4330709,
0.0119569 -0.0262500 0.4330709,
0.0133646 -0.0280182 0.4330709,
0.0148685 -0.0296327 0.4330709,
0.0164687 -0.0310934 0.4330709,
0.0181651 -0.0324003 0.4330709,
0.0199577 -0.0335535 0.4330709,
0.0218465 -0.0345529 0.4330709,
0.0238316 -0.0353986 0.4330709,
0.0259129 -0.0360905 0.4330709,
0.0280904 -0.0366286 0.4330709,
0.0303641 -0.0370130 0.4330709,
0.0327341 -0.0372437 0.4330709,
0.0037994 0.0050927 0.4330709,
0.0040260 -0.0014090 0.4330709,
0.0047058 -0.0073996 0.4330709,
0.0057051 -0.0123541 0.4330709,
0.0069183 -0.0164590 0.4330709,
0.0082644 -0.0198668 0.4330709,
0.0096819 -0.0227014 0.4330709,
0.0107730 -0.0245280 0.4330709,
0.0037994 0.0416113 0.4330709,
0.0664894 0.0416113 0.4330709,
-0.0817987 0.0416113 0.4362205,
-0.0817987 0.0706536 0.4362205,
-0.0147506 0.0416113 0.4362205,
-0.0147506 0.0050927 0.4362205,
-0.0021232 -0.0494695 0.4362205,
-0.0041401 -0.0462680 0.4362205,
-0.0059816 -0.0428219 0.4362205,
-0.0076477 -0.0391312 0.4362205,
-0.0091384 -0.0351959 0.4362205,
-0.0104538 -0.0310160 0.4362205,
-0.0115937 -0.0265914 0.4362205,
-0.0128409 -0.0203115 0.4362205,
-0.0138712 -0.0127268 0.4362205,
-0.0145307 -0.0041237 0.4362205,
0.0352003 -0.0679444 0.4362205,
0.0299435 -0.0677235 0.4362205,
0.0254593 -0.0671469 0.4362205,
0.0216233 -0.0663220 0.4362205,
0.0179767 -0.0652072 0.4362205,
0.0148567 -0.0639560 0.4362205,
0.0121798 -0.0626292 0.4362205,
0.0096271 -0.0611122 0.4362205,
0.0071987 -0.0594051 0.4362205,
0.0048946 -0.0575077 0.4362205,
0.0027146 -0.0554201 0.4362205,
0.0006590 -0.0531423 0.4362205,
-0.0007653 -0.0513567 0.4362205,
0.0723561 -0.0494695 0.4362205,
0.0701603 -0.0524203 0.4362205,
0.0678008 -0.0551146 0.4362205,
0.0652776 -0.0575522 0.4362205,
0.0625906 -0.0597333 0.4362205,
0.0597399 -0.0616578 0.4362205,
0.0567255 -0.0633257 0.4362205,
0.0535473 -0.0647369 0.4362205,
0.0502054 -0.0658916 0.4362205,
0.0466997 -0.0667897 0.4362205,
0.0430303 -0.0674312 0.4362205,
0.0391971 -0.0678161 0.4362205,
0.0850393 0.0050927 0.4362205,
0.0846870 -0.0064471 0.4362205,
0.0836301 -0.0170085 0.4362205,
0.0818685 -0.0265914 0.4362205,
0.0799251 -0.0336363 0.4362205,
0.0777135 -0.0395870 0.4362205,
0.0753841 -0.0444720 0.4362205,
0.0739217 -0.0470423 0.4362205,
0.0850393 0.0706536 0.4362205,
0.0583319 -0.0262500 0.4362205,
0.0596348 -0.0243410 0.4362205,
0.0608244 -0.0223042 0.4362205,
0.0619008 -0.0201396 0.4362205,
0.0628638 -0.0178472 0.4362205,
0.0637135 -0.0154270 0.4362205,
0.0644500 -0.0128790 0.4362205,
0.0650731 -0.0102032 0.4362205,
0.0657278 -0.0064367 0.4362205,
0.0662234 -0.0019278 0.4362205,
0.0664229 0.0015075 0.4362205,
0.0664894 0.0050927 0.4362205,
0.0352003 -0.0373206 0.4362205,
0.0383936 -0.0371882 0.4362205,
0.0411282 -0.0368427 0.4362205,
0.0434764 -0.0363484 0.4362205,
0.0457177 -0.0356804 0.4362205,
0.0478521 -0.0348387 0.4362205,
0.0498795 -0.0338232 0.4362205,
0.0516127 -0.0327609 0.4362205,
0.0533872 -0.0314554 0.4362205,
0.0550152 -0.0300293 0.4362205,
0.0564375 -0.0285705 0.4362205,
0.0574057 -0.0274443 0.4362205,
0.0119569 -0.0262500 0.4362205,
0.0133646 -0.0280182 0.4362205,
0.0148685 -0.0296327 0.4362205,
0.0164687 -0.0310934 0.4362205,
0.0181651 -0.0324003 0.4362205,
0.0199577 -0.0335535 0.4362205,
0.0218465 -0.0345529 0.4362205,
0.0238316 -0.0353986 0.4362205,
0.0259129 -0.0360905 0.4362205,
0.0280904 -0.0366286 0.4362205,
0.0303641 -0.0370130 0.4362205,
0.0327341 -0.0372437 0.4362205,
0.0037994 0.0050927 0.4362205,
0.0040260 -0.0014090 0.4362205,
0.0047058 -0.0073996 0.4362205,
0.0057051 -0.0123541 0.4362205,
0.0069183 -0.0164590 0.4362205,
0.0082644 -0.0198668 0.4362205,
0.0096819 -0.0227014 0.4362205,
0.0107730 -0.0245280 0.4362205,
0.0037994 0.0416113 0.4362205,
0.0664894 0.0416113 0.4362205,
-0.0817987 -0.1069071 0.4330709,
-0.0817987 -0.1069071 0.4362205,
0.0850393 -0.1069071 0.4362205,
0.0850393 -0.1069071 0.4330709,
0.0850393 -0.1069071 0.4330709,
0.0850393 -0.1069071 0.4362205,
0.0850393 -0.2426296 0.4362205,
0.0850393 -0.2426296 0.4330709,
0.0850393 -0.2426296 0.4330709,
0.0850393 -0.2426296 0.4362205,
0.0660424 -0.2426296 0.4362205,
0.0660424 -0.2426296 0.4330709,
0.0660424 -0.2426296 0.4330709,
0.0660424 -0.2426296 0.4362205,
0.0660424 -0.1359494 0.4362205,
0.0660424 -0.1359494 0.4330709,
0.0660424 -0.1359494 0.4330709,
0.0660424 -0.1359494 0.4362205,
0.0166503 -0.1359494 0.4362205,
0.0166503 -0.1359494 0.4330709,
0.0166503 -0.1359494 0.4330709,
0.0166503 -0.1359494 0.4362205,
0.0166503 -0.2381727 0.4362205,
0.0166503 -0.2381727 0.4330709,
0.0166503 -0.2381727 0.4330709,
0.0166503 -0.2381727 0.4362205,
-0.0023467 -0.2381727 0.4362205,
-0.0023467 -0.2381727 0.4330709,
-0.0023467 -0.2381727 0.4330709,
-0.0023467 -0.2381727 0.4362205,
-0.0023467 -0.1359494 0.4362205,
-0.0023467 -0.1359494 0.4330709,
-0.0023467 -0.1359494 0.4330709,
-0.0023467 -0.1359494 0.4362205,
-0.0628017 -0.1359494 0.4362205,
-0.0628017 -0.1359494 0.4330709,
-0.0628017 -0.1359494 0.4330709,
-0.0628017 -0.1359494 0.4362205,
-0.0628017 -0.2452176 0.4362205,
-0.0628017 -0.2452176 0.4330709,
-0.0628017 -0.2452176 0.4330709,
-0.0628017 -0.2452176 0.4362205,
-0.0817987 -0.2452176 0.4362205,
-0.0817987 -0.2452176 0.4330709,
-0.0817987 -0.2452176 0.4330709,
-0.0817987 -0.2452176 0.4362205,
-0.0817987 -0.1069071 0.4362205,
-0.0817987 -0.1069071 0.4330709,
-0.0817987 -0.2452176 0.4330709,
-0.0817987 -0.1069071 0.4330709,
-0.0628017 -0.2452176 0.4330709,
-0.0628017 -0.1359494 0.4330709,
-0.0023467 -0.1359494 0.4330709,
-0.0023467 -0.2381727 0.4330709,
0.0166503 -0.2381727 0.4330709,
0.0166503 -0.1359494 0.4330709,
0.0660424 -0.1359494 0.4330709,
0.0660424 -0.2426296 0.4330709,
0.0850393 -0.2426296 0.4330709,
0.0850393 -0.1069071 0.4330709,
-0.0817987 -0.2452176 0.4362205,
-0.0817987 -0.1069071 0.4362205,
-0.0628017 -0.2452176 0.4362205,
-0.0628017 -0.1359494 0.4362205,
-0.0023467 -0.1359494 0.4362205,
-0.0023467 -0.2381727 0.4362205,
0.0166503 -0.2381727 0.4362205,
0.0166503 -0.1359494 0.4362205,
0.0660424 -0.1359494 0.4362205,
0.0660424 -0.2426296 0.4362205,
0.0850393 -0.2426296 0.4362205,
0.0850393 -0.1069071 0.4362205,
-0.0023467 -0.3393895 0.4330709,
-0.0023467 -0.3393895 0.4362205,
0.0850393 -0.2634769 0.4362205,
0.0850393 -0.2634769 0.4330709,
0.0850393 -0.2634769 0.4330709,
0.0850393 -0.2634769 0.4362205,
0.0850393 -0.2946758 0.4362205,
0.0850393 -0.2946758 0.4330709,
0.0850393 -0.2946758 0.4330709,
0.0850393 -0.2946758 0.4362205,
0.0164268 -0.3541982 0.4362205,
0.0164268 -0.3541982 0.4330709,
0.0164268 -0.3541982 0.4330709,
0.0164268 -0.3541982 0.4362205,
0.0850393 -0.4132892 0.4362205,
0.0850393 -0.4132892 0.4330709,
0.0850393 -0.4132892 0.4330709,
0.0850393 -0.4132892 0.4362205,
0.0850393 -0.4444881 0.4362205,
0.0850393 -0.4444881 0.4330709,
0.0850393 -0.4444881 0.4330709,
0.0850393 -0.4444881 0.4362205,
-0.0023467 -0.3685755 0.4362205,
-0.0023467 -0.3685755 0.4330709,
-0.0023467 -0.3685755 0.4330709,
-0.0023467 -0.3685755 0.4362205,
-0.0817987 -0.3685755 0.4362205,
-0.0817987 -0.3685755 0.4330709,
-0.0817987 -0.3685755 0.4330709,
-0.0817987 -0.3685755 0.4362205,
-0.0817987 -0.3393895 0.4362205,
-0.0817987 -0.3393895 0.4330709,
-0.0817987 -0.3393895 0.4330709,
-0.0817987 -0.3393895 0.4362205,
-0.0023467 -0.3393895 0.4362205,
-0.0023467 -0.3393895 0.4330709,
-0.0817987 -0.3393895 0.4330709,
-0.0023467 -0.3393895 0.4330709,
-0.0817987 -0.3685755 0.4330709,
-0.0023467 -0.3685755 0.4330709,
0.0850393 -0.4444881 0.4330709,
0.0850393 -0.4132892 0.4330709,
0.0164268 -0.3541982 0.4330709,
0.0850393 -0.2946758 0.4330709,
0.0850393 -0.2634769 0.4330709,
-0.0817987 -0.3393895 0.4362205,
-0.0023467 -0.3393895 0.4362205,
-0.0817987 -0.3685755 0.4362205,
-0.0023467 -0.3685755 0.4362205,
0.0850393 -0.4444881 0.4362205,
0.0850393 -0.4132892 0.4362205,
0.0164268 -0.3541982 0.4362205,
0.0850393 -0.2946758 0.4362205,
0.0850393 -0.2634769 0.4362205,
] } coordIndex [
3,0,1,-1,
3,1,2,-1,
7,4,5,-1,
7,5,6,-1,
11,8,9,-1,
11,9,10,-1,
15,12,13,-1,
15,13,14,-1,
19,16,17,-1,
19,17,18,-1,
26,20,21,-1,
26,21,22,-1,
25,23,24,-1,
25,27,23,-1,
28,22,23,-1,
28,27,26,-1,
28,26,22,-1,
28,23,27,-1,
35,29,30,-1,
35,30,31,-1,
34,32,33,-1,
34,36,32,-1,
37,31,32,-1,
37,36,35,-1,
37,35,31,-1,
37,32,36,-1,
49,38,39,-1,
49,39,40,-1,
50,40,41,-1,
50,49,40,-1,
51,41,42,-1,
51,50,41,-1,
53,43,44,-1,
53,52,43,-1,
54,44,45,-1,
54,53,44,-1,
55,45,46,-1,
55,54,45,-1,
48,46,47,-1,
48,55,46,-1,
56,42,43,-1,
56,52,51,-1,
56,51,42,-1,
56,43,52,-1,
72,57,58,-1,
72,58,59,-1,
73,59,60,-1,
73,72,59,-1,
74,60,61,-1,
74,73,60,-1,
75,61,62,-1,
75,74,61,-1,
76,62,63,-1,
76,75,62,-1,
79,65,66,-1,
79,78,65,-1,
80,66,67,-1,
80,79,66,-1,
81,67,68,-1,
81,80,67,-1,
82,68,69,-1,
82,81,68,-1,
71,69,70,-1,
71,82,69,-1,
83,63,64,-1,
83,64,65,-1,
83,77,76,-1,
83,78,77,-1,
83,76,63,-1,
83,65,78,-1,
99,84,85,-1,
99,85,86,-1,
100,86,87,-1,
100,99,86,-1,
101,87,88,-1,
101,100,87,-1,
102,88,89,-1,
102,101,88,-1,
103,89,90,-1,
103,102,89,-1,
106,92,93,-1,
106,105,92,-1,
107,93,94,-1,
107,106,93,-1,
108,94,95,-1,
108,107,94,-1,
109,95,96,-1,
109,108,95,-1,
98,96,97,-1,
98,109,96,-1,
110,90,91,-1,
110,91,92,-1,
110,104,103,-1,
110,105,104,-1,
110,103,90,-1,
110,92,105,-1,
125,111,112,-1,
125,112,113,-1,
126,113,114,-1,
126,125,113,-1,
127,114,115,-1,
127,126,114,-1,
128,115,116,-1,
128,127,115,-1,
129,116,117,-1,
129,128,116,-1,
132,119,120,-1,
132,131,119,-1,
133,120,121,-1,
133,132,120,-1,
134,121,122,-1,
134,133,121,-1,
124,122,123,-1,
124,134,122,-1,
135,117,118,-1,
135,118,119,-1,
135,130,129,-1,
135,131,130,-1,
135,129,117,-1,
135,119,131,-1,
142,136,137,-1,
142,137,138,-1,
141,139,140,-1,
141,143,139,-1,
144,138,139,-1,
144,143,142,-1,
144,142,138,-1,
144,139,143,-1,
151,145,146,-1,
151,146,147,-1,
151,147,148,-1,
151,148,149,-1,
151,150,145,-1,
151,149,150,-1,
155,152,153,-1,
155,153,154,-1,
162,156,157,-1,
162,157,158,-1,
161,159,160,-1,
161,163,159,-1,
164,158,159,-1,
164,163,162,-1,
164,162,158,-1,
164,159,163,-1,
171,165,166,-1,
171,166,167,-1,
170,168,169,-1,
170,172,168,-1,
173,167,168,-1,
173,172,171,-1,
173,171,167,-1,
173,168,172,-1,
185,174,175,-1,
185,175,176,-1,
186,176,177,-1,
186,185,176,-1,
187,177,178,-1,
187,186,177,-1,
189,179,180,-1,
189,188,179,-1,
190,180,181,-1,
190,189,180,-1,
191,181,182,-1,
191,190,181,-1,
184,182,183,-1,
184,191,182,-1,
192,178,179,-1,
192,188,187,-1,
192,187,178,-1,
192,179,188,-1,
208,193,194,-1,
208,194,195,-1,
209,195,196,-1,
209,208,195,-1,
210,196,197,-1,
210,209,196,-1,
211,197,198,-1,
211,210,197,-1,
212,198,199,-1,
212,211,198,-1,
215,201,202,-1,
215,214,201,-1,
216,202,203,-1,
216,215,202,-1,
217,203,204,-1,
217,216,203,-1,
218,204,205,-1,
218,217,204,-1,
207,205,206,-1,
207,218,205,-1,
219,199,200,-1,
219,200,201,-1,
219,213,212,-1,
219,214,213,-1,
219,212,199,-1,
219,201,214,-1,
235,220,221,-1,
235,221,222,-1,
236,222,223,-1,
236,235,222,-1,
237,223,224,-1,
237,236,223,-1,
238,224,225,-1,
238,237,224,-1,
239,225,226,-1,
239,238,225,-1,
242,228,229,-1,
242,241,228,-1,
243,229,230,-1,
243,242,229,-1,
244,230,231,-1,
244,243,230,-1,
245,231,232,-1,
245,244,231,-1,
234,232,233,-1,
234,245,232,-1,
246,226,227,-1,
246,227,228,-1,
246,240,239,-1,
246,241,240,-1,
246,239,226,-1,
246,228,241,-1,
259,247,248,-1,
259,248,249,-1,
260,249,250,-1,
260,259,249,-1,
261,250,251,-1,
261,260,250,-1,
262,251,252,-1,
262,261,251,-1,
264,253,254,-1,
264,263,253,-1,
265,254,255,-1,
265,264,254,-1,
266,255,256,-1,
266,265,255,-1,
258,256,257,-1,
258,266,256,-1,
267,252,253,-1,
267,263,262,-1,
267,262,252,-1,
267,253,263,-1,
274,268,269,-1,
274,269,270,-1,
273,271,272,-1,
273,275,271,-1,
276,270,271,-1,
276,275,274,-1,
276,274,270,-1,
276,271,275,-1,
283,277,278,-1,
283,278,279,-1,
282,280,281,-1,
282,284,280,-1,
285,279,280,-1,
285,284,283,-1,
285,283,279,-1,
285,280,284,-1,
340,337,338,-1,
342,340,338,-1,
342,338,339,-1,
342,339,334,-1,
341,342,334,-1,
341,334,335,-1,
345,341,335,-1,
345,335,336,-1,
344,345,336,-1,
344,336,326,-1,
343,344,326,-1,
356,343,326,-1,
356,326,327,-1,
355,356,327,-1,
355,327,328,-1,
354,355,328,-1,
354,328,329,-1,
353,354,329,-1,
353,329,330,-1,
352,353,330,-1,
351,352,331,-1,
352,330,331,-1,
350,351,332,-1,
351,331,332,-1,
349,350,333,-1,
350,332,333,-1,
348,349,314,-1,
349,333,314,-1,
347,348,315,-1,
348,314,315,-1,
346,347,316,-1,
347,315,316,-1,
346,316,317,-1,
346,317,368,-1,
368,317,318,-1,
368,318,367,-1,
318,319,367,-1,
286,287,392,-1,
287,288,392,-1,
288,289,392,-1,
292,286,392,-1,
367,319,366,-1,
319,320,366,-1,
291,292,393,-1,
292,392,393,-1,
366,320,365,-1,
291,393,394,-1,
320,321,364,-1,
365,320,364,-1,
290,291,389,-1,
291,394,389,-1,
364,321,363,-1,
321,322,363,-1,
290,389,390,-1,
301,290,391,-1,
290,390,391,-1,
363,322,362,-1,
300,301,381,-1,
301,391,381,-1,
322,323,361,-1,
362,322,361,-1,
392,289,398,-1,
323,324,360,-1,
361,323,360,-1,
298,299,382,-1,
299,300,382,-1,
300,381,382,-1,
324,325,359,-1,
360,324,359,-1,
392,398,395,-1,
325,302,358,-1,
359,325,358,-1,
297,298,383,-1,
298,382,383,-1,
358,302,357,-1,
302,303,380,-1,
357,302,380,-1,
295,296,384,-1,
296,297,384,-1,
297,383,384,-1,
380,303,379,-1,
303,304,379,-1,
304,305,378,-1,
379,304,378,-1,
295,384,385,-1,
294,295,385,-1,
378,305,377,-1,
293,294,386,-1,
294,385,386,-1,
305,306,376,-1,
377,305,376,-1,
293,386,387,-1,
313,293,387,-1,
306,307,375,-1,
376,306,375,-1,
313,387,388,-1,
312,313,388,-1,
307,308,374,-1,
375,307,374,-1,
311,312,369,-1,
312,388,369,-1,
374,308,373,-1,
310,311,370,-1,
311,369,370,-1,
308,309,372,-1,
373,308,372,-1,
310,370,371,-1,
309,310,371,-1,
372,309,371,-1,
396,395,397,-1,
395,398,397,-1,
451,450,453,-1,
451,453,455,-1,
452,451,455,-1,
447,452,455,-1,
447,455,454,-1,
448,447,454,-1,
448,454,458,-1,
449,448,458,-1,
449,458,457,-1,
439,449,457,-1,
439,457,456,-1,
439,456,469,-1,
440,439,469,-1,
440,469,468,-1,
441,440,468,-1,
441,468,467,-1,
442,441,467,-1,
442,467,466,-1,
443,442,466,-1,
443,466,465,-1,
444,465,464,-1,
444,443,465,-1,
445,464,463,-1,
445,444,464,-1,
446,463,462,-1,
446,445,463,-1,
427,462,461,-1,
427,446,462,-1,
428,461,460,-1,
428,427,461,-1,
429,460,459,-1,
429,428,460,-1,
430,429,459,-1,
481,430,459,-1,
431,430,481,-1,
480,431,481,-1,
480,432,431,-1,
505,400,399,-1,
505,401,400,-1,
505,402,401,-1,
505,399,405,-1,
479,432,480,-1,
479,433,432,-1,
506,405,404,-1,
506,505,405,-1,
478,433,479,-1,
507,506,404,-1,
477,434,433,-1,
477,433,478,-1,
502,404,403,-1,
502,507,404,-1,
476,434,477,-1,
476,435,434,-1,
503,502,403,-1,
504,403,414,-1,
504,503,403,-1,
475,435,476,-1,
494,414,413,-1,
494,504,414,-1,
474,436,435,-1,
474,435,475,-1,
511,402,505,-1,
473,437,436,-1,
473,436,474,-1,
495,412,411,-1,
495,413,412,-1,
495,494,413,-1,
472,438,437,-1,
472,437,473,-1,
508,511,505,-1,
471,415,438,-1,
471,438,472,-1,
496,411,410,-1,
496,495,411,-1,
470,415,471,-1,
493,416,415,-1,
493,415,470,-1,
497,409,408,-1,
497,410,409,-1,
497,496,410,-1,
492,416,493,-1,
492,417,416,-1,
491,418,417,-1,
491,417,492,-1,
498,497,408,-1,
498,408,407,-1,
490,418,491,-1,
499,407,406,-1,
499,498,407,-1,
489,419,418,-1,
489,418,490,-1,
500,499,406,-1,
500,406,426,-1,
488,420,419,-1,
488,419,489,-1,
501,500,426,-1,
501,426,425,-1,
487,421,420,-1,
487,420,488,-1,
482,425,424,-1,
482,501,425,-1,
486,421,487,-1,
483,424,423,-1,
483,482,424,-1,
485,422,421,-1,
485,421,486,-1,
484,483,423,-1,
484,423,422,-1,
484,422,485,-1,
510,508,509,-1,
510,511,508,-1,
515,512,513,-1,
515,513,514,-1,
519,516,517,-1,
519,517,518,-1,
531,520,521,-1,
531,521,522,-1,
532,522,523,-1,
532,531,522,-1,
535,525,526,-1,
535,534,525,-1,
536,526,527,-1,
536,535,526,-1,
537,527,528,-1,
537,536,527,-1,
530,528,529,-1,
530,537,528,-1,
538,523,524,-1,
538,524,525,-1,
538,533,532,-1,
538,534,533,-1,
538,532,523,-1,
538,525,534,-1,
554,539,540,-1,
554,540,541,-1,
555,541,542,-1,
555,554,541,-1,
556,542,543,-1,
556,555,542,-1,
557,543,544,-1,
557,556,543,-1,
558,544,545,-1,
558,557,544,-1,
561,547,548,-1,
561,560,547,-1,
562,548,549,-1,
562,561,548,-1,
563,549,550,-1,
563,562,549,-1,
564,550,551,-1,
564,563,550,-1,
553,551,552,-1,
553,564,551,-1,
565,545,546,-1,
565,546,547,-1,
565,559,558,-1,
565,560,559,-1,
565,558,545,-1,
565,547,560,-1,
582,566,567,-1,
582,567,568,-1,
583,568,569,-1,
583,582,568,-1,
584,569,570,-1,
584,583,569,-1,
585,570,571,-1,
585,584,570,-1,
586,571,572,-1,
586,585,571,-1,
588,573,574,-1,
588,587,573,-1,
589,574,575,-1,
589,588,574,-1,
590,575,576,-1,
590,589,575,-1,
591,576,577,-1,
591,590,576,-1,
592,577,578,-1,
592,591,577,-1,
593,578,579,-1,
593,592,578,-1,
581,579,580,-1,
581,593,579,-1,
594,572,573,-1,
594,587,586,-1,
594,586,572,-1,
594,573,587,-1,
608,595,596,-1,
608,596,597,-1,
609,597,598,-1,
609,608,597,-1,
610,598,599,-1,
610,609,598,-1,
611,599,600,-1,
611,610,599,-1,
612,600,601,-1,
612,611,600,-1,
615,603,604,-1,
615,614,603,-1,
616,604,605,-1,
616,615,604,-1,
607,605,606,-1,
607,616,605,-1,
617,601,602,-1,
617,602,603,-1,
617,613,612,-1,
617,614,613,-1,
617,612,601,-1,
617,603,614,-1,
621,618,619,-1,
621,619,620,-1,
625,622,623,-1,
625,623,624,-1,
629,626,627,-1,
629,627,628,-1,
633,630,631,-1,
633,631,632,-1,
637,634,635,-1,
637,635,636,-1,
641,638,639,-1,
641,639,640,-1,
653,642,643,-1,
653,643,644,-1,
654,644,645,-1,
654,653,644,-1,
655,645,646,-1,
655,654,645,-1,
657,647,648,-1,
657,656,647,-1,
658,648,649,-1,
658,657,648,-1,
659,649,650,-1,
659,658,649,-1,
652,650,651,-1,
652,659,650,-1,
660,646,647,-1,
660,656,655,-1,
660,655,646,-1,
660,647,656,-1,
676,661,662,-1,
676,662,663,-1,
677,663,664,-1,
677,676,663,-1,
678,664,665,-1,
678,677,664,-1,
679,665,666,-1,
679,678,665,-1,
680,666,667,-1,
680,679,666,-1,
683,669,670,-1,
683,682,669,-1,
684,670,671,-1,
684,683,670,-1,
685,671,672,-1,
685,684,671,-1,
686,672,673,-1,
686,685,672,-1,
675,673,674,-1,
675,686,673,-1,
687,667,668,-1,
687,668,669,-1,
687,681,680,-1,
687,682,681,-1,
687,680,667,-1,
687,669,682,-1,
703,688,689,-1,
703,689,690,-1,
704,690,691,-1,
704,703,690,-1,
705,691,692,-1,
705,704,691,-1,
706,692,693,-1,
706,705,692,-1,
709,695,696,-1,
709,708,695,-1,
710,696,697,-1,
710,709,696,-1,
711,697,698,-1,
711,710,697,-1,
712,698,699,-1,
712,711,698,-1,
713,699,700,-1,
713,712,699,-1,
702,700,701,-1,
702,713,700,-1,
714,693,694,-1,
714,694,695,-1,
714,707,706,-1,
714,708,707,-1,
714,706,693,-1,
714,695,708,-1,
729,715,716,-1,
729,716,717,-1,
730,717,718,-1,
730,729,717,-1,
731,718,719,-1,
731,730,718,-1,
732,719,720,-1,
732,731,719,-1,
733,720,721,-1,
733,732,720,-1,
736,723,724,-1,
736,735,723,-1,
737,724,725,-1,
737,736,724,-1,
738,725,726,-1,
738,737,725,-1,
728,726,727,-1,
728,738,726,-1,
739,721,722,-1,
739,722,723,-1,
739,734,733,-1,
739,735,734,-1,
739,733,721,-1,
739,723,735,-1,
740,741,742,-1,
742,741,832,-1,
743,742,824,-1,
742,832,824,-1,
743,824,825,-1,
753,743,825,-1,
752,753,826,-1,
753,825,826,-1,
832,741,787,-1,
751,752,827,-1,
752,826,827,-1,
750,751,828,-1,
751,827,828,-1,
832,787,833,-1,
750,828,829,-1,
749,750,830,-1,
750,829,830,-1,
748,749,831,-1,
749,830,831,-1,
747,748,812,-1,
748,831,812,-1,
746,747,813,-1,
747,812,813,-1,
745,746,814,-1,
746,813,814,-1,
744,745,815,-1,
745,814,815,-1,
744,815,816,-1,
744,816,766,-1,
766,816,765,-1,
816,817,765,-1,
765,817,764,-1,
764,817,763,-1,
817,818,763,-1,
763,818,762,-1,
762,818,761,-1,
818,819,761,-1,
761,819,760,-1,
819,820,759,-1,
760,819,759,-1,
833,787,779,-1,
798,799,779,-1,
799,833,779,-1,
820,821,758,-1,
759,820,758,-1,
758,821,757,-1,
821,822,757,-1,
798,779,780,-1,
795,796,780,-1,
796,797,780,-1,
797,798,780,-1,
757,822,756,-1,
756,822,755,-1,
822,823,755,-1,
793,794,781,-1,
794,795,781,-1,
795,780,781,-1,
755,823,754,-1,
823,800,754,-1,
754,800,778,-1,
800,801,778,-1,
793,781,782,-1,
790,791,782,-1,
791,792,782,-1,
792,793,782,-1,
801,802,777,-1,
778,801,777,-1,
777,802,776,-1,
790,782,783,-1,
788,789,783,-1,
789,790,783,-1,
776,802,775,-1,
802,803,775,-1,
788,783,784,-1,
810,811,784,-1,
811,788,784,-1,
775,803,774,-1,
803,804,774,-1,
810,784,785,-1,
809,810,785,-1,
774,804,773,-1,
808,809,786,-1,
809,785,786,-1,
804,805,772,-1,
773,804,772,-1,
808,786,767,-1,
772,805,771,-1,
807,808,768,-1,
808,767,768,-1,
805,806,770,-1,
771,805,770,-1,
806,807,769,-1,
807,768,769,-1,
770,806,769,-1,
836,835,834,-1,
926,835,836,-1,
918,836,837,-1,
918,926,836,-1,
919,918,837,-1,
919,837,847,-1,
920,847,846,-1,
920,919,847,-1,
881,835,926,-1,
921,846,845,-1,
921,920,846,-1,
922,845,844,-1,
922,921,845,-1,
927,881,926,-1,
923,922,844,-1,
924,844,843,-1,
924,923,844,-1,
925,843,842,-1,
925,924,843,-1,
906,842,841,-1,
906,925,842,-1,
907,841,840,-1,
907,906,841,-1,
908,840,839,-1,
908,907,840,-1,
909,839,838,-1,
909,908,839,-1,
910,909,838,-1,
860,910,838,-1,
859,910,860,-1,
859,911,910,-1,
858,911,859,-1,
857,911,858,-1,
857,912,911,-1,
856,912,857,-1,
855,912,856,-1,
855,913,912,-1,
854,913,855,-1,
853,914,913,-1,
853,913,854,-1,
873,881,927,-1,
873,893,892,-1,
873,927,893,-1,
852,915,914,-1,
852,914,853,-1,
851,915,852,-1,
851,916,915,-1,
874,873,892,-1,
874,890,889,-1,
874,891,890,-1,
874,892,891,-1,
850,916,851,-1,
849,916,850,-1,
849,917,916,-1,
875,888,887,-1,
875,889,888,-1,
875,874,889,-1,
848,917,849,-1,
848,894,917,-1,
872,894,848,-1,
872,895,894,-1,
876,875,887,-1,
876,885,884,-1,
876,886,885,-1,
876,887,886,-1,
871,896,895,-1,
871,895,872,-1,
870,896,871,-1,
877,876,884,-1,
877,883,882,-1,
877,884,883,-1,
869,896,870,-1,
869,897,896,-1,
878,877,882,-1,
878,905,904,-1,
878,882,905,-1,
868,897,869,-1,
868,898,897,-1,
879,878,904,-1,
879,904,903,-1,
867,898,868,-1,
880,903,902,-1,
880,879,903,-1,
866,899,898,-1,
866,898,867,-1,
861,880,902,-1,
865,899,866,-1,
862,902,901,-1,
862,861,902,-1,
864,900,899,-1,
864,899,865,-1,
863,901,900,-1,
863,862,901,-1,
863,900,864,-1,
931,928,929,-1,
931,929,930,-1,
935,932,933,-1,
935,933,934,-1,
939,936,937,-1,
939,937,938,-1,
943,940,941,-1,
943,941,942,-1,
947,944,945,-1,
947,945,946,-1,
951,948,949,-1,
951,949,950,-1,
955,952,953,-1,
955,953,954,-1,
959,956,957,-1,
959,957,958,-1,
963,960,961,-1,
963,961,962,-1,
967,964,965,-1,
967,965,966,-1,
971,968,969,-1,
971,969,970,-1,
975,972,973,-1,
975,973,974,-1,
979,977,980,-1,
977,979,976,-1,
976,979,978,-1,
980,977,987,-1,
983,980,987,-1,
983,987,984,-1,
981,980,982,-1,
980,983,982,-1,
985,984,986,-1,
984,987,986,-1,
992,989,991,-1,
988,991,989,-1,
990,991,988,-1,
999,989,992,-1,
999,992,995,-1,
996,999,995,-1,
994,992,993,-1,
994,995,992,-1,
998,996,997,-1,
998,999,996,-1,
1003,1000,1001,-1,
1003,1001,1002,-1,
1007,1004,1005,-1,
1007,1005,1006,-1,
1011,1008,1009,-1,
1011,1009,1010,-1,
1015,1012,1013,-1,
1015,1013,1014,-1,
1019,1016,1017,-1,
1019,1017,1018,-1,
1023,1020,1021,-1,
1023,1021,1022,-1,
1027,1024,1025,-1,
1027,1025,1026,-1,
1031,1028,1029,-1,
1031,1029,1030,-1,
1035,1032,1033,-1,
1035,1033,1034,-1,
1036,1037,1039,-1,
1038,1036,1039,-1,
1039,1037,1042,-1,
1037,1044,1043,-1,
1042,1037,1043,-1,
1039,1042,1041,-1,
1039,1041,1040,-1,
1048,1046,1045,-1,
1048,1045,1047,-1,
1051,1046,1048,-1,
1052,1053,1046,-1,
1052,1046,1051,-1,
1050,1051,1048,-1,
1049,1050,1048,-1,
] } }
