ISO-10303-21;
HEADER;
FILE_DESCRIPTION(('Open CASCADE Model'),'2;1');
FILE_NAME('Open CASCADE Shape Model','2026-10-09T22:28:06',('Author'),(
    'Open CASCADE'),'Open CASCADE STEP processor 8.0','Open CASCADE 8.0'
  ,'Unknown');
FILE_SCHEMA(('AUTOMOTIVE_DESIGN { 1 0 10303 214 1 1 1 1 }'));
ENDSEC;
DATA;
#1 = APPLICATION_PROTOCOL_DEFINITION('international standard',
  'automotive_design',2000,#2);
#2 = APPLICATION_CONTEXT(
  'core data for automotive mechanical design processes');
#3 = SHAPE_DEFINITION_REPRESENTATION(#4,#10);
#4 = PRODUCT_DEFINITION_SHAPE('','',#5);
#5 = PRODUCT_DEFINITION('design','',#6,#9);
#6 = PRODUCT_DEFINITION_FORMATION('','',#7);
#7 = PRODUCT('COMPOUND','COMPOUND','',(#8));
#8 = PRODUCT_CONTEXT('',#2,'mechanical');
#9 = PRODUCT_DEFINITION_CONTEXT('part definition',#2,'design');
#10 = ADVANCED_BREP_SHAPE_REPRESENTATION('',(#11,#15),#10109);
#11 = AXIS2_PLACEMENT_3D('',#12,#13,#14);
#12 = CARTESIAN_POINT('',(0.,0.,0.));
#13 = DIRECTION('',(0.,0.,1.));
#14 = DIRECTION('',(1.,0.,-0.));
#15 = MANIFOLD_SOLID_BREP('',#16);
#16 = CLOSED_SHELL('',(#17,#118,#239,#743,#792,#841,#1296,#1372,#1477,
    #2323,#2428,#2477,#2550,#2655,#2704,#2777,#2882,#2931,#3004,#3077,
    #3182,#3287,#3336,#3409,#3514,#3563,#3636,#3741,#3790,#3863,#3958,
    #3985,#4012,#4066,#4099,#4106,#4134,#4162,#4190,#4218,#4272,#4304,
    #4358,#4390,#4444,#4476,#4552,#4601,#4650,#4699,#4726,#4754,#4761,
    #4789,#4796,#4824,#4831,#4858,#4865,#4892,#4899,#4926,#4933,#4960,
    #4967,#6665,#6741,#6790,#6839,#6888,#6937,#6986,#7035,#7062,#7167,
    #7216,#7265,#7313,#7372,#7448,#7497,#7546,#7595,#7644,#7693,#7742,
    #7791,#7840,#7889,#7938,#7965,#8054,#8102,#8165,#8244,#8323,#8387,
    #8435,#8498,#8577,#8636,#8712,#8761,#8810,#8859,#8908,#8935,#9152,
    #9434,#9449,#9462,#9471,#9547,#9595,#9651,#9699,#9755,#9782,#9887,
    #9967,#10016,#10065,#10092,#10101));
#17 = ADVANCED_FACE('',(#18),#32,.T.);
#18 = FACE_BOUND('',#19,.T.);
#19 = EDGE_LOOP('',(#20,#54,#76,#98));
#20 = ORIENTED_EDGE('',*,*,#21,.T.);
#21 = EDGE_CURVE('',#22,#24,#26,.T.);
#22 = VERTEX_POINT('',#23);
#23 = CARTESIAN_POINT('',(-0.95,1.47,0.81));
#24 = VERTEX_POINT('',#25);
#25 = CARTESIAN_POINT('',(-0.95,-1.47,0.81));
#26 = SURFACE_CURVE('',#27,(#31,#43),.PCURVE_S1.);
#27 = LINE('',#28,#29);
#28 = CARTESIAN_POINT('',(-0.95,-0.735,0.81));
#29 = VECTOR('',#30,1.);
#30 = DIRECTION('',(0.,-1.,0.));
#31 = PCURVE('',#32,#37);
#32 = PLANE('',#33);
#33 = AXIS2_PLACEMENT_3D('',#34,#35,#36);
#34 = CARTESIAN_POINT('',(-0.95,-1.47,0.81));
#35 = DIRECTION('',(0.,0.,1.));
#36 = DIRECTION('',(1.,0.,-0.));
#37 = DEFINITIONAL_REPRESENTATION('',(#38),#42);
#38 = LINE('',#39,#40);
#39 = CARTESIAN_POINT('',(0.,0.735));
#40 = VECTOR('',#41,1.);
#41 = DIRECTION('',(0.,-1.));
#42 = ( GEOMETRIC_REPRESENTATION_CONTEXT(2) 
PARAMETRIC_REPRESENTATION_CONTEXT() REPRESENTATION_CONTEXT('2D SPACE',''
  ) );
#43 = PCURVE('',#44,#49);
#44 = PLANE('',#45);
#45 = AXIS2_PLACEMENT_3D('',#46,#47,#48);
#46 = CARTESIAN_POINT('',(0.,0.,0.81));
#47 = DIRECTION('',(0.,0.,-1.));
#48 = DIRECTION('',(-1.,0.,-0.));
#49 = DEFINITIONAL_REPRESENTATION('',(#50),#53);
#50 = B_SPLINE_CURVE_WITH_KNOTS('',1,(#51,#52),.UNSPECIFIED.,.F.,.F.,(2,
    2),(-2.205,0.735),.PIECEWISE_BEZIER_KNOTS.);
#51 = CARTESIAN_POINT('',(0.95,1.47));
#52 = CARTESIAN_POINT('',(0.95,-1.47));
#53 = ( GEOMETRIC_REPRESENTATION_CONTEXT(2) 
PARAMETRIC_REPRESENTATION_CONTEXT() REPRESENTATION_CONTEXT('2D SPACE',''
  ) );
#54 = ORIENTED_EDGE('',*,*,#55,.T.);
#55 = EDGE_CURVE('',#24,#56,#58,.T.);
#56 = VERTEX_POINT('',#57);
#57 = CARTESIAN_POINT('',(0.95,-1.47,0.81));
#58 = SURFACE_CURVE('',#59,(#63,#70),.PCURVE_S1.);
#59 = LINE('',#60,#61);
#60 = CARTESIAN_POINT('',(-0.475,-1.47,0.81));
#61 = VECTOR('',#62,1.);
#62 = DIRECTION('',(1.,0.,0.));
#63 = PCURVE('',#32,#64);
#64 = DEFINITIONAL_REPRESENTATION('',(#65),#69);
#65 = LINE('',#66,#67);
#66 = CARTESIAN_POINT('',(0.475,0.));
#67 = VECTOR('',#68,1.);
#68 = DIRECTION('',(1.,0.));
#69 = ( GEOMETRIC_REPRESENTATION_CONTEXT(2) 
PARAMETRIC_REPRESENTATION_CONTEXT() REPRESENTATION_CONTEXT('2D SPACE',''
  ) );
#70 = PCURVE('',#44,#71);
#71 = DEFINITIONAL_REPRESENTATION('',(#72),#75);
#72 = B_SPLINE_CURVE_WITH_KNOTS('',1,(#73,#74),.UNSPECIFIED.,.F.,.F.,(2,
    2),(-0.475,1.425),.PIECEWISE_BEZIER_KNOTS.);
#73 = CARTESIAN_POINT('',(0.95,-1.47));
#74 = CARTESIAN_POINT('',(-0.95,-1.47));
#75 = ( GEOMETRIC_REPRESENTATION_CONTEXT(2) 
PARAMETRIC_REPRESENTATION_CONTEXT() REPRESENTATION_CONTEXT('2D SPACE',''
  ) );
#76 = ORIENTED_EDGE('',*,*,#77,.F.);
#77 = EDGE_CURVE('',#78,#56,#80,.T.);
#78 = VERTEX_POINT('',#79);
#79 = CARTESIAN_POINT('',(0.95,1.47,0.81));
#80 = SURFACE_CURVE('',#81,(#85,#92),.PCURVE_S1.);
#81 = LINE('',#82,#83);
#82 = CARTESIAN_POINT('',(0.95,-0.735,0.81));
#83 = VECTOR('',#84,1.);
#84 = DIRECTION('',(0.,-1.,0.));
#85 = PCURVE('',#32,#86);
#86 = DEFINITIONAL_REPRESENTATION('',(#87),#91);
#87 = LINE('',#88,#89);
#88 = CARTESIAN_POINT('',(1.9,0.735));
#89 = VECTOR('',#90,1.);
#90 = DIRECTION('',(0.,-1.));
#91 = ( GEOMETRIC_REPRESENTATION_CONTEXT(2) 
PARAMETRIC_REPRESENTATION_CONTEXT() REPRESENTATION_CONTEXT('2D SPACE',''
  ) );
#92 = PCURVE('',#44,#93);
#93 = DEFINITIONAL_REPRESENTATION('',(#94),#97);
#94 = B_SPLINE_CURVE_WITH_KNOTS('',1,(#95,#96),.UNSPECIFIED.,.F.,.F.,(2,
    2),(-2.205,0.735),.PIECEWISE_BEZIER_KNOTS.);
#95 = CARTESIAN_POINT('',(-0.95,1.47));
#96 = CARTESIAN_POINT('',(-0.95,-1.47));
#97 = ( GEOMETRIC_REPRESENTATION_CONTEXT(2) 
PARAMETRIC_REPRESENTATION_CONTEXT() REPRESENTATION_CONTEXT('2D SPACE',''
  ) );
#98 = ORIENTED_EDGE('',*,*,#99,.F.);
#99 = EDGE_CURVE('',#22,#78,#100,.T.);
#100 = SURFACE_CURVE('',#101,(#105,#112),.PCURVE_S1.);
#101 = LINE('',#102,#103);
#102 = CARTESIAN_POINT('',(-0.475,1.47,0.81));
#103 = VECTOR('',#104,1.);
#104 = DIRECTION('',(1.,0.,0.));
#105 = PCURVE('',#32,#106);
#106 = DEFINITIONAL_REPRESENTATION('',(#107),#111);
#107 = LINE('',#108,#109);
#108 = CARTESIAN_POINT('',(0.475,2.94));
#109 = VECTOR('',#110,1.);
#110 = DIRECTION('',(1.,0.));
#111 = ( GEOMETRIC_REPRESENTATION_CONTEXT(2) 
PARAMETRIC_REPRESENTATION_CONTEXT() REPRESENTATION_CONTEXT('2D SPACE',''
  ) );
#112 = PCURVE('',#44,#113);
#113 = DEFINITIONAL_REPRESENTATION('',(#114),#117);
#114 = B_SPLINE_CURVE_WITH_KNOTS('',1,(#115,#116),.UNSPECIFIED.,.F.,.F.,
  (2,2),(-0.475,1.425),.PIECEWISE_BEZIER_KNOTS.);
#115 = CARTESIAN_POINT('',(0.95,1.47));
#116 = CARTESIAN_POINT('',(-0.95,1.47));
#117 = ( GEOMETRIC_REPRESENTATION_CONTEXT(2) 
PARAMETRIC_REPRESENTATION_CONTEXT() REPRESENTATION_CONTEXT('2D SPACE',''
  ) );
#118 = ADVANCED_FACE('',(#119,#233),#44,.F.);
#119 = FACE_BOUND('',#120,.F.);
#120 = EDGE_LOOP('',(#121,#151,#179,#207));
#121 = ORIENTED_EDGE('',*,*,#122,.F.);
#122 = EDGE_CURVE('',#123,#125,#127,.T.);
#123 = VERTEX_POINT('',#124);
#124 = CARTESIAN_POINT('',(1.,-1.5,0.81));
#125 = VERTEX_POINT('',#126);
#126 = CARTESIAN_POINT('',(1.,1.5,0.81));
#127 = SURFACE_CURVE('',#128,(#132,#139),.PCURVE_S1.);
#128 = LINE('',#129,#130);
#129 = CARTESIAN_POINT('',(1.,-1.5,0.81));
#130 = VECTOR('',#131,1.);
#131 = DIRECTION('',(0.,1.,0.));
#132 = PCURVE('',#44,#133);
#133 = DEFINITIONAL_REPRESENTATION('',(#134),#138);
#134 = LINE('',#135,#136);
#135 = CARTESIAN_POINT('',(-1.,-1.5));
#136 = VECTOR('',#137,1.);
#137 = DIRECTION('',(0.,1.));
#138 = ( GEOMETRIC_REPRESENTATION_CONTEXT(2) 
PARAMETRIC_REPRESENTATION_CONTEXT() REPRESENTATION_CONTEXT('2D SPACE',''
  ) );
#139 = PCURVE('',#140,#145);
#140 = PLANE('',#141);
#141 = AXIS2_PLACEMENT_3D('',#142,#143,#144);
#142 = CARTESIAN_POINT('',(1.,-1.5,0.81));
#143 = DIRECTION('',(-1.,0.,0.));
#144 = DIRECTION('',(0.,0.,1.));
#145 = DEFINITIONAL_REPRESENTATION('',(#146),#150);
#146 = LINE('',#147,#148);
#147 = CARTESIAN_POINT('',(0.,0.));
#148 = VECTOR('',#149,1.);
#149 = DIRECTION('',(0.,1.));
#150 = ( GEOMETRIC_REPRESENTATION_CONTEXT(2) 
PARAMETRIC_REPRESENTATION_CONTEXT() REPRESENTATION_CONTEXT('2D SPACE',''
  ) );
#151 = ORIENTED_EDGE('',*,*,#152,.F.);
#152 = EDGE_CURVE('',#153,#123,#155,.T.);
#153 = VERTEX_POINT('',#154);
#154 = CARTESIAN_POINT('',(-1.,-1.5,0.81));
#155 = SURFACE_CURVE('',#156,(#160,#167),.PCURVE_S1.);
#156 = LINE('',#157,#158);
#157 = CARTESIAN_POINT('',(-1.,-1.5,0.81));
#158 = VECTOR('',#159,1.);
#159 = DIRECTION('',(1.,0.,0.));
#160 = PCURVE('',#44,#161);
#161 = DEFINITIONAL_REPRESENTATION('',(#162),#166);
#162 = LINE('',#163,#164);
#163 = CARTESIAN_POINT('',(1.,-1.5));
#164 = VECTOR('',#165,1.);
#165 = DIRECTION('',(-1.,0.));
#166 = ( GEOMETRIC_REPRESENTATION_CONTEXT(2) 
PARAMETRIC_REPRESENTATION_CONTEXT() REPRESENTATION_CONTEXT('2D SPACE',''
  ) );
#167 = PCURVE('',#168,#173);
#168 = PLANE('',#169);
#169 = AXIS2_PLACEMENT_3D('',#170,#171,#172);
#170 = CARTESIAN_POINT('',(-1.,-1.5,0.81));
#171 = DIRECTION('',(0.,1.,0.));
#172 = DIRECTION('',(0.,-0.,1.));
#173 = DEFINITIONAL_REPRESENTATION('',(#174),#178);
#174 = LINE('',#175,#176);
#175 = CARTESIAN_POINT('',(0.,0.));
#176 = VECTOR('',#177,1.);
#177 = DIRECTION('',(0.,1.));
#178 = ( GEOMETRIC_REPRESENTATION_CONTEXT(2) 
PARAMETRIC_REPRESENTATION_CONTEXT() REPRESENTATION_CONTEXT('2D SPACE',''
  ) );
#179 = ORIENTED_EDGE('',*,*,#180,.F.);
#180 = EDGE_CURVE('',#181,#153,#183,.T.);
#181 = VERTEX_POINT('',#182);
#182 = CARTESIAN_POINT('',(-1.,1.5,0.81));
#183 = SURFACE_CURVE('',#184,(#188,#195),.PCURVE_S1.);
#184 = LINE('',#185,#186);
#185 = CARTESIAN_POINT('',(-1.,-1.5,0.81));
#186 = VECTOR('',#187,1.);
#187 = DIRECTION('',(-0.,-1.,-0.));
#188 = PCURVE('',#44,#189);
#189 = DEFINITIONAL_REPRESENTATION('',(#190),#194);
#190 = LINE('',#191,#192);
#191 = CARTESIAN_POINT('',(1.,-1.5));
#192 = VECTOR('',#193,1.);
#193 = DIRECTION('',(0.,-1.));
#194 = ( GEOMETRIC_REPRESENTATION_CONTEXT(2) 
PARAMETRIC_REPRESENTATION_CONTEXT() REPRESENTATION_CONTEXT('2D SPACE',''
  ) );
#195 = PCURVE('',#196,#201);
#196 = PLANE('',#197);
#197 = AXIS2_PLACEMENT_3D('',#198,#199,#200);
#198 = CARTESIAN_POINT('',(-1.,-1.5,0.81));
#199 = DIRECTION('',(1.,0.,0.));
#200 = DIRECTION('',(0.,0.,-1.));
#201 = DEFINITIONAL_REPRESENTATION('',(#202),#206);
#202 = LINE('',#203,#204);
#203 = CARTESIAN_POINT('',(0.,0.));
#204 = VECTOR('',#205,1.);
#205 = DIRECTION('',(0.,-1.));
#206 = ( GEOMETRIC_REPRESENTATION_CONTEXT(2) 
PARAMETRIC_REPRESENTATION_CONTEXT() REPRESENTATION_CONTEXT('2D SPACE',''
  ) );
#207 = ORIENTED_EDGE('',*,*,#208,.F.);
#208 = EDGE_CURVE('',#125,#181,#209,.T.);
#209 = SURFACE_CURVE('',#210,(#214,#221),.PCURVE_S1.);
#210 = LINE('',#211,#212);
#211 = CARTESIAN_POINT('',(-1.,1.5,0.81));
#212 = VECTOR('',#213,1.);
#213 = DIRECTION('',(-1.,-0.,-0.));
#214 = PCURVE('',#44,#215);
#215 = DEFINITIONAL_REPRESENTATION('',(#216),#220);
#216 = LINE('',#217,#218);
#217 = CARTESIAN_POINT('',(1.,1.5));
#218 = VECTOR('',#219,1.);
#219 = DIRECTION('',(1.,0.));
#220 = ( GEOMETRIC_REPRESENTATION_CONTEXT(2) 
PARAMETRIC_REPRESENTATION_CONTEXT() REPRESENTATION_CONTEXT('2D SPACE',''
  ) );
#221 = PCURVE('',#222,#227);
#222 = PLANE('',#223);
#223 = AXIS2_PLACEMENT_3D('',#224,#225,#226);
#224 = CARTESIAN_POINT('',(-1.,1.5,0.81));
#225 = DIRECTION('',(0.,-1.,0.));
#226 = DIRECTION('',(0.,-0.,-1.));
#227 = DEFINITIONAL_REPRESENTATION('',(#228),#232);
#228 = LINE('',#229,#230);
#229 = CARTESIAN_POINT('',(0.,0.));
#230 = VECTOR('',#231,1.);
#231 = DIRECTION('',(0.,-1.));
#232 = ( GEOMETRIC_REPRESENTATION_CONTEXT(2) 
PARAMETRIC_REPRESENTATION_CONTEXT() REPRESENTATION_CONTEXT('2D SPACE',''
  ) );
#233 = FACE_BOUND('',#234,.F.);
#234 = EDGE_LOOP('',(#235,#236,#237,#238));
#235 = ORIENTED_EDGE('',*,*,#99,.F.);
#236 = ORIENTED_EDGE('',*,*,#21,.T.);
#237 = ORIENTED_EDGE('',*,*,#55,.T.);
#238 = ORIENTED_EDGE('',*,*,#77,.F.);
#239 = ADVANCED_FACE('',(#240),#140,.F.);
#240 = FACE_BOUND('',#241,.T.);
#241 = EDGE_LOOP('',(#242,#272,#300,#328,#356,#384,#412,#435,#463,#491,
    #519,#542,#570,#598,#626,#649,#670,#671,#694,#717));
#242 = ORIENTED_EDGE('',*,*,#243,.T.);
#243 = EDGE_CURVE('',#244,#246,#248,.T.);
#244 = VERTEX_POINT('',#245);
#245 = CARTESIAN_POINT('',(1.,-0.85,0.2));
#246 = VERTEX_POINT('',#247);
#247 = CARTESIAN_POINT('',(1.,-0.65,0.2));
#248 = SURFACE_CURVE('',#249,(#253,#260),.PCURVE_S1.);
#249 = LINE('',#250,#251);
#250 = CARTESIAN_POINT('',(1.,-1.5,0.2));
#251 = VECTOR('',#252,1.);
#252 = DIRECTION('',(0.,1.,-0.));
#253 = PCURVE('',#140,#254);
#254 = DEFINITIONAL_REPRESENTATION('',(#255),#259);
#255 = LINE('',#256,#257);
#256 = CARTESIAN_POINT('',(-0.61,0.));
#257 = VECTOR('',#258,1.);
#258 = DIRECTION('',(0.,1.));
#259 = ( GEOMETRIC_REPRESENTATION_CONTEXT(2) 
PARAMETRIC_REPRESENTATION_CONTEXT() REPRESENTATION_CONTEXT('2D SPACE',''
  ) );
#260 = PCURVE('',#261,#266);
#261 = PLANE('',#262);
#262 = AXIS2_PLACEMENT_3D('',#263,#264,#265);
#263 = CARTESIAN_POINT('',(0.71,-0.75,0.2));
#264 = DIRECTION('',(0.,0.,1.));
#265 = DIRECTION('',(-1.,0.,0.));
#266 = DEFINITIONAL_REPRESENTATION('',(#267),#271);
#267 = LINE('',#268,#269);
#268 = CARTESIAN_POINT('',(-0.29,0.75));
#269 = VECTOR('',#270,1.);
#270 = DIRECTION('',(0.,-1.));
#271 = ( GEOMETRIC_REPRESENTATION_CONTEXT(2) 
PARAMETRIC_REPRESENTATION_CONTEXT() REPRESENTATION_CONTEXT('2D SPACE',''
  ) );
#272 = ORIENTED_EDGE('',*,*,#273,.T.);
#273 = EDGE_CURVE('',#246,#274,#276,.T.);
#274 = VERTEX_POINT('',#275);
#275 = CARTESIAN_POINT('',(1.,-0.65,1.E-02));
#276 = SURFACE_CURVE('',#277,(#281,#288),.PCURVE_S1.);
#277 = LINE('',#278,#279);
#278 = CARTESIAN_POINT('',(1.,-0.65,0.81));
#279 = VECTOR('',#280,1.);
#280 = DIRECTION('',(0.,0.,-1.));
#281 = PCURVE('',#140,#282);
#282 = DEFINITIONAL_REPRESENTATION('',(#283),#287);
#283 = LINE('',#284,#285);
#284 = CARTESIAN_POINT('',(0.,0.85));
#285 = VECTOR('',#286,1.);
#286 = DIRECTION('',(-1.,0.));
#287 = ( GEOMETRIC_REPRESENTATION_CONTEXT(2) 
PARAMETRIC_REPRESENTATION_CONTEXT() REPRESENTATION_CONTEXT('2D SPACE',''
  ) );
#288 = PCURVE('',#289,#294);
#289 = PLANE('',#290);
#290 = AXIS2_PLACEMENT_3D('',#291,#292,#293);
#291 = CARTESIAN_POINT('',(1.01,-0.65,0.2));
#292 = DIRECTION('',(0.,1.,-0.));
#293 = DIRECTION('',(0.,0.,1.));
#294 = DEFINITIONAL_REPRESENTATION('',(#295),#299);
#295 = LINE('',#296,#297);
#296 = CARTESIAN_POINT('',(0.61,-1.E-02));
#297 = VECTOR('',#298,1.);
#298 = DIRECTION('',(-1.,0.));
#299 = ( GEOMETRIC_REPRESENTATION_CONTEXT(2) 
PARAMETRIC_REPRESENTATION_CONTEXT() REPRESENTATION_CONTEXT('2D SPACE',''
  ) );
#300 = ORIENTED_EDGE('',*,*,#301,.T.);
#301 = EDGE_CURVE('',#274,#302,#304,.T.);
#302 = VERTEX_POINT('',#303);
#303 = CARTESIAN_POINT('',(1.,-0.35,1.E-02));
#304 = SURFACE_CURVE('',#305,(#309,#316),.PCURVE_S1.);
#305 = LINE('',#306,#307);
#306 = CARTESIAN_POINT('',(1.,-1.5,1.E-02));
#307 = VECTOR('',#308,1.);
#308 = DIRECTION('',(0.,1.,0.));
#309 = PCURVE('',#140,#310);
#310 = DEFINITIONAL_REPRESENTATION('',(#311),#315);
#311 = LINE('',#312,#313);
#312 = CARTESIAN_POINT('',(-0.8,0.));
#313 = VECTOR('',#314,1.);
#314 = DIRECTION('',(0.,1.));
#315 = ( GEOMETRIC_REPRESENTATION_CONTEXT(2) 
PARAMETRIC_REPRESENTATION_CONTEXT() REPRESENTATION_CONTEXT('2D SPACE',''
  ) );
#316 = PCURVE('',#317,#322);
#317 = PLANE('',#318);
#318 = AXIS2_PLACEMENT_3D('',#319,#320,#321);
#319 = CARTESIAN_POINT('',(0.,0.,1.E-02));
#320 = DIRECTION('',(0.,0.,-1.));
#321 = DIRECTION('',(-1.,0.,-0.));
#322 = DEFINITIONAL_REPRESENTATION('',(#323),#327);
#323 = LINE('',#324,#325);
#324 = CARTESIAN_POINT('',(-1.,-1.5));
#325 = VECTOR('',#326,1.);
#326 = DIRECTION('',(0.,1.));
#327 = ( GEOMETRIC_REPRESENTATION_CONTEXT(2) 
PARAMETRIC_REPRESENTATION_CONTEXT() REPRESENTATION_CONTEXT('2D SPACE',''
  ) );
#328 = ORIENTED_EDGE('',*,*,#329,.T.);
#329 = EDGE_CURVE('',#302,#330,#332,.T.);
#330 = VERTEX_POINT('',#331);
#331 = CARTESIAN_POINT('',(1.,-0.35,0.2));
#332 = SURFACE_CURVE('',#333,(#337,#344),.PCURVE_S1.);
#333 = LINE('',#334,#335);
#334 = CARTESIAN_POINT('',(1.,-0.35,0.81));
#335 = VECTOR('',#336,1.);
#336 = DIRECTION('',(0.,0.,1.));
#337 = PCURVE('',#140,#338);
#338 = DEFINITIONAL_REPRESENTATION('',(#339),#343);
#339 = LINE('',#340,#341);
#340 = CARTESIAN_POINT('',(0.,1.15));
#341 = VECTOR('',#342,1.);
#342 = DIRECTION('',(1.,0.));
#343 = ( GEOMETRIC_REPRESENTATION_CONTEXT(2) 
PARAMETRIC_REPRESENTATION_CONTEXT() REPRESENTATION_CONTEXT('2D SPACE',''
  ) );
#344 = PCURVE('',#345,#350);
#345 = PLANE('',#346);
#346 = AXIS2_PLACEMENT_3D('',#347,#348,#349);
#347 = CARTESIAN_POINT('',(1.01,-0.35,0.2));
#348 = DIRECTION('',(3.614007241618E-16,-1.,0.));
#349 = DIRECTION('',(1.,3.614007241618E-16,0.));
#350 = DEFINITIONAL_REPRESENTATION('',(#351),#355);
#351 = LINE('',#352,#353);
#352 = CARTESIAN_POINT('',(-1.E-02,0.61));
#353 = VECTOR('',#354,1.);
#354 = DIRECTION('',(0.,1.));
#355 = ( GEOMETRIC_REPRESENTATION_CONTEXT(2) 
PARAMETRIC_REPRESENTATION_CONTEXT() REPRESENTATION_CONTEXT('2D SPACE',''
  ) );
#356 = ORIENTED_EDGE('',*,*,#357,.T.);
#357 = EDGE_CURVE('',#330,#358,#360,.T.);
#358 = VERTEX_POINT('',#359);
#359 = CARTESIAN_POINT('',(1.,-0.15,0.2));
#360 = SURFACE_CURVE('',#361,(#365,#372),.PCURVE_S1.);
#361 = LINE('',#362,#363);
#362 = CARTESIAN_POINT('',(1.,-1.5,0.2));
#363 = VECTOR('',#364,1.);
#364 = DIRECTION('',(0.,1.,-0.));
#365 = PCURVE('',#140,#366);
#366 = DEFINITIONAL_REPRESENTATION('',(#367),#371);
#367 = LINE('',#368,#369);
#368 = CARTESIAN_POINT('',(-0.61,0.));
#369 = VECTOR('',#370,1.);
#370 = DIRECTION('',(0.,1.));
#371 = ( GEOMETRIC_REPRESENTATION_CONTEXT(2) 
PARAMETRIC_REPRESENTATION_CONTEXT() REPRESENTATION_CONTEXT('2D SPACE',''
  ) );
#372 = PCURVE('',#373,#378);
#373 = PLANE('',#374);
#374 = AXIS2_PLACEMENT_3D('',#375,#376,#377);
#375 = CARTESIAN_POINT('',(0.71,-0.25,0.2));
#376 = DIRECTION('',(0.,0.,1.));
#377 = DIRECTION('',(-1.,0.,0.));
#378 = DEFINITIONAL_REPRESENTATION('',(#379),#383);
#379 = LINE('',#380,#381);
#380 = CARTESIAN_POINT('',(-0.29,1.25));
#381 = VECTOR('',#382,1.);
#382 = DIRECTION('',(0.,-1.));
#383 = ( GEOMETRIC_REPRESENTATION_CONTEXT(2) 
PARAMETRIC_REPRESENTATION_CONTEXT() REPRESENTATION_CONTEXT('2D SPACE',''
  ) );
#384 = ORIENTED_EDGE('',*,*,#385,.T.);
#385 = EDGE_CURVE('',#358,#386,#388,.T.);
#386 = VERTEX_POINT('',#387);
#387 = CARTESIAN_POINT('',(1.,-0.15,1.E-02));
#388 = SURFACE_CURVE('',#389,(#393,#400),.PCURVE_S1.);
#389 = LINE('',#390,#391);
#390 = CARTESIAN_POINT('',(1.,-0.15,0.81));
#391 = VECTOR('',#392,1.);
#392 = DIRECTION('',(0.,0.,-1.));
#393 = PCURVE('',#140,#394);
#394 = DEFINITIONAL_REPRESENTATION('',(#395),#399);
#395 = LINE('',#396,#397);
#396 = CARTESIAN_POINT('',(0.,1.35));
#397 = VECTOR('',#398,1.);
#398 = DIRECTION('',(-1.,0.));
#399 = ( GEOMETRIC_REPRESENTATION_CONTEXT(2) 
PARAMETRIC_REPRESENTATION_CONTEXT() REPRESENTATION_CONTEXT('2D SPACE',''
  ) );
#400 = PCURVE('',#401,#406);
#401 = PLANE('',#402);
#402 = AXIS2_PLACEMENT_3D('',#403,#404,#405);
#403 = CARTESIAN_POINT('',(1.01,-0.15,0.2));
#404 = DIRECTION('',(0.,1.,-0.));
#405 = DIRECTION('',(0.,0.,1.));
#406 = DEFINITIONAL_REPRESENTATION('',(#407),#411);
#407 = LINE('',#408,#409);
#408 = CARTESIAN_POINT('',(0.61,-1.E-02));
#409 = VECTOR('',#410,1.);
#410 = DIRECTION('',(-1.,0.));
#411 = ( GEOMETRIC_REPRESENTATION_CONTEXT(2) 
PARAMETRIC_REPRESENTATION_CONTEXT() REPRESENTATION_CONTEXT('2D SPACE',''
  ) );
#412 = ORIENTED_EDGE('',*,*,#413,.T.);
#413 = EDGE_CURVE('',#386,#414,#416,.T.);
#414 = VERTEX_POINT('',#415);
#415 = CARTESIAN_POINT('',(1.,0.15,1.E-02));
#416 = SURFACE_CURVE('',#417,(#421,#428),.PCURVE_S1.);
#417 = LINE('',#418,#419);
#418 = CARTESIAN_POINT('',(1.,-1.5,1.E-02));
#419 = VECTOR('',#420,1.);
#420 = DIRECTION('',(0.,1.,0.));
#421 = PCURVE('',#140,#422);
#422 = DEFINITIONAL_REPRESENTATION('',(#423),#427);
#423 = LINE('',#424,#425);
#424 = CARTESIAN_POINT('',(-0.8,0.));
#425 = VECTOR('',#426,1.);
#426 = DIRECTION('',(0.,1.));
#427 = ( GEOMETRIC_REPRESENTATION_CONTEXT(2) 
PARAMETRIC_REPRESENTATION_CONTEXT() REPRESENTATION_CONTEXT('2D SPACE',''
  ) );
#428 = PCURVE('',#317,#429);
#429 = DEFINITIONAL_REPRESENTATION('',(#430),#434);
#430 = LINE('',#431,#432);
#431 = CARTESIAN_POINT('',(-1.,-1.5));
#432 = VECTOR('',#433,1.);
#433 = DIRECTION('',(0.,1.));
#434 = ( GEOMETRIC_REPRESENTATION_CONTEXT(2) 
PARAMETRIC_REPRESENTATION_CONTEXT() REPRESENTATION_CONTEXT('2D SPACE',''
  ) );
#435 = ORIENTED_EDGE('',*,*,#436,.T.);
#436 = EDGE_CURVE('',#414,#437,#439,.T.);
#437 = VERTEX_POINT('',#438);
#438 = CARTESIAN_POINT('',(1.,0.15,0.2));
#439 = SURFACE_CURVE('',#440,(#444,#451),.PCURVE_S1.);
#440 = LINE('',#441,#442);
#441 = CARTESIAN_POINT('',(1.,0.15,0.81));
#442 = VECTOR('',#443,1.);
#443 = DIRECTION('',(0.,0.,1.));
#444 = PCURVE('',#140,#445);
#445 = DEFINITIONAL_REPRESENTATION('',(#446),#450);
#446 = LINE('',#447,#448);
#447 = CARTESIAN_POINT('',(0.,1.65));
#448 = VECTOR('',#449,1.);
#449 = DIRECTION('',(1.,0.));
#450 = ( GEOMETRIC_REPRESENTATION_CONTEXT(2) 
PARAMETRIC_REPRESENTATION_CONTEXT() REPRESENTATION_CONTEXT('2D SPACE',''
  ) );
#451 = PCURVE('',#452,#457);
#452 = PLANE('',#453);
#453 = AXIS2_PLACEMENT_3D('',#454,#455,#456);
#454 = CARTESIAN_POINT('',(1.01,0.15,0.2));
#455 = DIRECTION('',(3.614007241618E-16,-1.,0.));
#456 = DIRECTION('',(1.,3.614007241618E-16,0.));
#457 = DEFINITIONAL_REPRESENTATION('',(#458),#462);
#458 = LINE('',#459,#460);
#459 = CARTESIAN_POINT('',(-1.E-02,0.61));
#460 = VECTOR('',#461,1.);
#461 = DIRECTION('',(0.,1.));
#462 = ( GEOMETRIC_REPRESENTATION_CONTEXT(2) 
PARAMETRIC_REPRESENTATION_CONTEXT() REPRESENTATION_CONTEXT('2D SPACE',''
  ) );
#463 = ORIENTED_EDGE('',*,*,#464,.T.);
#464 = EDGE_CURVE('',#437,#465,#467,.T.);
#465 = VERTEX_POINT('',#466);
#466 = CARTESIAN_POINT('',(1.,0.35,0.2));
#467 = SURFACE_CURVE('',#468,(#472,#479),.PCURVE_S1.);
#468 = LINE('',#469,#470);
#469 = CARTESIAN_POINT('',(1.,-1.5,0.2));
#470 = VECTOR('',#471,1.);
#471 = DIRECTION('',(0.,1.,-0.));
#472 = PCURVE('',#140,#473);
#473 = DEFINITIONAL_REPRESENTATION('',(#474),#478);
#474 = LINE('',#475,#476);
#475 = CARTESIAN_POINT('',(-0.61,0.));
#476 = VECTOR('',#477,1.);
#477 = DIRECTION('',(0.,1.));
#478 = ( GEOMETRIC_REPRESENTATION_CONTEXT(2) 
PARAMETRIC_REPRESENTATION_CONTEXT() REPRESENTATION_CONTEXT('2D SPACE',''
  ) );
#479 = PCURVE('',#480,#485);
#480 = PLANE('',#481);
#481 = AXIS2_PLACEMENT_3D('',#482,#483,#484);
#482 = CARTESIAN_POINT('',(0.71,0.25,0.2));
#483 = DIRECTION('',(0.,0.,1.));
#484 = DIRECTION('',(-1.,0.,0.));
#485 = DEFINITIONAL_REPRESENTATION('',(#486),#490);
#486 = LINE('',#487,#488);
#487 = CARTESIAN_POINT('',(-0.29,1.75));
#488 = VECTOR('',#489,1.);
#489 = DIRECTION('',(0.,-1.));
#490 = ( GEOMETRIC_REPRESENTATION_CONTEXT(2) 
PARAMETRIC_REPRESENTATION_CONTEXT() REPRESENTATION_CONTEXT('2D SPACE',''
  ) );
#491 = ORIENTED_EDGE('',*,*,#492,.T.);
#492 = EDGE_CURVE('',#465,#493,#495,.T.);
#493 = VERTEX_POINT('',#494);
#494 = CARTESIAN_POINT('',(1.,0.35,1.E-02));
#495 = SURFACE_CURVE('',#496,(#500,#507),.PCURVE_S1.);
#496 = LINE('',#497,#498);
#497 = CARTESIAN_POINT('',(1.,0.35,0.81));
#498 = VECTOR('',#499,1.);
#499 = DIRECTION('',(0.,0.,-1.));
#500 = PCURVE('',#140,#501);
#501 = DEFINITIONAL_REPRESENTATION('',(#502),#506);
#502 = LINE('',#503,#504);
#503 = CARTESIAN_POINT('',(0.,1.85));
#504 = VECTOR('',#505,1.);
#505 = DIRECTION('',(-1.,0.));
#506 = ( GEOMETRIC_REPRESENTATION_CONTEXT(2) 
PARAMETRIC_REPRESENTATION_CONTEXT() REPRESENTATION_CONTEXT('2D SPACE',''
  ) );
#507 = PCURVE('',#508,#513);
#508 = PLANE('',#509);
#509 = AXIS2_PLACEMENT_3D('',#510,#511,#512);
#510 = CARTESIAN_POINT('',(1.01,0.35,0.2));
#511 = DIRECTION('',(0.,1.,-0.));
#512 = DIRECTION('',(0.,0.,1.));
#513 = DEFINITIONAL_REPRESENTATION('',(#514),#518);
#514 = LINE('',#515,#516);
#515 = CARTESIAN_POINT('',(0.61,-1.E-02));
#516 = VECTOR('',#517,1.);
#517 = DIRECTION('',(-1.,0.));
#518 = ( GEOMETRIC_REPRESENTATION_CONTEXT(2) 
PARAMETRIC_REPRESENTATION_CONTEXT() REPRESENTATION_CONTEXT('2D SPACE',''
  ) );
#519 = ORIENTED_EDGE('',*,*,#520,.T.);
#520 = EDGE_CURVE('',#493,#521,#523,.T.);
#521 = VERTEX_POINT('',#522);
#522 = CARTESIAN_POINT('',(1.,0.65,1.E-02));
#523 = SURFACE_CURVE('',#524,(#528,#535),.PCURVE_S1.);
#524 = LINE('',#525,#526);
#525 = CARTESIAN_POINT('',(1.,-1.5,1.E-02));
#526 = VECTOR('',#527,1.);
#527 = DIRECTION('',(0.,1.,0.));
#528 = PCURVE('',#140,#529);
#529 = DEFINITIONAL_REPRESENTATION('',(#530),#534);
#530 = LINE('',#531,#532);
#531 = CARTESIAN_POINT('',(-0.8,0.));
#532 = VECTOR('',#533,1.);
#533 = DIRECTION('',(0.,1.));
#534 = ( GEOMETRIC_REPRESENTATION_CONTEXT(2) 
PARAMETRIC_REPRESENTATION_CONTEXT() REPRESENTATION_CONTEXT('2D SPACE',''
  ) );
#535 = PCURVE('',#317,#536);
#536 = DEFINITIONAL_REPRESENTATION('',(#537),#541);
#537 = LINE('',#538,#539);
#538 = CARTESIAN_POINT('',(-1.,-1.5));
#539 = VECTOR('',#540,1.);
#540 = DIRECTION('',(0.,1.));
#541 = ( GEOMETRIC_REPRESENTATION_CONTEXT(2) 
PARAMETRIC_REPRESENTATION_CONTEXT() REPRESENTATION_CONTEXT('2D SPACE',''
  ) );
#542 = ORIENTED_EDGE('',*,*,#543,.T.);
#543 = EDGE_CURVE('',#521,#544,#546,.T.);
#544 = VERTEX_POINT('',#545);
#545 = CARTESIAN_POINT('',(1.,0.65,0.2));
#546 = SURFACE_CURVE('',#547,(#551,#558),.PCURVE_S1.);
#547 = LINE('',#548,#549);
#548 = CARTESIAN_POINT('',(1.,0.65,0.81));
#549 = VECTOR('',#550,1.);
#550 = DIRECTION('',(0.,0.,1.));
#551 = PCURVE('',#140,#552);
#552 = DEFINITIONAL_REPRESENTATION('',(#553),#557);
#553 = LINE('',#554,#555);
#554 = CARTESIAN_POINT('',(0.,2.15));
#555 = VECTOR('',#556,1.);
#556 = DIRECTION('',(1.,0.));
#557 = ( GEOMETRIC_REPRESENTATION_CONTEXT(2) 
PARAMETRIC_REPRESENTATION_CONTEXT() REPRESENTATION_CONTEXT('2D SPACE',''
  ) );
#558 = PCURVE('',#559,#564);
#559 = PLANE('',#560);
#560 = AXIS2_PLACEMENT_3D('',#561,#562,#563);
#561 = CARTESIAN_POINT('',(1.01,0.65,0.2));
#562 = DIRECTION('',(3.614007241618E-16,-1.,0.));
#563 = DIRECTION('',(1.,3.614007241618E-16,0.));
#564 = DEFINITIONAL_REPRESENTATION('',(#565),#569);
#565 = LINE('',#566,#567);
#566 = CARTESIAN_POINT('',(-1.E-02,0.61));
#567 = VECTOR('',#568,1.);
#568 = DIRECTION('',(0.,1.));
#569 = ( GEOMETRIC_REPRESENTATION_CONTEXT(2) 
PARAMETRIC_REPRESENTATION_CONTEXT() REPRESENTATION_CONTEXT('2D SPACE',''
  ) );
#570 = ORIENTED_EDGE('',*,*,#571,.T.);
#571 = EDGE_CURVE('',#544,#572,#574,.T.);
#572 = VERTEX_POINT('',#573);
#573 = CARTESIAN_POINT('',(1.,0.85,0.2));
#574 = SURFACE_CURVE('',#575,(#579,#586),.PCURVE_S1.);
#575 = LINE('',#576,#577);
#576 = CARTESIAN_POINT('',(1.,-1.5,0.2));
#577 = VECTOR('',#578,1.);
#578 = DIRECTION('',(0.,1.,-0.));
#579 = PCURVE('',#140,#580);
#580 = DEFINITIONAL_REPRESENTATION('',(#581),#585);
#581 = LINE('',#582,#583);
#582 = CARTESIAN_POINT('',(-0.61,0.));
#583 = VECTOR('',#584,1.);
#584 = DIRECTION('',(0.,1.));
#585 = ( GEOMETRIC_REPRESENTATION_CONTEXT(2) 
PARAMETRIC_REPRESENTATION_CONTEXT() REPRESENTATION_CONTEXT('2D SPACE',''
  ) );
#586 = PCURVE('',#587,#592);
#587 = PLANE('',#588);
#588 = AXIS2_PLACEMENT_3D('',#589,#590,#591);
#589 = CARTESIAN_POINT('',(0.71,0.75,0.2));
#590 = DIRECTION('',(0.,0.,1.));
#591 = DIRECTION('',(-1.,0.,0.));
#592 = DEFINITIONAL_REPRESENTATION('',(#593),#597);
#593 = LINE('',#594,#595);
#594 = CARTESIAN_POINT('',(-0.29,2.25));
#595 = VECTOR('',#596,1.);
#596 = DIRECTION('',(0.,-1.));
#597 = ( GEOMETRIC_REPRESENTATION_CONTEXT(2) 
PARAMETRIC_REPRESENTATION_CONTEXT() REPRESENTATION_CONTEXT('2D SPACE',''
  ) );
#598 = ORIENTED_EDGE('',*,*,#599,.T.);
#599 = EDGE_CURVE('',#572,#600,#602,.T.);
#600 = VERTEX_POINT('',#601);
#601 = CARTESIAN_POINT('',(1.,0.85,1.E-02));
#602 = SURFACE_CURVE('',#603,(#607,#614),.PCURVE_S1.);
#603 = LINE('',#604,#605);
#604 = CARTESIAN_POINT('',(1.,0.85,0.81));
#605 = VECTOR('',#606,1.);
#606 = DIRECTION('',(0.,0.,-1.));
#607 = PCURVE('',#140,#608);
#608 = DEFINITIONAL_REPRESENTATION('',(#609),#613);
#609 = LINE('',#610,#611);
#610 = CARTESIAN_POINT('',(0.,2.35));
#611 = VECTOR('',#612,1.);
#612 = DIRECTION('',(-1.,0.));
#613 = ( GEOMETRIC_REPRESENTATION_CONTEXT(2) 
PARAMETRIC_REPRESENTATION_CONTEXT() REPRESENTATION_CONTEXT('2D SPACE',''
  ) );
#614 = PCURVE('',#615,#620);
#615 = PLANE('',#616);
#616 = AXIS2_PLACEMENT_3D('',#617,#618,#619);
#617 = CARTESIAN_POINT('',(1.01,0.85,0.2));
#618 = DIRECTION('',(0.,1.,-0.));
#619 = DIRECTION('',(0.,0.,1.));
#620 = DEFINITIONAL_REPRESENTATION('',(#621),#625);
#621 = LINE('',#622,#623);
#622 = CARTESIAN_POINT('',(0.61,-1.E-02));
#623 = VECTOR('',#624,1.);
#624 = DIRECTION('',(-1.,0.));
#625 = ( GEOMETRIC_REPRESENTATION_CONTEXT(2) 
PARAMETRIC_REPRESENTATION_CONTEXT() REPRESENTATION_CONTEXT('2D SPACE',''
  ) );
#626 = ORIENTED_EDGE('',*,*,#627,.T.);
#627 = EDGE_CURVE('',#600,#628,#630,.T.);
#628 = VERTEX_POINT('',#629);
#629 = CARTESIAN_POINT('',(1.,1.5,1.E-02));
#630 = SURFACE_CURVE('',#631,(#635,#642),.PCURVE_S1.);
#631 = LINE('',#632,#633);
#632 = CARTESIAN_POINT('',(1.,-1.5,1.E-02));
#633 = VECTOR('',#634,1.);
#634 = DIRECTION('',(0.,1.,0.));
#635 = PCURVE('',#140,#636);
#636 = DEFINITIONAL_REPRESENTATION('',(#637),#641);
#637 = LINE('',#638,#639);
#638 = CARTESIAN_POINT('',(-0.8,0.));
#639 = VECTOR('',#640,1.);
#640 = DIRECTION('',(0.,1.));
#641 = ( GEOMETRIC_REPRESENTATION_CONTEXT(2) 
PARAMETRIC_REPRESENTATION_CONTEXT() REPRESENTATION_CONTEXT('2D SPACE',''
  ) );
#642 = PCURVE('',#317,#643);
#643 = DEFINITIONAL_REPRESENTATION('',(#644),#648);
#644 = LINE('',#645,#646);
#645 = CARTESIAN_POINT('',(-1.,-1.5));
#646 = VECTOR('',#647,1.);
#647 = DIRECTION('',(0.,1.));
#648 = ( GEOMETRIC_REPRESENTATION_CONTEXT(2) 
PARAMETRIC_REPRESENTATION_CONTEXT() REPRESENTATION_CONTEXT('2D SPACE',''
  ) );
#649 = ORIENTED_EDGE('',*,*,#650,.F.);
#650 = EDGE_CURVE('',#125,#628,#651,.T.);
#651 = SURFACE_CURVE('',#652,(#656,#663),.PCURVE_S1.);
#652 = LINE('',#653,#654);
#653 = CARTESIAN_POINT('',(1.,1.5,0.81));
#654 = VECTOR('',#655,1.);
#655 = DIRECTION('',(-0.,-0.,-1.));
#656 = PCURVE('',#140,#657);
#657 = DEFINITIONAL_REPRESENTATION('',(#658),#662);
#658 = LINE('',#659,#660);
#659 = CARTESIAN_POINT('',(0.,3.));
#660 = VECTOR('',#661,1.);
#661 = DIRECTION('',(-1.,0.));
#662 = ( GEOMETRIC_REPRESENTATION_CONTEXT(2) 
PARAMETRIC_REPRESENTATION_CONTEXT() REPRESENTATION_CONTEXT('2D SPACE',''
  ) );
#663 = PCURVE('',#222,#664);
#664 = DEFINITIONAL_REPRESENTATION('',(#665),#669);
#665 = LINE('',#666,#667);
#666 = CARTESIAN_POINT('',(0.,2.));
#667 = VECTOR('',#668,1.);
#668 = DIRECTION('',(1.,0.));
#669 = ( GEOMETRIC_REPRESENTATION_CONTEXT(2) 
PARAMETRIC_REPRESENTATION_CONTEXT() REPRESENTATION_CONTEXT('2D SPACE',''
  ) );
#670 = ORIENTED_EDGE('',*,*,#122,.F.);
#671 = ORIENTED_EDGE('',*,*,#672,.T.);
#672 = EDGE_CURVE('',#123,#673,#675,.T.);
#673 = VERTEX_POINT('',#674);
#674 = CARTESIAN_POINT('',(1.,-1.5,1.E-02));
#675 = SURFACE_CURVE('',#676,(#680,#687),.PCURVE_S1.);
#676 = LINE('',#677,#678);
#677 = CARTESIAN_POINT('',(1.,-1.5,0.81));
#678 = VECTOR('',#679,1.);
#679 = DIRECTION('',(-0.,-0.,-1.));
#680 = PCURVE('',#140,#681);
#681 = DEFINITIONAL_REPRESENTATION('',(#682),#686);
#682 = LINE('',#683,#684);
#683 = CARTESIAN_POINT('',(0.,0.));
#684 = VECTOR('',#685,1.);
#685 = DIRECTION('',(-1.,0.));
#686 = ( GEOMETRIC_REPRESENTATION_CONTEXT(2) 
PARAMETRIC_REPRESENTATION_CONTEXT() REPRESENTATION_CONTEXT('2D SPACE',''
  ) );
#687 = PCURVE('',#168,#688);
#688 = DEFINITIONAL_REPRESENTATION('',(#689),#693);
#689 = LINE('',#690,#691);
#690 = CARTESIAN_POINT('',(0.,2.));
#691 = VECTOR('',#692,1.);
#692 = DIRECTION('',(-1.,0.));
#693 = ( GEOMETRIC_REPRESENTATION_CONTEXT(2) 
PARAMETRIC_REPRESENTATION_CONTEXT() REPRESENTATION_CONTEXT('2D SPACE',''
  ) );
#694 = ORIENTED_EDGE('',*,*,#695,.T.);
#695 = EDGE_CURVE('',#673,#696,#698,.T.);
#696 = VERTEX_POINT('',#697);
#697 = CARTESIAN_POINT('',(1.,-0.85,1.E-02));
#698 = SURFACE_CURVE('',#699,(#703,#710),.PCURVE_S1.);
#699 = LINE('',#700,#701);
#700 = CARTESIAN_POINT('',(1.,-1.5,1.E-02));
#701 = VECTOR('',#702,1.);
#702 = DIRECTION('',(0.,1.,0.));
#703 = PCURVE('',#140,#704);
#704 = DEFINITIONAL_REPRESENTATION('',(#705),#709);
#705 = LINE('',#706,#707);
#706 = CARTESIAN_POINT('',(-0.8,0.));
#707 = VECTOR('',#708,1.);
#708 = DIRECTION('',(0.,1.));
#709 = ( GEOMETRIC_REPRESENTATION_CONTEXT(2) 
PARAMETRIC_REPRESENTATION_CONTEXT() REPRESENTATION_CONTEXT('2D SPACE',''
  ) );
#710 = PCURVE('',#317,#711);
#711 = DEFINITIONAL_REPRESENTATION('',(#712),#716);
#712 = LINE('',#713,#714);
#713 = CARTESIAN_POINT('',(-1.,-1.5));
#714 = VECTOR('',#715,1.);
#715 = DIRECTION('',(0.,1.));
#716 = ( GEOMETRIC_REPRESENTATION_CONTEXT(2) 
PARAMETRIC_REPRESENTATION_CONTEXT() REPRESENTATION_CONTEXT('2D SPACE',''
  ) );
#717 = ORIENTED_EDGE('',*,*,#718,.T.);
#718 = EDGE_CURVE('',#696,#244,#719,.T.);
#719 = SURFACE_CURVE('',#720,(#724,#731),.PCURVE_S1.);
#720 = LINE('',#721,#722);
#721 = CARTESIAN_POINT('',(1.,-0.85,0.81));
#722 = VECTOR('',#723,1.);
#723 = DIRECTION('',(0.,0.,1.));
#724 = PCURVE('',#140,#725);
#725 = DEFINITIONAL_REPRESENTATION('',(#726),#730);
#726 = LINE('',#727,#728);
#727 = CARTESIAN_POINT('',(0.,0.65));
#728 = VECTOR('',#729,1.);
#729 = DIRECTION('',(1.,0.));
#730 = ( GEOMETRIC_REPRESENTATION_CONTEXT(2) 
PARAMETRIC_REPRESENTATION_CONTEXT() REPRESENTATION_CONTEXT('2D SPACE',''
  ) );
#731 = PCURVE('',#732,#737);
#732 = PLANE('',#733);
#733 = AXIS2_PLACEMENT_3D('',#734,#735,#736);
#734 = CARTESIAN_POINT('',(1.01,-0.85,0.2));
#735 = DIRECTION('',(3.614007241618E-16,-1.,0.));
#736 = DIRECTION('',(1.,3.614007241618E-16,0.));
#737 = DEFINITIONAL_REPRESENTATION('',(#738),#742);
#738 = LINE('',#739,#740);
#739 = CARTESIAN_POINT('',(-1.E-02,0.61));
#740 = VECTOR('',#741,1.);
#741 = DIRECTION('',(0.,1.));
#742 = ( GEOMETRIC_REPRESENTATION_CONTEXT(2) 
PARAMETRIC_REPRESENTATION_CONTEXT() REPRESENTATION_CONTEXT('2D SPACE',''
  ) );
#743 = ADVANCED_FACE('',(#744),#168,.F.);
#744 = FACE_BOUND('',#745,.T.);
#745 = EDGE_LOOP('',(#746,#769,#770,#771));
#746 = ORIENTED_EDGE('',*,*,#747,.T.);
#747 = EDGE_CURVE('',#748,#673,#750,.T.);
#748 = VERTEX_POINT('',#749);
#749 = CARTESIAN_POINT('',(-1.,-1.5,1.E-02));
#750 = SURFACE_CURVE('',#751,(#755,#762),.PCURVE_S1.);
#751 = LINE('',#752,#753);
#752 = CARTESIAN_POINT('',(-1.,-1.5,1.E-02));
#753 = VECTOR('',#754,1.);
#754 = DIRECTION('',(1.,0.,0.));
#755 = PCURVE('',#168,#756);
#756 = DEFINITIONAL_REPRESENTATION('',(#757),#761);
#757 = LINE('',#758,#759);
#758 = CARTESIAN_POINT('',(-0.8,0.));
#759 = VECTOR('',#760,1.);
#760 = DIRECTION('',(0.,1.));
#761 = ( GEOMETRIC_REPRESENTATION_CONTEXT(2) 
PARAMETRIC_REPRESENTATION_CONTEXT() REPRESENTATION_CONTEXT('2D SPACE',''
  ) );
#762 = PCURVE('',#317,#763);
#763 = DEFINITIONAL_REPRESENTATION('',(#764),#768);
#764 = LINE('',#765,#766);
#765 = CARTESIAN_POINT('',(1.,-1.5));
#766 = VECTOR('',#767,1.);
#767 = DIRECTION('',(-1.,0.));
#768 = ( GEOMETRIC_REPRESENTATION_CONTEXT(2) 
PARAMETRIC_REPRESENTATION_CONTEXT() REPRESENTATION_CONTEXT('2D SPACE',''
  ) );
#769 = ORIENTED_EDGE('',*,*,#672,.F.);
#770 = ORIENTED_EDGE('',*,*,#152,.F.);
#771 = ORIENTED_EDGE('',*,*,#772,.T.);
#772 = EDGE_CURVE('',#153,#748,#773,.T.);
#773 = SURFACE_CURVE('',#774,(#778,#785),.PCURVE_S1.);
#774 = LINE('',#775,#776);
#775 = CARTESIAN_POINT('',(-1.,-1.5,0.81));
#776 = VECTOR('',#777,1.);
#777 = DIRECTION('',(-0.,-0.,-1.));
#778 = PCURVE('',#168,#779);
#779 = DEFINITIONAL_REPRESENTATION('',(#780),#784);
#780 = LINE('',#781,#782);
#781 = CARTESIAN_POINT('',(0.,0.));
#782 = VECTOR('',#783,1.);
#783 = DIRECTION('',(-1.,0.));
#784 = ( GEOMETRIC_REPRESENTATION_CONTEXT(2) 
PARAMETRIC_REPRESENTATION_CONTEXT() REPRESENTATION_CONTEXT('2D SPACE',''
  ) );
#785 = PCURVE('',#196,#786);
#786 = DEFINITIONAL_REPRESENTATION('',(#787),#791);
#787 = LINE('',#788,#789);
#788 = CARTESIAN_POINT('',(0.,0.));
#789 = VECTOR('',#790,1.);
#790 = DIRECTION('',(1.,0.));
#791 = ( GEOMETRIC_REPRESENTATION_CONTEXT(2) 
PARAMETRIC_REPRESENTATION_CONTEXT() REPRESENTATION_CONTEXT('2D SPACE',''
  ) );
#792 = ADVANCED_FACE('',(#793),#222,.F.);
#793 = FACE_BOUND('',#794,.T.);
#794 = EDGE_LOOP('',(#795,#818,#839,#840));
#795 = ORIENTED_EDGE('',*,*,#796,.T.);
#796 = EDGE_CURVE('',#628,#797,#799,.T.);
#797 = VERTEX_POINT('',#798);
#798 = CARTESIAN_POINT('',(-1.,1.5,1.E-02));
#799 = SURFACE_CURVE('',#800,(#804,#811),.PCURVE_S1.);
#800 = LINE('',#801,#802);
#801 = CARTESIAN_POINT('',(-1.,1.5,1.E-02));
#802 = VECTOR('',#803,1.);
#803 = DIRECTION('',(-1.,-0.,-0.));
#804 = PCURVE('',#222,#805);
#805 = DEFINITIONAL_REPRESENTATION('',(#806),#810);
#806 = LINE('',#807,#808);
#807 = CARTESIAN_POINT('',(0.8,0.));
#808 = VECTOR('',#809,1.);
#809 = DIRECTION('',(0.,-1.));
#810 = ( GEOMETRIC_REPRESENTATION_CONTEXT(2) 
PARAMETRIC_REPRESENTATION_CONTEXT() REPRESENTATION_CONTEXT('2D SPACE',''
  ) );
#811 = PCURVE('',#317,#812);
#812 = DEFINITIONAL_REPRESENTATION('',(#813),#817);
#813 = LINE('',#814,#815);
#814 = CARTESIAN_POINT('',(1.,1.5));
#815 = VECTOR('',#816,1.);
#816 = DIRECTION('',(1.,0.));
#817 = ( GEOMETRIC_REPRESENTATION_CONTEXT(2) 
PARAMETRIC_REPRESENTATION_CONTEXT() REPRESENTATION_CONTEXT('2D SPACE',''
  ) );
#818 = ORIENTED_EDGE('',*,*,#819,.F.);
#819 = EDGE_CURVE('',#181,#797,#820,.T.);
#820 = SURFACE_CURVE('',#821,(#825,#832),.PCURVE_S1.);
#821 = LINE('',#822,#823);
#822 = CARTESIAN_POINT('',(-1.,1.5,0.81));
#823 = VECTOR('',#824,1.);
#824 = DIRECTION('',(-0.,-0.,-1.));
#825 = PCURVE('',#222,#826);
#826 = DEFINITIONAL_REPRESENTATION('',(#827),#831);
#827 = LINE('',#828,#829);
#828 = CARTESIAN_POINT('',(0.,0.));
#829 = VECTOR('',#830,1.);
#830 = DIRECTION('',(1.,0.));
#831 = ( GEOMETRIC_REPRESENTATION_CONTEXT(2) 
PARAMETRIC_REPRESENTATION_CONTEXT() REPRESENTATION_CONTEXT('2D SPACE',''
  ) );
#832 = PCURVE('',#196,#833);
#833 = DEFINITIONAL_REPRESENTATION('',(#834),#838);
#834 = LINE('',#835,#836);
#835 = CARTESIAN_POINT('',(0.,3.));
#836 = VECTOR('',#837,1.);
#837 = DIRECTION('',(1.,0.));
#838 = ( GEOMETRIC_REPRESENTATION_CONTEXT(2) 
PARAMETRIC_REPRESENTATION_CONTEXT() REPRESENTATION_CONTEXT('2D SPACE',''
  ) );
#839 = ORIENTED_EDGE('',*,*,#208,.F.);
#840 = ORIENTED_EDGE('',*,*,#650,.T.);
#841 = ADVANCED_FACE('',(#842),#196,.F.);
#842 = FACE_BOUND('',#843,.T.);
#843 = EDGE_LOOP('',(#844,#874,#895,#896,#897,#898,#921,#949,#977,#1005,
    #1028,#1056,#1084,#1112,#1135,#1163,#1191,#1219,#1242,#1270));
#844 = ORIENTED_EDGE('',*,*,#845,.F.);
#845 = EDGE_CURVE('',#846,#848,#850,.T.);
#846 = VERTEX_POINT('',#847);
#847 = CARTESIAN_POINT('',(-1.,-0.85,1.E-02));
#848 = VERTEX_POINT('',#849);
#849 = CARTESIAN_POINT('',(-1.,-0.85,0.2));
#850 = SURFACE_CURVE('',#851,(#855,#862),.PCURVE_S1.);
#851 = LINE('',#852,#853);
#852 = CARTESIAN_POINT('',(-1.,-0.85,0.81));
#853 = VECTOR('',#854,1.);
#854 = DIRECTION('',(-0.,0.,1.));
#855 = PCURVE('',#196,#856);
#856 = DEFINITIONAL_REPRESENTATION('',(#857),#861);
#857 = LINE('',#858,#859);
#858 = CARTESIAN_POINT('',(0.,0.65));
#859 = VECTOR('',#860,1.);
#860 = DIRECTION('',(-1.,0.));
#861 = ( GEOMETRIC_REPRESENTATION_CONTEXT(2) 
PARAMETRIC_REPRESENTATION_CONTEXT() REPRESENTATION_CONTEXT('2D SPACE',''
  ) );
#862 = PCURVE('',#863,#868);
#863 = PLANE('',#864);
#864 = AXIS2_PLACEMENT_3D('',#865,#866,#867);
#865 = CARTESIAN_POINT('',(-1.01,-0.85,0.2));
#866 = DIRECTION('',(3.614007241618E-16,1.,-0.));
#867 = DIRECTION('',(-1.,3.614007241618E-16,0.));
#868 = DEFINITIONAL_REPRESENTATION('',(#869),#873);
#869 = LINE('',#870,#871);
#870 = CARTESIAN_POINT('',(-1.E-02,0.61));
#871 = VECTOR('',#872,1.);
#872 = DIRECTION('',(0.,1.));
#873 = ( GEOMETRIC_REPRESENTATION_CONTEXT(2) 
PARAMETRIC_REPRESENTATION_CONTEXT() REPRESENTATION_CONTEXT('2D SPACE',''
  ) );
#874 = ORIENTED_EDGE('',*,*,#875,.T.);
#875 = EDGE_CURVE('',#846,#748,#876,.T.);
#876 = SURFACE_CURVE('',#877,(#881,#888),.PCURVE_S1.);
#877 = LINE('',#878,#879);
#878 = CARTESIAN_POINT('',(-1.,-1.5,1.E-02));
#879 = VECTOR('',#880,1.);
#880 = DIRECTION('',(-0.,-1.,-0.));
#881 = PCURVE('',#196,#882);
#882 = DEFINITIONAL_REPRESENTATION('',(#883),#887);
#883 = LINE('',#884,#885);
#884 = CARTESIAN_POINT('',(0.8,0.));
#885 = VECTOR('',#886,1.);
#886 = DIRECTION('',(0.,-1.));
#887 = ( GEOMETRIC_REPRESENTATION_CONTEXT(2) 
PARAMETRIC_REPRESENTATION_CONTEXT() REPRESENTATION_CONTEXT('2D SPACE',''
  ) );
#888 = PCURVE('',#317,#889);
#889 = DEFINITIONAL_REPRESENTATION('',(#890),#894);
#890 = LINE('',#891,#892);
#891 = CARTESIAN_POINT('',(1.,-1.5));
#892 = VECTOR('',#893,1.);
#893 = DIRECTION('',(0.,-1.));
#894 = ( GEOMETRIC_REPRESENTATION_CONTEXT(2) 
PARAMETRIC_REPRESENTATION_CONTEXT() REPRESENTATION_CONTEXT('2D SPACE',''
  ) );
#895 = ORIENTED_EDGE('',*,*,#772,.F.);
#896 = ORIENTED_EDGE('',*,*,#180,.F.);
#897 = ORIENTED_EDGE('',*,*,#819,.T.);
#898 = ORIENTED_EDGE('',*,*,#899,.T.);
#899 = EDGE_CURVE('',#797,#900,#902,.T.);
#900 = VERTEX_POINT('',#901);
#901 = CARTESIAN_POINT('',(-1.,0.85,1.E-02));
#902 = SURFACE_CURVE('',#903,(#907,#914),.PCURVE_S1.);
#903 = LINE('',#904,#905);
#904 = CARTESIAN_POINT('',(-1.,-1.5,1.E-02));
#905 = VECTOR('',#906,1.);
#906 = DIRECTION('',(-0.,-1.,-0.));
#907 = PCURVE('',#196,#908);
#908 = DEFINITIONAL_REPRESENTATION('',(#909),#913);
#909 = LINE('',#910,#911);
#910 = CARTESIAN_POINT('',(0.8,0.));
#911 = VECTOR('',#912,1.);
#912 = DIRECTION('',(0.,-1.));
#913 = ( GEOMETRIC_REPRESENTATION_CONTEXT(2) 
PARAMETRIC_REPRESENTATION_CONTEXT() REPRESENTATION_CONTEXT('2D SPACE',''
  ) );
#914 = PCURVE('',#317,#915);
#915 = DEFINITIONAL_REPRESENTATION('',(#916),#920);
#916 = LINE('',#917,#918);
#917 = CARTESIAN_POINT('',(1.,-1.5));
#918 = VECTOR('',#919,1.);
#919 = DIRECTION('',(0.,-1.));
#920 = ( GEOMETRIC_REPRESENTATION_CONTEXT(2) 
PARAMETRIC_REPRESENTATION_CONTEXT() REPRESENTATION_CONTEXT('2D SPACE',''
  ) );
#921 = ORIENTED_EDGE('',*,*,#922,.F.);
#922 = EDGE_CURVE('',#923,#900,#925,.T.);
#923 = VERTEX_POINT('',#924);
#924 = CARTESIAN_POINT('',(-1.,0.85,0.2));
#925 = SURFACE_CURVE('',#926,(#930,#937),.PCURVE_S1.);
#926 = LINE('',#927,#928);
#927 = CARTESIAN_POINT('',(-1.,0.85,0.81));
#928 = VECTOR('',#929,1.);
#929 = DIRECTION('',(0.,0.,-1.));
#930 = PCURVE('',#196,#931);
#931 = DEFINITIONAL_REPRESENTATION('',(#932),#936);
#932 = LINE('',#933,#934);
#933 = CARTESIAN_POINT('',(0.,2.35));
#934 = VECTOR('',#935,1.);
#935 = DIRECTION('',(1.,0.));
#936 = ( GEOMETRIC_REPRESENTATION_CONTEXT(2) 
PARAMETRIC_REPRESENTATION_CONTEXT() REPRESENTATION_CONTEXT('2D SPACE',''
  ) );
#937 = PCURVE('',#938,#943);
#938 = PLANE('',#939);
#939 = AXIS2_PLACEMENT_3D('',#940,#941,#942);
#940 = CARTESIAN_POINT('',(-1.01,0.85,0.2));
#941 = DIRECTION('',(0.,-1.,0.));
#942 = DIRECTION('',(0.,-0.,-1.));
#943 = DEFINITIONAL_REPRESENTATION('',(#944),#948);
#944 = LINE('',#945,#946);
#945 = CARTESIAN_POINT('',(-0.61,1.E-02));
#946 = VECTOR('',#947,1.);
#947 = DIRECTION('',(1.,0.));
#948 = ( GEOMETRIC_REPRESENTATION_CONTEXT(2) 
PARAMETRIC_REPRESENTATION_CONTEXT() REPRESENTATION_CONTEXT('2D SPACE',''
  ) );
#949 = ORIENTED_EDGE('',*,*,#950,.T.);
#950 = EDGE_CURVE('',#923,#951,#953,.T.);
#951 = VERTEX_POINT('',#952);
#952 = CARTESIAN_POINT('',(-1.,0.65,0.2));
#953 = SURFACE_CURVE('',#954,(#958,#965),.PCURVE_S1.);
#954 = LINE('',#955,#956);
#955 = CARTESIAN_POINT('',(-1.,-1.5,0.2));
#956 = VECTOR('',#957,1.);
#957 = DIRECTION('',(0.,-1.,0.));
#958 = PCURVE('',#196,#959);
#959 = DEFINITIONAL_REPRESENTATION('',(#960),#964);
#960 = LINE('',#961,#962);
#961 = CARTESIAN_POINT('',(0.61,0.));
#962 = VECTOR('',#963,1.);
#963 = DIRECTION('',(0.,-1.));
#964 = ( GEOMETRIC_REPRESENTATION_CONTEXT(2) 
PARAMETRIC_REPRESENTATION_CONTEXT() REPRESENTATION_CONTEXT('2D SPACE',''
  ) );
#965 = PCURVE('',#966,#971);
#966 = PLANE('',#967);
#967 = AXIS2_PLACEMENT_3D('',#968,#969,#970);
#968 = CARTESIAN_POINT('',(-0.71,0.75,0.2));
#969 = DIRECTION('',(0.,0.,1.));
#970 = DIRECTION('',(1.,0.,-0.));
#971 = DEFINITIONAL_REPRESENTATION('',(#972),#976);
#972 = LINE('',#973,#974);
#973 = CARTESIAN_POINT('',(-0.29,-2.25));
#974 = VECTOR('',#975,1.);
#975 = DIRECTION('',(0.,-1.));
#976 = ( GEOMETRIC_REPRESENTATION_CONTEXT(2) 
PARAMETRIC_REPRESENTATION_CONTEXT() REPRESENTATION_CONTEXT('2D SPACE',''
  ) );
#977 = ORIENTED_EDGE('',*,*,#978,.F.);
#978 = EDGE_CURVE('',#979,#951,#981,.T.);
#979 = VERTEX_POINT('',#980);
#980 = CARTESIAN_POINT('',(-1.,0.65,1.E-02));
#981 = SURFACE_CURVE('',#982,(#986,#993),.PCURVE_S1.);
#982 = LINE('',#983,#984);
#983 = CARTESIAN_POINT('',(-1.,0.65,0.81));
#984 = VECTOR('',#985,1.);
#985 = DIRECTION('',(-0.,0.,1.));
#986 = PCURVE('',#196,#987);
#987 = DEFINITIONAL_REPRESENTATION('',(#988),#992);
#988 = LINE('',#989,#990);
#989 = CARTESIAN_POINT('',(0.,2.15));
#990 = VECTOR('',#991,1.);
#991 = DIRECTION('',(-1.,0.));
#992 = ( GEOMETRIC_REPRESENTATION_CONTEXT(2) 
PARAMETRIC_REPRESENTATION_CONTEXT() REPRESENTATION_CONTEXT('2D SPACE',''
  ) );
#993 = PCURVE('',#994,#999);
#994 = PLANE('',#995);
#995 = AXIS2_PLACEMENT_3D('',#996,#997,#998);
#996 = CARTESIAN_POINT('',(-1.01,0.65,0.2));
#997 = DIRECTION('',(3.614007241618E-16,1.,-0.));
#998 = DIRECTION('',(-1.,3.614007241618E-16,0.));
#999 = DEFINITIONAL_REPRESENTATION('',(#1000),#1004);
#1000 = LINE('',#1001,#1002);
#1001 = CARTESIAN_POINT('',(-1.E-02,0.61));
#1002 = VECTOR('',#1003,1.);
#1003 = DIRECTION('',(0.,1.));
#1004 = ( GEOMETRIC_REPRESENTATION_CONTEXT(2) 
PARAMETRIC_REPRESENTATION_CONTEXT() REPRESENTATION_CONTEXT('2D SPACE',''
  ) );
#1005 = ORIENTED_EDGE('',*,*,#1006,.T.);
#1006 = EDGE_CURVE('',#979,#1007,#1009,.T.);
#1007 = VERTEX_POINT('',#1008);
#1008 = CARTESIAN_POINT('',(-1.,0.35,1.E-02));
#1009 = SURFACE_CURVE('',#1010,(#1014,#1021),.PCURVE_S1.);
#1010 = LINE('',#1011,#1012);
#1011 = CARTESIAN_POINT('',(-1.,-1.5,1.E-02));
#1012 = VECTOR('',#1013,1.);
#1013 = DIRECTION('',(-0.,-1.,-0.));
#1014 = PCURVE('',#196,#1015);
#1015 = DEFINITIONAL_REPRESENTATION('',(#1016),#1020);
#1016 = LINE('',#1017,#1018);
#1017 = CARTESIAN_POINT('',(0.8,0.));
#1018 = VECTOR('',#1019,1.);
#1019 = DIRECTION('',(0.,-1.));
#1020 = ( GEOMETRIC_REPRESENTATION_CONTEXT(2) 
PARAMETRIC_REPRESENTATION_CONTEXT() REPRESENTATION_CONTEXT('2D SPACE',''
  ) );
#1021 = PCURVE('',#317,#1022);
#1022 = DEFINITIONAL_REPRESENTATION('',(#1023),#1027);
#1023 = LINE('',#1024,#1025);
#1024 = CARTESIAN_POINT('',(1.,-1.5));
#1025 = VECTOR('',#1026,1.);
#1026 = DIRECTION('',(0.,-1.));
#1027 = ( GEOMETRIC_REPRESENTATION_CONTEXT(2) 
PARAMETRIC_REPRESENTATION_CONTEXT() REPRESENTATION_CONTEXT('2D SPACE',''
  ) );
#1028 = ORIENTED_EDGE('',*,*,#1029,.F.);
#1029 = EDGE_CURVE('',#1030,#1007,#1032,.T.);
#1030 = VERTEX_POINT('',#1031);
#1031 = CARTESIAN_POINT('',(-1.,0.35,0.2));
#1032 = SURFACE_CURVE('',#1033,(#1037,#1044),.PCURVE_S1.);
#1033 = LINE('',#1034,#1035);
#1034 = CARTESIAN_POINT('',(-1.,0.35,0.81));
#1035 = VECTOR('',#1036,1.);
#1036 = DIRECTION('',(0.,0.,-1.));
#1037 = PCURVE('',#196,#1038);
#1038 = DEFINITIONAL_REPRESENTATION('',(#1039),#1043);
#1039 = LINE('',#1040,#1041);
#1040 = CARTESIAN_POINT('',(0.,1.85));
#1041 = VECTOR('',#1042,1.);
#1042 = DIRECTION('',(1.,0.));
#1043 = ( GEOMETRIC_REPRESENTATION_CONTEXT(2) 
PARAMETRIC_REPRESENTATION_CONTEXT() REPRESENTATION_CONTEXT('2D SPACE',''
  ) );
#1044 = PCURVE('',#1045,#1050);
#1045 = PLANE('',#1046);
#1046 = AXIS2_PLACEMENT_3D('',#1047,#1048,#1049);
#1047 = CARTESIAN_POINT('',(-1.01,0.35,0.2));
#1048 = DIRECTION('',(0.,-1.,0.));
#1049 = DIRECTION('',(0.,-0.,-1.));
#1050 = DEFINITIONAL_REPRESENTATION('',(#1051),#1055);
#1051 = LINE('',#1052,#1053);
#1052 = CARTESIAN_POINT('',(-0.61,1.E-02));
#1053 = VECTOR('',#1054,1.);
#1054 = DIRECTION('',(1.,0.));
#1055 = ( GEOMETRIC_REPRESENTATION_CONTEXT(2) 
PARAMETRIC_REPRESENTATION_CONTEXT() REPRESENTATION_CONTEXT('2D SPACE',''
  ) );
#1056 = ORIENTED_EDGE('',*,*,#1057,.T.);
#1057 = EDGE_CURVE('',#1030,#1058,#1060,.T.);
#1058 = VERTEX_POINT('',#1059);
#1059 = CARTESIAN_POINT('',(-1.,0.15,0.2));
#1060 = SURFACE_CURVE('',#1061,(#1065,#1072),.PCURVE_S1.);
#1061 = LINE('',#1062,#1063);
#1062 = CARTESIAN_POINT('',(-1.,-1.5,0.2));
#1063 = VECTOR('',#1064,1.);
#1064 = DIRECTION('',(0.,-1.,0.));
#1065 = PCURVE('',#196,#1066);
#1066 = DEFINITIONAL_REPRESENTATION('',(#1067),#1071);
#1067 = LINE('',#1068,#1069);
#1068 = CARTESIAN_POINT('',(0.61,0.));
#1069 = VECTOR('',#1070,1.);
#1070 = DIRECTION('',(0.,-1.));
#1071 = ( GEOMETRIC_REPRESENTATION_CONTEXT(2) 
PARAMETRIC_REPRESENTATION_CONTEXT() REPRESENTATION_CONTEXT('2D SPACE',''
  ) );
#1072 = PCURVE('',#1073,#1078);
#1073 = PLANE('',#1074);
#1074 = AXIS2_PLACEMENT_3D('',#1075,#1076,#1077);
#1075 = CARTESIAN_POINT('',(-0.71,0.25,0.2));
#1076 = DIRECTION('',(0.,0.,1.));
#1077 = DIRECTION('',(1.,0.,-0.));
#1078 = DEFINITIONAL_REPRESENTATION('',(#1079),#1083);
#1079 = LINE('',#1080,#1081);
#1080 = CARTESIAN_POINT('',(-0.29,-1.75));
#1081 = VECTOR('',#1082,1.);
#1082 = DIRECTION('',(0.,-1.));
#1083 = ( GEOMETRIC_REPRESENTATION_CONTEXT(2) 
PARAMETRIC_REPRESENTATION_CONTEXT() REPRESENTATION_CONTEXT('2D SPACE',''
  ) );
#1084 = ORIENTED_EDGE('',*,*,#1085,.F.);
#1085 = EDGE_CURVE('',#1086,#1058,#1088,.T.);
#1086 = VERTEX_POINT('',#1087);
#1087 = CARTESIAN_POINT('',(-1.,0.15,1.E-02));
#1088 = SURFACE_CURVE('',#1089,(#1093,#1100),.PCURVE_S1.);
#1089 = LINE('',#1090,#1091);
#1090 = CARTESIAN_POINT('',(-1.,0.15,0.81));
#1091 = VECTOR('',#1092,1.);
#1092 = DIRECTION('',(-0.,0.,1.));
#1093 = PCURVE('',#196,#1094);
#1094 = DEFINITIONAL_REPRESENTATION('',(#1095),#1099);
#1095 = LINE('',#1096,#1097);
#1096 = CARTESIAN_POINT('',(0.,1.65));
#1097 = VECTOR('',#1098,1.);
#1098 = DIRECTION('',(-1.,0.));
#1099 = ( GEOMETRIC_REPRESENTATION_CONTEXT(2) 
PARAMETRIC_REPRESENTATION_CONTEXT() REPRESENTATION_CONTEXT('2D SPACE',''
  ) );
#1100 = PCURVE('',#1101,#1106);
#1101 = PLANE('',#1102);
#1102 = AXIS2_PLACEMENT_3D('',#1103,#1104,#1105);
#1103 = CARTESIAN_POINT('',(-1.01,0.15,0.2));
#1104 = DIRECTION('',(3.614007241618E-16,1.,-0.));
#1105 = DIRECTION('',(-1.,3.614007241618E-16,0.));
#1106 = DEFINITIONAL_REPRESENTATION('',(#1107),#1111);
#1107 = LINE('',#1108,#1109);
#1108 = CARTESIAN_POINT('',(-1.E-02,0.61));
#1109 = VECTOR('',#1110,1.);
#1110 = DIRECTION('',(0.,1.));
#1111 = ( GEOMETRIC_REPRESENTATION_CONTEXT(2) 
PARAMETRIC_REPRESENTATION_CONTEXT() REPRESENTATION_CONTEXT('2D SPACE',''
  ) );
#1112 = ORIENTED_EDGE('',*,*,#1113,.T.);
#1113 = EDGE_CURVE('',#1086,#1114,#1116,.T.);
#1114 = VERTEX_POINT('',#1115);
#1115 = CARTESIAN_POINT('',(-1.,-0.15,1.E-02));
#1116 = SURFACE_CURVE('',#1117,(#1121,#1128),.PCURVE_S1.);
#1117 = LINE('',#1118,#1119);
#1118 = CARTESIAN_POINT('',(-1.,-1.5,1.E-02));
#1119 = VECTOR('',#1120,1.);
#1120 = DIRECTION('',(-0.,-1.,-0.));
#1121 = PCURVE('',#196,#1122);
#1122 = DEFINITIONAL_REPRESENTATION('',(#1123),#1127);
#1123 = LINE('',#1124,#1125);
#1124 = CARTESIAN_POINT('',(0.8,0.));
#1125 = VECTOR('',#1126,1.);
#1126 = DIRECTION('',(0.,-1.));
#1127 = ( GEOMETRIC_REPRESENTATION_CONTEXT(2) 
PARAMETRIC_REPRESENTATION_CONTEXT() REPRESENTATION_CONTEXT('2D SPACE',''
  ) );
#1128 = PCURVE('',#317,#1129);
#1129 = DEFINITIONAL_REPRESENTATION('',(#1130),#1134);
#1130 = LINE('',#1131,#1132);
#1131 = CARTESIAN_POINT('',(1.,-1.5));
#1132 = VECTOR('',#1133,1.);
#1133 = DIRECTION('',(0.,-1.));
#1134 = ( GEOMETRIC_REPRESENTATION_CONTEXT(2) 
PARAMETRIC_REPRESENTATION_CONTEXT() REPRESENTATION_CONTEXT('2D SPACE',''
  ) );
#1135 = ORIENTED_EDGE('',*,*,#1136,.F.);
#1136 = EDGE_CURVE('',#1137,#1114,#1139,.T.);
#1137 = VERTEX_POINT('',#1138);
#1138 = CARTESIAN_POINT('',(-1.,-0.15,0.2));
#1139 = SURFACE_CURVE('',#1140,(#1144,#1151),.PCURVE_S1.);
#1140 = LINE('',#1141,#1142);
#1141 = CARTESIAN_POINT('',(-1.,-0.15,0.81));
#1142 = VECTOR('',#1143,1.);
#1143 = DIRECTION('',(0.,0.,-1.));
#1144 = PCURVE('',#196,#1145);
#1145 = DEFINITIONAL_REPRESENTATION('',(#1146),#1150);
#1146 = LINE('',#1147,#1148);
#1147 = CARTESIAN_POINT('',(0.,1.35));
#1148 = VECTOR('',#1149,1.);
#1149 = DIRECTION('',(1.,0.));
#1150 = ( GEOMETRIC_REPRESENTATION_CONTEXT(2) 
PARAMETRIC_REPRESENTATION_CONTEXT() REPRESENTATION_CONTEXT('2D SPACE',''
  ) );
#1151 = PCURVE('',#1152,#1157);
#1152 = PLANE('',#1153);
#1153 = AXIS2_PLACEMENT_3D('',#1154,#1155,#1156);
#1154 = CARTESIAN_POINT('',(-1.01,-0.15,0.2));
#1155 = DIRECTION('',(0.,-1.,0.));
#1156 = DIRECTION('',(0.,-0.,-1.));
#1157 = DEFINITIONAL_REPRESENTATION('',(#1158),#1162);
#1158 = LINE('',#1159,#1160);
#1159 = CARTESIAN_POINT('',(-0.61,1.E-02));
#1160 = VECTOR('',#1161,1.);
#1161 = DIRECTION('',(1.,0.));
#1162 = ( GEOMETRIC_REPRESENTATION_CONTEXT(2) 
PARAMETRIC_REPRESENTATION_CONTEXT() REPRESENTATION_CONTEXT('2D SPACE',''
  ) );
#1163 = ORIENTED_EDGE('',*,*,#1164,.T.);
#1164 = EDGE_CURVE('',#1137,#1165,#1167,.T.);
#1165 = VERTEX_POINT('',#1166);
#1166 = CARTESIAN_POINT('',(-1.,-0.35,0.2));
#1167 = SURFACE_CURVE('',#1168,(#1172,#1179),.PCURVE_S1.);
#1168 = LINE('',#1169,#1170);
#1169 = CARTESIAN_POINT('',(-1.,-1.5,0.2));
#1170 = VECTOR('',#1171,1.);
#1171 = DIRECTION('',(0.,-1.,0.));
#1172 = PCURVE('',#196,#1173);
#1173 = DEFINITIONAL_REPRESENTATION('',(#1174),#1178);
#1174 = LINE('',#1175,#1176);
#1175 = CARTESIAN_POINT('',(0.61,0.));
#1176 = VECTOR('',#1177,1.);
#1177 = DIRECTION('',(0.,-1.));
#1178 = ( GEOMETRIC_REPRESENTATION_CONTEXT(2) 
PARAMETRIC_REPRESENTATION_CONTEXT() REPRESENTATION_CONTEXT('2D SPACE',''
  ) );
#1179 = PCURVE('',#1180,#1185);
#1180 = PLANE('',#1181);
#1181 = AXIS2_PLACEMENT_3D('',#1182,#1183,#1184);
#1182 = CARTESIAN_POINT('',(-0.71,-0.25,0.2));
#1183 = DIRECTION('',(0.,0.,1.));
#1184 = DIRECTION('',(1.,0.,-0.));
#1185 = DEFINITIONAL_REPRESENTATION('',(#1186),#1190);
#1186 = LINE('',#1187,#1188);
#1187 = CARTESIAN_POINT('',(-0.29,-1.25));
#1188 = VECTOR('',#1189,1.);
#1189 = DIRECTION('',(0.,-1.));
#1190 = ( GEOMETRIC_REPRESENTATION_CONTEXT(2) 
PARAMETRIC_REPRESENTATION_CONTEXT() REPRESENTATION_CONTEXT('2D SPACE',''
  ) );
#1191 = ORIENTED_EDGE('',*,*,#1192,.F.);
#1192 = EDGE_CURVE('',#1193,#1165,#1195,.T.);
#1193 = VERTEX_POINT('',#1194);
#1194 = CARTESIAN_POINT('',(-1.,-0.35,1.E-02));
#1195 = SURFACE_CURVE('',#1196,(#1200,#1207),.PCURVE_S1.);
#1196 = LINE('',#1197,#1198);
#1197 = CARTESIAN_POINT('',(-1.,-0.35,0.81));
#1198 = VECTOR('',#1199,1.);
#1199 = DIRECTION('',(-0.,0.,1.));
#1200 = PCURVE('',#196,#1201);
#1201 = DEFINITIONAL_REPRESENTATION('',(#1202),#1206);
#1202 = LINE('',#1203,#1204);
#1203 = CARTESIAN_POINT('',(0.,1.15));
#1204 = VECTOR('',#1205,1.);
#1205 = DIRECTION('',(-1.,0.));
#1206 = ( GEOMETRIC_REPRESENTATION_CONTEXT(2) 
PARAMETRIC_REPRESENTATION_CONTEXT() REPRESENTATION_CONTEXT('2D SPACE',''
  ) );
#1207 = PCURVE('',#1208,#1213);
#1208 = PLANE('',#1209);
#1209 = AXIS2_PLACEMENT_3D('',#1210,#1211,#1212);
#1210 = CARTESIAN_POINT('',(-1.01,-0.35,0.2));
#1211 = DIRECTION('',(3.614007241618E-16,1.,-0.));
#1212 = DIRECTION('',(-1.,3.614007241618E-16,0.));
#1213 = DEFINITIONAL_REPRESENTATION('',(#1214),#1218);
#1214 = LINE('',#1215,#1216);
#1215 = CARTESIAN_POINT('',(-1.E-02,0.61));
#1216 = VECTOR('',#1217,1.);
#1217 = DIRECTION('',(0.,1.));
#1218 = ( GEOMETRIC_REPRESENTATION_CONTEXT(2) 
PARAMETRIC_REPRESENTATION_CONTEXT() REPRESENTATION_CONTEXT('2D SPACE',''
  ) );
#1219 = ORIENTED_EDGE('',*,*,#1220,.T.);
#1220 = EDGE_CURVE('',#1193,#1221,#1223,.T.);
#1221 = VERTEX_POINT('',#1222);
#1222 = CARTESIAN_POINT('',(-1.,-0.65,1.E-02));
#1223 = SURFACE_CURVE('',#1224,(#1228,#1235),.PCURVE_S1.);
#1224 = LINE('',#1225,#1226);
#1225 = CARTESIAN_POINT('',(-1.,-1.5,1.E-02));
#1226 = VECTOR('',#1227,1.);
#1227 = DIRECTION('',(-0.,-1.,-0.));
#1228 = PCURVE('',#196,#1229);
#1229 = DEFINITIONAL_REPRESENTATION('',(#1230),#1234);
#1230 = LINE('',#1231,#1232);
#1231 = CARTESIAN_POINT('',(0.8,0.));
#1232 = VECTOR('',#1233,1.);
#1233 = DIRECTION('',(0.,-1.));
#1234 = ( GEOMETRIC_REPRESENTATION_CONTEXT(2) 
PARAMETRIC_REPRESENTATION_CONTEXT() REPRESENTATION_CONTEXT('2D SPACE',''
  ) );
#1235 = PCURVE('',#317,#1236);
#1236 = DEFINITIONAL_REPRESENTATION('',(#1237),#1241);
#1237 = LINE('',#1238,#1239);
#1238 = CARTESIAN_POINT('',(1.,-1.5));
#1239 = VECTOR('',#1240,1.);
#1240 = DIRECTION('',(0.,-1.));
#1241 = ( GEOMETRIC_REPRESENTATION_CONTEXT(2) 
PARAMETRIC_REPRESENTATION_CONTEXT() REPRESENTATION_CONTEXT('2D SPACE',''
  ) );
#1242 = ORIENTED_EDGE('',*,*,#1243,.F.);
#1243 = EDGE_CURVE('',#1244,#1221,#1246,.T.);
#1244 = VERTEX_POINT('',#1245);
#1245 = CARTESIAN_POINT('',(-1.,-0.65,0.2));
#1246 = SURFACE_CURVE('',#1247,(#1251,#1258),.PCURVE_S1.);
#1247 = LINE('',#1248,#1249);
#1248 = CARTESIAN_POINT('',(-1.,-0.65,0.81));
#1249 = VECTOR('',#1250,1.);
#1250 = DIRECTION('',(0.,0.,-1.));
#1251 = PCURVE('',#196,#1252);
#1252 = DEFINITIONAL_REPRESENTATION('',(#1253),#1257);
#1253 = LINE('',#1254,#1255);
#1254 = CARTESIAN_POINT('',(0.,0.85));
#1255 = VECTOR('',#1256,1.);
#1256 = DIRECTION('',(1.,0.));
#1257 = ( GEOMETRIC_REPRESENTATION_CONTEXT(2) 
PARAMETRIC_REPRESENTATION_CONTEXT() REPRESENTATION_CONTEXT('2D SPACE',''
  ) );
#1258 = PCURVE('',#1259,#1264);
#1259 = PLANE('',#1260);
#1260 = AXIS2_PLACEMENT_3D('',#1261,#1262,#1263);
#1261 = CARTESIAN_POINT('',(-1.01,-0.65,0.2));
#1262 = DIRECTION('',(0.,-1.,0.));
#1263 = DIRECTION('',(0.,-0.,-1.));
#1264 = DEFINITIONAL_REPRESENTATION('',(#1265),#1269);
#1265 = LINE('',#1266,#1267);
#1266 = CARTESIAN_POINT('',(-0.61,1.E-02));
#1267 = VECTOR('',#1268,1.);
#1268 = DIRECTION('',(1.,0.));
#1269 = ( GEOMETRIC_REPRESENTATION_CONTEXT(2) 
PARAMETRIC_REPRESENTATION_CONTEXT() REPRESENTATION_CONTEXT('2D SPACE',''
  ) );
#1270 = ORIENTED_EDGE('',*,*,#1271,.T.);
#1271 = EDGE_CURVE('',#1244,#848,#1272,.T.);
#1272 = SURFACE_CURVE('',#1273,(#1277,#1284),.PCURVE_S1.);
#1273 = LINE('',#1274,#1275);
#1274 = CARTESIAN_POINT('',(-1.,-1.5,0.2));
#1275 = VECTOR('',#1276,1.);
#1276 = DIRECTION('',(0.,-1.,0.));
#1277 = PCURVE('',#196,#1278);
#1278 = DEFINITIONAL_REPRESENTATION('',(#1279),#1283);
#1279 = LINE('',#1280,#1281);
#1280 = CARTESIAN_POINT('',(0.61,0.));
#1281 = VECTOR('',#1282,1.);
#1282 = DIRECTION('',(0.,-1.));
#1283 = ( GEOMETRIC_REPRESENTATION_CONTEXT(2) 
PARAMETRIC_REPRESENTATION_CONTEXT() REPRESENTATION_CONTEXT('2D SPACE',''
  ) );
#1284 = PCURVE('',#1285,#1290);
#1285 = PLANE('',#1286);
#1286 = AXIS2_PLACEMENT_3D('',#1287,#1288,#1289);
#1287 = CARTESIAN_POINT('',(-0.71,-0.75,0.2));
#1288 = DIRECTION('',(0.,0.,1.));
#1289 = DIRECTION('',(1.,0.,-0.));
#1290 = DEFINITIONAL_REPRESENTATION('',(#1291),#1295);
#1291 = LINE('',#1292,#1293);
#1292 = CARTESIAN_POINT('',(-0.29,-0.75));
#1293 = VECTOR('',#1294,1.);
#1294 = DIRECTION('',(0.,-1.));
#1295 = ( GEOMETRIC_REPRESENTATION_CONTEXT(2) 
PARAMETRIC_REPRESENTATION_CONTEXT() REPRESENTATION_CONTEXT('2D SPACE',''
  ) );
#1296 = ADVANCED_FACE('',(#1297),#261,.T.);
#1297 = FACE_BOUND('',#1298,.T.);
#1298 = EDGE_LOOP('',(#1299,#1300,#1323,#1351));
#1299 = ORIENTED_EDGE('',*,*,#243,.F.);
#1300 = ORIENTED_EDGE('',*,*,#1301,.F.);
#1301 = EDGE_CURVE('',#1302,#244,#1304,.T.);
#1302 = VERTEX_POINT('',#1303);
#1303 = CARTESIAN_POINT('',(1.01,-0.85,0.2));
#1304 = SURFACE_CURVE('',#1305,(#1309,#1316),.PCURVE_S1.);
#1305 = LINE('',#1306,#1307);
#1306 = CARTESIAN_POINT('',(1.01,-0.85,0.2));
#1307 = VECTOR('',#1308,1.);
#1308 = DIRECTION('',(-1.,-3.614007241618E-16,0.));
#1309 = PCURVE('',#261,#1310);
#1310 = DEFINITIONAL_REPRESENTATION('',(#1311),#1315);
#1311 = LINE('',#1312,#1313);
#1312 = CARTESIAN_POINT('',(-0.3,1.E-01));
#1313 = VECTOR('',#1314,1.);
#1314 = DIRECTION('',(1.,3.614007241618E-16));
#1315 = ( GEOMETRIC_REPRESENTATION_CONTEXT(2) 
PARAMETRIC_REPRESENTATION_CONTEXT() REPRESENTATION_CONTEXT('2D SPACE',''
  ) );
#1316 = PCURVE('',#732,#1317);
#1317 = DEFINITIONAL_REPRESENTATION('',(#1318),#1322);
#1318 = LINE('',#1319,#1320);
#1319 = CARTESIAN_POINT('',(0.,0.));
#1320 = VECTOR('',#1321,1.);
#1321 = DIRECTION('',(-1.,0.));
#1322 = ( GEOMETRIC_REPRESENTATION_CONTEXT(2) 
PARAMETRIC_REPRESENTATION_CONTEXT() REPRESENTATION_CONTEXT('2D SPACE',''
  ) );
#1323 = ORIENTED_EDGE('',*,*,#1324,.F.);
#1324 = EDGE_CURVE('',#1325,#1302,#1327,.T.);
#1325 = VERTEX_POINT('',#1326);
#1326 = CARTESIAN_POINT('',(1.01,-0.65,0.2));
#1327 = SURFACE_CURVE('',#1328,(#1332,#1339),.PCURVE_S1.);
#1328 = LINE('',#1329,#1330);
#1329 = CARTESIAN_POINT('',(1.01,-0.65,0.2));
#1330 = VECTOR('',#1331,1.);
#1331 = DIRECTION('',(0.,-1.,0.));
#1332 = PCURVE('',#261,#1333);
#1333 = DEFINITIONAL_REPRESENTATION('',(#1334),#1338);
#1334 = LINE('',#1335,#1336);
#1335 = CARTESIAN_POINT('',(-0.3,-1.E-01));
#1336 = VECTOR('',#1337,1.);
#1337 = DIRECTION('',(0.,1.));
#1338 = ( GEOMETRIC_REPRESENTATION_CONTEXT(2) 
PARAMETRIC_REPRESENTATION_CONTEXT() REPRESENTATION_CONTEXT('2D SPACE',''
  ) );
#1339 = PCURVE('',#1340,#1345);
#1340 = PLANE('',#1341);
#1341 = AXIS2_PLACEMENT_3D('',#1342,#1343,#1344);
#1342 = CARTESIAN_POINT('',(1.01,-0.65,0.2));
#1343 = DIRECTION('',(1.,0.,-0.));
#1344 = DIRECTION('',(-0.,0.,-1.));
#1345 = DEFINITIONAL_REPRESENTATION('',(#1346),#1350);
#1346 = LINE('',#1347,#1348);
#1347 = CARTESIAN_POINT('',(0.,0.));
#1348 = VECTOR('',#1349,1.);
#1349 = DIRECTION('',(-0.,-1.));
#1350 = ( GEOMETRIC_REPRESENTATION_CONTEXT(2) 
PARAMETRIC_REPRESENTATION_CONTEXT() REPRESENTATION_CONTEXT('2D SPACE',''
  ) );
#1351 = ORIENTED_EDGE('',*,*,#1352,.F.);
#1352 = EDGE_CURVE('',#246,#1325,#1353,.T.);
#1353 = SURFACE_CURVE('',#1354,(#1358,#1365),.PCURVE_S1.);
#1354 = LINE('',#1355,#1356);
#1355 = CARTESIAN_POINT('',(1.01,-0.65,0.2));
#1356 = VECTOR('',#1357,1.);
#1357 = DIRECTION('',(1.,-0.,-0.));
#1358 = PCURVE('',#261,#1359);
#1359 = DEFINITIONAL_REPRESENTATION('',(#1360),#1364);
#1360 = LINE('',#1361,#1362);
#1361 = CARTESIAN_POINT('',(-0.3,-1.E-01));
#1362 = VECTOR('',#1363,1.);
#1363 = DIRECTION('',(-1.,0.));
#1364 = ( GEOMETRIC_REPRESENTATION_CONTEXT(2) 
PARAMETRIC_REPRESENTATION_CONTEXT() REPRESENTATION_CONTEXT('2D SPACE',''
  ) );
#1365 = PCURVE('',#289,#1366);
#1366 = DEFINITIONAL_REPRESENTATION('',(#1367),#1371);
#1367 = LINE('',#1368,#1369);
#1368 = CARTESIAN_POINT('',(0.,0.));
#1369 = VECTOR('',#1370,1.);
#1370 = DIRECTION('',(0.,1.));
#1371 = ( GEOMETRIC_REPRESENTATION_CONTEXT(2) 
PARAMETRIC_REPRESENTATION_CONTEXT() REPRESENTATION_CONTEXT('2D SPACE',''
  ) );
#1372 = ADVANCED_FACE('',(#1373),#289,.T.);
#1373 = FACE_BOUND('',#1374,.T.);
#1374 = EDGE_LOOP('',(#1375,#1405,#1426,#1427,#1428,#1451));
#1375 = ORIENTED_EDGE('',*,*,#1376,.F.);
#1376 = EDGE_CURVE('',#1377,#1379,#1381,.T.);
#1377 = VERTEX_POINT('',#1378);
#1378 = CARTESIAN_POINT('',(0.71,-0.65,1.E-02));
#1379 = VERTEX_POINT('',#1380);
#1380 = CARTESIAN_POINT('',(0.71,-0.65,0.));
#1381 = SURFACE_CURVE('',#1382,(#1386,#1393),.PCURVE_S1.);
#1382 = LINE('',#1383,#1384);
#1383 = CARTESIAN_POINT('',(0.71,-0.65,0.2));
#1384 = VECTOR('',#1385,1.);
#1385 = DIRECTION('',(-0.,-0.,-1.));
#1386 = PCURVE('',#289,#1387);
#1387 = DEFINITIONAL_REPRESENTATION('',(#1388),#1392);
#1388 = LINE('',#1389,#1390);
#1389 = CARTESIAN_POINT('',(0.,-0.3));
#1390 = VECTOR('',#1391,1.);
#1391 = DIRECTION('',(-1.,0.));
#1392 = ( GEOMETRIC_REPRESENTATION_CONTEXT(2) 
PARAMETRIC_REPRESENTATION_CONTEXT() REPRESENTATION_CONTEXT('2D SPACE',''
  ) );
#1393 = PCURVE('',#1394,#1399);
#1394 = CYLINDRICAL_SURFACE('',#1395,0.1);
#1395 = AXIS2_PLACEMENT_3D('',#1396,#1397,#1398);
#1396 = CARTESIAN_POINT('',(0.71,-0.75,0.2));
#1397 = DIRECTION('',(-0.,-0.,-1.));
#1398 = DIRECTION('',(-1.,0.,0.));
#1399 = DEFINITIONAL_REPRESENTATION('',(#1400),#1404);
#1400 = LINE('',#1401,#1402);
#1401 = CARTESIAN_POINT('',(1.570796326795,0.));
#1402 = VECTOR('',#1403,1.);
#1403 = DIRECTION('',(0.,1.));
#1404 = ( GEOMETRIC_REPRESENTATION_CONTEXT(2) 
PARAMETRIC_REPRESENTATION_CONTEXT() REPRESENTATION_CONTEXT('2D SPACE',''
  ) );
#1405 = ORIENTED_EDGE('',*,*,#1406,.T.);
#1406 = EDGE_CURVE('',#1377,#274,#1407,.T.);
#1407 = SURFACE_CURVE('',#1408,(#1412,#1419),.PCURVE_S1.);
#1408 = LINE('',#1409,#1410);
#1409 = CARTESIAN_POINT('',(0.,-0.65,1.E-02));
#1410 = VECTOR('',#1411,1.);
#1411 = DIRECTION('',(1.,0.,0.));
#1412 = PCURVE('',#289,#1413);
#1413 = DEFINITIONAL_REPRESENTATION('',(#1414),#1418);
#1414 = LINE('',#1415,#1416);
#1415 = CARTESIAN_POINT('',(-0.19,-1.01));
#1416 = VECTOR('',#1417,1.);
#1417 = DIRECTION('',(0.,1.));
#1418 = ( GEOMETRIC_REPRESENTATION_CONTEXT(2) 
PARAMETRIC_REPRESENTATION_CONTEXT() REPRESENTATION_CONTEXT('2D SPACE',''
  ) );
#1419 = PCURVE('',#317,#1420);
#1420 = DEFINITIONAL_REPRESENTATION('',(#1421),#1425);
#1421 = LINE('',#1422,#1423);
#1422 = CARTESIAN_POINT('',(-0.,-0.65));
#1423 = VECTOR('',#1424,1.);
#1424 = DIRECTION('',(-1.,0.));
#1425 = ( GEOMETRIC_REPRESENTATION_CONTEXT(2) 
PARAMETRIC_REPRESENTATION_CONTEXT() REPRESENTATION_CONTEXT('2D SPACE',''
  ) );
#1426 = ORIENTED_EDGE('',*,*,#273,.F.);
#1427 = ORIENTED_EDGE('',*,*,#1352,.T.);
#1428 = ORIENTED_EDGE('',*,*,#1429,.T.);
#1429 = EDGE_CURVE('',#1325,#1430,#1432,.T.);
#1430 = VERTEX_POINT('',#1431);
#1431 = CARTESIAN_POINT('',(1.01,-0.65,0.));
#1432 = SURFACE_CURVE('',#1433,(#1437,#1444),.PCURVE_S1.);
#1433 = LINE('',#1434,#1435);
#1434 = CARTESIAN_POINT('',(1.01,-0.65,0.2));
#1435 = VECTOR('',#1436,1.);
#1436 = DIRECTION('',(-0.,-0.,-1.));
#1437 = PCURVE('',#289,#1438);
#1438 = DEFINITIONAL_REPRESENTATION('',(#1439),#1443);
#1439 = LINE('',#1440,#1441);
#1440 = CARTESIAN_POINT('',(0.,0.));
#1441 = VECTOR('',#1442,1.);
#1442 = DIRECTION('',(-1.,0.));
#1443 = ( GEOMETRIC_REPRESENTATION_CONTEXT(2) 
PARAMETRIC_REPRESENTATION_CONTEXT() REPRESENTATION_CONTEXT('2D SPACE',''
  ) );
#1444 = PCURVE('',#1340,#1445);
#1445 = DEFINITIONAL_REPRESENTATION('',(#1446),#1450);
#1446 = LINE('',#1447,#1448);
#1447 = CARTESIAN_POINT('',(0.,0.));
#1448 = VECTOR('',#1449,1.);
#1449 = DIRECTION('',(1.,-0.));
#1450 = ( GEOMETRIC_REPRESENTATION_CONTEXT(2) 
PARAMETRIC_REPRESENTATION_CONTEXT() REPRESENTATION_CONTEXT('2D SPACE',''
  ) );
#1451 = ORIENTED_EDGE('',*,*,#1452,.F.);
#1452 = EDGE_CURVE('',#1379,#1430,#1453,.T.);
#1453 = SURFACE_CURVE('',#1454,(#1458,#1465),.PCURVE_S1.);
#1454 = LINE('',#1455,#1456);
#1455 = CARTESIAN_POINT('',(1.01,-0.65,0.));
#1456 = VECTOR('',#1457,1.);
#1457 = DIRECTION('',(1.,-0.,-0.));
#1458 = PCURVE('',#289,#1459);
#1459 = DEFINITIONAL_REPRESENTATION('',(#1460),#1464);
#1460 = LINE('',#1461,#1462);
#1461 = CARTESIAN_POINT('',(-0.2,0.));
#1462 = VECTOR('',#1463,1.);
#1463 = DIRECTION('',(0.,1.));
#1464 = ( GEOMETRIC_REPRESENTATION_CONTEXT(2) 
PARAMETRIC_REPRESENTATION_CONTEXT() REPRESENTATION_CONTEXT('2D SPACE',''
  ) );
#1465 = PCURVE('',#1466,#1471);
#1466 = PLANE('',#1467);
#1467 = AXIS2_PLACEMENT_3D('',#1468,#1469,#1470);
#1468 = CARTESIAN_POINT('',(0.71,-0.75,0.));
#1469 = DIRECTION('',(0.,0.,1.));
#1470 = DIRECTION('',(-1.,0.,0.));
#1471 = DEFINITIONAL_REPRESENTATION('',(#1472),#1476);
#1472 = LINE('',#1473,#1474);
#1473 = CARTESIAN_POINT('',(-0.3,-1.E-01));
#1474 = VECTOR('',#1475,1.);
#1475 = DIRECTION('',(-1.,0.));
#1476 = ( GEOMETRIC_REPRESENTATION_CONTEXT(2) 
PARAMETRIC_REPRESENTATION_CONTEXT() REPRESENTATION_CONTEXT('2D SPACE',''
  ) );
#1477 = ADVANCED_FACE('',(#1478,#2181),#317,.T.);
#1478 = FACE_BOUND('',#1479,.T.);
#1479 = EDGE_LOOP('',(#1480,#1481,#1505,#1534,#1555,#1556,#1557,#1558,
    #1581,#1614,#1635,#1636,#1659,#1692,#1713,#1714,#1737,#1770,#1791,
    #1792,#1815,#1848,#1869,#1870,#1871,#1872,#1895,#1924,#1953,#1974,
    #1975,#1998,#2027,#2056,#2077,#2078,#2101,#2130,#2159,#2180));
#1480 = ORIENTED_EDGE('',*,*,#1406,.F.);
#1481 = ORIENTED_EDGE('',*,*,#1482,.F.);
#1482 = EDGE_CURVE('',#1483,#1377,#1485,.T.);
#1483 = VERTEX_POINT('',#1484);
#1484 = CARTESIAN_POINT('',(0.61,-0.75,1.E-02));
#1485 = SURFACE_CURVE('',#1486,(#1491,#1498),.PCURVE_S1.);
#1486 = CIRCLE('',#1487,0.1);
#1487 = AXIS2_PLACEMENT_3D('',#1488,#1489,#1490);
#1488 = CARTESIAN_POINT('',(0.71,-0.75,1.E-02));
#1489 = DIRECTION('',(0.,0.,-1.));
#1490 = DIRECTION('',(-1.,0.,0.));
#1491 = PCURVE('',#317,#1492);
#1492 = DEFINITIONAL_REPRESENTATION('',(#1493),#1497);
#1493 = CIRCLE('',#1494,0.1);
#1494 = AXIS2_PLACEMENT_2D('',#1495,#1496);
#1495 = CARTESIAN_POINT('',(-0.71,-0.75));
#1496 = DIRECTION('',(1.,0.));
#1497 = ( GEOMETRIC_REPRESENTATION_CONTEXT(2) 
PARAMETRIC_REPRESENTATION_CONTEXT() REPRESENTATION_CONTEXT('2D SPACE',''
  ) );
#1498 = PCURVE('',#1394,#1499);
#1499 = DEFINITIONAL_REPRESENTATION('',(#1500),#1504);
#1500 = LINE('',#1501,#1502);
#1501 = CARTESIAN_POINT('',(0.,0.19));
#1502 = VECTOR('',#1503,1.);
#1503 = DIRECTION('',(1.,0.));
#1504 = ( GEOMETRIC_REPRESENTATION_CONTEXT(2) 
PARAMETRIC_REPRESENTATION_CONTEXT() REPRESENTATION_CONTEXT('2D SPACE',''
  ) );
#1505 = ORIENTED_EDGE('',*,*,#1506,.F.);
#1506 = EDGE_CURVE('',#1507,#1483,#1509,.T.);
#1507 = VERTEX_POINT('',#1508);
#1508 = CARTESIAN_POINT('',(0.71,-0.85,1.E-02));
#1509 = SURFACE_CURVE('',#1510,(#1515,#1522),.PCURVE_S1.);
#1510 = CIRCLE('',#1511,0.1);
#1511 = AXIS2_PLACEMENT_3D('',#1512,#1513,#1514);
#1512 = CARTESIAN_POINT('',(0.71,-0.75,1.E-02));
#1513 = DIRECTION('',(0.,0.,-1.));
#1514 = DIRECTION('',(-1.,0.,0.));
#1515 = PCURVE('',#317,#1516);
#1516 = DEFINITIONAL_REPRESENTATION('',(#1517),#1521);
#1517 = CIRCLE('',#1518,0.1);
#1518 = AXIS2_PLACEMENT_2D('',#1519,#1520);
#1519 = CARTESIAN_POINT('',(-0.71,-0.75));
#1520 = DIRECTION('',(1.,0.));
#1521 = ( GEOMETRIC_REPRESENTATION_CONTEXT(2) 
PARAMETRIC_REPRESENTATION_CONTEXT() REPRESENTATION_CONTEXT('2D SPACE',''
  ) );
#1522 = PCURVE('',#1523,#1528);
#1523 = CYLINDRICAL_SURFACE('',#1524,0.1);
#1524 = AXIS2_PLACEMENT_3D('',#1525,#1526,#1527);
#1525 = CARTESIAN_POINT('',(0.71,-0.75,0.2));
#1526 = DIRECTION('',(-0.,-0.,-1.));
#1527 = DIRECTION('',(-1.,0.,0.));
#1528 = DEFINITIONAL_REPRESENTATION('',(#1529),#1533);
#1529 = LINE('',#1530,#1531);
#1530 = CARTESIAN_POINT('',(0.,0.19));
#1531 = VECTOR('',#1532,1.);
#1532 = DIRECTION('',(1.,0.));
#1533 = ( GEOMETRIC_REPRESENTATION_CONTEXT(2) 
PARAMETRIC_REPRESENTATION_CONTEXT() REPRESENTATION_CONTEXT('2D SPACE',''
  ) );
#1534 = ORIENTED_EDGE('',*,*,#1535,.F.);
#1535 = EDGE_CURVE('',#696,#1507,#1536,.T.);
#1536 = SURFACE_CURVE('',#1537,(#1541,#1548),.PCURVE_S1.);
#1537 = LINE('',#1538,#1539);
#1538 = CARTESIAN_POINT('',(3.071906155376E-16,-0.85,1.E-02));
#1539 = VECTOR('',#1540,1.);
#1540 = DIRECTION('',(-1.,-3.614007241618E-16,0.));
#1541 = PCURVE('',#317,#1542);
#1542 = DEFINITIONAL_REPRESENTATION('',(#1543),#1547);
#1543 = LINE('',#1544,#1545);
#1544 = CARTESIAN_POINT('',(-3.071906155376E-16,-0.85));
#1545 = VECTOR('',#1546,1.);
#1546 = DIRECTION('',(1.,-3.614007241618E-16));
#1547 = ( GEOMETRIC_REPRESENTATION_CONTEXT(2) 
PARAMETRIC_REPRESENTATION_CONTEXT() REPRESENTATION_CONTEXT('2D SPACE',''
  ) );
#1548 = PCURVE('',#732,#1549);
#1549 = DEFINITIONAL_REPRESENTATION('',(#1550),#1554);
#1550 = LINE('',#1551,#1552);
#1551 = CARTESIAN_POINT('',(-1.01,-0.19));
#1552 = VECTOR('',#1553,1.);
#1553 = DIRECTION('',(-1.,0.));
#1554 = ( GEOMETRIC_REPRESENTATION_CONTEXT(2) 
PARAMETRIC_REPRESENTATION_CONTEXT() REPRESENTATION_CONTEXT('2D SPACE',''
  ) );
#1555 = ORIENTED_EDGE('',*,*,#695,.F.);
#1556 = ORIENTED_EDGE('',*,*,#747,.F.);
#1557 = ORIENTED_EDGE('',*,*,#875,.F.);
#1558 = ORIENTED_EDGE('',*,*,#1559,.T.);
#1559 = EDGE_CURVE('',#846,#1560,#1562,.T.);
#1560 = VERTEX_POINT('',#1561);
#1561 = CARTESIAN_POINT('',(-0.71,-0.85,1.E-02));
#1562 = SURFACE_CURVE('',#1563,(#1567,#1574),.PCURVE_S1.);
#1563 = LINE('',#1564,#1565);
#1564 = CARTESIAN_POINT('',(-3.071906155376E-16,-0.85,1.E-02));
#1565 = VECTOR('',#1566,1.);
#1566 = DIRECTION('',(1.,-3.614007241618E-16,0.));
#1567 = PCURVE('',#317,#1568);
#1568 = DEFINITIONAL_REPRESENTATION('',(#1569),#1573);
#1569 = LINE('',#1570,#1571);
#1570 = CARTESIAN_POINT('',(3.071906155376E-16,-0.85));
#1571 = VECTOR('',#1572,1.);
#1572 = DIRECTION('',(-1.,-3.614007241618E-16));
#1573 = ( GEOMETRIC_REPRESENTATION_CONTEXT(2) 
PARAMETRIC_REPRESENTATION_CONTEXT() REPRESENTATION_CONTEXT('2D SPACE',''
  ) );
#1574 = PCURVE('',#863,#1575);
#1575 = DEFINITIONAL_REPRESENTATION('',(#1576),#1580);
#1576 = LINE('',#1577,#1578);
#1577 = CARTESIAN_POINT('',(-1.01,-0.19));
#1578 = VECTOR('',#1579,1.);
#1579 = DIRECTION('',(-1.,0.));
#1580 = ( GEOMETRIC_REPRESENTATION_CONTEXT(2) 
PARAMETRIC_REPRESENTATION_CONTEXT() REPRESENTATION_CONTEXT('2D SPACE',''
  ) );
#1581 = ORIENTED_EDGE('',*,*,#1582,.T.);
#1582 = EDGE_CURVE('',#1560,#1583,#1585,.T.);
#1583 = VERTEX_POINT('',#1584);
#1584 = CARTESIAN_POINT('',(-0.71,-0.65,1.E-02));
#1585 = SURFACE_CURVE('',#1586,(#1591,#1602),.PCURVE_S1.);
#1586 = CIRCLE('',#1587,0.1);
#1587 = AXIS2_PLACEMENT_3D('',#1588,#1589,#1590);
#1588 = CARTESIAN_POINT('',(-0.71,-0.75,1.E-02));
#1589 = DIRECTION('',(0.,-0.,1.));
#1590 = DIRECTION('',(-1.,0.,0.));
#1591 = PCURVE('',#317,#1592);
#1592 = DEFINITIONAL_REPRESENTATION('',(#1593),#1601);
#1593 = ( BOUNDED_CURVE() B_SPLINE_CURVE(2,(#1594,#1595,#1596,#1597,
#1598,#1599,#1600),.UNSPECIFIED.,.T.,.F.) B_SPLINE_CURVE_WITH_KNOTS((1,2
    ,2,2,2,1),(-2.094395102393,0.,2.094395102393,4.188790204786,
6.28318530718,8.377580409573),.UNSPECIFIED.) CURVE() 
GEOMETRIC_REPRESENTATION_ITEM() RATIONAL_B_SPLINE_CURVE((1.,0.5,1.,0.5,
1.,0.5,1.)) REPRESENTATION_ITEM('') );
#1594 = CARTESIAN_POINT('',(0.81,-0.75));
#1595 = CARTESIAN_POINT('',(0.81,-0.923205080757));
#1596 = CARTESIAN_POINT('',(0.66,-0.836602540378));
#1597 = CARTESIAN_POINT('',(0.51,-0.75));
#1598 = CARTESIAN_POINT('',(0.66,-0.663397459622));
#1599 = CARTESIAN_POINT('',(0.81,-0.576794919243));
#1600 = CARTESIAN_POINT('',(0.81,-0.75));
#1601 = ( GEOMETRIC_REPRESENTATION_CONTEXT(2) 
PARAMETRIC_REPRESENTATION_CONTEXT() REPRESENTATION_CONTEXT('2D SPACE',''
  ) );
#1602 = PCURVE('',#1603,#1608);
#1603 = CYLINDRICAL_SURFACE('',#1604,0.1);
#1604 = AXIS2_PLACEMENT_3D('',#1605,#1606,#1607);
#1605 = CARTESIAN_POINT('',(-0.71,-0.75,0.2));
#1606 = DIRECTION('',(-0.,-0.,-1.));
#1607 = DIRECTION('',(-1.,0.,0.));
#1608 = DEFINITIONAL_REPRESENTATION('',(#1609),#1613);
#1609 = LINE('',#1610,#1611);
#1610 = CARTESIAN_POINT('',(6.28318530718,0.19));
#1611 = VECTOR('',#1612,1.);
#1612 = DIRECTION('',(-1.,0.));
#1613 = ( GEOMETRIC_REPRESENTATION_CONTEXT(2) 
PARAMETRIC_REPRESENTATION_CONTEXT() REPRESENTATION_CONTEXT('2D SPACE',''
  ) );
#1614 = ORIENTED_EDGE('',*,*,#1615,.T.);
#1615 = EDGE_CURVE('',#1583,#1221,#1616,.T.);
#1616 = SURFACE_CURVE('',#1617,(#1621,#1628),.PCURVE_S1.);
#1617 = LINE('',#1618,#1619);
#1618 = CARTESIAN_POINT('',(-0.,-0.65,1.E-02));
#1619 = VECTOR('',#1620,1.);
#1620 = DIRECTION('',(-1.,0.,0.));
#1621 = PCURVE('',#317,#1622);
#1622 = DEFINITIONAL_REPRESENTATION('',(#1623),#1627);
#1623 = LINE('',#1624,#1625);
#1624 = CARTESIAN_POINT('',(-0.,-0.65));
#1625 = VECTOR('',#1626,1.);
#1626 = DIRECTION('',(1.,0.));
#1627 = ( GEOMETRIC_REPRESENTATION_CONTEXT(2) 
PARAMETRIC_REPRESENTATION_CONTEXT() REPRESENTATION_CONTEXT('2D SPACE',''
  ) );
#1628 = PCURVE('',#1259,#1629);
#1629 = DEFINITIONAL_REPRESENTATION('',(#1630),#1634);
#1630 = LINE('',#1631,#1632);
#1631 = CARTESIAN_POINT('',(0.19,1.01));
#1632 = VECTOR('',#1633,1.);
#1633 = DIRECTION('',(-0.,-1.));
#1634 = ( GEOMETRIC_REPRESENTATION_CONTEXT(2) 
PARAMETRIC_REPRESENTATION_CONTEXT() REPRESENTATION_CONTEXT('2D SPACE',''
  ) );
#1635 = ORIENTED_EDGE('',*,*,#1220,.F.);
#1636 = ORIENTED_EDGE('',*,*,#1637,.T.);
#1637 = EDGE_CURVE('',#1193,#1638,#1640,.T.);
#1638 = VERTEX_POINT('',#1639);
#1639 = CARTESIAN_POINT('',(-0.71,-0.35,1.E-02));
#1640 = SURFACE_CURVE('',#1641,(#1645,#1652),.PCURVE_S1.);
#1641 = LINE('',#1642,#1643);
#1642 = CARTESIAN_POINT('',(-1.264902534566E-16,-0.35,1.E-02));
#1643 = VECTOR('',#1644,1.);
#1644 = DIRECTION('',(1.,-3.614007241618E-16,0.));
#1645 = PCURVE('',#317,#1646);
#1646 = DEFINITIONAL_REPRESENTATION('',(#1647),#1651);
#1647 = LINE('',#1648,#1649);
#1648 = CARTESIAN_POINT('',(1.264902534566E-16,-0.35));
#1649 = VECTOR('',#1650,1.);
#1650 = DIRECTION('',(-1.,-3.614007241618E-16));
#1651 = ( GEOMETRIC_REPRESENTATION_CONTEXT(2) 
PARAMETRIC_REPRESENTATION_CONTEXT() REPRESENTATION_CONTEXT('2D SPACE',''
  ) );
#1652 = PCURVE('',#1208,#1653);
#1653 = DEFINITIONAL_REPRESENTATION('',(#1654),#1658);
#1654 = LINE('',#1655,#1656);
#1655 = CARTESIAN_POINT('',(-1.01,-0.19));
#1656 = VECTOR('',#1657,1.);
#1657 = DIRECTION('',(-1.,0.));
#1658 = ( GEOMETRIC_REPRESENTATION_CONTEXT(2) 
PARAMETRIC_REPRESENTATION_CONTEXT() REPRESENTATION_CONTEXT('2D SPACE',''
  ) );
#1659 = ORIENTED_EDGE('',*,*,#1660,.T.);
#1660 = EDGE_CURVE('',#1638,#1661,#1663,.T.);
#1661 = VERTEX_POINT('',#1662);
#1662 = CARTESIAN_POINT('',(-0.71,-0.15,1.E-02));
#1663 = SURFACE_CURVE('',#1664,(#1669,#1680),.PCURVE_S1.);
#1664 = CIRCLE('',#1665,0.1);
#1665 = AXIS2_PLACEMENT_3D('',#1666,#1667,#1668);
#1666 = CARTESIAN_POINT('',(-0.71,-0.25,1.E-02));
#1667 = DIRECTION('',(0.,-0.,1.));
#1668 = DIRECTION('',(-1.,0.,0.));
#1669 = PCURVE('',#317,#1670);
#1670 = DEFINITIONAL_REPRESENTATION('',(#1671),#1679);
#1671 = ( BOUNDED_CURVE() B_SPLINE_CURVE(2,(#1672,#1673,#1674,#1675,
#1676,#1677,#1678),.UNSPECIFIED.,.T.,.F.) B_SPLINE_CURVE_WITH_KNOTS((1,2
    ,2,2,2,1),(-2.094395102393,0.,2.094395102393,4.188790204786,
6.28318530718,8.377580409573),.UNSPECIFIED.) CURVE() 
GEOMETRIC_REPRESENTATION_ITEM() RATIONAL_B_SPLINE_CURVE((1.,0.5,1.,0.5,
1.,0.5,1.)) REPRESENTATION_ITEM('') );
#1672 = CARTESIAN_POINT('',(0.81,-0.25));
#1673 = CARTESIAN_POINT('',(0.81,-0.423205080757));
#1674 = CARTESIAN_POINT('',(0.66,-0.336602540378));
#1675 = CARTESIAN_POINT('',(0.51,-0.25));
#1676 = CARTESIAN_POINT('',(0.66,-0.163397459622));
#1677 = CARTESIAN_POINT('',(0.81,-7.679491924311E-02));
#1678 = CARTESIAN_POINT('',(0.81,-0.25));
#1679 = ( GEOMETRIC_REPRESENTATION_CONTEXT(2) 
PARAMETRIC_REPRESENTATION_CONTEXT() REPRESENTATION_CONTEXT('2D SPACE',''
  ) );
#1680 = PCURVE('',#1681,#1686);
#1681 = CYLINDRICAL_SURFACE('',#1682,0.1);
#1682 = AXIS2_PLACEMENT_3D('',#1683,#1684,#1685);
#1683 = CARTESIAN_POINT('',(-0.71,-0.25,0.2));
#1684 = DIRECTION('',(-0.,-0.,-1.));
#1685 = DIRECTION('',(-1.,0.,0.));
#1686 = DEFINITIONAL_REPRESENTATION('',(#1687),#1691);
#1687 = LINE('',#1688,#1689);
#1688 = CARTESIAN_POINT('',(6.28318530718,0.19));
#1689 = VECTOR('',#1690,1.);
#1690 = DIRECTION('',(-1.,0.));
#1691 = ( GEOMETRIC_REPRESENTATION_CONTEXT(2) 
PARAMETRIC_REPRESENTATION_CONTEXT() REPRESENTATION_CONTEXT('2D SPACE',''
  ) );
#1692 = ORIENTED_EDGE('',*,*,#1693,.T.);
#1693 = EDGE_CURVE('',#1661,#1114,#1694,.T.);
#1694 = SURFACE_CURVE('',#1695,(#1699,#1706),.PCURVE_S1.);
#1695 = LINE('',#1696,#1697);
#1696 = CARTESIAN_POINT('',(-0.,-0.15,1.E-02));
#1697 = VECTOR('',#1698,1.);
#1698 = DIRECTION('',(-1.,0.,0.));
#1699 = PCURVE('',#317,#1700);
#1700 = DEFINITIONAL_REPRESENTATION('',(#1701),#1705);
#1701 = LINE('',#1702,#1703);
#1702 = CARTESIAN_POINT('',(-0.,-0.15));
#1703 = VECTOR('',#1704,1.);
#1704 = DIRECTION('',(1.,0.));
#1705 = ( GEOMETRIC_REPRESENTATION_CONTEXT(2) 
PARAMETRIC_REPRESENTATION_CONTEXT() REPRESENTATION_CONTEXT('2D SPACE',''
  ) );
#1706 = PCURVE('',#1152,#1707);
#1707 = DEFINITIONAL_REPRESENTATION('',(#1708),#1712);
#1708 = LINE('',#1709,#1710);
#1709 = CARTESIAN_POINT('',(0.19,1.01));
#1710 = VECTOR('',#1711,1.);
#1711 = DIRECTION('',(-0.,-1.));
#1712 = ( GEOMETRIC_REPRESENTATION_CONTEXT(2) 
PARAMETRIC_REPRESENTATION_CONTEXT() REPRESENTATION_CONTEXT('2D SPACE',''
  ) );
#1713 = ORIENTED_EDGE('',*,*,#1113,.F.);
#1714 = ORIENTED_EDGE('',*,*,#1715,.T.);
#1715 = EDGE_CURVE('',#1086,#1716,#1718,.T.);
#1716 = VERTEX_POINT('',#1717);
#1717 = CARTESIAN_POINT('',(-0.71,0.15,1.E-02));
#1718 = SURFACE_CURVE('',#1719,(#1723,#1730),.PCURVE_S1.);
#1719 = LINE('',#1720,#1721);
#1720 = CARTESIAN_POINT('',(5.421010862428E-17,0.15,1.E-02));
#1721 = VECTOR('',#1722,1.);
#1722 = DIRECTION('',(1.,-3.614007241618E-16,0.));
#1723 = PCURVE('',#317,#1724);
#1724 = DEFINITIONAL_REPRESENTATION('',(#1725),#1729);
#1725 = LINE('',#1726,#1727);
#1726 = CARTESIAN_POINT('',(-5.421010862428E-17,0.15));
#1727 = VECTOR('',#1728,1.);
#1728 = DIRECTION('',(-1.,-3.614007241618E-16));
#1729 = ( GEOMETRIC_REPRESENTATION_CONTEXT(2) 
PARAMETRIC_REPRESENTATION_CONTEXT() REPRESENTATION_CONTEXT('2D SPACE',''
  ) );
#1730 = PCURVE('',#1101,#1731);
#1731 = DEFINITIONAL_REPRESENTATION('',(#1732),#1736);
#1732 = LINE('',#1733,#1734);
#1733 = CARTESIAN_POINT('',(-1.01,-0.19));
#1734 = VECTOR('',#1735,1.);
#1735 = DIRECTION('',(-1.,0.));
#1736 = ( GEOMETRIC_REPRESENTATION_CONTEXT(2) 
PARAMETRIC_REPRESENTATION_CONTEXT() REPRESENTATION_CONTEXT('2D SPACE',''
  ) );
#1737 = ORIENTED_EDGE('',*,*,#1738,.T.);
#1738 = EDGE_CURVE('',#1716,#1739,#1741,.T.);
#1739 = VERTEX_POINT('',#1740);
#1740 = CARTESIAN_POINT('',(-0.71,0.35,1.E-02));
#1741 = SURFACE_CURVE('',#1742,(#1747,#1758),.PCURVE_S1.);
#1742 = CIRCLE('',#1743,0.1);
#1743 = AXIS2_PLACEMENT_3D('',#1744,#1745,#1746);
#1744 = CARTESIAN_POINT('',(-0.71,0.25,1.E-02));
#1745 = DIRECTION('',(0.,-0.,1.));
#1746 = DIRECTION('',(-1.,0.,0.));
#1747 = PCURVE('',#317,#1748);
#1748 = DEFINITIONAL_REPRESENTATION('',(#1749),#1757);
#1749 = ( BOUNDED_CURVE() B_SPLINE_CURVE(2,(#1750,#1751,#1752,#1753,
#1754,#1755,#1756),.UNSPECIFIED.,.T.,.F.) B_SPLINE_CURVE_WITH_KNOTS((1,2
    ,2,2,2,1),(-2.094395102393,0.,2.094395102393,4.188790204786,
6.28318530718,8.377580409573),.UNSPECIFIED.) CURVE() 
GEOMETRIC_REPRESENTATION_ITEM() RATIONAL_B_SPLINE_CURVE((1.,0.5,1.,0.5,
1.,0.5,1.)) REPRESENTATION_ITEM('') );
#1750 = CARTESIAN_POINT('',(0.81,0.25));
#1751 = CARTESIAN_POINT('',(0.81,7.679491924311E-02));
#1752 = CARTESIAN_POINT('',(0.66,0.163397459622));
#1753 = CARTESIAN_POINT('',(0.51,0.25));
#1754 = CARTESIAN_POINT('',(0.66,0.336602540378));
#1755 = CARTESIAN_POINT('',(0.81,0.423205080757));
#1756 = CARTESIAN_POINT('',(0.81,0.25));
#1757 = ( GEOMETRIC_REPRESENTATION_CONTEXT(2) 
PARAMETRIC_REPRESENTATION_CONTEXT() REPRESENTATION_CONTEXT('2D SPACE',''
  ) );
#1758 = PCURVE('',#1759,#1764);
#1759 = CYLINDRICAL_SURFACE('',#1760,0.1);
#1760 = AXIS2_PLACEMENT_3D('',#1761,#1762,#1763);
#1761 = CARTESIAN_POINT('',(-0.71,0.25,0.2));
#1762 = DIRECTION('',(-0.,-0.,-1.));
#1763 = DIRECTION('',(-1.,0.,0.));
#1764 = DEFINITIONAL_REPRESENTATION('',(#1765),#1769);
#1765 = LINE('',#1766,#1767);
#1766 = CARTESIAN_POINT('',(6.28318530718,0.19));
#1767 = VECTOR('',#1768,1.);
#1768 = DIRECTION('',(-1.,0.));
#1769 = ( GEOMETRIC_REPRESENTATION_CONTEXT(2) 
PARAMETRIC_REPRESENTATION_CONTEXT() REPRESENTATION_CONTEXT('2D SPACE',''
  ) );
#1770 = ORIENTED_EDGE('',*,*,#1771,.T.);
#1771 = EDGE_CURVE('',#1739,#1007,#1772,.T.);
#1772 = SURFACE_CURVE('',#1773,(#1777,#1784),.PCURVE_S1.);
#1773 = LINE('',#1774,#1775);
#1774 = CARTESIAN_POINT('',(0.,0.35,1.E-02));
#1775 = VECTOR('',#1776,1.);
#1776 = DIRECTION('',(-1.,0.,0.));
#1777 = PCURVE('',#317,#1778);
#1778 = DEFINITIONAL_REPRESENTATION('',(#1779),#1783);
#1779 = LINE('',#1780,#1781);
#1780 = CARTESIAN_POINT('',(0.,0.35));
#1781 = VECTOR('',#1782,1.);
#1782 = DIRECTION('',(1.,0.));
#1783 = ( GEOMETRIC_REPRESENTATION_CONTEXT(2) 
PARAMETRIC_REPRESENTATION_CONTEXT() REPRESENTATION_CONTEXT('2D SPACE',''
  ) );
#1784 = PCURVE('',#1045,#1785);
#1785 = DEFINITIONAL_REPRESENTATION('',(#1786),#1790);
#1786 = LINE('',#1787,#1788);
#1787 = CARTESIAN_POINT('',(0.19,1.01));
#1788 = VECTOR('',#1789,1.);
#1789 = DIRECTION('',(-0.,-1.));
#1790 = ( GEOMETRIC_REPRESENTATION_CONTEXT(2) 
PARAMETRIC_REPRESENTATION_CONTEXT() REPRESENTATION_CONTEXT('2D SPACE',''
  ) );
#1791 = ORIENTED_EDGE('',*,*,#1006,.F.);
#1792 = ORIENTED_EDGE('',*,*,#1793,.T.);
#1793 = EDGE_CURVE('',#979,#1794,#1796,.T.);
#1794 = VERTEX_POINT('',#1795);
#1795 = CARTESIAN_POINT('',(-0.71,0.65,1.E-02));
#1796 = SURFACE_CURVE('',#1797,(#1801,#1808),.PCURVE_S1.);
#1797 = LINE('',#1798,#1799);
#1798 = CARTESIAN_POINT('',(2.349104707052E-16,0.65,1.E-02));
#1799 = VECTOR('',#1800,1.);
#1800 = DIRECTION('',(1.,-3.614007241618E-16,0.));
#1801 = PCURVE('',#317,#1802);
#1802 = DEFINITIONAL_REPRESENTATION('',(#1803),#1807);
#1803 = LINE('',#1804,#1805);
#1804 = CARTESIAN_POINT('',(-2.349104707052E-16,0.65));
#1805 = VECTOR('',#1806,1.);
#1806 = DIRECTION('',(-1.,-3.614007241618E-16));
#1807 = ( GEOMETRIC_REPRESENTATION_CONTEXT(2) 
PARAMETRIC_REPRESENTATION_CONTEXT() REPRESENTATION_CONTEXT('2D SPACE',''
  ) );
#1808 = PCURVE('',#994,#1809);
#1809 = DEFINITIONAL_REPRESENTATION('',(#1810),#1814);
#1810 = LINE('',#1811,#1812);
#1811 = CARTESIAN_POINT('',(-1.01,-0.19));
#1812 = VECTOR('',#1813,1.);
#1813 = DIRECTION('',(-1.,0.));
#1814 = ( GEOMETRIC_REPRESENTATION_CONTEXT(2) 
PARAMETRIC_REPRESENTATION_CONTEXT() REPRESENTATION_CONTEXT('2D SPACE',''
  ) );
#1815 = ORIENTED_EDGE('',*,*,#1816,.T.);
#1816 = EDGE_CURVE('',#1794,#1817,#1819,.T.);
#1817 = VERTEX_POINT('',#1818);
#1818 = CARTESIAN_POINT('',(-0.71,0.85,1.E-02));
#1819 = SURFACE_CURVE('',#1820,(#1825,#1836),.PCURVE_S1.);
#1820 = CIRCLE('',#1821,0.1);
#1821 = AXIS2_PLACEMENT_3D('',#1822,#1823,#1824);
#1822 = CARTESIAN_POINT('',(-0.71,0.75,1.E-02));
#1823 = DIRECTION('',(0.,-0.,1.));
#1824 = DIRECTION('',(-1.,0.,0.));
#1825 = PCURVE('',#317,#1826);
#1826 = DEFINITIONAL_REPRESENTATION('',(#1827),#1835);
#1827 = ( BOUNDED_CURVE() B_SPLINE_CURVE(2,(#1828,#1829,#1830,#1831,
#1832,#1833,#1834),.UNSPECIFIED.,.T.,.F.) B_SPLINE_CURVE_WITH_KNOTS((1,2
    ,2,2,2,1),(-2.094395102393,0.,2.094395102393,4.188790204786,
6.28318530718,8.377580409573),.UNSPECIFIED.) CURVE() 
GEOMETRIC_REPRESENTATION_ITEM() RATIONAL_B_SPLINE_CURVE((1.,0.5,1.,0.5,
1.,0.5,1.)) REPRESENTATION_ITEM('') );
#1828 = CARTESIAN_POINT('',(0.81,0.75));
#1829 = CARTESIAN_POINT('',(0.81,0.576794919243));
#1830 = CARTESIAN_POINT('',(0.66,0.663397459622));
#1831 = CARTESIAN_POINT('',(0.51,0.75));
#1832 = CARTESIAN_POINT('',(0.66,0.836602540378));
#1833 = CARTESIAN_POINT('',(0.81,0.923205080757));
#1834 = CARTESIAN_POINT('',(0.81,0.75));
#1835 = ( GEOMETRIC_REPRESENTATION_CONTEXT(2) 
PARAMETRIC_REPRESENTATION_CONTEXT() REPRESENTATION_CONTEXT('2D SPACE',''
  ) );
#1836 = PCURVE('',#1837,#1842);
#1837 = CYLINDRICAL_SURFACE('',#1838,0.1);
#1838 = AXIS2_PLACEMENT_3D('',#1839,#1840,#1841);
#1839 = CARTESIAN_POINT('',(-0.71,0.75,0.2));
#1840 = DIRECTION('',(-0.,-0.,-1.));
#1841 = DIRECTION('',(-1.,0.,0.));
#1842 = DEFINITIONAL_REPRESENTATION('',(#1843),#1847);
#1843 = LINE('',#1844,#1845);
#1844 = CARTESIAN_POINT('',(6.28318530718,0.19));
#1845 = VECTOR('',#1846,1.);
#1846 = DIRECTION('',(-1.,0.));
#1847 = ( GEOMETRIC_REPRESENTATION_CONTEXT(2) 
PARAMETRIC_REPRESENTATION_CONTEXT() REPRESENTATION_CONTEXT('2D SPACE',''
  ) );
#1848 = ORIENTED_EDGE('',*,*,#1849,.T.);
#1849 = EDGE_CURVE('',#1817,#900,#1850,.T.);
#1850 = SURFACE_CURVE('',#1851,(#1855,#1862),.PCURVE_S1.);
#1851 = LINE('',#1852,#1853);
#1852 = CARTESIAN_POINT('',(0.,0.85,1.E-02));
#1853 = VECTOR('',#1854,1.);
#1854 = DIRECTION('',(-1.,0.,0.));
#1855 = PCURVE('',#317,#1856);
#1856 = DEFINITIONAL_REPRESENTATION('',(#1857),#1861);
#1857 = LINE('',#1858,#1859);
#1858 = CARTESIAN_POINT('',(0.,0.85));
#1859 = VECTOR('',#1860,1.);
#1860 = DIRECTION('',(1.,0.));
#1861 = ( GEOMETRIC_REPRESENTATION_CONTEXT(2) 
PARAMETRIC_REPRESENTATION_CONTEXT() REPRESENTATION_CONTEXT('2D SPACE',''
  ) );
#1862 = PCURVE('',#938,#1863);
#1863 = DEFINITIONAL_REPRESENTATION('',(#1864),#1868);
#1864 = LINE('',#1865,#1866);
#1865 = CARTESIAN_POINT('',(0.19,1.01));
#1866 = VECTOR('',#1867,1.);
#1867 = DIRECTION('',(-0.,-1.));
#1868 = ( GEOMETRIC_REPRESENTATION_CONTEXT(2) 
PARAMETRIC_REPRESENTATION_CONTEXT() REPRESENTATION_CONTEXT('2D SPACE',''
  ) );
#1869 = ORIENTED_EDGE('',*,*,#899,.F.);
#1870 = ORIENTED_EDGE('',*,*,#796,.F.);
#1871 = ORIENTED_EDGE('',*,*,#627,.F.);
#1872 = ORIENTED_EDGE('',*,*,#1873,.F.);
#1873 = EDGE_CURVE('',#1874,#600,#1876,.T.);
#1874 = VERTEX_POINT('',#1875);
#1875 = CARTESIAN_POINT('',(0.71,0.85,1.E-02));
#1876 = SURFACE_CURVE('',#1877,(#1881,#1888),.PCURVE_S1.);
#1877 = LINE('',#1878,#1879);
#1878 = CARTESIAN_POINT('',(-0.,0.85,1.E-02));
#1879 = VECTOR('',#1880,1.);
#1880 = DIRECTION('',(1.,0.,0.));
#1881 = PCURVE('',#317,#1882);
#1882 = DEFINITIONAL_REPRESENTATION('',(#1883),#1887);
#1883 = LINE('',#1884,#1885);
#1884 = CARTESIAN_POINT('',(0.,0.85));
#1885 = VECTOR('',#1886,1.);
#1886 = DIRECTION('',(-1.,0.));
#1887 = ( GEOMETRIC_REPRESENTATION_CONTEXT(2) 
PARAMETRIC_REPRESENTATION_CONTEXT() REPRESENTATION_CONTEXT('2D SPACE',''
  ) );
#1888 = PCURVE('',#615,#1889);
#1889 = DEFINITIONAL_REPRESENTATION('',(#1890),#1894);
#1890 = LINE('',#1891,#1892);
#1891 = CARTESIAN_POINT('',(-0.19,-1.01));
#1892 = VECTOR('',#1893,1.);
#1893 = DIRECTION('',(0.,1.));
#1894 = ( GEOMETRIC_REPRESENTATION_CONTEXT(2) 
PARAMETRIC_REPRESENTATION_CONTEXT() REPRESENTATION_CONTEXT('2D SPACE',''
  ) );
#1895 = ORIENTED_EDGE('',*,*,#1896,.F.);
#1896 = EDGE_CURVE('',#1897,#1874,#1899,.T.);
#1897 = VERTEX_POINT('',#1898);
#1898 = CARTESIAN_POINT('',(0.61,0.75,1.E-02));
#1899 = SURFACE_CURVE('',#1900,(#1905,#1912),.PCURVE_S1.);
#1900 = CIRCLE('',#1901,0.1);
#1901 = AXIS2_PLACEMENT_3D('',#1902,#1903,#1904);
#1902 = CARTESIAN_POINT('',(0.71,0.75,1.E-02));
#1903 = DIRECTION('',(0.,0.,-1.));
#1904 = DIRECTION('',(-1.,0.,0.));
#1905 = PCURVE('',#317,#1906);
#1906 = DEFINITIONAL_REPRESENTATION('',(#1907),#1911);
#1907 = CIRCLE('',#1908,0.1);
#1908 = AXIS2_PLACEMENT_2D('',#1909,#1910);
#1909 = CARTESIAN_POINT('',(-0.71,0.75));
#1910 = DIRECTION('',(1.,0.));
#1911 = ( GEOMETRIC_REPRESENTATION_CONTEXT(2) 
PARAMETRIC_REPRESENTATION_CONTEXT() REPRESENTATION_CONTEXT('2D SPACE',''
  ) );
#1912 = PCURVE('',#1913,#1918);
#1913 = CYLINDRICAL_SURFACE('',#1914,0.1);
#1914 = AXIS2_PLACEMENT_3D('',#1915,#1916,#1917);
#1915 = CARTESIAN_POINT('',(0.71,0.75,0.2));
#1916 = DIRECTION('',(-0.,-0.,-1.));
#1917 = DIRECTION('',(-1.,0.,0.));
#1918 = DEFINITIONAL_REPRESENTATION('',(#1919),#1923);
#1919 = LINE('',#1920,#1921);
#1920 = CARTESIAN_POINT('',(0.,0.19));
#1921 = VECTOR('',#1922,1.);
#1922 = DIRECTION('',(1.,0.));
#1923 = ( GEOMETRIC_REPRESENTATION_CONTEXT(2) 
PARAMETRIC_REPRESENTATION_CONTEXT() REPRESENTATION_CONTEXT('2D SPACE',''
  ) );
#1924 = ORIENTED_EDGE('',*,*,#1925,.F.);
#1925 = EDGE_CURVE('',#1926,#1897,#1928,.T.);
#1926 = VERTEX_POINT('',#1927);
#1927 = CARTESIAN_POINT('',(0.71,0.65,1.E-02));
#1928 = SURFACE_CURVE('',#1929,(#1934,#1941),.PCURVE_S1.);
#1929 = CIRCLE('',#1930,0.1);
#1930 = AXIS2_PLACEMENT_3D('',#1931,#1932,#1933);
#1931 = CARTESIAN_POINT('',(0.71,0.75,1.E-02));
#1932 = DIRECTION('',(0.,0.,-1.));
#1933 = DIRECTION('',(-1.,0.,0.));
#1934 = PCURVE('',#317,#1935);
#1935 = DEFINITIONAL_REPRESENTATION('',(#1936),#1940);
#1936 = CIRCLE('',#1937,0.1);
#1937 = AXIS2_PLACEMENT_2D('',#1938,#1939);
#1938 = CARTESIAN_POINT('',(-0.71,0.75));
#1939 = DIRECTION('',(1.,0.));
#1940 = ( GEOMETRIC_REPRESENTATION_CONTEXT(2) 
PARAMETRIC_REPRESENTATION_CONTEXT() REPRESENTATION_CONTEXT('2D SPACE',''
  ) );
#1941 = PCURVE('',#1942,#1947);
#1942 = CYLINDRICAL_SURFACE('',#1943,0.1);
#1943 = AXIS2_PLACEMENT_3D('',#1944,#1945,#1946);
#1944 = CARTESIAN_POINT('',(0.71,0.75,0.2));
#1945 = DIRECTION('',(-0.,-0.,-1.));
#1946 = DIRECTION('',(-1.,0.,0.));
#1947 = DEFINITIONAL_REPRESENTATION('',(#1948),#1952);
#1948 = LINE('',#1949,#1950);
#1949 = CARTESIAN_POINT('',(0.,0.19));
#1950 = VECTOR('',#1951,1.);
#1951 = DIRECTION('',(1.,0.));
#1952 = ( GEOMETRIC_REPRESENTATION_CONTEXT(2) 
PARAMETRIC_REPRESENTATION_CONTEXT() REPRESENTATION_CONTEXT('2D SPACE',''
  ) );
#1953 = ORIENTED_EDGE('',*,*,#1954,.F.);
#1954 = EDGE_CURVE('',#521,#1926,#1955,.T.);
#1955 = SURFACE_CURVE('',#1956,(#1960,#1967),.PCURVE_S1.);
#1956 = LINE('',#1957,#1958);
#1957 = CARTESIAN_POINT('',(-2.349104707052E-16,0.65,1.E-02));
#1958 = VECTOR('',#1959,1.);
#1959 = DIRECTION('',(-1.,-3.614007241618E-16,0.));
#1960 = PCURVE('',#317,#1961);
#1961 = DEFINITIONAL_REPRESENTATION('',(#1962),#1966);
#1962 = LINE('',#1963,#1964);
#1963 = CARTESIAN_POINT('',(2.349104707052E-16,0.65));
#1964 = VECTOR('',#1965,1.);
#1965 = DIRECTION('',(1.,-3.614007241618E-16));
#1966 = ( GEOMETRIC_REPRESENTATION_CONTEXT(2) 
PARAMETRIC_REPRESENTATION_CONTEXT() REPRESENTATION_CONTEXT('2D SPACE',''
  ) );
#1967 = PCURVE('',#559,#1968);
#1968 = DEFINITIONAL_REPRESENTATION('',(#1969),#1973);
#1969 = LINE('',#1970,#1971);
#1970 = CARTESIAN_POINT('',(-1.01,-0.19));
#1971 = VECTOR('',#1972,1.);
#1972 = DIRECTION('',(-1.,0.));
#1973 = ( GEOMETRIC_REPRESENTATION_CONTEXT(2) 
PARAMETRIC_REPRESENTATION_CONTEXT() REPRESENTATION_CONTEXT('2D SPACE',''
  ) );
#1974 = ORIENTED_EDGE('',*,*,#520,.F.);
#1975 = ORIENTED_EDGE('',*,*,#1976,.F.);
#1976 = EDGE_CURVE('',#1977,#493,#1979,.T.);
#1977 = VERTEX_POINT('',#1978);
#1978 = CARTESIAN_POINT('',(0.71,0.35,1.E-02));
#1979 = SURFACE_CURVE('',#1980,(#1984,#1991),.PCURVE_S1.);
#1980 = LINE('',#1981,#1982);
#1981 = CARTESIAN_POINT('',(-0.,0.35,1.E-02));
#1982 = VECTOR('',#1983,1.);
#1983 = DIRECTION('',(1.,0.,0.));
#1984 = PCURVE('',#317,#1985);
#1985 = DEFINITIONAL_REPRESENTATION('',(#1986),#1990);
#1986 = LINE('',#1987,#1988);
#1987 = CARTESIAN_POINT('',(0.,0.35));
#1988 = VECTOR('',#1989,1.);
#1989 = DIRECTION('',(-1.,0.));
#1990 = ( GEOMETRIC_REPRESENTATION_CONTEXT(2) 
PARAMETRIC_REPRESENTATION_CONTEXT() REPRESENTATION_CONTEXT('2D SPACE',''
  ) );
#1991 = PCURVE('',#508,#1992);
#1992 = DEFINITIONAL_REPRESENTATION('',(#1993),#1997);
#1993 = LINE('',#1994,#1995);
#1994 = CARTESIAN_POINT('',(-0.19,-1.01));
#1995 = VECTOR('',#1996,1.);
#1996 = DIRECTION('',(0.,1.));
#1997 = ( GEOMETRIC_REPRESENTATION_CONTEXT(2) 
PARAMETRIC_REPRESENTATION_CONTEXT() REPRESENTATION_CONTEXT('2D SPACE',''
  ) );
#1998 = ORIENTED_EDGE('',*,*,#1999,.F.);
#1999 = EDGE_CURVE('',#2000,#1977,#2002,.T.);
#2000 = VERTEX_POINT('',#2001);
#2001 = CARTESIAN_POINT('',(0.61,0.25,1.E-02));
#2002 = SURFACE_CURVE('',#2003,(#2008,#2015),.PCURVE_S1.);
#2003 = CIRCLE('',#2004,0.1);
#2004 = AXIS2_PLACEMENT_3D('',#2005,#2006,#2007);
#2005 = CARTESIAN_POINT('',(0.71,0.25,1.E-02));
#2006 = DIRECTION('',(0.,0.,-1.));
#2007 = DIRECTION('',(-1.,0.,0.));
#2008 = PCURVE('',#317,#2009);
#2009 = DEFINITIONAL_REPRESENTATION('',(#2010),#2014);
#2010 = CIRCLE('',#2011,0.1);
#2011 = AXIS2_PLACEMENT_2D('',#2012,#2013);
#2012 = CARTESIAN_POINT('',(-0.71,0.25));
#2013 = DIRECTION('',(1.,0.));
#2014 = ( GEOMETRIC_REPRESENTATION_CONTEXT(2) 
PARAMETRIC_REPRESENTATION_CONTEXT() REPRESENTATION_CONTEXT('2D SPACE',''
  ) );
#2015 = PCURVE('',#2016,#2021);
#2016 = CYLINDRICAL_SURFACE('',#2017,0.1);
#2017 = AXIS2_PLACEMENT_3D('',#2018,#2019,#2020);
#2018 = CARTESIAN_POINT('',(0.71,0.25,0.2));
#2019 = DIRECTION('',(-0.,-0.,-1.));
#2020 = DIRECTION('',(-1.,0.,0.));
#2021 = DEFINITIONAL_REPRESENTATION('',(#2022),#2026);
#2022 = LINE('',#2023,#2024);
#2023 = CARTESIAN_POINT('',(0.,0.19));
#2024 = VECTOR('',#2025,1.);
#2025 = DIRECTION('',(1.,0.));
#2026 = ( GEOMETRIC_REPRESENTATION_CONTEXT(2) 
PARAMETRIC_REPRESENTATION_CONTEXT() REPRESENTATION_CONTEXT('2D SPACE',''
  ) );
#2027 = ORIENTED_EDGE('',*,*,#2028,.F.);
#2028 = EDGE_CURVE('',#2029,#2000,#2031,.T.);
#2029 = VERTEX_POINT('',#2030);
#2030 = CARTESIAN_POINT('',(0.71,0.15,1.E-02));
#2031 = SURFACE_CURVE('',#2032,(#2037,#2044),.PCURVE_S1.);
#2032 = CIRCLE('',#2033,0.1);
#2033 = AXIS2_PLACEMENT_3D('',#2034,#2035,#2036);
#2034 = CARTESIAN_POINT('',(0.71,0.25,1.E-02));
#2035 = DIRECTION('',(0.,0.,-1.));
#2036 = DIRECTION('',(-1.,0.,0.));
#2037 = PCURVE('',#317,#2038);
#2038 = DEFINITIONAL_REPRESENTATION('',(#2039),#2043);
#2039 = CIRCLE('',#2040,0.1);
#2040 = AXIS2_PLACEMENT_2D('',#2041,#2042);
#2041 = CARTESIAN_POINT('',(-0.71,0.25));
#2042 = DIRECTION('',(1.,0.));
#2043 = ( GEOMETRIC_REPRESENTATION_CONTEXT(2) 
PARAMETRIC_REPRESENTATION_CONTEXT() REPRESENTATION_CONTEXT('2D SPACE',''
  ) );
#2044 = PCURVE('',#2045,#2050);
#2045 = CYLINDRICAL_SURFACE('',#2046,0.1);
#2046 = AXIS2_PLACEMENT_3D('',#2047,#2048,#2049);
#2047 = CARTESIAN_POINT('',(0.71,0.25,0.2));
#2048 = DIRECTION('',(-0.,-0.,-1.));
#2049 = DIRECTION('',(-1.,0.,0.));
#2050 = DEFINITIONAL_REPRESENTATION('',(#2051),#2055);
#2051 = LINE('',#2052,#2053);
#2052 = CARTESIAN_POINT('',(0.,0.19));
#2053 = VECTOR('',#2054,1.);
#2054 = DIRECTION('',(1.,0.));
#2055 = ( GEOMETRIC_REPRESENTATION_CONTEXT(2) 
PARAMETRIC_REPRESENTATION_CONTEXT() REPRESENTATION_CONTEXT('2D SPACE',''
  ) );
#2056 = ORIENTED_EDGE('',*,*,#2057,.F.);
#2057 = EDGE_CURVE('',#414,#2029,#2058,.T.);
#2058 = SURFACE_CURVE('',#2059,(#2063,#2070),.PCURVE_S1.);
#2059 = LINE('',#2060,#2061);
#2060 = CARTESIAN_POINT('',(-5.421010862428E-17,0.15,1.E-02));
#2061 = VECTOR('',#2062,1.);
#2062 = DIRECTION('',(-1.,-3.614007241618E-16,0.));
#2063 = PCURVE('',#317,#2064);
#2064 = DEFINITIONAL_REPRESENTATION('',(#2065),#2069);
#2065 = LINE('',#2066,#2067);
#2066 = CARTESIAN_POINT('',(5.421010862428E-17,0.15));
#2067 = VECTOR('',#2068,1.);
#2068 = DIRECTION('',(1.,-3.614007241618E-16));
#2069 = ( GEOMETRIC_REPRESENTATION_CONTEXT(2) 
PARAMETRIC_REPRESENTATION_CONTEXT() REPRESENTATION_CONTEXT('2D SPACE',''
  ) );
#2070 = PCURVE('',#452,#2071);
#2071 = DEFINITIONAL_REPRESENTATION('',(#2072),#2076);
#2072 = LINE('',#2073,#2074);
#2073 = CARTESIAN_POINT('',(-1.01,-0.19));
#2074 = VECTOR('',#2075,1.);
#2075 = DIRECTION('',(-1.,0.));
#2076 = ( GEOMETRIC_REPRESENTATION_CONTEXT(2) 
PARAMETRIC_REPRESENTATION_CONTEXT() REPRESENTATION_CONTEXT('2D SPACE',''
  ) );
#2077 = ORIENTED_EDGE('',*,*,#413,.F.);
#2078 = ORIENTED_EDGE('',*,*,#2079,.F.);
#2079 = EDGE_CURVE('',#2080,#386,#2082,.T.);
#2080 = VERTEX_POINT('',#2081);
#2081 = CARTESIAN_POINT('',(0.71,-0.15,1.E-02));
#2082 = SURFACE_CURVE('',#2083,(#2087,#2094),.PCURVE_S1.);
#2083 = LINE('',#2084,#2085);
#2084 = CARTESIAN_POINT('',(0.,-0.15,1.E-02));
#2085 = VECTOR('',#2086,1.);
#2086 = DIRECTION('',(1.,0.,0.));
#2087 = PCURVE('',#317,#2088);
#2088 = DEFINITIONAL_REPRESENTATION('',(#2089),#2093);
#2089 = LINE('',#2090,#2091);
#2090 = CARTESIAN_POINT('',(-0.,-0.15));
#2091 = VECTOR('',#2092,1.);
#2092 = DIRECTION('',(-1.,0.));
#2093 = ( GEOMETRIC_REPRESENTATION_CONTEXT(2) 
PARAMETRIC_REPRESENTATION_CONTEXT() REPRESENTATION_CONTEXT('2D SPACE',''
  ) );
#2094 = PCURVE('',#401,#2095);
#2095 = DEFINITIONAL_REPRESENTATION('',(#2096),#2100);
#2096 = LINE('',#2097,#2098);
#2097 = CARTESIAN_POINT('',(-0.19,-1.01));
#2098 = VECTOR('',#2099,1.);
#2099 = DIRECTION('',(0.,1.));
#2100 = ( GEOMETRIC_REPRESENTATION_CONTEXT(2) 
PARAMETRIC_REPRESENTATION_CONTEXT() REPRESENTATION_CONTEXT('2D SPACE',''
  ) );
#2101 = ORIENTED_EDGE('',*,*,#2102,.F.);
#2102 = EDGE_CURVE('',#2103,#2080,#2105,.T.);
#2103 = VERTEX_POINT('',#2104);
#2104 = CARTESIAN_POINT('',(0.61,-0.25,1.E-02));
#2105 = SURFACE_CURVE('',#2106,(#2111,#2118),.PCURVE_S1.);
#2106 = CIRCLE('',#2107,0.1);
#2107 = AXIS2_PLACEMENT_3D('',#2108,#2109,#2110);
#2108 = CARTESIAN_POINT('',(0.71,-0.25,1.E-02));
#2109 = DIRECTION('',(0.,0.,-1.));
#2110 = DIRECTION('',(-1.,0.,0.));
#2111 = PCURVE('',#317,#2112);
#2112 = DEFINITIONAL_REPRESENTATION('',(#2113),#2117);
#2113 = CIRCLE('',#2114,0.1);
#2114 = AXIS2_PLACEMENT_2D('',#2115,#2116);
#2115 = CARTESIAN_POINT('',(-0.71,-0.25));
#2116 = DIRECTION('',(1.,0.));
#2117 = ( GEOMETRIC_REPRESENTATION_CONTEXT(2) 
PARAMETRIC_REPRESENTATION_CONTEXT() REPRESENTATION_CONTEXT('2D SPACE',''
  ) );
#2118 = PCURVE('',#2119,#2124);
#2119 = CYLINDRICAL_SURFACE('',#2120,0.1);
#2120 = AXIS2_PLACEMENT_3D('',#2121,#2122,#2123);
#2121 = CARTESIAN_POINT('',(0.71,-0.25,0.2));
#2122 = DIRECTION('',(-0.,-0.,-1.));
#2123 = DIRECTION('',(-1.,0.,0.));
#2124 = DEFINITIONAL_REPRESENTATION('',(#2125),#2129);
#2125 = LINE('',#2126,#2127);
#2126 = CARTESIAN_POINT('',(0.,0.19));
#2127 = VECTOR('',#2128,1.);
#2128 = DIRECTION('',(1.,0.));
#2129 = ( GEOMETRIC_REPRESENTATION_CONTEXT(2) 
PARAMETRIC_REPRESENTATION_CONTEXT() REPRESENTATION_CONTEXT('2D SPACE',''
  ) );
#2130 = ORIENTED_EDGE('',*,*,#2131,.F.);
#2131 = EDGE_CURVE('',#2132,#2103,#2134,.T.);
#2132 = VERTEX_POINT('',#2133);
#2133 = CARTESIAN_POINT('',(0.71,-0.35,1.E-02));
#2134 = SURFACE_CURVE('',#2135,(#2140,#2147),.PCURVE_S1.);
#2135 = CIRCLE('',#2136,0.1);
#2136 = AXIS2_PLACEMENT_3D('',#2137,#2138,#2139);
#2137 = CARTESIAN_POINT('',(0.71,-0.25,1.E-02));
#2138 = DIRECTION('',(0.,0.,-1.));
#2139 = DIRECTION('',(-1.,0.,0.));
#2140 = PCURVE('',#317,#2141);
#2141 = DEFINITIONAL_REPRESENTATION('',(#2142),#2146);
#2142 = CIRCLE('',#2143,0.1);
#2143 = AXIS2_PLACEMENT_2D('',#2144,#2145);
#2144 = CARTESIAN_POINT('',(-0.71,-0.25));
#2145 = DIRECTION('',(1.,0.));
#2146 = ( GEOMETRIC_REPRESENTATION_CONTEXT(2) 
PARAMETRIC_REPRESENTATION_CONTEXT() REPRESENTATION_CONTEXT('2D SPACE',''
  ) );
#2147 = PCURVE('',#2148,#2153);
#2148 = CYLINDRICAL_SURFACE('',#2149,0.1);
#2149 = AXIS2_PLACEMENT_3D('',#2150,#2151,#2152);
#2150 = CARTESIAN_POINT('',(0.71,-0.25,0.2));
#2151 = DIRECTION('',(-0.,-0.,-1.));
#2152 = DIRECTION('',(-1.,0.,0.));
#2153 = DEFINITIONAL_REPRESENTATION('',(#2154),#2158);
#2154 = LINE('',#2155,#2156);
#2155 = CARTESIAN_POINT('',(0.,0.19));
#2156 = VECTOR('',#2157,1.);
#2157 = DIRECTION('',(1.,0.));
#2158 = ( GEOMETRIC_REPRESENTATION_CONTEXT(2) 
PARAMETRIC_REPRESENTATION_CONTEXT() REPRESENTATION_CONTEXT('2D SPACE',''
  ) );
#2159 = ORIENTED_EDGE('',*,*,#2160,.F.);
#2160 = EDGE_CURVE('',#302,#2132,#2161,.T.);
#2161 = SURFACE_CURVE('',#2162,(#2166,#2173),.PCURVE_S1.);
#2162 = LINE('',#2163,#2164);
#2163 = CARTESIAN_POINT('',(1.264902534566E-16,-0.35,1.E-02));
#2164 = VECTOR('',#2165,1.);
#2165 = DIRECTION('',(-1.,-3.614007241618E-16,0.));
#2166 = PCURVE('',#317,#2167);
#2167 = DEFINITIONAL_REPRESENTATION('',(#2168),#2172);
#2168 = LINE('',#2169,#2170);
#2169 = CARTESIAN_POINT('',(-1.264902534566E-16,-0.35));
#2170 = VECTOR('',#2171,1.);
#2171 = DIRECTION('',(1.,-3.614007241618E-16));
#2172 = ( GEOMETRIC_REPRESENTATION_CONTEXT(2) 
PARAMETRIC_REPRESENTATION_CONTEXT() REPRESENTATION_CONTEXT('2D SPACE',''
  ) );
#2173 = PCURVE('',#345,#2174);
#2174 = DEFINITIONAL_REPRESENTATION('',(#2175),#2179);
#2175 = LINE('',#2176,#2177);
#2176 = CARTESIAN_POINT('',(-1.01,-0.19));
#2177 = VECTOR('',#2178,1.);
#2178 = DIRECTION('',(-1.,0.));
#2179 = ( GEOMETRIC_REPRESENTATION_CONTEXT(2) 
PARAMETRIC_REPRESENTATION_CONTEXT() REPRESENTATION_CONTEXT('2D SPACE',''
  ) );
#2180 = ORIENTED_EDGE('',*,*,#301,.F.);
#2181 = FACE_BOUND('',#2182,.T.);
#2182 = EDGE_LOOP('',(#2183,#2213,#2241,#2269,#2297));
#2183 = ORIENTED_EDGE('',*,*,#2184,.T.);
#2184 = EDGE_CURVE('',#2185,#2187,#2189,.T.);
#2185 = VERTEX_POINT('',#2186);
#2186 = CARTESIAN_POINT('',(-0.384653830532,-0.900899760983,1.E-02));
#2187 = VERTEX_POINT('',#2188);
#2188 = CARTESIAN_POINT('',(0.384653830532,-0.900899760983,1.E-02));
#2189 = SURFACE_CURVE('',#2190,(#2194,#2201),.PCURVE_S1.);
#2190 = LINE('',#2191,#2192);
#2191 = CARTESIAN_POINT('',(-0.,-0.900899760983,1.E-02));
#2192 = VECTOR('',#2193,1.);
#2193 = DIRECTION('',(1.,-0.,0.));
#2194 = PCURVE('',#317,#2195);
#2195 = DEFINITIONAL_REPRESENTATION('',(#2196),#2200);
#2196 = LINE('',#2197,#2198);
#2197 = CARTESIAN_POINT('',(-0.,-0.900899760983));
#2198 = VECTOR('',#2199,1.);
#2199 = DIRECTION('',(-1.,0.));
#2200 = ( GEOMETRIC_REPRESENTATION_CONTEXT(2) 
PARAMETRIC_REPRESENTATION_CONTEXT() REPRESENTATION_CONTEXT('2D SPACE',''
  ) );
#2201 = PCURVE('',#2202,#2207);
#2202 = PLANE('',#2203);
#2203 = AXIS2_PLACEMENT_3D('',#2204,#2205,#2206);
#2204 = CARTESIAN_POINT('',(-0.384653830532,-0.900899760983,0.2));
#2205 = DIRECTION('',(0.,1.,0.));
#2206 = DIRECTION('',(0.,-0.,1.));
#2207 = DEFINITIONAL_REPRESENTATION('',(#2208),#2212);
#2208 = LINE('',#2209,#2210);
#2209 = CARTESIAN_POINT('',(-0.19,0.384653830532));
#2210 = VECTOR('',#2211,1.);
#2211 = DIRECTION('',(0.,1.));
#2212 = ( GEOMETRIC_REPRESENTATION_CONTEXT(2) 
PARAMETRIC_REPRESENTATION_CONTEXT() REPRESENTATION_CONTEXT('2D SPACE',''
  ) );
#2213 = ORIENTED_EDGE('',*,*,#2214,.T.);
#2214 = EDGE_CURVE('',#2187,#2215,#2217,.T.);
#2215 = VERTEX_POINT('',#2216);
#2216 = CARTESIAN_POINT('',(0.384653830532,0.700899760983,1.E-02));
#2217 = SURFACE_CURVE('',#2218,(#2222,#2229),.PCURVE_S1.);
#2218 = LINE('',#2219,#2220);
#2219 = CARTESIAN_POINT('',(0.384653830532,-0.,1.E-02));
#2220 = VECTOR('',#2221,1.);
#2221 = DIRECTION('',(0.,1.,0.));
#2222 = PCURVE('',#317,#2223);
#2223 = DEFINITIONAL_REPRESENTATION('',(#2224),#2228);
#2224 = LINE('',#2225,#2226);
#2225 = CARTESIAN_POINT('',(-0.384653830532,0.));
#2226 = VECTOR('',#2227,1.);
#2227 = DIRECTION('',(0.,1.));
#2228 = ( GEOMETRIC_REPRESENTATION_CONTEXT(2) 
PARAMETRIC_REPRESENTATION_CONTEXT() REPRESENTATION_CONTEXT('2D SPACE',''
  ) );
#2229 = PCURVE('',#2230,#2235);
#2230 = PLANE('',#2231);
#2231 = AXIS2_PLACEMENT_3D('',#2232,#2233,#2234);
#2232 = CARTESIAN_POINT('',(0.384653830532,-0.900899760983,0.2));
#2233 = DIRECTION('',(-1.,0.,0.));
#2234 = DIRECTION('',(0.,0.,1.));
#2235 = DEFINITIONAL_REPRESENTATION('',(#2236),#2240);
#2236 = LINE('',#2237,#2238);
#2237 = CARTESIAN_POINT('',(-0.19,0.900899760983));
#2238 = VECTOR('',#2239,1.);
#2239 = DIRECTION('',(0.,1.));
#2240 = ( GEOMETRIC_REPRESENTATION_CONTEXT(2) 
PARAMETRIC_REPRESENTATION_CONTEXT() REPRESENTATION_CONTEXT('2D SPACE',''
  ) );
#2241 = ORIENTED_EDGE('',*,*,#2242,.T.);
#2242 = EDGE_CURVE('',#2215,#2243,#2245,.T.);
#2243 = VERTEX_POINT('',#2244);
#2244 = CARTESIAN_POINT('',(0.184653830532,0.900899760983,1.E-02));
#2245 = SURFACE_CURVE('',#2246,(#2250,#2257),.PCURVE_S1.);
#2246 = LINE('',#2247,#2248);
#2247 = CARTESIAN_POINT('',(0.184653830532,0.900899760983,1.E-02));
#2248 = VECTOR('',#2249,1.);
#2249 = DIRECTION('',(-0.707106781187,0.707106781187,-0.));
#2250 = PCURVE('',#317,#2251);
#2251 = DEFINITIONAL_REPRESENTATION('',(#2252),#2256);
#2252 = LINE('',#2253,#2254);
#2253 = CARTESIAN_POINT('',(-0.184653830532,0.900899760983));
#2254 = VECTOR('',#2255,1.);
#2255 = DIRECTION('',(0.707106781187,0.707106781187));
#2256 = ( GEOMETRIC_REPRESENTATION_CONTEXT(2) 
PARAMETRIC_REPRESENTATION_CONTEXT() REPRESENTATION_CONTEXT('2D SPACE',''
  ) );
#2257 = PCURVE('',#2258,#2263);
#2258 = PLANE('',#2259);
#2259 = AXIS2_PLACEMENT_3D('',#2260,#2261,#2262);
#2260 = CARTESIAN_POINT('',(0.184653830532,0.900899760983,0.2));
#2261 = DIRECTION('',(-0.707106781187,-0.707106781187,-0.));
#2262 = DIRECTION('',(0.,0.,-1.));
#2263 = DEFINITIONAL_REPRESENTATION('',(#2264),#2268);
#2264 = LINE('',#2265,#2266);
#2265 = CARTESIAN_POINT('',(0.19,0.));
#2266 = VECTOR('',#2267,1.);
#2267 = DIRECTION('',(0.,-1.));
#2268 = ( GEOMETRIC_REPRESENTATION_CONTEXT(2) 
PARAMETRIC_REPRESENTATION_CONTEXT() REPRESENTATION_CONTEXT('2D SPACE',''
  ) );
#2269 = ORIENTED_EDGE('',*,*,#2270,.T.);
#2270 = EDGE_CURVE('',#2243,#2271,#2273,.T.);
#2271 = VERTEX_POINT('',#2272);
#2272 = CARTESIAN_POINT('',(-0.384653830532,0.900899760983,1.E-02));
#2273 = SURFACE_CURVE('',#2274,(#2278,#2285),.PCURVE_S1.);
#2274 = LINE('',#2275,#2276);
#2275 = CARTESIAN_POINT('',(0.,0.900899760983,1.E-02));
#2276 = VECTOR('',#2277,1.);
#2277 = DIRECTION('',(-1.,0.,0.));
#2278 = PCURVE('',#317,#2279);
#2279 = DEFINITIONAL_REPRESENTATION('',(#2280),#2284);
#2280 = LINE('',#2281,#2282);
#2281 = CARTESIAN_POINT('',(0.,0.900899760983));
#2282 = VECTOR('',#2283,1.);
#2283 = DIRECTION('',(1.,0.));
#2284 = ( GEOMETRIC_REPRESENTATION_CONTEXT(2) 
PARAMETRIC_REPRESENTATION_CONTEXT() REPRESENTATION_CONTEXT('2D SPACE',''
  ) );
#2285 = PCURVE('',#2286,#2291);
#2286 = PLANE('',#2287);
#2287 = AXIS2_PLACEMENT_3D('',#2288,#2289,#2290);
#2288 = CARTESIAN_POINT('',(-0.384653830532,0.900899760983,0.2));
#2289 = DIRECTION('',(0.,-1.,0.));
#2290 = DIRECTION('',(0.,-0.,-1.));
#2291 = DEFINITIONAL_REPRESENTATION('',(#2292),#2296);
#2292 = LINE('',#2293,#2294);
#2293 = CARTESIAN_POINT('',(0.19,0.384653830532));
#2294 = VECTOR('',#2295,1.);
#2295 = DIRECTION('',(-0.,-1.));
#2296 = ( GEOMETRIC_REPRESENTATION_CONTEXT(2) 
PARAMETRIC_REPRESENTATION_CONTEXT() REPRESENTATION_CONTEXT('2D SPACE',''
  ) );
#2297 = ORIENTED_EDGE('',*,*,#2298,.T.);
#2298 = EDGE_CURVE('',#2271,#2185,#2299,.T.);
#2299 = SURFACE_CURVE('',#2300,(#2304,#2311),.PCURVE_S1.);
#2300 = LINE('',#2301,#2302);
#2301 = CARTESIAN_POINT('',(-0.384653830532,-0.,1.E-02));
#2302 = VECTOR('',#2303,1.);
#2303 = DIRECTION('',(0.,-1.,0.));
#2304 = PCURVE('',#317,#2305);
#2305 = DEFINITIONAL_REPRESENTATION('',(#2306),#2310);
#2306 = LINE('',#2307,#2308);
#2307 = CARTESIAN_POINT('',(0.384653830532,0.));
#2308 = VECTOR('',#2309,1.);
#2309 = DIRECTION('',(-0.,-1.));
#2310 = ( GEOMETRIC_REPRESENTATION_CONTEXT(2) 
PARAMETRIC_REPRESENTATION_CONTEXT() REPRESENTATION_CONTEXT('2D SPACE',''
  ) );
#2311 = PCURVE('',#2312,#2317);
#2312 = PLANE('',#2313);
#2313 = AXIS2_PLACEMENT_3D('',#2314,#2315,#2316);
#2314 = CARTESIAN_POINT('',(-0.384653830532,-0.900899760983,0.2));
#2315 = DIRECTION('',(1.,0.,0.));
#2316 = DIRECTION('',(0.,0.,-1.));
#2317 = DEFINITIONAL_REPRESENTATION('',(#2318),#2322);
#2318 = LINE('',#2319,#2320);
#2319 = CARTESIAN_POINT('',(0.19,0.900899760983));
#2320 = VECTOR('',#2321,1.);
#2321 = DIRECTION('',(0.,-1.));
#2322 = ( GEOMETRIC_REPRESENTATION_CONTEXT(2) 
PARAMETRIC_REPRESENTATION_CONTEXT() REPRESENTATION_CONTEXT('2D SPACE',''
  ) );
#2323 = ADVANCED_FACE('',(#2324),#345,.T.);
#2324 = FACE_BOUND('',#2325,.T.);
#2325 = EDGE_LOOP('',(#2326,#2327,#2328,#2351,#2379,#2407));
#2326 = ORIENTED_EDGE('',*,*,#329,.F.);
#2327 = ORIENTED_EDGE('',*,*,#2160,.T.);
#2328 = ORIENTED_EDGE('',*,*,#2329,.T.);
#2329 = EDGE_CURVE('',#2132,#2330,#2332,.T.);
#2330 = VERTEX_POINT('',#2331);
#2331 = CARTESIAN_POINT('',(0.71,-0.35,0.));
#2332 = SURFACE_CURVE('',#2333,(#2337,#2344),.PCURVE_S1.);
#2333 = LINE('',#2334,#2335);
#2334 = CARTESIAN_POINT('',(0.71,-0.35,0.2));
#2335 = VECTOR('',#2336,1.);
#2336 = DIRECTION('',(-0.,-0.,-1.));
#2337 = PCURVE('',#345,#2338);
#2338 = DEFINITIONAL_REPRESENTATION('',(#2339),#2343);
#2339 = LINE('',#2340,#2341);
#2340 = CARTESIAN_POINT('',(-0.3,0.));
#2341 = VECTOR('',#2342,1.);
#2342 = DIRECTION('',(0.,-1.));
#2343 = ( GEOMETRIC_REPRESENTATION_CONTEXT(2) 
PARAMETRIC_REPRESENTATION_CONTEXT() REPRESENTATION_CONTEXT('2D SPACE',''
  ) );
#2344 = PCURVE('',#2148,#2345);
#2345 = DEFINITIONAL_REPRESENTATION('',(#2346),#2350);
#2346 = LINE('',#2347,#2348);
#2347 = CARTESIAN_POINT('',(4.712388980385,0.));
#2348 = VECTOR('',#2349,1.);
#2349 = DIRECTION('',(0.,1.));
#2350 = ( GEOMETRIC_REPRESENTATION_CONTEXT(2) 
PARAMETRIC_REPRESENTATION_CONTEXT() REPRESENTATION_CONTEXT('2D SPACE',''
  ) );
#2351 = ORIENTED_EDGE('',*,*,#2352,.F.);
#2352 = EDGE_CURVE('',#2353,#2330,#2355,.T.);
#2353 = VERTEX_POINT('',#2354);
#2354 = CARTESIAN_POINT('',(1.01,-0.35,0.));
#2355 = SURFACE_CURVE('',#2356,(#2360,#2367),.PCURVE_S1.);
#2356 = LINE('',#2357,#2358);
#2357 = CARTESIAN_POINT('',(1.01,-0.35,0.));
#2358 = VECTOR('',#2359,1.);
#2359 = DIRECTION('',(-1.,-3.614007241618E-16,0.));
#2360 = PCURVE('',#345,#2361);
#2361 = DEFINITIONAL_REPRESENTATION('',(#2362),#2366);
#2362 = LINE('',#2363,#2364);
#2363 = CARTESIAN_POINT('',(0.,-0.2));
#2364 = VECTOR('',#2365,1.);
#2365 = DIRECTION('',(-1.,0.));
#2366 = ( GEOMETRIC_REPRESENTATION_CONTEXT(2) 
PARAMETRIC_REPRESENTATION_CONTEXT() REPRESENTATION_CONTEXT('2D SPACE',''
  ) );
#2367 = PCURVE('',#2368,#2373);
#2368 = PLANE('',#2369);
#2369 = AXIS2_PLACEMENT_3D('',#2370,#2371,#2372);
#2370 = CARTESIAN_POINT('',(0.71,-0.25,0.));
#2371 = DIRECTION('',(0.,0.,1.));
#2372 = DIRECTION('',(-1.,0.,0.));
#2373 = DEFINITIONAL_REPRESENTATION('',(#2374),#2378);
#2374 = LINE('',#2375,#2376);
#2375 = CARTESIAN_POINT('',(-0.3,1.E-01));
#2376 = VECTOR('',#2377,1.);
#2377 = DIRECTION('',(1.,3.614007241618E-16));
#2378 = ( GEOMETRIC_REPRESENTATION_CONTEXT(2) 
PARAMETRIC_REPRESENTATION_CONTEXT() REPRESENTATION_CONTEXT('2D SPACE',''
  ) );
#2379 = ORIENTED_EDGE('',*,*,#2380,.F.);
#2380 = EDGE_CURVE('',#2381,#2353,#2383,.T.);
#2381 = VERTEX_POINT('',#2382);
#2382 = CARTESIAN_POINT('',(1.01,-0.35,0.2));
#2383 = SURFACE_CURVE('',#2384,(#2388,#2395),.PCURVE_S1.);
#2384 = LINE('',#2385,#2386);
#2385 = CARTESIAN_POINT('',(1.01,-0.35,0.2));
#2386 = VECTOR('',#2387,1.);
#2387 = DIRECTION('',(-0.,-0.,-1.));
#2388 = PCURVE('',#345,#2389);
#2389 = DEFINITIONAL_REPRESENTATION('',(#2390),#2394);
#2390 = LINE('',#2391,#2392);
#2391 = CARTESIAN_POINT('',(0.,0.));
#2392 = VECTOR('',#2393,1.);
#2393 = DIRECTION('',(0.,-1.));
#2394 = ( GEOMETRIC_REPRESENTATION_CONTEXT(2) 
PARAMETRIC_REPRESENTATION_CONTEXT() REPRESENTATION_CONTEXT('2D SPACE',''
  ) );
#2395 = PCURVE('',#2396,#2401);
#2396 = PLANE('',#2397);
#2397 = AXIS2_PLACEMENT_3D('',#2398,#2399,#2400);
#2398 = CARTESIAN_POINT('',(1.01,-0.15,0.2));
#2399 = DIRECTION('',(1.,0.,-0.));
#2400 = DIRECTION('',(-0.,0.,-1.));
#2401 = DEFINITIONAL_REPRESENTATION('',(#2402),#2406);
#2402 = LINE('',#2403,#2404);
#2403 = CARTESIAN_POINT('',(-0.,-0.2));
#2404 = VECTOR('',#2405,1.);
#2405 = DIRECTION('',(1.,-0.));
#2406 = ( GEOMETRIC_REPRESENTATION_CONTEXT(2) 
PARAMETRIC_REPRESENTATION_CONTEXT() REPRESENTATION_CONTEXT('2D SPACE',''
  ) );
#2407 = ORIENTED_EDGE('',*,*,#2408,.T.);
#2408 = EDGE_CURVE('',#2381,#330,#2409,.T.);
#2409 = SURFACE_CURVE('',#2410,(#2414,#2421),.PCURVE_S1.);
#2410 = LINE('',#2411,#2412);
#2411 = CARTESIAN_POINT('',(1.01,-0.35,0.2));
#2412 = VECTOR('',#2413,1.);
#2413 = DIRECTION('',(-1.,-3.614007241618E-16,0.));
#2414 = PCURVE('',#345,#2415);
#2415 = DEFINITIONAL_REPRESENTATION('',(#2416),#2420);
#2416 = LINE('',#2417,#2418);
#2417 = CARTESIAN_POINT('',(0.,0.));
#2418 = VECTOR('',#2419,1.);
#2419 = DIRECTION('',(-1.,0.));
#2420 = ( GEOMETRIC_REPRESENTATION_CONTEXT(2) 
PARAMETRIC_REPRESENTATION_CONTEXT() REPRESENTATION_CONTEXT('2D SPACE',''
  ) );
#2421 = PCURVE('',#373,#2422);
#2422 = DEFINITIONAL_REPRESENTATION('',(#2423),#2427);
#2423 = LINE('',#2424,#2425);
#2424 = CARTESIAN_POINT('',(-0.3,1.E-01));
#2425 = VECTOR('',#2426,1.);
#2426 = DIRECTION('',(1.,3.614007241618E-16));
#2427 = ( GEOMETRIC_REPRESENTATION_CONTEXT(2) 
PARAMETRIC_REPRESENTATION_CONTEXT() REPRESENTATION_CONTEXT('2D SPACE',''
  ) );
#2428 = ADVANCED_FACE('',(#2429),#373,.T.);
#2429 = FACE_BOUND('',#2430,.T.);
#2430 = EDGE_LOOP('',(#2431,#2432,#2433,#2456));
#2431 = ORIENTED_EDGE('',*,*,#357,.F.);
#2432 = ORIENTED_EDGE('',*,*,#2408,.F.);
#2433 = ORIENTED_EDGE('',*,*,#2434,.F.);
#2434 = EDGE_CURVE('',#2435,#2381,#2437,.T.);
#2435 = VERTEX_POINT('',#2436);
#2436 = CARTESIAN_POINT('',(1.01,-0.15,0.2));
#2437 = SURFACE_CURVE('',#2438,(#2442,#2449),.PCURVE_S1.);
#2438 = LINE('',#2439,#2440);
#2439 = CARTESIAN_POINT('',(1.01,-0.15,0.2));
#2440 = VECTOR('',#2441,1.);
#2441 = DIRECTION('',(0.,-1.,0.));
#2442 = PCURVE('',#373,#2443);
#2443 = DEFINITIONAL_REPRESENTATION('',(#2444),#2448);
#2444 = LINE('',#2445,#2446);
#2445 = CARTESIAN_POINT('',(-0.3,-0.1));
#2446 = VECTOR('',#2447,1.);
#2447 = DIRECTION('',(0.,1.));
#2448 = ( GEOMETRIC_REPRESENTATION_CONTEXT(2) 
PARAMETRIC_REPRESENTATION_CONTEXT() REPRESENTATION_CONTEXT('2D SPACE',''
  ) );
#2449 = PCURVE('',#2396,#2450);
#2450 = DEFINITIONAL_REPRESENTATION('',(#2451),#2455);
#2451 = LINE('',#2452,#2453);
#2452 = CARTESIAN_POINT('',(0.,0.));
#2453 = VECTOR('',#2454,1.);
#2454 = DIRECTION('',(-0.,-1.));
#2455 = ( GEOMETRIC_REPRESENTATION_CONTEXT(2) 
PARAMETRIC_REPRESENTATION_CONTEXT() REPRESENTATION_CONTEXT('2D SPACE',''
  ) );
#2456 = ORIENTED_EDGE('',*,*,#2457,.F.);
#2457 = EDGE_CURVE('',#358,#2435,#2458,.T.);
#2458 = SURFACE_CURVE('',#2459,(#2463,#2470),.PCURVE_S1.);
#2459 = LINE('',#2460,#2461);
#2460 = CARTESIAN_POINT('',(1.01,-0.15,0.2));
#2461 = VECTOR('',#2462,1.);
#2462 = DIRECTION('',(1.,-0.,-0.));
#2463 = PCURVE('',#373,#2464);
#2464 = DEFINITIONAL_REPRESENTATION('',(#2465),#2469);
#2465 = LINE('',#2466,#2467);
#2466 = CARTESIAN_POINT('',(-0.3,-0.1));
#2467 = VECTOR('',#2468,1.);
#2468 = DIRECTION('',(-1.,0.));
#2469 = ( GEOMETRIC_REPRESENTATION_CONTEXT(2) 
PARAMETRIC_REPRESENTATION_CONTEXT() REPRESENTATION_CONTEXT('2D SPACE',''
  ) );
#2470 = PCURVE('',#401,#2471);
#2471 = DEFINITIONAL_REPRESENTATION('',(#2472),#2476);
#2472 = LINE('',#2473,#2474);
#2473 = CARTESIAN_POINT('',(0.,0.));
#2474 = VECTOR('',#2475,1.);
#2475 = DIRECTION('',(0.,1.));
#2476 = ( GEOMETRIC_REPRESENTATION_CONTEXT(2) 
PARAMETRIC_REPRESENTATION_CONTEXT() REPRESENTATION_CONTEXT('2D SPACE',''
  ) );
#2477 = ADVANCED_FACE('',(#2478),#401,.T.);
#2478 = FACE_BOUND('',#2479,.T.);
#2479 = EDGE_LOOP('',(#2480,#2503,#2504,#2505,#2506,#2529));
#2480 = ORIENTED_EDGE('',*,*,#2481,.F.);
#2481 = EDGE_CURVE('',#2080,#2482,#2484,.T.);
#2482 = VERTEX_POINT('',#2483);
#2483 = CARTESIAN_POINT('',(0.71,-0.15,0.));
#2484 = SURFACE_CURVE('',#2485,(#2489,#2496),.PCURVE_S1.);
#2485 = LINE('',#2486,#2487);
#2486 = CARTESIAN_POINT('',(0.71,-0.15,0.2));
#2487 = VECTOR('',#2488,1.);
#2488 = DIRECTION('',(-0.,-0.,-1.));
#2489 = PCURVE('',#401,#2490);
#2490 = DEFINITIONAL_REPRESENTATION('',(#2491),#2495);
#2491 = LINE('',#2492,#2493);
#2492 = CARTESIAN_POINT('',(0.,-0.3));
#2493 = VECTOR('',#2494,1.);
#2494 = DIRECTION('',(-1.,0.));
#2495 = ( GEOMETRIC_REPRESENTATION_CONTEXT(2) 
PARAMETRIC_REPRESENTATION_CONTEXT() REPRESENTATION_CONTEXT('2D SPACE',''
  ) );
#2496 = PCURVE('',#2119,#2497);
#2497 = DEFINITIONAL_REPRESENTATION('',(#2498),#2502);
#2498 = LINE('',#2499,#2500);
#2499 = CARTESIAN_POINT('',(1.570796326795,0.));
#2500 = VECTOR('',#2501,1.);
#2501 = DIRECTION('',(0.,1.));
#2502 = ( GEOMETRIC_REPRESENTATION_CONTEXT(2) 
PARAMETRIC_REPRESENTATION_CONTEXT() REPRESENTATION_CONTEXT('2D SPACE',''
  ) );
#2503 = ORIENTED_EDGE('',*,*,#2079,.T.);
#2504 = ORIENTED_EDGE('',*,*,#385,.F.);
#2505 = ORIENTED_EDGE('',*,*,#2457,.T.);
#2506 = ORIENTED_EDGE('',*,*,#2507,.T.);
#2507 = EDGE_CURVE('',#2435,#2508,#2510,.T.);
#2508 = VERTEX_POINT('',#2509);
#2509 = CARTESIAN_POINT('',(1.01,-0.15,0.));
#2510 = SURFACE_CURVE('',#2511,(#2515,#2522),.PCURVE_S1.);
#2511 = LINE('',#2512,#2513);
#2512 = CARTESIAN_POINT('',(1.01,-0.15,0.2));
#2513 = VECTOR('',#2514,1.);
#2514 = DIRECTION('',(-0.,-0.,-1.));
#2515 = PCURVE('',#401,#2516);
#2516 = DEFINITIONAL_REPRESENTATION('',(#2517),#2521);
#2517 = LINE('',#2518,#2519);
#2518 = CARTESIAN_POINT('',(0.,0.));
#2519 = VECTOR('',#2520,1.);
#2520 = DIRECTION('',(-1.,0.));
#2521 = ( GEOMETRIC_REPRESENTATION_CONTEXT(2) 
PARAMETRIC_REPRESENTATION_CONTEXT() REPRESENTATION_CONTEXT('2D SPACE',''
  ) );
#2522 = PCURVE('',#2396,#2523);
#2523 = DEFINITIONAL_REPRESENTATION('',(#2524),#2528);
#2524 = LINE('',#2525,#2526);
#2525 = CARTESIAN_POINT('',(0.,0.));
#2526 = VECTOR('',#2527,1.);
#2527 = DIRECTION('',(1.,-0.));
#2528 = ( GEOMETRIC_REPRESENTATION_CONTEXT(2) 
PARAMETRIC_REPRESENTATION_CONTEXT() REPRESENTATION_CONTEXT('2D SPACE',''
  ) );
#2529 = ORIENTED_EDGE('',*,*,#2530,.F.);
#2530 = EDGE_CURVE('',#2482,#2508,#2531,.T.);
#2531 = SURFACE_CURVE('',#2532,(#2536,#2543),.PCURVE_S1.);
#2532 = LINE('',#2533,#2534);
#2533 = CARTESIAN_POINT('',(1.01,-0.15,0.));
#2534 = VECTOR('',#2535,1.);
#2535 = DIRECTION('',(1.,-0.,-0.));
#2536 = PCURVE('',#401,#2537);
#2537 = DEFINITIONAL_REPRESENTATION('',(#2538),#2542);
#2538 = LINE('',#2539,#2540);
#2539 = CARTESIAN_POINT('',(-0.2,0.));
#2540 = VECTOR('',#2541,1.);
#2541 = DIRECTION('',(0.,1.));
#2542 = ( GEOMETRIC_REPRESENTATION_CONTEXT(2) 
PARAMETRIC_REPRESENTATION_CONTEXT() REPRESENTATION_CONTEXT('2D SPACE',''
  ) );
#2543 = PCURVE('',#2368,#2544);
#2544 = DEFINITIONAL_REPRESENTATION('',(#2545),#2549);
#2545 = LINE('',#2546,#2547);
#2546 = CARTESIAN_POINT('',(-0.3,-0.1));
#2547 = VECTOR('',#2548,1.);
#2548 = DIRECTION('',(-1.,0.));
#2549 = ( GEOMETRIC_REPRESENTATION_CONTEXT(2) 
PARAMETRIC_REPRESENTATION_CONTEXT() REPRESENTATION_CONTEXT('2D SPACE',''
  ) );
#2550 = ADVANCED_FACE('',(#2551),#452,.T.);
#2551 = FACE_BOUND('',#2552,.T.);
#2552 = EDGE_LOOP('',(#2553,#2554,#2555,#2578,#2606,#2634));
#2553 = ORIENTED_EDGE('',*,*,#436,.F.);
#2554 = ORIENTED_EDGE('',*,*,#2057,.T.);
#2555 = ORIENTED_EDGE('',*,*,#2556,.T.);
#2556 = EDGE_CURVE('',#2029,#2557,#2559,.T.);
#2557 = VERTEX_POINT('',#2558);
#2558 = CARTESIAN_POINT('',(0.71,0.15,0.));
#2559 = SURFACE_CURVE('',#2560,(#2564,#2571),.PCURVE_S1.);
#2560 = LINE('',#2561,#2562);
#2561 = CARTESIAN_POINT('',(0.71,0.15,0.2));
#2562 = VECTOR('',#2563,1.);
#2563 = DIRECTION('',(-0.,-0.,-1.));
#2564 = PCURVE('',#452,#2565);
#2565 = DEFINITIONAL_REPRESENTATION('',(#2566),#2570);
#2566 = LINE('',#2567,#2568);
#2567 = CARTESIAN_POINT('',(-0.3,0.));
#2568 = VECTOR('',#2569,1.);
#2569 = DIRECTION('',(0.,-1.));
#2570 = ( GEOMETRIC_REPRESENTATION_CONTEXT(2) 
PARAMETRIC_REPRESENTATION_CONTEXT() REPRESENTATION_CONTEXT('2D SPACE',''
  ) );
#2571 = PCURVE('',#2045,#2572);
#2572 = DEFINITIONAL_REPRESENTATION('',(#2573),#2577);
#2573 = LINE('',#2574,#2575);
#2574 = CARTESIAN_POINT('',(4.712388980385,0.));
#2575 = VECTOR('',#2576,1.);
#2576 = DIRECTION('',(0.,1.));
#2577 = ( GEOMETRIC_REPRESENTATION_CONTEXT(2) 
PARAMETRIC_REPRESENTATION_CONTEXT() REPRESENTATION_CONTEXT('2D SPACE',''
  ) );
#2578 = ORIENTED_EDGE('',*,*,#2579,.F.);
#2579 = EDGE_CURVE('',#2580,#2557,#2582,.T.);
#2580 = VERTEX_POINT('',#2581);
#2581 = CARTESIAN_POINT('',(1.01,0.15,0.));
#2582 = SURFACE_CURVE('',#2583,(#2587,#2594),.PCURVE_S1.);
#2583 = LINE('',#2584,#2585);
#2584 = CARTESIAN_POINT('',(1.01,0.15,0.));
#2585 = VECTOR('',#2586,1.);
#2586 = DIRECTION('',(-1.,-3.614007241618E-16,0.));
#2587 = PCURVE('',#452,#2588);
#2588 = DEFINITIONAL_REPRESENTATION('',(#2589),#2593);
#2589 = LINE('',#2590,#2591);
#2590 = CARTESIAN_POINT('',(0.,-0.2));
#2591 = VECTOR('',#2592,1.);
#2592 = DIRECTION('',(-1.,0.));
#2593 = ( GEOMETRIC_REPRESENTATION_CONTEXT(2) 
PARAMETRIC_REPRESENTATION_CONTEXT() REPRESENTATION_CONTEXT('2D SPACE',''
  ) );
#2594 = PCURVE('',#2595,#2600);
#2595 = PLANE('',#2596);
#2596 = AXIS2_PLACEMENT_3D('',#2597,#2598,#2599);
#2597 = CARTESIAN_POINT('',(0.71,0.25,0.));
#2598 = DIRECTION('',(0.,0.,1.));
#2599 = DIRECTION('',(-1.,0.,0.));
#2600 = DEFINITIONAL_REPRESENTATION('',(#2601),#2605);
#2601 = LINE('',#2602,#2603);
#2602 = CARTESIAN_POINT('',(-0.3,1.E-01));
#2603 = VECTOR('',#2604,1.);
#2604 = DIRECTION('',(1.,3.614007241618E-16));
#2605 = ( GEOMETRIC_REPRESENTATION_CONTEXT(2) 
PARAMETRIC_REPRESENTATION_CONTEXT() REPRESENTATION_CONTEXT('2D SPACE',''
  ) );
#2606 = ORIENTED_EDGE('',*,*,#2607,.F.);
#2607 = EDGE_CURVE('',#2608,#2580,#2610,.T.);
#2608 = VERTEX_POINT('',#2609);
#2609 = CARTESIAN_POINT('',(1.01,0.15,0.2));
#2610 = SURFACE_CURVE('',#2611,(#2615,#2622),.PCURVE_S1.);
#2611 = LINE('',#2612,#2613);
#2612 = CARTESIAN_POINT('',(1.01,0.15,0.2));
#2613 = VECTOR('',#2614,1.);
#2614 = DIRECTION('',(-0.,-0.,-1.));
#2615 = PCURVE('',#452,#2616);
#2616 = DEFINITIONAL_REPRESENTATION('',(#2617),#2621);
#2617 = LINE('',#2618,#2619);
#2618 = CARTESIAN_POINT('',(0.,0.));
#2619 = VECTOR('',#2620,1.);
#2620 = DIRECTION('',(0.,-1.));
#2621 = ( GEOMETRIC_REPRESENTATION_CONTEXT(2) 
PARAMETRIC_REPRESENTATION_CONTEXT() REPRESENTATION_CONTEXT('2D SPACE',''
  ) );
#2622 = PCURVE('',#2623,#2628);
#2623 = PLANE('',#2624);
#2624 = AXIS2_PLACEMENT_3D('',#2625,#2626,#2627);
#2625 = CARTESIAN_POINT('',(1.01,0.35,0.2));
#2626 = DIRECTION('',(1.,0.,-0.));
#2627 = DIRECTION('',(-0.,0.,-1.));
#2628 = DEFINITIONAL_REPRESENTATION('',(#2629),#2633);
#2629 = LINE('',#2630,#2631);
#2630 = CARTESIAN_POINT('',(-0.,-0.2));
#2631 = VECTOR('',#2632,1.);
#2632 = DIRECTION('',(1.,-0.));
#2633 = ( GEOMETRIC_REPRESENTATION_CONTEXT(2) 
PARAMETRIC_REPRESENTATION_CONTEXT() REPRESENTATION_CONTEXT('2D SPACE',''
  ) );
#2634 = ORIENTED_EDGE('',*,*,#2635,.T.);
#2635 = EDGE_CURVE('',#2608,#437,#2636,.T.);
#2636 = SURFACE_CURVE('',#2637,(#2641,#2648),.PCURVE_S1.);
#2637 = LINE('',#2638,#2639);
#2638 = CARTESIAN_POINT('',(1.01,0.15,0.2));
#2639 = VECTOR('',#2640,1.);
#2640 = DIRECTION('',(-1.,-3.614007241618E-16,0.));
#2641 = PCURVE('',#452,#2642);
#2642 = DEFINITIONAL_REPRESENTATION('',(#2643),#2647);
#2643 = LINE('',#2644,#2645);
#2644 = CARTESIAN_POINT('',(0.,0.));
#2645 = VECTOR('',#2646,1.);
#2646 = DIRECTION('',(-1.,0.));
#2647 = ( GEOMETRIC_REPRESENTATION_CONTEXT(2) 
PARAMETRIC_REPRESENTATION_CONTEXT() REPRESENTATION_CONTEXT('2D SPACE',''
  ) );
#2648 = PCURVE('',#480,#2649);
#2649 = DEFINITIONAL_REPRESENTATION('',(#2650),#2654);
#2650 = LINE('',#2651,#2652);
#2651 = CARTESIAN_POINT('',(-0.3,1.E-01));
#2652 = VECTOR('',#2653,1.);
#2653 = DIRECTION('',(1.,3.614007241618E-16));
#2654 = ( GEOMETRIC_REPRESENTATION_CONTEXT(2) 
PARAMETRIC_REPRESENTATION_CONTEXT() REPRESENTATION_CONTEXT('2D SPACE',''
  ) );
#2655 = ADVANCED_FACE('',(#2656),#480,.T.);
#2656 = FACE_BOUND('',#2657,.T.);
#2657 = EDGE_LOOP('',(#2658,#2659,#2660,#2683));
#2658 = ORIENTED_EDGE('',*,*,#464,.F.);
#2659 = ORIENTED_EDGE('',*,*,#2635,.F.);
#2660 = ORIENTED_EDGE('',*,*,#2661,.F.);
#2661 = EDGE_CURVE('',#2662,#2608,#2664,.T.);
#2662 = VERTEX_POINT('',#2663);
#2663 = CARTESIAN_POINT('',(1.01,0.35,0.2));
#2664 = SURFACE_CURVE('',#2665,(#2669,#2676),.PCURVE_S1.);
#2665 = LINE('',#2666,#2667);
#2666 = CARTESIAN_POINT('',(1.01,0.35,0.2));
#2667 = VECTOR('',#2668,1.);
#2668 = DIRECTION('',(0.,-1.,0.));
#2669 = PCURVE('',#480,#2670);
#2670 = DEFINITIONAL_REPRESENTATION('',(#2671),#2675);
#2671 = LINE('',#2672,#2673);
#2672 = CARTESIAN_POINT('',(-0.3,-0.1));
#2673 = VECTOR('',#2674,1.);
#2674 = DIRECTION('',(0.,1.));
#2675 = ( GEOMETRIC_REPRESENTATION_CONTEXT(2) 
PARAMETRIC_REPRESENTATION_CONTEXT() REPRESENTATION_CONTEXT('2D SPACE',''
  ) );
#2676 = PCURVE('',#2623,#2677);
#2677 = DEFINITIONAL_REPRESENTATION('',(#2678),#2682);
#2678 = LINE('',#2679,#2680);
#2679 = CARTESIAN_POINT('',(0.,0.));
#2680 = VECTOR('',#2681,1.);
#2681 = DIRECTION('',(-0.,-1.));
#2682 = ( GEOMETRIC_REPRESENTATION_CONTEXT(2) 
PARAMETRIC_REPRESENTATION_CONTEXT() REPRESENTATION_CONTEXT('2D SPACE',''
  ) );
#2683 = ORIENTED_EDGE('',*,*,#2684,.F.);
#2684 = EDGE_CURVE('',#465,#2662,#2685,.T.);
#2685 = SURFACE_CURVE('',#2686,(#2690,#2697),.PCURVE_S1.);
#2686 = LINE('',#2687,#2688);
#2687 = CARTESIAN_POINT('',(1.01,0.35,0.2));
#2688 = VECTOR('',#2689,1.);
#2689 = DIRECTION('',(1.,-0.,-0.));
#2690 = PCURVE('',#480,#2691);
#2691 = DEFINITIONAL_REPRESENTATION('',(#2692),#2696);
#2692 = LINE('',#2693,#2694);
#2693 = CARTESIAN_POINT('',(-0.3,-0.1));
#2694 = VECTOR('',#2695,1.);
#2695 = DIRECTION('',(-1.,0.));
#2696 = ( GEOMETRIC_REPRESENTATION_CONTEXT(2) 
PARAMETRIC_REPRESENTATION_CONTEXT() REPRESENTATION_CONTEXT('2D SPACE',''
  ) );
#2697 = PCURVE('',#508,#2698);
#2698 = DEFINITIONAL_REPRESENTATION('',(#2699),#2703);
#2699 = LINE('',#2700,#2701);
#2700 = CARTESIAN_POINT('',(0.,0.));
#2701 = VECTOR('',#2702,1.);
#2702 = DIRECTION('',(0.,1.));
#2703 = ( GEOMETRIC_REPRESENTATION_CONTEXT(2) 
PARAMETRIC_REPRESENTATION_CONTEXT() REPRESENTATION_CONTEXT('2D SPACE',''
  ) );
#2704 = ADVANCED_FACE('',(#2705),#508,.T.);
#2705 = FACE_BOUND('',#2706,.T.);
#2706 = EDGE_LOOP('',(#2707,#2730,#2731,#2732,#2733,#2756));
#2707 = ORIENTED_EDGE('',*,*,#2708,.F.);
#2708 = EDGE_CURVE('',#1977,#2709,#2711,.T.);
#2709 = VERTEX_POINT('',#2710);
#2710 = CARTESIAN_POINT('',(0.71,0.35,0.));
#2711 = SURFACE_CURVE('',#2712,(#2716,#2723),.PCURVE_S1.);
#2712 = LINE('',#2713,#2714);
#2713 = CARTESIAN_POINT('',(0.71,0.35,0.2));
#2714 = VECTOR('',#2715,1.);
#2715 = DIRECTION('',(-0.,-0.,-1.));
#2716 = PCURVE('',#508,#2717);
#2717 = DEFINITIONAL_REPRESENTATION('',(#2718),#2722);
#2718 = LINE('',#2719,#2720);
#2719 = CARTESIAN_POINT('',(0.,-0.3));
#2720 = VECTOR('',#2721,1.);
#2721 = DIRECTION('',(-1.,0.));
#2722 = ( GEOMETRIC_REPRESENTATION_CONTEXT(2) 
PARAMETRIC_REPRESENTATION_CONTEXT() REPRESENTATION_CONTEXT('2D SPACE',''
  ) );
#2723 = PCURVE('',#2016,#2724);
#2724 = DEFINITIONAL_REPRESENTATION('',(#2725),#2729);
#2725 = LINE('',#2726,#2727);
#2726 = CARTESIAN_POINT('',(1.570796326795,0.));
#2727 = VECTOR('',#2728,1.);
#2728 = DIRECTION('',(0.,1.));
#2729 = ( GEOMETRIC_REPRESENTATION_CONTEXT(2) 
PARAMETRIC_REPRESENTATION_CONTEXT() REPRESENTATION_CONTEXT('2D SPACE',''
  ) );
#2730 = ORIENTED_EDGE('',*,*,#1976,.T.);
#2731 = ORIENTED_EDGE('',*,*,#492,.F.);
#2732 = ORIENTED_EDGE('',*,*,#2684,.T.);
#2733 = ORIENTED_EDGE('',*,*,#2734,.T.);
#2734 = EDGE_CURVE('',#2662,#2735,#2737,.T.);
#2735 = VERTEX_POINT('',#2736);
#2736 = CARTESIAN_POINT('',(1.01,0.35,0.));
#2737 = SURFACE_CURVE('',#2738,(#2742,#2749),.PCURVE_S1.);
#2738 = LINE('',#2739,#2740);
#2739 = CARTESIAN_POINT('',(1.01,0.35,0.2));
#2740 = VECTOR('',#2741,1.);
#2741 = DIRECTION('',(-0.,-0.,-1.));
#2742 = PCURVE('',#508,#2743);
#2743 = DEFINITIONAL_REPRESENTATION('',(#2744),#2748);
#2744 = LINE('',#2745,#2746);
#2745 = CARTESIAN_POINT('',(0.,0.));
#2746 = VECTOR('',#2747,1.);
#2747 = DIRECTION('',(-1.,0.));
#2748 = ( GEOMETRIC_REPRESENTATION_CONTEXT(2) 
PARAMETRIC_REPRESENTATION_CONTEXT() REPRESENTATION_CONTEXT('2D SPACE',''
  ) );
#2749 = PCURVE('',#2623,#2750);
#2750 = DEFINITIONAL_REPRESENTATION('',(#2751),#2755);
#2751 = LINE('',#2752,#2753);
#2752 = CARTESIAN_POINT('',(0.,0.));
#2753 = VECTOR('',#2754,1.);
#2754 = DIRECTION('',(1.,-0.));
#2755 = ( GEOMETRIC_REPRESENTATION_CONTEXT(2) 
PARAMETRIC_REPRESENTATION_CONTEXT() REPRESENTATION_CONTEXT('2D SPACE',''
  ) );
#2756 = ORIENTED_EDGE('',*,*,#2757,.F.);
#2757 = EDGE_CURVE('',#2709,#2735,#2758,.T.);
#2758 = SURFACE_CURVE('',#2759,(#2763,#2770),.PCURVE_S1.);
#2759 = LINE('',#2760,#2761);
#2760 = CARTESIAN_POINT('',(1.01,0.35,0.));
#2761 = VECTOR('',#2762,1.);
#2762 = DIRECTION('',(1.,-0.,-0.));
#2763 = PCURVE('',#508,#2764);
#2764 = DEFINITIONAL_REPRESENTATION('',(#2765),#2769);
#2765 = LINE('',#2766,#2767);
#2766 = CARTESIAN_POINT('',(-0.2,0.));
#2767 = VECTOR('',#2768,1.);
#2768 = DIRECTION('',(0.,1.));
#2769 = ( GEOMETRIC_REPRESENTATION_CONTEXT(2) 
PARAMETRIC_REPRESENTATION_CONTEXT() REPRESENTATION_CONTEXT('2D SPACE',''
  ) );
#2770 = PCURVE('',#2595,#2771);
#2771 = DEFINITIONAL_REPRESENTATION('',(#2772),#2776);
#2772 = LINE('',#2773,#2774);
#2773 = CARTESIAN_POINT('',(-0.3,-0.1));
#2774 = VECTOR('',#2775,1.);
#2775 = DIRECTION('',(-1.,0.));
#2776 = ( GEOMETRIC_REPRESENTATION_CONTEXT(2) 
PARAMETRIC_REPRESENTATION_CONTEXT() REPRESENTATION_CONTEXT('2D SPACE',''
  ) );
#2777 = ADVANCED_FACE('',(#2778),#559,.T.);
#2778 = FACE_BOUND('',#2779,.T.);
#2779 = EDGE_LOOP('',(#2780,#2781,#2782,#2805,#2833,#2861));
#2780 = ORIENTED_EDGE('',*,*,#543,.F.);
#2781 = ORIENTED_EDGE('',*,*,#1954,.T.);
#2782 = ORIENTED_EDGE('',*,*,#2783,.T.);
#2783 = EDGE_CURVE('',#1926,#2784,#2786,.T.);
#2784 = VERTEX_POINT('',#2785);
#2785 = CARTESIAN_POINT('',(0.71,0.65,0.));
#2786 = SURFACE_CURVE('',#2787,(#2791,#2798),.PCURVE_S1.);
#2787 = LINE('',#2788,#2789);
#2788 = CARTESIAN_POINT('',(0.71,0.65,0.2));
#2789 = VECTOR('',#2790,1.);
#2790 = DIRECTION('',(-0.,-0.,-1.));
#2791 = PCURVE('',#559,#2792);
#2792 = DEFINITIONAL_REPRESENTATION('',(#2793),#2797);
#2793 = LINE('',#2794,#2795);
#2794 = CARTESIAN_POINT('',(-0.3,0.));
#2795 = VECTOR('',#2796,1.);
#2796 = DIRECTION('',(0.,-1.));
#2797 = ( GEOMETRIC_REPRESENTATION_CONTEXT(2) 
PARAMETRIC_REPRESENTATION_CONTEXT() REPRESENTATION_CONTEXT('2D SPACE',''
  ) );
#2798 = PCURVE('',#1942,#2799);
#2799 = DEFINITIONAL_REPRESENTATION('',(#2800),#2804);
#2800 = LINE('',#2801,#2802);
#2801 = CARTESIAN_POINT('',(4.712388980385,0.));
#2802 = VECTOR('',#2803,1.);
#2803 = DIRECTION('',(0.,1.));
#2804 = ( GEOMETRIC_REPRESENTATION_CONTEXT(2) 
PARAMETRIC_REPRESENTATION_CONTEXT() REPRESENTATION_CONTEXT('2D SPACE',''
  ) );
#2805 = ORIENTED_EDGE('',*,*,#2806,.F.);
#2806 = EDGE_CURVE('',#2807,#2784,#2809,.T.);
#2807 = VERTEX_POINT('',#2808);
#2808 = CARTESIAN_POINT('',(1.01,0.65,0.));
#2809 = SURFACE_CURVE('',#2810,(#2814,#2821),.PCURVE_S1.);
#2810 = LINE('',#2811,#2812);
#2811 = CARTESIAN_POINT('',(1.01,0.65,0.));
#2812 = VECTOR('',#2813,1.);
#2813 = DIRECTION('',(-1.,-3.614007241618E-16,0.));
#2814 = PCURVE('',#559,#2815);
#2815 = DEFINITIONAL_REPRESENTATION('',(#2816),#2820);
#2816 = LINE('',#2817,#2818);
#2817 = CARTESIAN_POINT('',(0.,-0.2));
#2818 = VECTOR('',#2819,1.);
#2819 = DIRECTION('',(-1.,0.));
#2820 = ( GEOMETRIC_REPRESENTATION_CONTEXT(2) 
PARAMETRIC_REPRESENTATION_CONTEXT() REPRESENTATION_CONTEXT('2D SPACE',''
  ) );
#2821 = PCURVE('',#2822,#2827);
#2822 = PLANE('',#2823);
#2823 = AXIS2_PLACEMENT_3D('',#2824,#2825,#2826);
#2824 = CARTESIAN_POINT('',(0.71,0.75,0.));
#2825 = DIRECTION('',(0.,0.,1.));
#2826 = DIRECTION('',(-1.,0.,0.));
#2827 = DEFINITIONAL_REPRESENTATION('',(#2828),#2832);
#2828 = LINE('',#2829,#2830);
#2829 = CARTESIAN_POINT('',(-0.3,1.E-01));
#2830 = VECTOR('',#2831,1.);
#2831 = DIRECTION('',(1.,3.614007241618E-16));
#2832 = ( GEOMETRIC_REPRESENTATION_CONTEXT(2) 
PARAMETRIC_REPRESENTATION_CONTEXT() REPRESENTATION_CONTEXT('2D SPACE',''
  ) );
#2833 = ORIENTED_EDGE('',*,*,#2834,.F.);
#2834 = EDGE_CURVE('',#2835,#2807,#2837,.T.);
#2835 = VERTEX_POINT('',#2836);
#2836 = CARTESIAN_POINT('',(1.01,0.65,0.2));
#2837 = SURFACE_CURVE('',#2838,(#2842,#2849),.PCURVE_S1.);
#2838 = LINE('',#2839,#2840);
#2839 = CARTESIAN_POINT('',(1.01,0.65,0.2));
#2840 = VECTOR('',#2841,1.);
#2841 = DIRECTION('',(-0.,-0.,-1.));
#2842 = PCURVE('',#559,#2843);
#2843 = DEFINITIONAL_REPRESENTATION('',(#2844),#2848);
#2844 = LINE('',#2845,#2846);
#2845 = CARTESIAN_POINT('',(0.,0.));
#2846 = VECTOR('',#2847,1.);
#2847 = DIRECTION('',(0.,-1.));
#2848 = ( GEOMETRIC_REPRESENTATION_CONTEXT(2) 
PARAMETRIC_REPRESENTATION_CONTEXT() REPRESENTATION_CONTEXT('2D SPACE',''
  ) );
#2849 = PCURVE('',#2850,#2855);
#2850 = PLANE('',#2851);
#2851 = AXIS2_PLACEMENT_3D('',#2852,#2853,#2854);
#2852 = CARTESIAN_POINT('',(1.01,0.85,0.2));
#2853 = DIRECTION('',(1.,0.,-0.));
#2854 = DIRECTION('',(-0.,0.,-1.));
#2855 = DEFINITIONAL_REPRESENTATION('',(#2856),#2860);
#2856 = LINE('',#2857,#2858);
#2857 = CARTESIAN_POINT('',(-0.,-0.2));
#2858 = VECTOR('',#2859,1.);
#2859 = DIRECTION('',(1.,-0.));
#2860 = ( GEOMETRIC_REPRESENTATION_CONTEXT(2) 
PARAMETRIC_REPRESENTATION_CONTEXT() REPRESENTATION_CONTEXT('2D SPACE',''
  ) );
#2861 = ORIENTED_EDGE('',*,*,#2862,.T.);
#2862 = EDGE_CURVE('',#2835,#544,#2863,.T.);
#2863 = SURFACE_CURVE('',#2864,(#2868,#2875),.PCURVE_S1.);
#2864 = LINE('',#2865,#2866);
#2865 = CARTESIAN_POINT('',(1.01,0.65,0.2));
#2866 = VECTOR('',#2867,1.);
#2867 = DIRECTION('',(-1.,-3.614007241618E-16,0.));
#2868 = PCURVE('',#559,#2869);
#2869 = DEFINITIONAL_REPRESENTATION('',(#2870),#2874);
#2870 = LINE('',#2871,#2872);
#2871 = CARTESIAN_POINT('',(0.,0.));
#2872 = VECTOR('',#2873,1.);
#2873 = DIRECTION('',(-1.,0.));
#2874 = ( GEOMETRIC_REPRESENTATION_CONTEXT(2) 
PARAMETRIC_REPRESENTATION_CONTEXT() REPRESENTATION_CONTEXT('2D SPACE',''
  ) );
#2875 = PCURVE('',#587,#2876);
#2876 = DEFINITIONAL_REPRESENTATION('',(#2877),#2881);
#2877 = LINE('',#2878,#2879);
#2878 = CARTESIAN_POINT('',(-0.3,1.E-01));
#2879 = VECTOR('',#2880,1.);
#2880 = DIRECTION('',(1.,3.614007241618E-16));
#2881 = ( GEOMETRIC_REPRESENTATION_CONTEXT(2) 
PARAMETRIC_REPRESENTATION_CONTEXT() REPRESENTATION_CONTEXT('2D SPACE',''
  ) );
#2882 = ADVANCED_FACE('',(#2883),#587,.T.);
#2883 = FACE_BOUND('',#2884,.T.);
#2884 = EDGE_LOOP('',(#2885,#2886,#2887,#2910));
#2885 = ORIENTED_EDGE('',*,*,#571,.F.);
#2886 = ORIENTED_EDGE('',*,*,#2862,.F.);
#2887 = ORIENTED_EDGE('',*,*,#2888,.F.);
#2888 = EDGE_CURVE('',#2889,#2835,#2891,.T.);
#2889 = VERTEX_POINT('',#2890);
#2890 = CARTESIAN_POINT('',(1.01,0.85,0.2));
#2891 = SURFACE_CURVE('',#2892,(#2896,#2903),.PCURVE_S1.);
#2892 = LINE('',#2893,#2894);
#2893 = CARTESIAN_POINT('',(1.01,0.85,0.2));
#2894 = VECTOR('',#2895,1.);
#2895 = DIRECTION('',(0.,-1.,0.));
#2896 = PCURVE('',#587,#2897);
#2897 = DEFINITIONAL_REPRESENTATION('',(#2898),#2902);
#2898 = LINE('',#2899,#2900);
#2899 = CARTESIAN_POINT('',(-0.3,-0.1));
#2900 = VECTOR('',#2901,1.);
#2901 = DIRECTION('',(0.,1.));
#2902 = ( GEOMETRIC_REPRESENTATION_CONTEXT(2) 
PARAMETRIC_REPRESENTATION_CONTEXT() REPRESENTATION_CONTEXT('2D SPACE',''
  ) );
#2903 = PCURVE('',#2850,#2904);
#2904 = DEFINITIONAL_REPRESENTATION('',(#2905),#2909);
#2905 = LINE('',#2906,#2907);
#2906 = CARTESIAN_POINT('',(0.,0.));
#2907 = VECTOR('',#2908,1.);
#2908 = DIRECTION('',(-0.,-1.));
#2909 = ( GEOMETRIC_REPRESENTATION_CONTEXT(2) 
PARAMETRIC_REPRESENTATION_CONTEXT() REPRESENTATION_CONTEXT('2D SPACE',''
  ) );
#2910 = ORIENTED_EDGE('',*,*,#2911,.F.);
#2911 = EDGE_CURVE('',#572,#2889,#2912,.T.);
#2912 = SURFACE_CURVE('',#2913,(#2917,#2924),.PCURVE_S1.);
#2913 = LINE('',#2914,#2915);
#2914 = CARTESIAN_POINT('',(1.01,0.85,0.2));
#2915 = VECTOR('',#2916,1.);
#2916 = DIRECTION('',(1.,-0.,-0.));
#2917 = PCURVE('',#587,#2918);
#2918 = DEFINITIONAL_REPRESENTATION('',(#2919),#2923);
#2919 = LINE('',#2920,#2921);
#2920 = CARTESIAN_POINT('',(-0.3,-0.1));
#2921 = VECTOR('',#2922,1.);
#2922 = DIRECTION('',(-1.,0.));
#2923 = ( GEOMETRIC_REPRESENTATION_CONTEXT(2) 
PARAMETRIC_REPRESENTATION_CONTEXT() REPRESENTATION_CONTEXT('2D SPACE',''
  ) );
#2924 = PCURVE('',#615,#2925);
#2925 = DEFINITIONAL_REPRESENTATION('',(#2926),#2930);
#2926 = LINE('',#2927,#2928);
#2927 = CARTESIAN_POINT('',(0.,0.));
#2928 = VECTOR('',#2929,1.);
#2929 = DIRECTION('',(0.,1.));
#2930 = ( GEOMETRIC_REPRESENTATION_CONTEXT(2) 
PARAMETRIC_REPRESENTATION_CONTEXT() REPRESENTATION_CONTEXT('2D SPACE',''
  ) );
#2931 = ADVANCED_FACE('',(#2932),#615,.T.);
#2932 = FACE_BOUND('',#2933,.T.);
#2933 = EDGE_LOOP('',(#2934,#2957,#2958,#2959,#2960,#2983));
#2934 = ORIENTED_EDGE('',*,*,#2935,.F.);
#2935 = EDGE_CURVE('',#1874,#2936,#2938,.T.);
#2936 = VERTEX_POINT('',#2937);
#2937 = CARTESIAN_POINT('',(0.71,0.85,0.));
#2938 = SURFACE_CURVE('',#2939,(#2943,#2950),.PCURVE_S1.);
#2939 = LINE('',#2940,#2941);
#2940 = CARTESIAN_POINT('',(0.71,0.85,0.2));
#2941 = VECTOR('',#2942,1.);
#2942 = DIRECTION('',(-0.,-0.,-1.));
#2943 = PCURVE('',#615,#2944);
#2944 = DEFINITIONAL_REPRESENTATION('',(#2945),#2949);
#2945 = LINE('',#2946,#2947);
#2946 = CARTESIAN_POINT('',(0.,-0.3));
#2947 = VECTOR('',#2948,1.);
#2948 = DIRECTION('',(-1.,0.));
#2949 = ( GEOMETRIC_REPRESENTATION_CONTEXT(2) 
PARAMETRIC_REPRESENTATION_CONTEXT() REPRESENTATION_CONTEXT('2D SPACE',''
  ) );
#2950 = PCURVE('',#1913,#2951);
#2951 = DEFINITIONAL_REPRESENTATION('',(#2952),#2956);
#2952 = LINE('',#2953,#2954);
#2953 = CARTESIAN_POINT('',(1.570796326795,0.));
#2954 = VECTOR('',#2955,1.);
#2955 = DIRECTION('',(0.,1.));
#2956 = ( GEOMETRIC_REPRESENTATION_CONTEXT(2) 
PARAMETRIC_REPRESENTATION_CONTEXT() REPRESENTATION_CONTEXT('2D SPACE',''
  ) );
#2957 = ORIENTED_EDGE('',*,*,#1873,.T.);
#2958 = ORIENTED_EDGE('',*,*,#599,.F.);
#2959 = ORIENTED_EDGE('',*,*,#2911,.T.);
#2960 = ORIENTED_EDGE('',*,*,#2961,.T.);
#2961 = EDGE_CURVE('',#2889,#2962,#2964,.T.);
#2962 = VERTEX_POINT('',#2963);
#2963 = CARTESIAN_POINT('',(1.01,0.85,0.));
#2964 = SURFACE_CURVE('',#2965,(#2969,#2976),.PCURVE_S1.);
#2965 = LINE('',#2966,#2967);
#2966 = CARTESIAN_POINT('',(1.01,0.85,0.2));
#2967 = VECTOR('',#2968,1.);
#2968 = DIRECTION('',(-0.,-0.,-1.));
#2969 = PCURVE('',#615,#2970);
#2970 = DEFINITIONAL_REPRESENTATION('',(#2971),#2975);
#2971 = LINE('',#2972,#2973);
#2972 = CARTESIAN_POINT('',(0.,0.));
#2973 = VECTOR('',#2974,1.);
#2974 = DIRECTION('',(-1.,0.));
#2975 = ( GEOMETRIC_REPRESENTATION_CONTEXT(2) 
PARAMETRIC_REPRESENTATION_CONTEXT() REPRESENTATION_CONTEXT('2D SPACE',''
  ) );
#2976 = PCURVE('',#2850,#2977);
#2977 = DEFINITIONAL_REPRESENTATION('',(#2978),#2982);
#2978 = LINE('',#2979,#2980);
#2979 = CARTESIAN_POINT('',(0.,0.));
#2980 = VECTOR('',#2981,1.);
#2981 = DIRECTION('',(1.,-0.));
#2982 = ( GEOMETRIC_REPRESENTATION_CONTEXT(2) 
PARAMETRIC_REPRESENTATION_CONTEXT() REPRESENTATION_CONTEXT('2D SPACE',''
  ) );
#2983 = ORIENTED_EDGE('',*,*,#2984,.F.);
#2984 = EDGE_CURVE('',#2936,#2962,#2985,.T.);
#2985 = SURFACE_CURVE('',#2986,(#2990,#2997),.PCURVE_S1.);
#2986 = LINE('',#2987,#2988);
#2987 = CARTESIAN_POINT('',(1.01,0.85,0.));
#2988 = VECTOR('',#2989,1.);
#2989 = DIRECTION('',(1.,-0.,-0.));
#2990 = PCURVE('',#615,#2991);
#2991 = DEFINITIONAL_REPRESENTATION('',(#2992),#2996);
#2992 = LINE('',#2993,#2994);
#2993 = CARTESIAN_POINT('',(-0.2,0.));
#2994 = VECTOR('',#2995,1.);
#2995 = DIRECTION('',(0.,1.));
#2996 = ( GEOMETRIC_REPRESENTATION_CONTEXT(2) 
PARAMETRIC_REPRESENTATION_CONTEXT() REPRESENTATION_CONTEXT('2D SPACE',''
  ) );
#2997 = PCURVE('',#2822,#2998);
#2998 = DEFINITIONAL_REPRESENTATION('',(#2999),#3003);
#2999 = LINE('',#3000,#3001);
#3000 = CARTESIAN_POINT('',(-0.3,-0.1));
#3001 = VECTOR('',#3002,1.);
#3002 = DIRECTION('',(-1.,0.));
#3003 = ( GEOMETRIC_REPRESENTATION_CONTEXT(2) 
PARAMETRIC_REPRESENTATION_CONTEXT() REPRESENTATION_CONTEXT('2D SPACE',''
  ) );
#3004 = ADVANCED_FACE('',(#3005),#732,.T.);
#3005 = FACE_BOUND('',#3006,.T.);
#3006 = EDGE_LOOP('',(#3007,#3008,#3009,#3032,#3055,#3076));
#3007 = ORIENTED_EDGE('',*,*,#718,.F.);
#3008 = ORIENTED_EDGE('',*,*,#1535,.T.);
#3009 = ORIENTED_EDGE('',*,*,#3010,.T.);
#3010 = EDGE_CURVE('',#1507,#3011,#3013,.T.);
#3011 = VERTEX_POINT('',#3012);
#3012 = CARTESIAN_POINT('',(0.71,-0.85,0.));
#3013 = SURFACE_CURVE('',#3014,(#3018,#3025),.PCURVE_S1.);
#3014 = LINE('',#3015,#3016);
#3015 = CARTESIAN_POINT('',(0.71,-0.85,0.2));
#3016 = VECTOR('',#3017,1.);
#3017 = DIRECTION('',(-0.,-0.,-1.));
#3018 = PCURVE('',#732,#3019);
#3019 = DEFINITIONAL_REPRESENTATION('',(#3020),#3024);
#3020 = LINE('',#3021,#3022);
#3021 = CARTESIAN_POINT('',(-0.3,0.));
#3022 = VECTOR('',#3023,1.);
#3023 = DIRECTION('',(0.,-1.));
#3024 = ( GEOMETRIC_REPRESENTATION_CONTEXT(2) 
PARAMETRIC_REPRESENTATION_CONTEXT() REPRESENTATION_CONTEXT('2D SPACE',''
  ) );
#3025 = PCURVE('',#1523,#3026);
#3026 = DEFINITIONAL_REPRESENTATION('',(#3027),#3031);
#3027 = LINE('',#3028,#3029);
#3028 = CARTESIAN_POINT('',(4.712388980385,0.));
#3029 = VECTOR('',#3030,1.);
#3030 = DIRECTION('',(0.,1.));
#3031 = ( GEOMETRIC_REPRESENTATION_CONTEXT(2) 
PARAMETRIC_REPRESENTATION_CONTEXT() REPRESENTATION_CONTEXT('2D SPACE',''
  ) );
#3032 = ORIENTED_EDGE('',*,*,#3033,.F.);
#3033 = EDGE_CURVE('',#3034,#3011,#3036,.T.);
#3034 = VERTEX_POINT('',#3035);
#3035 = CARTESIAN_POINT('',(1.01,-0.85,0.));
#3036 = SURFACE_CURVE('',#3037,(#3041,#3048),.PCURVE_S1.);
#3037 = LINE('',#3038,#3039);
#3038 = CARTESIAN_POINT('',(1.01,-0.85,0.));
#3039 = VECTOR('',#3040,1.);
#3040 = DIRECTION('',(-1.,-3.614007241618E-16,0.));
#3041 = PCURVE('',#732,#3042);
#3042 = DEFINITIONAL_REPRESENTATION('',(#3043),#3047);
#3043 = LINE('',#3044,#3045);
#3044 = CARTESIAN_POINT('',(0.,-0.2));
#3045 = VECTOR('',#3046,1.);
#3046 = DIRECTION('',(-1.,0.));
#3047 = ( GEOMETRIC_REPRESENTATION_CONTEXT(2) 
PARAMETRIC_REPRESENTATION_CONTEXT() REPRESENTATION_CONTEXT('2D SPACE',''
  ) );
#3048 = PCURVE('',#1466,#3049);
#3049 = DEFINITIONAL_REPRESENTATION('',(#3050),#3054);
#3050 = LINE('',#3051,#3052);
#3051 = CARTESIAN_POINT('',(-0.3,1.E-01));
#3052 = VECTOR('',#3053,1.);
#3053 = DIRECTION('',(1.,3.614007241618E-16));
#3054 = ( GEOMETRIC_REPRESENTATION_CONTEXT(2) 
PARAMETRIC_REPRESENTATION_CONTEXT() REPRESENTATION_CONTEXT('2D SPACE',''
  ) );
#3055 = ORIENTED_EDGE('',*,*,#3056,.F.);
#3056 = EDGE_CURVE('',#1302,#3034,#3057,.T.);
#3057 = SURFACE_CURVE('',#3058,(#3062,#3069),.PCURVE_S1.);
#3058 = LINE('',#3059,#3060);
#3059 = CARTESIAN_POINT('',(1.01,-0.85,0.2));
#3060 = VECTOR('',#3061,1.);
#3061 = DIRECTION('',(-0.,-0.,-1.));
#3062 = PCURVE('',#732,#3063);
#3063 = DEFINITIONAL_REPRESENTATION('',(#3064),#3068);
#3064 = LINE('',#3065,#3066);
#3065 = CARTESIAN_POINT('',(0.,0.));
#3066 = VECTOR('',#3067,1.);
#3067 = DIRECTION('',(0.,-1.));
#3068 = ( GEOMETRIC_REPRESENTATION_CONTEXT(2) 
PARAMETRIC_REPRESENTATION_CONTEXT() REPRESENTATION_CONTEXT('2D SPACE',''
  ) );
#3069 = PCURVE('',#1340,#3070);
#3070 = DEFINITIONAL_REPRESENTATION('',(#3071),#3075);
#3071 = LINE('',#3072,#3073);
#3072 = CARTESIAN_POINT('',(-0.,-0.2));
#3073 = VECTOR('',#3074,1.);
#3074 = DIRECTION('',(1.,-0.));
#3075 = ( GEOMETRIC_REPRESENTATION_CONTEXT(2) 
PARAMETRIC_REPRESENTATION_CONTEXT() REPRESENTATION_CONTEXT('2D SPACE',''
  ) );
#3076 = ORIENTED_EDGE('',*,*,#1301,.T.);
#3077 = ADVANCED_FACE('',(#3078),#863,.F.);
#3078 = FACE_BOUND('',#3079,.T.);
#3079 = EDGE_LOOP('',(#3080,#3081,#3082,#3105,#3133,#3161));
#3080 = ORIENTED_EDGE('',*,*,#1559,.F.);
#3081 = ORIENTED_EDGE('',*,*,#845,.T.);
#3082 = ORIENTED_EDGE('',*,*,#3083,.F.);
#3083 = EDGE_CURVE('',#3084,#848,#3086,.T.);
#3084 = VERTEX_POINT('',#3085);
#3085 = CARTESIAN_POINT('',(-1.01,-0.85,0.2));
#3086 = SURFACE_CURVE('',#3087,(#3091,#3098),.PCURVE_S1.);
#3087 = LINE('',#3088,#3089);
#3088 = CARTESIAN_POINT('',(-1.01,-0.85,0.2));
#3089 = VECTOR('',#3090,1.);
#3090 = DIRECTION('',(1.,-3.614007241618E-16,0.));
#3091 = PCURVE('',#863,#3092);
#3092 = DEFINITIONAL_REPRESENTATION('',(#3093),#3097);
#3093 = LINE('',#3094,#3095);
#3094 = CARTESIAN_POINT('',(0.,0.));
#3095 = VECTOR('',#3096,1.);
#3096 = DIRECTION('',(-1.,0.));
#3097 = ( GEOMETRIC_REPRESENTATION_CONTEXT(2) 
PARAMETRIC_REPRESENTATION_CONTEXT() REPRESENTATION_CONTEXT('2D SPACE',''
  ) );
#3098 = PCURVE('',#1285,#3099);
#3099 = DEFINITIONAL_REPRESENTATION('',(#3100),#3104);
#3100 = LINE('',#3101,#3102);
#3101 = CARTESIAN_POINT('',(-0.3,-1.E-01));
#3102 = VECTOR('',#3103,1.);
#3103 = DIRECTION('',(1.,-3.614007241618E-16));
#3104 = ( GEOMETRIC_REPRESENTATION_CONTEXT(2) 
PARAMETRIC_REPRESENTATION_CONTEXT() REPRESENTATION_CONTEXT('2D SPACE',''
  ) );
#3105 = ORIENTED_EDGE('',*,*,#3106,.T.);
#3106 = EDGE_CURVE('',#3084,#3107,#3109,.T.);
#3107 = VERTEX_POINT('',#3108);
#3108 = CARTESIAN_POINT('',(-1.01,-0.85,0.));
#3109 = SURFACE_CURVE('',#3110,(#3114,#3121),.PCURVE_S1.);
#3110 = LINE('',#3111,#3112);
#3111 = CARTESIAN_POINT('',(-1.01,-0.85,0.2));
#3112 = VECTOR('',#3113,1.);
#3113 = DIRECTION('',(-0.,-0.,-1.));
#3114 = PCURVE('',#863,#3115);
#3115 = DEFINITIONAL_REPRESENTATION('',(#3116),#3120);
#3116 = LINE('',#3117,#3118);
#3117 = CARTESIAN_POINT('',(0.,0.));
#3118 = VECTOR('',#3119,1.);
#3119 = DIRECTION('',(0.,-1.));
#3120 = ( GEOMETRIC_REPRESENTATION_CONTEXT(2) 
PARAMETRIC_REPRESENTATION_CONTEXT() REPRESENTATION_CONTEXT('2D SPACE',''
  ) );
#3121 = PCURVE('',#3122,#3127);
#3122 = PLANE('',#3123);
#3123 = AXIS2_PLACEMENT_3D('',#3124,#3125,#3126);
#3124 = CARTESIAN_POINT('',(-1.01,-0.65,0.2));
#3125 = DIRECTION('',(1.,0.,-0.));
#3126 = DIRECTION('',(-0.,0.,-1.));
#3127 = DEFINITIONAL_REPRESENTATION('',(#3128),#3132);
#3128 = LINE('',#3129,#3130);
#3129 = CARTESIAN_POINT('',(-0.,-0.2));
#3130 = VECTOR('',#3131,1.);
#3131 = DIRECTION('',(1.,-0.));
#3132 = ( GEOMETRIC_REPRESENTATION_CONTEXT(2) 
PARAMETRIC_REPRESENTATION_CONTEXT() REPRESENTATION_CONTEXT('2D SPACE',''
  ) );
#3133 = ORIENTED_EDGE('',*,*,#3134,.T.);
#3134 = EDGE_CURVE('',#3107,#3135,#3137,.T.);
#3135 = VERTEX_POINT('',#3136);
#3136 = CARTESIAN_POINT('',(-0.71,-0.85,0.));
#3137 = SURFACE_CURVE('',#3138,(#3142,#3149),.PCURVE_S1.);
#3138 = LINE('',#3139,#3140);
#3139 = CARTESIAN_POINT('',(-1.01,-0.85,0.));
#3140 = VECTOR('',#3141,1.);
#3141 = DIRECTION('',(1.,-3.614007241618E-16,0.));
#3142 = PCURVE('',#863,#3143);
#3143 = DEFINITIONAL_REPRESENTATION('',(#3144),#3148);
#3144 = LINE('',#3145,#3146);
#3145 = CARTESIAN_POINT('',(0.,-0.2));
#3146 = VECTOR('',#3147,1.);
#3147 = DIRECTION('',(-1.,0.));
#3148 = ( GEOMETRIC_REPRESENTATION_CONTEXT(2) 
PARAMETRIC_REPRESENTATION_CONTEXT() REPRESENTATION_CONTEXT('2D SPACE',''
  ) );
#3149 = PCURVE('',#3150,#3155);
#3150 = PLANE('',#3151);
#3151 = AXIS2_PLACEMENT_3D('',#3152,#3153,#3154);
#3152 = CARTESIAN_POINT('',(-0.71,-0.75,0.));
#3153 = DIRECTION('',(0.,0.,1.));
#3154 = DIRECTION('',(1.,0.,-0.));
#3155 = DEFINITIONAL_REPRESENTATION('',(#3156),#3160);
#3156 = LINE('',#3157,#3158);
#3157 = CARTESIAN_POINT('',(-0.3,-1.E-01));
#3158 = VECTOR('',#3159,1.);
#3159 = DIRECTION('',(1.,-3.614007241618E-16));
#3160 = ( GEOMETRIC_REPRESENTATION_CONTEXT(2) 
PARAMETRIC_REPRESENTATION_CONTEXT() REPRESENTATION_CONTEXT('2D SPACE',''
  ) );
#3161 = ORIENTED_EDGE('',*,*,#3162,.F.);
#3162 = EDGE_CURVE('',#1560,#3135,#3163,.T.);
#3163 = SURFACE_CURVE('',#3164,(#3168,#3175),.PCURVE_S1.);
#3164 = LINE('',#3165,#3166);
#3165 = CARTESIAN_POINT('',(-0.71,-0.85,0.2));
#3166 = VECTOR('',#3167,1.);
#3167 = DIRECTION('',(-0.,-0.,-1.));
#3168 = PCURVE('',#863,#3169);
#3169 = DEFINITIONAL_REPRESENTATION('',(#3170),#3174);
#3170 = LINE('',#3171,#3172);
#3171 = CARTESIAN_POINT('',(-0.3,0.));
#3172 = VECTOR('',#3173,1.);
#3173 = DIRECTION('',(0.,-1.));
#3174 = ( GEOMETRIC_REPRESENTATION_CONTEXT(2) 
PARAMETRIC_REPRESENTATION_CONTEXT() REPRESENTATION_CONTEXT('2D SPACE',''
  ) );
#3175 = PCURVE('',#1603,#3176);
#3176 = DEFINITIONAL_REPRESENTATION('',(#3177),#3181);
#3177 = LINE('',#3178,#3179);
#3178 = CARTESIAN_POINT('',(4.712388980385,0.));
#3179 = VECTOR('',#3180,1.);
#3180 = DIRECTION('',(0.,1.));
#3181 = ( GEOMETRIC_REPRESENTATION_CONTEXT(2) 
PARAMETRIC_REPRESENTATION_CONTEXT() REPRESENTATION_CONTEXT('2D SPACE',''
  ) );
#3182 = ADVANCED_FACE('',(#3183),#938,.F.);
#3183 = FACE_BOUND('',#3184,.T.);
#3184 = EDGE_LOOP('',(#3185,#3208,#3209,#3210,#3233,#3261));
#3185 = ORIENTED_EDGE('',*,*,#3186,.F.);
#3186 = EDGE_CURVE('',#923,#3187,#3189,.T.);
#3187 = VERTEX_POINT('',#3188);
#3188 = CARTESIAN_POINT('',(-1.01,0.85,0.2));
#3189 = SURFACE_CURVE('',#3190,(#3194,#3201),.PCURVE_S1.);
#3190 = LINE('',#3191,#3192);
#3191 = CARTESIAN_POINT('',(-1.01,0.85,0.2));
#3192 = VECTOR('',#3193,1.);
#3193 = DIRECTION('',(-1.,-0.,-0.));
#3194 = PCURVE('',#938,#3195);
#3195 = DEFINITIONAL_REPRESENTATION('',(#3196),#3200);
#3196 = LINE('',#3197,#3198);
#3197 = CARTESIAN_POINT('',(0.,0.));
#3198 = VECTOR('',#3199,1.);
#3199 = DIRECTION('',(0.,-1.));
#3200 = ( GEOMETRIC_REPRESENTATION_CONTEXT(2) 
PARAMETRIC_REPRESENTATION_CONTEXT() REPRESENTATION_CONTEXT('2D SPACE',''
  ) );
#3201 = PCURVE('',#966,#3202);
#3202 = DEFINITIONAL_REPRESENTATION('',(#3203),#3207);
#3203 = LINE('',#3204,#3205);
#3204 = CARTESIAN_POINT('',(-0.3,0.1));
#3205 = VECTOR('',#3206,1.);
#3206 = DIRECTION('',(-1.,0.));
#3207 = ( GEOMETRIC_REPRESENTATION_CONTEXT(2) 
PARAMETRIC_REPRESENTATION_CONTEXT() REPRESENTATION_CONTEXT('2D SPACE',''
  ) );
#3208 = ORIENTED_EDGE('',*,*,#922,.T.);
#3209 = ORIENTED_EDGE('',*,*,#1849,.F.);
#3210 = ORIENTED_EDGE('',*,*,#3211,.T.);
#3211 = EDGE_CURVE('',#1817,#3212,#3214,.T.);
#3212 = VERTEX_POINT('',#3213);
#3213 = CARTESIAN_POINT('',(-0.71,0.85,0.));
#3214 = SURFACE_CURVE('',#3215,(#3219,#3226),.PCURVE_S1.);
#3215 = LINE('',#3216,#3217);
#3216 = CARTESIAN_POINT('',(-0.71,0.85,0.2));
#3217 = VECTOR('',#3218,1.);
#3218 = DIRECTION('',(-0.,-0.,-1.));
#3219 = PCURVE('',#938,#3220);
#3220 = DEFINITIONAL_REPRESENTATION('',(#3221),#3225);
#3221 = LINE('',#3222,#3223);
#3222 = CARTESIAN_POINT('',(0.,0.3));
#3223 = VECTOR('',#3224,1.);
#3224 = DIRECTION('',(1.,0.));
#3225 = ( GEOMETRIC_REPRESENTATION_CONTEXT(2) 
PARAMETRIC_REPRESENTATION_CONTEXT() REPRESENTATION_CONTEXT('2D SPACE',''
  ) );
#3226 = PCURVE('',#1837,#3227);
#3227 = DEFINITIONAL_REPRESENTATION('',(#3228),#3232);
#3228 = LINE('',#3229,#3230);
#3229 = CARTESIAN_POINT('',(1.570796326795,0.));
#3230 = VECTOR('',#3231,1.);
#3231 = DIRECTION('',(0.,1.));
#3232 = ( GEOMETRIC_REPRESENTATION_CONTEXT(2) 
PARAMETRIC_REPRESENTATION_CONTEXT() REPRESENTATION_CONTEXT('2D SPACE',''
  ) );
#3233 = ORIENTED_EDGE('',*,*,#3234,.T.);
#3234 = EDGE_CURVE('',#3212,#3235,#3237,.T.);
#3235 = VERTEX_POINT('',#3236);
#3236 = CARTESIAN_POINT('',(-1.01,0.85,0.));
#3237 = SURFACE_CURVE('',#3238,(#3242,#3249),.PCURVE_S1.);
#3238 = LINE('',#3239,#3240);
#3239 = CARTESIAN_POINT('',(-1.01,0.85,0.));
#3240 = VECTOR('',#3241,1.);
#3241 = DIRECTION('',(-1.,-0.,-0.));
#3242 = PCURVE('',#938,#3243);
#3243 = DEFINITIONAL_REPRESENTATION('',(#3244),#3248);
#3244 = LINE('',#3245,#3246);
#3245 = CARTESIAN_POINT('',(0.2,0.));
#3246 = VECTOR('',#3247,1.);
#3247 = DIRECTION('',(0.,-1.));
#3248 = ( GEOMETRIC_REPRESENTATION_CONTEXT(2) 
PARAMETRIC_REPRESENTATION_CONTEXT() REPRESENTATION_CONTEXT('2D SPACE',''
  ) );
#3249 = PCURVE('',#3250,#3255);
#3250 = PLANE('',#3251);
#3251 = AXIS2_PLACEMENT_3D('',#3252,#3253,#3254);
#3252 = CARTESIAN_POINT('',(-0.71,0.75,0.));
#3253 = DIRECTION('',(0.,0.,1.));
#3254 = DIRECTION('',(1.,0.,-0.));
#3255 = DEFINITIONAL_REPRESENTATION('',(#3256),#3260);
#3256 = LINE('',#3257,#3258);
#3257 = CARTESIAN_POINT('',(-0.3,0.1));
#3258 = VECTOR('',#3259,1.);
#3259 = DIRECTION('',(-1.,0.));
#3260 = ( GEOMETRIC_REPRESENTATION_CONTEXT(2) 
PARAMETRIC_REPRESENTATION_CONTEXT() REPRESENTATION_CONTEXT('2D SPACE',''
  ) );
#3261 = ORIENTED_EDGE('',*,*,#3262,.F.);
#3262 = EDGE_CURVE('',#3187,#3235,#3263,.T.);
#3263 = SURFACE_CURVE('',#3264,(#3268,#3275),.PCURVE_S1.);
#3264 = LINE('',#3265,#3266);
#3265 = CARTESIAN_POINT('',(-1.01,0.85,0.2));
#3266 = VECTOR('',#3267,1.);
#3267 = DIRECTION('',(-0.,-0.,-1.));
#3268 = PCURVE('',#938,#3269);
#3269 = DEFINITIONAL_REPRESENTATION('',(#3270),#3274);
#3270 = LINE('',#3271,#3272);
#3271 = CARTESIAN_POINT('',(0.,0.));
#3272 = VECTOR('',#3273,1.);
#3273 = DIRECTION('',(1.,0.));
#3274 = ( GEOMETRIC_REPRESENTATION_CONTEXT(2) 
PARAMETRIC_REPRESENTATION_CONTEXT() REPRESENTATION_CONTEXT('2D SPACE',''
  ) );
#3275 = PCURVE('',#3276,#3281);
#3276 = PLANE('',#3277);
#3277 = AXIS2_PLACEMENT_3D('',#3278,#3279,#3280);
#3278 = CARTESIAN_POINT('',(-1.01,0.85,0.2));
#3279 = DIRECTION('',(1.,0.,-0.));
#3280 = DIRECTION('',(-0.,0.,-1.));
#3281 = DEFINITIONAL_REPRESENTATION('',(#3282),#3286);
#3282 = LINE('',#3283,#3284);
#3283 = CARTESIAN_POINT('',(0.,0.));
#3284 = VECTOR('',#3285,1.);
#3285 = DIRECTION('',(1.,-0.));
#3286 = ( GEOMETRIC_REPRESENTATION_CONTEXT(2) 
PARAMETRIC_REPRESENTATION_CONTEXT() REPRESENTATION_CONTEXT('2D SPACE',''
  ) );
#3287 = ADVANCED_FACE('',(#3288),#966,.T.);
#3288 = FACE_BOUND('',#3289,.T.);
#3289 = EDGE_LOOP('',(#3290,#3291,#3292,#3315));
#3290 = ORIENTED_EDGE('',*,*,#950,.F.);
#3291 = ORIENTED_EDGE('',*,*,#3186,.T.);
#3292 = ORIENTED_EDGE('',*,*,#3293,.T.);
#3293 = EDGE_CURVE('',#3187,#3294,#3296,.T.);
#3294 = VERTEX_POINT('',#3295);
#3295 = CARTESIAN_POINT('',(-1.01,0.65,0.2));
#3296 = SURFACE_CURVE('',#3297,(#3301,#3308),.PCURVE_S1.);
#3297 = LINE('',#3298,#3299);
#3298 = CARTESIAN_POINT('',(-1.01,0.85,0.2));
#3299 = VECTOR('',#3300,1.);
#3300 = DIRECTION('',(0.,-1.,0.));
#3301 = PCURVE('',#966,#3302);
#3302 = DEFINITIONAL_REPRESENTATION('',(#3303),#3307);
#3303 = LINE('',#3304,#3305);
#3304 = CARTESIAN_POINT('',(-0.3,0.1));
#3305 = VECTOR('',#3306,1.);
#3306 = DIRECTION('',(0.,-1.));
#3307 = ( GEOMETRIC_REPRESENTATION_CONTEXT(2) 
PARAMETRIC_REPRESENTATION_CONTEXT() REPRESENTATION_CONTEXT('2D SPACE',''
  ) );
#3308 = PCURVE('',#3276,#3309);
#3309 = DEFINITIONAL_REPRESENTATION('',(#3310),#3314);
#3310 = LINE('',#3311,#3312);
#3311 = CARTESIAN_POINT('',(0.,0.));
#3312 = VECTOR('',#3313,1.);
#3313 = DIRECTION('',(-0.,-1.));
#3314 = ( GEOMETRIC_REPRESENTATION_CONTEXT(2) 
PARAMETRIC_REPRESENTATION_CONTEXT() REPRESENTATION_CONTEXT('2D SPACE',''
  ) );
#3315 = ORIENTED_EDGE('',*,*,#3316,.T.);
#3316 = EDGE_CURVE('',#3294,#951,#3317,.T.);
#3317 = SURFACE_CURVE('',#3318,(#3322,#3329),.PCURVE_S1.);
#3318 = LINE('',#3319,#3320);
#3319 = CARTESIAN_POINT('',(-1.01,0.65,0.2));
#3320 = VECTOR('',#3321,1.);
#3321 = DIRECTION('',(1.,-3.614007241618E-16,0.));
#3322 = PCURVE('',#966,#3323);
#3323 = DEFINITIONAL_REPRESENTATION('',(#3324),#3328);
#3324 = LINE('',#3325,#3326);
#3325 = CARTESIAN_POINT('',(-0.3,-1.E-01));
#3326 = VECTOR('',#3327,1.);
#3327 = DIRECTION('',(1.,-3.614007241618E-16));
#3328 = ( GEOMETRIC_REPRESENTATION_CONTEXT(2) 
PARAMETRIC_REPRESENTATION_CONTEXT() REPRESENTATION_CONTEXT('2D SPACE',''
  ) );
#3329 = PCURVE('',#994,#3330);
#3330 = DEFINITIONAL_REPRESENTATION('',(#3331),#3335);
#3331 = LINE('',#3332,#3333);
#3332 = CARTESIAN_POINT('',(0.,0.));
#3333 = VECTOR('',#3334,1.);
#3334 = DIRECTION('',(-1.,0.));
#3335 = ( GEOMETRIC_REPRESENTATION_CONTEXT(2) 
PARAMETRIC_REPRESENTATION_CONTEXT() REPRESENTATION_CONTEXT('2D SPACE',''
  ) );
#3336 = ADVANCED_FACE('',(#3337),#994,.F.);
#3337 = FACE_BOUND('',#3338,.T.);
#3338 = EDGE_LOOP('',(#3339,#3340,#3341,#3342,#3365,#3388));
#3339 = ORIENTED_EDGE('',*,*,#1793,.F.);
#3340 = ORIENTED_EDGE('',*,*,#978,.T.);
#3341 = ORIENTED_EDGE('',*,*,#3316,.F.);
#3342 = ORIENTED_EDGE('',*,*,#3343,.T.);
#3343 = EDGE_CURVE('',#3294,#3344,#3346,.T.);
#3344 = VERTEX_POINT('',#3345);
#3345 = CARTESIAN_POINT('',(-1.01,0.65,0.));
#3346 = SURFACE_CURVE('',#3347,(#3351,#3358),.PCURVE_S1.);
#3347 = LINE('',#3348,#3349);
#3348 = CARTESIAN_POINT('',(-1.01,0.65,0.2));
#3349 = VECTOR('',#3350,1.);
#3350 = DIRECTION('',(-0.,-0.,-1.));
#3351 = PCURVE('',#994,#3352);
#3352 = DEFINITIONAL_REPRESENTATION('',(#3353),#3357);
#3353 = LINE('',#3354,#3355);
#3354 = CARTESIAN_POINT('',(0.,0.));
#3355 = VECTOR('',#3356,1.);
#3356 = DIRECTION('',(0.,-1.));
#3357 = ( GEOMETRIC_REPRESENTATION_CONTEXT(2) 
PARAMETRIC_REPRESENTATION_CONTEXT() REPRESENTATION_CONTEXT('2D SPACE',''
  ) );
#3358 = PCURVE('',#3276,#3359);
#3359 = DEFINITIONAL_REPRESENTATION('',(#3360),#3364);
#3360 = LINE('',#3361,#3362);
#3361 = CARTESIAN_POINT('',(-0.,-0.2));
#3362 = VECTOR('',#3363,1.);
#3363 = DIRECTION('',(1.,-0.));
#3364 = ( GEOMETRIC_REPRESENTATION_CONTEXT(2) 
PARAMETRIC_REPRESENTATION_CONTEXT() REPRESENTATION_CONTEXT('2D SPACE',''
  ) );
#3365 = ORIENTED_EDGE('',*,*,#3366,.T.);
#3366 = EDGE_CURVE('',#3344,#3367,#3369,.T.);
#3367 = VERTEX_POINT('',#3368);
#3368 = CARTESIAN_POINT('',(-0.71,0.65,0.));
#3369 = SURFACE_CURVE('',#3370,(#3374,#3381),.PCURVE_S1.);
#3370 = LINE('',#3371,#3372);
#3371 = CARTESIAN_POINT('',(-1.01,0.65,0.));
#3372 = VECTOR('',#3373,1.);
#3373 = DIRECTION('',(1.,-3.614007241618E-16,0.));
#3374 = PCURVE('',#994,#3375);
#3375 = DEFINITIONAL_REPRESENTATION('',(#3376),#3380);
#3376 = LINE('',#3377,#3378);
#3377 = CARTESIAN_POINT('',(0.,-0.2));
#3378 = VECTOR('',#3379,1.);
#3379 = DIRECTION('',(-1.,0.));
#3380 = ( GEOMETRIC_REPRESENTATION_CONTEXT(2) 
PARAMETRIC_REPRESENTATION_CONTEXT() REPRESENTATION_CONTEXT('2D SPACE',''
  ) );
#3381 = PCURVE('',#3250,#3382);
#3382 = DEFINITIONAL_REPRESENTATION('',(#3383),#3387);
#3383 = LINE('',#3384,#3385);
#3384 = CARTESIAN_POINT('',(-0.3,-1.E-01));
#3385 = VECTOR('',#3386,1.);
#3386 = DIRECTION('',(1.,-3.614007241618E-16));
#3387 = ( GEOMETRIC_REPRESENTATION_CONTEXT(2) 
PARAMETRIC_REPRESENTATION_CONTEXT() REPRESENTATION_CONTEXT('2D SPACE',''
  ) );
#3388 = ORIENTED_EDGE('',*,*,#3389,.F.);
#3389 = EDGE_CURVE('',#1794,#3367,#3390,.T.);
#3390 = SURFACE_CURVE('',#3391,(#3395,#3402),.PCURVE_S1.);
#3391 = LINE('',#3392,#3393);
#3392 = CARTESIAN_POINT('',(-0.71,0.65,0.2));
#3393 = VECTOR('',#3394,1.);
#3394 = DIRECTION('',(-0.,-0.,-1.));
#3395 = PCURVE('',#994,#3396);
#3396 = DEFINITIONAL_REPRESENTATION('',(#3397),#3401);
#3397 = LINE('',#3398,#3399);
#3398 = CARTESIAN_POINT('',(-0.3,0.));
#3399 = VECTOR('',#3400,1.);
#3400 = DIRECTION('',(0.,-1.));
#3401 = ( GEOMETRIC_REPRESENTATION_CONTEXT(2) 
PARAMETRIC_REPRESENTATION_CONTEXT() REPRESENTATION_CONTEXT('2D SPACE',''
  ) );
#3402 = PCURVE('',#1837,#3403);
#3403 = DEFINITIONAL_REPRESENTATION('',(#3404),#3408);
#3404 = LINE('',#3405,#3406);
#3405 = CARTESIAN_POINT('',(4.712388980385,0.));
#3406 = VECTOR('',#3407,1.);
#3407 = DIRECTION('',(0.,1.));
#3408 = ( GEOMETRIC_REPRESENTATION_CONTEXT(2) 
PARAMETRIC_REPRESENTATION_CONTEXT() REPRESENTATION_CONTEXT('2D SPACE',''
  ) );
#3409 = ADVANCED_FACE('',(#3410),#1045,.F.);
#3410 = FACE_BOUND('',#3411,.T.);
#3411 = EDGE_LOOP('',(#3412,#3435,#3436,#3437,#3460,#3488));
#3412 = ORIENTED_EDGE('',*,*,#3413,.F.);
#3413 = EDGE_CURVE('',#1030,#3414,#3416,.T.);
#3414 = VERTEX_POINT('',#3415);
#3415 = CARTESIAN_POINT('',(-1.01,0.35,0.2));
#3416 = SURFACE_CURVE('',#3417,(#3421,#3428),.PCURVE_S1.);
#3417 = LINE('',#3418,#3419);
#3418 = CARTESIAN_POINT('',(-1.01,0.35,0.2));
#3419 = VECTOR('',#3420,1.);
#3420 = DIRECTION('',(-1.,-0.,-0.));
#3421 = PCURVE('',#1045,#3422);
#3422 = DEFINITIONAL_REPRESENTATION('',(#3423),#3427);
#3423 = LINE('',#3424,#3425);
#3424 = CARTESIAN_POINT('',(0.,0.));
#3425 = VECTOR('',#3426,1.);
#3426 = DIRECTION('',(0.,-1.));
#3427 = ( GEOMETRIC_REPRESENTATION_CONTEXT(2) 
PARAMETRIC_REPRESENTATION_CONTEXT() REPRESENTATION_CONTEXT('2D SPACE',''
  ) );
#3428 = PCURVE('',#1073,#3429);
#3429 = DEFINITIONAL_REPRESENTATION('',(#3430),#3434);
#3430 = LINE('',#3431,#3432);
#3431 = CARTESIAN_POINT('',(-0.3,0.1));
#3432 = VECTOR('',#3433,1.);
#3433 = DIRECTION('',(-1.,0.));
#3434 = ( GEOMETRIC_REPRESENTATION_CONTEXT(2) 
PARAMETRIC_REPRESENTATION_CONTEXT() REPRESENTATION_CONTEXT('2D SPACE',''
  ) );
#3435 = ORIENTED_EDGE('',*,*,#1029,.T.);
#3436 = ORIENTED_EDGE('',*,*,#1771,.F.);
#3437 = ORIENTED_EDGE('',*,*,#3438,.T.);
#3438 = EDGE_CURVE('',#1739,#3439,#3441,.T.);
#3439 = VERTEX_POINT('',#3440);
#3440 = CARTESIAN_POINT('',(-0.71,0.35,0.));
#3441 = SURFACE_CURVE('',#3442,(#3446,#3453),.PCURVE_S1.);
#3442 = LINE('',#3443,#3444);
#3443 = CARTESIAN_POINT('',(-0.71,0.35,0.2));
#3444 = VECTOR('',#3445,1.);
#3445 = DIRECTION('',(-0.,-0.,-1.));
#3446 = PCURVE('',#1045,#3447);
#3447 = DEFINITIONAL_REPRESENTATION('',(#3448),#3452);
#3448 = LINE('',#3449,#3450);
#3449 = CARTESIAN_POINT('',(0.,0.3));
#3450 = VECTOR('',#3451,1.);
#3451 = DIRECTION('',(1.,0.));
#3452 = ( GEOMETRIC_REPRESENTATION_CONTEXT(2) 
PARAMETRIC_REPRESENTATION_CONTEXT() REPRESENTATION_CONTEXT('2D SPACE',''
  ) );
#3453 = PCURVE('',#1759,#3454);
#3454 = DEFINITIONAL_REPRESENTATION('',(#3455),#3459);
#3455 = LINE('',#3456,#3457);
#3456 = CARTESIAN_POINT('',(1.570796326795,0.));
#3457 = VECTOR('',#3458,1.);
#3458 = DIRECTION('',(0.,1.));
#3459 = ( GEOMETRIC_REPRESENTATION_CONTEXT(2) 
PARAMETRIC_REPRESENTATION_CONTEXT() REPRESENTATION_CONTEXT('2D SPACE',''
  ) );
#3460 = ORIENTED_EDGE('',*,*,#3461,.T.);
#3461 = EDGE_CURVE('',#3439,#3462,#3464,.T.);
#3462 = VERTEX_POINT('',#3463);
#3463 = CARTESIAN_POINT('',(-1.01,0.35,0.));
#3464 = SURFACE_CURVE('',#3465,(#3469,#3476),.PCURVE_S1.);
#3465 = LINE('',#3466,#3467);
#3466 = CARTESIAN_POINT('',(-1.01,0.35,0.));
#3467 = VECTOR('',#3468,1.);
#3468 = DIRECTION('',(-1.,-0.,-0.));
#3469 = PCURVE('',#1045,#3470);
#3470 = DEFINITIONAL_REPRESENTATION('',(#3471),#3475);
#3471 = LINE('',#3472,#3473);
#3472 = CARTESIAN_POINT('',(0.2,0.));
#3473 = VECTOR('',#3474,1.);
#3474 = DIRECTION('',(0.,-1.));
#3475 = ( GEOMETRIC_REPRESENTATION_CONTEXT(2) 
PARAMETRIC_REPRESENTATION_CONTEXT() REPRESENTATION_CONTEXT('2D SPACE',''
  ) );
#3476 = PCURVE('',#3477,#3482);
#3477 = PLANE('',#3478);
#3478 = AXIS2_PLACEMENT_3D('',#3479,#3480,#3481);
#3479 = CARTESIAN_POINT('',(-0.71,0.25,0.));
#3480 = DIRECTION('',(0.,0.,1.));
#3481 = DIRECTION('',(1.,0.,-0.));
#3482 = DEFINITIONAL_REPRESENTATION('',(#3483),#3487);
#3483 = LINE('',#3484,#3485);
#3484 = CARTESIAN_POINT('',(-0.3,0.1));
#3485 = VECTOR('',#3486,1.);
#3486 = DIRECTION('',(-1.,0.));
#3487 = ( GEOMETRIC_REPRESENTATION_CONTEXT(2) 
PARAMETRIC_REPRESENTATION_CONTEXT() REPRESENTATION_CONTEXT('2D SPACE',''
  ) );
#3488 = ORIENTED_EDGE('',*,*,#3489,.F.);
#3489 = EDGE_CURVE('',#3414,#3462,#3490,.T.);
#3490 = SURFACE_CURVE('',#3491,(#3495,#3502),.PCURVE_S1.);
#3491 = LINE('',#3492,#3493);
#3492 = CARTESIAN_POINT('',(-1.01,0.35,0.2));
#3493 = VECTOR('',#3494,1.);
#3494 = DIRECTION('',(-0.,-0.,-1.));
#3495 = PCURVE('',#1045,#3496);
#3496 = DEFINITIONAL_REPRESENTATION('',(#3497),#3501);
#3497 = LINE('',#3498,#3499);
#3498 = CARTESIAN_POINT('',(0.,0.));
#3499 = VECTOR('',#3500,1.);
#3500 = DIRECTION('',(1.,0.));
#3501 = ( GEOMETRIC_REPRESENTATION_CONTEXT(2) 
PARAMETRIC_REPRESENTATION_CONTEXT() REPRESENTATION_CONTEXT('2D SPACE',''
  ) );
#3502 = PCURVE('',#3503,#3508);
#3503 = PLANE('',#3504);
#3504 = AXIS2_PLACEMENT_3D('',#3505,#3506,#3507);
#3505 = CARTESIAN_POINT('',(-1.01,0.35,0.2));
#3506 = DIRECTION('',(1.,0.,-0.));
#3507 = DIRECTION('',(-0.,0.,-1.));
#3508 = DEFINITIONAL_REPRESENTATION('',(#3509),#3513);
#3509 = LINE('',#3510,#3511);
#3510 = CARTESIAN_POINT('',(0.,0.));
#3511 = VECTOR('',#3512,1.);
#3512 = DIRECTION('',(1.,-0.));
#3513 = ( GEOMETRIC_REPRESENTATION_CONTEXT(2) 
PARAMETRIC_REPRESENTATION_CONTEXT() REPRESENTATION_CONTEXT('2D SPACE',''
  ) );
#3514 = ADVANCED_FACE('',(#3515),#1073,.T.);
#3515 = FACE_BOUND('',#3516,.T.);
#3516 = EDGE_LOOP('',(#3517,#3518,#3519,#3542));
#3517 = ORIENTED_EDGE('',*,*,#1057,.F.);
#3518 = ORIENTED_EDGE('',*,*,#3413,.T.);
#3519 = ORIENTED_EDGE('',*,*,#3520,.T.);
#3520 = EDGE_CURVE('',#3414,#3521,#3523,.T.);
#3521 = VERTEX_POINT('',#3522);
#3522 = CARTESIAN_POINT('',(-1.01,0.15,0.2));
#3523 = SURFACE_CURVE('',#3524,(#3528,#3535),.PCURVE_S1.);
#3524 = LINE('',#3525,#3526);
#3525 = CARTESIAN_POINT('',(-1.01,0.35,0.2));
#3526 = VECTOR('',#3527,1.);
#3527 = DIRECTION('',(0.,-1.,0.));
#3528 = PCURVE('',#1073,#3529);
#3529 = DEFINITIONAL_REPRESENTATION('',(#3530),#3534);
#3530 = LINE('',#3531,#3532);
#3531 = CARTESIAN_POINT('',(-0.3,0.1));
#3532 = VECTOR('',#3533,1.);
#3533 = DIRECTION('',(0.,-1.));
#3534 = ( GEOMETRIC_REPRESENTATION_CONTEXT(2) 
PARAMETRIC_REPRESENTATION_CONTEXT() REPRESENTATION_CONTEXT('2D SPACE',''
  ) );
#3535 = PCURVE('',#3503,#3536);
#3536 = DEFINITIONAL_REPRESENTATION('',(#3537),#3541);
#3537 = LINE('',#3538,#3539);
#3538 = CARTESIAN_POINT('',(0.,0.));
#3539 = VECTOR('',#3540,1.);
#3540 = DIRECTION('',(-0.,-1.));
#3541 = ( GEOMETRIC_REPRESENTATION_CONTEXT(2) 
PARAMETRIC_REPRESENTATION_CONTEXT() REPRESENTATION_CONTEXT('2D SPACE',''
  ) );
#3542 = ORIENTED_EDGE('',*,*,#3543,.T.);
#3543 = EDGE_CURVE('',#3521,#1058,#3544,.T.);
#3544 = SURFACE_CURVE('',#3545,(#3549,#3556),.PCURVE_S1.);
#3545 = LINE('',#3546,#3547);
#3546 = CARTESIAN_POINT('',(-1.01,0.15,0.2));
#3547 = VECTOR('',#3548,1.);
#3548 = DIRECTION('',(1.,-3.614007241618E-16,0.));
#3549 = PCURVE('',#1073,#3550);
#3550 = DEFINITIONAL_REPRESENTATION('',(#3551),#3555);
#3551 = LINE('',#3552,#3553);
#3552 = CARTESIAN_POINT('',(-0.3,-1.E-01));
#3553 = VECTOR('',#3554,1.);
#3554 = DIRECTION('',(1.,-3.614007241618E-16));
#3555 = ( GEOMETRIC_REPRESENTATION_CONTEXT(2) 
PARAMETRIC_REPRESENTATION_CONTEXT() REPRESENTATION_CONTEXT('2D SPACE',''
  ) );
#3556 = PCURVE('',#1101,#3557);
#3557 = DEFINITIONAL_REPRESENTATION('',(#3558),#3562);
#3558 = LINE('',#3559,#3560);
#3559 = CARTESIAN_POINT('',(0.,0.));
#3560 = VECTOR('',#3561,1.);
#3561 = DIRECTION('',(-1.,0.));
#3562 = ( GEOMETRIC_REPRESENTATION_CONTEXT(2) 
PARAMETRIC_REPRESENTATION_CONTEXT() REPRESENTATION_CONTEXT('2D SPACE',''
  ) );
#3563 = ADVANCED_FACE('',(#3564),#1101,.F.);
#3564 = FACE_BOUND('',#3565,.T.);
#3565 = EDGE_LOOP('',(#3566,#3567,#3568,#3569,#3592,#3615));
#3566 = ORIENTED_EDGE('',*,*,#1715,.F.);
#3567 = ORIENTED_EDGE('',*,*,#1085,.T.);
#3568 = ORIENTED_EDGE('',*,*,#3543,.F.);
#3569 = ORIENTED_EDGE('',*,*,#3570,.T.);
#3570 = EDGE_CURVE('',#3521,#3571,#3573,.T.);
#3571 = VERTEX_POINT('',#3572);
#3572 = CARTESIAN_POINT('',(-1.01,0.15,0.));
#3573 = SURFACE_CURVE('',#3574,(#3578,#3585),.PCURVE_S1.);
#3574 = LINE('',#3575,#3576);
#3575 = CARTESIAN_POINT('',(-1.01,0.15,0.2));
#3576 = VECTOR('',#3577,1.);
#3577 = DIRECTION('',(-0.,-0.,-1.));
#3578 = PCURVE('',#1101,#3579);
#3579 = DEFINITIONAL_REPRESENTATION('',(#3580),#3584);
#3580 = LINE('',#3581,#3582);
#3581 = CARTESIAN_POINT('',(0.,0.));
#3582 = VECTOR('',#3583,1.);
#3583 = DIRECTION('',(0.,-1.));
#3584 = ( GEOMETRIC_REPRESENTATION_CONTEXT(2) 
PARAMETRIC_REPRESENTATION_CONTEXT() REPRESENTATION_CONTEXT('2D SPACE',''
  ) );
#3585 = PCURVE('',#3503,#3586);
#3586 = DEFINITIONAL_REPRESENTATION('',(#3587),#3591);
#3587 = LINE('',#3588,#3589);
#3588 = CARTESIAN_POINT('',(-0.,-0.2));
#3589 = VECTOR('',#3590,1.);
#3590 = DIRECTION('',(1.,-0.));
#3591 = ( GEOMETRIC_REPRESENTATION_CONTEXT(2) 
PARAMETRIC_REPRESENTATION_CONTEXT() REPRESENTATION_CONTEXT('2D SPACE',''
  ) );
#3592 = ORIENTED_EDGE('',*,*,#3593,.T.);
#3593 = EDGE_CURVE('',#3571,#3594,#3596,.T.);
#3594 = VERTEX_POINT('',#3595);
#3595 = CARTESIAN_POINT('',(-0.71,0.15,0.));
#3596 = SURFACE_CURVE('',#3597,(#3601,#3608),.PCURVE_S1.);
#3597 = LINE('',#3598,#3599);
#3598 = CARTESIAN_POINT('',(-1.01,0.15,0.));
#3599 = VECTOR('',#3600,1.);
#3600 = DIRECTION('',(1.,-3.614007241618E-16,0.));
#3601 = PCURVE('',#1101,#3602);
#3602 = DEFINITIONAL_REPRESENTATION('',(#3603),#3607);
#3603 = LINE('',#3604,#3605);
#3604 = CARTESIAN_POINT('',(0.,-0.2));
#3605 = VECTOR('',#3606,1.);
#3606 = DIRECTION('',(-1.,0.));
#3607 = ( GEOMETRIC_REPRESENTATION_CONTEXT(2) 
PARAMETRIC_REPRESENTATION_CONTEXT() REPRESENTATION_CONTEXT('2D SPACE',''
  ) );
#3608 = PCURVE('',#3477,#3609);
#3609 = DEFINITIONAL_REPRESENTATION('',(#3610),#3614);
#3610 = LINE('',#3611,#3612);
#3611 = CARTESIAN_POINT('',(-0.3,-1.E-01));
#3612 = VECTOR('',#3613,1.);
#3613 = DIRECTION('',(1.,-3.614007241618E-16));
#3614 = ( GEOMETRIC_REPRESENTATION_CONTEXT(2) 
PARAMETRIC_REPRESENTATION_CONTEXT() REPRESENTATION_CONTEXT('2D SPACE',''
  ) );
#3615 = ORIENTED_EDGE('',*,*,#3616,.F.);
#3616 = EDGE_CURVE('',#1716,#3594,#3617,.T.);
#3617 = SURFACE_CURVE('',#3618,(#3622,#3629),.PCURVE_S1.);
#3618 = LINE('',#3619,#3620);
#3619 = CARTESIAN_POINT('',(-0.71,0.15,0.2));
#3620 = VECTOR('',#3621,1.);
#3621 = DIRECTION('',(-0.,-0.,-1.));
#3622 = PCURVE('',#1101,#3623);
#3623 = DEFINITIONAL_REPRESENTATION('',(#3624),#3628);
#3624 = LINE('',#3625,#3626);
#3625 = CARTESIAN_POINT('',(-0.3,0.));
#3626 = VECTOR('',#3627,1.);
#3627 = DIRECTION('',(0.,-1.));
#3628 = ( GEOMETRIC_REPRESENTATION_CONTEXT(2) 
PARAMETRIC_REPRESENTATION_CONTEXT() REPRESENTATION_CONTEXT('2D SPACE',''
  ) );
#3629 = PCURVE('',#1759,#3630);
#3630 = DEFINITIONAL_REPRESENTATION('',(#3631),#3635);
#3631 = LINE('',#3632,#3633);
#3632 = CARTESIAN_POINT('',(4.712388980385,0.));
#3633 = VECTOR('',#3634,1.);
#3634 = DIRECTION('',(0.,1.));
#3635 = ( GEOMETRIC_REPRESENTATION_CONTEXT(2) 
PARAMETRIC_REPRESENTATION_CONTEXT() REPRESENTATION_CONTEXT('2D SPACE',''
  ) );
#3636 = ADVANCED_FACE('',(#3637),#1152,.F.);
#3637 = FACE_BOUND('',#3638,.T.);
#3638 = EDGE_LOOP('',(#3639,#3662,#3663,#3664,#3687,#3715));
#3639 = ORIENTED_EDGE('',*,*,#3640,.F.);
#3640 = EDGE_CURVE('',#1137,#3641,#3643,.T.);
#3641 = VERTEX_POINT('',#3642);
#3642 = CARTESIAN_POINT('',(-1.01,-0.15,0.2));
#3643 = SURFACE_CURVE('',#3644,(#3648,#3655),.PCURVE_S1.);
#3644 = LINE('',#3645,#3646);
#3645 = CARTESIAN_POINT('',(-1.01,-0.15,0.2));
#3646 = VECTOR('',#3647,1.);
#3647 = DIRECTION('',(-1.,-0.,-0.));
#3648 = PCURVE('',#1152,#3649);
#3649 = DEFINITIONAL_REPRESENTATION('',(#3650),#3654);
#3650 = LINE('',#3651,#3652);
#3651 = CARTESIAN_POINT('',(0.,0.));
#3652 = VECTOR('',#3653,1.);
#3653 = DIRECTION('',(0.,-1.));
#3654 = ( GEOMETRIC_REPRESENTATION_CONTEXT(2) 
PARAMETRIC_REPRESENTATION_CONTEXT() REPRESENTATION_CONTEXT('2D SPACE',''
  ) );
#3655 = PCURVE('',#1180,#3656);
#3656 = DEFINITIONAL_REPRESENTATION('',(#3657),#3661);
#3657 = LINE('',#3658,#3659);
#3658 = CARTESIAN_POINT('',(-0.3,0.1));
#3659 = VECTOR('',#3660,1.);
#3660 = DIRECTION('',(-1.,0.));
#3661 = ( GEOMETRIC_REPRESENTATION_CONTEXT(2) 
PARAMETRIC_REPRESENTATION_CONTEXT() REPRESENTATION_CONTEXT('2D SPACE',''
  ) );
#3662 = ORIENTED_EDGE('',*,*,#1136,.T.);
#3663 = ORIENTED_EDGE('',*,*,#1693,.F.);
#3664 = ORIENTED_EDGE('',*,*,#3665,.T.);
#3665 = EDGE_CURVE('',#1661,#3666,#3668,.T.);
#3666 = VERTEX_POINT('',#3667);
#3667 = CARTESIAN_POINT('',(-0.71,-0.15,0.));
#3668 = SURFACE_CURVE('',#3669,(#3673,#3680),.PCURVE_S1.);
#3669 = LINE('',#3670,#3671);
#3670 = CARTESIAN_POINT('',(-0.71,-0.15,0.2));
#3671 = VECTOR('',#3672,1.);
#3672 = DIRECTION('',(-0.,-0.,-1.));
#3673 = PCURVE('',#1152,#3674);
#3674 = DEFINITIONAL_REPRESENTATION('',(#3675),#3679);
#3675 = LINE('',#3676,#3677);
#3676 = CARTESIAN_POINT('',(0.,0.3));
#3677 = VECTOR('',#3678,1.);
#3678 = DIRECTION('',(1.,0.));
#3679 = ( GEOMETRIC_REPRESENTATION_CONTEXT(2) 
PARAMETRIC_REPRESENTATION_CONTEXT() REPRESENTATION_CONTEXT('2D SPACE',''
  ) );
#3680 = PCURVE('',#1681,#3681);
#3681 = DEFINITIONAL_REPRESENTATION('',(#3682),#3686);
#3682 = LINE('',#3683,#3684);
#3683 = CARTESIAN_POINT('',(1.570796326795,0.));
#3684 = VECTOR('',#3685,1.);
#3685 = DIRECTION('',(0.,1.));
#3686 = ( GEOMETRIC_REPRESENTATION_CONTEXT(2) 
PARAMETRIC_REPRESENTATION_CONTEXT() REPRESENTATION_CONTEXT('2D SPACE',''
  ) );
#3687 = ORIENTED_EDGE('',*,*,#3688,.T.);
#3688 = EDGE_CURVE('',#3666,#3689,#3691,.T.);
#3689 = VERTEX_POINT('',#3690);
#3690 = CARTESIAN_POINT('',(-1.01,-0.15,0.));
#3691 = SURFACE_CURVE('',#3692,(#3696,#3703),.PCURVE_S1.);
#3692 = LINE('',#3693,#3694);
#3693 = CARTESIAN_POINT('',(-1.01,-0.15,0.));
#3694 = VECTOR('',#3695,1.);
#3695 = DIRECTION('',(-1.,-0.,-0.));
#3696 = PCURVE('',#1152,#3697);
#3697 = DEFINITIONAL_REPRESENTATION('',(#3698),#3702);
#3698 = LINE('',#3699,#3700);
#3699 = CARTESIAN_POINT('',(0.2,0.));
#3700 = VECTOR('',#3701,1.);
#3701 = DIRECTION('',(0.,-1.));
#3702 = ( GEOMETRIC_REPRESENTATION_CONTEXT(2) 
PARAMETRIC_REPRESENTATION_CONTEXT() REPRESENTATION_CONTEXT('2D SPACE',''
  ) );
#3703 = PCURVE('',#3704,#3709);
#3704 = PLANE('',#3705);
#3705 = AXIS2_PLACEMENT_3D('',#3706,#3707,#3708);
#3706 = CARTESIAN_POINT('',(-0.71,-0.25,0.));
#3707 = DIRECTION('',(0.,0.,1.));
#3708 = DIRECTION('',(1.,0.,-0.));
#3709 = DEFINITIONAL_REPRESENTATION('',(#3710),#3714);
#3710 = LINE('',#3711,#3712);
#3711 = CARTESIAN_POINT('',(-0.3,0.1));
#3712 = VECTOR('',#3713,1.);
#3713 = DIRECTION('',(-1.,0.));
#3714 = ( GEOMETRIC_REPRESENTATION_CONTEXT(2) 
PARAMETRIC_REPRESENTATION_CONTEXT() REPRESENTATION_CONTEXT('2D SPACE',''
  ) );
#3715 = ORIENTED_EDGE('',*,*,#3716,.F.);
#3716 = EDGE_CURVE('',#3641,#3689,#3717,.T.);
#3717 = SURFACE_CURVE('',#3718,(#3722,#3729),.PCURVE_S1.);
#3718 = LINE('',#3719,#3720);
#3719 = CARTESIAN_POINT('',(-1.01,-0.15,0.2));
#3720 = VECTOR('',#3721,1.);
#3721 = DIRECTION('',(-0.,-0.,-1.));
#3722 = PCURVE('',#1152,#3723);
#3723 = DEFINITIONAL_REPRESENTATION('',(#3724),#3728);
#3724 = LINE('',#3725,#3726);
#3725 = CARTESIAN_POINT('',(0.,0.));
#3726 = VECTOR('',#3727,1.);
#3727 = DIRECTION('',(1.,0.));
#3728 = ( GEOMETRIC_REPRESENTATION_CONTEXT(2) 
PARAMETRIC_REPRESENTATION_CONTEXT() REPRESENTATION_CONTEXT('2D SPACE',''
  ) );
#3729 = PCURVE('',#3730,#3735);
#3730 = PLANE('',#3731);
#3731 = AXIS2_PLACEMENT_3D('',#3732,#3733,#3734);
#3732 = CARTESIAN_POINT('',(-1.01,-0.15,0.2));
#3733 = DIRECTION('',(1.,0.,-0.));
#3734 = DIRECTION('',(-0.,0.,-1.));
#3735 = DEFINITIONAL_REPRESENTATION('',(#3736),#3740);
#3736 = LINE('',#3737,#3738);
#3737 = CARTESIAN_POINT('',(0.,0.));
#3738 = VECTOR('',#3739,1.);
#3739 = DIRECTION('',(1.,-0.));
#3740 = ( GEOMETRIC_REPRESENTATION_CONTEXT(2) 
PARAMETRIC_REPRESENTATION_CONTEXT() REPRESENTATION_CONTEXT('2D SPACE',''
  ) );
#3741 = ADVANCED_FACE('',(#3742),#1180,.T.);
#3742 = FACE_BOUND('',#3743,.T.);
#3743 = EDGE_LOOP('',(#3744,#3745,#3746,#3769));
#3744 = ORIENTED_EDGE('',*,*,#1164,.F.);
#3745 = ORIENTED_EDGE('',*,*,#3640,.T.);
#3746 = ORIENTED_EDGE('',*,*,#3747,.T.);
#3747 = EDGE_CURVE('',#3641,#3748,#3750,.T.);
#3748 = VERTEX_POINT('',#3749);
#3749 = CARTESIAN_POINT('',(-1.01,-0.35,0.2));
#3750 = SURFACE_CURVE('',#3751,(#3755,#3762),.PCURVE_S1.);
#3751 = LINE('',#3752,#3753);
#3752 = CARTESIAN_POINT('',(-1.01,-0.15,0.2));
#3753 = VECTOR('',#3754,1.);
#3754 = DIRECTION('',(0.,-1.,0.));
#3755 = PCURVE('',#1180,#3756);
#3756 = DEFINITIONAL_REPRESENTATION('',(#3757),#3761);
#3757 = LINE('',#3758,#3759);
#3758 = CARTESIAN_POINT('',(-0.3,0.1));
#3759 = VECTOR('',#3760,1.);
#3760 = DIRECTION('',(0.,-1.));
#3761 = ( GEOMETRIC_REPRESENTATION_CONTEXT(2) 
PARAMETRIC_REPRESENTATION_CONTEXT() REPRESENTATION_CONTEXT('2D SPACE',''
  ) );
#3762 = PCURVE('',#3730,#3763);
#3763 = DEFINITIONAL_REPRESENTATION('',(#3764),#3768);
#3764 = LINE('',#3765,#3766);
#3765 = CARTESIAN_POINT('',(0.,0.));
#3766 = VECTOR('',#3767,1.);
#3767 = DIRECTION('',(-0.,-1.));
#3768 = ( GEOMETRIC_REPRESENTATION_CONTEXT(2) 
PARAMETRIC_REPRESENTATION_CONTEXT() REPRESENTATION_CONTEXT('2D SPACE',''
  ) );
#3769 = ORIENTED_EDGE('',*,*,#3770,.T.);
#3770 = EDGE_CURVE('',#3748,#1165,#3771,.T.);
#3771 = SURFACE_CURVE('',#3772,(#3776,#3783),.PCURVE_S1.);
#3772 = LINE('',#3773,#3774);
#3773 = CARTESIAN_POINT('',(-1.01,-0.35,0.2));
#3774 = VECTOR('',#3775,1.);
#3775 = DIRECTION('',(1.,-3.614007241618E-16,0.));
#3776 = PCURVE('',#1180,#3777);
#3777 = DEFINITIONAL_REPRESENTATION('',(#3778),#3782);
#3778 = LINE('',#3779,#3780);
#3779 = CARTESIAN_POINT('',(-0.3,-1.E-01));
#3780 = VECTOR('',#3781,1.);
#3781 = DIRECTION('',(1.,-3.614007241618E-16));
#3782 = ( GEOMETRIC_REPRESENTATION_CONTEXT(2) 
PARAMETRIC_REPRESENTATION_CONTEXT() REPRESENTATION_CONTEXT('2D SPACE',''
  ) );
#3783 = PCURVE('',#1208,#3784);
#3784 = DEFINITIONAL_REPRESENTATION('',(#3785),#3789);
#3785 = LINE('',#3786,#3787);
#3786 = CARTESIAN_POINT('',(0.,0.));
#3787 = VECTOR('',#3788,1.);
#3788 = DIRECTION('',(-1.,0.));
#3789 = ( GEOMETRIC_REPRESENTATION_CONTEXT(2) 
PARAMETRIC_REPRESENTATION_CONTEXT() REPRESENTATION_CONTEXT('2D SPACE',''
  ) );
#3790 = ADVANCED_FACE('',(#3791),#1208,.F.);
#3791 = FACE_BOUND('',#3792,.T.);
#3792 = EDGE_LOOP('',(#3793,#3794,#3795,#3796,#3819,#3842));
#3793 = ORIENTED_EDGE('',*,*,#1637,.F.);
#3794 = ORIENTED_EDGE('',*,*,#1192,.T.);
#3795 = ORIENTED_EDGE('',*,*,#3770,.F.);
#3796 = ORIENTED_EDGE('',*,*,#3797,.T.);
#3797 = EDGE_CURVE('',#3748,#3798,#3800,.T.);
#3798 = VERTEX_POINT('',#3799);
#3799 = CARTESIAN_POINT('',(-1.01,-0.35,0.));
#3800 = SURFACE_CURVE('',#3801,(#3805,#3812),.PCURVE_S1.);
#3801 = LINE('',#3802,#3803);
#3802 = CARTESIAN_POINT('',(-1.01,-0.35,0.2));
#3803 = VECTOR('',#3804,1.);
#3804 = DIRECTION('',(-0.,-0.,-1.));
#3805 = PCURVE('',#1208,#3806);
#3806 = DEFINITIONAL_REPRESENTATION('',(#3807),#3811);
#3807 = LINE('',#3808,#3809);
#3808 = CARTESIAN_POINT('',(0.,0.));
#3809 = VECTOR('',#3810,1.);
#3810 = DIRECTION('',(0.,-1.));
#3811 = ( GEOMETRIC_REPRESENTATION_CONTEXT(2) 
PARAMETRIC_REPRESENTATION_CONTEXT() REPRESENTATION_CONTEXT('2D SPACE',''
  ) );
#3812 = PCURVE('',#3730,#3813);
#3813 = DEFINITIONAL_REPRESENTATION('',(#3814),#3818);
#3814 = LINE('',#3815,#3816);
#3815 = CARTESIAN_POINT('',(-0.,-0.2));
#3816 = VECTOR('',#3817,1.);
#3817 = DIRECTION('',(1.,-0.));
#3818 = ( GEOMETRIC_REPRESENTATION_CONTEXT(2) 
PARAMETRIC_REPRESENTATION_CONTEXT() REPRESENTATION_CONTEXT('2D SPACE',''
  ) );
#3819 = ORIENTED_EDGE('',*,*,#3820,.T.);
#3820 = EDGE_CURVE('',#3798,#3821,#3823,.T.);
#3821 = VERTEX_POINT('',#3822);
#3822 = CARTESIAN_POINT('',(-0.71,-0.35,0.));
#3823 = SURFACE_CURVE('',#3824,(#3828,#3835),.PCURVE_S1.);
#3824 = LINE('',#3825,#3826);
#3825 = CARTESIAN_POINT('',(-1.01,-0.35,0.));
#3826 = VECTOR('',#3827,1.);
#3827 = DIRECTION('',(1.,-3.614007241618E-16,0.));
#3828 = PCURVE('',#1208,#3829);
#3829 = DEFINITIONAL_REPRESENTATION('',(#3830),#3834);
#3830 = LINE('',#3831,#3832);
#3831 = CARTESIAN_POINT('',(0.,-0.2));
#3832 = VECTOR('',#3833,1.);
#3833 = DIRECTION('',(-1.,0.));
#3834 = ( GEOMETRIC_REPRESENTATION_CONTEXT(2) 
PARAMETRIC_REPRESENTATION_CONTEXT() REPRESENTATION_CONTEXT('2D SPACE',''
  ) );
#3835 = PCURVE('',#3704,#3836);
#3836 = DEFINITIONAL_REPRESENTATION('',(#3837),#3841);
#3837 = LINE('',#3838,#3839);
#3838 = CARTESIAN_POINT('',(-0.3,-1.E-01));
#3839 = VECTOR('',#3840,1.);
#3840 = DIRECTION('',(1.,-3.614007241618E-16));
#3841 = ( GEOMETRIC_REPRESENTATION_CONTEXT(2) 
PARAMETRIC_REPRESENTATION_CONTEXT() REPRESENTATION_CONTEXT('2D SPACE',''
  ) );
#3842 = ORIENTED_EDGE('',*,*,#3843,.F.);
#3843 = EDGE_CURVE('',#1638,#3821,#3844,.T.);
#3844 = SURFACE_CURVE('',#3845,(#3849,#3856),.PCURVE_S1.);
#3845 = LINE('',#3846,#3847);
#3846 = CARTESIAN_POINT('',(-0.71,-0.35,0.2));
#3847 = VECTOR('',#3848,1.);
#3848 = DIRECTION('',(-0.,-0.,-1.));
#3849 = PCURVE('',#1208,#3850);
#3850 = DEFINITIONAL_REPRESENTATION('',(#3851),#3855);
#3851 = LINE('',#3852,#3853);
#3852 = CARTESIAN_POINT('',(-0.3,0.));
#3853 = VECTOR('',#3854,1.);
#3854 = DIRECTION('',(0.,-1.));
#3855 = ( GEOMETRIC_REPRESENTATION_CONTEXT(2) 
PARAMETRIC_REPRESENTATION_CONTEXT() REPRESENTATION_CONTEXT('2D SPACE',''
  ) );
#3856 = PCURVE('',#1681,#3857);
#3857 = DEFINITIONAL_REPRESENTATION('',(#3858),#3862);
#3858 = LINE('',#3859,#3860);
#3859 = CARTESIAN_POINT('',(4.712388980385,0.));
#3860 = VECTOR('',#3861,1.);
#3861 = DIRECTION('',(0.,1.));
#3862 = ( GEOMETRIC_REPRESENTATION_CONTEXT(2) 
PARAMETRIC_REPRESENTATION_CONTEXT() REPRESENTATION_CONTEXT('2D SPACE',''
  ) );
#3863 = ADVANCED_FACE('',(#3864),#1259,.F.);
#3864 = FACE_BOUND('',#3865,.T.);
#3865 = EDGE_LOOP('',(#3866,#3889,#3890,#3891,#3914,#3937));
#3866 = ORIENTED_EDGE('',*,*,#3867,.F.);
#3867 = EDGE_CURVE('',#1244,#3868,#3870,.T.);
#3868 = VERTEX_POINT('',#3869);
#3869 = CARTESIAN_POINT('',(-1.01,-0.65,0.2));
#3870 = SURFACE_CURVE('',#3871,(#3875,#3882),.PCURVE_S1.);
#3871 = LINE('',#3872,#3873);
#3872 = CARTESIAN_POINT('',(-1.01,-0.65,0.2));
#3873 = VECTOR('',#3874,1.);
#3874 = DIRECTION('',(-1.,-0.,-0.));
#3875 = PCURVE('',#1259,#3876);
#3876 = DEFINITIONAL_REPRESENTATION('',(#3877),#3881);
#3877 = LINE('',#3878,#3879);
#3878 = CARTESIAN_POINT('',(0.,0.));
#3879 = VECTOR('',#3880,1.);
#3880 = DIRECTION('',(0.,-1.));
#3881 = ( GEOMETRIC_REPRESENTATION_CONTEXT(2) 
PARAMETRIC_REPRESENTATION_CONTEXT() REPRESENTATION_CONTEXT('2D SPACE',''
  ) );
#3882 = PCURVE('',#1285,#3883);
#3883 = DEFINITIONAL_REPRESENTATION('',(#3884),#3888);
#3884 = LINE('',#3885,#3886);
#3885 = CARTESIAN_POINT('',(-0.3,1.E-01));
#3886 = VECTOR('',#3887,1.);
#3887 = DIRECTION('',(-1.,0.));
#3888 = ( GEOMETRIC_REPRESENTATION_CONTEXT(2) 
PARAMETRIC_REPRESENTATION_CONTEXT() REPRESENTATION_CONTEXT('2D SPACE',''
  ) );
#3889 = ORIENTED_EDGE('',*,*,#1243,.T.);
#3890 = ORIENTED_EDGE('',*,*,#1615,.F.);
#3891 = ORIENTED_EDGE('',*,*,#3892,.T.);
#3892 = EDGE_CURVE('',#1583,#3893,#3895,.T.);
#3893 = VERTEX_POINT('',#3894);
#3894 = CARTESIAN_POINT('',(-0.71,-0.65,0.));
#3895 = SURFACE_CURVE('',#3896,(#3900,#3907),.PCURVE_S1.);
#3896 = LINE('',#3897,#3898);
#3897 = CARTESIAN_POINT('',(-0.71,-0.65,0.2));
#3898 = VECTOR('',#3899,1.);
#3899 = DIRECTION('',(-0.,-0.,-1.));
#3900 = PCURVE('',#1259,#3901);
#3901 = DEFINITIONAL_REPRESENTATION('',(#3902),#3906);
#3902 = LINE('',#3903,#3904);
#3903 = CARTESIAN_POINT('',(0.,0.3));
#3904 = VECTOR('',#3905,1.);
#3905 = DIRECTION('',(1.,0.));
#3906 = ( GEOMETRIC_REPRESENTATION_CONTEXT(2) 
PARAMETRIC_REPRESENTATION_CONTEXT() REPRESENTATION_CONTEXT('2D SPACE',''
  ) );
#3907 = PCURVE('',#1603,#3908);
#3908 = DEFINITIONAL_REPRESENTATION('',(#3909),#3913);
#3909 = LINE('',#3910,#3911);
#3910 = CARTESIAN_POINT('',(1.570796326795,0.));
#3911 = VECTOR('',#3912,1.);
#3912 = DIRECTION('',(0.,1.));
#3913 = ( GEOMETRIC_REPRESENTATION_CONTEXT(2) 
PARAMETRIC_REPRESENTATION_CONTEXT() REPRESENTATION_CONTEXT('2D SPACE',''
  ) );
#3914 = ORIENTED_EDGE('',*,*,#3915,.T.);
#3915 = EDGE_CURVE('',#3893,#3916,#3918,.T.);
#3916 = VERTEX_POINT('',#3917);
#3917 = CARTESIAN_POINT('',(-1.01,-0.65,0.));
#3918 = SURFACE_CURVE('',#3919,(#3923,#3930),.PCURVE_S1.);
#3919 = LINE('',#3920,#3921);
#3920 = CARTESIAN_POINT('',(-1.01,-0.65,0.));
#3921 = VECTOR('',#3922,1.);
#3922 = DIRECTION('',(-1.,-0.,-0.));
#3923 = PCURVE('',#1259,#3924);
#3924 = DEFINITIONAL_REPRESENTATION('',(#3925),#3929);
#3925 = LINE('',#3926,#3927);
#3926 = CARTESIAN_POINT('',(0.2,0.));
#3927 = VECTOR('',#3928,1.);
#3928 = DIRECTION('',(0.,-1.));
#3929 = ( GEOMETRIC_REPRESENTATION_CONTEXT(2) 
PARAMETRIC_REPRESENTATION_CONTEXT() REPRESENTATION_CONTEXT('2D SPACE',''
  ) );
#3930 = PCURVE('',#3150,#3931);
#3931 = DEFINITIONAL_REPRESENTATION('',(#3932),#3936);
#3932 = LINE('',#3933,#3934);
#3933 = CARTESIAN_POINT('',(-0.3,1.E-01));
#3934 = VECTOR('',#3935,1.);
#3935 = DIRECTION('',(-1.,0.));
#3936 = ( GEOMETRIC_REPRESENTATION_CONTEXT(2) 
PARAMETRIC_REPRESENTATION_CONTEXT() REPRESENTATION_CONTEXT('2D SPACE',''
  ) );
#3937 = ORIENTED_EDGE('',*,*,#3938,.F.);
#3938 = EDGE_CURVE('',#3868,#3916,#3939,.T.);
#3939 = SURFACE_CURVE('',#3940,(#3944,#3951),.PCURVE_S1.);
#3940 = LINE('',#3941,#3942);
#3941 = CARTESIAN_POINT('',(-1.01,-0.65,0.2));
#3942 = VECTOR('',#3943,1.);
#3943 = DIRECTION('',(-0.,-0.,-1.));
#3944 = PCURVE('',#1259,#3945);
#3945 = DEFINITIONAL_REPRESENTATION('',(#3946),#3950);
#3946 = LINE('',#3947,#3948);
#3947 = CARTESIAN_POINT('',(0.,0.));
#3948 = VECTOR('',#3949,1.);
#3949 = DIRECTION('',(1.,0.));
#3950 = ( GEOMETRIC_REPRESENTATION_CONTEXT(2) 
PARAMETRIC_REPRESENTATION_CONTEXT() REPRESENTATION_CONTEXT('2D SPACE',''
  ) );
#3951 = PCURVE('',#3122,#3952);
#3952 = DEFINITIONAL_REPRESENTATION('',(#3953),#3957);
#3953 = LINE('',#3954,#3955);
#3954 = CARTESIAN_POINT('',(0.,0.));
#3955 = VECTOR('',#3956,1.);
#3956 = DIRECTION('',(1.,-0.));
#3957 = ( GEOMETRIC_REPRESENTATION_CONTEXT(2) 
PARAMETRIC_REPRESENTATION_CONTEXT() REPRESENTATION_CONTEXT('2D SPACE',''
  ) );
#3958 = ADVANCED_FACE('',(#3959),#1285,.T.);
#3959 = FACE_BOUND('',#3960,.T.);
#3960 = EDGE_LOOP('',(#3961,#3962,#3963,#3984));
#3961 = ORIENTED_EDGE('',*,*,#1271,.F.);
#3962 = ORIENTED_EDGE('',*,*,#3867,.T.);
#3963 = ORIENTED_EDGE('',*,*,#3964,.T.);
#3964 = EDGE_CURVE('',#3868,#3084,#3965,.T.);
#3965 = SURFACE_CURVE('',#3966,(#3970,#3977),.PCURVE_S1.);
#3966 = LINE('',#3967,#3968);
#3967 = CARTESIAN_POINT('',(-1.01,-0.65,0.2));
#3968 = VECTOR('',#3969,1.);
#3969 = DIRECTION('',(0.,-1.,0.));
#3970 = PCURVE('',#1285,#3971);
#3971 = DEFINITIONAL_REPRESENTATION('',(#3972),#3976);
#3972 = LINE('',#3973,#3974);
#3973 = CARTESIAN_POINT('',(-0.3,1.E-01));
#3974 = VECTOR('',#3975,1.);
#3975 = DIRECTION('',(0.,-1.));
#3976 = ( GEOMETRIC_REPRESENTATION_CONTEXT(2) 
PARAMETRIC_REPRESENTATION_CONTEXT() REPRESENTATION_CONTEXT('2D SPACE',''
  ) );
#3977 = PCURVE('',#3122,#3978);
#3978 = DEFINITIONAL_REPRESENTATION('',(#3979),#3983);
#3979 = LINE('',#3980,#3981);
#3980 = CARTESIAN_POINT('',(0.,0.));
#3981 = VECTOR('',#3982,1.);
#3982 = DIRECTION('',(-0.,-1.));
#3983 = ( GEOMETRIC_REPRESENTATION_CONTEXT(2) 
PARAMETRIC_REPRESENTATION_CONTEXT() REPRESENTATION_CONTEXT('2D SPACE',''
  ) );
#3984 = ORIENTED_EDGE('',*,*,#3083,.T.);
#3985 = ADVANCED_FACE('',(#3986),#1340,.T.);
#3986 = FACE_BOUND('',#3987,.T.);
#3987 = EDGE_LOOP('',(#3988,#4009,#4010,#4011));
#3988 = ORIENTED_EDGE('',*,*,#3989,.F.);
#3989 = EDGE_CURVE('',#1430,#3034,#3990,.T.);
#3990 = SURFACE_CURVE('',#3991,(#3995,#4002),.PCURVE_S1.);
#3991 = LINE('',#3992,#3993);
#3992 = CARTESIAN_POINT('',(1.01,-0.65,0.));
#3993 = VECTOR('',#3994,1.);
#3994 = DIRECTION('',(0.,-1.,0.));
#3995 = PCURVE('',#1340,#3996);
#3996 = DEFINITIONAL_REPRESENTATION('',(#3997),#4001);
#3997 = LINE('',#3998,#3999);
#3998 = CARTESIAN_POINT('',(0.2,0.));
#3999 = VECTOR('',#4000,1.);
#4000 = DIRECTION('',(-0.,-1.));
#4001 = ( GEOMETRIC_REPRESENTATION_CONTEXT(2) 
PARAMETRIC_REPRESENTATION_CONTEXT() REPRESENTATION_CONTEXT('2D SPACE',''
  ) );
#4002 = PCURVE('',#1466,#4003);
#4003 = DEFINITIONAL_REPRESENTATION('',(#4004),#4008);
#4004 = LINE('',#4005,#4006);
#4005 = CARTESIAN_POINT('',(-0.3,-1.E-01));
#4006 = VECTOR('',#4007,1.);
#4007 = DIRECTION('',(0.,1.));
#4008 = ( GEOMETRIC_REPRESENTATION_CONTEXT(2) 
PARAMETRIC_REPRESENTATION_CONTEXT() REPRESENTATION_CONTEXT('2D SPACE',''
  ) );
#4009 = ORIENTED_EDGE('',*,*,#1429,.F.);
#4010 = ORIENTED_EDGE('',*,*,#1324,.T.);
#4011 = ORIENTED_EDGE('',*,*,#3056,.T.);
#4012 = ADVANCED_FACE('',(#4013),#1394,.T.);
#4013 = FACE_BOUND('',#4014,.T.);
#4014 = EDGE_LOOP('',(#4015,#4038,#4039,#4040));
#4015 = ORIENTED_EDGE('',*,*,#4016,.F.);
#4016 = EDGE_CURVE('',#1483,#4017,#4019,.T.);
#4017 = VERTEX_POINT('',#4018);
#4018 = CARTESIAN_POINT('',(0.61,-0.75,0.));
#4019 = SURFACE_CURVE('',#4020,(#4024,#4031),.PCURVE_S1.);
#4020 = LINE('',#4021,#4022);
#4021 = CARTESIAN_POINT('',(0.61,-0.75,0.2));
#4022 = VECTOR('',#4023,1.);
#4023 = DIRECTION('',(-0.,-0.,-1.));
#4024 = PCURVE('',#1394,#4025);
#4025 = DEFINITIONAL_REPRESENTATION('',(#4026),#4030);
#4026 = LINE('',#4027,#4028);
#4027 = CARTESIAN_POINT('',(0.,0.));
#4028 = VECTOR('',#4029,1.);
#4029 = DIRECTION('',(0.,1.));
#4030 = ( GEOMETRIC_REPRESENTATION_CONTEXT(2) 
PARAMETRIC_REPRESENTATION_CONTEXT() REPRESENTATION_CONTEXT('2D SPACE',''
  ) );
#4031 = PCURVE('',#1523,#4032);
#4032 = DEFINITIONAL_REPRESENTATION('',(#4033),#4037);
#4033 = LINE('',#4034,#4035);
#4034 = CARTESIAN_POINT('',(6.28318530718,0.));
#4035 = VECTOR('',#4036,1.);
#4036 = DIRECTION('',(0.,1.));
#4037 = ( GEOMETRIC_REPRESENTATION_CONTEXT(2) 
PARAMETRIC_REPRESENTATION_CONTEXT() REPRESENTATION_CONTEXT('2D SPACE',''
  ) );
#4038 = ORIENTED_EDGE('',*,*,#1482,.T.);
#4039 = ORIENTED_EDGE('',*,*,#1376,.T.);
#4040 = ORIENTED_EDGE('',*,*,#4041,.F.);
#4041 = EDGE_CURVE('',#4017,#1379,#4042,.T.);
#4042 = SURFACE_CURVE('',#4043,(#4048,#4055),.PCURVE_S1.);
#4043 = CIRCLE('',#4044,0.1);
#4044 = AXIS2_PLACEMENT_3D('',#4045,#4046,#4047);
#4045 = CARTESIAN_POINT('',(0.71,-0.75,0.));
#4046 = DIRECTION('',(-0.,0.,-1.));
#4047 = DIRECTION('',(-1.,0.,0.));
#4048 = PCURVE('',#1394,#4049);
#4049 = DEFINITIONAL_REPRESENTATION('',(#4050),#4054);
#4050 = LINE('',#4051,#4052);
#4051 = CARTESIAN_POINT('',(0.,0.2));
#4052 = VECTOR('',#4053,1.);
#4053 = DIRECTION('',(1.,0.));
#4054 = ( GEOMETRIC_REPRESENTATION_CONTEXT(2) 
PARAMETRIC_REPRESENTATION_CONTEXT() REPRESENTATION_CONTEXT('2D SPACE',''
  ) );
#4055 = PCURVE('',#1466,#4056);
#4056 = DEFINITIONAL_REPRESENTATION('',(#4057),#4065);
#4057 = ( BOUNDED_CURVE() B_SPLINE_CURVE(2,(#4058,#4059,#4060,#4061,
#4062,#4063,#4064),.UNSPECIFIED.,.T.,.F.) B_SPLINE_CURVE_WITH_KNOTS((1,2
    ,2,2,2,1),(-2.094395102393,0.,2.094395102393,4.188790204786,
6.28318530718,8.377580409573),.UNSPECIFIED.) CURVE() 
GEOMETRIC_REPRESENTATION_ITEM() RATIONAL_B_SPLINE_CURVE((1.,0.5,1.,0.5,
1.,0.5,1.)) REPRESENTATION_ITEM('') );
#4058 = CARTESIAN_POINT('',(0.1,0.));
#4059 = CARTESIAN_POINT('',(0.1,-0.173205080757));
#4060 = CARTESIAN_POINT('',(-5.E-02,-8.660254037844E-02));
#4061 = CARTESIAN_POINT('',(-0.2,-2.449293598295E-17));
#4062 = CARTESIAN_POINT('',(-5.E-02,8.660254037844E-02));
#4063 = CARTESIAN_POINT('',(1.E-01,0.173205080757));
#4064 = CARTESIAN_POINT('',(0.1,0.));
#4065 = ( GEOMETRIC_REPRESENTATION_CONTEXT(2) 
PARAMETRIC_REPRESENTATION_CONTEXT() REPRESENTATION_CONTEXT('2D SPACE',''
  ) );
#4066 = ADVANCED_FACE('',(#4067),#1466,.F.);
#4067 = FACE_BOUND('',#4068,.T.);
#4068 = EDGE_LOOP('',(#4069,#4070,#4071,#4097,#4098));
#4069 = ORIENTED_EDGE('',*,*,#3989,.T.);
#4070 = ORIENTED_EDGE('',*,*,#3033,.T.);
#4071 = ORIENTED_EDGE('',*,*,#4072,.T.);
#4072 = EDGE_CURVE('',#3011,#4017,#4073,.T.);
#4073 = SURFACE_CURVE('',#4074,(#4079,#4090),.PCURVE_S1.);
#4074 = CIRCLE('',#4075,0.1);
#4075 = AXIS2_PLACEMENT_3D('',#4076,#4077,#4078);
#4076 = CARTESIAN_POINT('',(0.71,-0.75,0.));
#4077 = DIRECTION('',(-0.,0.,-1.));
#4078 = DIRECTION('',(-1.,0.,0.));
#4079 = PCURVE('',#1466,#4080);
#4080 = DEFINITIONAL_REPRESENTATION('',(#4081),#4089);
#4081 = ( BOUNDED_CURVE() B_SPLINE_CURVE(2,(#4082,#4083,#4084,#4085,
#4086,#4087,#4088),.UNSPECIFIED.,.T.,.F.) B_SPLINE_CURVE_WITH_KNOTS((1,2
    ,2,2,2,1),(-2.094395102393,0.,2.094395102393,4.188790204786,
6.28318530718,8.377580409573),.UNSPECIFIED.) CURVE() 
GEOMETRIC_REPRESENTATION_ITEM() RATIONAL_B_SPLINE_CURVE((1.,0.5,1.,0.5,
1.,0.5,1.)) REPRESENTATION_ITEM('') );
#4082 = CARTESIAN_POINT('',(0.1,0.));
#4083 = CARTESIAN_POINT('',(0.1,-0.173205080757));
#4084 = CARTESIAN_POINT('',(-5.E-02,-8.660254037844E-02));
#4085 = CARTESIAN_POINT('',(-0.2,-2.449293598295E-17));
#4086 = CARTESIAN_POINT('',(-5.E-02,8.660254037844E-02));
#4087 = CARTESIAN_POINT('',(1.E-01,0.173205080757));
#4088 = CARTESIAN_POINT('',(0.1,0.));
#4089 = ( GEOMETRIC_REPRESENTATION_CONTEXT(2) 
PARAMETRIC_REPRESENTATION_CONTEXT() REPRESENTATION_CONTEXT('2D SPACE',''
  ) );
#4090 = PCURVE('',#1523,#4091);
#4091 = DEFINITIONAL_REPRESENTATION('',(#4092),#4096);
#4092 = LINE('',#4093,#4094);
#4093 = CARTESIAN_POINT('',(0.,0.2));
#4094 = VECTOR('',#4095,1.);
#4095 = DIRECTION('',(1.,0.));
#4096 = ( GEOMETRIC_REPRESENTATION_CONTEXT(2) 
PARAMETRIC_REPRESENTATION_CONTEXT() REPRESENTATION_CONTEXT('2D SPACE',''
  ) );
#4097 = ORIENTED_EDGE('',*,*,#4041,.T.);
#4098 = ORIENTED_EDGE('',*,*,#1452,.T.);
#4099 = ADVANCED_FACE('',(#4100),#1523,.T.);
#4100 = FACE_BOUND('',#4101,.T.);
#4101 = EDGE_LOOP('',(#4102,#4103,#4104,#4105));
#4102 = ORIENTED_EDGE('',*,*,#1506,.T.);
#4103 = ORIENTED_EDGE('',*,*,#4016,.T.);
#4104 = ORIENTED_EDGE('',*,*,#4072,.F.);
#4105 = ORIENTED_EDGE('',*,*,#3010,.F.);
#4106 = ADVANCED_FACE('',(#4107),#1603,.T.);
#4107 = FACE_BOUND('',#4108,.T.);
#4108 = EDGE_LOOP('',(#4109,#4110,#4111,#4133));
#4109 = ORIENTED_EDGE('',*,*,#1582,.F.);
#4110 = ORIENTED_EDGE('',*,*,#3162,.T.);
#4111 = ORIENTED_EDGE('',*,*,#4112,.T.);
#4112 = EDGE_CURVE('',#3135,#3893,#4113,.T.);
#4113 = SURFACE_CURVE('',#4114,(#4119,#4126),.PCURVE_S1.);
#4114 = CIRCLE('',#4115,0.1);
#4115 = AXIS2_PLACEMENT_3D('',#4116,#4117,#4118);
#4116 = CARTESIAN_POINT('',(-0.71,-0.75,0.));
#4117 = DIRECTION('',(0.,0.,1.));
#4118 = DIRECTION('',(1.,0.,-0.));
#4119 = PCURVE('',#1603,#4120);
#4120 = DEFINITIONAL_REPRESENTATION('',(#4121),#4125);
#4121 = LINE('',#4122,#4123);
#4122 = CARTESIAN_POINT('',(9.424777960769,0.2));
#4123 = VECTOR('',#4124,1.);
#4124 = DIRECTION('',(-1.,0.));
#4125 = ( GEOMETRIC_REPRESENTATION_CONTEXT(2) 
PARAMETRIC_REPRESENTATION_CONTEXT() REPRESENTATION_CONTEXT('2D SPACE',''
  ) );
#4126 = PCURVE('',#3150,#4127);
#4127 = DEFINITIONAL_REPRESENTATION('',(#4128),#4132);
#4128 = CIRCLE('',#4129,0.1);
#4129 = AXIS2_PLACEMENT_2D('',#4130,#4131);
#4130 = CARTESIAN_POINT('',(0.,0.));
#4131 = DIRECTION('',(1.,0.));
#4132 = ( GEOMETRIC_REPRESENTATION_CONTEXT(2) 
PARAMETRIC_REPRESENTATION_CONTEXT() REPRESENTATION_CONTEXT('2D SPACE',''
  ) );
#4133 = ORIENTED_EDGE('',*,*,#3892,.F.);
#4134 = ADVANCED_FACE('',(#4135),#1681,.T.);
#4135 = FACE_BOUND('',#4136,.T.);
#4136 = EDGE_LOOP('',(#4137,#4138,#4139,#4161));
#4137 = ORIENTED_EDGE('',*,*,#1660,.F.);
#4138 = ORIENTED_EDGE('',*,*,#3843,.T.);
#4139 = ORIENTED_EDGE('',*,*,#4140,.T.);
#4140 = EDGE_CURVE('',#3821,#3666,#4141,.T.);
#4141 = SURFACE_CURVE('',#4142,(#4147,#4154),.PCURVE_S1.);
#4142 = CIRCLE('',#4143,0.1);
#4143 = AXIS2_PLACEMENT_3D('',#4144,#4145,#4146);
#4144 = CARTESIAN_POINT('',(-0.71,-0.25,0.));
#4145 = DIRECTION('',(0.,0.,1.));
#4146 = DIRECTION('',(1.,0.,-0.));
#4147 = PCURVE('',#1681,#4148);
#4148 = DEFINITIONAL_REPRESENTATION('',(#4149),#4153);
#4149 = LINE('',#4150,#4151);
#4150 = CARTESIAN_POINT('',(9.424777960769,0.2));
#4151 = VECTOR('',#4152,1.);
#4152 = DIRECTION('',(-1.,0.));
#4153 = ( GEOMETRIC_REPRESENTATION_CONTEXT(2) 
PARAMETRIC_REPRESENTATION_CONTEXT() REPRESENTATION_CONTEXT('2D SPACE',''
  ) );
#4154 = PCURVE('',#3704,#4155);
#4155 = DEFINITIONAL_REPRESENTATION('',(#4156),#4160);
#4156 = CIRCLE('',#4157,0.1);
#4157 = AXIS2_PLACEMENT_2D('',#4158,#4159);
#4158 = CARTESIAN_POINT('',(0.,0.));
#4159 = DIRECTION('',(1.,0.));
#4160 = ( GEOMETRIC_REPRESENTATION_CONTEXT(2) 
PARAMETRIC_REPRESENTATION_CONTEXT() REPRESENTATION_CONTEXT('2D SPACE',''
  ) );
#4161 = ORIENTED_EDGE('',*,*,#3665,.F.);
#4162 = ADVANCED_FACE('',(#4163),#1759,.T.);
#4163 = FACE_BOUND('',#4164,.T.);
#4164 = EDGE_LOOP('',(#4165,#4166,#4167,#4189));
#4165 = ORIENTED_EDGE('',*,*,#1738,.F.);
#4166 = ORIENTED_EDGE('',*,*,#3616,.T.);
#4167 = ORIENTED_EDGE('',*,*,#4168,.T.);
#4168 = EDGE_CURVE('',#3594,#3439,#4169,.T.);
#4169 = SURFACE_CURVE('',#4170,(#4175,#4182),.PCURVE_S1.);
#4170 = CIRCLE('',#4171,0.1);
#4171 = AXIS2_PLACEMENT_3D('',#4172,#4173,#4174);
#4172 = CARTESIAN_POINT('',(-0.71,0.25,0.));
#4173 = DIRECTION('',(0.,0.,1.));
#4174 = DIRECTION('',(1.,0.,-0.));
#4175 = PCURVE('',#1759,#4176);
#4176 = DEFINITIONAL_REPRESENTATION('',(#4177),#4181);
#4177 = LINE('',#4178,#4179);
#4178 = CARTESIAN_POINT('',(9.424777960769,0.2));
#4179 = VECTOR('',#4180,1.);
#4180 = DIRECTION('',(-1.,0.));
#4181 = ( GEOMETRIC_REPRESENTATION_CONTEXT(2) 
PARAMETRIC_REPRESENTATION_CONTEXT() REPRESENTATION_CONTEXT('2D SPACE',''
  ) );
#4182 = PCURVE('',#3477,#4183);
#4183 = DEFINITIONAL_REPRESENTATION('',(#4184),#4188);
#4184 = CIRCLE('',#4185,0.1);
#4185 = AXIS2_PLACEMENT_2D('',#4186,#4187);
#4186 = CARTESIAN_POINT('',(0.,0.));
#4187 = DIRECTION('',(1.,0.));
#4188 = ( GEOMETRIC_REPRESENTATION_CONTEXT(2) 
PARAMETRIC_REPRESENTATION_CONTEXT() REPRESENTATION_CONTEXT('2D SPACE',''
  ) );
#4189 = ORIENTED_EDGE('',*,*,#3438,.F.);
#4190 = ADVANCED_FACE('',(#4191),#1837,.T.);
#4191 = FACE_BOUND('',#4192,.T.);
#4192 = EDGE_LOOP('',(#4193,#4194,#4195,#4217));
#4193 = ORIENTED_EDGE('',*,*,#1816,.F.);
#4194 = ORIENTED_EDGE('',*,*,#3389,.T.);
#4195 = ORIENTED_EDGE('',*,*,#4196,.T.);
#4196 = EDGE_CURVE('',#3367,#3212,#4197,.T.);
#4197 = SURFACE_CURVE('',#4198,(#4203,#4210),.PCURVE_S1.);
#4198 = CIRCLE('',#4199,0.1);
#4199 = AXIS2_PLACEMENT_3D('',#4200,#4201,#4202);
#4200 = CARTESIAN_POINT('',(-0.71,0.75,0.));
#4201 = DIRECTION('',(0.,0.,1.));
#4202 = DIRECTION('',(1.,0.,-0.));
#4203 = PCURVE('',#1837,#4204);
#4204 = DEFINITIONAL_REPRESENTATION('',(#4205),#4209);
#4205 = LINE('',#4206,#4207);
#4206 = CARTESIAN_POINT('',(9.424777960769,0.2));
#4207 = VECTOR('',#4208,1.);
#4208 = DIRECTION('',(-1.,0.));
#4209 = ( GEOMETRIC_REPRESENTATION_CONTEXT(2) 
PARAMETRIC_REPRESENTATION_CONTEXT() REPRESENTATION_CONTEXT('2D SPACE',''
  ) );
#4210 = PCURVE('',#3250,#4211);
#4211 = DEFINITIONAL_REPRESENTATION('',(#4212),#4216);
#4212 = CIRCLE('',#4213,0.1);
#4213 = AXIS2_PLACEMENT_2D('',#4214,#4215);
#4214 = CARTESIAN_POINT('',(0.,0.));
#4215 = DIRECTION('',(1.,0.));
#4216 = ( GEOMETRIC_REPRESENTATION_CONTEXT(2) 
PARAMETRIC_REPRESENTATION_CONTEXT() REPRESENTATION_CONTEXT('2D SPACE',''
  ) );
#4217 = ORIENTED_EDGE('',*,*,#3211,.F.);
#4218 = ADVANCED_FACE('',(#4219),#1913,.T.);
#4219 = FACE_BOUND('',#4220,.T.);
#4220 = EDGE_LOOP('',(#4221,#4244,#4245,#4246));
#4221 = ORIENTED_EDGE('',*,*,#4222,.F.);
#4222 = EDGE_CURVE('',#1897,#4223,#4225,.T.);
#4223 = VERTEX_POINT('',#4224);
#4224 = CARTESIAN_POINT('',(0.61,0.75,0.));
#4225 = SURFACE_CURVE('',#4226,(#4230,#4237),.PCURVE_S1.);
#4226 = LINE('',#4227,#4228);
#4227 = CARTESIAN_POINT('',(0.61,0.75,0.2));
#4228 = VECTOR('',#4229,1.);
#4229 = DIRECTION('',(-0.,-0.,-1.));
#4230 = PCURVE('',#1913,#4231);
#4231 = DEFINITIONAL_REPRESENTATION('',(#4232),#4236);
#4232 = LINE('',#4233,#4234);
#4233 = CARTESIAN_POINT('',(0.,0.));
#4234 = VECTOR('',#4235,1.);
#4235 = DIRECTION('',(0.,1.));
#4236 = ( GEOMETRIC_REPRESENTATION_CONTEXT(2) 
PARAMETRIC_REPRESENTATION_CONTEXT() REPRESENTATION_CONTEXT('2D SPACE',''
  ) );
#4237 = PCURVE('',#1942,#4238);
#4238 = DEFINITIONAL_REPRESENTATION('',(#4239),#4243);
#4239 = LINE('',#4240,#4241);
#4240 = CARTESIAN_POINT('',(6.28318530718,0.));
#4241 = VECTOR('',#4242,1.);
#4242 = DIRECTION('',(0.,1.));
#4243 = ( GEOMETRIC_REPRESENTATION_CONTEXT(2) 
PARAMETRIC_REPRESENTATION_CONTEXT() REPRESENTATION_CONTEXT('2D SPACE',''
  ) );
#4244 = ORIENTED_EDGE('',*,*,#1896,.T.);
#4245 = ORIENTED_EDGE('',*,*,#2935,.T.);
#4246 = ORIENTED_EDGE('',*,*,#4247,.F.);
#4247 = EDGE_CURVE('',#4223,#2936,#4248,.T.);
#4248 = SURFACE_CURVE('',#4249,(#4254,#4261),.PCURVE_S1.);
#4249 = CIRCLE('',#4250,0.1);
#4250 = AXIS2_PLACEMENT_3D('',#4251,#4252,#4253);
#4251 = CARTESIAN_POINT('',(0.71,0.75,0.));
#4252 = DIRECTION('',(-0.,0.,-1.));
#4253 = DIRECTION('',(-1.,0.,0.));
#4254 = PCURVE('',#1913,#4255);
#4255 = DEFINITIONAL_REPRESENTATION('',(#4256),#4260);
#4256 = LINE('',#4257,#4258);
#4257 = CARTESIAN_POINT('',(0.,0.2));
#4258 = VECTOR('',#4259,1.);
#4259 = DIRECTION('',(1.,0.));
#4260 = ( GEOMETRIC_REPRESENTATION_CONTEXT(2) 
PARAMETRIC_REPRESENTATION_CONTEXT() REPRESENTATION_CONTEXT('2D SPACE',''
  ) );
#4261 = PCURVE('',#2822,#4262);
#4262 = DEFINITIONAL_REPRESENTATION('',(#4263),#4271);
#4263 = ( BOUNDED_CURVE() B_SPLINE_CURVE(2,(#4264,#4265,#4266,#4267,
#4268,#4269,#4270),.UNSPECIFIED.,.T.,.F.) B_SPLINE_CURVE_WITH_KNOTS((1,2
    ,2,2,2,1),(-2.094395102393,0.,2.094395102393,4.188790204786,
6.28318530718,8.377580409573),.UNSPECIFIED.) CURVE() 
GEOMETRIC_REPRESENTATION_ITEM() RATIONAL_B_SPLINE_CURVE((1.,0.5,1.,0.5,
1.,0.5,1.)) REPRESENTATION_ITEM('') );
#4264 = CARTESIAN_POINT('',(0.1,0.));
#4265 = CARTESIAN_POINT('',(0.1,-0.173205080757));
#4266 = CARTESIAN_POINT('',(-5.E-02,-8.660254037844E-02));
#4267 = CARTESIAN_POINT('',(-0.2,-2.449293598295E-17));
#4268 = CARTESIAN_POINT('',(-5.E-02,8.660254037844E-02));
#4269 = CARTESIAN_POINT('',(1.E-01,0.173205080757));
#4270 = CARTESIAN_POINT('',(0.1,0.));
#4271 = ( GEOMETRIC_REPRESENTATION_CONTEXT(2) 
PARAMETRIC_REPRESENTATION_CONTEXT() REPRESENTATION_CONTEXT('2D SPACE',''
  ) );
#4272 = ADVANCED_FACE('',(#4273),#1942,.T.);
#4273 = FACE_BOUND('',#4274,.T.);
#4274 = EDGE_LOOP('',(#4275,#4276,#4277,#4303));
#4275 = ORIENTED_EDGE('',*,*,#1925,.T.);
#4276 = ORIENTED_EDGE('',*,*,#4222,.T.);
#4277 = ORIENTED_EDGE('',*,*,#4278,.F.);
#4278 = EDGE_CURVE('',#2784,#4223,#4279,.T.);
#4279 = SURFACE_CURVE('',#4280,(#4285,#4292),.PCURVE_S1.);
#4280 = CIRCLE('',#4281,0.1);
#4281 = AXIS2_PLACEMENT_3D('',#4282,#4283,#4284);
#4282 = CARTESIAN_POINT('',(0.71,0.75,0.));
#4283 = DIRECTION('',(-0.,0.,-1.));
#4284 = DIRECTION('',(-1.,0.,0.));
#4285 = PCURVE('',#1942,#4286);
#4286 = DEFINITIONAL_REPRESENTATION('',(#4287),#4291);
#4287 = LINE('',#4288,#4289);
#4288 = CARTESIAN_POINT('',(0.,0.2));
#4289 = VECTOR('',#4290,1.);
#4290 = DIRECTION('',(1.,0.));
#4291 = ( GEOMETRIC_REPRESENTATION_CONTEXT(2) 
PARAMETRIC_REPRESENTATION_CONTEXT() REPRESENTATION_CONTEXT('2D SPACE',''
  ) );
#4292 = PCURVE('',#2822,#4293);
#4293 = DEFINITIONAL_REPRESENTATION('',(#4294),#4302);
#4294 = ( BOUNDED_CURVE() B_SPLINE_CURVE(2,(#4295,#4296,#4297,#4298,
#4299,#4300,#4301),.UNSPECIFIED.,.T.,.F.) B_SPLINE_CURVE_WITH_KNOTS((1,2
    ,2,2,2,1),(-2.094395102393,0.,2.094395102393,4.188790204786,
6.28318530718,8.377580409573),.UNSPECIFIED.) CURVE() 
GEOMETRIC_REPRESENTATION_ITEM() RATIONAL_B_SPLINE_CURVE((1.,0.5,1.,0.5,
1.,0.5,1.)) REPRESENTATION_ITEM('') );
#4295 = CARTESIAN_POINT('',(0.1,0.));
#4296 = CARTESIAN_POINT('',(0.1,-0.173205080757));
#4297 = CARTESIAN_POINT('',(-5.E-02,-8.660254037844E-02));
#4298 = CARTESIAN_POINT('',(-0.2,-2.449293598295E-17));
#4299 = CARTESIAN_POINT('',(-5.E-02,8.660254037844E-02));
#4300 = CARTESIAN_POINT('',(1.E-01,0.173205080757));
#4301 = CARTESIAN_POINT('',(0.1,0.));
#4302 = ( GEOMETRIC_REPRESENTATION_CONTEXT(2) 
PARAMETRIC_REPRESENTATION_CONTEXT() REPRESENTATION_CONTEXT('2D SPACE',''
  ) );
#4303 = ORIENTED_EDGE('',*,*,#2783,.F.);
#4304 = ADVANCED_FACE('',(#4305),#2016,.T.);
#4305 = FACE_BOUND('',#4306,.T.);
#4306 = EDGE_LOOP('',(#4307,#4330,#4331,#4332));
#4307 = ORIENTED_EDGE('',*,*,#4308,.F.);
#4308 = EDGE_CURVE('',#2000,#4309,#4311,.T.);
#4309 = VERTEX_POINT('',#4310);
#4310 = CARTESIAN_POINT('',(0.61,0.25,0.));
#4311 = SURFACE_CURVE('',#4312,(#4316,#4323),.PCURVE_S1.);
#4312 = LINE('',#4313,#4314);
#4313 = CARTESIAN_POINT('',(0.61,0.25,0.2));
#4314 = VECTOR('',#4315,1.);
#4315 = DIRECTION('',(-0.,-0.,-1.));
#4316 = PCURVE('',#2016,#4317);
#4317 = DEFINITIONAL_REPRESENTATION('',(#4318),#4322);
#4318 = LINE('',#4319,#4320);
#4319 = CARTESIAN_POINT('',(0.,0.));
#4320 = VECTOR('',#4321,1.);
#4321 = DIRECTION('',(0.,1.));
#4322 = ( GEOMETRIC_REPRESENTATION_CONTEXT(2) 
PARAMETRIC_REPRESENTATION_CONTEXT() REPRESENTATION_CONTEXT('2D SPACE',''
  ) );
#4323 = PCURVE('',#2045,#4324);
#4324 = DEFINITIONAL_REPRESENTATION('',(#4325),#4329);
#4325 = LINE('',#4326,#4327);
#4326 = CARTESIAN_POINT('',(6.28318530718,0.));
#4327 = VECTOR('',#4328,1.);
#4328 = DIRECTION('',(0.,1.));
#4329 = ( GEOMETRIC_REPRESENTATION_CONTEXT(2) 
PARAMETRIC_REPRESENTATION_CONTEXT() REPRESENTATION_CONTEXT('2D SPACE',''
  ) );
#4330 = ORIENTED_EDGE('',*,*,#1999,.T.);
#4331 = ORIENTED_EDGE('',*,*,#2708,.T.);
#4332 = ORIENTED_EDGE('',*,*,#4333,.F.);
#4333 = EDGE_CURVE('',#4309,#2709,#4334,.T.);
#4334 = SURFACE_CURVE('',#4335,(#4340,#4347),.PCURVE_S1.);
#4335 = CIRCLE('',#4336,0.1);
#4336 = AXIS2_PLACEMENT_3D('',#4337,#4338,#4339);
#4337 = CARTESIAN_POINT('',(0.71,0.25,0.));
#4338 = DIRECTION('',(-0.,0.,-1.));
#4339 = DIRECTION('',(-1.,0.,0.));
#4340 = PCURVE('',#2016,#4341);
#4341 = DEFINITIONAL_REPRESENTATION('',(#4342),#4346);
#4342 = LINE('',#4343,#4344);
#4343 = CARTESIAN_POINT('',(0.,0.2));
#4344 = VECTOR('',#4345,1.);
#4345 = DIRECTION('',(1.,0.));
#4346 = ( GEOMETRIC_REPRESENTATION_CONTEXT(2) 
PARAMETRIC_REPRESENTATION_CONTEXT() REPRESENTATION_CONTEXT('2D SPACE',''
  ) );
#4347 = PCURVE('',#2595,#4348);
#4348 = DEFINITIONAL_REPRESENTATION('',(#4349),#4357);
#4349 = ( BOUNDED_CURVE() B_SPLINE_CURVE(2,(#4350,#4351,#4352,#4353,
#4354,#4355,#4356),.UNSPECIFIED.,.T.,.F.) B_SPLINE_CURVE_WITH_KNOTS((1,2
    ,2,2,2,1),(-2.094395102393,0.,2.094395102393,4.188790204786,
6.28318530718,8.377580409573),.UNSPECIFIED.) CURVE() 
GEOMETRIC_REPRESENTATION_ITEM() RATIONAL_B_SPLINE_CURVE((1.,0.5,1.,0.5,
1.,0.5,1.)) REPRESENTATION_ITEM('') );
#4350 = CARTESIAN_POINT('',(0.1,0.));
#4351 = CARTESIAN_POINT('',(0.1,-0.173205080757));
#4352 = CARTESIAN_POINT('',(-5.E-02,-8.660254037844E-02));
#4353 = CARTESIAN_POINT('',(-0.2,-2.449293598295E-17));
#4354 = CARTESIAN_POINT('',(-5.E-02,8.660254037844E-02));
#4355 = CARTESIAN_POINT('',(1.E-01,0.173205080757));
#4356 = CARTESIAN_POINT('',(0.1,0.));
#4357 = ( GEOMETRIC_REPRESENTATION_CONTEXT(2) 
PARAMETRIC_REPRESENTATION_CONTEXT() REPRESENTATION_CONTEXT('2D SPACE',''
  ) );
#4358 = ADVANCED_FACE('',(#4359),#2045,.T.);
#4359 = FACE_BOUND('',#4360,.T.);
#4360 = EDGE_LOOP('',(#4361,#4362,#4363,#4389));
#4361 = ORIENTED_EDGE('',*,*,#2028,.T.);
#4362 = ORIENTED_EDGE('',*,*,#4308,.T.);
#4363 = ORIENTED_EDGE('',*,*,#4364,.F.);
#4364 = EDGE_CURVE('',#2557,#4309,#4365,.T.);
#4365 = SURFACE_CURVE('',#4366,(#4371,#4378),.PCURVE_S1.);
#4366 = CIRCLE('',#4367,0.1);
#4367 = AXIS2_PLACEMENT_3D('',#4368,#4369,#4370);
#4368 = CARTESIAN_POINT('',(0.71,0.25,0.));
#4369 = DIRECTION('',(-0.,0.,-1.));
#4370 = DIRECTION('',(-1.,0.,0.));
#4371 = PCURVE('',#2045,#4372);
#4372 = DEFINITIONAL_REPRESENTATION('',(#4373),#4377);
#4373 = LINE('',#4374,#4375);
#4374 = CARTESIAN_POINT('',(0.,0.2));
#4375 = VECTOR('',#4376,1.);
#4376 = DIRECTION('',(1.,0.));
#4377 = ( GEOMETRIC_REPRESENTATION_CONTEXT(2) 
PARAMETRIC_REPRESENTATION_CONTEXT() REPRESENTATION_CONTEXT('2D SPACE',''
  ) );
#4378 = PCURVE('',#2595,#4379);
#4379 = DEFINITIONAL_REPRESENTATION('',(#4380),#4388);
#4380 = ( BOUNDED_CURVE() B_SPLINE_CURVE(2,(#4381,#4382,#4383,#4384,
#4385,#4386,#4387),.UNSPECIFIED.,.T.,.F.) B_SPLINE_CURVE_WITH_KNOTS((1,2
    ,2,2,2,1),(-2.094395102393,0.,2.094395102393,4.188790204786,
6.28318530718,8.377580409573),.UNSPECIFIED.) CURVE() 
GEOMETRIC_REPRESENTATION_ITEM() RATIONAL_B_SPLINE_CURVE((1.,0.5,1.,0.5,
1.,0.5,1.)) REPRESENTATION_ITEM('') );
#4381 = CARTESIAN_POINT('',(0.1,0.));
#4382 = CARTESIAN_POINT('',(0.1,-0.173205080757));
#4383 = CARTESIAN_POINT('',(-5.E-02,-8.660254037844E-02));
#4384 = CARTESIAN_POINT('',(-0.2,-2.449293598295E-17));
#4385 = CARTESIAN_POINT('',(-5.E-02,8.660254037844E-02));
#4386 = CARTESIAN_POINT('',(1.E-01,0.173205080757));
#4387 = CARTESIAN_POINT('',(0.1,0.));
#4388 = ( GEOMETRIC_REPRESENTATION_CONTEXT(2) 
PARAMETRIC_REPRESENTATION_CONTEXT() REPRESENTATION_CONTEXT('2D SPACE',''
  ) );
#4389 = ORIENTED_EDGE('',*,*,#2556,.F.);
#4390 = ADVANCED_FACE('',(#4391),#2119,.T.);
#4391 = FACE_BOUND('',#4392,.T.);
#4392 = EDGE_LOOP('',(#4393,#4416,#4417,#4418));
#4393 = ORIENTED_EDGE('',*,*,#4394,.F.);
#4394 = EDGE_CURVE('',#2103,#4395,#4397,.T.);
#4395 = VERTEX_POINT('',#4396);
#4396 = CARTESIAN_POINT('',(0.61,-0.25,0.));
#4397 = SURFACE_CURVE('',#4398,(#4402,#4409),.PCURVE_S1.);
#4398 = LINE('',#4399,#4400);
#4399 = CARTESIAN_POINT('',(0.61,-0.25,0.2));
#4400 = VECTOR('',#4401,1.);
#4401 = DIRECTION('',(-0.,-0.,-1.));
#4402 = PCURVE('',#2119,#4403);
#4403 = DEFINITIONAL_REPRESENTATION('',(#4404),#4408);
#4404 = LINE('',#4405,#4406);
#4405 = CARTESIAN_POINT('',(0.,0.));
#4406 = VECTOR('',#4407,1.);
#4407 = DIRECTION('',(0.,1.));
#4408 = ( GEOMETRIC_REPRESENTATION_CONTEXT(2) 
PARAMETRIC_REPRESENTATION_CONTEXT() REPRESENTATION_CONTEXT('2D SPACE',''
  ) );
#4409 = PCURVE('',#2148,#4410);
#4410 = DEFINITIONAL_REPRESENTATION('',(#4411),#4415);
#4411 = LINE('',#4412,#4413);
#4412 = CARTESIAN_POINT('',(6.28318530718,0.));
#4413 = VECTOR('',#4414,1.);
#4414 = DIRECTION('',(0.,1.));
#4415 = ( GEOMETRIC_REPRESENTATION_CONTEXT(2) 
PARAMETRIC_REPRESENTATION_CONTEXT() REPRESENTATION_CONTEXT('2D SPACE',''
  ) );
#4416 = ORIENTED_EDGE('',*,*,#2102,.T.);
#4417 = ORIENTED_EDGE('',*,*,#2481,.T.);
#4418 = ORIENTED_EDGE('',*,*,#4419,.F.);
#4419 = EDGE_CURVE('',#4395,#2482,#4420,.T.);
#4420 = SURFACE_CURVE('',#4421,(#4426,#4433),.PCURVE_S1.);
#4421 = CIRCLE('',#4422,0.1);
#4422 = AXIS2_PLACEMENT_3D('',#4423,#4424,#4425);
#4423 = CARTESIAN_POINT('',(0.71,-0.25,0.));
#4424 = DIRECTION('',(-0.,0.,-1.));
#4425 = DIRECTION('',(-1.,0.,0.));
#4426 = PCURVE('',#2119,#4427);
#4427 = DEFINITIONAL_REPRESENTATION('',(#4428),#4432);
#4428 = LINE('',#4429,#4430);
#4429 = CARTESIAN_POINT('',(0.,0.2));
#4430 = VECTOR('',#4431,1.);
#4431 = DIRECTION('',(1.,0.));
#4432 = ( GEOMETRIC_REPRESENTATION_CONTEXT(2) 
PARAMETRIC_REPRESENTATION_CONTEXT() REPRESENTATION_CONTEXT('2D SPACE',''
  ) );
#4433 = PCURVE('',#2368,#4434);
#4434 = DEFINITIONAL_REPRESENTATION('',(#4435),#4443);
#4435 = ( BOUNDED_CURVE() B_SPLINE_CURVE(2,(#4436,#4437,#4438,#4439,
#4440,#4441,#4442),.UNSPECIFIED.,.T.,.F.) B_SPLINE_CURVE_WITH_KNOTS((1,2
    ,2,2,2,1),(-2.094395102393,0.,2.094395102393,4.188790204786,
6.28318530718,8.377580409573),.UNSPECIFIED.) CURVE() 
GEOMETRIC_REPRESENTATION_ITEM() RATIONAL_B_SPLINE_CURVE((1.,0.5,1.,0.5,
1.,0.5,1.)) REPRESENTATION_ITEM('') );
#4436 = CARTESIAN_POINT('',(0.1,0.));
#4437 = CARTESIAN_POINT('',(0.1,-0.173205080757));
#4438 = CARTESIAN_POINT('',(-5.E-02,-8.660254037844E-02));
#4439 = CARTESIAN_POINT('',(-0.2,-2.449293598295E-17));
#4440 = CARTESIAN_POINT('',(-5.E-02,8.660254037844E-02));
#4441 = CARTESIAN_POINT('',(1.E-01,0.173205080757));
#4442 = CARTESIAN_POINT('',(0.1,0.));
#4443 = ( GEOMETRIC_REPRESENTATION_CONTEXT(2) 
PARAMETRIC_REPRESENTATION_CONTEXT() REPRESENTATION_CONTEXT('2D SPACE',''
  ) );
#4444 = ADVANCED_FACE('',(#4445),#2148,.T.);
#4445 = FACE_BOUND('',#4446,.T.);
#4446 = EDGE_LOOP('',(#4447,#4448,#4449,#4475));
#4447 = ORIENTED_EDGE('',*,*,#2131,.T.);
#4448 = ORIENTED_EDGE('',*,*,#4394,.T.);
#4449 = ORIENTED_EDGE('',*,*,#4450,.F.);
#4450 = EDGE_CURVE('',#2330,#4395,#4451,.T.);
#4451 = SURFACE_CURVE('',#4452,(#4457,#4464),.PCURVE_S1.);
#4452 = CIRCLE('',#4453,0.1);
#4453 = AXIS2_PLACEMENT_3D('',#4454,#4455,#4456);
#4454 = CARTESIAN_POINT('',(0.71,-0.25,0.));
#4455 = DIRECTION('',(-0.,0.,-1.));
#4456 = DIRECTION('',(-1.,0.,0.));
#4457 = PCURVE('',#2148,#4458);
#4458 = DEFINITIONAL_REPRESENTATION('',(#4459),#4463);
#4459 = LINE('',#4460,#4461);
#4460 = CARTESIAN_POINT('',(0.,0.2));
#4461 = VECTOR('',#4462,1.);
#4462 = DIRECTION('',(1.,0.));
#4463 = ( GEOMETRIC_REPRESENTATION_CONTEXT(2) 
PARAMETRIC_REPRESENTATION_CONTEXT() REPRESENTATION_CONTEXT('2D SPACE',''
  ) );
#4464 = PCURVE('',#2368,#4465);
#4465 = DEFINITIONAL_REPRESENTATION('',(#4466),#4474);
#4466 = ( BOUNDED_CURVE() B_SPLINE_CURVE(2,(#4467,#4468,#4469,#4470,
#4471,#4472,#4473),.UNSPECIFIED.,.T.,.F.) B_SPLINE_CURVE_WITH_KNOTS((1,2
    ,2,2,2,1),(-2.094395102393,0.,2.094395102393,4.188790204786,
6.28318530718,8.377580409573),.UNSPECIFIED.) CURVE() 
GEOMETRIC_REPRESENTATION_ITEM() RATIONAL_B_SPLINE_CURVE((1.,0.5,1.,0.5,
1.,0.5,1.)) REPRESENTATION_ITEM('') );
#4467 = CARTESIAN_POINT('',(0.1,0.));
#4468 = CARTESIAN_POINT('',(0.1,-0.173205080757));
#4469 = CARTESIAN_POINT('',(-5.E-02,-8.660254037844E-02));
#4470 = CARTESIAN_POINT('',(-0.2,-2.449293598295E-17));
#4471 = CARTESIAN_POINT('',(-5.E-02,8.660254037844E-02));
#4472 = CARTESIAN_POINT('',(1.E-01,0.173205080757));
#4473 = CARTESIAN_POINT('',(0.1,0.));
#4474 = ( GEOMETRIC_REPRESENTATION_CONTEXT(2) 
PARAMETRIC_REPRESENTATION_CONTEXT() REPRESENTATION_CONTEXT('2D SPACE',''
  ) );
#4475 = ORIENTED_EDGE('',*,*,#2329,.F.);
#4476 = ADVANCED_FACE('',(#4477),#2202,.F.);
#4477 = FACE_BOUND('',#4478,.T.);
#4478 = EDGE_LOOP('',(#4479,#4480,#4503,#4531));
#4479 = ORIENTED_EDGE('',*,*,#2184,.F.);
#4480 = ORIENTED_EDGE('',*,*,#4481,.T.);
#4481 = EDGE_CURVE('',#2185,#4482,#4484,.T.);
#4482 = VERTEX_POINT('',#4483);
#4483 = CARTESIAN_POINT('',(-0.384653830532,-0.900899760983,0.));
#4484 = SURFACE_CURVE('',#4485,(#4489,#4496),.PCURVE_S1.);
#4485 = LINE('',#4486,#4487);
#4486 = CARTESIAN_POINT('',(-0.384653830532,-0.900899760983,0.2));
#4487 = VECTOR('',#4488,1.);
#4488 = DIRECTION('',(-0.,-0.,-1.));
#4489 = PCURVE('',#2202,#4490);
#4490 = DEFINITIONAL_REPRESENTATION('',(#4491),#4495);
#4491 = LINE('',#4492,#4493);
#4492 = CARTESIAN_POINT('',(0.,0.));
#4493 = VECTOR('',#4494,1.);
#4494 = DIRECTION('',(-1.,0.));
#4495 = ( GEOMETRIC_REPRESENTATION_CONTEXT(2) 
PARAMETRIC_REPRESENTATION_CONTEXT() REPRESENTATION_CONTEXT('2D SPACE',''
  ) );
#4496 = PCURVE('',#2312,#4497);
#4497 = DEFINITIONAL_REPRESENTATION('',(#4498),#4502);
#4498 = LINE('',#4499,#4500);
#4499 = CARTESIAN_POINT('',(0.,0.));
#4500 = VECTOR('',#4501,1.);
#4501 = DIRECTION('',(1.,0.));
#4502 = ( GEOMETRIC_REPRESENTATION_CONTEXT(2) 
PARAMETRIC_REPRESENTATION_CONTEXT() REPRESENTATION_CONTEXT('2D SPACE',''
  ) );
#4503 = ORIENTED_EDGE('',*,*,#4504,.T.);
#4504 = EDGE_CURVE('',#4482,#4505,#4507,.T.);
#4505 = VERTEX_POINT('',#4506);
#4506 = CARTESIAN_POINT('',(0.384653830532,-0.900899760983,0.));
#4507 = SURFACE_CURVE('',#4508,(#4512,#4519),.PCURVE_S1.);
#4508 = LINE('',#4509,#4510);
#4509 = CARTESIAN_POINT('',(-0.384653830532,-0.900899760983,0.));
#4510 = VECTOR('',#4511,1.);
#4511 = DIRECTION('',(1.,0.,0.));
#4512 = PCURVE('',#2202,#4513);
#4513 = DEFINITIONAL_REPRESENTATION('',(#4514),#4518);
#4514 = LINE('',#4515,#4516);
#4515 = CARTESIAN_POINT('',(-0.2,0.));
#4516 = VECTOR('',#4517,1.);
#4517 = DIRECTION('',(0.,1.));
#4518 = ( GEOMETRIC_REPRESENTATION_CONTEXT(2) 
PARAMETRIC_REPRESENTATION_CONTEXT() REPRESENTATION_CONTEXT('2D SPACE',''
  ) );
#4519 = PCURVE('',#4520,#4525);
#4520 = PLANE('',#4521);
#4521 = AXIS2_PLACEMENT_3D('',#4522,#4523,#4524);
#4522 = CARTESIAN_POINT('',(0.,0.,0.));
#4523 = DIRECTION('',(0.,0.,-1.));
#4524 = DIRECTION('',(-1.,0.,-0.));
#4525 = DEFINITIONAL_REPRESENTATION('',(#4526),#4530);
#4526 = LINE('',#4527,#4528);
#4527 = CARTESIAN_POINT('',(0.384653830532,-0.900899760983));
#4528 = VECTOR('',#4529,1.);
#4529 = DIRECTION('',(-1.,0.));
#4530 = ( GEOMETRIC_REPRESENTATION_CONTEXT(2) 
PARAMETRIC_REPRESENTATION_CONTEXT() REPRESENTATION_CONTEXT('2D SPACE',''
  ) );
#4531 = ORIENTED_EDGE('',*,*,#4532,.F.);
#4532 = EDGE_CURVE('',#2187,#4505,#4533,.T.);
#4533 = SURFACE_CURVE('',#4534,(#4538,#4545),.PCURVE_S1.);
#4534 = LINE('',#4535,#4536);
#4535 = CARTESIAN_POINT('',(0.384653830532,-0.900899760983,0.2));
#4536 = VECTOR('',#4537,1.);
#4537 = DIRECTION('',(-0.,-0.,-1.));
#4538 = PCURVE('',#2202,#4539);
#4539 = DEFINITIONAL_REPRESENTATION('',(#4540),#4544);
#4540 = LINE('',#4541,#4542);
#4541 = CARTESIAN_POINT('',(0.,0.769307661064));
#4542 = VECTOR('',#4543,1.);
#4543 = DIRECTION('',(-1.,0.));
#4544 = ( GEOMETRIC_REPRESENTATION_CONTEXT(2) 
PARAMETRIC_REPRESENTATION_CONTEXT() REPRESENTATION_CONTEXT('2D SPACE',''
  ) );
#4545 = PCURVE('',#2230,#4546);
#4546 = DEFINITIONAL_REPRESENTATION('',(#4547),#4551);
#4547 = LINE('',#4548,#4549);
#4548 = CARTESIAN_POINT('',(0.,0.));
#4549 = VECTOR('',#4550,1.);
#4550 = DIRECTION('',(-1.,0.));
#4551 = ( GEOMETRIC_REPRESENTATION_CONTEXT(2) 
PARAMETRIC_REPRESENTATION_CONTEXT() REPRESENTATION_CONTEXT('2D SPACE',''
  ) );
#4552 = ADVANCED_FACE('',(#4553),#2230,.F.);
#4553 = FACE_BOUND('',#4554,.T.);
#4554 = EDGE_LOOP('',(#4555,#4578,#4599,#4600));
#4555 = ORIENTED_EDGE('',*,*,#4556,.T.);
#4556 = EDGE_CURVE('',#4505,#4557,#4559,.T.);
#4557 = VERTEX_POINT('',#4558);
#4558 = CARTESIAN_POINT('',(0.384653830532,0.700899760983,0.));
#4559 = SURFACE_CURVE('',#4560,(#4564,#4571),.PCURVE_S1.);
#4560 = LINE('',#4561,#4562);
#4561 = CARTESIAN_POINT('',(0.384653830532,-0.900899760983,0.));
#4562 = VECTOR('',#4563,1.);
#4563 = DIRECTION('',(0.,1.,0.));
#4564 = PCURVE('',#2230,#4565);
#4565 = DEFINITIONAL_REPRESENTATION('',(#4566),#4570);
#4566 = LINE('',#4567,#4568);
#4567 = CARTESIAN_POINT('',(-0.2,0.));
#4568 = VECTOR('',#4569,1.);
#4569 = DIRECTION('',(0.,1.));
#4570 = ( GEOMETRIC_REPRESENTATION_CONTEXT(2) 
PARAMETRIC_REPRESENTATION_CONTEXT() REPRESENTATION_CONTEXT('2D SPACE',''
  ) );
#4571 = PCURVE('',#4520,#4572);
#4572 = DEFINITIONAL_REPRESENTATION('',(#4573),#4577);
#4573 = LINE('',#4574,#4575);
#4574 = CARTESIAN_POINT('',(-0.384653830532,-0.900899760983));
#4575 = VECTOR('',#4576,1.);
#4576 = DIRECTION('',(0.,1.));
#4577 = ( GEOMETRIC_REPRESENTATION_CONTEXT(2) 
PARAMETRIC_REPRESENTATION_CONTEXT() REPRESENTATION_CONTEXT('2D SPACE',''
  ) );
#4578 = ORIENTED_EDGE('',*,*,#4579,.T.);
#4579 = EDGE_CURVE('',#4557,#2215,#4580,.T.);
#4580 = SURFACE_CURVE('',#4581,(#4585,#4592),.PCURVE_S1.);
#4581 = LINE('',#4582,#4583);
#4582 = CARTESIAN_POINT('',(0.384653830532,0.700899760983,0.2));
#4583 = VECTOR('',#4584,1.);
#4584 = DIRECTION('',(0.,0.,1.));
#4585 = PCURVE('',#2230,#4586);
#4586 = DEFINITIONAL_REPRESENTATION('',(#4587),#4591);
#4587 = LINE('',#4588,#4589);
#4588 = CARTESIAN_POINT('',(0.,1.601799521966));
#4589 = VECTOR('',#4590,1.);
#4590 = DIRECTION('',(1.,0.));
#4591 = ( GEOMETRIC_REPRESENTATION_CONTEXT(2) 
PARAMETRIC_REPRESENTATION_CONTEXT() REPRESENTATION_CONTEXT('2D SPACE',''
  ) );
#4592 = PCURVE('',#2258,#4593);
#4593 = DEFINITIONAL_REPRESENTATION('',(#4594),#4598);
#4594 = LINE('',#4595,#4596);
#4595 = CARTESIAN_POINT('',(0.,0.282842712475));
#4596 = VECTOR('',#4597,1.);
#4597 = DIRECTION('',(-1.,0.));
#4598 = ( GEOMETRIC_REPRESENTATION_CONTEXT(2) 
PARAMETRIC_REPRESENTATION_CONTEXT() REPRESENTATION_CONTEXT('2D SPACE',''
  ) );
#4599 = ORIENTED_EDGE('',*,*,#2214,.F.);
#4600 = ORIENTED_EDGE('',*,*,#4532,.T.);
#4601 = ADVANCED_FACE('',(#4602),#2258,.F.);
#4602 = FACE_BOUND('',#4603,.T.);
#4603 = EDGE_LOOP('',(#4604,#4605,#4606,#4629));
#4604 = ORIENTED_EDGE('',*,*,#2242,.F.);
#4605 = ORIENTED_EDGE('',*,*,#4579,.F.);
#4606 = ORIENTED_EDGE('',*,*,#4607,.F.);
#4607 = EDGE_CURVE('',#4608,#4557,#4610,.T.);
#4608 = VERTEX_POINT('',#4609);
#4609 = CARTESIAN_POINT('',(0.184653830532,0.900899760983,0.));
#4610 = SURFACE_CURVE('',#4611,(#4615,#4622),.PCURVE_S1.);
#4611 = LINE('',#4612,#4613);
#4612 = CARTESIAN_POINT('',(0.542776795758,0.542776795758,0.));
#4613 = VECTOR('',#4614,1.);
#4614 = DIRECTION('',(0.707106781187,-0.707106781187,-0.));
#4615 = PCURVE('',#2258,#4616);
#4616 = DEFINITIONAL_REPRESENTATION('',(#4617),#4621);
#4617 = LINE('',#4618,#4619);
#4618 = CARTESIAN_POINT('',(0.2,0.506462354419));
#4619 = VECTOR('',#4620,1.);
#4620 = DIRECTION('',(0.,1.));
#4621 = ( GEOMETRIC_REPRESENTATION_CONTEXT(2) 
PARAMETRIC_REPRESENTATION_CONTEXT() REPRESENTATION_CONTEXT('2D SPACE',''
  ) );
#4622 = PCURVE('',#4520,#4623);
#4623 = DEFINITIONAL_REPRESENTATION('',(#4624),#4628);
#4624 = LINE('',#4625,#4626);
#4625 = CARTESIAN_POINT('',(-0.542776795758,0.542776795758));
#4626 = VECTOR('',#4627,1.);
#4627 = DIRECTION('',(-0.707106781187,-0.707106781187));
#4628 = ( GEOMETRIC_REPRESENTATION_CONTEXT(2) 
PARAMETRIC_REPRESENTATION_CONTEXT() REPRESENTATION_CONTEXT('2D SPACE',''
  ) );
#4629 = ORIENTED_EDGE('',*,*,#4630,.F.);
#4630 = EDGE_CURVE('',#2243,#4608,#4631,.T.);
#4631 = SURFACE_CURVE('',#4632,(#4636,#4643),.PCURVE_S1.);
#4632 = LINE('',#4633,#4634);
#4633 = CARTESIAN_POINT('',(0.184653830532,0.900899760983,0.2));
#4634 = VECTOR('',#4635,1.);
#4635 = DIRECTION('',(0.,0.,-1.));
#4636 = PCURVE('',#2258,#4637);
#4637 = DEFINITIONAL_REPRESENTATION('',(#4638),#4642);
#4638 = LINE('',#4639,#4640);
#4639 = CARTESIAN_POINT('',(0.,0.));
#4640 = VECTOR('',#4641,1.);
#4641 = DIRECTION('',(1.,0.));
#4642 = ( GEOMETRIC_REPRESENTATION_CONTEXT(2) 
PARAMETRIC_REPRESENTATION_CONTEXT() REPRESENTATION_CONTEXT('2D SPACE',''
  ) );
#4643 = PCURVE('',#2286,#4644);
#4644 = DEFINITIONAL_REPRESENTATION('',(#4645),#4649);
#4645 = LINE('',#4646,#4647);
#4646 = CARTESIAN_POINT('',(0.,0.569307661064));
#4647 = VECTOR('',#4648,1.);
#4648 = DIRECTION('',(1.,0.));
#4649 = ( GEOMETRIC_REPRESENTATION_CONTEXT(2) 
PARAMETRIC_REPRESENTATION_CONTEXT() REPRESENTATION_CONTEXT('2D SPACE',''
  ) );
#4650 = ADVANCED_FACE('',(#4651),#2286,.F.);
#4651 = FACE_BOUND('',#4652,.T.);
#4652 = EDGE_LOOP('',(#4653,#4654,#4655,#4678));
#4653 = ORIENTED_EDGE('',*,*,#2270,.F.);
#4654 = ORIENTED_EDGE('',*,*,#4630,.T.);
#4655 = ORIENTED_EDGE('',*,*,#4656,.T.);
#4656 = EDGE_CURVE('',#4608,#4657,#4659,.T.);
#4657 = VERTEX_POINT('',#4658);
#4658 = CARTESIAN_POINT('',(-0.384653830532,0.900899760983,0.));
#4659 = SURFACE_CURVE('',#4660,(#4664,#4671),.PCURVE_S1.);
#4660 = LINE('',#4661,#4662);
#4661 = CARTESIAN_POINT('',(-0.384653830532,0.900899760983,0.));
#4662 = VECTOR('',#4663,1.);
#4663 = DIRECTION('',(-1.,-0.,-0.));
#4664 = PCURVE('',#2286,#4665);
#4665 = DEFINITIONAL_REPRESENTATION('',(#4666),#4670);
#4666 = LINE('',#4667,#4668);
#4667 = CARTESIAN_POINT('',(0.2,0.));
#4668 = VECTOR('',#4669,1.);
#4669 = DIRECTION('',(0.,-1.));
#4670 = ( GEOMETRIC_REPRESENTATION_CONTEXT(2) 
PARAMETRIC_REPRESENTATION_CONTEXT() REPRESENTATION_CONTEXT('2D SPACE',''
  ) );
#4671 = PCURVE('',#4520,#4672);
#4672 = DEFINITIONAL_REPRESENTATION('',(#4673),#4677);
#4673 = LINE('',#4674,#4675);
#4674 = CARTESIAN_POINT('',(0.384653830532,0.900899760983));
#4675 = VECTOR('',#4676,1.);
#4676 = DIRECTION('',(1.,0.));
#4677 = ( GEOMETRIC_REPRESENTATION_CONTEXT(2) 
PARAMETRIC_REPRESENTATION_CONTEXT() REPRESENTATION_CONTEXT('2D SPACE',''
  ) );
#4678 = ORIENTED_EDGE('',*,*,#4679,.F.);
#4679 = EDGE_CURVE('',#2271,#4657,#4680,.T.);
#4680 = SURFACE_CURVE('',#4681,(#4685,#4692),.PCURVE_S1.);
#4681 = LINE('',#4682,#4683);
#4682 = CARTESIAN_POINT('',(-0.384653830532,0.900899760983,0.2));
#4683 = VECTOR('',#4684,1.);
#4684 = DIRECTION('',(-0.,-0.,-1.));
#4685 = PCURVE('',#2286,#4686);
#4686 = DEFINITIONAL_REPRESENTATION('',(#4687),#4691);
#4687 = LINE('',#4688,#4689);
#4688 = CARTESIAN_POINT('',(0.,0.));
#4689 = VECTOR('',#4690,1.);
#4690 = DIRECTION('',(1.,0.));
#4691 = ( GEOMETRIC_REPRESENTATION_CONTEXT(2) 
PARAMETRIC_REPRESENTATION_CONTEXT() REPRESENTATION_CONTEXT('2D SPACE',''
  ) );
#4692 = PCURVE('',#2312,#4693);
#4693 = DEFINITIONAL_REPRESENTATION('',(#4694),#4698);
#4694 = LINE('',#4695,#4696);
#4695 = CARTESIAN_POINT('',(0.,1.801799521966));
#4696 = VECTOR('',#4697,1.);
#4697 = DIRECTION('',(1.,0.));
#4698 = ( GEOMETRIC_REPRESENTATION_CONTEXT(2) 
PARAMETRIC_REPRESENTATION_CONTEXT() REPRESENTATION_CONTEXT('2D SPACE',''
  ) );
#4699 = ADVANCED_FACE('',(#4700),#2312,.F.);
#4700 = FACE_BOUND('',#4701,.T.);
#4701 = EDGE_LOOP('',(#4702,#4703,#4704,#4725));
#4702 = ORIENTED_EDGE('',*,*,#2298,.F.);
#4703 = ORIENTED_EDGE('',*,*,#4679,.T.);
#4704 = ORIENTED_EDGE('',*,*,#4705,.T.);
#4705 = EDGE_CURVE('',#4657,#4482,#4706,.T.);
#4706 = SURFACE_CURVE('',#4707,(#4711,#4718),.PCURVE_S1.);
#4707 = LINE('',#4708,#4709);
#4708 = CARTESIAN_POINT('',(-0.384653830532,-0.900899760983,0.));
#4709 = VECTOR('',#4710,1.);
#4710 = DIRECTION('',(-0.,-1.,-0.));
#4711 = PCURVE('',#2312,#4712);
#4712 = DEFINITIONAL_REPRESENTATION('',(#4713),#4717);
#4713 = LINE('',#4714,#4715);
#4714 = CARTESIAN_POINT('',(0.2,0.));
#4715 = VECTOR('',#4716,1.);
#4716 = DIRECTION('',(0.,-1.));
#4717 = ( GEOMETRIC_REPRESENTATION_CONTEXT(2) 
PARAMETRIC_REPRESENTATION_CONTEXT() REPRESENTATION_CONTEXT('2D SPACE',''
  ) );
#4718 = PCURVE('',#4520,#4719);
#4719 = DEFINITIONAL_REPRESENTATION('',(#4720),#4724);
#4720 = LINE('',#4721,#4722);
#4721 = CARTESIAN_POINT('',(0.384653830532,-0.900899760983));
#4722 = VECTOR('',#4723,1.);
#4723 = DIRECTION('',(0.,-1.));
#4724 = ( GEOMETRIC_REPRESENTATION_CONTEXT(2) 
PARAMETRIC_REPRESENTATION_CONTEXT() REPRESENTATION_CONTEXT('2D SPACE',''
  ) );
#4725 = ORIENTED_EDGE('',*,*,#4481,.F.);
#4726 = ADVANCED_FACE('',(#4727),#2368,.F.);
#4727 = FACE_BOUND('',#4728,.T.);
#4728 = EDGE_LOOP('',(#4729,#4750,#4751,#4752,#4753));
#4729 = ORIENTED_EDGE('',*,*,#4730,.T.);
#4730 = EDGE_CURVE('',#2508,#2353,#4731,.T.);
#4731 = SURFACE_CURVE('',#4732,(#4736,#4743),.PCURVE_S1.);
#4732 = LINE('',#4733,#4734);
#4733 = CARTESIAN_POINT('',(1.01,-0.15,0.));
#4734 = VECTOR('',#4735,1.);
#4735 = DIRECTION('',(0.,-1.,0.));
#4736 = PCURVE('',#2368,#4737);
#4737 = DEFINITIONAL_REPRESENTATION('',(#4738),#4742);
#4738 = LINE('',#4739,#4740);
#4739 = CARTESIAN_POINT('',(-0.3,-0.1));
#4740 = VECTOR('',#4741,1.);
#4741 = DIRECTION('',(0.,1.));
#4742 = ( GEOMETRIC_REPRESENTATION_CONTEXT(2) 
PARAMETRIC_REPRESENTATION_CONTEXT() REPRESENTATION_CONTEXT('2D SPACE',''
  ) );
#4743 = PCURVE('',#2396,#4744);
#4744 = DEFINITIONAL_REPRESENTATION('',(#4745),#4749);
#4745 = LINE('',#4746,#4747);
#4746 = CARTESIAN_POINT('',(0.2,0.));
#4747 = VECTOR('',#4748,1.);
#4748 = DIRECTION('',(-0.,-1.));
#4749 = ( GEOMETRIC_REPRESENTATION_CONTEXT(2) 
PARAMETRIC_REPRESENTATION_CONTEXT() REPRESENTATION_CONTEXT('2D SPACE',''
  ) );
#4750 = ORIENTED_EDGE('',*,*,#2352,.T.);
#4751 = ORIENTED_EDGE('',*,*,#4450,.T.);
#4752 = ORIENTED_EDGE('',*,*,#4419,.T.);
#4753 = ORIENTED_EDGE('',*,*,#2530,.T.);
#4754 = ADVANCED_FACE('',(#4755),#2396,.T.);
#4755 = FACE_BOUND('',#4756,.T.);
#4756 = EDGE_LOOP('',(#4757,#4758,#4759,#4760));
#4757 = ORIENTED_EDGE('',*,*,#4730,.F.);
#4758 = ORIENTED_EDGE('',*,*,#2507,.F.);
#4759 = ORIENTED_EDGE('',*,*,#2434,.T.);
#4760 = ORIENTED_EDGE('',*,*,#2380,.T.);
#4761 = ADVANCED_FACE('',(#4762),#2595,.F.);
#4762 = FACE_BOUND('',#4763,.T.);
#4763 = EDGE_LOOP('',(#4764,#4785,#4786,#4787,#4788));
#4764 = ORIENTED_EDGE('',*,*,#4765,.T.);
#4765 = EDGE_CURVE('',#2735,#2580,#4766,.T.);
#4766 = SURFACE_CURVE('',#4767,(#4771,#4778),.PCURVE_S1.);
#4767 = LINE('',#4768,#4769);
#4768 = CARTESIAN_POINT('',(1.01,0.35,0.));
#4769 = VECTOR('',#4770,1.);
#4770 = DIRECTION('',(0.,-1.,0.));
#4771 = PCURVE('',#2595,#4772);
#4772 = DEFINITIONAL_REPRESENTATION('',(#4773),#4777);
#4773 = LINE('',#4774,#4775);
#4774 = CARTESIAN_POINT('',(-0.3,-0.1));
#4775 = VECTOR('',#4776,1.);
#4776 = DIRECTION('',(0.,1.));
#4777 = ( GEOMETRIC_REPRESENTATION_CONTEXT(2) 
PARAMETRIC_REPRESENTATION_CONTEXT() REPRESENTATION_CONTEXT('2D SPACE',''
  ) );
#4778 = PCURVE('',#2623,#4779);
#4779 = DEFINITIONAL_REPRESENTATION('',(#4780),#4784);
#4780 = LINE('',#4781,#4782);
#4781 = CARTESIAN_POINT('',(0.2,0.));
#4782 = VECTOR('',#4783,1.);
#4783 = DIRECTION('',(-0.,-1.));
#4784 = ( GEOMETRIC_REPRESENTATION_CONTEXT(2) 
PARAMETRIC_REPRESENTATION_CONTEXT() REPRESENTATION_CONTEXT('2D SPACE',''
  ) );
#4785 = ORIENTED_EDGE('',*,*,#2579,.T.);
#4786 = ORIENTED_EDGE('',*,*,#4364,.T.);
#4787 = ORIENTED_EDGE('',*,*,#4333,.T.);
#4788 = ORIENTED_EDGE('',*,*,#2757,.T.);
#4789 = ADVANCED_FACE('',(#4790),#2623,.T.);
#4790 = FACE_BOUND('',#4791,.T.);
#4791 = EDGE_LOOP('',(#4792,#4793,#4794,#4795));
#4792 = ORIENTED_EDGE('',*,*,#4765,.F.);
#4793 = ORIENTED_EDGE('',*,*,#2734,.F.);
#4794 = ORIENTED_EDGE('',*,*,#2661,.T.);
#4795 = ORIENTED_EDGE('',*,*,#2607,.T.);
#4796 = ADVANCED_FACE('',(#4797),#2822,.F.);
#4797 = FACE_BOUND('',#4798,.T.);
#4798 = EDGE_LOOP('',(#4799,#4820,#4821,#4822,#4823));
#4799 = ORIENTED_EDGE('',*,*,#4800,.T.);
#4800 = EDGE_CURVE('',#2962,#2807,#4801,.T.);
#4801 = SURFACE_CURVE('',#4802,(#4806,#4813),.PCURVE_S1.);
#4802 = LINE('',#4803,#4804);
#4803 = CARTESIAN_POINT('',(1.01,0.85,0.));
#4804 = VECTOR('',#4805,1.);
#4805 = DIRECTION('',(0.,-1.,0.));
#4806 = PCURVE('',#2822,#4807);
#4807 = DEFINITIONAL_REPRESENTATION('',(#4808),#4812);
#4808 = LINE('',#4809,#4810);
#4809 = CARTESIAN_POINT('',(-0.3,-0.1));
#4810 = VECTOR('',#4811,1.);
#4811 = DIRECTION('',(0.,1.));
#4812 = ( GEOMETRIC_REPRESENTATION_CONTEXT(2) 
PARAMETRIC_REPRESENTATION_CONTEXT() REPRESENTATION_CONTEXT('2D SPACE',''
  ) );
#4813 = PCURVE('',#2850,#4814);
#4814 = DEFINITIONAL_REPRESENTATION('',(#4815),#4819);
#4815 = LINE('',#4816,#4817);
#4816 = CARTESIAN_POINT('',(0.2,0.));
#4817 = VECTOR('',#4818,1.);
#4818 = DIRECTION('',(-0.,-1.));
#4819 = ( GEOMETRIC_REPRESENTATION_CONTEXT(2) 
PARAMETRIC_REPRESENTATION_CONTEXT() REPRESENTATION_CONTEXT('2D SPACE',''
  ) );
#4820 = ORIENTED_EDGE('',*,*,#2806,.T.);
#4821 = ORIENTED_EDGE('',*,*,#4278,.T.);
#4822 = ORIENTED_EDGE('',*,*,#4247,.T.);
#4823 = ORIENTED_EDGE('',*,*,#2984,.T.);
#4824 = ADVANCED_FACE('',(#4825),#2850,.T.);
#4825 = FACE_BOUND('',#4826,.T.);
#4826 = EDGE_LOOP('',(#4827,#4828,#4829,#4830));
#4827 = ORIENTED_EDGE('',*,*,#4800,.F.);
#4828 = ORIENTED_EDGE('',*,*,#2961,.F.);
#4829 = ORIENTED_EDGE('',*,*,#2888,.T.);
#4830 = ORIENTED_EDGE('',*,*,#2834,.T.);
#4831 = ADVANCED_FACE('',(#4832),#3122,.F.);
#4832 = FACE_BOUND('',#4833,.T.);
#4833 = EDGE_LOOP('',(#4834,#4855,#4856,#4857));
#4834 = ORIENTED_EDGE('',*,*,#4835,.T.);
#4835 = EDGE_CURVE('',#3916,#3107,#4836,.T.);
#4836 = SURFACE_CURVE('',#4837,(#4841,#4848),.PCURVE_S1.);
#4837 = LINE('',#4838,#4839);
#4838 = CARTESIAN_POINT('',(-1.01,-0.65,0.));
#4839 = VECTOR('',#4840,1.);
#4840 = DIRECTION('',(0.,-1.,0.));
#4841 = PCURVE('',#3122,#4842);
#4842 = DEFINITIONAL_REPRESENTATION('',(#4843),#4847);
#4843 = LINE('',#4844,#4845);
#4844 = CARTESIAN_POINT('',(0.2,0.));
#4845 = VECTOR('',#4846,1.);
#4846 = DIRECTION('',(-0.,-1.));
#4847 = ( GEOMETRIC_REPRESENTATION_CONTEXT(2) 
PARAMETRIC_REPRESENTATION_CONTEXT() REPRESENTATION_CONTEXT('2D SPACE',''
  ) );
#4848 = PCURVE('',#3150,#4849);
#4849 = DEFINITIONAL_REPRESENTATION('',(#4850),#4854);
#4850 = LINE('',#4851,#4852);
#4851 = CARTESIAN_POINT('',(-0.3,1.E-01));
#4852 = VECTOR('',#4853,1.);
#4853 = DIRECTION('',(0.,-1.));
#4854 = ( GEOMETRIC_REPRESENTATION_CONTEXT(2) 
PARAMETRIC_REPRESENTATION_CONTEXT() REPRESENTATION_CONTEXT('2D SPACE',''
  ) );
#4855 = ORIENTED_EDGE('',*,*,#3106,.F.);
#4856 = ORIENTED_EDGE('',*,*,#3964,.F.);
#4857 = ORIENTED_EDGE('',*,*,#3938,.T.);
#4858 = ADVANCED_FACE('',(#4859),#3150,.F.);
#4859 = FACE_BOUND('',#4860,.T.);
#4860 = EDGE_LOOP('',(#4861,#4862,#4863,#4864));
#4861 = ORIENTED_EDGE('',*,*,#4835,.F.);
#4862 = ORIENTED_EDGE('',*,*,#3915,.F.);
#4863 = ORIENTED_EDGE('',*,*,#4112,.F.);
#4864 = ORIENTED_EDGE('',*,*,#3134,.F.);
#4865 = ADVANCED_FACE('',(#4866),#3250,.F.);
#4866 = FACE_BOUND('',#4867,.T.);
#4867 = EDGE_LOOP('',(#4868,#4889,#4890,#4891));
#4868 = ORIENTED_EDGE('',*,*,#4869,.F.);
#4869 = EDGE_CURVE('',#3235,#3344,#4870,.T.);
#4870 = SURFACE_CURVE('',#4871,(#4875,#4882),.PCURVE_S1.);
#4871 = LINE('',#4872,#4873);
#4872 = CARTESIAN_POINT('',(-1.01,0.85,0.));
#4873 = VECTOR('',#4874,1.);
#4874 = DIRECTION('',(0.,-1.,0.));
#4875 = PCURVE('',#3250,#4876);
#4876 = DEFINITIONAL_REPRESENTATION('',(#4877),#4881);
#4877 = LINE('',#4878,#4879);
#4878 = CARTESIAN_POINT('',(-0.3,0.1));
#4879 = VECTOR('',#4880,1.);
#4880 = DIRECTION('',(0.,-1.));
#4881 = ( GEOMETRIC_REPRESENTATION_CONTEXT(2) 
PARAMETRIC_REPRESENTATION_CONTEXT() REPRESENTATION_CONTEXT('2D SPACE',''
  ) );
#4882 = PCURVE('',#3276,#4883);
#4883 = DEFINITIONAL_REPRESENTATION('',(#4884),#4888);
#4884 = LINE('',#4885,#4886);
#4885 = CARTESIAN_POINT('',(0.2,0.));
#4886 = VECTOR('',#4887,1.);
#4887 = DIRECTION('',(-0.,-1.));
#4888 = ( GEOMETRIC_REPRESENTATION_CONTEXT(2) 
PARAMETRIC_REPRESENTATION_CONTEXT() REPRESENTATION_CONTEXT('2D SPACE',''
  ) );
#4889 = ORIENTED_EDGE('',*,*,#3234,.F.);
#4890 = ORIENTED_EDGE('',*,*,#4196,.F.);
#4891 = ORIENTED_EDGE('',*,*,#3366,.F.);
#4892 = ADVANCED_FACE('',(#4893),#3276,.F.);
#4893 = FACE_BOUND('',#4894,.T.);
#4894 = EDGE_LOOP('',(#4895,#4896,#4897,#4898));
#4895 = ORIENTED_EDGE('',*,*,#4869,.T.);
#4896 = ORIENTED_EDGE('',*,*,#3343,.F.);
#4897 = ORIENTED_EDGE('',*,*,#3293,.F.);
#4898 = ORIENTED_EDGE('',*,*,#3262,.T.);
#4899 = ADVANCED_FACE('',(#4900),#3477,.F.);
#4900 = FACE_BOUND('',#4901,.T.);
#4901 = EDGE_LOOP('',(#4902,#4923,#4924,#4925));
#4902 = ORIENTED_EDGE('',*,*,#4903,.F.);
#4903 = EDGE_CURVE('',#3462,#3571,#4904,.T.);
#4904 = SURFACE_CURVE('',#4905,(#4909,#4916),.PCURVE_S1.);
#4905 = LINE('',#4906,#4907);
#4906 = CARTESIAN_POINT('',(-1.01,0.35,0.));
#4907 = VECTOR('',#4908,1.);
#4908 = DIRECTION('',(0.,-1.,0.));
#4909 = PCURVE('',#3477,#4910);
#4910 = DEFINITIONAL_REPRESENTATION('',(#4911),#4915);
#4911 = LINE('',#4912,#4913);
#4912 = CARTESIAN_POINT('',(-0.3,0.1));
#4913 = VECTOR('',#4914,1.);
#4914 = DIRECTION('',(0.,-1.));
#4915 = ( GEOMETRIC_REPRESENTATION_CONTEXT(2) 
PARAMETRIC_REPRESENTATION_CONTEXT() REPRESENTATION_CONTEXT('2D SPACE',''
  ) );
#4916 = PCURVE('',#3503,#4917);
#4917 = DEFINITIONAL_REPRESENTATION('',(#4918),#4922);
#4918 = LINE('',#4919,#4920);
#4919 = CARTESIAN_POINT('',(0.2,0.));
#4920 = VECTOR('',#4921,1.);
#4921 = DIRECTION('',(-0.,-1.));
#4922 = ( GEOMETRIC_REPRESENTATION_CONTEXT(2) 
PARAMETRIC_REPRESENTATION_CONTEXT() REPRESENTATION_CONTEXT('2D SPACE',''
  ) );
#4923 = ORIENTED_EDGE('',*,*,#3461,.F.);
#4924 = ORIENTED_EDGE('',*,*,#4168,.F.);
#4925 = ORIENTED_EDGE('',*,*,#3593,.F.);
#4926 = ADVANCED_FACE('',(#4927),#3503,.F.);
#4927 = FACE_BOUND('',#4928,.T.);
#4928 = EDGE_LOOP('',(#4929,#4930,#4931,#4932));
#4929 = ORIENTED_EDGE('',*,*,#4903,.T.);
#4930 = ORIENTED_EDGE('',*,*,#3570,.F.);
#4931 = ORIENTED_EDGE('',*,*,#3520,.F.);
#4932 = ORIENTED_EDGE('',*,*,#3489,.T.);
#4933 = ADVANCED_FACE('',(#4934),#3704,.F.);
#4934 = FACE_BOUND('',#4935,.T.);
#4935 = EDGE_LOOP('',(#4936,#4957,#4958,#4959));
#4936 = ORIENTED_EDGE('',*,*,#4937,.F.);
#4937 = EDGE_CURVE('',#3689,#3798,#4938,.T.);
#4938 = SURFACE_CURVE('',#4939,(#4943,#4950),.PCURVE_S1.);
#4939 = LINE('',#4940,#4941);
#4940 = CARTESIAN_POINT('',(-1.01,-0.15,0.));
#4941 = VECTOR('',#4942,1.);
#4942 = DIRECTION('',(0.,-1.,0.));
#4943 = PCURVE('',#3704,#4944);
#4944 = DEFINITIONAL_REPRESENTATION('',(#4945),#4949);
#4945 = LINE('',#4946,#4947);
#4946 = CARTESIAN_POINT('',(-0.3,0.1));
#4947 = VECTOR('',#4948,1.);
#4948 = DIRECTION('',(0.,-1.));
#4949 = ( GEOMETRIC_REPRESENTATION_CONTEXT(2) 
PARAMETRIC_REPRESENTATION_CONTEXT() REPRESENTATION_CONTEXT('2D SPACE',''
  ) );
#4950 = PCURVE('',#3730,#4951);
#4951 = DEFINITIONAL_REPRESENTATION('',(#4952),#4956);
#4952 = LINE('',#4953,#4954);
#4953 = CARTESIAN_POINT('',(0.2,0.));
#4954 = VECTOR('',#4955,1.);
#4955 = DIRECTION('',(-0.,-1.));
#4956 = ( GEOMETRIC_REPRESENTATION_CONTEXT(2) 
PARAMETRIC_REPRESENTATION_CONTEXT() REPRESENTATION_CONTEXT('2D SPACE',''
  ) );
#4957 = ORIENTED_EDGE('',*,*,#3688,.F.);
#4958 = ORIENTED_EDGE('',*,*,#4140,.F.);
#4959 = ORIENTED_EDGE('',*,*,#3820,.F.);
#4960 = ADVANCED_FACE('',(#4961),#3730,.F.);
#4961 = FACE_BOUND('',#4962,.T.);
#4962 = EDGE_LOOP('',(#4963,#4964,#4965,#4966));
#4963 = ORIENTED_EDGE('',*,*,#4937,.T.);
#4964 = ORIENTED_EDGE('',*,*,#3797,.F.);
#4965 = ORIENTED_EDGE('',*,*,#3747,.F.);
#4966 = ORIENTED_EDGE('',*,*,#3716,.T.);
#4967 = ADVANCED_FACE('',(#4968,#5194,#5201,#5475,#5813,#6495),#4520,.T.
  );
#4968 = FACE_BOUND('',#4969,.T.);
#4969 = EDGE_LOOP('',(#4970,#5000,#5028,#5056,#5084,#5112,#5140,#5168));
#4970 = ORIENTED_EDGE('',*,*,#4971,.T.);
#4971 = EDGE_CURVE('',#4972,#4974,#4976,.T.);
#4972 = VERTEX_POINT('',#4973);
#4973 = CARTESIAN_POINT('',(7.442145088367E-02,0.237185977473,0.));
#4974 = VERTEX_POINT('',#4975);
#4975 = CARTESIAN_POINT('',(7.442145088367E-02,0.257307928693,0.));
#4976 = SURFACE_CURVE('',#4977,(#4981,#4988),.PCURVE_S1.);
#4977 = LINE('',#4978,#4979);
#4978 = CARTESIAN_POINT('',(7.442145088367E-02,0.237185977473,0.));
#4979 = VECTOR('',#4980,1.);
#4980 = DIRECTION('',(0.,1.,0.));
#4981 = PCURVE('',#4520,#4982);
#4982 = DEFINITIONAL_REPRESENTATION('',(#4983),#4987);
#4983 = LINE('',#4984,#4985);
#4984 = CARTESIAN_POINT('',(-7.442145088367E-02,0.237185977473));
#4985 = VECTOR('',#4986,1.);
#4986 = DIRECTION('',(0.,1.));
#4987 = ( GEOMETRIC_REPRESENTATION_CONTEXT(2) 
PARAMETRIC_REPRESENTATION_CONTEXT() REPRESENTATION_CONTEXT('2D SPACE',''
  ) );
#4988 = PCURVE('',#4989,#4994);
#4989 = PLANE('',#4990);
#4990 = AXIS2_PLACEMENT_3D('',#4991,#4992,#4993);
#4991 = CARTESIAN_POINT('',(7.442145088367E-02,0.237185977473,1.E-02));
#4992 = DIRECTION('',(-1.,0.,0.));
#4993 = DIRECTION('',(0.,0.,1.));
#4994 = DEFINITIONAL_REPRESENTATION('',(#4995),#4999);
#4995 = LINE('',#4996,#4997);
#4996 = CARTESIAN_POINT('',(-1.E-02,0.));
#4997 = VECTOR('',#4998,1.);
#4998 = DIRECTION('',(0.,1.));
#4999 = ( GEOMETRIC_REPRESENTATION_CONTEXT(2) 
PARAMETRIC_REPRESENTATION_CONTEXT() REPRESENTATION_CONTEXT('2D SPACE',''
  ) );
#5000 = ORIENTED_EDGE('',*,*,#5001,.T.);
#5001 = EDGE_CURVE('',#4974,#5002,#5004,.T.);
#5002 = VERTEX_POINT('',#5003);
#5003 = CARTESIAN_POINT('',(-7.557854911633E-02,0.315844514058,0.));
#5004 = SURFACE_CURVE('',#5005,(#5009,#5016),.PCURVE_S1.);
#5005 = LINE('',#5006,#5007);
#5006 = CARTESIAN_POINT('',(7.442145088367E-02,0.257307928693,0.));
#5007 = VECTOR('',#5008,1.);
#5008 = DIRECTION('',(-0.931577619485,0.363542485653,0.));
#5009 = PCURVE('',#4520,#5010);
#5010 = DEFINITIONAL_REPRESENTATION('',(#5011),#5015);
#5011 = LINE('',#5012,#5013);
#5012 = CARTESIAN_POINT('',(-7.442145088367E-02,0.257307928693));
#5013 = VECTOR('',#5014,1.);
#5014 = DIRECTION('',(0.931577619485,0.363542485653));
#5015 = ( GEOMETRIC_REPRESENTATION_CONTEXT(2) 
PARAMETRIC_REPRESENTATION_CONTEXT() REPRESENTATION_CONTEXT('2D SPACE',''
  ) );
#5016 = PCURVE('',#5017,#5022);
#5017 = PLANE('',#5018);
#5018 = AXIS2_PLACEMENT_3D('',#5019,#5020,#5021);
#5019 = CARTESIAN_POINT('',(7.442145088367E-02,0.257307928693,1.E-02));
#5020 = DIRECTION('',(-0.363542485653,-0.931577619485,0.));
#5021 = DIRECTION('',(0.931577619485,-0.363542485653,0.));
#5022 = DEFINITIONAL_REPRESENTATION('',(#5023),#5027);
#5023 = LINE('',#5024,#5025);
#5024 = CARTESIAN_POINT('',(0.,-1.E-02));
#5025 = VECTOR('',#5026,1.);
#5026 = DIRECTION('',(-1.,0.));
#5027 = ( GEOMETRIC_REPRESENTATION_CONTEXT(2) 
PARAMETRIC_REPRESENTATION_CONTEXT() REPRESENTATION_CONTEXT('2D SPACE',''
  ) );
#5028 = ORIENTED_EDGE('',*,*,#5029,.T.);
#5029 = EDGE_CURVE('',#5002,#5030,#5032,.T.);
#5030 = VERTEX_POINT('',#5031);
#5031 = CARTESIAN_POINT('',(-7.557854911633E-02,0.293893294546,0.));
#5032 = SURFACE_CURVE('',#5033,(#5037,#5044),.PCURVE_S1.);
#5033 = LINE('',#5034,#5035);
#5034 = CARTESIAN_POINT('',(-7.557854911633E-02,0.315844514058,0.));
#5035 = VECTOR('',#5036,1.);
#5036 = DIRECTION('',(0.,-1.,0.));
#5037 = PCURVE('',#4520,#5038);
#5038 = DEFINITIONAL_REPRESENTATION('',(#5039),#5043);
#5039 = LINE('',#5040,#5041);
#5040 = CARTESIAN_POINT('',(7.557854911633E-02,0.315844514058));
#5041 = VECTOR('',#5042,1.);
#5042 = DIRECTION('',(-0.,-1.));
#5043 = ( GEOMETRIC_REPRESENTATION_CONTEXT(2) 
PARAMETRIC_REPRESENTATION_CONTEXT() REPRESENTATION_CONTEXT('2D SPACE',''
  ) );
#5044 = PCURVE('',#5045,#5050);
#5045 = PLANE('',#5046);
#5046 = AXIS2_PLACEMENT_3D('',#5047,#5048,#5049);
#5047 = CARTESIAN_POINT('',(-7.557854911633E-02,0.315844514058,1.E-02));
#5048 = DIRECTION('',(1.,0.,-0.));
#5049 = DIRECTION('',(-0.,0.,-1.));
#5050 = DEFINITIONAL_REPRESENTATION('',(#5051),#5055);
#5051 = LINE('',#5052,#5053);
#5052 = CARTESIAN_POINT('',(1.E-02,0.));
#5053 = VECTOR('',#5054,1.);
#5054 = DIRECTION('',(-0.,-1.));
#5055 = ( GEOMETRIC_REPRESENTATION_CONTEXT(2) 
PARAMETRIC_REPRESENTATION_CONTEXT() REPRESENTATION_CONTEXT('2D SPACE',''
  ) );
#5056 = ORIENTED_EDGE('',*,*,#5057,.T.);
#5057 = EDGE_CURVE('',#5030,#5058,#5060,.T.);
#5058 = VERTEX_POINT('',#5059);
#5059 = CARTESIAN_POINT('',(-3.350537838462E-02,0.27871608418,0.));
#5060 = SURFACE_CURVE('',#5061,(#5065,#5072),.PCURVE_S1.);
#5061 = LINE('',#5062,#5063);
#5062 = CARTESIAN_POINT('',(-7.557854911633E-02,0.293893294546,0.));
#5063 = VECTOR('',#5064,1.);
#5064 = DIRECTION('',(0.940667260544,-0.339330377275,0.));
#5065 = PCURVE('',#4520,#5066);
#5066 = DEFINITIONAL_REPRESENTATION('',(#5067),#5071);
#5067 = LINE('',#5068,#5069);
#5068 = CARTESIAN_POINT('',(7.557854911633E-02,0.293893294546));
#5069 = VECTOR('',#5070,1.);
#5070 = DIRECTION('',(-0.940667260544,-0.339330377275));
#5071 = ( GEOMETRIC_REPRESENTATION_CONTEXT(2) 
PARAMETRIC_REPRESENTATION_CONTEXT() REPRESENTATION_CONTEXT('2D SPACE',''
  ) );
#5072 = PCURVE('',#5073,#5078);
#5073 = PLANE('',#5074);
#5074 = AXIS2_PLACEMENT_3D('',#5075,#5076,#5077);
#5075 = CARTESIAN_POINT('',(-7.557854911633E-02,0.293893294546,1.E-02));
#5076 = DIRECTION('',(0.339330377275,0.940667260544,-0.));
#5077 = DIRECTION('',(-0.940667260544,0.339330377275,0.));
#5078 = DEFINITIONAL_REPRESENTATION('',(#5079),#5083);
#5079 = LINE('',#5080,#5081);
#5080 = CARTESIAN_POINT('',(0.,-1.E-02));
#5081 = VECTOR('',#5082,1.);
#5082 = DIRECTION('',(-1.,0.));
#5083 = ( GEOMETRIC_REPRESENTATION_CONTEXT(2) 
PARAMETRIC_REPRESENTATION_CONTEXT() REPRESENTATION_CONTEXT('2D SPACE',''
  ) );
#5084 = ORIENTED_EDGE('',*,*,#5085,.T.);
#5085 = EDGE_CURVE('',#5058,#5086,#5088,.T.);
#5086 = VERTEX_POINT('',#5087);
#5087 = CARTESIAN_POINT('',(-3.350537838462E-02,0.216749620766,0.));
#5088 = SURFACE_CURVE('',#5089,(#5093,#5100),.PCURVE_S1.);
#5089 = LINE('',#5090,#5091);
#5090 = CARTESIAN_POINT('',(-3.350537838462E-02,0.27871608418,0.));
#5091 = VECTOR('',#5092,1.);
#5092 = DIRECTION('',(0.,-1.,0.));
#5093 = PCURVE('',#4520,#5094);
#5094 = DEFINITIONAL_REPRESENTATION('',(#5095),#5099);
#5095 = LINE('',#5096,#5097);
#5096 = CARTESIAN_POINT('',(3.350537838462E-02,0.27871608418));
#5097 = VECTOR('',#5098,1.);
#5098 = DIRECTION('',(-0.,-1.));
#5099 = ( GEOMETRIC_REPRESENTATION_CONTEXT(2) 
PARAMETRIC_REPRESENTATION_CONTEXT() REPRESENTATION_CONTEXT('2D SPACE',''
  ) );
#5100 = PCURVE('',#5101,#5106);
#5101 = PLANE('',#5102);
#5102 = AXIS2_PLACEMENT_3D('',#5103,#5104,#5105);
#5103 = CARTESIAN_POINT('',(-3.350537838462E-02,0.27871608418,1.E-02));
#5104 = DIRECTION('',(1.,0.,-0.));
#5105 = DIRECTION('',(-0.,0.,-1.));
#5106 = DEFINITIONAL_REPRESENTATION('',(#5107),#5111);
#5107 = LINE('',#5108,#5109);
#5108 = CARTESIAN_POINT('',(1.E-02,0.));
#5109 = VECTOR('',#5110,1.);
#5110 = DIRECTION('',(-0.,-1.));
#5111 = ( GEOMETRIC_REPRESENTATION_CONTEXT(2) 
PARAMETRIC_REPRESENTATION_CONTEXT() REPRESENTATION_CONTEXT('2D SPACE',''
  ) );
#5112 = ORIENTED_EDGE('',*,*,#5113,.T.);
#5113 = EDGE_CURVE('',#5086,#5114,#5116,.T.);
#5114 = VERTEX_POINT('',#5115);
#5115 = CARTESIAN_POINT('',(-7.557854911633E-02,0.202429879912,0.));
#5116 = SURFACE_CURVE('',#5117,(#5121,#5128),.PCURVE_S1.);
#5117 = LINE('',#5118,#5119);
#5118 = CARTESIAN_POINT('',(-3.350537838462E-02,0.216749620766,0.));
#5119 = VECTOR('',#5120,1.);
#5120 = DIRECTION('',(-0.946670776072,-0.322202485606,0.));
#5121 = PCURVE('',#4520,#5122);
#5122 = DEFINITIONAL_REPRESENTATION('',(#5123),#5127);
#5123 = LINE('',#5124,#5125);
#5124 = CARTESIAN_POINT('',(3.350537838462E-02,0.216749620766));
#5125 = VECTOR('',#5126,1.);
#5126 = DIRECTION('',(0.946670776072,-0.322202485606));
#5127 = ( GEOMETRIC_REPRESENTATION_CONTEXT(2) 
PARAMETRIC_REPRESENTATION_CONTEXT() REPRESENTATION_CONTEXT('2D SPACE',''
  ) );
#5128 = PCURVE('',#5129,#5134);
#5129 = PLANE('',#5130);
#5130 = AXIS2_PLACEMENT_3D('',#5131,#5132,#5133);
#5131 = CARTESIAN_POINT('',(-3.350537838462E-02,0.216749620766,1.E-02));
#5132 = DIRECTION('',(0.322202485606,-0.946670776072,0.));
#5133 = DIRECTION('',(0.946670776072,0.322202485606,0.));
#5134 = DEFINITIONAL_REPRESENTATION('',(#5135),#5139);
#5135 = LINE('',#5136,#5137);
#5136 = CARTESIAN_POINT('',(0.,-1.E-02));
#5137 = VECTOR('',#5138,1.);
#5138 = DIRECTION('',(-1.,0.));
#5139 = ( GEOMETRIC_REPRESENTATION_CONTEXT(2) 
PARAMETRIC_REPRESENTATION_CONTEXT() REPRESENTATION_CONTEXT('2D SPACE',''
  ) );
#5140 = ORIENTED_EDGE('',*,*,#5141,.T.);
#5141 = EDGE_CURVE('',#5114,#5142,#5144,.T.);
#5142 = VERTEX_POINT('',#5143);
#5143 = CARTESIAN_POINT('',(-7.557854911633E-02,0.1804786604,0.));
#5144 = SURFACE_CURVE('',#5145,(#5149,#5156),.PCURVE_S1.);
#5145 = LINE('',#5146,#5147);
#5146 = CARTESIAN_POINT('',(-7.557854911633E-02,0.202429879912,0.));
#5147 = VECTOR('',#5148,1.);
#5148 = DIRECTION('',(0.,-1.,0.));
#5149 = PCURVE('',#4520,#5150);
#5150 = DEFINITIONAL_REPRESENTATION('',(#5151),#5155);
#5151 = LINE('',#5152,#5153);
#5152 = CARTESIAN_POINT('',(7.557854911633E-02,0.202429879912));
#5153 = VECTOR('',#5154,1.);
#5154 = DIRECTION('',(-0.,-1.));
#5155 = ( GEOMETRIC_REPRESENTATION_CONTEXT(2) 
PARAMETRIC_REPRESENTATION_CONTEXT() REPRESENTATION_CONTEXT('2D SPACE',''
  ) );
#5156 = PCURVE('',#5157,#5162);
#5157 = PLANE('',#5158);
#5158 = AXIS2_PLACEMENT_3D('',#5159,#5160,#5161);
#5159 = CARTESIAN_POINT('',(-7.557854911633E-02,0.202429879912,1.E-02));
#5160 = DIRECTION('',(1.,0.,-0.));
#5161 = DIRECTION('',(-0.,0.,-1.));
#5162 = DEFINITIONAL_REPRESENTATION('',(#5163),#5167);
#5163 = LINE('',#5164,#5165);
#5164 = CARTESIAN_POINT('',(1.E-02,0.));
#5165 = VECTOR('',#5166,1.);
#5166 = DIRECTION('',(-0.,-1.));
#5167 = ( GEOMETRIC_REPRESENTATION_CONTEXT(2) 
PARAMETRIC_REPRESENTATION_CONTEXT() REPRESENTATION_CONTEXT('2D SPACE',''
  ) );
#5168 = ORIENTED_EDGE('',*,*,#5169,.T.);
#5169 = EDGE_CURVE('',#5142,#4972,#5170,.T.);
#5170 = SURFACE_CURVE('',#5171,(#5175,#5182),.PCURVE_S1.);
#5171 = LINE('',#5172,#5173);
#5172 = CARTESIAN_POINT('',(-7.557854911633E-02,0.1804786604,0.));
#5173 = VECTOR('',#5174,1.);
#5174 = DIRECTION('',(0.93538826358,0.353622392329,0.));
#5175 = PCURVE('',#4520,#5176);
#5176 = DEFINITIONAL_REPRESENTATION('',(#5177),#5181);
#5177 = LINE('',#5178,#5179);
#5178 = CARTESIAN_POINT('',(7.557854911633E-02,0.1804786604));
#5179 = VECTOR('',#5180,1.);
#5180 = DIRECTION('',(-0.93538826358,0.353622392329));
#5181 = ( GEOMETRIC_REPRESENTATION_CONTEXT(2) 
PARAMETRIC_REPRESENTATION_CONTEXT() REPRESENTATION_CONTEXT('2D SPACE',''
  ) );
#5182 = PCURVE('',#5183,#5188);
#5183 = PLANE('',#5184);
#5184 = AXIS2_PLACEMENT_3D('',#5185,#5186,#5187);
#5185 = CARTESIAN_POINT('',(-7.557854911633E-02,0.1804786604,1.E-02));
#5186 = DIRECTION('',(-0.353622392329,0.93538826358,0.));
#5187 = DIRECTION('',(-0.93538826358,-0.353622392329,0.));
#5188 = DEFINITIONAL_REPRESENTATION('',(#5189),#5193);
#5189 = LINE('',#5190,#5191);
#5190 = CARTESIAN_POINT('',(-0.,-1.E-02));
#5191 = VECTOR('',#5192,1.);
#5192 = DIRECTION('',(-1.,0.));
#5193 = ( GEOMETRIC_REPRESENTATION_CONTEXT(2) 
PARAMETRIC_REPRESENTATION_CONTEXT() REPRESENTATION_CONTEXT('2D SPACE',''
  ) );
#5194 = FACE_BOUND('',#5195,.T.);
#5195 = EDGE_LOOP('',(#5196,#5197,#5198,#5199,#5200));
#5196 = ORIENTED_EDGE('',*,*,#4656,.F.);
#5197 = ORIENTED_EDGE('',*,*,#4607,.T.);
#5198 = ORIENTED_EDGE('',*,*,#4556,.F.);
#5199 = ORIENTED_EDGE('',*,*,#4504,.F.);
#5200 = ORIENTED_EDGE('',*,*,#4705,.F.);
#5201 = FACE_BOUND('',#5202,.T.);
#5202 = EDGE_LOOP('',(#5203,#5299,#5327,#5355,#5383));
#5203 = ORIENTED_EDGE('',*,*,#5204,.T.);
#5204 = EDGE_CURVE('',#5205,#5207,#5209,.T.);
#5205 = VERTEX_POINT('',#5206);
#5206 = CARTESIAN_POINT('',(1.307883810499E-03,0.169503050644,0.));
#5207 = VERTEX_POINT('',#5208);
#5208 = CARTESIAN_POINT('',(-7.557854911633E-02,8.955830979011E-02,
    3.388131789017E-18));
#5209 = SURFACE_CURVE('',#5210,(#5230,#5253),.PCURVE_S1.);
#5210 = B_SPLINE_CURVE_WITH_KNOTS('',3,(#5211,#5212,#5213,#5214,#5215,
    #5216,#5217,#5218,#5219,#5220,#5221,#5222,#5223,#5224,#5225,#5226,
    #5227,#5228,#5229),.UNSPECIFIED.,.F.,.F.,(4,1,1,1,1,1,1,1,1,1,1,1,1,
    1,1,1,4),(0.,6.806869584499E-02,0.133427432819,0.196146033813,
    0.257048592449,0.316882663159,0.376187208666,0.435960335364,
    0.496535236863,0.557465343481,0.61768686341,0.677943640697,
    0.738805284806,0.800949336767,0.86481466747,0.931024781079,1.),
  .UNSPECIFIED.);
#5211 = CARTESIAN_POINT('',(1.307883810499E-03,0.169503050644,0.));
#5212 = CARTESIAN_POINT('',(-1.525253865454E-03,0.169442470563,-0.));
#5213 = CARTESIAN_POINT('',(-7.078736009225E-03,0.169323722224,0.));
#5214 = CARTESIAN_POINT('',(-1.518356527103E-02,0.168238355429,0.));
#5215 = CARTESIAN_POINT('',(-2.286312021238E-02,0.166505751016,0.));
#5216 = CARTESIAN_POINT('',(-3.011303793819E-02,0.164073686737,0.));
#5217 = CARTESIAN_POINT('',(-3.692808924061E-02,0.160924873821,0.));
#5218 = CARTESIAN_POINT('',(-4.32833757941E-02,0.157020814871,0.));
#5219 = CARTESIAN_POINT('',(-4.922735455875E-02,0.152466732306,0.));
#5220 = CARTESIAN_POINT('',(-5.467858814897E-02,0.14723142487,0.));
#5221 = CARTESIAN_POINT('',(-5.955742277126E-02,0.141441552135,0.));
#5222 = CARTESIAN_POINT('',(-6.389644461024E-02,0.135250326693,0.));
#5223 = CARTESIAN_POINT('',(-6.750159345956E-02,0.128604550104,0.));
#5224 = CARTESIAN_POINT('',(-7.044717160152E-02,0.121560983835,0.));
#5225 = CARTESIAN_POINT('',(-7.278578456102E-02,0.114131947099,0.));
#5226 = CARTESIAN_POINT('',(-7.437803132943E-02,0.106285243439,0.));
#5227 = CARTESIAN_POINT('',(-7.542479412068E-02,9.80565343584E-02,0.));
#5228 = CARTESIAN_POINT('',(-7.552660330991E-02,9.242941733696E-02,-0.)
  );
#5229 = CARTESIAN_POINT('',(-7.557854911633E-02,8.955830979011E-02,
    3.388131789017E-18));
#5230 = PCURVE('',#4520,#5231);
#5231 = DEFINITIONAL_REPRESENTATION('',(#5232),#5252);
#5232 = B_SPLINE_CURVE_WITH_KNOTS('',3,(#5233,#5234,#5235,#5236,#5237,
    #5238,#5239,#5240,#5241,#5242,#5243,#5244,#5245,#5246,#5247,#5248,
    #5249,#5250,#5251),.UNSPECIFIED.,.F.,.F.,(4,1,1,1,1,1,1,1,1,1,1,1,1,
    1,1,1,4),(0.,6.806869584499E-02,0.133427432819,0.196146033813,
    0.257048592449,0.316882663159,0.376187208666,0.435960335364,
    0.496535236863,0.557465343481,0.61768686341,0.677943640697,
    0.738805284806,0.800949336767,0.86481466747,0.931024781079,1.),
  .UNSPECIFIED.);
#5233 = CARTESIAN_POINT('',(-1.307883810499E-03,0.169503050644));
#5234 = CARTESIAN_POINT('',(1.525253865454E-03,0.169442470563));
#5235 = CARTESIAN_POINT('',(7.078736009225E-03,0.169323722224));
#5236 = CARTESIAN_POINT('',(1.518356527103E-02,0.168238355429));
#5237 = CARTESIAN_POINT('',(2.286312021238E-02,0.166505751016));
#5238 = CARTESIAN_POINT('',(3.011303793819E-02,0.164073686737));
#5239 = CARTESIAN_POINT('',(3.692808924061E-02,0.160924873821));
#5240 = CARTESIAN_POINT('',(4.32833757941E-02,0.157020814871));
#5241 = CARTESIAN_POINT('',(4.922735455875E-02,0.152466732306));
#5242 = CARTESIAN_POINT('',(5.467858814897E-02,0.14723142487));
#5243 = CARTESIAN_POINT('',(5.955742277126E-02,0.141441552135));
#5244 = CARTESIAN_POINT('',(6.389644461024E-02,0.135250326693));
#5245 = CARTESIAN_POINT('',(6.750159345956E-02,0.128604550104));
#5246 = CARTESIAN_POINT('',(7.044717160152E-02,0.121560983835));
#5247 = CARTESIAN_POINT('',(7.278578456102E-02,0.114131947099));
#5248 = CARTESIAN_POINT('',(7.437803132943E-02,0.106285243439));
#5249 = CARTESIAN_POINT('',(7.542479412068E-02,9.80565343584E-02));
#5250 = CARTESIAN_POINT('',(7.552660330991E-02,9.242941733696E-02));
#5251 = CARTESIAN_POINT('',(7.557854911633E-02,8.955830979011E-02));
#5252 = ( GEOMETRIC_REPRESENTATION_CONTEXT(2) 
PARAMETRIC_REPRESENTATION_CONTEXT() REPRESENTATION_CONTEXT('2D SPACE',''
  ) );
#5253 = PCURVE('',#5254,#5293);
#5254 = B_SPLINE_SURFACE_WITH_KNOTS('',3,1,(
    (#5255,#5256)
    ,(#5257,#5258)
    ,(#5259,#5260)
    ,(#5261,#5262)
    ,(#5263,#5264)
    ,(#5265,#5266)
    ,(#5267,#5268)
    ,(#5269,#5270)
    ,(#5271,#5272)
    ,(#5273,#5274)
    ,(#5275,#5276)
    ,(#5277,#5278)
    ,(#5279,#5280)
    ,(#5281,#5282)
    ,(#5283,#5284)
    ,(#5285,#5286)
    ,(#5287,#5288)
    ,(#5289,#5290)
    ,(#5291,#5292
    )),.UNSPECIFIED.,.F.,.F.,.F.,(4,1,1,1,1,1,1,1,1,1,1,1,1,1,1,1,4),(2,
    2),(0.,6.806869584499E-02,0.133427432819,0.196146033813,
    0.257048592449,0.316882663159,0.376187208666,0.435960335364,
    0.496535236863,0.557465343481,0.61768686341,0.677943640697,
    0.738805284806,0.800949336767,0.86481466747,0.931024781079,1.),(0.,
    1.),.UNSPECIFIED.);
#5255 = CARTESIAN_POINT('',(1.307883810499E-03,0.169503050644,1.E-02));
#5256 = CARTESIAN_POINT('',(1.307883810499E-03,0.169503050644,
    6.776263578034E-18));
#5257 = CARTESIAN_POINT('',(-1.525253865454E-03,0.169442470563,1.E-02));
#5258 = CARTESIAN_POINT('',(-1.525253865454E-03,0.169442470563,
    6.776263578034E-18));
#5259 = CARTESIAN_POINT('',(-7.078736009225E-03,0.169323722224,1.E-02));
#5260 = CARTESIAN_POINT('',(-7.078736009225E-03,0.169323722224,
    6.776263578034E-18));
#5261 = CARTESIAN_POINT('',(-1.518356527103E-02,0.168238355429,1.E-02));
#5262 = CARTESIAN_POINT('',(-1.518356527103E-02,0.168238355429,
    6.776263578034E-18));
#5263 = CARTESIAN_POINT('',(-2.286312021238E-02,0.166505751016,1.E-02));
#5264 = CARTESIAN_POINT('',(-2.286312021238E-02,0.166505751016,
    6.776263578034E-18));
#5265 = CARTESIAN_POINT('',(-3.011303793819E-02,0.164073686737,1.E-02));
#5266 = CARTESIAN_POINT('',(-3.011303793819E-02,0.164073686737,
    6.776263578034E-18));
#5267 = CARTESIAN_POINT('',(-3.692808924061E-02,0.160924873821,1.E-02));
#5268 = CARTESIAN_POINT('',(-3.692808924061E-02,0.160924873821,
    6.776263578034E-18));
#5269 = CARTESIAN_POINT('',(-4.32833757941E-02,0.157020814871,1.E-02));
#5270 = CARTESIAN_POINT('',(-4.32833757941E-02,0.157020814871,
    6.776263578034E-18));
#5271 = CARTESIAN_POINT('',(-4.922735455875E-02,0.152466732306,1.E-02));
#5272 = CARTESIAN_POINT('',(-4.922735455875E-02,0.152466732306,
    6.776263578034E-18));
#5273 = CARTESIAN_POINT('',(-5.467858814897E-02,0.14723142487,1.E-02));
#5274 = CARTESIAN_POINT('',(-5.467858814897E-02,0.14723142487,
    6.776263578034E-18));
#5275 = CARTESIAN_POINT('',(-5.955742277126E-02,0.141441552135,1.E-02));
#5276 = CARTESIAN_POINT('',(-5.955742277126E-02,0.141441552135,
    6.776263578034E-18));
#5277 = CARTESIAN_POINT('',(-6.389644461024E-02,0.135250326693,1.E-02));
#5278 = CARTESIAN_POINT('',(-6.389644461024E-02,0.135250326693,
    6.776263578034E-18));
#5279 = CARTESIAN_POINT('',(-6.750159345956E-02,0.128604550104,1.E-02));
#5280 = CARTESIAN_POINT('',(-6.750159345956E-02,0.128604550104,
    6.776263578034E-18));
#5281 = CARTESIAN_POINT('',(-7.044717160152E-02,0.121560983835,1.E-02));
#5282 = CARTESIAN_POINT('',(-7.044717160152E-02,0.121560983835,
    6.776263578034E-18));
#5283 = CARTESIAN_POINT('',(-7.278578456102E-02,0.114131947099,1.E-02));
#5284 = CARTESIAN_POINT('',(-7.278578456102E-02,0.114131947099,
    6.776263578034E-18));
#5285 = CARTESIAN_POINT('',(-7.437803132943E-02,0.106285243439,1.E-02));
#5286 = CARTESIAN_POINT('',(-7.437803132943E-02,0.106285243439,
    6.776263578034E-18));
#5287 = CARTESIAN_POINT('',(-7.542479412068E-02,9.80565343584E-02,1.E-02
    ));
#5288 = CARTESIAN_POINT('',(-7.542479412068E-02,9.80565343584E-02,
    6.776263578034E-18));
#5289 = CARTESIAN_POINT('',(-7.552660330991E-02,9.242941733696E-02,
    1.E-02));
#5290 = CARTESIAN_POINT('',(-7.552660330991E-02,9.242941733696E-02,
    6.776263578034E-18));
#5291 = CARTESIAN_POINT('',(-7.557854911633E-02,8.955830979011E-02,
    1.E-02));
#5292 = CARTESIAN_POINT('',(-7.557854911633E-02,8.955830979011E-02,
    6.776263578034E-18));
#5293 = DEFINITIONAL_REPRESENTATION('',(#5294),#5298);
#5294 = LINE('',#5295,#5296);
#5295 = CARTESIAN_POINT('',(-6.486663816219E-18,1.));
#5296 = VECTOR('',#5297,1.);
#5297 = DIRECTION('',(1.,-2.22044604925E-16));
#5298 = ( GEOMETRIC_REPRESENTATION_CONTEXT(2) 
PARAMETRIC_REPRESENTATION_CONTEXT() REPRESENTATION_CONTEXT('2D SPACE',''
  ) );
#5299 = ORIENTED_EDGE('',*,*,#5300,.T.);
#5300 = EDGE_CURVE('',#5207,#5301,#5303,.T.);
#5301 = VERTEX_POINT('',#5302);
#5302 = CARTESIAN_POINT('',(-7.557854911633E-02,4.87713433267E-02,0.));
#5303 = SURFACE_CURVE('',#5304,(#5308,#5315),.PCURVE_S1.);
#5304 = LINE('',#5305,#5306);
#5305 = CARTESIAN_POINT('',(-7.557854911633E-02,8.955830979011E-02,0.));
#5306 = VECTOR('',#5307,1.);
#5307 = DIRECTION('',(0.,-1.,0.));
#5308 = PCURVE('',#4520,#5309);
#5309 = DEFINITIONAL_REPRESENTATION('',(#5310),#5314);
#5310 = LINE('',#5311,#5312);
#5311 = CARTESIAN_POINT('',(7.557854911633E-02,8.955830979011E-02));
#5312 = VECTOR('',#5313,1.);
#5313 = DIRECTION('',(-0.,-1.));
#5314 = ( GEOMETRIC_REPRESENTATION_CONTEXT(2) 
PARAMETRIC_REPRESENTATION_CONTEXT() REPRESENTATION_CONTEXT('2D SPACE',''
  ) );
#5315 = PCURVE('',#5316,#5321);
#5316 = PLANE('',#5317);
#5317 = AXIS2_PLACEMENT_3D('',#5318,#5319,#5320);
#5318 = CARTESIAN_POINT('',(-7.557854911633E-02,8.955830979011E-02,
    1.E-02));
#5319 = DIRECTION('',(1.,0.,-0.));
#5320 = DIRECTION('',(-0.,0.,-1.));
#5321 = DEFINITIONAL_REPRESENTATION('',(#5322),#5326);
#5322 = LINE('',#5323,#5324);
#5323 = CARTESIAN_POINT('',(1.E-02,0.));
#5324 = VECTOR('',#5325,1.);
#5325 = DIRECTION('',(-0.,-1.));
#5326 = ( GEOMETRIC_REPRESENTATION_CONTEXT(2) 
PARAMETRIC_REPRESENTATION_CONTEXT() REPRESENTATION_CONTEXT('2D SPACE',''
  ) );
#5327 = ORIENTED_EDGE('',*,*,#5328,.T.);
#5328 = EDGE_CURVE('',#5301,#5329,#5331,.T.);
#5329 = VERTEX_POINT('',#5330);
#5330 = CARTESIAN_POINT('',(7.442145088367E-02,4.87713433267E-02,0.));
#5331 = SURFACE_CURVE('',#5332,(#5336,#5343),.PCURVE_S1.);
#5332 = LINE('',#5333,#5334);
#5333 = CARTESIAN_POINT('',(-7.557854911633E-02,4.87713433267E-02,0.));
#5334 = VECTOR('',#5335,1.);
#5335 = DIRECTION('',(1.,0.,0.));
#5336 = PCURVE('',#4520,#5337);
#5337 = DEFINITIONAL_REPRESENTATION('',(#5338),#5342);
#5338 = LINE('',#5339,#5340);
#5339 = CARTESIAN_POINT('',(7.557854911633E-02,4.87713433267E-02));
#5340 = VECTOR('',#5341,1.);
#5341 = DIRECTION('',(-1.,0.));
#5342 = ( GEOMETRIC_REPRESENTATION_CONTEXT(2) 
PARAMETRIC_REPRESENTATION_CONTEXT() REPRESENTATION_CONTEXT('2D SPACE',''
  ) );
#5343 = PCURVE('',#5344,#5349);
#5344 = PLANE('',#5345);
#5345 = AXIS2_PLACEMENT_3D('',#5346,#5347,#5348);
#5346 = CARTESIAN_POINT('',(-7.557854911633E-02,4.87713433267E-02,1.E-02
    ));
#5347 = DIRECTION('',(0.,1.,0.));
#5348 = DIRECTION('',(0.,-0.,1.));
#5349 = DEFINITIONAL_REPRESENTATION('',(#5350),#5354);
#5350 = LINE('',#5351,#5352);
#5351 = CARTESIAN_POINT('',(-1.E-02,0.));
#5352 = VECTOR('',#5353,1.);
#5353 = DIRECTION('',(0.,1.));
#5354 = ( GEOMETRIC_REPRESENTATION_CONTEXT(2) 
PARAMETRIC_REPRESENTATION_CONTEXT() REPRESENTATION_CONTEXT('2D SPACE',''
  ) );
#5355 = ORIENTED_EDGE('',*,*,#5356,.T.);
#5356 = EDGE_CURVE('',#5329,#5357,#5359,.T.);
#5357 = VERTEX_POINT('',#5358);
#5358 = CARTESIAN_POINT('',(7.442145088367E-02,9.110175491206E-02,0.));
#5359 = SURFACE_CURVE('',#5360,(#5364,#5371),.PCURVE_S1.);
#5360 = LINE('',#5361,#5362);
#5361 = CARTESIAN_POINT('',(7.442145088367E-02,4.87713433267E-02,0.));
#5362 = VECTOR('',#5363,1.);
#5363 = DIRECTION('',(0.,1.,0.));
#5364 = PCURVE('',#4520,#5365);
#5365 = DEFINITIONAL_REPRESENTATION('',(#5366),#5370);
#5366 = LINE('',#5367,#5368);
#5367 = CARTESIAN_POINT('',(-7.442145088367E-02,4.87713433267E-02));
#5368 = VECTOR('',#5369,1.);
#5369 = DIRECTION('',(0.,1.));
#5370 = ( GEOMETRIC_REPRESENTATION_CONTEXT(2) 
PARAMETRIC_REPRESENTATION_CONTEXT() REPRESENTATION_CONTEXT('2D SPACE',''
  ) );
#5371 = PCURVE('',#5372,#5377);
#5372 = PLANE('',#5373);
#5373 = AXIS2_PLACEMENT_3D('',#5374,#5375,#5376);
#5374 = CARTESIAN_POINT('',(7.442145088367E-02,4.87713433267E-02,1.E-02)
  );
#5375 = DIRECTION('',(-1.,0.,0.));
#5376 = DIRECTION('',(0.,0.,1.));
#5377 = DEFINITIONAL_REPRESENTATION('',(#5378),#5382);
#5378 = LINE('',#5379,#5380);
#5379 = CARTESIAN_POINT('',(-1.E-02,0.));
#5380 = VECTOR('',#5381,1.);
#5381 = DIRECTION('',(0.,1.));
#5382 = ( GEOMETRIC_REPRESENTATION_CONTEXT(2) 
PARAMETRIC_REPRESENTATION_CONTEXT() REPRESENTATION_CONTEXT('2D SPACE',''
  ) );
#5383 = ORIENTED_EDGE('',*,*,#5384,.T.);
#5384 = EDGE_CURVE('',#5357,#5205,#5385,.T.);
#5385 = SURFACE_CURVE('',#5386,(#5406,#5429),.PCURVE_S1.);
#5386 = B_SPLINE_CURVE_WITH_KNOTS('',3,(#5387,#5388,#5389,#5390,#5391,
    #5392,#5393,#5394,#5395,#5396,#5397,#5398,#5399,#5400,#5401,#5402,
    #5403,#5404,#5405),.UNSPECIFIED.,.F.,.F.,(4,1,1,1,1,1,1,1,1,1,1,1,1,
    1,1,1,4),(0.,6.862508274056E-02,0.13455451362,0.198310538173,
    0.260766602858,0.321970550981,0.382576836474,0.443387162252,
    0.504977646645,0.566052666658,0.625939336804,0.68537726996,
    0.745018520241,0.805433125105,0.867648023114,0.932313794838,1.),
  .UNSPECIFIED.);
#5387 = CARTESIAN_POINT('',(7.442145088367E-02,9.110175491206E-02,0.));
#5388 = CARTESIAN_POINT('',(7.436001168042E-02,9.385752635579E-02,-0.));
#5389 = CARTESIAN_POINT('',(7.42395466583E-02,9.926082018731E-02,0.));
#5390 = CARTESIAN_POINT('',(7.332492078588E-02,0.107184557027,0.));
#5391 = CARTESIAN_POINT('',(7.173658250733E-02,0.114743516005,0.));
#5392 = CARTESIAN_POINT('',(6.957365503613E-02,0.121960943915,0.));
#5393 = CARTESIAN_POINT('',(6.679821981758E-02,0.128832142224,0.));
#5394 = CARTESIAN_POINT('',(6.337311223846E-02,0.135329622281,0.));
#5395 = CARTESIAN_POINT('',(5.932013816714E-02,0.141472278988,0.));
#5396 = CARTESIAN_POINT('',(5.46909218646E-02,0.147217443469,0.));
#5397 = CARTESIAN_POINT('',(4.953841855928E-02,0.15245018708,0.));
#5398 = CARTESIAN_POINT('',(4.390288841428E-02,0.157024483799,0.));
#5399 = CARTESIAN_POINT('',(3.784126637606E-02,0.160913207947,0.));
#5400 = CARTESIAN_POINT('',(3.134290469815E-02,0.164067154949,0.));
#5401 = CARTESIAN_POINT('',(2.4426653938E-02,0.166506651846,0.));
#5402 = CARTESIAN_POINT('',(1.70969527261E-02,0.168235861993,0.));
#5403 = CARTESIAN_POINT('',(9.343665550425E-03,0.169326068254,0.));
#5404 = CARTESIAN_POINT('',(4.026922575577E-03,0.169443165745,-0.));
#5405 = CARTESIAN_POINT('',(1.307883810499E-03,0.169503050644,0.));
#5406 = PCURVE('',#4520,#5407);
#5407 = DEFINITIONAL_REPRESENTATION('',(#5408),#5428);
#5408 = B_SPLINE_CURVE_WITH_KNOTS('',3,(#5409,#5410,#5411,#5412,#5413,
    #5414,#5415,#5416,#5417,#5418,#5419,#5420,#5421,#5422,#5423,#5424,
    #5425,#5426,#5427),.UNSPECIFIED.,.F.,.F.,(4,1,1,1,1,1,1,1,1,1,1,1,1,
    1,1,1,4),(0.,6.862508274056E-02,0.13455451362,0.198310538173,
    0.260766602858,0.321970550981,0.382576836474,0.443387162252,
    0.504977646645,0.566052666658,0.625939336804,0.68537726996,
    0.745018520241,0.805433125105,0.867648023114,0.932313794838,1.),
  .UNSPECIFIED.);
#5409 = CARTESIAN_POINT('',(-7.442145088367E-02,9.110175491206E-02));
#5410 = CARTESIAN_POINT('',(-7.436001168042E-02,9.385752635579E-02));
#5411 = CARTESIAN_POINT('',(-7.42395466583E-02,9.926082018731E-02));
#5412 = CARTESIAN_POINT('',(-7.332492078588E-02,0.107184557027));
#5413 = CARTESIAN_POINT('',(-7.173658250733E-02,0.114743516005));
#5414 = CARTESIAN_POINT('',(-6.957365503613E-02,0.121960943915));
#5415 = CARTESIAN_POINT('',(-6.679821981758E-02,0.128832142224));
#5416 = CARTESIAN_POINT('',(-6.337311223846E-02,0.135329622281));
#5417 = CARTESIAN_POINT('',(-5.932013816714E-02,0.141472278988));
#5418 = CARTESIAN_POINT('',(-5.46909218646E-02,0.147217443469));
#5419 = CARTESIAN_POINT('',(-4.953841855928E-02,0.15245018708));
#5420 = CARTESIAN_POINT('',(-4.390288841428E-02,0.157024483799));
#5421 = CARTESIAN_POINT('',(-3.784126637606E-02,0.160913207947));
#5422 = CARTESIAN_POINT('',(-3.134290469815E-02,0.164067154949));
#5423 = CARTESIAN_POINT('',(-2.4426653938E-02,0.166506651846));
#5424 = CARTESIAN_POINT('',(-1.70969527261E-02,0.168235861993));
#5425 = CARTESIAN_POINT('',(-9.343665550425E-03,0.169326068254));
#5426 = CARTESIAN_POINT('',(-4.026922575577E-03,0.169443165745));
#5427 = CARTESIAN_POINT('',(-1.307883810499E-03,0.169503050644));
#5428 = ( GEOMETRIC_REPRESENTATION_CONTEXT(2) 
PARAMETRIC_REPRESENTATION_CONTEXT() REPRESENTATION_CONTEXT('2D SPACE',''
  ) );
#5429 = PCURVE('',#5430,#5469);
#5430 = B_SPLINE_SURFACE_WITH_KNOTS('',3,1,(
    (#5431,#5432)
    ,(#5433,#5434)
    ,(#5435,#5436)
    ,(#5437,#5438)
    ,(#5439,#5440)
    ,(#5441,#5442)
    ,(#5443,#5444)
    ,(#5445,#5446)
    ,(#5447,#5448)
    ,(#5449,#5450)
    ,(#5451,#5452)
    ,(#5453,#5454)
    ,(#5455,#5456)
    ,(#5457,#5458)
    ,(#5459,#5460)
    ,(#5461,#5462)
    ,(#5463,#5464)
    ,(#5465,#5466)
    ,(#5467,#5468
    )),.UNSPECIFIED.,.F.,.F.,.F.,(4,1,1,1,1,1,1,1,1,1,1,1,1,1,1,1,4),(2,
    2),(0.,6.862508274056E-02,0.13455451362,0.198310538173,
    0.260766602858,0.321970550981,0.382576836474,0.443387162252,
    0.504977646645,0.566052666658,0.625939336804,0.68537726996,
    0.745018520241,0.805433125105,0.867648023114,0.932313794838,1.),(0.,
    1.),.UNSPECIFIED.);
#5431 = CARTESIAN_POINT('',(7.442145088367E-02,9.110175491206E-02,1.E-02
    ));
#5432 = CARTESIAN_POINT('',(7.442145088367E-02,9.110175491206E-02,
    6.776263578034E-18));
#5433 = CARTESIAN_POINT('',(7.436001168042E-02,9.385752635579E-02,1.E-02
    ));
#5434 = CARTESIAN_POINT('',(7.436001168042E-02,9.385752635579E-02,
    6.776263578034E-18));
#5435 = CARTESIAN_POINT('',(7.42395466583E-02,9.926082018731E-02,1.E-02)
  );
#5436 = CARTESIAN_POINT('',(7.42395466583E-02,9.926082018731E-02,
    6.776263578034E-18));
#5437 = CARTESIAN_POINT('',(7.332492078588E-02,0.107184557027,1.E-02));
#5438 = CARTESIAN_POINT('',(7.332492078588E-02,0.107184557027,
    6.776263578034E-18));
#5439 = CARTESIAN_POINT('',(7.173658250733E-02,0.114743516005,1.E-02));
#5440 = CARTESIAN_POINT('',(7.173658250733E-02,0.114743516005,
    6.776263578034E-18));
#5441 = CARTESIAN_POINT('',(6.957365503613E-02,0.121960943915,1.E-02));
#5442 = CARTESIAN_POINT('',(6.957365503613E-02,0.121960943915,
    6.776263578034E-18));
#5443 = CARTESIAN_POINT('',(6.679821981758E-02,0.128832142224,1.E-02));
#5444 = CARTESIAN_POINT('',(6.679821981758E-02,0.128832142224,
    6.776263578034E-18));
#5445 = CARTESIAN_POINT('',(6.337311223846E-02,0.135329622281,1.E-02));
#5446 = CARTESIAN_POINT('',(6.337311223846E-02,0.135329622281,
    6.776263578034E-18));
#5447 = CARTESIAN_POINT('',(5.932013816714E-02,0.141472278988,1.E-02));
#5448 = CARTESIAN_POINT('',(5.932013816714E-02,0.141472278988,
    6.776263578034E-18));
#5449 = CARTESIAN_POINT('',(5.46909218646E-02,0.147217443469,1.E-02));
#5450 = CARTESIAN_POINT('',(5.46909218646E-02,0.147217443469,
    6.776263578034E-18));
#5451 = CARTESIAN_POINT('',(4.953841855928E-02,0.15245018708,1.E-02));
#5452 = CARTESIAN_POINT('',(4.953841855928E-02,0.15245018708,
    6.776263578034E-18));
#5453 = CARTESIAN_POINT('',(4.390288841428E-02,0.157024483799,1.E-02));
#5454 = CARTESIAN_POINT('',(4.390288841428E-02,0.157024483799,
    6.776263578034E-18));
#5455 = CARTESIAN_POINT('',(3.784126637606E-02,0.160913207947,1.E-02));
#5456 = CARTESIAN_POINT('',(3.784126637606E-02,0.160913207947,
    6.776263578034E-18));
#5457 = CARTESIAN_POINT('',(3.134290469815E-02,0.164067154949,1.E-02));
#5458 = CARTESIAN_POINT('',(3.134290469815E-02,0.164067154949,
    6.776263578034E-18));
#5459 = CARTESIAN_POINT('',(2.4426653938E-02,0.166506651846,1.E-02));
#5460 = CARTESIAN_POINT('',(2.4426653938E-02,0.166506651846,
    6.776263578034E-18));
#5461 = CARTESIAN_POINT('',(1.70969527261E-02,0.168235861993,1.E-02));
#5462 = CARTESIAN_POINT('',(1.70969527261E-02,0.168235861993,
    6.776263578034E-18));
#5463 = CARTESIAN_POINT('',(9.343665550425E-03,0.169326068254,1.E-02));
#5464 = CARTESIAN_POINT('',(9.343665550425E-03,0.169326068254,
    6.776263578034E-18));
#5465 = CARTESIAN_POINT('',(4.026922575577E-03,0.169443165745,1.E-02));
#5466 = CARTESIAN_POINT('',(4.026922575577E-03,0.169443165745,
    6.776263578034E-18));
#5467 = CARTESIAN_POINT('',(1.307883810499E-03,0.169503050644,1.E-02));
#5468 = CARTESIAN_POINT('',(1.307883810499E-03,0.169503050644,
    6.776263578034E-18));
#5469 = DEFINITIONAL_REPRESENTATION('',(#5470),#5474);
#5470 = LINE('',#5471,#5472);
#5471 = CARTESIAN_POINT('',(0.,1.));
#5472 = VECTOR('',#5473,1.);
#5473 = DIRECTION('',(1.,0.));
#5474 = ( GEOMETRIC_REPRESENTATION_CONTEXT(2) 
PARAMETRIC_REPRESENTATION_CONTEXT() REPRESENTATION_CONTEXT('2D SPACE',''
  ) );
#5475 = FACE_BOUND('',#5476,.T.);
#5476 = EDGE_LOOP('',(#5477,#5507,#5535,#5563,#5591,#5619,#5647,#5675,
    #5703,#5731,#5759,#5787));
#5477 = ORIENTED_EDGE('',*,*,#5478,.T.);
#5478 = EDGE_CURVE('',#5479,#5481,#5483,.T.);
#5479 = VERTEX_POINT('',#5480);
#5480 = CARTESIAN_POINT('',(-5.911513448218E-02,-4.086280301477E-02,0.)
  );
#5481 = VERTEX_POINT('',#5482);
#5482 = CARTESIAN_POINT('',(-5.911513448218E-02,1.950305064377E-02,0.));
#5483 = SURFACE_CURVE('',#5484,(#5488,#5495),.PCURVE_S1.);
#5484 = LINE('',#5485,#5486);
#5485 = CARTESIAN_POINT('',(-5.911513448218E-02,-4.086280301477E-02,0.)
  );
#5486 = VECTOR('',#5487,1.);
#5487 = DIRECTION('',(0.,1.,0.));
#5488 = PCURVE('',#4520,#5489);
#5489 = DEFINITIONAL_REPRESENTATION('',(#5490),#5494);
#5490 = LINE('',#5491,#5492);
#5491 = CARTESIAN_POINT('',(5.911513448218E-02,-4.086280301477E-02));
#5492 = VECTOR('',#5493,1.);
#5493 = DIRECTION('',(0.,1.));
#5494 = ( GEOMETRIC_REPRESENTATION_CONTEXT(2) 
PARAMETRIC_REPRESENTATION_CONTEXT() REPRESENTATION_CONTEXT('2D SPACE',''
  ) );
#5495 = PCURVE('',#5496,#5501);
#5496 = PLANE('',#5497);
#5497 = AXIS2_PLACEMENT_3D('',#5498,#5499,#5500);
#5498 = CARTESIAN_POINT('',(-5.911513448218E-02,-4.086280301477E-02,
    1.E-02));
#5499 = DIRECTION('',(-1.,0.,0.));
#5500 = DIRECTION('',(0.,0.,1.));
#5501 = DEFINITIONAL_REPRESENTATION('',(#5502),#5506);
#5502 = LINE('',#5503,#5504);
#5503 = CARTESIAN_POINT('',(-1.E-02,0.));
#5504 = VECTOR('',#5505,1.);
#5505 = DIRECTION('',(0.,1.));
#5506 = ( GEOMETRIC_REPRESENTATION_CONTEXT(2) 
PARAMETRIC_REPRESENTATION_CONTEXT() REPRESENTATION_CONTEXT('2D SPACE',''
  ) );
#5507 = ORIENTED_EDGE('',*,*,#5508,.T.);
#5508 = EDGE_CURVE('',#5481,#5509,#5511,.T.);
#5509 = VERTEX_POINT('',#5510);
#5510 = CARTESIAN_POINT('',(-7.557854911633E-02,1.950305064377E-02,0.));
#5511 = SURFACE_CURVE('',#5512,(#5516,#5523),.PCURVE_S1.);
#5512 = LINE('',#5513,#5514);
#5513 = CARTESIAN_POINT('',(-5.911513448218E-02,1.950305064377E-02,0.));
#5514 = VECTOR('',#5515,1.);
#5515 = DIRECTION('',(-1.,0.,0.));
#5516 = PCURVE('',#4520,#5517);
#5517 = DEFINITIONAL_REPRESENTATION('',(#5518),#5522);
#5518 = LINE('',#5519,#5520);
#5519 = CARTESIAN_POINT('',(5.911513448218E-02,1.950305064377E-02));
#5520 = VECTOR('',#5521,1.);
#5521 = DIRECTION('',(1.,0.));
#5522 = ( GEOMETRIC_REPRESENTATION_CONTEXT(2) 
PARAMETRIC_REPRESENTATION_CONTEXT() REPRESENTATION_CONTEXT('2D SPACE',''
  ) );
#5523 = PCURVE('',#5524,#5529);
#5524 = PLANE('',#5525);
#5525 = AXIS2_PLACEMENT_3D('',#5526,#5527,#5528);
#5526 = CARTESIAN_POINT('',(-5.911513448218E-02,1.950305064377E-02,
    1.E-02));
#5527 = DIRECTION('',(0.,-1.,0.));
#5528 = DIRECTION('',(0.,-0.,-1.));
#5529 = DEFINITIONAL_REPRESENTATION('',(#5530),#5534);
#5530 = LINE('',#5531,#5532);
#5531 = CARTESIAN_POINT('',(1.E-02,0.));
#5532 = VECTOR('',#5533,1.);
#5533 = DIRECTION('',(-0.,-1.));
#5534 = ( GEOMETRIC_REPRESENTATION_CONTEXT(2) 
PARAMETRIC_REPRESENTATION_CONTEXT() REPRESENTATION_CONTEXT('2D SPACE',''
  ) );
#5535 = ORIENTED_EDGE('',*,*,#5536,.T.);
#5536 = EDGE_CURVE('',#5509,#5537,#5539,.T.);
#5537 = VERTEX_POINT('',#5538);
#5538 = CARTESIAN_POINT('',(-7.557854911633E-02,-6.098475423428E-02,0.)
  );
#5539 = SURFACE_CURVE('',#5540,(#5544,#5551),.PCURVE_S1.);
#5540 = LINE('',#5541,#5542);
#5541 = CARTESIAN_POINT('',(-7.557854911633E-02,1.950305064377E-02,0.));
#5542 = VECTOR('',#5543,1.);
#5543 = DIRECTION('',(0.,-1.,0.));
#5544 = PCURVE('',#4520,#5545);
#5545 = DEFINITIONAL_REPRESENTATION('',(#5546),#5550);
#5546 = LINE('',#5547,#5548);
#5547 = CARTESIAN_POINT('',(7.557854911633E-02,1.950305064377E-02));
#5548 = VECTOR('',#5549,1.);
#5549 = DIRECTION('',(-0.,-1.));
#5550 = ( GEOMETRIC_REPRESENTATION_CONTEXT(2) 
PARAMETRIC_REPRESENTATION_CONTEXT() REPRESENTATION_CONTEXT('2D SPACE',''
  ) );
#5551 = PCURVE('',#5552,#5557);
#5552 = PLANE('',#5553);
#5553 = AXIS2_PLACEMENT_3D('',#5554,#5555,#5556);
#5554 = CARTESIAN_POINT('',(-7.557854911633E-02,1.950305064377E-02,
    1.E-02));
#5555 = DIRECTION('',(1.,0.,-0.));
#5556 = DIRECTION('',(-0.,0.,-1.));
#5557 = DEFINITIONAL_REPRESENTATION('',(#5558),#5562);
#5558 = LINE('',#5559,#5560);
#5559 = CARTESIAN_POINT('',(1.E-02,0.));
#5560 = VECTOR('',#5561,1.);
#5561 = DIRECTION('',(-0.,-1.));
#5562 = ( GEOMETRIC_REPRESENTATION_CONTEXT(2) 
PARAMETRIC_REPRESENTATION_CONTEXT() REPRESENTATION_CONTEXT('2D SPACE',''
  ) );
#5563 = ORIENTED_EDGE('',*,*,#5564,.T.);
#5564 = EDGE_CURVE('',#5537,#5565,#5567,.T.);
#5565 = VERTEX_POINT('',#5566);
#5566 = CARTESIAN_POINT('',(7.442145088367E-02,-6.098475423428E-02,0.));
#5567 = SURFACE_CURVE('',#5568,(#5572,#5579),.PCURVE_S1.);
#5568 = LINE('',#5569,#5570);
#5569 = CARTESIAN_POINT('',(-7.557854911633E-02,-6.098475423428E-02,0.)
  );
#5570 = VECTOR('',#5571,1.);
#5571 = DIRECTION('',(1.,0.,0.));
#5572 = PCURVE('',#4520,#5573);
#5573 = DEFINITIONAL_REPRESENTATION('',(#5574),#5578);
#5574 = LINE('',#5575,#5576);
#5575 = CARTESIAN_POINT('',(7.557854911633E-02,-6.098475423428E-02));
#5576 = VECTOR('',#5577,1.);
#5577 = DIRECTION('',(-1.,0.));
#5578 = ( GEOMETRIC_REPRESENTATION_CONTEXT(2) 
PARAMETRIC_REPRESENTATION_CONTEXT() REPRESENTATION_CONTEXT('2D SPACE',''
  ) );
#5579 = PCURVE('',#5580,#5585);
#5580 = PLANE('',#5581);
#5581 = AXIS2_PLACEMENT_3D('',#5582,#5583,#5584);
#5582 = CARTESIAN_POINT('',(-7.557854911633E-02,-6.098475423428E-02,
    1.E-02));
#5583 = DIRECTION('',(0.,1.,0.));
#5584 = DIRECTION('',(0.,-0.,1.));
#5585 = DEFINITIONAL_REPRESENTATION('',(#5586),#5590);
#5586 = LINE('',#5587,#5588);
#5587 = CARTESIAN_POINT('',(-1.E-02,0.));
#5588 = VECTOR('',#5589,1.);
#5589 = DIRECTION('',(0.,1.));
#5590 = ( GEOMETRIC_REPRESENTATION_CONTEXT(2) 
PARAMETRIC_REPRESENTATION_CONTEXT() REPRESENTATION_CONTEXT('2D SPACE',''
  ) );
#5591 = ORIENTED_EDGE('',*,*,#5592,.T.);
#5592 = EDGE_CURVE('',#5565,#5593,#5595,.T.);
#5593 = VERTEX_POINT('',#5594);
#5594 = CARTESIAN_POINT('',(7.442145088367E-02,1.58445140584E-02,0.));
#5595 = SURFACE_CURVE('',#5596,(#5600,#5607),.PCURVE_S1.);
#5596 = LINE('',#5597,#5598);
#5597 = CARTESIAN_POINT('',(7.442145088367E-02,-6.098475423428E-02,0.));
#5598 = VECTOR('',#5599,1.);
#5599 = DIRECTION('',(0.,1.,0.));
#5600 = PCURVE('',#4520,#5601);
#5601 = DEFINITIONAL_REPRESENTATION('',(#5602),#5606);
#5602 = LINE('',#5603,#5604);
#5603 = CARTESIAN_POINT('',(-7.442145088367E-02,-6.098475423428E-02));
#5604 = VECTOR('',#5605,1.);
#5605 = DIRECTION('',(0.,1.));
#5606 = ( GEOMETRIC_REPRESENTATION_CONTEXT(2) 
PARAMETRIC_REPRESENTATION_CONTEXT() REPRESENTATION_CONTEXT('2D SPACE',''
  ) );
#5607 = PCURVE('',#5608,#5613);
#5608 = PLANE('',#5609);
#5609 = AXIS2_PLACEMENT_3D('',#5610,#5611,#5612);
#5610 = CARTESIAN_POINT('',(7.442145088367E-02,-6.098475423428E-02,
    1.E-02));
#5611 = DIRECTION('',(-1.,0.,0.));
#5612 = DIRECTION('',(0.,0.,1.));
#5613 = DEFINITIONAL_REPRESENTATION('',(#5614),#5618);
#5614 = LINE('',#5615,#5616);
#5615 = CARTESIAN_POINT('',(-1.E-02,0.));
#5616 = VECTOR('',#5617,1.);
#5617 = DIRECTION('',(0.,1.));
#5618 = ( GEOMETRIC_REPRESENTATION_CONTEXT(2) 
PARAMETRIC_REPRESENTATION_CONTEXT() REPRESENTATION_CONTEXT('2D SPACE',''
  ) );
#5619 = ORIENTED_EDGE('',*,*,#5620,.T.);
#5620 = EDGE_CURVE('',#5593,#5621,#5623,.T.);
#5621 = VERTEX_POINT('',#5622);
#5622 = CARTESIAN_POINT('',(5.795803624952E-02,1.58445140584E-02,0.));
#5623 = SURFACE_CURVE('',#5624,(#5628,#5635),.PCURVE_S1.);
#5624 = LINE('',#5625,#5626);
#5625 = CARTESIAN_POINT('',(7.442145088367E-02,1.58445140584E-02,0.));
#5626 = VECTOR('',#5627,1.);
#5627 = DIRECTION('',(-1.,0.,0.));
#5628 = PCURVE('',#4520,#5629);
#5629 = DEFINITIONAL_REPRESENTATION('',(#5630),#5634);
#5630 = LINE('',#5631,#5632);
#5631 = CARTESIAN_POINT('',(-7.442145088367E-02,1.58445140584E-02));
#5632 = VECTOR('',#5633,1.);
#5633 = DIRECTION('',(1.,0.));
#5634 = ( GEOMETRIC_REPRESENTATION_CONTEXT(2) 
PARAMETRIC_REPRESENTATION_CONTEXT() REPRESENTATION_CONTEXT('2D SPACE',''
  ) );
#5635 = PCURVE('',#5636,#5641);
#5636 = PLANE('',#5637);
#5637 = AXIS2_PLACEMENT_3D('',#5638,#5639,#5640);
#5638 = CARTESIAN_POINT('',(7.442145088367E-02,1.58445140584E-02,1.E-02)
  );
#5639 = DIRECTION('',(0.,-1.,0.));
#5640 = DIRECTION('',(0.,-0.,-1.));
#5641 = DEFINITIONAL_REPRESENTATION('',(#5642),#5646);
#5642 = LINE('',#5643,#5644);
#5643 = CARTESIAN_POINT('',(1.E-02,0.));
#5644 = VECTOR('',#5645,1.);
#5645 = DIRECTION('',(-0.,-1.));
#5646 = ( GEOMETRIC_REPRESENTATION_CONTEXT(2) 
PARAMETRIC_REPRESENTATION_CONTEXT() REPRESENTATION_CONTEXT('2D SPACE',''
  ) );
#5647 = ORIENTED_EDGE('',*,*,#5648,.T.);
#5648 = EDGE_CURVE('',#5621,#5649,#5651,.T.);
#5649 = VERTEX_POINT('',#5650);
#5650 = CARTESIAN_POINT('',(5.795803624952E-02,-4.086280301477E-02,0.));
#5651 = SURFACE_CURVE('',#5652,(#5656,#5663),.PCURVE_S1.);
#5652 = LINE('',#5653,#5654);
#5653 = CARTESIAN_POINT('',(5.795803624952E-02,1.58445140584E-02,0.));
#5654 = VECTOR('',#5655,1.);
#5655 = DIRECTION('',(0.,-1.,0.));
#5656 = PCURVE('',#4520,#5657);
#5657 = DEFINITIONAL_REPRESENTATION('',(#5658),#5662);
#5658 = LINE('',#5659,#5660);
#5659 = CARTESIAN_POINT('',(-5.795803624952E-02,1.58445140584E-02));
#5660 = VECTOR('',#5661,1.);
#5661 = DIRECTION('',(-0.,-1.));
#5662 = ( GEOMETRIC_REPRESENTATION_CONTEXT(2) 
PARAMETRIC_REPRESENTATION_CONTEXT() REPRESENTATION_CONTEXT('2D SPACE',''
  ) );
#5663 = PCURVE('',#5664,#5669);
#5664 = PLANE('',#5665);
#5665 = AXIS2_PLACEMENT_3D('',#5666,#5667,#5668);
#5666 = CARTESIAN_POINT('',(5.795803624952E-02,1.58445140584E-02,1.E-02)
  );
#5667 = DIRECTION('',(1.,0.,-0.));
#5668 = DIRECTION('',(-0.,0.,-1.));
#5669 = DEFINITIONAL_REPRESENTATION('',(#5670),#5674);
#5670 = LINE('',#5671,#5672);
#5671 = CARTESIAN_POINT('',(1.E-02,0.));
#5672 = VECTOR('',#5673,1.);
#5673 = DIRECTION('',(-0.,-1.));
#5674 = ( GEOMETRIC_REPRESENTATION_CONTEXT(2) 
PARAMETRIC_REPRESENTATION_CONTEXT() REPRESENTATION_CONTEXT('2D SPACE',''
  ) );
#5675 = ORIENTED_EDGE('',*,*,#5676,.T.);
#5676 = EDGE_CURVE('',#5649,#5677,#5679,.T.);
#5677 = VERTEX_POINT('',#5678);
#5678 = CARTESIAN_POINT('',(8.567792347084E-03,-4.086280301477E-02,0.));
#5679 = SURFACE_CURVE('',#5680,(#5684,#5691),.PCURVE_S1.);
#5680 = LINE('',#5681,#5682);
#5681 = CARTESIAN_POINT('',(5.795803624952E-02,-4.086280301477E-02,0.));
#5682 = VECTOR('',#5683,1.);
#5683 = DIRECTION('',(-1.,0.,0.));
#5684 = PCURVE('',#4520,#5685);
#5685 = DEFINITIONAL_REPRESENTATION('',(#5686),#5690);
#5686 = LINE('',#5687,#5688);
#5687 = CARTESIAN_POINT('',(-5.795803624952E-02,-4.086280301477E-02));
#5688 = VECTOR('',#5689,1.);
#5689 = DIRECTION('',(1.,0.));
#5690 = ( GEOMETRIC_REPRESENTATION_CONTEXT(2) 
PARAMETRIC_REPRESENTATION_CONTEXT() REPRESENTATION_CONTEXT('2D SPACE',''
  ) );
#5691 = PCURVE('',#5692,#5697);
#5692 = PLANE('',#5693);
#5693 = AXIS2_PLACEMENT_3D('',#5694,#5695,#5696);
#5694 = CARTESIAN_POINT('',(5.795803624952E-02,-4.086280301477E-02,
    1.E-02));
#5695 = DIRECTION('',(0.,-1.,0.));
#5696 = DIRECTION('',(0.,-0.,-1.));
#5697 = DEFINITIONAL_REPRESENTATION('',(#5698),#5702);
#5698 = LINE('',#5699,#5700);
#5699 = CARTESIAN_POINT('',(1.E-02,0.));
#5700 = VECTOR('',#5701,1.);
#5701 = DIRECTION('',(-0.,-1.));
#5702 = ( GEOMETRIC_REPRESENTATION_CONTEXT(2) 
PARAMETRIC_REPRESENTATION_CONTEXT() REPRESENTATION_CONTEXT('2D SPACE',''
  ) );
#5703 = ORIENTED_EDGE('',*,*,#5704,.T.);
#5704 = EDGE_CURVE('',#5677,#5705,#5707,.T.);
#5705 = VERTEX_POINT('',#5706);
#5706 = CARTESIAN_POINT('',(8.567792347084E-03,1.218597747304E-02,0.));
#5707 = SURFACE_CURVE('',#5708,(#5712,#5719),.PCURVE_S1.);
#5708 = LINE('',#5709,#5710);
#5709 = CARTESIAN_POINT('',(8.567792347084E-03,-4.086280301477E-02,0.));
#5710 = VECTOR('',#5711,1.);
#5711 = DIRECTION('',(0.,1.,0.));
#5712 = PCURVE('',#4520,#5713);
#5713 = DEFINITIONAL_REPRESENTATION('',(#5714),#5718);
#5714 = LINE('',#5715,#5716);
#5715 = CARTESIAN_POINT('',(-8.567792347084E-03,-4.086280301477E-02));
#5716 = VECTOR('',#5717,1.);
#5717 = DIRECTION('',(0.,1.));
#5718 = ( GEOMETRIC_REPRESENTATION_CONTEXT(2) 
PARAMETRIC_REPRESENTATION_CONTEXT() REPRESENTATION_CONTEXT('2D SPACE',''
  ) );
#5719 = PCURVE('',#5720,#5725);
#5720 = PLANE('',#5721);
#5721 = AXIS2_PLACEMENT_3D('',#5722,#5723,#5724);
#5722 = CARTESIAN_POINT('',(8.567792347084E-03,-4.086280301477E-02,
    1.E-02));
#5723 = DIRECTION('',(-1.,0.,0.));
#5724 = DIRECTION('',(0.,0.,1.));
#5725 = DEFINITIONAL_REPRESENTATION('',(#5726),#5730);
#5726 = LINE('',#5727,#5728);
#5727 = CARTESIAN_POINT('',(-1.E-02,0.));
#5728 = VECTOR('',#5729,1.);
#5729 = DIRECTION('',(0.,1.));
#5730 = ( GEOMETRIC_REPRESENTATION_CONTEXT(2) 
PARAMETRIC_REPRESENTATION_CONTEXT() REPRESENTATION_CONTEXT('2D SPACE',''
  ) );
#5731 = ORIENTED_EDGE('',*,*,#5732,.T.);
#5732 = EDGE_CURVE('',#5705,#5733,#5735,.T.);
#5733 = VERTEX_POINT('',#5734);
#5734 = CARTESIAN_POINT('',(-7.895622287062E-03,1.218597747304E-02,0.));
#5735 = SURFACE_CURVE('',#5736,(#5740,#5747),.PCURVE_S1.);
#5736 = LINE('',#5737,#5738);
#5737 = CARTESIAN_POINT('',(8.567792347084E-03,1.218597747304E-02,0.));
#5738 = VECTOR('',#5739,1.);
#5739 = DIRECTION('',(-1.,0.,0.));
#5740 = PCURVE('',#4520,#5741);
#5741 = DEFINITIONAL_REPRESENTATION('',(#5742),#5746);
#5742 = LINE('',#5743,#5744);
#5743 = CARTESIAN_POINT('',(-8.567792347084E-03,1.218597747304E-02));
#5744 = VECTOR('',#5745,1.);
#5745 = DIRECTION('',(1.,0.));
#5746 = ( GEOMETRIC_REPRESENTATION_CONTEXT(2) 
PARAMETRIC_REPRESENTATION_CONTEXT() REPRESENTATION_CONTEXT('2D SPACE',''
  ) );
#5747 = PCURVE('',#5748,#5753);
#5748 = PLANE('',#5749);
#5749 = AXIS2_PLACEMENT_3D('',#5750,#5751,#5752);
#5750 = CARTESIAN_POINT('',(8.567792347084E-03,1.218597747304E-02,1.E-02
    ));
#5751 = DIRECTION('',(0.,-1.,0.));
#5752 = DIRECTION('',(0.,-0.,-1.));
#5753 = DEFINITIONAL_REPRESENTATION('',(#5754),#5758);
#5754 = LINE('',#5755,#5756);
#5755 = CARTESIAN_POINT('',(1.E-02,0.));
#5756 = VECTOR('',#5757,1.);
#5757 = DIRECTION('',(-0.,-1.));
#5758 = ( GEOMETRIC_REPRESENTATION_CONTEXT(2) 
PARAMETRIC_REPRESENTATION_CONTEXT() REPRESENTATION_CONTEXT('2D SPACE',''
  ) );
#5759 = ORIENTED_EDGE('',*,*,#5760,.T.);
#5760 = EDGE_CURVE('',#5733,#5761,#5763,.T.);
#5761 = VERTEX_POINT('',#5762);
#5762 = CARTESIAN_POINT('',(-7.895622287062E-03,-4.086280301477E-02,0.)
  );
#5763 = SURFACE_CURVE('',#5764,(#5768,#5775),.PCURVE_S1.);
#5764 = LINE('',#5765,#5766);
#5765 = CARTESIAN_POINT('',(-7.895622287062E-03,1.218597747304E-02,0.));
#5766 = VECTOR('',#5767,1.);
#5767 = DIRECTION('',(0.,-1.,0.));
#5768 = PCURVE('',#4520,#5769);
#5769 = DEFINITIONAL_REPRESENTATION('',(#5770),#5774);
#5770 = LINE('',#5771,#5772);
#5771 = CARTESIAN_POINT('',(7.895622287062E-03,1.218597747304E-02));
#5772 = VECTOR('',#5773,1.);
#5773 = DIRECTION('',(-0.,-1.));
#5774 = ( GEOMETRIC_REPRESENTATION_CONTEXT(2) 
PARAMETRIC_REPRESENTATION_CONTEXT() REPRESENTATION_CONTEXT('2D SPACE',''
  ) );
#5775 = PCURVE('',#5776,#5781);
#5776 = PLANE('',#5777);
#5777 = AXIS2_PLACEMENT_3D('',#5778,#5779,#5780);
#5778 = CARTESIAN_POINT('',(-7.895622287062E-03,1.218597747304E-02,
    1.E-02));
#5779 = DIRECTION('',(1.,0.,-0.));
#5780 = DIRECTION('',(-0.,0.,-1.));
#5781 = DEFINITIONAL_REPRESENTATION('',(#5782),#5786);
#5782 = LINE('',#5783,#5784);
#5783 = CARTESIAN_POINT('',(1.E-02,0.));
#5784 = VECTOR('',#5785,1.);
#5785 = DIRECTION('',(-0.,-1.));
#5786 = ( GEOMETRIC_REPRESENTATION_CONTEXT(2) 
PARAMETRIC_REPRESENTATION_CONTEXT() REPRESENTATION_CONTEXT('2D SPACE',''
  ) );
#5787 = ORIENTED_EDGE('',*,*,#5788,.T.);
#5788 = EDGE_CURVE('',#5761,#5479,#5789,.T.);
#5789 = SURFACE_CURVE('',#5790,(#5794,#5801),.PCURVE_S1.);
#5790 = LINE('',#5791,#5792);
#5791 = CARTESIAN_POINT('',(-7.895622287062E-03,-4.086280301477E-02,0.)
  );
#5792 = VECTOR('',#5793,1.);
#5793 = DIRECTION('',(-1.,0.,0.));
#5794 = PCURVE('',#4520,#5795);
#5795 = DEFINITIONAL_REPRESENTATION('',(#5796),#5800);
#5796 = LINE('',#5797,#5798);
#5797 = CARTESIAN_POINT('',(7.895622287062E-03,-4.086280301477E-02));
#5798 = VECTOR('',#5799,1.);
#5799 = DIRECTION('',(1.,0.));
#5800 = ( GEOMETRIC_REPRESENTATION_CONTEXT(2) 
PARAMETRIC_REPRESENTATION_CONTEXT() REPRESENTATION_CONTEXT('2D SPACE',''
  ) );
#5801 = PCURVE('',#5802,#5807);
#5802 = PLANE('',#5803);
#5803 = AXIS2_PLACEMENT_3D('',#5804,#5805,#5806);
#5804 = CARTESIAN_POINT('',(-7.895622287062E-03,-4.086280301477E-02,
    1.E-02));
#5805 = DIRECTION('',(0.,-1.,0.));
#5806 = DIRECTION('',(0.,-0.,-1.));
#5807 = DEFINITIONAL_REPRESENTATION('',(#5808),#5812);
#5808 = LINE('',#5809,#5810);
#5809 = CARTESIAN_POINT('',(1.E-02,0.));
#5810 = VECTOR('',#5811,1.);
#5811 = DIRECTION('',(-0.,-1.));
#5812 = ( GEOMETRIC_REPRESENTATION_CONTEXT(2) 
PARAMETRIC_REPRESENTATION_CONTEXT() REPRESENTATION_CONTEXT('2D SPACE',''
  ) );
#5813 = FACE_BOUND('',#5814,.T.);
#5814 = EDGE_LOOP('',(#5815,#5879,#5907,#5969,#6063,#6157,#6219,#6247,
    #6309,#6403));
#5815 = ORIENTED_EDGE('',*,*,#5816,.T.);
#5816 = EDGE_CURVE('',#5817,#5819,#5821,.T.);
#5817 = VERTEX_POINT('',#5818);
#5818 = CARTESIAN_POINT('',(-6.094440277487E-02,-0.128753428015,0.));
#5819 = VERTEX_POINT('',#5820);
#5820 = CARTESIAN_POINT('',(-5.134074423828E-02,-9.025304691721E-02,
    3.388131789017E-18));
#5821 = SURFACE_CURVE('',#5822,(#5834,#5849),.PCURVE_S1.);
#5822 = B_SPLINE_CURVE_WITH_KNOTS('',3,(#5823,#5824,#5825,#5826,#5827,
    #5828,#5829,#5830,#5831,#5832,#5833),.UNSPECIFIED.,.F.,.F.,(4,1,1,1,
    1,1,1,1,4),(0.,0.135294604763,0.266765657925,0.394816018836,
    0.520051654434,0.642175702971,0.762651820558,0.881834004381,1.),
  .UNSPECIFIED.);
#5823 = CARTESIAN_POINT('',(-6.094440277487E-02,-0.128753428015,0.));
#5824 = CARTESIAN_POINT('',(-6.092062169275E-02,-0.12694211493,-0.));
#5825 = CARTESIAN_POINT('',(-6.087373160407E-02,-0.123370678156,0.));
#5826 = CARTESIAN_POINT('',(-6.039253536174E-02,-0.11810389588,0.));
#5827 = CARTESIAN_POINT('',(-5.966830246449E-02,-0.113002361562,0.));
#5828 = CARTESIAN_POINT('',(-5.860229525619E-02,-0.108088248934,0.));
#5829 = CARTESIAN_POINT('',(-5.726789482869E-02,-0.103344709838,0.));
#5830 = CARTESIAN_POINT('',(-5.559178566259E-02,-9.879863689E-02,0.));
#5831 = CARTESIAN_POINT('',(-5.36773224046E-02,-9.440145312177E-02,0.));
#5832 = CARTESIAN_POINT('',(-5.211737736499E-02,-9.163189643653E-02,-0.)
  );
#5833 = CARTESIAN_POINT('',(-5.134074423828E-02,-9.025304691721E-02,
    3.388131789017E-18));
#5834 = PCURVE('',#4520,#5835);
#5835 = DEFINITIONAL_REPRESENTATION('',(#5836),#5848);
#5836 = B_SPLINE_CURVE_WITH_KNOTS('',3,(#5837,#5838,#5839,#5840,#5841,
    #5842,#5843,#5844,#5845,#5846,#5847),.UNSPECIFIED.,.F.,.F.,(4,1,1,1,
    1,1,1,1,4),(0.,0.135294604763,0.266765657925,0.394816018836,
    0.520051654434,0.642175702971,0.762651820558,0.881834004381,1.),
  .UNSPECIFIED.);
#5837 = CARTESIAN_POINT('',(6.094440277487E-02,-0.128753428015));
#5838 = CARTESIAN_POINT('',(6.092062169275E-02,-0.12694211493));
#5839 = CARTESIAN_POINT('',(6.087373160407E-02,-0.123370678156));
#5840 = CARTESIAN_POINT('',(6.039253536174E-02,-0.11810389588));
#5841 = CARTESIAN_POINT('',(5.966830246449E-02,-0.113002361562));
#5842 = CARTESIAN_POINT('',(5.860229525619E-02,-0.108088248934));
#5843 = CARTESIAN_POINT('',(5.726789482869E-02,-0.103344709838));
#5844 = CARTESIAN_POINT('',(5.559178566259E-02,-9.879863689E-02));
#5845 = CARTESIAN_POINT('',(5.36773224046E-02,-9.440145312177E-02));
#5846 = CARTESIAN_POINT('',(5.211737736499E-02,-9.163189643653E-02));
#5847 = CARTESIAN_POINT('',(5.134074423828E-02,-9.025304691721E-02));
#5848 = ( GEOMETRIC_REPRESENTATION_CONTEXT(2) 
PARAMETRIC_REPRESENTATION_CONTEXT() REPRESENTATION_CONTEXT('2D SPACE',''
  ) );
#5849 = PCURVE('',#5850,#5873);
#5850 = B_SPLINE_SURFACE_WITH_KNOTS('',3,1,(
    (#5851,#5852)
    ,(#5853,#5854)
    ,(#5855,#5856)
    ,(#5857,#5858)
    ,(#5859,#5860)
    ,(#5861,#5862)
    ,(#5863,#5864)
    ,(#5865,#5866)
    ,(#5867,#5868)
    ,(#5869,#5870)
    ,(#5871,#5872
  )),.UNSPECIFIED.,.F.,.F.,.F.,(4,1,1,1,1,1,1,1,4),(2,2),(0.,
    0.135294604763,0.266765657925,0.394816018836,0.520051654434,
    0.642175702971,0.762651820558,0.881834004381,1.),(0.,1.),
  .UNSPECIFIED.);
#5851 = CARTESIAN_POINT('',(-6.094440277487E-02,-0.128753428015,1.E-02)
  );
#5852 = CARTESIAN_POINT('',(-6.094440277487E-02,-0.128753428015,
    6.776263578034E-18));
#5853 = CARTESIAN_POINT('',(-6.092062169275E-02,-0.12694211493,1.E-02));
#5854 = CARTESIAN_POINT('',(-6.092062169275E-02,-0.12694211493,
    6.776263578034E-18));
#5855 = CARTESIAN_POINT('',(-6.087373160407E-02,-0.123370678156,1.E-02)
  );
#5856 = CARTESIAN_POINT('',(-6.087373160407E-02,-0.123370678156,
    6.776263578034E-18));
#5857 = CARTESIAN_POINT('',(-6.039253536174E-02,-0.11810389588,1.E-02));
#5858 = CARTESIAN_POINT('',(-6.039253536174E-02,-0.11810389588,
    6.776263578034E-18));
#5859 = CARTESIAN_POINT('',(-5.966830246449E-02,-0.113002361562,1.E-02)
  );
#5860 = CARTESIAN_POINT('',(-5.966830246449E-02,-0.113002361562,
    6.776263578034E-18));
#5861 = CARTESIAN_POINT('',(-5.860229525619E-02,-0.108088248934,1.E-02)
  );
#5862 = CARTESIAN_POINT('',(-5.860229525619E-02,-0.108088248934,
    6.776263578034E-18));
#5863 = CARTESIAN_POINT('',(-5.726789482869E-02,-0.103344709838,1.E-02)
  );
#5864 = CARTESIAN_POINT('',(-5.726789482869E-02,-0.103344709838,
    6.776263578034E-18));
#5865 = CARTESIAN_POINT('',(-5.559178566259E-02,-9.879863689E-02,1.E-02)
  );
#5866 = CARTESIAN_POINT('',(-5.559178566259E-02,-9.879863689E-02,
    6.776263578034E-18));
#5867 = CARTESIAN_POINT('',(-5.36773224046E-02,-9.440145312177E-02,
    1.E-02));
#5868 = CARTESIAN_POINT('',(-5.36773224046E-02,-9.440145312177E-02,
    6.776263578034E-18));
#5869 = CARTESIAN_POINT('',(-5.211737736499E-02,-9.163189643653E-02,
    1.E-02));
#5870 = CARTESIAN_POINT('',(-5.211737736499E-02,-9.163189643653E-02,
    6.776263578034E-18));
#5871 = CARTESIAN_POINT('',(-5.134074423828E-02,-9.025304691721E-02,
    1.E-02));
#5872 = CARTESIAN_POINT('',(-5.134074423828E-02,-9.025304691721E-02,
    6.776263578034E-18));
#5873 = DEFINITIONAL_REPRESENTATION('',(#5874),#5878);
#5874 = LINE('',#5875,#5876);
#5875 = CARTESIAN_POINT('',(-6.909411877157E-16,1.));
#5876 = VECTOR('',#5877,1.);
#5877 = DIRECTION('',(1.,-2.22044604925E-16));
#5878 = ( GEOMETRIC_REPRESENTATION_CONTEXT(2) 
PARAMETRIC_REPRESENTATION_CONTEXT() REPRESENTATION_CONTEXT('2D SPACE',''
  ) );
#5879 = ORIENTED_EDGE('',*,*,#5880,.T.);
#5880 = EDGE_CURVE('',#5819,#5881,#5883,.T.);
#5881 = VERTEX_POINT('',#5882);
#5882 = CARTESIAN_POINT('',(-6.780415887243E-02,-9.025304691721E-02,0.)
  );
#5883 = SURFACE_CURVE('',#5884,(#5888,#5895),.PCURVE_S1.);
#5884 = LINE('',#5885,#5886);
#5885 = CARTESIAN_POINT('',(-5.134074423828E-02,-9.025304691721E-02,0.)
  );
#5886 = VECTOR('',#5887,1.);
#5887 = DIRECTION('',(-1.,0.,0.));
#5888 = PCURVE('',#4520,#5889);
#5889 = DEFINITIONAL_REPRESENTATION('',(#5890),#5894);
#5890 = LINE('',#5891,#5892);
#5891 = CARTESIAN_POINT('',(5.134074423828E-02,-9.025304691721E-02));
#5892 = VECTOR('',#5893,1.);
#5893 = DIRECTION('',(1.,0.));
#5894 = ( GEOMETRIC_REPRESENTATION_CONTEXT(2) 
PARAMETRIC_REPRESENTATION_CONTEXT() REPRESENTATION_CONTEXT('2D SPACE',''
  ) );
#5895 = PCURVE('',#5896,#5901);
#5896 = PLANE('',#5897);
#5897 = AXIS2_PLACEMENT_3D('',#5898,#5899,#5900);
#5898 = CARTESIAN_POINT('',(-5.134074423828E-02,-9.025304691721E-02,
    1.E-02));
#5899 = DIRECTION('',(0.,-1.,0.));
#5900 = DIRECTION('',(0.,-0.,-1.));
#5901 = DEFINITIONAL_REPRESENTATION('',(#5902),#5906);
#5902 = LINE('',#5903,#5904);
#5903 = CARTESIAN_POINT('',(1.E-02,0.));
#5904 = VECTOR('',#5905,1.);
#5905 = DIRECTION('',(-0.,-1.));
#5906 = ( GEOMETRIC_REPRESENTATION_CONTEXT(2) 
PARAMETRIC_REPRESENTATION_CONTEXT() REPRESENTATION_CONTEXT('2D SPACE',''
  ) );
#5907 = ORIENTED_EDGE('',*,*,#5908,.T.);
#5908 = EDGE_CURVE('',#5881,#5909,#5911,.T.);
#5909 = VERTEX_POINT('',#5910);
#5910 = CARTESIAN_POINT('',(-7.740781740901E-02,-0.131525912771,0.));
#5911 = SURFACE_CURVE('',#5912,(#5924,#5939),.PCURVE_S1.);
#5912 = B_SPLINE_CURVE_WITH_KNOTS('',3,(#5913,#5914,#5915,#5916,#5917,
    #5918,#5919,#5920,#5921,#5922,#5923),.UNSPECIFIED.,.F.,.F.,(4,1,1,1,
    1,1,1,1,4),(0.,0.112448389909,0.226527675213,0.344401949326,
    0.465864972487,0.591659449352,0.722168487025,0.858606387555,1.),
  .UNSPECIFIED.);
#5913 = CARTESIAN_POINT('',(-6.780415887243E-02,-9.025304691721E-02,0.)
  );
#5914 = CARTESIAN_POINT('',(-6.858104632291E-02,-9.166055553345E-02,-0.)
  );
#5915 = CARTESIAN_POINT('',(-7.014608881221E-02,-9.449598656932E-02,0.)
  );
#5916 = CARTESIAN_POINT('',(-7.207720232904E-02,-9.903043624201E-02,0.)
  );
#5917 = CARTESIAN_POINT('',(-7.374287862058E-02,-0.10380177618,0.));
#5918 = CARTESIAN_POINT('',(-7.507110605479E-02,-0.108851768052,0.));
#5919 = CARTESIAN_POINT('',(-7.613856841715E-02,-0.114146840999,0.));
#5920 = CARTESIAN_POINT('',(-7.686159892516E-02,-0.119715052385,0.));
#5921 = CARTESIAN_POINT('',(-7.733754637687E-02,-0.125534342724,0.));
#5922 = CARTESIAN_POINT('',(-7.738411683745E-02,-0.129505113726,-0.));
#5923 = CARTESIAN_POINT('',(-7.740781740901E-02,-0.131525912771,0.));
#5924 = PCURVE('',#4520,#5925);
#5925 = DEFINITIONAL_REPRESENTATION('',(#5926),#5938);
#5926 = B_SPLINE_CURVE_WITH_KNOTS('',3,(#5927,#5928,#5929,#5930,#5931,
    #5932,#5933,#5934,#5935,#5936,#5937),.UNSPECIFIED.,.F.,.F.,(4,1,1,1,
    1,1,1,1,4),(0.,0.112448389909,0.226527675213,0.344401949326,
    0.465864972487,0.591659449352,0.722168487025,0.858606387555,1.),
  .UNSPECIFIED.);
#5927 = CARTESIAN_POINT('',(6.780415887243E-02,-9.025304691721E-02));
#5928 = CARTESIAN_POINT('',(6.858104632291E-02,-9.166055553345E-02));
#5929 = CARTESIAN_POINT('',(7.014608881221E-02,-9.449598656932E-02));
#5930 = CARTESIAN_POINT('',(7.207720232904E-02,-9.903043624201E-02));
#5931 = CARTESIAN_POINT('',(7.374287862058E-02,-0.10380177618));
#5932 = CARTESIAN_POINT('',(7.507110605479E-02,-0.108851768052));
#5933 = CARTESIAN_POINT('',(7.613856841715E-02,-0.114146840999));
#5934 = CARTESIAN_POINT('',(7.686159892516E-02,-0.119715052385));
#5935 = CARTESIAN_POINT('',(7.733754637687E-02,-0.125534342724));
#5936 = CARTESIAN_POINT('',(7.738411683745E-02,-0.129505113726));
#5937 = CARTESIAN_POINT('',(7.740781740901E-02,-0.131525912771));
#5938 = ( GEOMETRIC_REPRESENTATION_CONTEXT(2) 
PARAMETRIC_REPRESENTATION_CONTEXT() REPRESENTATION_CONTEXT('2D SPACE',''
  ) );
#5939 = PCURVE('',#5940,#5963);
#5940 = B_SPLINE_SURFACE_WITH_KNOTS('',3,1,(
    (#5941,#5942)
    ,(#5943,#5944)
    ,(#5945,#5946)
    ,(#5947,#5948)
    ,(#5949,#5950)
    ,(#5951,#5952)
    ,(#5953,#5954)
    ,(#5955,#5956)
    ,(#5957,#5958)
    ,(#5959,#5960)
    ,(#5961,#5962
  )),.UNSPECIFIED.,.F.,.F.,.F.,(4,1,1,1,1,1,1,1,4),(2,2),(0.,
    0.112448389909,0.226527675213,0.344401949326,0.465864972487,
    0.591659449352,0.722168487025,0.858606387555,1.),(0.,1.),
  .UNSPECIFIED.);
#5941 = CARTESIAN_POINT('',(-6.780415887243E-02,-9.025304691721E-02,
    1.E-02));
#5942 = CARTESIAN_POINT('',(-6.780415887243E-02,-9.025304691721E-02,
    6.776263578034E-18));
#5943 = CARTESIAN_POINT('',(-6.858104632291E-02,-9.166055553345E-02,
    1.E-02));
#5944 = CARTESIAN_POINT('',(-6.858104632291E-02,-9.166055553345E-02,
    6.776263578034E-18));
#5945 = CARTESIAN_POINT('',(-7.014608881221E-02,-9.449598656932E-02,
    1.E-02));
#5946 = CARTESIAN_POINT('',(-7.014608881221E-02,-9.449598656932E-02,
    6.776263578034E-18));
#5947 = CARTESIAN_POINT('',(-7.207720232904E-02,-9.903043624201E-02,
    1.E-02));
#5948 = CARTESIAN_POINT('',(-7.207720232904E-02,-9.903043624201E-02,
    6.776263578034E-18));
#5949 = CARTESIAN_POINT('',(-7.374287862058E-02,-0.10380177618,1.E-02));
#5950 = CARTESIAN_POINT('',(-7.374287862058E-02,-0.10380177618,
    6.776263578034E-18));
#5951 = CARTESIAN_POINT('',(-7.507110605479E-02,-0.108851768052,1.E-02)
  );
#5952 = CARTESIAN_POINT('',(-7.507110605479E-02,-0.108851768052,
    6.776263578034E-18));
#5953 = CARTESIAN_POINT('',(-7.613856841715E-02,-0.114146840999,1.E-02)
  );
#5954 = CARTESIAN_POINT('',(-7.613856841715E-02,-0.114146840999,
    6.776263578034E-18));
#5955 = CARTESIAN_POINT('',(-7.686159892516E-02,-0.119715052385,1.E-02)
  );
#5956 = CARTESIAN_POINT('',(-7.686159892516E-02,-0.119715052385,
    6.776263578034E-18));
#5957 = CARTESIAN_POINT('',(-7.733754637687E-02,-0.125534342724,1.E-02)
  );
#5958 = CARTESIAN_POINT('',(-7.733754637687E-02,-0.125534342724,
    6.776263578034E-18));
#5959 = CARTESIAN_POINT('',(-7.738411683745E-02,-0.129505113726,1.E-02)
  );
#5960 = CARTESIAN_POINT('',(-7.738411683745E-02,-0.129505113726,
    6.776263578034E-18));
#5961 = CARTESIAN_POINT('',(-7.740781740901E-02,-0.131525912771,1.E-02)
  );
#5962 = CARTESIAN_POINT('',(-7.740781740901E-02,-0.131525912771,
    6.776263578034E-18));
#5963 = DEFINITIONAL_REPRESENTATION('',(#5964),#5968);
#5964 = LINE('',#5965,#5966);
#5965 = CARTESIAN_POINT('',(0.,1.));
#5966 = VECTOR('',#5967,1.);
#5967 = DIRECTION('',(1.,0.));
#5968 = ( GEOMETRIC_REPRESENTATION_CONTEXT(2) 
PARAMETRIC_REPRESENTATION_CONTEXT() REPRESENTATION_CONTEXT('2D SPACE',''
  ) );
#5969 = ORIENTED_EDGE('',*,*,#5970,.T.);
#5970 = EDGE_CURVE('',#5909,#5971,#5973,.T.);
#5971 = VERTEX_POINT('',#5972);
#5972 = CARTESIAN_POINT('',(-3.408198506575E-03,-0.201838412771,0.));
#5973 = SURFACE_CURVE('',#5974,(#5994,#6017),.PCURVE_S1.);
#5974 = B_SPLINE_CURVE_WITH_KNOTS('',3,(#5975,#5976,#5977,#5978,#5979,
    #5980,#5981,#5982,#5983,#5984,#5985,#5986,#5987,#5988,#5989,#5990,
    #5991,#5992,#5993),.UNSPECIFIED.,.F.,.F.,(4,1,1,1,1,1,1,1,1,1,1,1,1,
    1,1,1,4),(0.,6.783158586377E-02,0.132652285122,0.195046103356,
    0.255497701945,0.314816628394,0.37361582587,0.432559503627,
    0.492443069802,0.552682219984,0.612522541488,0.672618274675,
    0.733844892932,0.79659922404,0.861453195154,0.929200677684,1.),
  .UNSPECIFIED.);
#5975 = CARTESIAN_POINT('',(-7.740781740901E-02,-0.131525912771,0.));
#5976 = CARTESIAN_POINT('',(-7.734943607036E-02,-0.134129661002,-0.));
#5977 = CARTESIAN_POINT('',(-7.723526480513E-02,-0.139221583124,0.));
#5978 = CARTESIAN_POINT('',(-7.628428908408E-02,-0.146662005803,0.));
#5979 = CARTESIAN_POINT('',(-7.467461826229E-02,-0.153690909957,0.));
#5980 = CARTESIAN_POINT('',(-7.248917457863E-02,-0.160345431364,0.));
#5981 = CARTESIAN_POINT('',(-6.96045322026E-02,-0.166576483647,0.));
#5982 = CARTESIAN_POINT('',(-6.611647333794E-02,-0.172425828942,0.));
#5983 = CARTESIAN_POINT('',(-6.191650923473E-02,-0.177812343363,0.));
#5984 = CARTESIAN_POINT('',(-5.71944168232E-02,-0.182820535539,0.));
#5985 = CARTESIAN_POINT('',(-5.190962180029E-02,-0.187288667777,0.));
#5986 = CARTESIAN_POINT('',(-4.619369354588E-02,-0.191199811995,0.));
#5987 = CARTESIAN_POINT('',(-4.006396283609E-02,-0.194508585613,0.));
#5988 = CARTESIAN_POINT('',(-3.351718464197E-02,-0.197193441218,0.));
#5989 = CARTESIAN_POINT('',(-2.656661577218E-02,-0.19928573557,0.));
#5990 = CARTESIAN_POINT('',(-1.920600873748E-02,-0.200748916279,0.));
#5991 = CARTESIAN_POINT('',(-1.144568783419E-02,-0.201699786822,0.));
#5992 = CARTESIAN_POINT('',(-6.126418352495E-03,-0.201791530493,-0.));
#5993 = CARTESIAN_POINT('',(-3.408198506575E-03,-0.201838412771,0.));
#5994 = PCURVE('',#4520,#5995);
#5995 = DEFINITIONAL_REPRESENTATION('',(#5996),#6016);
#5996 = B_SPLINE_CURVE_WITH_KNOTS('',3,(#5997,#5998,#5999,#6000,#6001,
    #6002,#6003,#6004,#6005,#6006,#6007,#6008,#6009,#6010,#6011,#6012,
    #6013,#6014,#6015),.UNSPECIFIED.,.F.,.F.,(4,1,1,1,1,1,1,1,1,1,1,1,1,
    1,1,1,4),(0.,6.783158586377E-02,0.132652285122,0.195046103356,
    0.255497701945,0.314816628394,0.37361582587,0.432559503627,
    0.492443069802,0.552682219984,0.612522541488,0.672618274675,
    0.733844892932,0.79659922404,0.861453195154,0.929200677684,1.),
  .UNSPECIFIED.);
#5997 = CARTESIAN_POINT('',(7.740781740901E-02,-0.131525912771));
#5998 = CARTESIAN_POINT('',(7.734943607036E-02,-0.134129661002));
#5999 = CARTESIAN_POINT('',(7.723526480513E-02,-0.139221583124));
#6000 = CARTESIAN_POINT('',(7.628428908408E-02,-0.146662005803));
#6001 = CARTESIAN_POINT('',(7.467461826229E-02,-0.153690909957));
#6002 = CARTESIAN_POINT('',(7.248917457863E-02,-0.160345431364));
#6003 = CARTESIAN_POINT('',(6.96045322026E-02,-0.166576483647));
#6004 = CARTESIAN_POINT('',(6.611647333794E-02,-0.172425828942));
#6005 = CARTESIAN_POINT('',(6.191650923473E-02,-0.177812343363));
#6006 = CARTESIAN_POINT('',(5.71944168232E-02,-0.182820535539));
#6007 = CARTESIAN_POINT('',(5.190962180029E-02,-0.187288667777));
#6008 = CARTESIAN_POINT('',(4.619369354588E-02,-0.191199811995));
#6009 = CARTESIAN_POINT('',(4.006396283609E-02,-0.194508585613));
#6010 = CARTESIAN_POINT('',(3.351718464197E-02,-0.197193441218));
#6011 = CARTESIAN_POINT('',(2.656661577218E-02,-0.19928573557));
#6012 = CARTESIAN_POINT('',(1.920600873748E-02,-0.200748916279));
#6013 = CARTESIAN_POINT('',(1.144568783419E-02,-0.201699786822));
#6014 = CARTESIAN_POINT('',(6.126418352495E-03,-0.201791530493));
#6015 = CARTESIAN_POINT('',(3.408198506575E-03,-0.201838412771));
#6016 = ( GEOMETRIC_REPRESENTATION_CONTEXT(2) 
PARAMETRIC_REPRESENTATION_CONTEXT() REPRESENTATION_CONTEXT('2D SPACE',''
  ) );
#6017 = PCURVE('',#6018,#6057);
#6018 = B_SPLINE_SURFACE_WITH_KNOTS('',3,1,(
    (#6019,#6020)
    ,(#6021,#6022)
    ,(#6023,#6024)
    ,(#6025,#6026)
    ,(#6027,#6028)
    ,(#6029,#6030)
    ,(#6031,#6032)
    ,(#6033,#6034)
    ,(#6035,#6036)
    ,(#6037,#6038)
    ,(#6039,#6040)
    ,(#6041,#6042)
    ,(#6043,#6044)
    ,(#6045,#6046)
    ,(#6047,#6048)
    ,(#6049,#6050)
    ,(#6051,#6052)
    ,(#6053,#6054)
    ,(#6055,#6056
    )),.UNSPECIFIED.,.F.,.F.,.F.,(4,1,1,1,1,1,1,1,1,1,1,1,1,1,1,1,4),(2,
    2),(0.,6.783158586377E-02,0.132652285122,0.195046103356,
    0.255497701945,0.314816628394,0.37361582587,0.432559503627,
    0.492443069802,0.552682219984,0.612522541488,0.672618274675,
    0.733844892932,0.79659922404,0.861453195154,0.929200677684,1.),(0.,
    1.),.UNSPECIFIED.);
#6019 = CARTESIAN_POINT('',(-7.740781740901E-02,-0.131525912771,1.E-02)
  );
#6020 = CARTESIAN_POINT('',(-7.740781740901E-02,-0.131525912771,
    6.776263578034E-18));
#6021 = CARTESIAN_POINT('',(-7.734943607036E-02,-0.134129661002,1.E-02)
  );
#6022 = CARTESIAN_POINT('',(-7.734943607036E-02,-0.134129661002,
    6.776263578034E-18));
#6023 = CARTESIAN_POINT('',(-7.723526480513E-02,-0.139221583124,1.E-02)
  );
#6024 = CARTESIAN_POINT('',(-7.723526480513E-02,-0.139221583124,
    6.776263578034E-18));
#6025 = CARTESIAN_POINT('',(-7.628428908408E-02,-0.146662005803,1.E-02)
  );
#6026 = CARTESIAN_POINT('',(-7.628428908408E-02,-0.146662005803,
    6.776263578034E-18));
#6027 = CARTESIAN_POINT('',(-7.467461826229E-02,-0.153690909957,1.E-02)
  );
#6028 = CARTESIAN_POINT('',(-7.467461826229E-02,-0.153690909957,
    6.776263578034E-18));
#6029 = CARTESIAN_POINT('',(-7.248917457863E-02,-0.160345431364,1.E-02)
  );
#6030 = CARTESIAN_POINT('',(-7.248917457863E-02,-0.160345431364,
    6.776263578034E-18));
#6031 = CARTESIAN_POINT('',(-6.96045322026E-02,-0.166576483647,1.E-02));
#6032 = CARTESIAN_POINT('',(-6.96045322026E-02,-0.166576483647,
    6.776263578034E-18));
#6033 = CARTESIAN_POINT('',(-6.611647333794E-02,-0.172425828942,1.E-02)
  );
#6034 = CARTESIAN_POINT('',(-6.611647333794E-02,-0.172425828942,
    6.776263578034E-18));
#6035 = CARTESIAN_POINT('',(-6.191650923473E-02,-0.177812343363,1.E-02)
  );
#6036 = CARTESIAN_POINT('',(-6.191650923473E-02,-0.177812343363,
    6.776263578034E-18));
#6037 = CARTESIAN_POINT('',(-5.71944168232E-02,-0.182820535539,1.E-02));
#6038 = CARTESIAN_POINT('',(-5.71944168232E-02,-0.182820535539,
    6.776263578034E-18));
#6039 = CARTESIAN_POINT('',(-5.190962180029E-02,-0.187288667777,1.E-02)
  );
#6040 = CARTESIAN_POINT('',(-5.190962180029E-02,-0.187288667777,
    6.776263578034E-18));
#6041 = CARTESIAN_POINT('',(-4.619369354588E-02,-0.191199811995,1.E-02)
  );
#6042 = CARTESIAN_POINT('',(-4.619369354588E-02,-0.191199811995,
    6.776263578034E-18));
#6043 = CARTESIAN_POINT('',(-4.006396283609E-02,-0.194508585613,1.E-02)
  );
#6044 = CARTESIAN_POINT('',(-4.006396283609E-02,-0.194508585613,
    6.776263578034E-18));
#6045 = CARTESIAN_POINT('',(-3.351718464197E-02,-0.197193441218,1.E-02)
  );
#6046 = CARTESIAN_POINT('',(-3.351718464197E-02,-0.197193441218,
    6.776263578034E-18));
#6047 = CARTESIAN_POINT('',(-2.656661577218E-02,-0.19928573557,1.E-02));
#6048 = CARTESIAN_POINT('',(-2.656661577218E-02,-0.19928573557,
    6.776263578034E-18));
#6049 = CARTESIAN_POINT('',(-1.920600873748E-02,-0.200748916279,1.E-02)
  );
#6050 = CARTESIAN_POINT('',(-1.920600873748E-02,-0.200748916279,
    6.776263578034E-18));
#6051 = CARTESIAN_POINT('',(-1.144568783419E-02,-0.201699786822,1.E-02)
  );
#6052 = CARTESIAN_POINT('',(-1.144568783419E-02,-0.201699786822,
    6.776263578034E-18));
#6053 = CARTESIAN_POINT('',(-6.126418352495E-03,-0.201791530493,1.E-02)
  );
#6054 = CARTESIAN_POINT('',(-6.126418352495E-03,-0.201791530493,
    6.776263578034E-18));
#6055 = CARTESIAN_POINT('',(-3.408198506575E-03,-0.201838412771,1.E-02)
  );
#6056 = CARTESIAN_POINT('',(-3.408198506575E-03,-0.201838412771,
    6.776263578034E-18));
#6057 = DEFINITIONAL_REPRESENTATION('',(#6058),#6062);
#6058 = LINE('',#6059,#6060);
#6059 = CARTESIAN_POINT('',(0.,1.));
#6060 = VECTOR('',#6061,1.);
#6061 = DIRECTION('',(1.,0.));
#6062 = ( GEOMETRIC_REPRESENTATION_CONTEXT(2) 
PARAMETRIC_REPRESENTATION_CONTEXT() REPRESENTATION_CONTEXT('2D SPACE',''
  ) );
#6063 = ORIENTED_EDGE('',*,*,#6064,.T.);
#6064 = EDGE_CURVE('',#5971,#6065,#6067,.T.);
#6065 = VERTEX_POINT('',#6066);
#6066 = CARTESIAN_POINT('',(7.625071917635E-02,-0.125552208503,0.));
#6067 = SURFACE_CURVE('',#6068,(#6088,#6111),.PCURVE_S1.);
#6068 = B_SPLINE_CURVE_WITH_KNOTS('',3,(#6069,#6070,#6071,#6072,#6073,
    #6074,#6075,#6076,#6077,#6078,#6079,#6080,#6081,#6082,#6083,#6084,
    #6085,#6086,#6087),.UNSPECIFIED.,.F.,.F.,(4,1,1,1,1,1,1,1,1,1,1,1,1,
    1,1,1,4),(0.,7.063927843666E-02,0.13824802572,0.203351342261,
    0.266307354651,0.328095924853,0.388723973634,0.449593764798,
    0.511027386645,0.572085699882,0.63187552745,0.691136624653,
    0.750375720002,0.81004484045,0.871370536028,0.934431262653,1.),
  .UNSPECIFIED.);
#6069 = CARTESIAN_POINT('',(-3.408198506575E-03,-0.201838412771,0.));
#6070 = CARTESIAN_POINT('',(-4.898522078099E-04,-0.201773125739,-0.));
#6071 = CARTESIAN_POINT('',(5.221638949814E-03,-0.201645352586,0.));
#6072 = CARTESIAN_POINT('',(1.357290739996E-02,-0.200628503467,0.));
#6073 = CARTESIAN_POINT('',(2.149299529042E-02,-0.198963063718,0.));
#6074 = CARTESIAN_POINT('',(2.897244899185E-02,-0.196566492132,0.));
#6075 = CARTESIAN_POINT('',(3.602543594179E-02,-0.193553130577,0.));
#6076 = CARTESIAN_POINT('',(4.263012383967E-02,-0.189823566031,0.));
#6077 = CARTESIAN_POINT('',(4.880332368724E-02,-0.185442299614,0.));
#6078 = CARTESIAN_POINT('',(5.446488169376E-02,-0.180388645582,0.));
#6079 = CARTESIAN_POINT('',(5.955340456771E-02,-0.174826648321,0.));
#6080 = CARTESIAN_POINT('',(6.407139867677E-02,-0.168898038152,0.));
#6081 = CARTESIAN_POINT('',(6.780549321623E-02,-0.162534241145,0.));
#6082 = CARTESIAN_POINT('',(7.092776656095E-02,-0.155856760587,0.));
#6083 = CARTESIAN_POINT('',(7.330003461456E-02,-0.148784366872,0.));
#6084 = CARTESIAN_POINT('',(7.500703977164E-02,-0.141367133531,0.));
#6085 = CARTESIAN_POINT('',(7.606397602008E-02,-0.13357607827,0.));
#6086 = CARTESIAN_POINT('',(7.618766754723E-02,-0.128261373704,-0.));
#6087 = CARTESIAN_POINT('',(7.625071917635E-02,-0.125552208503,0.));
#6088 = PCURVE('',#4520,#6089);
#6089 = DEFINITIONAL_REPRESENTATION('',(#6090),#6110);
#6090 = B_SPLINE_CURVE_WITH_KNOTS('',3,(#6091,#6092,#6093,#6094,#6095,
    #6096,#6097,#6098,#6099,#6100,#6101,#6102,#6103,#6104,#6105,#6106,
    #6107,#6108,#6109),.UNSPECIFIED.,.F.,.F.,(4,1,1,1,1,1,1,1,1,1,1,1,1,
    1,1,1,4),(0.,7.063927843666E-02,0.13824802572,0.203351342261,
    0.266307354651,0.328095924853,0.388723973634,0.449593764798,
    0.511027386645,0.572085699882,0.63187552745,0.691136624653,
    0.750375720002,0.81004484045,0.871370536028,0.934431262653,1.),
  .UNSPECIFIED.);
#6091 = CARTESIAN_POINT('',(3.408198506575E-03,-0.201838412771));
#6092 = CARTESIAN_POINT('',(4.898522078099E-04,-0.201773125739));
#6093 = CARTESIAN_POINT('',(-5.221638949814E-03,-0.201645352586));
#6094 = CARTESIAN_POINT('',(-1.357290739996E-02,-0.200628503467));
#6095 = CARTESIAN_POINT('',(-2.149299529042E-02,-0.198963063718));
#6096 = CARTESIAN_POINT('',(-2.897244899185E-02,-0.196566492132));
#6097 = CARTESIAN_POINT('',(-3.602543594179E-02,-0.193553130577));
#6098 = CARTESIAN_POINT('',(-4.263012383967E-02,-0.189823566031));
#6099 = CARTESIAN_POINT('',(-4.880332368724E-02,-0.185442299614));
#6100 = CARTESIAN_POINT('',(-5.446488169376E-02,-0.180388645582));
#6101 = CARTESIAN_POINT('',(-5.955340456771E-02,-0.174826648321));
#6102 = CARTESIAN_POINT('',(-6.407139867677E-02,-0.168898038152));
#6103 = CARTESIAN_POINT('',(-6.780549321623E-02,-0.162534241145));
#6104 = CARTESIAN_POINT('',(-7.092776656095E-02,-0.155856760587));
#6105 = CARTESIAN_POINT('',(-7.330003461456E-02,-0.148784366872));
#6106 = CARTESIAN_POINT('',(-7.500703977164E-02,-0.141367133531));
#6107 = CARTESIAN_POINT('',(-7.606397602008E-02,-0.13357607827));
#6108 = CARTESIAN_POINT('',(-7.618766754723E-02,-0.128261373704));
#6109 = CARTESIAN_POINT('',(-7.625071917635E-02,-0.125552208503));
#6110 = ( GEOMETRIC_REPRESENTATION_CONTEXT(2) 
PARAMETRIC_REPRESENTATION_CONTEXT() REPRESENTATION_CONTEXT('2D SPACE',''
  ) );
#6111 = PCURVE('',#6112,#6151);
#6112 = B_SPLINE_SURFACE_WITH_KNOTS('',3,1,(
    (#6113,#6114)
    ,(#6115,#6116)
    ,(#6117,#6118)
    ,(#6119,#6120)
    ,(#6121,#6122)
    ,(#6123,#6124)
    ,(#6125,#6126)
    ,(#6127,#6128)
    ,(#6129,#6130)
    ,(#6131,#6132)
    ,(#6133,#6134)
    ,(#6135,#6136)
    ,(#6137,#6138)
    ,(#6139,#6140)
    ,(#6141,#6142)
    ,(#6143,#6144)
    ,(#6145,#6146)
    ,(#6147,#6148)
    ,(#6149,#6150
    )),.UNSPECIFIED.,.F.,.F.,.F.,(4,1,1,1,1,1,1,1,1,1,1,1,1,1,1,1,4),(2,
    2),(0.,7.063927843666E-02,0.13824802572,0.203351342261,
    0.266307354651,0.328095924853,0.388723973634,0.449593764798,
    0.511027386645,0.572085699882,0.63187552745,0.691136624653,
    0.750375720002,0.81004484045,0.871370536028,0.934431262653,1.),(0.,
    1.),.UNSPECIFIED.);
#6113 = CARTESIAN_POINT('',(-3.408198506575E-03,-0.201838412771,1.E-02)
  );
#6114 = CARTESIAN_POINT('',(-3.408198506575E-03,-0.201838412771,
    6.776263578034E-18));
#6115 = CARTESIAN_POINT('',(-4.898522078099E-04,-0.201773125739,1.E-02)
  );
#6116 = CARTESIAN_POINT('',(-4.898522078099E-04,-0.201773125739,
    6.776263578034E-18));
#6117 = CARTESIAN_POINT('',(5.221638949814E-03,-0.201645352586,1.E-02));
#6118 = CARTESIAN_POINT('',(5.221638949814E-03,-0.201645352586,
    6.776263578034E-18));
#6119 = CARTESIAN_POINT('',(1.357290739996E-02,-0.200628503467,1.E-02));
#6120 = CARTESIAN_POINT('',(1.357290739996E-02,-0.200628503467,
    6.776263578034E-18));
#6121 = CARTESIAN_POINT('',(2.149299529042E-02,-0.198963063718,1.E-02));
#6122 = CARTESIAN_POINT('',(2.149299529042E-02,-0.198963063718,
    6.776263578034E-18));
#6123 = CARTESIAN_POINT('',(2.897244899185E-02,-0.196566492132,1.E-02));
#6124 = CARTESIAN_POINT('',(2.897244899185E-02,-0.196566492132,
    6.776263578034E-18));
#6125 = CARTESIAN_POINT('',(3.602543594179E-02,-0.193553130577,1.E-02));
#6126 = CARTESIAN_POINT('',(3.602543594179E-02,-0.193553130577,
    6.776263578034E-18));
#6127 = CARTESIAN_POINT('',(4.263012383967E-02,-0.189823566031,1.E-02));
#6128 = CARTESIAN_POINT('',(4.263012383967E-02,-0.189823566031,
    6.776263578034E-18));
#6129 = CARTESIAN_POINT('',(4.880332368724E-02,-0.185442299614,1.E-02));
#6130 = CARTESIAN_POINT('',(4.880332368724E-02,-0.185442299614,
    6.776263578034E-18));
#6131 = CARTESIAN_POINT('',(5.446488169376E-02,-0.180388645582,1.E-02));
#6132 = CARTESIAN_POINT('',(5.446488169376E-02,-0.180388645582,
    6.776263578034E-18));
#6133 = CARTESIAN_POINT('',(5.955340456771E-02,-0.174826648321,1.E-02));
#6134 = CARTESIAN_POINT('',(5.955340456771E-02,-0.174826648321,
    6.776263578034E-18));
#6135 = CARTESIAN_POINT('',(6.407139867677E-02,-0.168898038152,1.E-02));
#6136 = CARTESIAN_POINT('',(6.407139867677E-02,-0.168898038152,
    6.776263578034E-18));
#6137 = CARTESIAN_POINT('',(6.780549321623E-02,-0.162534241145,1.E-02));
#6138 = CARTESIAN_POINT('',(6.780549321623E-02,-0.162534241145,
    6.776263578034E-18));
#6139 = CARTESIAN_POINT('',(7.092776656095E-02,-0.155856760587,1.E-02));
#6140 = CARTESIAN_POINT('',(7.092776656095E-02,-0.155856760587,
    6.776263578034E-18));
#6141 = CARTESIAN_POINT('',(7.330003461456E-02,-0.148784366872,1.E-02));
#6142 = CARTESIAN_POINT('',(7.330003461456E-02,-0.148784366872,
    6.776263578034E-18));
#6143 = CARTESIAN_POINT('',(7.500703977164E-02,-0.141367133531,1.E-02));
#6144 = CARTESIAN_POINT('',(7.500703977164E-02,-0.141367133531,
    6.776263578034E-18));
#6145 = CARTESIAN_POINT('',(7.606397602008E-02,-0.13357607827,1.E-02));
#6146 = CARTESIAN_POINT('',(7.606397602008E-02,-0.13357607827,
    6.776263578034E-18));
#6147 = CARTESIAN_POINT('',(7.618766754723E-02,-0.128261373704,1.E-02));
#6148 = CARTESIAN_POINT('',(7.618766754723E-02,-0.128261373704,
    6.776263578034E-18));
#6149 = CARTESIAN_POINT('',(7.625071917635E-02,-0.125552208503,1.E-02));
#6150 = CARTESIAN_POINT('',(7.625071917635E-02,-0.125552208503,
    6.776263578034E-18));
#6151 = DEFINITIONAL_REPRESENTATION('',(#6152),#6156);
#6152 = LINE('',#6153,#6154);
#6153 = CARTESIAN_POINT('',(3.497366461002E-18,1.));
#6154 = VECTOR('',#6155,1.);
#6155 = DIRECTION('',(1.,0.));
#6156 = ( GEOMETRIC_REPRESENTATION_CONTEXT(2) 
PARAMETRIC_REPRESENTATION_CONTEXT() REPRESENTATION_CONTEXT('2D SPACE',''
  ) );
#6157 = ORIENTED_EDGE('',*,*,#6158,.T.);
#6158 = EDGE_CURVE('',#6065,#6159,#6161,.T.);
#6159 = VERTEX_POINT('',#6160);
#6160 = CARTESIAN_POINT('',(7.030559722513E-02,-9.025304691721E-02,0.));
#6161 = SURFACE_CURVE('',#6162,(#6174,#6189),.PCURVE_S1.);
#6162 = B_SPLINE_CURVE_WITH_KNOTS('',3,(#6163,#6164,#6165,#6166,#6167,
    #6168,#6169,#6170,#6171,#6172,#6173),.UNSPECIFIED.,.F.,.F.,(4,1,1,1,
    1,1,1,1,4),(0.,0.145186866472,0.28344261092,0.416524365929,
    0.543181123535,0.665153082638,0.781360206313,0.892756655642,1.),
  .UNSPECIFIED.);
#6163 = CARTESIAN_POINT('',(7.625071917635E-02,-0.125552208503,0.));
#6164 = CARTESIAN_POINT('',(7.623821751101E-02,-0.123808179409,-0.));
#6165 = CARTESIAN_POINT('',(7.621381100131E-02,-0.120403379982,0.));
#6166 = CARTESIAN_POINT('',(7.590775111144E-02,-0.115408493236,0.));
#6167 = CARTESIAN_POINT('',(7.547519480372E-02,-0.110646401667,0.));
#6168 = CARTESIAN_POINT('',(7.480070154333E-02,-0.106110213966,0.));
#6169 = CARTESIAN_POINT('',(7.399778763455E-02,-0.101800163544,0.));
#6170 = CARTESIAN_POINT('',(7.295115085574E-02,-9.77323964999E-02,0.));
#6171 = CARTESIAN_POINT('',(7.177840221294E-02,-9.388134204975E-02,0.));
#6172 = CARTESIAN_POINT('',(7.079027566976E-02,-9.14470654438E-02,-0.));
#6173 = CARTESIAN_POINT('',(7.030559722513E-02,-9.025304691721E-02,0.));
#6174 = PCURVE('',#4520,#6175);
#6175 = DEFINITIONAL_REPRESENTATION('',(#6176),#6188);
#6176 = B_SPLINE_CURVE_WITH_KNOTS('',3,(#6177,#6178,#6179,#6180,#6181,
    #6182,#6183,#6184,#6185,#6186,#6187),.UNSPECIFIED.,.F.,.F.,(4,1,1,1,
    1,1,1,1,4),(0.,0.145186866472,0.28344261092,0.416524365929,
    0.543181123535,0.665153082638,0.781360206313,0.892756655642,1.),
  .UNSPECIFIED.);
#6177 = CARTESIAN_POINT('',(-7.625071917635E-02,-0.125552208503));
#6178 = CARTESIAN_POINT('',(-7.623821751101E-02,-0.123808179409));
#6179 = CARTESIAN_POINT('',(-7.621381100131E-02,-0.120403379982));
#6180 = CARTESIAN_POINT('',(-7.590775111144E-02,-0.115408493236));
#6181 = CARTESIAN_POINT('',(-7.547519480372E-02,-0.110646401667));
#6182 = CARTESIAN_POINT('',(-7.480070154333E-02,-0.106110213966));
#6183 = CARTESIAN_POINT('',(-7.399778763455E-02,-0.101800163544));
#6184 = CARTESIAN_POINT('',(-7.295115085574E-02,-9.77323964999E-02));
#6185 = CARTESIAN_POINT('',(-7.177840221294E-02,-9.388134204975E-02));
#6186 = CARTESIAN_POINT('',(-7.079027566976E-02,-9.14470654438E-02));
#6187 = CARTESIAN_POINT('',(-7.030559722513E-02,-9.025304691721E-02));
#6188 = ( GEOMETRIC_REPRESENTATION_CONTEXT(2) 
PARAMETRIC_REPRESENTATION_CONTEXT() REPRESENTATION_CONTEXT('2D SPACE',''
  ) );
#6189 = PCURVE('',#6190,#6213);
#6190 = B_SPLINE_SURFACE_WITH_KNOTS('',3,1,(
    (#6191,#6192)
    ,(#6193,#6194)
    ,(#6195,#6196)
    ,(#6197,#6198)
    ,(#6199,#6200)
    ,(#6201,#6202)
    ,(#6203,#6204)
    ,(#6205,#6206)
    ,(#6207,#6208)
    ,(#6209,#6210)
    ,(#6211,#6212
  )),.UNSPECIFIED.,.F.,.F.,.F.,(4,1,1,1,1,1,1,1,4),(2,2),(0.,
    0.145186866472,0.28344261092,0.416524365929,0.543181123535,
    0.665153082638,0.781360206313,0.892756655642,1.),(0.,1.),
  .UNSPECIFIED.);
#6191 = CARTESIAN_POINT('',(7.625071917635E-02,-0.125552208503,1.E-02));
#6192 = CARTESIAN_POINT('',(7.625071917635E-02,-0.125552208503,
    6.776263578034E-18));
#6193 = CARTESIAN_POINT('',(7.623821751101E-02,-0.123808179409,1.E-02));
#6194 = CARTESIAN_POINT('',(7.623821751101E-02,-0.123808179409,
    6.776263578034E-18));
#6195 = CARTESIAN_POINT('',(7.621381100131E-02,-0.120403379982,1.E-02));
#6196 = CARTESIAN_POINT('',(7.621381100131E-02,-0.120403379982,
    6.776263578034E-18));
#6197 = CARTESIAN_POINT('',(7.590775111144E-02,-0.115408493236,1.E-02));
#6198 = CARTESIAN_POINT('',(7.590775111144E-02,-0.115408493236,
    6.776263578034E-18));
#6199 = CARTESIAN_POINT('',(7.547519480372E-02,-0.110646401667,1.E-02));
#6200 = CARTESIAN_POINT('',(7.547519480372E-02,-0.110646401667,
    6.776263578034E-18));
#6201 = CARTESIAN_POINT('',(7.480070154333E-02,-0.106110213966,1.E-02));
#6202 = CARTESIAN_POINT('',(7.480070154333E-02,-0.106110213966,
    6.776263578034E-18));
#6203 = CARTESIAN_POINT('',(7.399778763455E-02,-0.101800163544,1.E-02));
#6204 = CARTESIAN_POINT('',(7.399778763455E-02,-0.101800163544,
    6.776263578034E-18));
#6205 = CARTESIAN_POINT('',(7.295115085574E-02,-9.77323964999E-02,1.E-02
    ));
#6206 = CARTESIAN_POINT('',(7.295115085574E-02,-9.77323964999E-02,
    6.776263578034E-18));
#6207 = CARTESIAN_POINT('',(7.177840221294E-02,-9.388134204975E-02,
    1.E-02));
#6208 = CARTESIAN_POINT('',(7.177840221294E-02,-9.388134204975E-02,
    6.776263578034E-18));
#6209 = CARTESIAN_POINT('',(7.079027566976E-02,-9.14470654438E-02,1.E-02
    ));
#6210 = CARTESIAN_POINT('',(7.079027566976E-02,-9.14470654438E-02,
    6.776263578034E-18));
#6211 = CARTESIAN_POINT('',(7.030559722513E-02,-9.025304691721E-02,
    1.E-02));
#6212 = CARTESIAN_POINT('',(7.030559722513E-02,-9.025304691721E-02,
    6.776263578034E-18));
#6213 = DEFINITIONAL_REPRESENTATION('',(#6214),#6218);
#6214 = LINE('',#6215,#6216);
#6215 = CARTESIAN_POINT('',(0.,1.));
#6216 = VECTOR('',#6217,1.);
#6217 = DIRECTION('',(1.,0.));
#6218 = ( GEOMETRIC_REPRESENTATION_CONTEXT(2) 
PARAMETRIC_REPRESENTATION_CONTEXT() REPRESENTATION_CONTEXT('2D SPACE',''
  ) );
#6219 = ORIENTED_EDGE('',*,*,#6220,.T.);
#6220 = EDGE_CURVE('',#6159,#6221,#6223,.T.);
#6221 = VERTEX_POINT('',#6222);
#6222 = CARTESIAN_POINT('',(5.018364600562E-02,-9.025304691721E-02,0.));
#6223 = SURFACE_CURVE('',#6224,(#6228,#6235),.PCURVE_S1.);
#6224 = LINE('',#6225,#6226);
#6225 = CARTESIAN_POINT('',(7.030559722513E-02,-9.025304691721E-02,0.));
#6226 = VECTOR('',#6227,1.);
#6227 = DIRECTION('',(-1.,0.,0.));
#6228 = PCURVE('',#4520,#6229);
#6229 = DEFINITIONAL_REPRESENTATION('',(#6230),#6234);
#6230 = LINE('',#6231,#6232);
#6231 = CARTESIAN_POINT('',(-7.030559722513E-02,-9.025304691721E-02));
#6232 = VECTOR('',#6233,1.);
#6233 = DIRECTION('',(1.,0.));
#6234 = ( GEOMETRIC_REPRESENTATION_CONTEXT(2) 
PARAMETRIC_REPRESENTATION_CONTEXT() REPRESENTATION_CONTEXT('2D SPACE',''
  ) );
#6235 = PCURVE('',#6236,#6241);
#6236 = PLANE('',#6237);
#6237 = AXIS2_PLACEMENT_3D('',#6238,#6239,#6240);
#6238 = CARTESIAN_POINT('',(7.030559722513E-02,-9.025304691721E-02,
    1.E-02));
#6239 = DIRECTION('',(0.,-1.,0.));
#6240 = DIRECTION('',(0.,-0.,-1.));
#6241 = DEFINITIONAL_REPRESENTATION('',(#6242),#6246);
#6242 = LINE('',#6243,#6244);
#6243 = CARTESIAN_POINT('',(1.E-02,0.));
#6244 = VECTOR('',#6245,1.);
#6245 = DIRECTION('',(-0.,-1.));
#6246 = ( GEOMETRIC_REPRESENTATION_CONTEXT(2) 
PARAMETRIC_REPRESENTATION_CONTEXT() REPRESENTATION_CONTEXT('2D SPACE',''
  ) );
#6247 = ORIENTED_EDGE('',*,*,#6248,.T.);
#6248 = EDGE_CURVE('',#6221,#6249,#6251,.T.);
#6249 = VERTEX_POINT('',#6250);
#6250 = CARTESIAN_POINT('',(5.978730454221E-02,-0.1253807146,0.));
#6251 = SURFACE_CURVE('',#6252,(#6264,#6279),.PCURVE_S1.);
#6252 = B_SPLINE_CURVE_WITH_KNOTS('',3,(#6253,#6254,#6255,#6256,#6257,
    #6258,#6259,#6260,#6261,#6262,#6263),.UNSPECIFIED.,.F.,.F.,(4,1,1,1,
    1,1,1,1,4),(0.,0.125279696736,0.249419970742,0.373356799493,
    0.496681278782,0.620202915744,0.745086320161,0.871269195019,1.),
  .UNSPECIFIED.);
#6253 = CARTESIAN_POINT('',(5.018364600562E-02,-9.025304691721E-02,0.));
#6254 = CARTESIAN_POINT('',(5.095767195434E-02,-9.158510476137E-02,-0.)
  );
#6255 = CARTESIAN_POINT('',(5.249868406176E-02,-9.423710534227E-02,0.));
#6256 = CARTESIAN_POINT('',(5.442525247568E-02,-9.840822008434E-02,0.));
#6257 = CARTESIAN_POINT('',(5.609627320179E-02,-0.102659706557,0.));
#6258 = CARTESIAN_POINT('',(5.743022332625E-02,-0.10702132729,0.));
#6259 = CARTESIAN_POINT('',(5.850739828943E-02,-0.111465631539,0.));
#6260 = CARTESIAN_POINT('',(5.922988989635E-02,-0.11601592434,0.));
#6261 = CARTESIAN_POINT('',(5.971598493471E-02,-0.120663584501,0.));
#6262 = CARTESIAN_POINT('',(5.976337345276E-02,-0.123797895144,-0.));
#6263 = CARTESIAN_POINT('',(5.978730454221E-02,-0.1253807146,0.));
#6264 = PCURVE('',#4520,#6265);
#6265 = DEFINITIONAL_REPRESENTATION('',(#6266),#6278);
#6266 = B_SPLINE_CURVE_WITH_KNOTS('',3,(#6267,#6268,#6269,#6270,#6271,
    #6272,#6273,#6274,#6275,#6276,#6277),.UNSPECIFIED.,.F.,.F.,(4,1,1,1,
    1,1,1,1,4),(0.,0.125279696736,0.249419970742,0.373356799493,
    0.496681278782,0.620202915744,0.745086320161,0.871269195019,1.),
  .UNSPECIFIED.);
#6267 = CARTESIAN_POINT('',(-5.018364600562E-02,-9.025304691721E-02));
#6268 = CARTESIAN_POINT('',(-5.095767195434E-02,-9.158510476137E-02));
#6269 = CARTESIAN_POINT('',(-5.249868406176E-02,-9.423710534227E-02));
#6270 = CARTESIAN_POINT('',(-5.442525247568E-02,-9.840822008434E-02));
#6271 = CARTESIAN_POINT('',(-5.609627320179E-02,-0.102659706557));
#6272 = CARTESIAN_POINT('',(-5.743022332625E-02,-0.10702132729));
#6273 = CARTESIAN_POINT('',(-5.850739828943E-02,-0.111465631539));
#6274 = CARTESIAN_POINT('',(-5.922988989635E-02,-0.11601592434));
#6275 = CARTESIAN_POINT('',(-5.971598493471E-02,-0.120663584501));
#6276 = CARTESIAN_POINT('',(-5.976337345276E-02,-0.123797895144));
#6277 = CARTESIAN_POINT('',(-5.978730454221E-02,-0.1253807146));
#6278 = ( GEOMETRIC_REPRESENTATION_CONTEXT(2) 
PARAMETRIC_REPRESENTATION_CONTEXT() REPRESENTATION_CONTEXT('2D SPACE',''
  ) );
#6279 = PCURVE('',#6280,#6303);
#6280 = B_SPLINE_SURFACE_WITH_KNOTS('',3,1,(
    (#6281,#6282)
    ,(#6283,#6284)
    ,(#6285,#6286)
    ,(#6287,#6288)
    ,(#6289,#6290)
    ,(#6291,#6292)
    ,(#6293,#6294)
    ,(#6295,#6296)
    ,(#6297,#6298)
    ,(#6299,#6300)
    ,(#6301,#6302
  )),.UNSPECIFIED.,.F.,.F.,.F.,(4,1,1,1,1,1,1,1,4),(2,2),(0.,
    0.125279696736,0.249419970742,0.373356799493,0.496681278782,
    0.620202915744,0.745086320161,0.871269195019,1.),(0.,1.),
  .UNSPECIFIED.);
#6281 = CARTESIAN_POINT('',(5.018364600562E-02,-9.025304691721E-02,
    1.E-02));
#6282 = CARTESIAN_POINT('',(5.018364600562E-02,-9.025304691721E-02,
    6.776263578034E-18));
#6283 = CARTESIAN_POINT('',(5.095767195434E-02,-9.158510476137E-02,
    1.E-02));
#6284 = CARTESIAN_POINT('',(5.095767195434E-02,-9.158510476137E-02,
    6.776263578034E-18));
#6285 = CARTESIAN_POINT('',(5.249868406176E-02,-9.423710534227E-02,
    1.E-02));
#6286 = CARTESIAN_POINT('',(5.249868406176E-02,-9.423710534227E-02,
    6.776263578034E-18));
#6287 = CARTESIAN_POINT('',(5.442525247568E-02,-9.840822008434E-02,
    1.E-02));
#6288 = CARTESIAN_POINT('',(5.442525247568E-02,-9.840822008434E-02,
    6.776263578034E-18));
#6289 = CARTESIAN_POINT('',(5.609627320179E-02,-0.102659706557,1.E-02));
#6290 = CARTESIAN_POINT('',(5.609627320179E-02,-0.102659706557,
    6.776263578034E-18));
#6291 = CARTESIAN_POINT('',(5.743022332625E-02,-0.10702132729,1.E-02));
#6292 = CARTESIAN_POINT('',(5.743022332625E-02,-0.10702132729,
    6.776263578034E-18));
#6293 = CARTESIAN_POINT('',(5.850739828943E-02,-0.111465631539,1.E-02));
#6294 = CARTESIAN_POINT('',(5.850739828943E-02,-0.111465631539,
    6.776263578034E-18));
#6295 = CARTESIAN_POINT('',(5.922988989635E-02,-0.11601592434,1.E-02));
#6296 = CARTESIAN_POINT('',(5.922988989635E-02,-0.11601592434,
    6.776263578034E-18));
#6297 = CARTESIAN_POINT('',(5.971598493471E-02,-0.120663584501,1.E-02));
#6298 = CARTESIAN_POINT('',(5.971598493471E-02,-0.120663584501,
    6.776263578034E-18));
#6299 = CARTESIAN_POINT('',(5.976337345276E-02,-0.123797895144,1.E-02));
#6300 = CARTESIAN_POINT('',(5.976337345276E-02,-0.123797895144,
    6.776263578034E-18));
#6301 = CARTESIAN_POINT('',(5.978730454221E-02,-0.1253807146,1.E-02));
#6302 = CARTESIAN_POINT('',(5.978730454221E-02,-0.1253807146,
    6.776263578034E-18));
#6303 = DEFINITIONAL_REPRESENTATION('',(#6304),#6308);
#6304 = LINE('',#6305,#6306);
#6305 = CARTESIAN_POINT('',(-4.19744739678E-16,1.));
#6306 = VECTOR('',#6307,1.);
#6307 = DIRECTION('',(1.,0.));
#6308 = ( GEOMETRIC_REPRESENTATION_CONTEXT(2) 
PARAMETRIC_REPRESENTATION_CONTEXT() REPRESENTATION_CONTEXT('2D SPACE',''
  ) );
#6309 = ORIENTED_EDGE('',*,*,#6310,.T.);
#6310 = EDGE_CURVE('',#6249,#6311,#6313,.T.);
#6311 = VERTEX_POINT('',#6312);
#6312 = CARTESIAN_POINT('',(-2.179158872428E-03,-0.181716461551,0.));
#6313 = SURFACE_CURVE('',#6314,(#6334,#6357),.PCURVE_S1.);
#6314 = B_SPLINE_CURVE_WITH_KNOTS('',3,(#6315,#6316,#6317,#6318,#6319,
    #6320,#6321,#6322,#6323,#6324,#6325,#6326,#6327,#6328,#6329,#6330,
    #6331,#6332,#6333),.UNSPECIFIED.,.F.,.F.,(4,1,1,1,1,1,1,1,1,1,1,1,1,
    1,1,1,4),(0.,6.460651091173E-02,0.126707396677,0.186764158456,
    0.24561607929,0.303634260101,0.361487584679,0.420227043541,
    0.48002251282,0.540669691743,0.601185743116,0.662329843678,
    0.725019474255,0.789459456756,0.856499216937,0.92630919798,1.),
  .UNSPECIFIED.);
#6315 = CARTESIAN_POINT('',(5.978730454221E-02,-0.1253807146,0.));
#6316 = CARTESIAN_POINT('',(5.97438978877E-02,-0.12741322986,-0.));
#6317 = CARTESIAN_POINT('',(5.965876801282E-02,-0.13139943363,0.));
#6318 = CARTESIAN_POINT('',(5.881314638665E-02,-0.137221088504,0.));
#6319 = CARTESIAN_POINT('',(5.756853597618E-02,-0.142783969058,0.));
#6320 = CARTESIAN_POINT('',(5.567131750066E-02,-0.148025094389,0.));
#6321 = CARTESIAN_POINT('',(5.334568673521E-02,-0.153012977434,0.));
#6322 = CARTESIAN_POINT('',(5.041124254608E-02,-0.157666866671,0.));
#6323 = CARTESIAN_POINT('',(4.701070507253E-02,-0.162059288107,0.));
#6324 = CARTESIAN_POINT('',(4.308096216954E-02,-0.166109395389,0.));
#6325 = CARTESIAN_POINT('',(3.873691493432E-02,-0.169801156778,0.));
#6326 = CARTESIAN_POINT('',(3.394734069111E-02,-0.172968258946,0.));
#6327 = CARTESIAN_POINT('',(2.883750093257E-02,-0.175724862027,0.));
#6328 = CARTESIAN_POINT('',(2.332152377492E-02,-0.177904635607,0.));
#6329 = CARTESIAN_POINT('',(1.745723127223E-02,-0.179627023774,0.));
#6330 = CARTESIAN_POINT('',(1.123963891506E-02,-0.180849554338,0.));
#6331 = CARTESIAN_POINT('',(4.649671414268E-03,-0.18156368849,0.));
#6332 = CARTESIAN_POINT('',(1.377908403933E-04,-0.181664627272,-0.));
#6333 = CARTESIAN_POINT('',(-2.179158872428E-03,-0.181716461551,0.));
#6334 = PCURVE('',#4520,#6335);
#6335 = DEFINITIONAL_REPRESENTATION('',(#6336),#6356);
#6336 = B_SPLINE_CURVE_WITH_KNOTS('',3,(#6337,#6338,#6339,#6340,#6341,
    #6342,#6343,#6344,#6345,#6346,#6347,#6348,#6349,#6350,#6351,#6352,
    #6353,#6354,#6355),.UNSPECIFIED.,.F.,.F.,(4,1,1,1,1,1,1,1,1,1,1,1,1,
    1,1,1,4),(0.,6.460651091173E-02,0.126707396677,0.186764158456,
    0.24561607929,0.303634260101,0.361487584679,0.420227043541,
    0.48002251282,0.540669691743,0.601185743116,0.662329843678,
    0.725019474255,0.789459456756,0.856499216937,0.92630919798,1.),
  .UNSPECIFIED.);
#6337 = CARTESIAN_POINT('',(-5.978730454221E-02,-0.1253807146));
#6338 = CARTESIAN_POINT('',(-5.97438978877E-02,-0.12741322986));
#6339 = CARTESIAN_POINT('',(-5.965876801282E-02,-0.13139943363));
#6340 = CARTESIAN_POINT('',(-5.881314638665E-02,-0.137221088504));
#6341 = CARTESIAN_POINT('',(-5.756853597618E-02,-0.142783969058));
#6342 = CARTESIAN_POINT('',(-5.567131750066E-02,-0.148025094389));
#6343 = CARTESIAN_POINT('',(-5.334568673521E-02,-0.153012977434));
#6344 = CARTESIAN_POINT('',(-5.041124254608E-02,-0.157666866671));
#6345 = CARTESIAN_POINT('',(-4.701070507253E-02,-0.162059288107));
#6346 = CARTESIAN_POINT('',(-4.308096216954E-02,-0.166109395389));
#6347 = CARTESIAN_POINT('',(-3.873691493432E-02,-0.169801156778));
#6348 = CARTESIAN_POINT('',(-3.394734069111E-02,-0.172968258946));
#6349 = CARTESIAN_POINT('',(-2.883750093257E-02,-0.175724862027));
#6350 = CARTESIAN_POINT('',(-2.332152377492E-02,-0.177904635607));
#6351 = CARTESIAN_POINT('',(-1.745723127223E-02,-0.179627023774));
#6352 = CARTESIAN_POINT('',(-1.123963891506E-02,-0.180849554338));
#6353 = CARTESIAN_POINT('',(-4.649671414268E-03,-0.18156368849));
#6354 = CARTESIAN_POINT('',(-1.377908403933E-04,-0.181664627272));
#6355 = CARTESIAN_POINT('',(2.179158872428E-03,-0.181716461551));
#6356 = ( GEOMETRIC_REPRESENTATION_CONTEXT(2) 
PARAMETRIC_REPRESENTATION_CONTEXT() REPRESENTATION_CONTEXT('2D SPACE',''
  ) );
#6357 = PCURVE('',#6358,#6397);
#6358 = B_SPLINE_SURFACE_WITH_KNOTS('',3,1,(
    (#6359,#6360)
    ,(#6361,#6362)
    ,(#6363,#6364)
    ,(#6365,#6366)
    ,(#6367,#6368)
    ,(#6369,#6370)
    ,(#6371,#6372)
    ,(#6373,#6374)
    ,(#6375,#6376)
    ,(#6377,#6378)
    ,(#6379,#6380)
    ,(#6381,#6382)
    ,(#6383,#6384)
    ,(#6385,#6386)
    ,(#6387,#6388)
    ,(#6389,#6390)
    ,(#6391,#6392)
    ,(#6393,#6394)
    ,(#6395,#6396
    )),.UNSPECIFIED.,.F.,.F.,.F.,(4,1,1,1,1,1,1,1,1,1,1,1,1,1,1,1,4),(2,
    2),(0.,6.460651091173E-02,0.126707396677,0.186764158456,
    0.24561607929,0.303634260101,0.361487584679,0.420227043541,
    0.48002251282,0.540669691743,0.601185743116,0.662329843678,
    0.725019474255,0.789459456756,0.856499216937,0.92630919798,1.),(0.,
    1.),.UNSPECIFIED.);
#6359 = CARTESIAN_POINT('',(5.978730454221E-02,-0.1253807146,1.E-02));
#6360 = CARTESIAN_POINT('',(5.978730454221E-02,-0.1253807146,
    6.776263578034E-18));
#6361 = CARTESIAN_POINT('',(5.97438978877E-02,-0.12741322986,1.E-02));
#6362 = CARTESIAN_POINT('',(5.97438978877E-02,-0.12741322986,
    6.776263578034E-18));
#6363 = CARTESIAN_POINT('',(5.965876801282E-02,-0.13139943363,1.E-02));
#6364 = CARTESIAN_POINT('',(5.965876801282E-02,-0.13139943363,
    6.776263578034E-18));
#6365 = CARTESIAN_POINT('',(5.881314638665E-02,-0.137221088504,1.E-02));
#6366 = CARTESIAN_POINT('',(5.881314638665E-02,-0.137221088504,
    6.776263578034E-18));
#6367 = CARTESIAN_POINT('',(5.756853597618E-02,-0.142783969058,1.E-02));
#6368 = CARTESIAN_POINT('',(5.756853597618E-02,-0.142783969058,
    6.776263578034E-18));
#6369 = CARTESIAN_POINT('',(5.567131750066E-02,-0.148025094389,1.E-02));
#6370 = CARTESIAN_POINT('',(5.567131750066E-02,-0.148025094389,
    6.776263578034E-18));
#6371 = CARTESIAN_POINT('',(5.334568673521E-02,-0.153012977434,1.E-02));
#6372 = CARTESIAN_POINT('',(5.334568673521E-02,-0.153012977434,
    6.776263578034E-18));
#6373 = CARTESIAN_POINT('',(5.041124254608E-02,-0.157666866671,1.E-02));
#6374 = CARTESIAN_POINT('',(5.041124254608E-02,-0.157666866671,
    6.776263578034E-18));
#6375 = CARTESIAN_POINT('',(4.701070507253E-02,-0.162059288107,1.E-02));
#6376 = CARTESIAN_POINT('',(4.701070507253E-02,-0.162059288107,
    6.776263578034E-18));
#6377 = CARTESIAN_POINT('',(4.308096216954E-02,-0.166109395389,1.E-02));
#6378 = CARTESIAN_POINT('',(4.308096216954E-02,-0.166109395389,
    6.776263578034E-18));
#6379 = CARTESIAN_POINT('',(3.873691493432E-02,-0.169801156778,1.E-02));
#6380 = CARTESIAN_POINT('',(3.873691493432E-02,-0.169801156778,
    6.776263578034E-18));
#6381 = CARTESIAN_POINT('',(3.394734069111E-02,-0.172968258946,1.E-02));
#6382 = CARTESIAN_POINT('',(3.394734069111E-02,-0.172968258946,
    6.776263578034E-18));
#6383 = CARTESIAN_POINT('',(2.883750093257E-02,-0.175724862027,1.E-02));
#6384 = CARTESIAN_POINT('',(2.883750093257E-02,-0.175724862027,
    6.776263578034E-18));
#6385 = CARTESIAN_POINT('',(2.332152377492E-02,-0.177904635607,1.E-02));
#6386 = CARTESIAN_POINT('',(2.332152377492E-02,-0.177904635607,
    6.776263578034E-18));
#6387 = CARTESIAN_POINT('',(1.745723127223E-02,-0.179627023774,1.E-02));
#6388 = CARTESIAN_POINT('',(1.745723127223E-02,-0.179627023774,
    6.776263578034E-18));
#6389 = CARTESIAN_POINT('',(1.123963891506E-02,-0.180849554338,1.E-02));
#6390 = CARTESIAN_POINT('',(1.123963891506E-02,-0.180849554338,
    6.776263578034E-18));
#6391 = CARTESIAN_POINT('',(4.649671414268E-03,-0.18156368849,1.E-02));
#6392 = CARTESIAN_POINT('',(4.649671414268E-03,-0.18156368849,
    6.776263578034E-18));
#6393 = CARTESIAN_POINT('',(1.377908403933E-04,-0.181664627272,1.E-02));
#6394 = CARTESIAN_POINT('',(1.377908403933E-04,-0.181664627272,
    6.776263578034E-18));
#6395 = CARTESIAN_POINT('',(-2.179158872428E-03,-0.181716461551,1.E-02)
  );
#6396 = CARTESIAN_POINT('',(-2.179158872428E-03,-0.181716461551,
    6.776263578034E-18));
#6397 = DEFINITIONAL_REPRESENTATION('',(#6398),#6402);
#6398 = LINE('',#6399,#6400);
#6399 = CARTESIAN_POINT('',(0.,1.));
#6400 = VECTOR('',#6401,1.);
#6401 = DIRECTION('',(1.,0.));
#6402 = ( GEOMETRIC_REPRESENTATION_CONTEXT(2) 
PARAMETRIC_REPRESENTATION_CONTEXT() REPRESENTATION_CONTEXT('2D SPACE',''
  ) );
#6403 = ORIENTED_EDGE('',*,*,#6404,.T.);
#6404 = EDGE_CURVE('',#6311,#5817,#6405,.T.);
#6405 = SURFACE_CURVE('',#6406,(#6426,#6449),.PCURVE_S1.);
#6406 = B_SPLINE_CURVE_WITH_KNOTS('',3,(#6407,#6408,#6409,#6410,#6411,
    #6412,#6413,#6414,#6415,#6416,#6417,#6418,#6419,#6420,#6421,#6422,
    #6423,#6424,#6425),.UNSPECIFIED.,.F.,.F.,(4,1,1,1,1,1,1,1,1,1,1,1,1,
    1,1,1,4),(0.,7.378258718587E-02,0.144095652163,0.211372776945,
    0.276108573914,0.338559771335,0.399646477988,0.460022357923,
    0.520364180104,0.579989743327,0.638421673378,0.696329698138,
    0.753973538922,0.812784195164,0.872739820247,0.935174557152,1.),
  .UNSPECIFIED.);
#6407 = CARTESIAN_POINT('',(-2.179158872428E-03,-0.181716461551,0.));
#6408 = CARTESIAN_POINT('',(-4.372344677521E-03,-0.181674798114,-0.));
#6409 = CARTESIAN_POINT('',(-8.655584815235E-03,-0.181593430403,0.));
#6410 = CARTESIAN_POINT('',(-1.490716759009E-02,-0.180894059614,0.));
#6411 = CARTESIAN_POINT('',(-2.081842119367E-02,-0.17976184572,0.));
#6412 = CARTESIAN_POINT('',(-2.638271068775E-02,-0.178168327266,0.));
#6413 = CARTESIAN_POINT('',(-3.159206591589E-02,-0.176101664573,0.));
#6414 = CARTESIAN_POINT('',(-3.645093006123E-02,-0.173577856411,0.));
#6415 = CARTESIAN_POINT('',(-4.096448399356E-02,-0.170589767654,0.));
#6416 = CARTESIAN_POINT('',(-4.510055753958E-02,-0.167165736915,0.));
#6417 = CARTESIAN_POINT('',(-4.881380674714E-02,-0.163368206154,0.));
#6418 = CARTESIAN_POINT('',(-5.206552486335E-02,-0.159260605413,0.));
#6419 = CARTESIAN_POINT('',(-5.482372817177E-02,-0.154874506408,0.));
#6420 = CARTESIAN_POINT('',(-5.707196334855E-02,-0.150194395012,0.));
#6421 = CARTESIAN_POINT('',(-5.881824618823E-02,-0.145239542946,0.));
#6422 = CARTESIAN_POINT('',(-6.003994951572E-02,-0.139986629396,0.));
#6423 = CARTESIAN_POINT('',(-6.079728147683E-02,-0.134463391442,0.));
#6424 = CARTESIAN_POINT('',(-6.089475198285E-02,-0.130680437974,-0.));
#6425 = CARTESIAN_POINT('',(-6.094440277487E-02,-0.128753428015,0.));
#6426 = PCURVE('',#4520,#6427);
#6427 = DEFINITIONAL_REPRESENTATION('',(#6428),#6448);
#6428 = B_SPLINE_CURVE_WITH_KNOTS('',3,(#6429,#6430,#6431,#6432,#6433,
    #6434,#6435,#6436,#6437,#6438,#6439,#6440,#6441,#6442,#6443,#6444,
    #6445,#6446,#6447),.UNSPECIFIED.,.F.,.F.,(4,1,1,1,1,1,1,1,1,1,1,1,1,
    1,1,1,4),(0.,7.378258718587E-02,0.144095652163,0.211372776945,
    0.276108573914,0.338559771335,0.399646477988,0.460022357923,
    0.520364180104,0.579989743327,0.638421673378,0.696329698138,
    0.753973538922,0.812784195164,0.872739820247,0.935174557152,1.),
  .UNSPECIFIED.);
#6429 = CARTESIAN_POINT('',(2.179158872428E-03,-0.181716461551));
#6430 = CARTESIAN_POINT('',(4.372344677521E-03,-0.181674798114));
#6431 = CARTESIAN_POINT('',(8.655584815235E-03,-0.181593430403));
#6432 = CARTESIAN_POINT('',(1.490716759009E-02,-0.180894059614));
#6433 = CARTESIAN_POINT('',(2.081842119367E-02,-0.17976184572));
#6434 = CARTESIAN_POINT('',(2.638271068775E-02,-0.178168327266));
#6435 = CARTESIAN_POINT('',(3.159206591589E-02,-0.176101664573));
#6436 = CARTESIAN_POINT('',(3.645093006123E-02,-0.173577856411));
#6437 = CARTESIAN_POINT('',(4.096448399356E-02,-0.170589767654));
#6438 = CARTESIAN_POINT('',(4.510055753958E-02,-0.167165736915));
#6439 = CARTESIAN_POINT('',(4.881380674714E-02,-0.163368206154));
#6440 = CARTESIAN_POINT('',(5.206552486335E-02,-0.159260605413));
#6441 = CARTESIAN_POINT('',(5.482372817177E-02,-0.154874506408));
#6442 = CARTESIAN_POINT('',(5.707196334855E-02,-0.150194395012));
#6443 = CARTESIAN_POINT('',(5.881824618823E-02,-0.145239542946));
#6444 = CARTESIAN_POINT('',(6.003994951572E-02,-0.139986629396));
#6445 = CARTESIAN_POINT('',(6.079728147683E-02,-0.134463391442));
#6446 = CARTESIAN_POINT('',(6.089475198285E-02,-0.130680437974));
#6447 = CARTESIAN_POINT('',(6.094440277487E-02,-0.128753428015));
#6448 = ( GEOMETRIC_REPRESENTATION_CONTEXT(2) 
PARAMETRIC_REPRESENTATION_CONTEXT() REPRESENTATION_CONTEXT('2D SPACE',''
  ) );
#6449 = PCURVE('',#6450,#6489);
#6450 = B_SPLINE_SURFACE_WITH_KNOTS('',3,1,(
    (#6451,#6452)
    ,(#6453,#6454)
    ,(#6455,#6456)
    ,(#6457,#6458)
    ,(#6459,#6460)
    ,(#6461,#6462)
    ,(#6463,#6464)
    ,(#6465,#6466)
    ,(#6467,#6468)
    ,(#6469,#6470)
    ,(#6471,#6472)
    ,(#6473,#6474)
    ,(#6475,#6476)
    ,(#6477,#6478)
    ,(#6479,#6480)
    ,(#6481,#6482)
    ,(#6483,#6484)
    ,(#6485,#6486)
    ,(#6487,#6488
    )),.UNSPECIFIED.,.F.,.F.,.F.,(4,1,1,1,1,1,1,1,1,1,1,1,1,1,1,1,4),(2,
    2),(0.,7.378258718587E-02,0.144095652163,0.211372776945,
    0.276108573914,0.338559771335,0.399646477988,0.460022357923,
    0.520364180104,0.579989743327,0.638421673378,0.696329698138,
    0.753973538922,0.812784195164,0.872739820247,0.935174557152,1.),(0.,
    1.),.UNSPECIFIED.);
#6451 = CARTESIAN_POINT('',(-2.179158872428E-03,-0.181716461551,1.E-02)
  );
#6452 = CARTESIAN_POINT('',(-2.179158872428E-03,-0.181716461551,
    6.776263578034E-18));
#6453 = CARTESIAN_POINT('',(-4.372344677521E-03,-0.181674798114,1.E-02)
  );
#6454 = CARTESIAN_POINT('',(-4.372344677521E-03,-0.181674798114,
    6.776263578034E-18));
#6455 = CARTESIAN_POINT('',(-8.655584815235E-03,-0.181593430403,1.E-02)
  );
#6456 = CARTESIAN_POINT('',(-8.655584815235E-03,-0.181593430403,
    6.776263578034E-18));
#6457 = CARTESIAN_POINT('',(-1.490716759009E-02,-0.180894059614,1.E-02)
  );
#6458 = CARTESIAN_POINT('',(-1.490716759009E-02,-0.180894059614,
    6.776263578034E-18));
#6459 = CARTESIAN_POINT('',(-2.081842119367E-02,-0.17976184572,1.E-02));
#6460 = CARTESIAN_POINT('',(-2.081842119367E-02,-0.17976184572,
    6.776263578034E-18));
#6461 = CARTESIAN_POINT('',(-2.638271068775E-02,-0.178168327266,1.E-02)
  );
#6462 = CARTESIAN_POINT('',(-2.638271068775E-02,-0.178168327266,
    6.776263578034E-18));
#6463 = CARTESIAN_POINT('',(-3.159206591589E-02,-0.176101664573,1.E-02)
  );
#6464 = CARTESIAN_POINT('',(-3.159206591589E-02,-0.176101664573,
    6.776263578034E-18));
#6465 = CARTESIAN_POINT('',(-3.645093006123E-02,-0.173577856411,1.E-02)
  );
#6466 = CARTESIAN_POINT('',(-3.645093006123E-02,-0.173577856411,
    6.776263578034E-18));
#6467 = CARTESIAN_POINT('',(-4.096448399356E-02,-0.170589767654,1.E-02)
  );
#6468 = CARTESIAN_POINT('',(-4.096448399356E-02,-0.170589767654,
    6.776263578034E-18));
#6469 = CARTESIAN_POINT('',(-4.510055753958E-02,-0.167165736915,1.E-02)
  );
#6470 = CARTESIAN_POINT('',(-4.510055753958E-02,-0.167165736915,
    6.776263578034E-18));
#6471 = CARTESIAN_POINT('',(-4.881380674714E-02,-0.163368206154,1.E-02)
  );
#6472 = CARTESIAN_POINT('',(-4.881380674714E-02,-0.163368206154,
    6.776263578034E-18));
#6473 = CARTESIAN_POINT('',(-5.206552486335E-02,-0.159260605413,1.E-02)
  );
#6474 = CARTESIAN_POINT('',(-5.206552486335E-02,-0.159260605413,
    6.776263578034E-18));
#6475 = CARTESIAN_POINT('',(-5.482372817177E-02,-0.154874506408,1.E-02)
  );
#6476 = CARTESIAN_POINT('',(-5.482372817177E-02,-0.154874506408,
    6.776263578034E-18));
#6477 = CARTESIAN_POINT('',(-5.707196334855E-02,-0.150194395012,1.E-02)
  );
#6478 = CARTESIAN_POINT('',(-5.707196334855E-02,-0.150194395012,
    6.776263578034E-18));
#6479 = CARTESIAN_POINT('',(-5.881824618823E-02,-0.145239542946,1.E-02)
  );
#6480 = CARTESIAN_POINT('',(-5.881824618823E-02,-0.145239542946,
    6.776263578034E-18));
#6481 = CARTESIAN_POINT('',(-6.003994951572E-02,-0.139986629396,1.E-02)
  );
#6482 = CARTESIAN_POINT('',(-6.003994951572E-02,-0.139986629396,
    6.776263578034E-18));
#6483 = CARTESIAN_POINT('',(-6.079728147683E-02,-0.134463391442,1.E-02)
  );
#6484 = CARTESIAN_POINT('',(-6.079728147683E-02,-0.134463391442,
    6.776263578034E-18));
#6485 = CARTESIAN_POINT('',(-6.089475198285E-02,-0.130680437974,1.E-02)
  );
#6486 = CARTESIAN_POINT('',(-6.089475198285E-02,-0.130680437974,
    6.776263578034E-18));
#6487 = CARTESIAN_POINT('',(-6.094440277487E-02,-0.128753428015,1.E-02)
  );
#6488 = CARTESIAN_POINT('',(-6.094440277487E-02,-0.128753428015,
    6.776263578034E-18));
#6489 = DEFINITIONAL_REPRESENTATION('',(#6490),#6494);
#6490 = LINE('',#6491,#6492);
#6491 = CARTESIAN_POINT('',(0.,1.));
#6492 = VECTOR('',#6493,1.);
#6493 = DIRECTION('',(1.,0.));
#6494 = ( GEOMETRIC_REPRESENTATION_CONTEXT(2) 
PARAMETRIC_REPRESENTATION_CONTEXT() REPRESENTATION_CONTEXT('2D SPACE',''
  ) );
#6495 = FACE_BOUND('',#6496,.T.);
#6496 = EDGE_LOOP('',(#6497,#6527,#6555,#6583,#6611,#6639));
#6497 = ORIENTED_EDGE('',*,*,#6498,.T.);
#6498 = EDGE_CURVE('',#6499,#6501,#6503,.T.);
#6499 = VERTEX_POINT('',#6500);
#6500 = CARTESIAN_POINT('',(-5.911513448218E-02,-0.271350607893,0.));
#6501 = VERTEX_POINT('',#6502);
#6502 = CARTESIAN_POINT('',(-5.911513448218E-02,-0.21464329082,0.));
#6503 = SURFACE_CURVE('',#6504,(#6508,#6515),.PCURVE_S1.);
#6504 = LINE('',#6505,#6506);
#6505 = CARTESIAN_POINT('',(-5.911513448218E-02,-0.271350607893,0.));
#6506 = VECTOR('',#6507,1.);
#6507 = DIRECTION('',(0.,1.,0.));
#6508 = PCURVE('',#4520,#6509);
#6509 = DEFINITIONAL_REPRESENTATION('',(#6510),#6514);
#6510 = LINE('',#6511,#6512);
#6511 = CARTESIAN_POINT('',(5.911513448218E-02,-0.271350607893));
#6512 = VECTOR('',#6513,1.);
#6513 = DIRECTION('',(0.,1.));
#6514 = ( GEOMETRIC_REPRESENTATION_CONTEXT(2) 
PARAMETRIC_REPRESENTATION_CONTEXT() REPRESENTATION_CONTEXT('2D SPACE',''
  ) );
#6515 = PCURVE('',#6516,#6521);
#6516 = PLANE('',#6517);
#6517 = AXIS2_PLACEMENT_3D('',#6518,#6519,#6520);
#6518 = CARTESIAN_POINT('',(-5.911513448218E-02,-0.271350607893,1.E-02)
  );
#6519 = DIRECTION('',(-1.,0.,0.));
#6520 = DIRECTION('',(0.,0.,1.));
#6521 = DEFINITIONAL_REPRESENTATION('',(#6522),#6526);
#6522 = LINE('',#6523,#6524);
#6523 = CARTESIAN_POINT('',(-1.E-02,0.));
#6524 = VECTOR('',#6525,1.);
#6525 = DIRECTION('',(0.,1.));
#6526 = ( GEOMETRIC_REPRESENTATION_CONTEXT(2) 
PARAMETRIC_REPRESENTATION_CONTEXT() REPRESENTATION_CONTEXT('2D SPACE',''
  ) );
#6527 = ORIENTED_EDGE('',*,*,#6528,.T.);
#6528 = EDGE_CURVE('',#6501,#6529,#6531,.T.);
#6529 = VERTEX_POINT('',#6530);
#6530 = CARTESIAN_POINT('',(-7.557854911633E-02,-0.21464329082,0.));
#6531 = SURFACE_CURVE('',#6532,(#6536,#6543),.PCURVE_S1.);
#6532 = LINE('',#6533,#6534);
#6533 = CARTESIAN_POINT('',(-5.911513448218E-02,-0.21464329082,0.));
#6534 = VECTOR('',#6535,1.);
#6535 = DIRECTION('',(-1.,0.,0.));
#6536 = PCURVE('',#4520,#6537);
#6537 = DEFINITIONAL_REPRESENTATION('',(#6538),#6542);
#6538 = LINE('',#6539,#6540);
#6539 = CARTESIAN_POINT('',(5.911513448218E-02,-0.21464329082));
#6540 = VECTOR('',#6541,1.);
#6541 = DIRECTION('',(1.,0.));
#6542 = ( GEOMETRIC_REPRESENTATION_CONTEXT(2) 
PARAMETRIC_REPRESENTATION_CONTEXT() REPRESENTATION_CONTEXT('2D SPACE',''
  ) );
#6543 = PCURVE('',#6544,#6549);
#6544 = PLANE('',#6545);
#6545 = AXIS2_PLACEMENT_3D('',#6546,#6547,#6548);
#6546 = CARTESIAN_POINT('',(-5.911513448218E-02,-0.21464329082,1.E-02));
#6547 = DIRECTION('',(0.,-1.,0.));
#6548 = DIRECTION('',(0.,-0.,-1.));
#6549 = DEFINITIONAL_REPRESENTATION('',(#6550),#6554);
#6550 = LINE('',#6551,#6552);
#6551 = CARTESIAN_POINT('',(1.E-02,0.));
#6552 = VECTOR('',#6553,1.);
#6553 = DIRECTION('',(-0.,-1.));
#6554 = ( GEOMETRIC_REPRESENTATION_CONTEXT(2) 
PARAMETRIC_REPRESENTATION_CONTEXT() REPRESENTATION_CONTEXT('2D SPACE',''
  ) );
#6555 = ORIENTED_EDGE('',*,*,#6556,.T.);
#6556 = EDGE_CURVE('',#6529,#6557,#6559,.T.);
#6557 = VERTEX_POINT('',#6558);
#6558 = CARTESIAN_POINT('',(-7.557854911633E-02,-0.291472559112,0.));
#6559 = SURFACE_CURVE('',#6560,(#6564,#6571),.PCURVE_S1.);
#6560 = LINE('',#6561,#6562);
#6561 = CARTESIAN_POINT('',(-7.557854911633E-02,-0.21464329082,0.));
#6562 = VECTOR('',#6563,1.);
#6563 = DIRECTION('',(0.,-1.,0.));
#6564 = PCURVE('',#4520,#6565);
#6565 = DEFINITIONAL_REPRESENTATION('',(#6566),#6570);
#6566 = LINE('',#6567,#6568);
#6567 = CARTESIAN_POINT('',(7.557854911633E-02,-0.21464329082));
#6568 = VECTOR('',#6569,1.);
#6569 = DIRECTION('',(-0.,-1.));
#6570 = ( GEOMETRIC_REPRESENTATION_CONTEXT(2) 
PARAMETRIC_REPRESENTATION_CONTEXT() REPRESENTATION_CONTEXT('2D SPACE',''
  ) );
#6571 = PCURVE('',#6572,#6577);
#6572 = PLANE('',#6573);
#6573 = AXIS2_PLACEMENT_3D('',#6574,#6575,#6576);
#6574 = CARTESIAN_POINT('',(-7.557854911633E-02,-0.21464329082,1.E-02));
#6575 = DIRECTION('',(1.,0.,-0.));
#6576 = DIRECTION('',(-0.,0.,-1.));
#6577 = DEFINITIONAL_REPRESENTATION('',(#6578),#6582);
#6578 = LINE('',#6579,#6580);
#6579 = CARTESIAN_POINT('',(1.E-02,0.));
#6580 = VECTOR('',#6581,1.);
#6581 = DIRECTION('',(-0.,-1.));
#6582 = ( GEOMETRIC_REPRESENTATION_CONTEXT(2) 
PARAMETRIC_REPRESENTATION_CONTEXT() REPRESENTATION_CONTEXT('2D SPACE',''
  ) );
#6583 = ORIENTED_EDGE('',*,*,#6584,.T.);
#6584 = EDGE_CURVE('',#6557,#6585,#6587,.T.);
#6585 = VERTEX_POINT('',#6586);
#6586 = CARTESIAN_POINT('',(7.442145088367E-02,-0.291472559112,0.));
#6587 = SURFACE_CURVE('',#6588,(#6592,#6599),.PCURVE_S1.);
#6588 = LINE('',#6589,#6590);
#6589 = CARTESIAN_POINT('',(-7.557854911633E-02,-0.291472559112,0.));
#6590 = VECTOR('',#6591,1.);
#6591 = DIRECTION('',(1.,0.,0.));
#6592 = PCURVE('',#4520,#6593);
#6593 = DEFINITIONAL_REPRESENTATION('',(#6594),#6598);
#6594 = LINE('',#6595,#6596);
#6595 = CARTESIAN_POINT('',(7.557854911633E-02,-0.291472559112));
#6596 = VECTOR('',#6597,1.);
#6597 = DIRECTION('',(-1.,0.));
#6598 = ( GEOMETRIC_REPRESENTATION_CONTEXT(2) 
PARAMETRIC_REPRESENTATION_CONTEXT() REPRESENTATION_CONTEXT('2D SPACE',''
  ) );
#6599 = PCURVE('',#6600,#6605);
#6600 = PLANE('',#6601);
#6601 = AXIS2_PLACEMENT_3D('',#6602,#6603,#6604);
#6602 = CARTESIAN_POINT('',(-7.557854911633E-02,-0.291472559112,1.E-02)
  );
#6603 = DIRECTION('',(0.,1.,0.));
#6604 = DIRECTION('',(0.,-0.,1.));
#6605 = DEFINITIONAL_REPRESENTATION('',(#6606),#6610);
#6606 = LINE('',#6607,#6608);
#6607 = CARTESIAN_POINT('',(-1.E-02,0.));
#6608 = VECTOR('',#6609,1.);
#6609 = DIRECTION('',(0.,1.));
#6610 = ( GEOMETRIC_REPRESENTATION_CONTEXT(2) 
PARAMETRIC_REPRESENTATION_CONTEXT() REPRESENTATION_CONTEXT('2D SPACE',''
  ) );
#6611 = ORIENTED_EDGE('',*,*,#6612,.T.);
#6612 = EDGE_CURVE('',#6585,#6613,#6615,.T.);
#6613 = VERTEX_POINT('',#6614);
#6614 = CARTESIAN_POINT('',(7.442145088367E-02,-0.271350607893,0.));
#6615 = SURFACE_CURVE('',#6616,(#6620,#6627),.PCURVE_S1.);
#6616 = LINE('',#6617,#6618);
#6617 = CARTESIAN_POINT('',(7.442145088367E-02,-0.291472559112,0.));
#6618 = VECTOR('',#6619,1.);
#6619 = DIRECTION('',(0.,1.,0.));
#6620 = PCURVE('',#4520,#6621);
#6621 = DEFINITIONAL_REPRESENTATION('',(#6622),#6626);
#6622 = LINE('',#6623,#6624);
#6623 = CARTESIAN_POINT('',(-7.442145088367E-02,-0.291472559112));
#6624 = VECTOR('',#6625,1.);
#6625 = DIRECTION('',(0.,1.));
#6626 = ( GEOMETRIC_REPRESENTATION_CONTEXT(2) 
PARAMETRIC_REPRESENTATION_CONTEXT() REPRESENTATION_CONTEXT('2D SPACE',''
  ) );
#6627 = PCURVE('',#6628,#6633);
#6628 = PLANE('',#6629);
#6629 = AXIS2_PLACEMENT_3D('',#6630,#6631,#6632);
#6630 = CARTESIAN_POINT('',(7.442145088367E-02,-0.291472559112,1.E-02));
#6631 = DIRECTION('',(-1.,0.,0.));
#6632 = DIRECTION('',(0.,0.,1.));
#6633 = DEFINITIONAL_REPRESENTATION('',(#6634),#6638);
#6634 = LINE('',#6635,#6636);
#6635 = CARTESIAN_POINT('',(-1.E-02,0.));
#6636 = VECTOR('',#6637,1.);
#6637 = DIRECTION('',(0.,1.));
#6638 = ( GEOMETRIC_REPRESENTATION_CONTEXT(2) 
PARAMETRIC_REPRESENTATION_CONTEXT() REPRESENTATION_CONTEXT('2D SPACE',''
  ) );
#6639 = ORIENTED_EDGE('',*,*,#6640,.T.);
#6640 = EDGE_CURVE('',#6613,#6499,#6641,.T.);
#6641 = SURFACE_CURVE('',#6642,(#6646,#6653),.PCURVE_S1.);
#6642 = LINE('',#6643,#6644);
#6643 = CARTESIAN_POINT('',(7.442145088367E-02,-0.271350607893,0.));
#6644 = VECTOR('',#6645,1.);
#6645 = DIRECTION('',(-1.,0.,0.));
#6646 = PCURVE('',#4520,#6647);
#6647 = DEFINITIONAL_REPRESENTATION('',(#6648),#6652);
#6648 = LINE('',#6649,#6650);
#6649 = CARTESIAN_POINT('',(-7.442145088367E-02,-0.271350607893));
#6650 = VECTOR('',#6651,1.);
#6651 = DIRECTION('',(1.,0.));
#6652 = ( GEOMETRIC_REPRESENTATION_CONTEXT(2) 
PARAMETRIC_REPRESENTATION_CONTEXT() REPRESENTATION_CONTEXT('2D SPACE',''
  ) );
#6653 = PCURVE('',#6654,#6659);
#6654 = PLANE('',#6655);
#6655 = AXIS2_PLACEMENT_3D('',#6656,#6657,#6658);
#6656 = CARTESIAN_POINT('',(7.442145088367E-02,-0.271350607893,1.E-02));
#6657 = DIRECTION('',(0.,-1.,0.));
#6658 = DIRECTION('',(0.,-0.,-1.));
#6659 = DEFINITIONAL_REPRESENTATION('',(#6660),#6664);
#6660 = LINE('',#6661,#6662);
#6661 = CARTESIAN_POINT('',(1.E-02,0.));
#6662 = VECTOR('',#6663,1.);
#6663 = DIRECTION('',(-0.,-1.));
#6664 = ( GEOMETRIC_REPRESENTATION_CONTEXT(2) 
PARAMETRIC_REPRESENTATION_CONTEXT() REPRESENTATION_CONTEXT('2D SPACE',''
  ) );
#6665 = ADVANCED_FACE('',(#6666),#4989,.T.);
#6666 = FACE_BOUND('',#6667,.T.);
#6667 = EDGE_LOOP('',(#6668,#6669,#6692,#6720));
#6668 = ORIENTED_EDGE('',*,*,#4971,.F.);
#6669 = ORIENTED_EDGE('',*,*,#6670,.F.);
#6670 = EDGE_CURVE('',#6671,#4972,#6673,.T.);
#6671 = VERTEX_POINT('',#6672);
#6672 = CARTESIAN_POINT('',(7.442145088367E-02,0.237185977473,1.E-02));
#6673 = SURFACE_CURVE('',#6674,(#6678,#6685),.PCURVE_S1.);
#6674 = LINE('',#6675,#6676);
#6675 = CARTESIAN_POINT('',(7.442145088367E-02,0.237185977473,1.E-02));
#6676 = VECTOR('',#6677,1.);
#6677 = DIRECTION('',(-0.,-0.,-1.));
#6678 = PCURVE('',#4989,#6679);
#6679 = DEFINITIONAL_REPRESENTATION('',(#6680),#6684);
#6680 = LINE('',#6681,#6682);
#6681 = CARTESIAN_POINT('',(0.,0.));
#6682 = VECTOR('',#6683,1.);
#6683 = DIRECTION('',(-1.,0.));
#6684 = ( GEOMETRIC_REPRESENTATION_CONTEXT(2) 
PARAMETRIC_REPRESENTATION_CONTEXT() REPRESENTATION_CONTEXT('2D SPACE',''
  ) );
#6685 = PCURVE('',#5183,#6686);
#6686 = DEFINITIONAL_REPRESENTATION('',(#6687),#6691);
#6687 = LINE('',#6688,#6689);
#6688 = CARTESIAN_POINT('',(-0.160361216663,0.));
#6689 = VECTOR('',#6690,1.);
#6690 = DIRECTION('',(0.,-1.));
#6691 = ( GEOMETRIC_REPRESENTATION_CONTEXT(2) 
PARAMETRIC_REPRESENTATION_CONTEXT() REPRESENTATION_CONTEXT('2D SPACE',''
  ) );
#6692 = ORIENTED_EDGE('',*,*,#6693,.T.);
#6693 = EDGE_CURVE('',#6671,#6694,#6696,.T.);
#6694 = VERTEX_POINT('',#6695);
#6695 = CARTESIAN_POINT('',(7.442145088367E-02,0.257307928693,1.E-02));
#6696 = SURFACE_CURVE('',#6697,(#6701,#6708),.PCURVE_S1.);
#6697 = LINE('',#6698,#6699);
#6698 = CARTESIAN_POINT('',(7.442145088367E-02,0.237185977473,1.E-02));
#6699 = VECTOR('',#6700,1.);
#6700 = DIRECTION('',(0.,1.,0.));
#6701 = PCURVE('',#4989,#6702);
#6702 = DEFINITIONAL_REPRESENTATION('',(#6703),#6707);
#6703 = LINE('',#6704,#6705);
#6704 = CARTESIAN_POINT('',(0.,0.));
#6705 = VECTOR('',#6706,1.);
#6706 = DIRECTION('',(0.,1.));
#6707 = ( GEOMETRIC_REPRESENTATION_CONTEXT(2) 
PARAMETRIC_REPRESENTATION_CONTEXT() REPRESENTATION_CONTEXT('2D SPACE',''
  ) );
#6708 = PCURVE('',#6709,#6714);
#6709 = PLANE('',#6710);
#6710 = AXIS2_PLACEMENT_3D('',#6711,#6712,#6713);
#6711 = CARTESIAN_POINT('',(0.,0.,1.E-02));
#6712 = DIRECTION('',(0.,0.,1.));
#6713 = DIRECTION('',(1.,0.,-0.));
#6714 = DEFINITIONAL_REPRESENTATION('',(#6715),#6719);
#6715 = LINE('',#6716,#6717);
#6716 = CARTESIAN_POINT('',(7.442145088367E-02,0.237185977473));
#6717 = VECTOR('',#6718,1.);
#6718 = DIRECTION('',(0.,1.));
#6719 = ( GEOMETRIC_REPRESENTATION_CONTEXT(2) 
PARAMETRIC_REPRESENTATION_CONTEXT() REPRESENTATION_CONTEXT('2D SPACE',''
  ) );
#6720 = ORIENTED_EDGE('',*,*,#6721,.T.);
#6721 = EDGE_CURVE('',#6694,#4974,#6722,.T.);
#6722 = SURFACE_CURVE('',#6723,(#6727,#6734),.PCURVE_S1.);
#6723 = LINE('',#6724,#6725);
#6724 = CARTESIAN_POINT('',(7.442145088367E-02,0.257307928693,1.E-02));
#6725 = VECTOR('',#6726,1.);
#6726 = DIRECTION('',(-0.,-0.,-1.));
#6727 = PCURVE('',#4989,#6728);
#6728 = DEFINITIONAL_REPRESENTATION('',(#6729),#6733);
#6729 = LINE('',#6730,#6731);
#6730 = CARTESIAN_POINT('',(0.,2.012195121951E-02));
#6731 = VECTOR('',#6732,1.);
#6732 = DIRECTION('',(-1.,0.));
#6733 = ( GEOMETRIC_REPRESENTATION_CONTEXT(2) 
PARAMETRIC_REPRESENTATION_CONTEXT() REPRESENTATION_CONTEXT('2D SPACE',''
  ) );
#6734 = PCURVE('',#5017,#6735);
#6735 = DEFINITIONAL_REPRESENTATION('',(#6736),#6740);
#6736 = LINE('',#6737,#6738);
#6737 = CARTESIAN_POINT('',(0.,0.));
#6738 = VECTOR('',#6739,1.);
#6739 = DIRECTION('',(0.,-1.));
#6740 = ( GEOMETRIC_REPRESENTATION_CONTEXT(2) 
PARAMETRIC_REPRESENTATION_CONTEXT() REPRESENTATION_CONTEXT('2D SPACE',''
  ) );
#6741 = ADVANCED_FACE('',(#6742),#5017,.T.);
#6742 = FACE_BOUND('',#6743,.T.);
#6743 = EDGE_LOOP('',(#6744,#6745,#6746,#6769));
#6744 = ORIENTED_EDGE('',*,*,#5001,.F.);
#6745 = ORIENTED_EDGE('',*,*,#6721,.F.);
#6746 = ORIENTED_EDGE('',*,*,#6747,.T.);
#6747 = EDGE_CURVE('',#6694,#6748,#6750,.T.);
#6748 = VERTEX_POINT('',#6749);
#6749 = CARTESIAN_POINT('',(-7.557854911633E-02,0.315844514058,1.E-02));
#6750 = SURFACE_CURVE('',#6751,(#6755,#6762),.PCURVE_S1.);
#6751 = LINE('',#6752,#6753);
#6752 = CARTESIAN_POINT('',(7.442145088367E-02,0.257307928693,1.E-02));
#6753 = VECTOR('',#6754,1.);
#6754 = DIRECTION('',(-0.931577619485,0.363542485653,0.));
#6755 = PCURVE('',#5017,#6756);
#6756 = DEFINITIONAL_REPRESENTATION('',(#6757),#6761);
#6757 = LINE('',#6758,#6759);
#6758 = CARTESIAN_POINT('',(0.,0.));
#6759 = VECTOR('',#6760,1.);
#6760 = DIRECTION('',(-1.,0.));
#6761 = ( GEOMETRIC_REPRESENTATION_CONTEXT(2) 
PARAMETRIC_REPRESENTATION_CONTEXT() REPRESENTATION_CONTEXT('2D SPACE',''
  ) );
#6762 = PCURVE('',#6709,#6763);
#6763 = DEFINITIONAL_REPRESENTATION('',(#6764),#6768);
#6764 = LINE('',#6765,#6766);
#6765 = CARTESIAN_POINT('',(7.442145088367E-02,0.257307928693));
#6766 = VECTOR('',#6767,1.);
#6767 = DIRECTION('',(-0.931577619485,0.363542485653));
#6768 = ( GEOMETRIC_REPRESENTATION_CONTEXT(2) 
PARAMETRIC_REPRESENTATION_CONTEXT() REPRESENTATION_CONTEXT('2D SPACE',''
  ) );
#6769 = ORIENTED_EDGE('',*,*,#6770,.T.);
#6770 = EDGE_CURVE('',#6748,#5002,#6771,.T.);
#6771 = SURFACE_CURVE('',#6772,(#6776,#6783),.PCURVE_S1.);
#6772 = LINE('',#6773,#6774);
#6773 = CARTESIAN_POINT('',(-7.557854911633E-02,0.315844514058,1.E-02));
#6774 = VECTOR('',#6775,1.);
#6775 = DIRECTION('',(-0.,-0.,-1.));
#6776 = PCURVE('',#5017,#6777);
#6777 = DEFINITIONAL_REPRESENTATION('',(#6778),#6782);
#6778 = LINE('',#6779,#6780);
#6779 = CARTESIAN_POINT('',(-0.161017178668,0.));
#6780 = VECTOR('',#6781,1.);
#6781 = DIRECTION('',(0.,-1.));
#6782 = ( GEOMETRIC_REPRESENTATION_CONTEXT(2) 
PARAMETRIC_REPRESENTATION_CONTEXT() REPRESENTATION_CONTEXT('2D SPACE',''
  ) );
#6783 = PCURVE('',#5045,#6784);
#6784 = DEFINITIONAL_REPRESENTATION('',(#6785),#6789);
#6785 = LINE('',#6786,#6787);
#6786 = CARTESIAN_POINT('',(0.,0.));
#6787 = VECTOR('',#6788,1.);
#6788 = DIRECTION('',(1.,-0.));
#6789 = ( GEOMETRIC_REPRESENTATION_CONTEXT(2) 
PARAMETRIC_REPRESENTATION_CONTEXT() REPRESENTATION_CONTEXT('2D SPACE',''
  ) );
#6790 = ADVANCED_FACE('',(#6791),#5045,.T.);
#6791 = FACE_BOUND('',#6792,.T.);
#6792 = EDGE_LOOP('',(#6793,#6794,#6795,#6818));
#6793 = ORIENTED_EDGE('',*,*,#5029,.F.);
#6794 = ORIENTED_EDGE('',*,*,#6770,.F.);
#6795 = ORIENTED_EDGE('',*,*,#6796,.T.);
#6796 = EDGE_CURVE('',#6748,#6797,#6799,.T.);
#6797 = VERTEX_POINT('',#6798);
#6798 = CARTESIAN_POINT('',(-7.557854911633E-02,0.293893294546,1.E-02));
#6799 = SURFACE_CURVE('',#6800,(#6804,#6811),.PCURVE_S1.);
#6800 = LINE('',#6801,#6802);
#6801 = CARTESIAN_POINT('',(-7.557854911633E-02,0.315844514058,1.E-02));
#6802 = VECTOR('',#6803,1.);
#6803 = DIRECTION('',(0.,-1.,0.));
#6804 = PCURVE('',#5045,#6805);
#6805 = DEFINITIONAL_REPRESENTATION('',(#6806),#6810);
#6806 = LINE('',#6807,#6808);
#6807 = CARTESIAN_POINT('',(0.,0.));
#6808 = VECTOR('',#6809,1.);
#6809 = DIRECTION('',(-0.,-1.));
#6810 = ( GEOMETRIC_REPRESENTATION_CONTEXT(2) 
PARAMETRIC_REPRESENTATION_CONTEXT() REPRESENTATION_CONTEXT('2D SPACE',''
  ) );
#6811 = PCURVE('',#6709,#6812);
#6812 = DEFINITIONAL_REPRESENTATION('',(#6813),#6817);
#6813 = LINE('',#6814,#6815);
#6814 = CARTESIAN_POINT('',(-7.557854911633E-02,0.315844514058));
#6815 = VECTOR('',#6816,1.);
#6816 = DIRECTION('',(0.,-1.));
#6817 = ( GEOMETRIC_REPRESENTATION_CONTEXT(2) 
PARAMETRIC_REPRESENTATION_CONTEXT() REPRESENTATION_CONTEXT('2D SPACE',''
  ) );
#6818 = ORIENTED_EDGE('',*,*,#6819,.T.);
#6819 = EDGE_CURVE('',#6797,#5030,#6820,.T.);
#6820 = SURFACE_CURVE('',#6821,(#6825,#6832),.PCURVE_S1.);
#6821 = LINE('',#6822,#6823);
#6822 = CARTESIAN_POINT('',(-7.557854911633E-02,0.293893294546,1.E-02));
#6823 = VECTOR('',#6824,1.);
#6824 = DIRECTION('',(-0.,-0.,-1.));
#6825 = PCURVE('',#5045,#6826);
#6826 = DEFINITIONAL_REPRESENTATION('',(#6827),#6831);
#6827 = LINE('',#6828,#6829);
#6828 = CARTESIAN_POINT('',(-0.,-2.19512195122E-02));
#6829 = VECTOR('',#6830,1.);
#6830 = DIRECTION('',(1.,-0.));
#6831 = ( GEOMETRIC_REPRESENTATION_CONTEXT(2) 
PARAMETRIC_REPRESENTATION_CONTEXT() REPRESENTATION_CONTEXT('2D SPACE',''
  ) );
#6832 = PCURVE('',#5073,#6833);
#6833 = DEFINITIONAL_REPRESENTATION('',(#6834),#6838);
#6834 = LINE('',#6835,#6836);
#6835 = CARTESIAN_POINT('',(0.,0.));
#6836 = VECTOR('',#6837,1.);
#6837 = DIRECTION('',(0.,-1.));
#6838 = ( GEOMETRIC_REPRESENTATION_CONTEXT(2) 
PARAMETRIC_REPRESENTATION_CONTEXT() REPRESENTATION_CONTEXT('2D SPACE',''
  ) );
#6839 = ADVANCED_FACE('',(#6840),#5073,.T.);
#6840 = FACE_BOUND('',#6841,.T.);
#6841 = EDGE_LOOP('',(#6842,#6843,#6844,#6867));
#6842 = ORIENTED_EDGE('',*,*,#5057,.F.);
#6843 = ORIENTED_EDGE('',*,*,#6819,.F.);
#6844 = ORIENTED_EDGE('',*,*,#6845,.T.);
#6845 = EDGE_CURVE('',#6797,#6846,#6848,.T.);
#6846 = VERTEX_POINT('',#6847);
#6847 = CARTESIAN_POINT('',(-3.350537838462E-02,0.27871608418,1.E-02));
#6848 = SURFACE_CURVE('',#6849,(#6853,#6860),.PCURVE_S1.);
#6849 = LINE('',#6850,#6851);
#6850 = CARTESIAN_POINT('',(-7.557854911633E-02,0.293893294546,1.E-02));
#6851 = VECTOR('',#6852,1.);
#6852 = DIRECTION('',(0.940667260544,-0.339330377275,0.));
#6853 = PCURVE('',#5073,#6854);
#6854 = DEFINITIONAL_REPRESENTATION('',(#6855),#6859);
#6855 = LINE('',#6856,#6857);
#6856 = CARTESIAN_POINT('',(0.,0.));
#6857 = VECTOR('',#6858,1.);
#6858 = DIRECTION('',(-1.,0.));
#6859 = ( GEOMETRIC_REPRESENTATION_CONTEXT(2) 
PARAMETRIC_REPRESENTATION_CONTEXT() REPRESENTATION_CONTEXT('2D SPACE',''
  ) );
#6860 = PCURVE('',#6709,#6861);
#6861 = DEFINITIONAL_REPRESENTATION('',(#6862),#6866);
#6862 = LINE('',#6863,#6864);
#6863 = CARTESIAN_POINT('',(-7.557854911633E-02,0.293893294546));
#6864 = VECTOR('',#6865,1.);
#6865 = DIRECTION('',(0.940667260544,-0.339330377275));
#6866 = ( GEOMETRIC_REPRESENTATION_CONTEXT(2) 
PARAMETRIC_REPRESENTATION_CONTEXT() REPRESENTATION_CONTEXT('2D SPACE',''
  ) );
#6867 = ORIENTED_EDGE('',*,*,#6868,.T.);
#6868 = EDGE_CURVE('',#6846,#5058,#6869,.T.);
#6869 = SURFACE_CURVE('',#6870,(#6874,#6881),.PCURVE_S1.);
#6870 = LINE('',#6871,#6872);
#6871 = CARTESIAN_POINT('',(-3.350537838462E-02,0.27871608418,1.E-02));
#6872 = VECTOR('',#6873,1.);
#6873 = DIRECTION('',(-0.,-0.,-1.));
#6874 = PCURVE('',#5073,#6875);
#6875 = DEFINITIONAL_REPRESENTATION('',(#6876),#6880);
#6876 = LINE('',#6877,#6878);
#6877 = CARTESIAN_POINT('',(-4.4726942774E-02,0.));
#6878 = VECTOR('',#6879,1.);
#6879 = DIRECTION('',(0.,-1.));
#6880 = ( GEOMETRIC_REPRESENTATION_CONTEXT(2) 
PARAMETRIC_REPRESENTATION_CONTEXT() REPRESENTATION_CONTEXT('2D SPACE',''
  ) );
#6881 = PCURVE('',#5101,#6882);
#6882 = DEFINITIONAL_REPRESENTATION('',(#6883),#6887);
#6883 = LINE('',#6884,#6885);
#6884 = CARTESIAN_POINT('',(0.,0.));
#6885 = VECTOR('',#6886,1.);
#6886 = DIRECTION('',(1.,-0.));
#6887 = ( GEOMETRIC_REPRESENTATION_CONTEXT(2) 
PARAMETRIC_REPRESENTATION_CONTEXT() REPRESENTATION_CONTEXT('2D SPACE',''
  ) );
#6888 = ADVANCED_FACE('',(#6889),#5101,.T.);
#6889 = FACE_BOUND('',#6890,.T.);
#6890 = EDGE_LOOP('',(#6891,#6892,#6893,#6916));
#6891 = ORIENTED_EDGE('',*,*,#5085,.F.);
#6892 = ORIENTED_EDGE('',*,*,#6868,.F.);
#6893 = ORIENTED_EDGE('',*,*,#6894,.T.);
#6894 = EDGE_CURVE('',#6846,#6895,#6897,.T.);
#6895 = VERTEX_POINT('',#6896);
#6896 = CARTESIAN_POINT('',(-3.350537838462E-02,0.216749620766,1.E-02));
#6897 = SURFACE_CURVE('',#6898,(#6902,#6909),.PCURVE_S1.);
#6898 = LINE('',#6899,#6900);
#6899 = CARTESIAN_POINT('',(-3.350537838462E-02,0.27871608418,1.E-02));
#6900 = VECTOR('',#6901,1.);
#6901 = DIRECTION('',(0.,-1.,0.));
#6902 = PCURVE('',#5101,#6903);
#6903 = DEFINITIONAL_REPRESENTATION('',(#6904),#6908);
#6904 = LINE('',#6905,#6906);
#6905 = CARTESIAN_POINT('',(0.,0.));
#6906 = VECTOR('',#6907,1.);
#6907 = DIRECTION('',(-0.,-1.));
#6908 = ( GEOMETRIC_REPRESENTATION_CONTEXT(2) 
PARAMETRIC_REPRESENTATION_CONTEXT() REPRESENTATION_CONTEXT('2D SPACE',''
  ) );
#6909 = PCURVE('',#6709,#6910);
#6910 = DEFINITIONAL_REPRESENTATION('',(#6911),#6915);
#6911 = LINE('',#6912,#6913);
#6912 = CARTESIAN_POINT('',(-3.350537838462E-02,0.27871608418));
#6913 = VECTOR('',#6914,1.);
#6914 = DIRECTION('',(0.,-1.));
#6915 = ( GEOMETRIC_REPRESENTATION_CONTEXT(2) 
PARAMETRIC_REPRESENTATION_CONTEXT() REPRESENTATION_CONTEXT('2D SPACE',''
  ) );
#6916 = ORIENTED_EDGE('',*,*,#6917,.T.);
#6917 = EDGE_CURVE('',#6895,#5086,#6918,.T.);
#6918 = SURFACE_CURVE('',#6919,(#6923,#6930),.PCURVE_S1.);
#6919 = LINE('',#6920,#6921);
#6920 = CARTESIAN_POINT('',(-3.350537838462E-02,0.216749620766,1.E-02));
#6921 = VECTOR('',#6922,1.);
#6922 = DIRECTION('',(-0.,-0.,-1.));
#6923 = PCURVE('',#5101,#6924);
#6924 = DEFINITIONAL_REPRESENTATION('',(#6925),#6929);
#6925 = LINE('',#6926,#6927);
#6926 = CARTESIAN_POINT('',(-0.,-6.196646341463E-02));
#6927 = VECTOR('',#6928,1.);
#6928 = DIRECTION('',(1.,-0.));
#6929 = ( GEOMETRIC_REPRESENTATION_CONTEXT(2) 
PARAMETRIC_REPRESENTATION_CONTEXT() REPRESENTATION_CONTEXT('2D SPACE',''
  ) );
#6930 = PCURVE('',#5129,#6931);
#6931 = DEFINITIONAL_REPRESENTATION('',(#6932),#6936);
#6932 = LINE('',#6933,#6934);
#6933 = CARTESIAN_POINT('',(0.,0.));
#6934 = VECTOR('',#6935,1.);
#6935 = DIRECTION('',(0.,-1.));
#6936 = ( GEOMETRIC_REPRESENTATION_CONTEXT(2) 
PARAMETRIC_REPRESENTATION_CONTEXT() REPRESENTATION_CONTEXT('2D SPACE',''
  ) );
#6937 = ADVANCED_FACE('',(#6938),#5129,.T.);
#6938 = FACE_BOUND('',#6939,.T.);
#6939 = EDGE_LOOP('',(#6940,#6941,#6942,#6965));
#6940 = ORIENTED_EDGE('',*,*,#5113,.F.);
#6941 = ORIENTED_EDGE('',*,*,#6917,.F.);
#6942 = ORIENTED_EDGE('',*,*,#6943,.T.);
#6943 = EDGE_CURVE('',#6895,#6944,#6946,.T.);
#6944 = VERTEX_POINT('',#6945);
#6945 = CARTESIAN_POINT('',(-7.557854911633E-02,0.202429879912,1.E-02));
#6946 = SURFACE_CURVE('',#6947,(#6951,#6958),.PCURVE_S1.);
#6947 = LINE('',#6948,#6949);
#6948 = CARTESIAN_POINT('',(-3.350537838462E-02,0.216749620766,1.E-02));
#6949 = VECTOR('',#6950,1.);
#6950 = DIRECTION('',(-0.946670776072,-0.322202485606,0.));
#6951 = PCURVE('',#5129,#6952);
#6952 = DEFINITIONAL_REPRESENTATION('',(#6953),#6957);
#6953 = LINE('',#6954,#6955);
#6954 = CARTESIAN_POINT('',(0.,0.));
#6955 = VECTOR('',#6956,1.);
#6956 = DIRECTION('',(-1.,0.));
#6957 = ( GEOMETRIC_REPRESENTATION_CONTEXT(2) 
PARAMETRIC_REPRESENTATION_CONTEXT() REPRESENTATION_CONTEXT('2D SPACE',''
  ) );
#6958 = PCURVE('',#6709,#6959);
#6959 = DEFINITIONAL_REPRESENTATION('',(#6960),#6964);
#6960 = LINE('',#6961,#6962);
#6961 = CARTESIAN_POINT('',(-3.350537838462E-02,0.216749620766));
#6962 = VECTOR('',#6963,1.);
#6963 = DIRECTION('',(-0.946670776072,-0.322202485606));
#6964 = ( GEOMETRIC_REPRESENTATION_CONTEXT(2) 
PARAMETRIC_REPRESENTATION_CONTEXT() REPRESENTATION_CONTEXT('2D SPACE',''
  ) );
#6965 = ORIENTED_EDGE('',*,*,#6966,.T.);
#6966 = EDGE_CURVE('',#6944,#5114,#6967,.T.);
#6967 = SURFACE_CURVE('',#6968,(#6972,#6979),.PCURVE_S1.);
#6968 = LINE('',#6969,#6970);
#6969 = CARTESIAN_POINT('',(-7.557854911633E-02,0.202429879912,1.E-02));
#6970 = VECTOR('',#6971,1.);
#6971 = DIRECTION('',(-0.,-0.,-1.));
#6972 = PCURVE('',#5129,#6973);
#6973 = DEFINITIONAL_REPRESENTATION('',(#6974),#6978);
#6974 = LINE('',#6975,#6976);
#6975 = CARTESIAN_POINT('',(-4.444329728469E-02,0.));
#6976 = VECTOR('',#6977,1.);
#6977 = DIRECTION('',(0.,-1.));
#6978 = ( GEOMETRIC_REPRESENTATION_CONTEXT(2) 
PARAMETRIC_REPRESENTATION_CONTEXT() REPRESENTATION_CONTEXT('2D SPACE',''
  ) );
#6979 = PCURVE('',#5157,#6980);
#6980 = DEFINITIONAL_REPRESENTATION('',(#6981),#6985);
#6981 = LINE('',#6982,#6983);
#6982 = CARTESIAN_POINT('',(0.,0.));
#6983 = VECTOR('',#6984,1.);
#6984 = DIRECTION('',(1.,-0.));
#6985 = ( GEOMETRIC_REPRESENTATION_CONTEXT(2) 
PARAMETRIC_REPRESENTATION_CONTEXT() REPRESENTATION_CONTEXT('2D SPACE',''
  ) );
#6986 = ADVANCED_FACE('',(#6987),#5157,.T.);
#6987 = FACE_BOUND('',#6988,.T.);
#6988 = EDGE_LOOP('',(#6989,#6990,#6991,#7014));
#6989 = ORIENTED_EDGE('',*,*,#5141,.F.);
#6990 = ORIENTED_EDGE('',*,*,#6966,.F.);
#6991 = ORIENTED_EDGE('',*,*,#6992,.T.);
#6992 = EDGE_CURVE('',#6944,#6993,#6995,.T.);
#6993 = VERTEX_POINT('',#6994);
#6994 = CARTESIAN_POINT('',(-7.557854911633E-02,0.1804786604,1.E-02));
#6995 = SURFACE_CURVE('',#6996,(#7000,#7007),.PCURVE_S1.);
#6996 = LINE('',#6997,#6998);
#6997 = CARTESIAN_POINT('',(-7.557854911633E-02,0.202429879912,1.E-02));
#6998 = VECTOR('',#6999,1.);
#6999 = DIRECTION('',(0.,-1.,0.));
#7000 = PCURVE('',#5157,#7001);
#7001 = DEFINITIONAL_REPRESENTATION('',(#7002),#7006);
#7002 = LINE('',#7003,#7004);
#7003 = CARTESIAN_POINT('',(0.,0.));
#7004 = VECTOR('',#7005,1.);
#7005 = DIRECTION('',(-0.,-1.));
#7006 = ( GEOMETRIC_REPRESENTATION_CONTEXT(2) 
PARAMETRIC_REPRESENTATION_CONTEXT() REPRESENTATION_CONTEXT('2D SPACE',''
  ) );
#7007 = PCURVE('',#6709,#7008);
#7008 = DEFINITIONAL_REPRESENTATION('',(#7009),#7013);
#7009 = LINE('',#7010,#7011);
#7010 = CARTESIAN_POINT('',(-7.557854911633E-02,0.202429879912));
#7011 = VECTOR('',#7012,1.);
#7012 = DIRECTION('',(0.,-1.));
#7013 = ( GEOMETRIC_REPRESENTATION_CONTEXT(2) 
PARAMETRIC_REPRESENTATION_CONTEXT() REPRESENTATION_CONTEXT('2D SPACE',''
  ) );
#7014 = ORIENTED_EDGE('',*,*,#7015,.T.);
#7015 = EDGE_CURVE('',#6993,#5142,#7016,.T.);
#7016 = SURFACE_CURVE('',#7017,(#7021,#7028),.PCURVE_S1.);
#7017 = LINE('',#7018,#7019);
#7018 = CARTESIAN_POINT('',(-7.557854911633E-02,0.1804786604,1.E-02));
#7019 = VECTOR('',#7020,1.);
#7020 = DIRECTION('',(-0.,-0.,-1.));
#7021 = PCURVE('',#5157,#7022);
#7022 = DEFINITIONAL_REPRESENTATION('',(#7023),#7027);
#7023 = LINE('',#7024,#7025);
#7024 = CARTESIAN_POINT('',(-0.,-2.19512195122E-02));
#7025 = VECTOR('',#7026,1.);
#7026 = DIRECTION('',(1.,-0.));
#7027 = ( GEOMETRIC_REPRESENTATION_CONTEXT(2) 
PARAMETRIC_REPRESENTATION_CONTEXT() REPRESENTATION_CONTEXT('2D SPACE',''
  ) );
#7028 = PCURVE('',#5183,#7029);
#7029 = DEFINITIONAL_REPRESENTATION('',(#7030),#7034);
#7030 = LINE('',#7031,#7032);
#7031 = CARTESIAN_POINT('',(0.,0.));
#7032 = VECTOR('',#7033,1.);
#7033 = DIRECTION('',(0.,-1.));
#7034 = ( GEOMETRIC_REPRESENTATION_CONTEXT(2) 
PARAMETRIC_REPRESENTATION_CONTEXT() REPRESENTATION_CONTEXT('2D SPACE',''
  ) );
#7035 = ADVANCED_FACE('',(#7036),#5183,.T.);
#7036 = FACE_BOUND('',#7037,.T.);
#7037 = EDGE_LOOP('',(#7038,#7039,#7040,#7061));
#7038 = ORIENTED_EDGE('',*,*,#5169,.F.);
#7039 = ORIENTED_EDGE('',*,*,#7015,.F.);
#7040 = ORIENTED_EDGE('',*,*,#7041,.T.);
#7041 = EDGE_CURVE('',#6993,#6671,#7042,.T.);
#7042 = SURFACE_CURVE('',#7043,(#7047,#7054),.PCURVE_S1.);
#7043 = LINE('',#7044,#7045);
#7044 = CARTESIAN_POINT('',(-7.557854911633E-02,0.1804786604,1.E-02));
#7045 = VECTOR('',#7046,1.);
#7046 = DIRECTION('',(0.93538826358,0.353622392329,0.));
#7047 = PCURVE('',#5183,#7048);
#7048 = DEFINITIONAL_REPRESENTATION('',(#7049),#7053);
#7049 = LINE('',#7050,#7051);
#7050 = CARTESIAN_POINT('',(0.,0.));
#7051 = VECTOR('',#7052,1.);
#7052 = DIRECTION('',(-1.,0.));
#7053 = ( GEOMETRIC_REPRESENTATION_CONTEXT(2) 
PARAMETRIC_REPRESENTATION_CONTEXT() REPRESENTATION_CONTEXT('2D SPACE',''
  ) );
#7054 = PCURVE('',#6709,#7055);
#7055 = DEFINITIONAL_REPRESENTATION('',(#7056),#7060);
#7056 = LINE('',#7057,#7058);
#7057 = CARTESIAN_POINT('',(-7.557854911633E-02,0.1804786604));
#7058 = VECTOR('',#7059,1.);
#7059 = DIRECTION('',(0.93538826358,0.353622392329));
#7060 = ( GEOMETRIC_REPRESENTATION_CONTEXT(2) 
PARAMETRIC_REPRESENTATION_CONTEXT() REPRESENTATION_CONTEXT('2D SPACE',''
  ) );
#7061 = ORIENTED_EDGE('',*,*,#6670,.T.);
#7062 = ADVANCED_FACE('',(#7063),#5254,.T.);
#7063 = FACE_BOUND('',#7064,.T.);
#7064 = EDGE_LOOP('',(#7065,#7066,#7087,#7147));
#7065 = ORIENTED_EDGE('',*,*,#5204,.F.);
#7066 = ORIENTED_EDGE('',*,*,#7067,.F.);
#7067 = EDGE_CURVE('',#7068,#5205,#7070,.T.);
#7068 = VERTEX_POINT('',#7069);
#7069 = CARTESIAN_POINT('',(1.307883810499E-03,0.169503050644,1.E-02));
#7070 = SURFACE_CURVE('',#7071,(#7075,#7081),.PCURVE_S1.);
#7071 = LINE('',#7072,#7073);
#7072 = CARTESIAN_POINT('',(1.307883810499E-03,0.169503050644,1.E-02));
#7073 = VECTOR('',#7074,1.);
#7074 = DIRECTION('',(-0.,-0.,-1.));
#7075 = PCURVE('',#5254,#7076);
#7076 = DEFINITIONAL_REPRESENTATION('',(#7077),#7080);
#7077 = B_SPLINE_CURVE_WITH_KNOTS('',1,(#7078,#7079),.UNSPECIFIED.,.F.,
  .F.,(2,2),(-0.,1.E-02),.PIECEWISE_BEZIER_KNOTS.);
#7078 = CARTESIAN_POINT('',(-6.486663816219E-18,0.));
#7079 = CARTESIAN_POINT('',(-6.486663816219E-18,1.));
#7080 = ( GEOMETRIC_REPRESENTATION_CONTEXT(2) 
PARAMETRIC_REPRESENTATION_CONTEXT() REPRESENTATION_CONTEXT('2D SPACE',''
  ) );
#7081 = PCURVE('',#5430,#7082);
#7082 = DEFINITIONAL_REPRESENTATION('',(#7083),#7086);
#7083 = B_SPLINE_CURVE_WITH_KNOTS('',1,(#7084,#7085),.UNSPECIFIED.,.F.,
  .F.,(2,2),(-0.,1.E-02),.PIECEWISE_BEZIER_KNOTS.);
#7084 = CARTESIAN_POINT('',(1.,0.));
#7085 = CARTESIAN_POINT('',(1.,1.));
#7086 = ( GEOMETRIC_REPRESENTATION_CONTEXT(2) 
PARAMETRIC_REPRESENTATION_CONTEXT() REPRESENTATION_CONTEXT('2D SPACE',''
  ) );
#7087 = ORIENTED_EDGE('',*,*,#7088,.T.);
#7088 = EDGE_CURVE('',#7068,#7089,#7091,.T.);
#7089 = VERTEX_POINT('',#7090);
#7090 = CARTESIAN_POINT('',(-7.557854911633E-02,8.955830979011E-02,
    1.E-02));
#7091 = SURFACE_CURVE('',#7092,(#7112,#7119),.PCURVE_S1.);
#7092 = B_SPLINE_CURVE_WITH_KNOTS('',3,(#7093,#7094,#7095,#7096,#7097,
    #7098,#7099,#7100,#7101,#7102,#7103,#7104,#7105,#7106,#7107,#7108,
    #7109,#7110,#7111),.UNSPECIFIED.,.F.,.F.,(4,1,1,1,1,1,1,1,1,1,1,1,1,
    1,1,1,4),(0.,6.806869584499E-02,0.133427432819,0.196146033813,
    0.257048592449,0.316882663159,0.376187208666,0.435960335364,
    0.496535236863,0.557465343481,0.61768686341,0.677943640697,
    0.738805284806,0.800949336767,0.86481466747,0.931024781079,1.),
  .UNSPECIFIED.);
#7093 = CARTESIAN_POINT('',(1.307883810499E-03,0.169503050644,1.E-02));
#7094 = CARTESIAN_POINT('',(-1.525253865454E-03,0.169442470563,1.E-02));
#7095 = CARTESIAN_POINT('',(-7.078736009225E-03,0.169323722224,1.E-02));
#7096 = CARTESIAN_POINT('',(-1.518356527103E-02,0.168238355429,1.E-02));
#7097 = CARTESIAN_POINT('',(-2.286312021238E-02,0.166505751016,1.E-02));
#7098 = CARTESIAN_POINT('',(-3.011303793819E-02,0.164073686737,1.E-02));
#7099 = CARTESIAN_POINT('',(-3.692808924061E-02,0.160924873821,1.E-02));
#7100 = CARTESIAN_POINT('',(-4.32833757941E-02,0.157020814871,1.E-02));
#7101 = CARTESIAN_POINT('',(-4.922735455875E-02,0.152466732306,1.E-02));
#7102 = CARTESIAN_POINT('',(-5.467858814897E-02,0.14723142487,1.E-02));
#7103 = CARTESIAN_POINT('',(-5.955742277126E-02,0.141441552135,1.E-02));
#7104 = CARTESIAN_POINT('',(-6.389644461024E-02,0.135250326693,1.E-02));
#7105 = CARTESIAN_POINT('',(-6.750159345956E-02,0.128604550104,1.E-02));
#7106 = CARTESIAN_POINT('',(-7.044717160152E-02,0.121560983835,1.E-02));
#7107 = CARTESIAN_POINT('',(-7.278578456102E-02,0.114131947099,1.E-02));
#7108 = CARTESIAN_POINT('',(-7.437803132943E-02,0.106285243439,1.E-02));
#7109 = CARTESIAN_POINT('',(-7.542479412068E-02,9.80565343584E-02,1.E-02
    ));
#7110 = CARTESIAN_POINT('',(-7.552660330991E-02,9.242941733696E-02,
    1.E-02));
#7111 = CARTESIAN_POINT('',(-7.557854911633E-02,8.955830979011E-02,
    1.E-02));
#7112 = PCURVE('',#5254,#7113);
#7113 = DEFINITIONAL_REPRESENTATION('',(#7114),#7118);
#7114 = LINE('',#7115,#7116);
#7115 = CARTESIAN_POINT('',(-6.486663816219E-18,0.));
#7116 = VECTOR('',#7117,1.);
#7117 = DIRECTION('',(1.,0.));
#7118 = ( GEOMETRIC_REPRESENTATION_CONTEXT(2) 
PARAMETRIC_REPRESENTATION_CONTEXT() REPRESENTATION_CONTEXT('2D SPACE',''
  ) );
#7119 = PCURVE('',#7120,#7125);
#7120 = PLANE('',#7121);
#7121 = AXIS2_PLACEMENT_3D('',#7122,#7123,#7124);
#7122 = CARTESIAN_POINT('',(5.498272462322E-02,0.14670234458,1.E-02));
#7123 = DIRECTION('',(-0.,0.,-1.));
#7124 = DIRECTION('',(-1.,0.,0.));
#7125 = DEFINITIONAL_REPRESENTATION('',(#7126),#7146);
#7126 = B_SPLINE_CURVE_WITH_KNOTS('',3,(#7127,#7128,#7129,#7130,#7131,
    #7132,#7133,#7134,#7135,#7136,#7137,#7138,#7139,#7140,#7141,#7142,
    #7143,#7144,#7145),.UNSPECIFIED.,.F.,.F.,(4,1,1,1,1,1,1,1,1,1,1,1,1,
    1,1,1,4),(0.,6.806869584499E-02,0.133427432819,0.196146033813,
    0.257048592449,0.316882663159,0.376187208666,0.435960335364,
    0.496535236863,0.557465343481,0.61768686341,0.677943640697,
    0.738805284806,0.800949336767,0.86481466747,0.931024781079,1.),
  .UNSPECIFIED.);
#7127 = CARTESIAN_POINT('',(5.367484081272E-02,2.280070606346E-02));
#7128 = CARTESIAN_POINT('',(5.650797848867E-02,2.274012598307E-02));
#7129 = CARTESIAN_POINT('',(6.206146063244E-02,2.262137764351E-02));
#7130 = CARTESIAN_POINT('',(7.016628989425E-02,2.153601084871E-02));
#7131 = CARTESIAN_POINT('',(7.784584483559E-02,1.980340643618E-02));
#7132 = CARTESIAN_POINT('',(8.509576256141E-02,1.737134215717E-02));
#7133 = CARTESIAN_POINT('',(9.191081386383E-02,1.422252924063E-02));
#7134 = CARTESIAN_POINT('',(9.826610041732E-02,1.031847029108E-02));
#7135 = CARTESIAN_POINT('',(0.104210079182,5.764387725214E-03));
#7136 = CARTESIAN_POINT('',(0.109661312772,5.290802899583E-04));
#7137 = CARTESIAN_POINT('',(0.114540147394,-5.260792445266E-03));
#7138 = CARTESIAN_POINT('',(0.118879169233,-1.145201788729E-02));
#7139 = CARTESIAN_POINT('',(0.122484318083,-1.809779447628E-02));
#7140 = CARTESIAN_POINT('',(0.125429896225,-2.514136074566E-02));
#7141 = CARTESIAN_POINT('',(0.127768509184,-3.257039748168E-02));
#7142 = CARTESIAN_POINT('',(0.129360755953,-4.04171011416E-02));
#7143 = CARTESIAN_POINT('',(0.130407518744,-4.86458102219E-02));
#7144 = CARTESIAN_POINT('',(0.130509327933,-5.427292724334E-02));
#7145 = CARTESIAN_POINT('',(0.13056127374,-5.71440347902E-02));
#7146 = ( GEOMETRIC_REPRESENTATION_CONTEXT(2) 
PARAMETRIC_REPRESENTATION_CONTEXT() REPRESENTATION_CONTEXT('2D SPACE',''
  ) );
#7147 = ORIENTED_EDGE('',*,*,#7148,.T.);
#7148 = EDGE_CURVE('',#7089,#5207,#7149,.T.);
#7149 = SURFACE_CURVE('',#7150,(#7154,#7160),.PCURVE_S1.);
#7150 = LINE('',#7151,#7152);
#7151 = CARTESIAN_POINT('',(-7.557854911633E-02,8.955830979011E-02,
    1.E-02));
#7152 = VECTOR('',#7153,1.);
#7153 = DIRECTION('',(-0.,-0.,-1.));
#7154 = PCURVE('',#5254,#7155);
#7155 = DEFINITIONAL_REPRESENTATION('',(#7156),#7159);
#7156 = B_SPLINE_CURVE_WITH_KNOTS('',1,(#7157,#7158),.UNSPECIFIED.,.F.,
  .F.,(2,2),(-0.,1.E-02),.PIECEWISE_BEZIER_KNOTS.);
#7157 = CARTESIAN_POINT('',(1.,0.));
#7158 = CARTESIAN_POINT('',(1.,1.));
#7159 = ( GEOMETRIC_REPRESENTATION_CONTEXT(2) 
PARAMETRIC_REPRESENTATION_CONTEXT() REPRESENTATION_CONTEXT('2D SPACE',''
  ) );
#7160 = PCURVE('',#5316,#7161);
#7161 = DEFINITIONAL_REPRESENTATION('',(#7162),#7166);
#7162 = LINE('',#7163,#7164);
#7163 = CARTESIAN_POINT('',(0.,1.387778780781E-17));
#7164 = VECTOR('',#7165,1.);
#7165 = DIRECTION('',(1.,-0.));
#7166 = ( GEOMETRIC_REPRESENTATION_CONTEXT(2) 
PARAMETRIC_REPRESENTATION_CONTEXT() REPRESENTATION_CONTEXT('2D SPACE',''
  ) );
#7167 = ADVANCED_FACE('',(#7168),#5316,.T.);
#7168 = FACE_BOUND('',#7169,.T.);
#7169 = EDGE_LOOP('',(#7170,#7171,#7172,#7195));
#7170 = ORIENTED_EDGE('',*,*,#5300,.F.);
#7171 = ORIENTED_EDGE('',*,*,#7148,.F.);
#7172 = ORIENTED_EDGE('',*,*,#7173,.T.);
#7173 = EDGE_CURVE('',#7089,#7174,#7176,.T.);
#7174 = VERTEX_POINT('',#7175);
#7175 = CARTESIAN_POINT('',(-7.557854911633E-02,4.87713433267E-02,1.E-02
    ));
#7176 = SURFACE_CURVE('',#7177,(#7181,#7188),.PCURVE_S1.);
#7177 = LINE('',#7178,#7179);
#7178 = CARTESIAN_POINT('',(-7.557854911633E-02,8.955830979011E-02,
    1.E-02));
#7179 = VECTOR('',#7180,1.);
#7180 = DIRECTION('',(0.,-1.,0.));
#7181 = PCURVE('',#5316,#7182);
#7182 = DEFINITIONAL_REPRESENTATION('',(#7183),#7187);
#7183 = LINE('',#7184,#7185);
#7184 = CARTESIAN_POINT('',(0.,0.));
#7185 = VECTOR('',#7186,1.);
#7186 = DIRECTION('',(-0.,-1.));
#7187 = ( GEOMETRIC_REPRESENTATION_CONTEXT(2) 
PARAMETRIC_REPRESENTATION_CONTEXT() REPRESENTATION_CONTEXT('2D SPACE',''
  ) );
#7188 = PCURVE('',#7120,#7189);
#7189 = DEFINITIONAL_REPRESENTATION('',(#7190),#7194);
#7190 = LINE('',#7191,#7192);
#7191 = CARTESIAN_POINT('',(0.13056127374,-5.71440347902E-02));
#7192 = VECTOR('',#7193,1.);
#7193 = DIRECTION('',(0.,-1.));
#7194 = ( GEOMETRIC_REPRESENTATION_CONTEXT(2) 
PARAMETRIC_REPRESENTATION_CONTEXT() REPRESENTATION_CONTEXT('2D SPACE',''
  ) );
#7195 = ORIENTED_EDGE('',*,*,#7196,.T.);
#7196 = EDGE_CURVE('',#7174,#5301,#7197,.T.);
#7197 = SURFACE_CURVE('',#7198,(#7202,#7209),.PCURVE_S1.);
#7198 = LINE('',#7199,#7200);
#7199 = CARTESIAN_POINT('',(-7.557854911633E-02,4.87713433267E-02,1.E-02
    ));
#7200 = VECTOR('',#7201,1.);
#7201 = DIRECTION('',(-0.,-0.,-1.));
#7202 = PCURVE('',#5316,#7203);
#7203 = DEFINITIONAL_REPRESENTATION('',(#7204),#7208);
#7204 = LINE('',#7205,#7206);
#7205 = CARTESIAN_POINT('',(-0.,-4.078696646341E-02));
#7206 = VECTOR('',#7207,1.);
#7207 = DIRECTION('',(1.,-0.));
#7208 = ( GEOMETRIC_REPRESENTATION_CONTEXT(2) 
PARAMETRIC_REPRESENTATION_CONTEXT() REPRESENTATION_CONTEXT('2D SPACE',''
  ) );
#7209 = PCURVE('',#5344,#7210);
#7210 = DEFINITIONAL_REPRESENTATION('',(#7211),#7215);
#7211 = LINE('',#7212,#7213);
#7212 = CARTESIAN_POINT('',(0.,0.));
#7213 = VECTOR('',#7214,1.);
#7214 = DIRECTION('',(-1.,0.));
#7215 = ( GEOMETRIC_REPRESENTATION_CONTEXT(2) 
PARAMETRIC_REPRESENTATION_CONTEXT() REPRESENTATION_CONTEXT('2D SPACE',''
  ) );
#7216 = ADVANCED_FACE('',(#7217),#5344,.T.);
#7217 = FACE_BOUND('',#7218,.T.);
#7218 = EDGE_LOOP('',(#7219,#7220,#7221,#7244));
#7219 = ORIENTED_EDGE('',*,*,#5328,.F.);
#7220 = ORIENTED_EDGE('',*,*,#7196,.F.);
#7221 = ORIENTED_EDGE('',*,*,#7222,.T.);
#7222 = EDGE_CURVE('',#7174,#7223,#7225,.T.);
#7223 = VERTEX_POINT('',#7224);
#7224 = CARTESIAN_POINT('',(7.442145088367E-02,4.87713433267E-02,1.E-02)
  );
#7225 = SURFACE_CURVE('',#7226,(#7230,#7237),.PCURVE_S1.);
#7226 = LINE('',#7227,#7228);
#7227 = CARTESIAN_POINT('',(-7.557854911633E-02,4.87713433267E-02,1.E-02
    ));
#7228 = VECTOR('',#7229,1.);
#7229 = DIRECTION('',(1.,0.,0.));
#7230 = PCURVE('',#5344,#7231);
#7231 = DEFINITIONAL_REPRESENTATION('',(#7232),#7236);
#7232 = LINE('',#7233,#7234);
#7233 = CARTESIAN_POINT('',(0.,0.));
#7234 = VECTOR('',#7235,1.);
#7235 = DIRECTION('',(0.,1.));
#7236 = ( GEOMETRIC_REPRESENTATION_CONTEXT(2) 
PARAMETRIC_REPRESENTATION_CONTEXT() REPRESENTATION_CONTEXT('2D SPACE',''
  ) );
#7237 = PCURVE('',#7120,#7238);
#7238 = DEFINITIONAL_REPRESENTATION('',(#7239),#7243);
#7239 = LINE('',#7240,#7241);
#7240 = CARTESIAN_POINT('',(0.13056127374,-9.793100125361E-02));
#7241 = VECTOR('',#7242,1.);
#7242 = DIRECTION('',(-1.,0.));
#7243 = ( GEOMETRIC_REPRESENTATION_CONTEXT(2) 
PARAMETRIC_REPRESENTATION_CONTEXT() REPRESENTATION_CONTEXT('2D SPACE',''
  ) );
#7244 = ORIENTED_EDGE('',*,*,#7245,.T.);
#7245 = EDGE_CURVE('',#7223,#5329,#7246,.T.);
#7246 = SURFACE_CURVE('',#7247,(#7251,#7258),.PCURVE_S1.);
#7247 = LINE('',#7248,#7249);
#7248 = CARTESIAN_POINT('',(7.442145088367E-02,4.87713433267E-02,1.E-02)
  );
#7249 = VECTOR('',#7250,1.);
#7250 = DIRECTION('',(-0.,-0.,-1.));
#7251 = PCURVE('',#5344,#7252);
#7252 = DEFINITIONAL_REPRESENTATION('',(#7253),#7257);
#7253 = LINE('',#7254,#7255);
#7254 = CARTESIAN_POINT('',(0.,0.15));
#7255 = VECTOR('',#7256,1.);
#7256 = DIRECTION('',(-1.,0.));
#7257 = ( GEOMETRIC_REPRESENTATION_CONTEXT(2) 
PARAMETRIC_REPRESENTATION_CONTEXT() REPRESENTATION_CONTEXT('2D SPACE',''
  ) );
#7258 = PCURVE('',#5372,#7259);
#7259 = DEFINITIONAL_REPRESENTATION('',(#7260),#7264);
#7260 = LINE('',#7261,#7262);
#7261 = CARTESIAN_POINT('',(0.,0.));
#7262 = VECTOR('',#7263,1.);
#7263 = DIRECTION('',(-1.,0.));
#7264 = ( GEOMETRIC_REPRESENTATION_CONTEXT(2) 
PARAMETRIC_REPRESENTATION_CONTEXT() REPRESENTATION_CONTEXT('2D SPACE',''
  ) );
#7265 = ADVANCED_FACE('',(#7266),#5372,.T.);
#7266 = FACE_BOUND('',#7267,.T.);
#7267 = EDGE_LOOP('',(#7268,#7269,#7270,#7293));
#7268 = ORIENTED_EDGE('',*,*,#5356,.F.);
#7269 = ORIENTED_EDGE('',*,*,#7245,.F.);
#7270 = ORIENTED_EDGE('',*,*,#7271,.T.);
#7271 = EDGE_CURVE('',#7223,#7272,#7274,.T.);
#7272 = VERTEX_POINT('',#7273);
#7273 = CARTESIAN_POINT('',(7.442145088367E-02,9.110175491206E-02,1.E-02
    ));
#7274 = SURFACE_CURVE('',#7275,(#7279,#7286),.PCURVE_S1.);
#7275 = LINE('',#7276,#7277);
#7276 = CARTESIAN_POINT('',(7.442145088367E-02,4.87713433267E-02,1.E-02)
  );
#7277 = VECTOR('',#7278,1.);
#7278 = DIRECTION('',(0.,1.,0.));
#7279 = PCURVE('',#5372,#7280);
#7280 = DEFINITIONAL_REPRESENTATION('',(#7281),#7285);
#7281 = LINE('',#7282,#7283);
#7282 = CARTESIAN_POINT('',(0.,0.));
#7283 = VECTOR('',#7284,1.);
#7284 = DIRECTION('',(0.,1.));
#7285 = ( GEOMETRIC_REPRESENTATION_CONTEXT(2) 
PARAMETRIC_REPRESENTATION_CONTEXT() REPRESENTATION_CONTEXT('2D SPACE',''
  ) );
#7286 = PCURVE('',#7120,#7287);
#7287 = DEFINITIONAL_REPRESENTATION('',(#7288),#7292);
#7288 = LINE('',#7289,#7290);
#7289 = CARTESIAN_POINT('',(-1.943872626045E-02,-9.793100125361E-02));
#7290 = VECTOR('',#7291,1.);
#7291 = DIRECTION('',(0.,1.));
#7292 = ( GEOMETRIC_REPRESENTATION_CONTEXT(2) 
PARAMETRIC_REPRESENTATION_CONTEXT() REPRESENTATION_CONTEXT('2D SPACE',''
  ) );
#7293 = ORIENTED_EDGE('',*,*,#7294,.T.);
#7294 = EDGE_CURVE('',#7272,#5357,#7295,.T.);
#7295 = SURFACE_CURVE('',#7296,(#7300,#7307),.PCURVE_S1.);
#7296 = LINE('',#7297,#7298);
#7297 = CARTESIAN_POINT('',(7.442145088367E-02,9.110175491206E-02,1.E-02
    ));
#7298 = VECTOR('',#7299,1.);
#7299 = DIRECTION('',(-0.,-0.,-1.));
#7300 = PCURVE('',#5372,#7301);
#7301 = DEFINITIONAL_REPRESENTATION('',(#7302),#7306);
#7302 = LINE('',#7303,#7304);
#7303 = CARTESIAN_POINT('',(0.,4.233041158537E-02));
#7304 = VECTOR('',#7305,1.);
#7305 = DIRECTION('',(-1.,0.));
#7306 = ( GEOMETRIC_REPRESENTATION_CONTEXT(2) 
PARAMETRIC_REPRESENTATION_CONTEXT() REPRESENTATION_CONTEXT('2D SPACE',''
  ) );
#7307 = PCURVE('',#5430,#7308);
#7308 = DEFINITIONAL_REPRESENTATION('',(#7309),#7312);
#7309 = B_SPLINE_CURVE_WITH_KNOTS('',1,(#7310,#7311),.UNSPECIFIED.,.F.,
  .F.,(2,2),(-0.,1.E-02),.PIECEWISE_BEZIER_KNOTS.);
#7310 = CARTESIAN_POINT('',(0.,0.));
#7311 = CARTESIAN_POINT('',(0.,1.));
#7312 = ( GEOMETRIC_REPRESENTATION_CONTEXT(2) 
PARAMETRIC_REPRESENTATION_CONTEXT() REPRESENTATION_CONTEXT('2D SPACE',''
  ) );
#7313 = ADVANCED_FACE('',(#7314),#5430,.T.);
#7314 = FACE_BOUND('',#7315,.T.);
#7315 = EDGE_LOOP('',(#7316,#7317,#7318,#7371));
#7316 = ORIENTED_EDGE('',*,*,#5384,.F.);
#7317 = ORIENTED_EDGE('',*,*,#7294,.F.);
#7318 = ORIENTED_EDGE('',*,*,#7319,.T.);
#7319 = EDGE_CURVE('',#7272,#7068,#7320,.T.);
#7320 = SURFACE_CURVE('',#7321,(#7341,#7348),.PCURVE_S1.);
#7321 = B_SPLINE_CURVE_WITH_KNOTS('',3,(#7322,#7323,#7324,#7325,#7326,
    #7327,#7328,#7329,#7330,#7331,#7332,#7333,#7334,#7335,#7336,#7337,
    #7338,#7339,#7340),.UNSPECIFIED.,.F.,.F.,(4,1,1,1,1,1,1,1,1,1,1,1,1,
    1,1,1,4),(0.,6.862508274056E-02,0.13455451362,0.198310538173,
    0.260766602858,0.321970550981,0.382576836474,0.443387162252,
    0.504977646645,0.566052666658,0.625939336804,0.68537726996,
    0.745018520241,0.805433125105,0.867648023114,0.932313794838,1.),
  .UNSPECIFIED.);
#7322 = CARTESIAN_POINT('',(7.442145088367E-02,9.110175491206E-02,1.E-02
    ));
#7323 = CARTESIAN_POINT('',(7.436001168042E-02,9.385752635579E-02,1.E-02
    ));
#7324 = CARTESIAN_POINT('',(7.42395466583E-02,9.926082018731E-02,1.E-02)
  );
#7325 = CARTESIAN_POINT('',(7.332492078588E-02,0.107184557027,1.E-02));
#7326 = CARTESIAN_POINT('',(7.173658250733E-02,0.114743516005,1.E-02));
#7327 = CARTESIAN_POINT('',(6.957365503613E-02,0.121960943915,1.E-02));
#7328 = CARTESIAN_POINT('',(6.679821981758E-02,0.128832142224,1.E-02));
#7329 = CARTESIAN_POINT('',(6.337311223846E-02,0.135329622281,1.E-02));
#7330 = CARTESIAN_POINT('',(5.932013816714E-02,0.141472278988,1.E-02));
#7331 = CARTESIAN_POINT('',(5.46909218646E-02,0.147217443469,1.E-02));
#7332 = CARTESIAN_POINT('',(4.953841855928E-02,0.15245018708,1.E-02));
#7333 = CARTESIAN_POINT('',(4.390288841428E-02,0.157024483799,1.E-02));
#7334 = CARTESIAN_POINT('',(3.784126637606E-02,0.160913207947,1.E-02));
#7335 = CARTESIAN_POINT('',(3.134290469815E-02,0.164067154949,1.E-02));
#7336 = CARTESIAN_POINT('',(2.4426653938E-02,0.166506651846,1.E-02));
#7337 = CARTESIAN_POINT('',(1.70969527261E-02,0.168235861993,1.E-02));
#7338 = CARTESIAN_POINT('',(9.343665550425E-03,0.169326068254,1.E-02));
#7339 = CARTESIAN_POINT('',(4.026922575577E-03,0.169443165745,1.E-02));
#7340 = CARTESIAN_POINT('',(1.307883810499E-03,0.169503050644,1.E-02));
#7341 = PCURVE('',#5430,#7342);
#7342 = DEFINITIONAL_REPRESENTATION('',(#7343),#7347);
#7343 = LINE('',#7344,#7345);
#7344 = CARTESIAN_POINT('',(0.,0.));
#7345 = VECTOR('',#7346,1.);
#7346 = DIRECTION('',(1.,0.));
#7347 = ( GEOMETRIC_REPRESENTATION_CONTEXT(2) 
PARAMETRIC_REPRESENTATION_CONTEXT() REPRESENTATION_CONTEXT('2D SPACE',''
  ) );
#7348 = PCURVE('',#7120,#7349);
#7349 = DEFINITIONAL_REPRESENTATION('',(#7350),#7370);
#7350 = B_SPLINE_CURVE_WITH_KNOTS('',3,(#7351,#7352,#7353,#7354,#7355,
    #7356,#7357,#7358,#7359,#7360,#7361,#7362,#7363,#7364,#7365,#7366,
    #7367,#7368,#7369),.UNSPECIFIED.,.F.,.F.,(4,1,1,1,1,1,1,1,1,1,1,1,1,
    1,1,1,4),(0.,6.862508274056E-02,0.13455451362,0.198310538173,
    0.260766602858,0.321970550981,0.382576836474,0.443387162252,
    0.504977646645,0.566052666658,0.625939336804,0.68537726996,
    0.745018520241,0.805433125105,0.867648023114,0.932313794838,1.),
  .UNSPECIFIED.);
#7351 = CARTESIAN_POINT('',(-1.943872626045E-02,-5.560058966824E-02));
#7352 = CARTESIAN_POINT('',(-1.93772870572E-02,-5.284481822451E-02));
#7353 = CARTESIAN_POINT('',(-1.925682203508E-02,-4.7441524393E-02));
#7354 = CARTESIAN_POINT('',(-1.834219616266E-02,-3.951778755356E-02));
#7355 = CARTESIAN_POINT('',(-1.675385788411E-02,-3.1958828575E-02));
#7356 = CARTESIAN_POINT('',(-1.459093041291E-02,-2.474140066576E-02));
#7357 = CARTESIAN_POINT('',(-1.181549519436E-02,-1.787020235636E-02));
#7358 = CARTESIAN_POINT('',(-8.390387615241E-03,-1.137272229975E-02));
#7359 = CARTESIAN_POINT('',(-4.337413543926E-03,-5.230065592531E-03));
#7360 = CARTESIAN_POINT('',(2.91802758619E-04,5.150988890257E-04));
#7361 = CARTESIAN_POINT('',(5.444306063938E-03,5.747842499592E-03));
#7362 = CARTESIAN_POINT('',(1.107983620893E-02,1.032213921899E-02));
#7363 = CARTESIAN_POINT('',(1.714145824715E-02,1.421086336649E-02));
#7364 = CARTESIAN_POINT('',(2.363981992506E-02,1.736481036821E-02));
#7365 = CARTESIAN_POINT('',(3.055607068521E-02,1.980430726584E-02));
#7366 = CARTESIAN_POINT('',(3.788577189711E-02,2.153351741239E-02));
#7367 = CARTESIAN_POINT('',(4.563905907279E-02,2.262372367335E-02));
#7368 = CARTESIAN_POINT('',(5.095580204764E-02,2.274082116427E-02));
#7369 = CARTESIAN_POINT('',(5.367484081272E-02,2.280070606346E-02));
#7370 = ( GEOMETRIC_REPRESENTATION_CONTEXT(2) 
PARAMETRIC_REPRESENTATION_CONTEXT() REPRESENTATION_CONTEXT('2D SPACE',''
  ) );
#7371 = ORIENTED_EDGE('',*,*,#7067,.T.);
#7372 = ADVANCED_FACE('',(#7373),#5496,.T.);
#7373 = FACE_BOUND('',#7374,.T.);
#7374 = EDGE_LOOP('',(#7375,#7376,#7399,#7427));
#7375 = ORIENTED_EDGE('',*,*,#5478,.F.);
#7376 = ORIENTED_EDGE('',*,*,#7377,.F.);
#7377 = EDGE_CURVE('',#7378,#5479,#7380,.T.);
#7378 = VERTEX_POINT('',#7379);
#7379 = CARTESIAN_POINT('',(-5.911513448218E-02,-4.086280301477E-02,
    1.E-02));
#7380 = SURFACE_CURVE('',#7381,(#7385,#7392),.PCURVE_S1.);
#7381 = LINE('',#7382,#7383);
#7382 = CARTESIAN_POINT('',(-5.911513448218E-02,-4.086280301477E-02,
    1.E-02));
#7383 = VECTOR('',#7384,1.);
#7384 = DIRECTION('',(-0.,-0.,-1.));
#7385 = PCURVE('',#5496,#7386);
#7386 = DEFINITIONAL_REPRESENTATION('',(#7387),#7391);
#7387 = LINE('',#7388,#7389);
#7388 = CARTESIAN_POINT('',(0.,0.));
#7389 = VECTOR('',#7390,1.);
#7390 = DIRECTION('',(-1.,0.));
#7391 = ( GEOMETRIC_REPRESENTATION_CONTEXT(2) 
PARAMETRIC_REPRESENTATION_CONTEXT() REPRESENTATION_CONTEXT('2D SPACE',''
  ) );
#7392 = PCURVE('',#5802,#7393);
#7393 = DEFINITIONAL_REPRESENTATION('',(#7394),#7398);
#7394 = LINE('',#7395,#7396);
#7395 = CARTESIAN_POINT('',(-0.,-5.121951219512E-02));
#7396 = VECTOR('',#7397,1.);
#7397 = DIRECTION('',(1.,0.));
#7398 = ( GEOMETRIC_REPRESENTATION_CONTEXT(2) 
PARAMETRIC_REPRESENTATION_CONTEXT() REPRESENTATION_CONTEXT('2D SPACE',''
  ) );
#7399 = ORIENTED_EDGE('',*,*,#7400,.T.);
#7400 = EDGE_CURVE('',#7378,#7401,#7403,.T.);
#7401 = VERTEX_POINT('',#7402);
#7402 = CARTESIAN_POINT('',(-5.911513448218E-02,1.950305064377E-02,
    1.E-02));
#7403 = SURFACE_CURVE('',#7404,(#7408,#7415),.PCURVE_S1.);
#7404 = LINE('',#7405,#7406);
#7405 = CARTESIAN_POINT('',(-5.911513448218E-02,-4.086280301477E-02,
    1.E-02));
#7406 = VECTOR('',#7407,1.);
#7407 = DIRECTION('',(0.,1.,0.));
#7408 = PCURVE('',#5496,#7409);
#7409 = DEFINITIONAL_REPRESENTATION('',(#7410),#7414);
#7410 = LINE('',#7411,#7412);
#7411 = CARTESIAN_POINT('',(0.,0.));
#7412 = VECTOR('',#7413,1.);
#7413 = DIRECTION('',(0.,1.));
#7414 = ( GEOMETRIC_REPRESENTATION_CONTEXT(2) 
PARAMETRIC_REPRESENTATION_CONTEXT() REPRESENTATION_CONTEXT('2D SPACE',''
  ) );
#7415 = PCURVE('',#7416,#7421);
#7416 = PLANE('',#7417);
#7417 = AXIS2_PLACEMENT_3D('',#7418,#7419,#7420);
#7418 = CARTESIAN_POINT('',(0.,0.,1.E-02));
#7419 = DIRECTION('',(0.,0.,1.));
#7420 = DIRECTION('',(1.,0.,-0.));
#7421 = DEFINITIONAL_REPRESENTATION('',(#7422),#7426);
#7422 = LINE('',#7423,#7424);
#7423 = CARTESIAN_POINT('',(-5.911513448218E-02,-4.086280301477E-02));
#7424 = VECTOR('',#7425,1.);
#7425 = DIRECTION('',(0.,1.));
#7426 = ( GEOMETRIC_REPRESENTATION_CONTEXT(2) 
PARAMETRIC_REPRESENTATION_CONTEXT() REPRESENTATION_CONTEXT('2D SPACE',''
  ) );
#7427 = ORIENTED_EDGE('',*,*,#7428,.T.);
#7428 = EDGE_CURVE('',#7401,#5481,#7429,.T.);
#7429 = SURFACE_CURVE('',#7430,(#7434,#7441),.PCURVE_S1.);
#7430 = LINE('',#7431,#7432);
#7431 = CARTESIAN_POINT('',(-5.911513448218E-02,1.950305064377E-02,
    1.E-02));
#7432 = VECTOR('',#7433,1.);
#7433 = DIRECTION('',(-0.,-0.,-1.));
#7434 = PCURVE('',#5496,#7435);
#7435 = DEFINITIONAL_REPRESENTATION('',(#7436),#7440);
#7436 = LINE('',#7437,#7438);
#7437 = CARTESIAN_POINT('',(0.,6.036585365854E-02));
#7438 = VECTOR('',#7439,1.);
#7439 = DIRECTION('',(-1.,0.));
#7440 = ( GEOMETRIC_REPRESENTATION_CONTEXT(2) 
PARAMETRIC_REPRESENTATION_CONTEXT() REPRESENTATION_CONTEXT('2D SPACE',''
  ) );
#7441 = PCURVE('',#5524,#7442);
#7442 = DEFINITIONAL_REPRESENTATION('',(#7443),#7447);
#7443 = LINE('',#7444,#7445);
#7444 = CARTESIAN_POINT('',(0.,0.));
#7445 = VECTOR('',#7446,1.);
#7446 = DIRECTION('',(1.,0.));
#7447 = ( GEOMETRIC_REPRESENTATION_CONTEXT(2) 
PARAMETRIC_REPRESENTATION_CONTEXT() REPRESENTATION_CONTEXT('2D SPACE',''
  ) );
#7448 = ADVANCED_FACE('',(#7449),#5524,.T.);
#7449 = FACE_BOUND('',#7450,.T.);
#7450 = EDGE_LOOP('',(#7451,#7452,#7453,#7476));
#7451 = ORIENTED_EDGE('',*,*,#5508,.F.);
#7452 = ORIENTED_EDGE('',*,*,#7428,.F.);
#7453 = ORIENTED_EDGE('',*,*,#7454,.T.);
#7454 = EDGE_CURVE('',#7401,#7455,#7457,.T.);
#7455 = VERTEX_POINT('',#7456);
#7456 = CARTESIAN_POINT('',(-7.557854911633E-02,1.950305064377E-02,
    1.E-02));
#7457 = SURFACE_CURVE('',#7458,(#7462,#7469),.PCURVE_S1.);
#7458 = LINE('',#7459,#7460);
#7459 = CARTESIAN_POINT('',(-5.911513448218E-02,1.950305064377E-02,
    1.E-02));
#7460 = VECTOR('',#7461,1.);
#7461 = DIRECTION('',(-1.,0.,0.));
#7462 = PCURVE('',#5524,#7463);
#7463 = DEFINITIONAL_REPRESENTATION('',(#7464),#7468);
#7464 = LINE('',#7465,#7466);
#7465 = CARTESIAN_POINT('',(0.,0.));
#7466 = VECTOR('',#7467,1.);
#7467 = DIRECTION('',(-0.,-1.));
#7468 = ( GEOMETRIC_REPRESENTATION_CONTEXT(2) 
PARAMETRIC_REPRESENTATION_CONTEXT() REPRESENTATION_CONTEXT('2D SPACE',''
  ) );
#7469 = PCURVE('',#7416,#7470);
#7470 = DEFINITIONAL_REPRESENTATION('',(#7471),#7475);
#7471 = LINE('',#7472,#7473);
#7472 = CARTESIAN_POINT('',(-5.911513448218E-02,1.950305064377E-02));
#7473 = VECTOR('',#7474,1.);
#7474 = DIRECTION('',(-1.,0.));
#7475 = ( GEOMETRIC_REPRESENTATION_CONTEXT(2) 
PARAMETRIC_REPRESENTATION_CONTEXT() REPRESENTATION_CONTEXT('2D SPACE',''
  ) );
#7476 = ORIENTED_EDGE('',*,*,#7477,.T.);
#7477 = EDGE_CURVE('',#7455,#5509,#7478,.T.);
#7478 = SURFACE_CURVE('',#7479,(#7483,#7490),.PCURVE_S1.);
#7479 = LINE('',#7480,#7481);
#7480 = CARTESIAN_POINT('',(-7.557854911633E-02,1.950305064377E-02,
    1.E-02));
#7481 = VECTOR('',#7482,1.);
#7482 = DIRECTION('',(-0.,-0.,-1.));
#7483 = PCURVE('',#5524,#7484);
#7484 = DEFINITIONAL_REPRESENTATION('',(#7485),#7489);
#7485 = LINE('',#7486,#7487);
#7486 = CARTESIAN_POINT('',(-0.,-1.646341463415E-02));
#7487 = VECTOR('',#7488,1.);
#7488 = DIRECTION('',(1.,0.));
#7489 = ( GEOMETRIC_REPRESENTATION_CONTEXT(2) 
PARAMETRIC_REPRESENTATION_CONTEXT() REPRESENTATION_CONTEXT('2D SPACE',''
  ) );
#7490 = PCURVE('',#5552,#7491);
#7491 = DEFINITIONAL_REPRESENTATION('',(#7492),#7496);
#7492 = LINE('',#7493,#7494);
#7493 = CARTESIAN_POINT('',(0.,0.));
#7494 = VECTOR('',#7495,1.);
#7495 = DIRECTION('',(1.,-0.));
#7496 = ( GEOMETRIC_REPRESENTATION_CONTEXT(2) 
PARAMETRIC_REPRESENTATION_CONTEXT() REPRESENTATION_CONTEXT('2D SPACE',''
  ) );
#7497 = ADVANCED_FACE('',(#7498),#5552,.T.);
#7498 = FACE_BOUND('',#7499,.T.);
#7499 = EDGE_LOOP('',(#7500,#7501,#7502,#7525));
#7500 = ORIENTED_EDGE('',*,*,#5536,.F.);
#7501 = ORIENTED_EDGE('',*,*,#7477,.F.);
#7502 = ORIENTED_EDGE('',*,*,#7503,.T.);
#7503 = EDGE_CURVE('',#7455,#7504,#7506,.T.);
#7504 = VERTEX_POINT('',#7505);
#7505 = CARTESIAN_POINT('',(-7.557854911633E-02,-6.098475423428E-02,
    1.E-02));
#7506 = SURFACE_CURVE('',#7507,(#7511,#7518),.PCURVE_S1.);
#7507 = LINE('',#7508,#7509);
#7508 = CARTESIAN_POINT('',(-7.557854911633E-02,1.950305064377E-02,
    1.E-02));
#7509 = VECTOR('',#7510,1.);
#7510 = DIRECTION('',(0.,-1.,0.));
#7511 = PCURVE('',#5552,#7512);
#7512 = DEFINITIONAL_REPRESENTATION('',(#7513),#7517);
#7513 = LINE('',#7514,#7515);
#7514 = CARTESIAN_POINT('',(0.,0.));
#7515 = VECTOR('',#7516,1.);
#7516 = DIRECTION('',(-0.,-1.));
#7517 = ( GEOMETRIC_REPRESENTATION_CONTEXT(2) 
PARAMETRIC_REPRESENTATION_CONTEXT() REPRESENTATION_CONTEXT('2D SPACE',''
  ) );
#7518 = PCURVE('',#7416,#7519);
#7519 = DEFINITIONAL_REPRESENTATION('',(#7520),#7524);
#7520 = LINE('',#7521,#7522);
#7521 = CARTESIAN_POINT('',(-7.557854911633E-02,1.950305064377E-02));
#7522 = VECTOR('',#7523,1.);
#7523 = DIRECTION('',(0.,-1.));
#7524 = ( GEOMETRIC_REPRESENTATION_CONTEXT(2) 
PARAMETRIC_REPRESENTATION_CONTEXT() REPRESENTATION_CONTEXT('2D SPACE',''
  ) );
#7525 = ORIENTED_EDGE('',*,*,#7526,.T.);
#7526 = EDGE_CURVE('',#7504,#5537,#7527,.T.);
#7527 = SURFACE_CURVE('',#7528,(#7532,#7539),.PCURVE_S1.);
#7528 = LINE('',#7529,#7530);
#7529 = CARTESIAN_POINT('',(-7.557854911633E-02,-6.098475423428E-02,
    1.E-02));
#7530 = VECTOR('',#7531,1.);
#7531 = DIRECTION('',(-0.,-0.,-1.));
#7532 = PCURVE('',#5552,#7533);
#7533 = DEFINITIONAL_REPRESENTATION('',(#7534),#7538);
#7534 = LINE('',#7535,#7536);
#7535 = CARTESIAN_POINT('',(-0.,-8.048780487805E-02));
#7536 = VECTOR('',#7537,1.);
#7537 = DIRECTION('',(1.,-0.));
#7538 = ( GEOMETRIC_REPRESENTATION_CONTEXT(2) 
PARAMETRIC_REPRESENTATION_CONTEXT() REPRESENTATION_CONTEXT('2D SPACE',''
  ) );
#7539 = PCURVE('',#5580,#7540);
#7540 = DEFINITIONAL_REPRESENTATION('',(#7541),#7545);
#7541 = LINE('',#7542,#7543);
#7542 = CARTESIAN_POINT('',(0.,0.));
#7543 = VECTOR('',#7544,1.);
#7544 = DIRECTION('',(-1.,0.));
#7545 = ( GEOMETRIC_REPRESENTATION_CONTEXT(2) 
PARAMETRIC_REPRESENTATION_CONTEXT() REPRESENTATION_CONTEXT('2D SPACE',''
  ) );
#7546 = ADVANCED_FACE('',(#7547),#5580,.T.);
#7547 = FACE_BOUND('',#7548,.T.);
#7548 = EDGE_LOOP('',(#7549,#7550,#7551,#7574));
#7549 = ORIENTED_EDGE('',*,*,#5564,.F.);
#7550 = ORIENTED_EDGE('',*,*,#7526,.F.);
#7551 = ORIENTED_EDGE('',*,*,#7552,.T.);
#7552 = EDGE_CURVE('',#7504,#7553,#7555,.T.);
#7553 = VERTEX_POINT('',#7554);
#7554 = CARTESIAN_POINT('',(7.442145088367E-02,-6.098475423428E-02,
    1.E-02));
#7555 = SURFACE_CURVE('',#7556,(#7560,#7567),.PCURVE_S1.);
#7556 = LINE('',#7557,#7558);
#7557 = CARTESIAN_POINT('',(-7.557854911633E-02,-6.098475423428E-02,
    1.E-02));
#7558 = VECTOR('',#7559,1.);
#7559 = DIRECTION('',(1.,0.,0.));
#7560 = PCURVE('',#5580,#7561);
#7561 = DEFINITIONAL_REPRESENTATION('',(#7562),#7566);
#7562 = LINE('',#7563,#7564);
#7563 = CARTESIAN_POINT('',(0.,0.));
#7564 = VECTOR('',#7565,1.);
#7565 = DIRECTION('',(0.,1.));
#7566 = ( GEOMETRIC_REPRESENTATION_CONTEXT(2) 
PARAMETRIC_REPRESENTATION_CONTEXT() REPRESENTATION_CONTEXT('2D SPACE',''
  ) );
#7567 = PCURVE('',#7416,#7568);
#7568 = DEFINITIONAL_REPRESENTATION('',(#7569),#7573);
#7569 = LINE('',#7570,#7571);
#7570 = CARTESIAN_POINT('',(-7.557854911633E-02,-6.098475423428E-02));
#7571 = VECTOR('',#7572,1.);
#7572 = DIRECTION('',(1.,0.));
#7573 = ( GEOMETRIC_REPRESENTATION_CONTEXT(2) 
PARAMETRIC_REPRESENTATION_CONTEXT() REPRESENTATION_CONTEXT('2D SPACE',''
  ) );
#7574 = ORIENTED_EDGE('',*,*,#7575,.T.);
#7575 = EDGE_CURVE('',#7553,#5565,#7576,.T.);
#7576 = SURFACE_CURVE('',#7577,(#7581,#7588),.PCURVE_S1.);
#7577 = LINE('',#7578,#7579);
#7578 = CARTESIAN_POINT('',(7.442145088367E-02,-6.098475423428E-02,
    1.E-02));
#7579 = VECTOR('',#7580,1.);
#7580 = DIRECTION('',(-0.,-0.,-1.));
#7581 = PCURVE('',#5580,#7582);
#7582 = DEFINITIONAL_REPRESENTATION('',(#7583),#7587);
#7583 = LINE('',#7584,#7585);
#7584 = CARTESIAN_POINT('',(0.,0.15));
#7585 = VECTOR('',#7586,1.);
#7586 = DIRECTION('',(-1.,0.));
#7587 = ( GEOMETRIC_REPRESENTATION_CONTEXT(2) 
PARAMETRIC_REPRESENTATION_CONTEXT() REPRESENTATION_CONTEXT('2D SPACE',''
  ) );
#7588 = PCURVE('',#5608,#7589);
#7589 = DEFINITIONAL_REPRESENTATION('',(#7590),#7594);
#7590 = LINE('',#7591,#7592);
#7591 = CARTESIAN_POINT('',(0.,0.));
#7592 = VECTOR('',#7593,1.);
#7593 = DIRECTION('',(-1.,0.));
#7594 = ( GEOMETRIC_REPRESENTATION_CONTEXT(2) 
PARAMETRIC_REPRESENTATION_CONTEXT() REPRESENTATION_CONTEXT('2D SPACE',''
  ) );
#7595 = ADVANCED_FACE('',(#7596),#5608,.T.);
#7596 = FACE_BOUND('',#7597,.T.);
#7597 = EDGE_LOOP('',(#7598,#7599,#7600,#7623));
#7598 = ORIENTED_EDGE('',*,*,#5592,.F.);
#7599 = ORIENTED_EDGE('',*,*,#7575,.F.);
#7600 = ORIENTED_EDGE('',*,*,#7601,.T.);
#7601 = EDGE_CURVE('',#7553,#7602,#7604,.T.);
#7602 = VERTEX_POINT('',#7603);
#7603 = CARTESIAN_POINT('',(7.442145088367E-02,1.58445140584E-02,1.E-02)
  );
#7604 = SURFACE_CURVE('',#7605,(#7609,#7616),.PCURVE_S1.);
#7605 = LINE('',#7606,#7607);
#7606 = CARTESIAN_POINT('',(7.442145088367E-02,-6.098475423428E-02,
    1.E-02));
#7607 = VECTOR('',#7608,1.);
#7608 = DIRECTION('',(0.,1.,0.));
#7609 = PCURVE('',#5608,#7610);
#7610 = DEFINITIONAL_REPRESENTATION('',(#7611),#7615);
#7611 = LINE('',#7612,#7613);
#7612 = CARTESIAN_POINT('',(0.,0.));
#7613 = VECTOR('',#7614,1.);
#7614 = DIRECTION('',(0.,1.));
#7615 = ( GEOMETRIC_REPRESENTATION_CONTEXT(2) 
PARAMETRIC_REPRESENTATION_CONTEXT() REPRESENTATION_CONTEXT('2D SPACE',''
  ) );
#7616 = PCURVE('',#7416,#7617);
#7617 = DEFINITIONAL_REPRESENTATION('',(#7618),#7622);
#7618 = LINE('',#7619,#7620);
#7619 = CARTESIAN_POINT('',(7.442145088367E-02,-6.098475423428E-02));
#7620 = VECTOR('',#7621,1.);
#7621 = DIRECTION('',(0.,1.));
#7622 = ( GEOMETRIC_REPRESENTATION_CONTEXT(2) 
PARAMETRIC_REPRESENTATION_CONTEXT() REPRESENTATION_CONTEXT('2D SPACE',''
  ) );
#7623 = ORIENTED_EDGE('',*,*,#7624,.T.);
#7624 = EDGE_CURVE('',#7602,#5593,#7625,.T.);
#7625 = SURFACE_CURVE('',#7626,(#7630,#7637),.PCURVE_S1.);
#7626 = LINE('',#7627,#7628);
#7627 = CARTESIAN_POINT('',(7.442145088367E-02,1.58445140584E-02,1.E-02)
  );
#7628 = VECTOR('',#7629,1.);
#7629 = DIRECTION('',(-0.,-0.,-1.));
#7630 = PCURVE('',#5608,#7631);
#7631 = DEFINITIONAL_REPRESENTATION('',(#7632),#7636);
#7632 = LINE('',#7633,#7634);
#7633 = CARTESIAN_POINT('',(0.,7.682926829268E-02));
#7634 = VECTOR('',#7635,1.);
#7635 = DIRECTION('',(-1.,0.));
#7636 = ( GEOMETRIC_REPRESENTATION_CONTEXT(2) 
PARAMETRIC_REPRESENTATION_CONTEXT() REPRESENTATION_CONTEXT('2D SPACE',''
  ) );
#7637 = PCURVE('',#5636,#7638);
#7638 = DEFINITIONAL_REPRESENTATION('',(#7639),#7643);
#7639 = LINE('',#7640,#7641);
#7640 = CARTESIAN_POINT('',(0.,0.));
#7641 = VECTOR('',#7642,1.);
#7642 = DIRECTION('',(1.,0.));
#7643 = ( GEOMETRIC_REPRESENTATION_CONTEXT(2) 
PARAMETRIC_REPRESENTATION_CONTEXT() REPRESENTATION_CONTEXT('2D SPACE',''
  ) );
#7644 = ADVANCED_FACE('',(#7645),#5636,.T.);
#7645 = FACE_BOUND('',#7646,.T.);
#7646 = EDGE_LOOP('',(#7647,#7648,#7649,#7672));
#7647 = ORIENTED_EDGE('',*,*,#5620,.F.);
#7648 = ORIENTED_EDGE('',*,*,#7624,.F.);
#7649 = ORIENTED_EDGE('',*,*,#7650,.T.);
#7650 = EDGE_CURVE('',#7602,#7651,#7653,.T.);
#7651 = VERTEX_POINT('',#7652);
#7652 = CARTESIAN_POINT('',(5.795803624952E-02,1.58445140584E-02,1.E-02)
  );
#7653 = SURFACE_CURVE('',#7654,(#7658,#7665),.PCURVE_S1.);
#7654 = LINE('',#7655,#7656);
#7655 = CARTESIAN_POINT('',(7.442145088367E-02,1.58445140584E-02,1.E-02)
  );
#7656 = VECTOR('',#7657,1.);
#7657 = DIRECTION('',(-1.,0.,0.));
#7658 = PCURVE('',#5636,#7659);
#7659 = DEFINITIONAL_REPRESENTATION('',(#7660),#7664);
#7660 = LINE('',#7661,#7662);
#7661 = CARTESIAN_POINT('',(0.,0.));
#7662 = VECTOR('',#7663,1.);
#7663 = DIRECTION('',(-0.,-1.));
#7664 = ( GEOMETRIC_REPRESENTATION_CONTEXT(2) 
PARAMETRIC_REPRESENTATION_CONTEXT() REPRESENTATION_CONTEXT('2D SPACE',''
  ) );
#7665 = PCURVE('',#7416,#7666);
#7666 = DEFINITIONAL_REPRESENTATION('',(#7667),#7671);
#7667 = LINE('',#7668,#7669);
#7668 = CARTESIAN_POINT('',(7.442145088367E-02,1.58445140584E-02));
#7669 = VECTOR('',#7670,1.);
#7670 = DIRECTION('',(-1.,0.));
#7671 = ( GEOMETRIC_REPRESENTATION_CONTEXT(2) 
PARAMETRIC_REPRESENTATION_CONTEXT() REPRESENTATION_CONTEXT('2D SPACE',''
  ) );
#7672 = ORIENTED_EDGE('',*,*,#7673,.T.);
#7673 = EDGE_CURVE('',#7651,#5621,#7674,.T.);
#7674 = SURFACE_CURVE('',#7675,(#7679,#7686),.PCURVE_S1.);
#7675 = LINE('',#7676,#7677);
#7676 = CARTESIAN_POINT('',(5.795803624952E-02,1.58445140584E-02,1.E-02)
  );
#7677 = VECTOR('',#7678,1.);
#7678 = DIRECTION('',(-0.,-0.,-1.));
#7679 = PCURVE('',#5636,#7680);
#7680 = DEFINITIONAL_REPRESENTATION('',(#7681),#7685);
#7681 = LINE('',#7682,#7683);
#7682 = CARTESIAN_POINT('',(-0.,-1.646341463415E-02));
#7683 = VECTOR('',#7684,1.);
#7684 = DIRECTION('',(1.,0.));
#7685 = ( GEOMETRIC_REPRESENTATION_CONTEXT(2) 
PARAMETRIC_REPRESENTATION_CONTEXT() REPRESENTATION_CONTEXT('2D SPACE',''
  ) );
#7686 = PCURVE('',#5664,#7687);
#7687 = DEFINITIONAL_REPRESENTATION('',(#7688),#7692);
#7688 = LINE('',#7689,#7690);
#7689 = CARTESIAN_POINT('',(0.,0.));
#7690 = VECTOR('',#7691,1.);
#7691 = DIRECTION('',(1.,-0.));
#7692 = ( GEOMETRIC_REPRESENTATION_CONTEXT(2) 
PARAMETRIC_REPRESENTATION_CONTEXT() REPRESENTATION_CONTEXT('2D SPACE',''
  ) );
#7693 = ADVANCED_FACE('',(#7694),#5664,.T.);
#7694 = FACE_BOUND('',#7695,.T.);
#7695 = EDGE_LOOP('',(#7696,#7697,#7698,#7721));
#7696 = ORIENTED_EDGE('',*,*,#5648,.F.);
#7697 = ORIENTED_EDGE('',*,*,#7673,.F.);
#7698 = ORIENTED_EDGE('',*,*,#7699,.T.);
#7699 = EDGE_CURVE('',#7651,#7700,#7702,.T.);
#7700 = VERTEX_POINT('',#7701);
#7701 = CARTESIAN_POINT('',(5.795803624952E-02,-4.086280301477E-02,
    1.E-02));
#7702 = SURFACE_CURVE('',#7703,(#7707,#7714),.PCURVE_S1.);
#7703 = LINE('',#7704,#7705);
#7704 = CARTESIAN_POINT('',(5.795803624952E-02,1.58445140584E-02,1.E-02)
  );
#7705 = VECTOR('',#7706,1.);
#7706 = DIRECTION('',(0.,-1.,0.));
#7707 = PCURVE('',#5664,#7708);
#7708 = DEFINITIONAL_REPRESENTATION('',(#7709),#7713);
#7709 = LINE('',#7710,#7711);
#7710 = CARTESIAN_POINT('',(0.,0.));
#7711 = VECTOR('',#7712,1.);
#7712 = DIRECTION('',(-0.,-1.));
#7713 = ( GEOMETRIC_REPRESENTATION_CONTEXT(2) 
PARAMETRIC_REPRESENTATION_CONTEXT() REPRESENTATION_CONTEXT('2D SPACE',''
  ) );
#7714 = PCURVE('',#7416,#7715);
#7715 = DEFINITIONAL_REPRESENTATION('',(#7716),#7720);
#7716 = LINE('',#7717,#7718);
#7717 = CARTESIAN_POINT('',(5.795803624952E-02,1.58445140584E-02));
#7718 = VECTOR('',#7719,1.);
#7719 = DIRECTION('',(0.,-1.));
#7720 = ( GEOMETRIC_REPRESENTATION_CONTEXT(2) 
PARAMETRIC_REPRESENTATION_CONTEXT() REPRESENTATION_CONTEXT('2D SPACE',''
  ) );
#7721 = ORIENTED_EDGE('',*,*,#7722,.T.);
#7722 = EDGE_CURVE('',#7700,#5649,#7723,.T.);
#7723 = SURFACE_CURVE('',#7724,(#7728,#7735),.PCURVE_S1.);
#7724 = LINE('',#7725,#7726);
#7725 = CARTESIAN_POINT('',(5.795803624952E-02,-4.086280301477E-02,
    1.E-02));
#7726 = VECTOR('',#7727,1.);
#7727 = DIRECTION('',(-0.,-0.,-1.));
#7728 = PCURVE('',#5664,#7729);
#7729 = DEFINITIONAL_REPRESENTATION('',(#7730),#7734);
#7730 = LINE('',#7731,#7732);
#7731 = CARTESIAN_POINT('',(-0.,-5.670731707317E-02));
#7732 = VECTOR('',#7733,1.);
#7733 = DIRECTION('',(1.,-0.));
#7734 = ( GEOMETRIC_REPRESENTATION_CONTEXT(2) 
PARAMETRIC_REPRESENTATION_CONTEXT() REPRESENTATION_CONTEXT('2D SPACE',''
  ) );
#7735 = PCURVE('',#5692,#7736);
#7736 = DEFINITIONAL_REPRESENTATION('',(#7737),#7741);
#7737 = LINE('',#7738,#7739);
#7738 = CARTESIAN_POINT('',(0.,0.));
#7739 = VECTOR('',#7740,1.);
#7740 = DIRECTION('',(1.,0.));
#7741 = ( GEOMETRIC_REPRESENTATION_CONTEXT(2) 
PARAMETRIC_REPRESENTATION_CONTEXT() REPRESENTATION_CONTEXT('2D SPACE',''
  ) );
#7742 = ADVANCED_FACE('',(#7743),#5692,.T.);
#7743 = FACE_BOUND('',#7744,.T.);
#7744 = EDGE_LOOP('',(#7745,#7746,#7747,#7770));
#7745 = ORIENTED_EDGE('',*,*,#5676,.F.);
#7746 = ORIENTED_EDGE('',*,*,#7722,.F.);
#7747 = ORIENTED_EDGE('',*,*,#7748,.T.);
#7748 = EDGE_CURVE('',#7700,#7749,#7751,.T.);
#7749 = VERTEX_POINT('',#7750);
#7750 = CARTESIAN_POINT('',(8.567792347084E-03,-4.086280301477E-02,
    1.E-02));
#7751 = SURFACE_CURVE('',#7752,(#7756,#7763),.PCURVE_S1.);
#7752 = LINE('',#7753,#7754);
#7753 = CARTESIAN_POINT('',(5.795803624952E-02,-4.086280301477E-02,
    1.E-02));
#7754 = VECTOR('',#7755,1.);
#7755 = DIRECTION('',(-1.,0.,0.));
#7756 = PCURVE('',#5692,#7757);
#7757 = DEFINITIONAL_REPRESENTATION('',(#7758),#7762);
#7758 = LINE('',#7759,#7760);
#7759 = CARTESIAN_POINT('',(0.,0.));
#7760 = VECTOR('',#7761,1.);
#7761 = DIRECTION('',(-0.,-1.));
#7762 = ( GEOMETRIC_REPRESENTATION_CONTEXT(2) 
PARAMETRIC_REPRESENTATION_CONTEXT() REPRESENTATION_CONTEXT('2D SPACE',''
  ) );
#7763 = PCURVE('',#7416,#7764);
#7764 = DEFINITIONAL_REPRESENTATION('',(#7765),#7769);
#7765 = LINE('',#7766,#7767);
#7766 = CARTESIAN_POINT('',(5.795803624952E-02,-4.086280301477E-02));
#7767 = VECTOR('',#7768,1.);
#7768 = DIRECTION('',(-1.,0.));
#7769 = ( GEOMETRIC_REPRESENTATION_CONTEXT(2) 
PARAMETRIC_REPRESENTATION_CONTEXT() REPRESENTATION_CONTEXT('2D SPACE',''
  ) );
#7770 = ORIENTED_EDGE('',*,*,#7771,.T.);
#7771 = EDGE_CURVE('',#7749,#5677,#7772,.T.);
#7772 = SURFACE_CURVE('',#7773,(#7777,#7784),.PCURVE_S1.);
#7773 = LINE('',#7774,#7775);
#7774 = CARTESIAN_POINT('',(8.567792347084E-03,-4.086280301477E-02,
    1.E-02));
#7775 = VECTOR('',#7776,1.);
#7776 = DIRECTION('',(-0.,-0.,-1.));
#7777 = PCURVE('',#5692,#7778);
#7778 = DEFINITIONAL_REPRESENTATION('',(#7779),#7783);
#7779 = LINE('',#7780,#7781);
#7780 = CARTESIAN_POINT('',(-0.,-4.939024390244E-02));
#7781 = VECTOR('',#7782,1.);
#7782 = DIRECTION('',(1.,0.));
#7783 = ( GEOMETRIC_REPRESENTATION_CONTEXT(2) 
PARAMETRIC_REPRESENTATION_CONTEXT() REPRESENTATION_CONTEXT('2D SPACE',''
  ) );
#7784 = PCURVE('',#5720,#7785);
#7785 = DEFINITIONAL_REPRESENTATION('',(#7786),#7790);
#7786 = LINE('',#7787,#7788);
#7787 = CARTESIAN_POINT('',(0.,0.));
#7788 = VECTOR('',#7789,1.);
#7789 = DIRECTION('',(-1.,0.));
#7790 = ( GEOMETRIC_REPRESENTATION_CONTEXT(2) 
PARAMETRIC_REPRESENTATION_CONTEXT() REPRESENTATION_CONTEXT('2D SPACE',''
  ) );
#7791 = ADVANCED_FACE('',(#7792),#5720,.T.);
#7792 = FACE_BOUND('',#7793,.T.);
#7793 = EDGE_LOOP('',(#7794,#7795,#7796,#7819));
#7794 = ORIENTED_EDGE('',*,*,#5704,.F.);
#7795 = ORIENTED_EDGE('',*,*,#7771,.F.);
#7796 = ORIENTED_EDGE('',*,*,#7797,.T.);
#7797 = EDGE_CURVE('',#7749,#7798,#7800,.T.);
#7798 = VERTEX_POINT('',#7799);
#7799 = CARTESIAN_POINT('',(8.567792347084E-03,1.218597747304E-02,1.E-02
    ));
#7800 = SURFACE_CURVE('',#7801,(#7805,#7812),.PCURVE_S1.);
#7801 = LINE('',#7802,#7803);
#7802 = CARTESIAN_POINT('',(8.567792347084E-03,-4.086280301477E-02,
    1.E-02));
#7803 = VECTOR('',#7804,1.);
#7804 = DIRECTION('',(0.,1.,0.));
#7805 = PCURVE('',#5720,#7806);
#7806 = DEFINITIONAL_REPRESENTATION('',(#7807),#7811);
#7807 = LINE('',#7808,#7809);
#7808 = CARTESIAN_POINT('',(0.,0.));
#7809 = VECTOR('',#7810,1.);
#7810 = DIRECTION('',(0.,1.));
#7811 = ( GEOMETRIC_REPRESENTATION_CONTEXT(2) 
PARAMETRIC_REPRESENTATION_CONTEXT() REPRESENTATION_CONTEXT('2D SPACE',''
  ) );
#7812 = PCURVE('',#7416,#7813);
#7813 = DEFINITIONAL_REPRESENTATION('',(#7814),#7818);
#7814 = LINE('',#7815,#7816);
#7815 = CARTESIAN_POINT('',(8.567792347084E-03,-4.086280301477E-02));
#7816 = VECTOR('',#7817,1.);
#7817 = DIRECTION('',(0.,1.));
#7818 = ( GEOMETRIC_REPRESENTATION_CONTEXT(2) 
PARAMETRIC_REPRESENTATION_CONTEXT() REPRESENTATION_CONTEXT('2D SPACE',''
  ) );
#7819 = ORIENTED_EDGE('',*,*,#7820,.T.);
#7820 = EDGE_CURVE('',#7798,#5705,#7821,.T.);
#7821 = SURFACE_CURVE('',#7822,(#7826,#7833),.PCURVE_S1.);
#7822 = LINE('',#7823,#7824);
#7823 = CARTESIAN_POINT('',(8.567792347084E-03,1.218597747304E-02,1.E-02
    ));
#7824 = VECTOR('',#7825,1.);
#7825 = DIRECTION('',(-0.,-0.,-1.));
#7826 = PCURVE('',#5720,#7827);
#7827 = DEFINITIONAL_REPRESENTATION('',(#7828),#7832);
#7828 = LINE('',#7829,#7830);
#7829 = CARTESIAN_POINT('',(0.,5.30487804878E-02));
#7830 = VECTOR('',#7831,1.);
#7831 = DIRECTION('',(-1.,0.));
#7832 = ( GEOMETRIC_REPRESENTATION_CONTEXT(2) 
PARAMETRIC_REPRESENTATION_CONTEXT() REPRESENTATION_CONTEXT('2D SPACE',''
  ) );
#7833 = PCURVE('',#5748,#7834);
#7834 = DEFINITIONAL_REPRESENTATION('',(#7835),#7839);
#7835 = LINE('',#7836,#7837);
#7836 = CARTESIAN_POINT('',(0.,0.));
#7837 = VECTOR('',#7838,1.);
#7838 = DIRECTION('',(1.,0.));
#7839 = ( GEOMETRIC_REPRESENTATION_CONTEXT(2) 
PARAMETRIC_REPRESENTATION_CONTEXT() REPRESENTATION_CONTEXT('2D SPACE',''
  ) );
#7840 = ADVANCED_FACE('',(#7841),#5748,.T.);
#7841 = FACE_BOUND('',#7842,.T.);
#7842 = EDGE_LOOP('',(#7843,#7844,#7845,#7868));
#7843 = ORIENTED_EDGE('',*,*,#5732,.F.);
#7844 = ORIENTED_EDGE('',*,*,#7820,.F.);
#7845 = ORIENTED_EDGE('',*,*,#7846,.T.);
#7846 = EDGE_CURVE('',#7798,#7847,#7849,.T.);
#7847 = VERTEX_POINT('',#7848);
#7848 = CARTESIAN_POINT('',(-7.895622287062E-03,1.218597747304E-02,
    1.E-02));
#7849 = SURFACE_CURVE('',#7850,(#7854,#7861),.PCURVE_S1.);
#7850 = LINE('',#7851,#7852);
#7851 = CARTESIAN_POINT('',(8.567792347084E-03,1.218597747304E-02,1.E-02
    ));
#7852 = VECTOR('',#7853,1.);
#7853 = DIRECTION('',(-1.,0.,0.));
#7854 = PCURVE('',#5748,#7855);
#7855 = DEFINITIONAL_REPRESENTATION('',(#7856),#7860);
#7856 = LINE('',#7857,#7858);
#7857 = CARTESIAN_POINT('',(0.,0.));
#7858 = VECTOR('',#7859,1.);
#7859 = DIRECTION('',(-0.,-1.));
#7860 = ( GEOMETRIC_REPRESENTATION_CONTEXT(2) 
PARAMETRIC_REPRESENTATION_CONTEXT() REPRESENTATION_CONTEXT('2D SPACE',''
  ) );
#7861 = PCURVE('',#7416,#7862);
#7862 = DEFINITIONAL_REPRESENTATION('',(#7863),#7867);
#7863 = LINE('',#7864,#7865);
#7864 = CARTESIAN_POINT('',(8.567792347084E-03,1.218597747304E-02));
#7865 = VECTOR('',#7866,1.);
#7866 = DIRECTION('',(-1.,0.));
#7867 = ( GEOMETRIC_REPRESENTATION_CONTEXT(2) 
PARAMETRIC_REPRESENTATION_CONTEXT() REPRESENTATION_CONTEXT('2D SPACE',''
  ) );
#7868 = ORIENTED_EDGE('',*,*,#7869,.T.);
#7869 = EDGE_CURVE('',#7847,#5733,#7870,.T.);
#7870 = SURFACE_CURVE('',#7871,(#7875,#7882),.PCURVE_S1.);
#7871 = LINE('',#7872,#7873);
#7872 = CARTESIAN_POINT('',(-7.895622287062E-03,1.218597747304E-02,
    1.E-02));
#7873 = VECTOR('',#7874,1.);
#7874 = DIRECTION('',(-0.,-0.,-1.));
#7875 = PCURVE('',#5748,#7876);
#7876 = DEFINITIONAL_REPRESENTATION('',(#7877),#7881);
#7877 = LINE('',#7878,#7879);
#7878 = CARTESIAN_POINT('',(-0.,-1.646341463415E-02));
#7879 = VECTOR('',#7880,1.);
#7880 = DIRECTION('',(1.,0.));
#7881 = ( GEOMETRIC_REPRESENTATION_CONTEXT(2) 
PARAMETRIC_REPRESENTATION_CONTEXT() REPRESENTATION_CONTEXT('2D SPACE',''
  ) );
#7882 = PCURVE('',#5776,#7883);
#7883 = DEFINITIONAL_REPRESENTATION('',(#7884),#7888);
#7884 = LINE('',#7885,#7886);
#7885 = CARTESIAN_POINT('',(0.,0.));
#7886 = VECTOR('',#7887,1.);
#7887 = DIRECTION('',(1.,-0.));
#7888 = ( GEOMETRIC_REPRESENTATION_CONTEXT(2) 
PARAMETRIC_REPRESENTATION_CONTEXT() REPRESENTATION_CONTEXT('2D SPACE',''
  ) );
#7889 = ADVANCED_FACE('',(#7890),#5776,.T.);
#7890 = FACE_BOUND('',#7891,.T.);
#7891 = EDGE_LOOP('',(#7892,#7893,#7894,#7917));
#7892 = ORIENTED_EDGE('',*,*,#5760,.F.);
#7893 = ORIENTED_EDGE('',*,*,#7869,.F.);
#7894 = ORIENTED_EDGE('',*,*,#7895,.T.);
#7895 = EDGE_CURVE('',#7847,#7896,#7898,.T.);
#7896 = VERTEX_POINT('',#7897);
#7897 = CARTESIAN_POINT('',(-7.895622287062E-03,-4.086280301477E-02,
    1.E-02));
#7898 = SURFACE_CURVE('',#7899,(#7903,#7910),.PCURVE_S1.);
#7899 = LINE('',#7900,#7901);
#7900 = CARTESIAN_POINT('',(-7.895622287062E-03,1.218597747304E-02,
    1.E-02));
#7901 = VECTOR('',#7902,1.);
#7902 = DIRECTION('',(0.,-1.,0.));
#7903 = PCURVE('',#5776,#7904);
#7904 = DEFINITIONAL_REPRESENTATION('',(#7905),#7909);
#7905 = LINE('',#7906,#7907);
#7906 = CARTESIAN_POINT('',(0.,0.));
#7907 = VECTOR('',#7908,1.);
#7908 = DIRECTION('',(-0.,-1.));
#7909 = ( GEOMETRIC_REPRESENTATION_CONTEXT(2) 
PARAMETRIC_REPRESENTATION_CONTEXT() REPRESENTATION_CONTEXT('2D SPACE',''
  ) );
#7910 = PCURVE('',#7416,#7911);
#7911 = DEFINITIONAL_REPRESENTATION('',(#7912),#7916);
#7912 = LINE('',#7913,#7914);
#7913 = CARTESIAN_POINT('',(-7.895622287062E-03,1.218597747304E-02));
#7914 = VECTOR('',#7915,1.);
#7915 = DIRECTION('',(0.,-1.));
#7916 = ( GEOMETRIC_REPRESENTATION_CONTEXT(2) 
PARAMETRIC_REPRESENTATION_CONTEXT() REPRESENTATION_CONTEXT('2D SPACE',''
  ) );
#7917 = ORIENTED_EDGE('',*,*,#7918,.T.);
#7918 = EDGE_CURVE('',#7896,#5761,#7919,.T.);
#7919 = SURFACE_CURVE('',#7920,(#7924,#7931),.PCURVE_S1.);
#7920 = LINE('',#7921,#7922);
#7921 = CARTESIAN_POINT('',(-7.895622287062E-03,-4.086280301477E-02,
    1.E-02));
#7922 = VECTOR('',#7923,1.);
#7923 = DIRECTION('',(-0.,-0.,-1.));
#7924 = PCURVE('',#5776,#7925);
#7925 = DEFINITIONAL_REPRESENTATION('',(#7926),#7930);
#7926 = LINE('',#7927,#7928);
#7927 = CARTESIAN_POINT('',(-0.,-5.30487804878E-02));
#7928 = VECTOR('',#7929,1.);
#7929 = DIRECTION('',(1.,-0.));
#7930 = ( GEOMETRIC_REPRESENTATION_CONTEXT(2) 
PARAMETRIC_REPRESENTATION_CONTEXT() REPRESENTATION_CONTEXT('2D SPACE',''
  ) );
#7931 = PCURVE('',#5802,#7932);
#7932 = DEFINITIONAL_REPRESENTATION('',(#7933),#7937);
#7933 = LINE('',#7934,#7935);
#7934 = CARTESIAN_POINT('',(0.,0.));
#7935 = VECTOR('',#7936,1.);
#7936 = DIRECTION('',(1.,0.));
#7937 = ( GEOMETRIC_REPRESENTATION_CONTEXT(2) 
PARAMETRIC_REPRESENTATION_CONTEXT() REPRESENTATION_CONTEXT('2D SPACE',''
  ) );
#7938 = ADVANCED_FACE('',(#7939),#5802,.T.);
#7939 = FACE_BOUND('',#7940,.T.);
#7940 = EDGE_LOOP('',(#7941,#7942,#7943,#7964));
#7941 = ORIENTED_EDGE('',*,*,#5788,.F.);
#7942 = ORIENTED_EDGE('',*,*,#7918,.F.);
#7943 = ORIENTED_EDGE('',*,*,#7944,.T.);
#7944 = EDGE_CURVE('',#7896,#7378,#7945,.T.);
#7945 = SURFACE_CURVE('',#7946,(#7950,#7957),.PCURVE_S1.);
#7946 = LINE('',#7947,#7948);
#7947 = CARTESIAN_POINT('',(-7.895622287062E-03,-4.086280301477E-02,
    1.E-02));
#7948 = VECTOR('',#7949,1.);
#7949 = DIRECTION('',(-1.,0.,0.));
#7950 = PCURVE('',#5802,#7951);
#7951 = DEFINITIONAL_REPRESENTATION('',(#7952),#7956);
#7952 = LINE('',#7953,#7954);
#7953 = CARTESIAN_POINT('',(0.,0.));
#7954 = VECTOR('',#7955,1.);
#7955 = DIRECTION('',(-0.,-1.));
#7956 = ( GEOMETRIC_REPRESENTATION_CONTEXT(2) 
PARAMETRIC_REPRESENTATION_CONTEXT() REPRESENTATION_CONTEXT('2D SPACE',''
  ) );
#7957 = PCURVE('',#7416,#7958);
#7958 = DEFINITIONAL_REPRESENTATION('',(#7959),#7963);
#7959 = LINE('',#7960,#7961);
#7960 = CARTESIAN_POINT('',(-7.895622287062E-03,-4.086280301477E-02));
#7961 = VECTOR('',#7962,1.);
#7962 = DIRECTION('',(-1.,0.));
#7963 = ( GEOMETRIC_REPRESENTATION_CONTEXT(2) 
PARAMETRIC_REPRESENTATION_CONTEXT() REPRESENTATION_CONTEXT('2D SPACE',''
  ) );
#7964 = ORIENTED_EDGE('',*,*,#7377,.T.);
#7965 = ADVANCED_FACE('',(#7966),#5850,.T.);
#7966 = FACE_BOUND('',#7967,.T.);
#7967 = EDGE_LOOP('',(#7968,#7969,#7990,#8034));
#7968 = ORIENTED_EDGE('',*,*,#5816,.F.);
#7969 = ORIENTED_EDGE('',*,*,#7970,.F.);
#7970 = EDGE_CURVE('',#7971,#5817,#7973,.T.);
#7971 = VERTEX_POINT('',#7972);
#7972 = CARTESIAN_POINT('',(-6.094440277487E-02,-0.128753428015,1.E-02)
  );
#7973 = SURFACE_CURVE('',#7974,(#7978,#7984),.PCURVE_S1.);
#7974 = LINE('',#7975,#7976);
#7975 = CARTESIAN_POINT('',(-6.094440277487E-02,-0.128753428015,1.E-02)
  );
#7976 = VECTOR('',#7977,1.);
#7977 = DIRECTION('',(-0.,-0.,-1.));
#7978 = PCURVE('',#5850,#7979);
#7979 = DEFINITIONAL_REPRESENTATION('',(#7980),#7983);
#7980 = B_SPLINE_CURVE_WITH_KNOTS('',1,(#7981,#7982),.UNSPECIFIED.,.F.,
  .F.,(2,2),(-0.,1.E-02),.PIECEWISE_BEZIER_KNOTS.);
#7981 = CARTESIAN_POINT('',(-6.909411877157E-16,0.));
#7982 = CARTESIAN_POINT('',(-6.909411877157E-16,1.));
#7983 = ( GEOMETRIC_REPRESENTATION_CONTEXT(2) 
PARAMETRIC_REPRESENTATION_CONTEXT() REPRESENTATION_CONTEXT('2D SPACE',''
  ) );
#7984 = PCURVE('',#6450,#7985);
#7985 = DEFINITIONAL_REPRESENTATION('',(#7986),#7989);
#7986 = B_SPLINE_CURVE_WITH_KNOTS('',1,(#7987,#7988),.UNSPECIFIED.,.F.,
  .F.,(2,2),(-0.,1.E-02),.PIECEWISE_BEZIER_KNOTS.);
#7987 = CARTESIAN_POINT('',(1.,0.));
#7988 = CARTESIAN_POINT('',(1.,1.));
#7989 = ( GEOMETRIC_REPRESENTATION_CONTEXT(2) 
PARAMETRIC_REPRESENTATION_CONTEXT() REPRESENTATION_CONTEXT('2D SPACE',''
  ) );
#7990 = ORIENTED_EDGE('',*,*,#7991,.T.);
#7991 = EDGE_CURVE('',#7971,#7992,#7994,.T.);
#7992 = VERTEX_POINT('',#7993);
#7993 = CARTESIAN_POINT('',(-5.134074423828E-02,-9.025304691721E-02,
    1.E-02));
#7994 = SURFACE_CURVE('',#7995,(#8007,#8014),.PCURVE_S1.);
#7995 = B_SPLINE_CURVE_WITH_KNOTS('',3,(#7996,#7997,#7998,#7999,#8000,
    #8001,#8002,#8003,#8004,#8005,#8006),.UNSPECIFIED.,.F.,.F.,(4,1,1,1,
    1,1,1,1,4),(0.,0.135294604763,0.266765657925,0.394816018836,
    0.520051654434,0.642175702971,0.762651820558,0.881834004381,1.),
  .UNSPECIFIED.);
#7996 = CARTESIAN_POINT('',(-6.094440277487E-02,-0.128753428015,1.E-02)
  );
#7997 = CARTESIAN_POINT('',(-6.092062169275E-02,-0.12694211493,1.E-02));
#7998 = CARTESIAN_POINT('',(-6.087373160407E-02,-0.123370678156,1.E-02)
  );
#7999 = CARTESIAN_POINT('',(-6.039253536174E-02,-0.11810389588,1.E-02));
#8000 = CARTESIAN_POINT('',(-5.966830246449E-02,-0.113002361562,1.E-02)
  );
#8001 = CARTESIAN_POINT('',(-5.860229525619E-02,-0.108088248934,1.E-02)
  );
#8002 = CARTESIAN_POINT('',(-5.726789482869E-02,-0.103344709838,1.E-02)
  );
#8003 = CARTESIAN_POINT('',(-5.559178566259E-02,-9.879863689E-02,1.E-02)
  );
#8004 = CARTESIAN_POINT('',(-5.36773224046E-02,-9.440145312177E-02,
    1.E-02));
#8005 = CARTESIAN_POINT('',(-5.211737736499E-02,-9.163189643653E-02,
    1.E-02));
#8006 = CARTESIAN_POINT('',(-5.134074423828E-02,-9.025304691721E-02,
    1.E-02));
#8007 = PCURVE('',#5850,#8008);
#8008 = DEFINITIONAL_REPRESENTATION('',(#8009),#8013);
#8009 = LINE('',#8010,#8011);
#8010 = CARTESIAN_POINT('',(-6.909411877157E-16,0.));
#8011 = VECTOR('',#8012,1.);
#8012 = DIRECTION('',(1.,0.));
#8013 = ( GEOMETRIC_REPRESENTATION_CONTEXT(2) 
PARAMETRIC_REPRESENTATION_CONTEXT() REPRESENTATION_CONTEXT('2D SPACE',''
  ) );
#8014 = PCURVE('',#8015,#8020);
#8015 = PLANE('',#8016);
#8016 = AXIS2_PLACEMENT_3D('',#8017,#8018,#8019);
#8017 = CARTESIAN_POINT('',(-7.532691744207E-02,-0.110231253456,1.E-02)
  );
#8018 = DIRECTION('',(0.,0.,-1.));
#8019 = DIRECTION('',(-1.,0.,-0.));
#8020 = DEFINITIONAL_REPRESENTATION('',(#8021),#8033);
#8021 = B_SPLINE_CURVE_WITH_KNOTS('',3,(#8022,#8023,#8024,#8025,#8026,
    #8027,#8028,#8029,#8030,#8031,#8032),.UNSPECIFIED.,.F.,.F.,(4,1,1,1,
    1,1,1,1,4),(0.,0.135294604763,0.266765657925,0.394816018836,
    0.520051654434,0.642175702971,0.762651820558,0.881834004381,1.),
  .UNSPECIFIED.);
#8022 = CARTESIAN_POINT('',(-1.43825146672E-02,-1.85221745592E-02));
#8023 = CARTESIAN_POINT('',(-1.440629574931E-02,-1.671086147434E-02));
#8024 = CARTESIAN_POINT('',(-1.4453185838E-02,-1.313942470022E-02));
#8025 = CARTESIAN_POINT('',(-1.493438208033E-02,-7.872642424071E-03));
#8026 = CARTESIAN_POINT('',(-1.565861497758E-02,-2.771108106798E-03));
#8027 = CARTESIAN_POINT('',(-1.672462218587E-02,2.143004521244E-03));
#8028 = CARTESIAN_POINT('',(-1.805902261337E-02,6.886543617895E-03));
#8029 = CARTESIAN_POINT('',(-1.973513177948E-02,1.143261656556E-02));
#8030 = CARTESIAN_POINT('',(-2.164959503747E-02,1.58298003338E-02));
#8031 = CARTESIAN_POINT('',(-2.320954007708E-02,1.859935701904E-02));
#8032 = CARTESIAN_POINT('',(-2.398617320379E-02,1.997820653836E-02));
#8033 = ( GEOMETRIC_REPRESENTATION_CONTEXT(2) 
PARAMETRIC_REPRESENTATION_CONTEXT() REPRESENTATION_CONTEXT('2D SPACE',''
  ) );
#8034 = ORIENTED_EDGE('',*,*,#8035,.T.);
#8035 = EDGE_CURVE('',#7992,#5819,#8036,.T.);
#8036 = SURFACE_CURVE('',#8037,(#8041,#8047),.PCURVE_S1.);
#8037 = LINE('',#8038,#8039);
#8038 = CARTESIAN_POINT('',(-5.134074423828E-02,-9.025304691721E-02,
    1.E-02));
#8039 = VECTOR('',#8040,1.);
#8040 = DIRECTION('',(-0.,-0.,-1.));
#8041 = PCURVE('',#5850,#8042);
#8042 = DEFINITIONAL_REPRESENTATION('',(#8043),#8046);
#8043 = B_SPLINE_CURVE_WITH_KNOTS('',1,(#8044,#8045),.UNSPECIFIED.,.F.,
  .F.,(2,2),(-0.,1.E-02),.PIECEWISE_BEZIER_KNOTS.);
#8044 = CARTESIAN_POINT('',(1.,0.));
#8045 = CARTESIAN_POINT('',(1.,1.));
#8046 = ( GEOMETRIC_REPRESENTATION_CONTEXT(2) 
PARAMETRIC_REPRESENTATION_CONTEXT() REPRESENTATION_CONTEXT('2D SPACE',''
  ) );
#8047 = PCURVE('',#5896,#8048);
#8048 = DEFINITIONAL_REPRESENTATION('',(#8049),#8053);
#8049 = LINE('',#8050,#8051);
#8050 = CARTESIAN_POINT('',(-0.,-6.938893903907E-18));
#8051 = VECTOR('',#8052,1.);
#8052 = DIRECTION('',(1.,0.));
#8053 = ( GEOMETRIC_REPRESENTATION_CONTEXT(2) 
PARAMETRIC_REPRESENTATION_CONTEXT() REPRESENTATION_CONTEXT('2D SPACE',''
  ) );
#8054 = ADVANCED_FACE('',(#8055),#5896,.T.);
#8055 = FACE_BOUND('',#8056,.T.);
#8056 = EDGE_LOOP('',(#8057,#8058,#8059,#8082));
#8057 = ORIENTED_EDGE('',*,*,#5880,.F.);
#8058 = ORIENTED_EDGE('',*,*,#8035,.F.);
#8059 = ORIENTED_EDGE('',*,*,#8060,.T.);
#8060 = EDGE_CURVE('',#7992,#8061,#8063,.T.);
#8061 = VERTEX_POINT('',#8062);
#8062 = CARTESIAN_POINT('',(-6.780415887243E-02,-9.025304691721E-02,
    1.E-02));
#8063 = SURFACE_CURVE('',#8064,(#8068,#8075),.PCURVE_S1.);
#8064 = LINE('',#8065,#8066);
#8065 = CARTESIAN_POINT('',(-5.134074423828E-02,-9.025304691721E-02,
    1.E-02));
#8066 = VECTOR('',#8067,1.);
#8067 = DIRECTION('',(-1.,0.,0.));
#8068 = PCURVE('',#5896,#8069);
#8069 = DEFINITIONAL_REPRESENTATION('',(#8070),#8074);
#8070 = LINE('',#8071,#8072);
#8071 = CARTESIAN_POINT('',(0.,0.));
#8072 = VECTOR('',#8073,1.);
#8073 = DIRECTION('',(-0.,-1.));
#8074 = ( GEOMETRIC_REPRESENTATION_CONTEXT(2) 
PARAMETRIC_REPRESENTATION_CONTEXT() REPRESENTATION_CONTEXT('2D SPACE',''
  ) );
#8075 = PCURVE('',#8015,#8076);
#8076 = DEFINITIONAL_REPRESENTATION('',(#8077),#8081);
#8077 = LINE('',#8078,#8079);
#8078 = CARTESIAN_POINT('',(-2.398617320379E-02,1.997820653836E-02));
#8079 = VECTOR('',#8080,1.);
#8080 = DIRECTION('',(1.,0.));
#8081 = ( GEOMETRIC_REPRESENTATION_CONTEXT(2) 
PARAMETRIC_REPRESENTATION_CONTEXT() REPRESENTATION_CONTEXT('2D SPACE',''
  ) );
#8082 = ORIENTED_EDGE('',*,*,#8083,.T.);
#8083 = EDGE_CURVE('',#8061,#5881,#8084,.T.);
#8084 = SURFACE_CURVE('',#8085,(#8089,#8096),.PCURVE_S1.);
#8085 = LINE('',#8086,#8087);
#8086 = CARTESIAN_POINT('',(-6.780415887243E-02,-9.025304691721E-02,
    1.E-02));
#8087 = VECTOR('',#8088,1.);
#8088 = DIRECTION('',(-0.,-0.,-1.));
#8089 = PCURVE('',#5896,#8090);
#8090 = DEFINITIONAL_REPRESENTATION('',(#8091),#8095);
#8091 = LINE('',#8092,#8093);
#8092 = CARTESIAN_POINT('',(-0.,-1.646341463415E-02));
#8093 = VECTOR('',#8094,1.);
#8094 = DIRECTION('',(1.,0.));
#8095 = ( GEOMETRIC_REPRESENTATION_CONTEXT(2) 
PARAMETRIC_REPRESENTATION_CONTEXT() REPRESENTATION_CONTEXT('2D SPACE',''
  ) );
#8096 = PCURVE('',#5940,#8097);
#8097 = DEFINITIONAL_REPRESENTATION('',(#8098),#8101);
#8098 = B_SPLINE_CURVE_WITH_KNOTS('',1,(#8099,#8100),.UNSPECIFIED.,.F.,
  .F.,(2,2),(-0.,1.E-02),.PIECEWISE_BEZIER_KNOTS.);
#8099 = CARTESIAN_POINT('',(0.,0.));
#8100 = CARTESIAN_POINT('',(0.,1.));
#8101 = ( GEOMETRIC_REPRESENTATION_CONTEXT(2) 
PARAMETRIC_REPRESENTATION_CONTEXT() REPRESENTATION_CONTEXT('2D SPACE',''
  ) );
#8102 = ADVANCED_FACE('',(#8103),#5940,.T.);
#8103 = FACE_BOUND('',#8104,.T.);
#8104 = EDGE_LOOP('',(#8105,#8106,#8107,#8146));
#8105 = ORIENTED_EDGE('',*,*,#5908,.F.);
#8106 = ORIENTED_EDGE('',*,*,#8083,.F.);
#8107 = ORIENTED_EDGE('',*,*,#8108,.T.);
#8108 = EDGE_CURVE('',#8061,#8109,#8111,.T.);
#8109 = VERTEX_POINT('',#8110);
#8110 = CARTESIAN_POINT('',(-7.740781740901E-02,-0.131525912771,1.E-02)
  );
#8111 = SURFACE_CURVE('',#8112,(#8124,#8131),.PCURVE_S1.);
#8112 = B_SPLINE_CURVE_WITH_KNOTS('',3,(#8113,#8114,#8115,#8116,#8117,
    #8118,#8119,#8120,#8121,#8122,#8123),.UNSPECIFIED.,.F.,.F.,(4,1,1,1,
    1,1,1,1,4),(0.,0.112448389909,0.226527675213,0.344401949326,
    0.465864972487,0.591659449352,0.722168487025,0.858606387555,1.),
  .UNSPECIFIED.);
#8113 = CARTESIAN_POINT('',(-6.780415887243E-02,-9.025304691721E-02,
    1.E-02));
#8114 = CARTESIAN_POINT('',(-6.858104632291E-02,-9.166055553345E-02,
    1.E-02));
#8115 = CARTESIAN_POINT('',(-7.014608881221E-02,-9.449598656932E-02,
    1.E-02));
#8116 = CARTESIAN_POINT('',(-7.207720232904E-02,-9.903043624201E-02,
    1.E-02));
#8117 = CARTESIAN_POINT('',(-7.374287862058E-02,-0.10380177618,1.E-02));
#8118 = CARTESIAN_POINT('',(-7.507110605479E-02,-0.108851768052,1.E-02)
  );
#8119 = CARTESIAN_POINT('',(-7.613856841715E-02,-0.114146840999,1.E-02)
  );
#8120 = CARTESIAN_POINT('',(-7.686159892516E-02,-0.119715052385,1.E-02)
  );
#8121 = CARTESIAN_POINT('',(-7.733754637687E-02,-0.125534342724,1.E-02)
  );
#8122 = CARTESIAN_POINT('',(-7.738411683745E-02,-0.129505113726,1.E-02)
  );
#8123 = CARTESIAN_POINT('',(-7.740781740901E-02,-0.131525912771,1.E-02)
  );
#8124 = PCURVE('',#5940,#8125);
#8125 = DEFINITIONAL_REPRESENTATION('',(#8126),#8130);
#8126 = LINE('',#8127,#8128);
#8127 = CARTESIAN_POINT('',(0.,0.));
#8128 = VECTOR('',#8129,1.);
#8129 = DIRECTION('',(1.,0.));
#8130 = ( GEOMETRIC_REPRESENTATION_CONTEXT(2) 
PARAMETRIC_REPRESENTATION_CONTEXT() REPRESENTATION_CONTEXT('2D SPACE',''
  ) );
#8131 = PCURVE('',#8015,#8132);
#8132 = DEFINITIONAL_REPRESENTATION('',(#8133),#8145);
#8133 = B_SPLINE_CURVE_WITH_KNOTS('',3,(#8134,#8135,#8136,#8137,#8138,
    #8139,#8140,#8141,#8142,#8143,#8144),.UNSPECIFIED.,.F.,.F.,(4,1,1,1,
    1,1,1,1,4),(0.,0.112448389909,0.226527675213,0.344401949326,
    0.465864972487,0.591659449352,0.722168487025,0.858606387555,1.),
  .UNSPECIFIED.);
#8134 = CARTESIAN_POINT('',(-7.52275856964E-03,1.997820653836E-02));
#8135 = CARTESIAN_POINT('',(-6.745871119156E-03,1.857069792211E-02));
#8136 = CARTESIAN_POINT('',(-5.180828629861E-03,1.573526688625E-02));
#8137 = CARTESIAN_POINT('',(-3.249715113032E-03,1.120081721356E-02));
#8138 = CARTESIAN_POINT('',(-1.584038821488E-03,6.42947727512E-03));
#8139 = CARTESIAN_POINT('',(-2.558113872829E-04,1.379485403215E-03));
#8140 = CARTESIAN_POINT('',(8.116509750801E-04,-3.915587543731E-03));
#8141 = CARTESIAN_POINT('',(1.534681483095E-03,-9.483798929033E-03));
#8142 = CARTESIAN_POINT('',(2.010628934807E-03,-1.530308926871E-02));
#8143 = CARTESIAN_POINT('',(2.057199395387E-03,-1.927386027026E-02));
#8144 = CARTESIAN_POINT('',(2.080899966946E-03,-2.12946593153E-02));
#8145 = ( GEOMETRIC_REPRESENTATION_CONTEXT(2) 
PARAMETRIC_REPRESENTATION_CONTEXT() REPRESENTATION_CONTEXT('2D SPACE',''
  ) );
#8146 = ORIENTED_EDGE('',*,*,#8147,.T.);
#8147 = EDGE_CURVE('',#8109,#5909,#8148,.T.);
#8148 = SURFACE_CURVE('',#8149,(#8153,#8159),.PCURVE_S1.);
#8149 = LINE('',#8150,#8151);
#8150 = CARTESIAN_POINT('',(-7.740781740901E-02,-0.131525912771,1.E-02)
  );
#8151 = VECTOR('',#8152,1.);
#8152 = DIRECTION('',(-0.,-0.,-1.));
#8153 = PCURVE('',#5940,#8154);
#8154 = DEFINITIONAL_REPRESENTATION('',(#8155),#8158);
#8155 = B_SPLINE_CURVE_WITH_KNOTS('',1,(#8156,#8157),.UNSPECIFIED.,.F.,
  .F.,(2,2),(-0.,1.E-02),.PIECEWISE_BEZIER_KNOTS.);
#8156 = CARTESIAN_POINT('',(1.,0.));
#8157 = CARTESIAN_POINT('',(1.,1.));
#8158 = ( GEOMETRIC_REPRESENTATION_CONTEXT(2) 
PARAMETRIC_REPRESENTATION_CONTEXT() REPRESENTATION_CONTEXT('2D SPACE',''
  ) );
#8159 = PCURVE('',#6018,#8160);
#8160 = DEFINITIONAL_REPRESENTATION('',(#8161),#8164);
#8161 = B_SPLINE_CURVE_WITH_KNOTS('',1,(#8162,#8163),.UNSPECIFIED.,.F.,
  .F.,(2,2),(-0.,1.E-02),.PIECEWISE_BEZIER_KNOTS.);
#8162 = CARTESIAN_POINT('',(0.,0.));
#8163 = CARTESIAN_POINT('',(0.,1.));
#8164 = ( GEOMETRIC_REPRESENTATION_CONTEXT(2) 
PARAMETRIC_REPRESENTATION_CONTEXT() REPRESENTATION_CONTEXT('2D SPACE',''
  ) );
#8165 = ADVANCED_FACE('',(#8166),#6018,.T.);
#8166 = FACE_BOUND('',#8167,.T.);
#8167 = EDGE_LOOP('',(#8168,#8169,#8170,#8225));
#8168 = ORIENTED_EDGE('',*,*,#5970,.F.);
#8169 = ORIENTED_EDGE('',*,*,#8147,.F.);
#8170 = ORIENTED_EDGE('',*,*,#8171,.T.);
#8171 = EDGE_CURVE('',#8109,#8172,#8174,.T.);
#8172 = VERTEX_POINT('',#8173);
#8173 = CARTESIAN_POINT('',(-3.408198506575E-03,-0.201838412771,1.E-02)
  );
#8174 = SURFACE_CURVE('',#8175,(#8195,#8202),.PCURVE_S1.);
#8175 = B_SPLINE_CURVE_WITH_KNOTS('',3,(#8176,#8177,#8178,#8179,#8180,
    #8181,#8182,#8183,#8184,#8185,#8186,#8187,#8188,#8189,#8190,#8191,
    #8192,#8193,#8194),.UNSPECIFIED.,.F.,.F.,(4,1,1,1,1,1,1,1,1,1,1,1,1,
    1,1,1,4),(0.,6.783158586377E-02,0.132652285122,0.195046103356,
    0.255497701945,0.314816628394,0.37361582587,0.432559503627,
    0.492443069802,0.552682219984,0.612522541488,0.672618274675,
    0.733844892932,0.79659922404,0.861453195154,0.929200677684,1.),
  .UNSPECIFIED.);
#8176 = CARTESIAN_POINT('',(-7.740781740901E-02,-0.131525912771,1.E-02)
  );
#8177 = CARTESIAN_POINT('',(-7.734943607036E-02,-0.134129661002,1.E-02)
  );
#8178 = CARTESIAN_POINT('',(-7.723526480513E-02,-0.139221583124,1.E-02)
  );
#8179 = CARTESIAN_POINT('',(-7.628428908408E-02,-0.146662005803,1.E-02)
  );
#8180 = CARTESIAN_POINT('',(-7.467461826229E-02,-0.153690909957,1.E-02)
  );
#8181 = CARTESIAN_POINT('',(-7.248917457863E-02,-0.160345431364,1.E-02)
  );
#8182 = CARTESIAN_POINT('',(-6.96045322026E-02,-0.166576483647,1.E-02));
#8183 = CARTESIAN_POINT('',(-6.611647333794E-02,-0.172425828942,1.E-02)
  );
#8184 = CARTESIAN_POINT('',(-6.191650923473E-02,-0.177812343363,1.E-02)
  );
#8185 = CARTESIAN_POINT('',(-5.71944168232E-02,-0.182820535539,1.E-02));
#8186 = CARTESIAN_POINT('',(-5.190962180029E-02,-0.187288667777,1.E-02)
  );
#8187 = CARTESIAN_POINT('',(-4.619369354588E-02,-0.191199811995,1.E-02)
  );
#8188 = CARTESIAN_POINT('',(-4.006396283609E-02,-0.194508585613,1.E-02)
  );
#8189 = CARTESIAN_POINT('',(-3.351718464197E-02,-0.197193441218,1.E-02)
  );
#8190 = CARTESIAN_POINT('',(-2.656661577218E-02,-0.19928573557,1.E-02));
#8191 = CARTESIAN_POINT('',(-1.920600873748E-02,-0.200748916279,1.E-02)
  );
#8192 = CARTESIAN_POINT('',(-1.144568783419E-02,-0.201699786822,1.E-02)
  );
#8193 = CARTESIAN_POINT('',(-6.126418352495E-03,-0.201791530493,1.E-02)
  );
#8194 = CARTESIAN_POINT('',(-3.408198506575E-03,-0.201838412771,1.E-02)
  );
#8195 = PCURVE('',#6018,#8196);
#8196 = DEFINITIONAL_REPRESENTATION('',(#8197),#8201);
#8197 = LINE('',#8198,#8199);
#8198 = CARTESIAN_POINT('',(0.,0.));
#8199 = VECTOR('',#8200,1.);
#8200 = DIRECTION('',(1.,0.));
#8201 = ( GEOMETRIC_REPRESENTATION_CONTEXT(2) 
PARAMETRIC_REPRESENTATION_CONTEXT() REPRESENTATION_CONTEXT('2D SPACE',''
  ) );
#8202 = PCURVE('',#8015,#8203);
#8203 = DEFINITIONAL_REPRESENTATION('',(#8204),#8224);
#8204 = B_SPLINE_CURVE_WITH_KNOTS('',3,(#8205,#8206,#8207,#8208,#8209,
    #8210,#8211,#8212,#8213,#8214,#8215,#8216,#8217,#8218,#8219,#8220,
    #8221,#8222,#8223),.UNSPECIFIED.,.F.,.F.,(4,1,1,1,1,1,1,1,1,1,1,1,1,
    1,1,1,4),(0.,6.783158586377E-02,0.132652285122,0.195046103356,
    0.255497701945,0.314816628394,0.37361582587,0.432559503627,
    0.492443069802,0.552682219984,0.612522541488,0.672618274675,
    0.733844892932,0.79659922404,0.861453195154,0.929200677684,1.),
  .UNSPECIFIED.);
#8205 = CARTESIAN_POINT('',(2.080899966946E-03,-2.12946593153E-02));
#8206 = CARTESIAN_POINT('',(2.022518628295E-03,-2.389840754598E-02));
#8207 = CARTESIAN_POINT('',(1.908347363066E-03,-2.899032966877E-02));
#8208 = CARTESIAN_POINT('',(9.573716420075E-04,-3.64307523478E-02));
#8209 = CARTESIAN_POINT('',(-6.522991797803E-04,-4.345965650125E-02));
#8210 = CARTESIAN_POINT('',(-2.837742863439E-03,-5.011417790838E-02));
#8211 = CARTESIAN_POINT('',(-5.722385239472E-03,-5.634523019174E-02));
#8212 = CARTESIAN_POINT('',(-9.210444104126E-03,-6.219457548598E-02));
#8213 = CARTESIAN_POINT('',(-1.341040820734E-02,-6.758108990755E-02));
#8214 = CARTESIAN_POINT('',(-1.813250061887E-02,-7.258928208362E-02));
#8215 = CARTESIAN_POINT('',(-2.341729564178E-02,-7.705741432188E-02));
#8216 = CARTESIAN_POINT('',(-2.913322389619E-02,-8.096855853918E-02));
#8217 = CARTESIAN_POINT('',(-3.526295460598E-02,-8.427733215776E-02));
#8218 = CARTESIAN_POINT('',(-4.180973280009E-02,-8.696218776247E-02));
#8219 = CARTESIAN_POINT('',(-4.876030166988E-02,-8.905448211397E-02));
#8220 = CARTESIAN_POINT('',(-5.612090870459E-02,-9.051766282358E-02));
#8221 = CARTESIAN_POINT('',(-6.388122960788E-02,-9.146853336658E-02));
#8222 = CARTESIAN_POINT('',(-6.920049908957E-02,-9.156027703781E-02));
#8223 = CARTESIAN_POINT('',(-7.191871893549E-02,-9.16071593153E-02));
#8224 = ( GEOMETRIC_REPRESENTATION_CONTEXT(2) 
PARAMETRIC_REPRESENTATION_CONTEXT() REPRESENTATION_CONTEXT('2D SPACE',''
  ) );
#8225 = ORIENTED_EDGE('',*,*,#8226,.T.);
#8226 = EDGE_CURVE('',#8172,#5971,#8227,.T.);
#8227 = SURFACE_CURVE('',#8228,(#8232,#8238),.PCURVE_S1.);
#8228 = LINE('',#8229,#8230);
#8229 = CARTESIAN_POINT('',(-3.408198506575E-03,-0.201838412771,1.E-02)
  );
#8230 = VECTOR('',#8231,1.);
#8231 = DIRECTION('',(-0.,-0.,-1.));
#8232 = PCURVE('',#6018,#8233);
#8233 = DEFINITIONAL_REPRESENTATION('',(#8234),#8237);
#8234 = B_SPLINE_CURVE_WITH_KNOTS('',1,(#8235,#8236),.UNSPECIFIED.,.F.,
  .F.,(2,2),(-0.,1.E-02),.PIECEWISE_BEZIER_KNOTS.);
#8235 = CARTESIAN_POINT('',(1.,0.));
#8236 = CARTESIAN_POINT('',(1.,1.));
#8237 = ( GEOMETRIC_REPRESENTATION_CONTEXT(2) 
PARAMETRIC_REPRESENTATION_CONTEXT() REPRESENTATION_CONTEXT('2D SPACE',''
  ) );
#8238 = PCURVE('',#6112,#8239);
#8239 = DEFINITIONAL_REPRESENTATION('',(#8240),#8243);
#8240 = B_SPLINE_CURVE_WITH_KNOTS('',1,(#8241,#8242),.UNSPECIFIED.,.F.,
  .F.,(2,2),(-0.,1.E-02),.PIECEWISE_BEZIER_KNOTS.);
#8241 = CARTESIAN_POINT('',(3.497366461002E-18,0.));
#8242 = CARTESIAN_POINT('',(3.497366461002E-18,1.));
#8243 = ( GEOMETRIC_REPRESENTATION_CONTEXT(2) 
PARAMETRIC_REPRESENTATION_CONTEXT() REPRESENTATION_CONTEXT('2D SPACE',''
  ) );
#8244 = ADVANCED_FACE('',(#8245),#6112,.T.);
#8245 = FACE_BOUND('',#8246,.T.);
#8246 = EDGE_LOOP('',(#8247,#8248,#8249,#8304));
#8247 = ORIENTED_EDGE('',*,*,#6064,.F.);
#8248 = ORIENTED_EDGE('',*,*,#8226,.F.);
#8249 = ORIENTED_EDGE('',*,*,#8250,.T.);
#8250 = EDGE_CURVE('',#8172,#8251,#8253,.T.);
#8251 = VERTEX_POINT('',#8252);
#8252 = CARTESIAN_POINT('',(7.625071917635E-02,-0.125552208503,1.E-02));
#8253 = SURFACE_CURVE('',#8254,(#8274,#8281),.PCURVE_S1.);
#8254 = B_SPLINE_CURVE_WITH_KNOTS('',3,(#8255,#8256,#8257,#8258,#8259,
    #8260,#8261,#8262,#8263,#8264,#8265,#8266,#8267,#8268,#8269,#8270,
    #8271,#8272,#8273),.UNSPECIFIED.,.F.,.F.,(4,1,1,1,1,1,1,1,1,1,1,1,1,
    1,1,1,4),(0.,7.063927843666E-02,0.13824802572,0.203351342261,
    0.266307354651,0.328095924853,0.388723973634,0.449593764798,
    0.511027386645,0.572085699882,0.63187552745,0.691136624653,
    0.750375720002,0.81004484045,0.871370536028,0.934431262653,1.),
  .UNSPECIFIED.);
#8255 = CARTESIAN_POINT('',(-3.408198506575E-03,-0.201838412771,1.E-02)
  );
#8256 = CARTESIAN_POINT('',(-4.898522078099E-04,-0.201773125739,1.E-02)
  );
#8257 = CARTESIAN_POINT('',(5.221638949814E-03,-0.201645352586,1.E-02));
#8258 = CARTESIAN_POINT('',(1.357290739996E-02,-0.200628503467,1.E-02));
#8259 = CARTESIAN_POINT('',(2.149299529042E-02,-0.198963063718,1.E-02));
#8260 = CARTESIAN_POINT('',(2.897244899185E-02,-0.196566492132,1.E-02));
#8261 = CARTESIAN_POINT('',(3.602543594179E-02,-0.193553130577,1.E-02));
#8262 = CARTESIAN_POINT('',(4.263012383967E-02,-0.189823566031,1.E-02));
#8263 = CARTESIAN_POINT('',(4.880332368724E-02,-0.185442299614,1.E-02));
#8264 = CARTESIAN_POINT('',(5.446488169376E-02,-0.180388645582,1.E-02));
#8265 = CARTESIAN_POINT('',(5.955340456771E-02,-0.174826648321,1.E-02));
#8266 = CARTESIAN_POINT('',(6.407139867677E-02,-0.168898038152,1.E-02));
#8267 = CARTESIAN_POINT('',(6.780549321623E-02,-0.162534241145,1.E-02));
#8268 = CARTESIAN_POINT('',(7.092776656095E-02,-0.155856760587,1.E-02));
#8269 = CARTESIAN_POINT('',(7.330003461456E-02,-0.148784366872,1.E-02));
#8270 = CARTESIAN_POINT('',(7.500703977164E-02,-0.141367133531,1.E-02));
#8271 = CARTESIAN_POINT('',(7.606397602008E-02,-0.13357607827,1.E-02));
#8272 = CARTESIAN_POINT('',(7.618766754723E-02,-0.128261373704,1.E-02));
#8273 = CARTESIAN_POINT('',(7.625071917635E-02,-0.125552208503,1.E-02));
#8274 = PCURVE('',#6112,#8275);
#8275 = DEFINITIONAL_REPRESENTATION('',(#8276),#8280);
#8276 = LINE('',#8277,#8278);
#8277 = CARTESIAN_POINT('',(3.497366461002E-18,0.));
#8278 = VECTOR('',#8279,1.);
#8279 = DIRECTION('',(1.,0.));
#8280 = ( GEOMETRIC_REPRESENTATION_CONTEXT(2) 
PARAMETRIC_REPRESENTATION_CONTEXT() REPRESENTATION_CONTEXT('2D SPACE',''
  ) );
#8281 = PCURVE('',#8015,#8282);
#8282 = DEFINITIONAL_REPRESENTATION('',(#8283),#8303);
#8283 = B_SPLINE_CURVE_WITH_KNOTS('',3,(#8284,#8285,#8286,#8287,#8288,
    #8289,#8290,#8291,#8292,#8293,#8294,#8295,#8296,#8297,#8298,#8299,
    #8300,#8301,#8302),.UNSPECIFIED.,.F.,.F.,(4,1,1,1,1,1,1,1,1,1,1,1,1,
    1,1,1,4),(0.,7.063927843666E-02,0.13824802572,0.203351342261,
    0.266307354651,0.328095924853,0.388723973634,0.449593764798,
    0.511027386645,0.572085699882,0.63187552745,0.691136624653,
    0.750375720002,0.81004484045,0.871370536028,0.934431262653,1.),
  .UNSPECIFIED.);
#8284 = CARTESIAN_POINT('',(-7.191871893549E-02,-9.16071593153E-02));
#8285 = CARTESIAN_POINT('',(-7.483706523426E-02,-9.154187228321E-02));
#8286 = CARTESIAN_POINT('',(-8.054855639188E-02,-9.141409913079E-02));
#8287 = CARTESIAN_POINT('',(-8.889982484203E-02,-9.039725001128E-02));
#8288 = CARTESIAN_POINT('',(-9.681991273249E-02,-8.873181026236E-02));
#8289 = CARTESIAN_POINT('',(-0.104299366434,-8.633523867636E-02));
#8290 = CARTESIAN_POINT('',(-0.111352353384,-8.33218771218E-02));
#8291 = CARTESIAN_POINT('',(-0.117957041282,-7.959231257511E-02));
#8292 = CARTESIAN_POINT('',(-0.124130241129,-7.521104615884E-02));
#8293 = CARTESIAN_POINT('',(-0.129791799136,-7.015739212644E-02));
#8294 = CARTESIAN_POINT('',(-0.13488032201,-6.459539486584E-02));
#8295 = CARTESIAN_POINT('',(-0.139398316119,-5.866678469684E-02));
#8296 = CARTESIAN_POINT('',(-0.143132410658,-5.230298768972E-02));
#8297 = CARTESIAN_POINT('',(-0.146254684003,-4.56255071319E-02));
#8298 = CARTESIAN_POINT('',(-0.148626952057,-3.855311341666E-02));
#8299 = CARTESIAN_POINT('',(-0.150333957214,-3.113588007581E-02));
#8300 = CARTESIAN_POINT('',(-0.151390893462,-2.334482481438E-02));
#8301 = CARTESIAN_POINT('',(-0.151514584989,-1.803012024889E-02));
#8302 = CARTESIAN_POINT('',(-0.151577636618,-1.5320955047E-02));
#8303 = ( GEOMETRIC_REPRESENTATION_CONTEXT(2) 
PARAMETRIC_REPRESENTATION_CONTEXT() REPRESENTATION_CONTEXT('2D SPACE',''
  ) );
#8304 = ORIENTED_EDGE('',*,*,#8305,.T.);
#8305 = EDGE_CURVE('',#8251,#6065,#8306,.T.);
#8306 = SURFACE_CURVE('',#8307,(#8311,#8317),.PCURVE_S1.);
#8307 = LINE('',#8308,#8309);
#8308 = CARTESIAN_POINT('',(7.625071917635E-02,-0.125552208503,1.E-02));
#8309 = VECTOR('',#8310,1.);
#8310 = DIRECTION('',(-0.,-0.,-1.));
#8311 = PCURVE('',#6112,#8312);
#8312 = DEFINITIONAL_REPRESENTATION('',(#8313),#8316);
#8313 = B_SPLINE_CURVE_WITH_KNOTS('',1,(#8314,#8315),.UNSPECIFIED.,.F.,
  .F.,(2,2),(-0.,1.E-02),.PIECEWISE_BEZIER_KNOTS.);
#8314 = CARTESIAN_POINT('',(1.,0.));
#8315 = CARTESIAN_POINT('',(1.,1.));
#8316 = ( GEOMETRIC_REPRESENTATION_CONTEXT(2) 
PARAMETRIC_REPRESENTATION_CONTEXT() REPRESENTATION_CONTEXT('2D SPACE',''
  ) );
#8317 = PCURVE('',#6190,#8318);
#8318 = DEFINITIONAL_REPRESENTATION('',(#8319),#8322);
#8319 = B_SPLINE_CURVE_WITH_KNOTS('',1,(#8320,#8321),.UNSPECIFIED.,.F.,
  .F.,(2,2),(-0.,1.E-02),.PIECEWISE_BEZIER_KNOTS.);
#8320 = CARTESIAN_POINT('',(0.,0.));
#8321 = CARTESIAN_POINT('',(0.,1.));
#8322 = ( GEOMETRIC_REPRESENTATION_CONTEXT(2) 
PARAMETRIC_REPRESENTATION_CONTEXT() REPRESENTATION_CONTEXT('2D SPACE',''
  ) );
#8323 = ADVANCED_FACE('',(#8324),#6190,.T.);
#8324 = FACE_BOUND('',#8325,.T.);
#8325 = EDGE_LOOP('',(#8326,#8327,#8328,#8367));
#8326 = ORIENTED_EDGE('',*,*,#6158,.F.);
#8327 = ORIENTED_EDGE('',*,*,#8305,.F.);
#8328 = ORIENTED_EDGE('',*,*,#8329,.T.);
#8329 = EDGE_CURVE('',#8251,#8330,#8332,.T.);
#8330 = VERTEX_POINT('',#8331);
#8331 = CARTESIAN_POINT('',(7.030559722513E-02,-9.025304691721E-02,
    1.E-02));
#8332 = SURFACE_CURVE('',#8333,(#8345,#8352),.PCURVE_S1.);
#8333 = B_SPLINE_CURVE_WITH_KNOTS('',3,(#8334,#8335,#8336,#8337,#8338,
    #8339,#8340,#8341,#8342,#8343,#8344),.UNSPECIFIED.,.F.,.F.,(4,1,1,1,
    1,1,1,1,4),(0.,0.145186866472,0.28344261092,0.416524365929,
    0.543181123535,0.665153082638,0.781360206313,0.892756655642,1.),
  .UNSPECIFIED.);
#8334 = CARTESIAN_POINT('',(7.625071917635E-02,-0.125552208503,1.E-02));
#8335 = CARTESIAN_POINT('',(7.623821751101E-02,-0.123808179409,1.E-02));
#8336 = CARTESIAN_POINT('',(7.621381100131E-02,-0.120403379982,1.E-02));
#8337 = CARTESIAN_POINT('',(7.590775111144E-02,-0.115408493236,1.E-02));
#8338 = CARTESIAN_POINT('',(7.547519480372E-02,-0.110646401667,1.E-02));
#8339 = CARTESIAN_POINT('',(7.480070154333E-02,-0.106110213966,1.E-02));
#8340 = CARTESIAN_POINT('',(7.399778763455E-02,-0.101800163544,1.E-02));
#8341 = CARTESIAN_POINT('',(7.295115085574E-02,-9.77323964999E-02,1.E-02
    ));
#8342 = CARTESIAN_POINT('',(7.177840221294E-02,-9.388134204975E-02,
    1.E-02));
#8343 = CARTESIAN_POINT('',(7.079027566976E-02,-9.14470654438E-02,1.E-02
    ));
#8344 = CARTESIAN_POINT('',(7.030559722513E-02,-9.025304691721E-02,
    1.E-02));
#8345 = PCURVE('',#6190,#8346);
#8346 = DEFINITIONAL_REPRESENTATION('',(#8347),#8351);
#8347 = LINE('',#8348,#8349);
#8348 = CARTESIAN_POINT('',(0.,0.));
#8349 = VECTOR('',#8350,1.);
#8350 = DIRECTION('',(1.,0.));
#8351 = ( GEOMETRIC_REPRESENTATION_CONTEXT(2) 
PARAMETRIC_REPRESENTATION_CONTEXT() REPRESENTATION_CONTEXT('2D SPACE',''
  ) );
#8352 = PCURVE('',#8015,#8353);
#8353 = DEFINITIONAL_REPRESENTATION('',(#8354),#8366);
#8354 = B_SPLINE_CURVE_WITH_KNOTS('',3,(#8355,#8356,#8357,#8358,#8359,
    #8360,#8361,#8362,#8363,#8364,#8365),.UNSPECIFIED.,.F.,.F.,(4,1,1,1,
    1,1,1,1,4),(0.,0.145186866472,0.28344261092,0.416524365929,
    0.543181123535,0.665153082638,0.781360206313,0.892756655642,1.),
  .UNSPECIFIED.);
#8355 = CARTESIAN_POINT('',(-0.151577636618,-1.5320955047E-02));
#8356 = CARTESIAN_POINT('',(-0.151565134953,-1.357692595343E-02));
#8357 = CARTESIAN_POINT('',(-0.151540728443,-1.017212652623E-02));
#8358 = CARTESIAN_POINT('',(-0.151234668554,-5.177239780931E-03));
#8359 = CARTESIAN_POINT('',(-0.150802112246,-4.151482117261E-04));
#8360 = CARTESIAN_POINT('',(-0.150127618985,4.12103948936E-03));
#8361 = CARTESIAN_POINT('',(-0.149324705077,8.431089911486E-03));
#8362 = CARTESIAN_POINT('',(-0.148278068298,1.249885695566E-02));
#8363 = CARTESIAN_POINT('',(-0.147105319655,1.634991140582E-02));
#8364 = CARTESIAN_POINT('',(-0.146117193112,1.878418801176E-02));
#8365 = CARTESIAN_POINT('',(-0.145632514667,1.997820653836E-02));
#8366 = ( GEOMETRIC_REPRESENTATION_CONTEXT(2) 
PARAMETRIC_REPRESENTATION_CONTEXT() REPRESENTATION_CONTEXT('2D SPACE',''
  ) );
#8367 = ORIENTED_EDGE('',*,*,#8368,.T.);
#8368 = EDGE_CURVE('',#8330,#6159,#8369,.T.);
#8369 = SURFACE_CURVE('',#8370,(#8374,#8380),.PCURVE_S1.);
#8370 = LINE('',#8371,#8372);
#8371 = CARTESIAN_POINT('',(7.030559722513E-02,-9.025304691721E-02,
    1.E-02));
#8372 = VECTOR('',#8373,1.);
#8373 = DIRECTION('',(-0.,-0.,-1.));
#8374 = PCURVE('',#6190,#8375);
#8375 = DEFINITIONAL_REPRESENTATION('',(#8376),#8379);
#8376 = B_SPLINE_CURVE_WITH_KNOTS('',1,(#8377,#8378),.UNSPECIFIED.,.F.,
  .F.,(2,2),(-0.,1.E-02),.PIECEWISE_BEZIER_KNOTS.);
#8377 = CARTESIAN_POINT('',(1.,0.));
#8378 = CARTESIAN_POINT('',(1.,1.));
#8379 = ( GEOMETRIC_REPRESENTATION_CONTEXT(2) 
PARAMETRIC_REPRESENTATION_CONTEXT() REPRESENTATION_CONTEXT('2D SPACE',''
  ) );
#8380 = PCURVE('',#6236,#8381);
#8381 = DEFINITIONAL_REPRESENTATION('',(#8382),#8386);
#8382 = LINE('',#8383,#8384);
#8383 = CARTESIAN_POINT('',(0.,0.));
#8384 = VECTOR('',#8385,1.);
#8385 = DIRECTION('',(1.,0.));
#8386 = ( GEOMETRIC_REPRESENTATION_CONTEXT(2) 
PARAMETRIC_REPRESENTATION_CONTEXT() REPRESENTATION_CONTEXT('2D SPACE',''
  ) );
#8387 = ADVANCED_FACE('',(#8388),#6236,.T.);
#8388 = FACE_BOUND('',#8389,.T.);
#8389 = EDGE_LOOP('',(#8390,#8391,#8392,#8415));
#8390 = ORIENTED_EDGE('',*,*,#6220,.F.);
#8391 = ORIENTED_EDGE('',*,*,#8368,.F.);
#8392 = ORIENTED_EDGE('',*,*,#8393,.T.);
#8393 = EDGE_CURVE('',#8330,#8394,#8396,.T.);
#8394 = VERTEX_POINT('',#8395);
#8395 = CARTESIAN_POINT('',(5.018364600562E-02,-9.025304691721E-02,
    1.E-02));
#8396 = SURFACE_CURVE('',#8397,(#8401,#8408),.PCURVE_S1.);
#8397 = LINE('',#8398,#8399);
#8398 = CARTESIAN_POINT('',(7.030559722513E-02,-9.025304691721E-02,
    1.E-02));
#8399 = VECTOR('',#8400,1.);
#8400 = DIRECTION('',(-1.,0.,0.));
#8401 = PCURVE('',#6236,#8402);
#8402 = DEFINITIONAL_REPRESENTATION('',(#8403),#8407);
#8403 = LINE('',#8404,#8405);
#8404 = CARTESIAN_POINT('',(0.,0.));
#8405 = VECTOR('',#8406,1.);
#8406 = DIRECTION('',(-0.,-1.));
#8407 = ( GEOMETRIC_REPRESENTATION_CONTEXT(2) 
PARAMETRIC_REPRESENTATION_CONTEXT() REPRESENTATION_CONTEXT('2D SPACE',''
  ) );
#8408 = PCURVE('',#8015,#8409);
#8409 = DEFINITIONAL_REPRESENTATION('',(#8410),#8414);
#8410 = LINE('',#8411,#8412);
#8411 = CARTESIAN_POINT('',(-0.145632514667,1.997820653836E-02));
#8412 = VECTOR('',#8413,1.);
#8413 = DIRECTION('',(1.,0.));
#8414 = ( GEOMETRIC_REPRESENTATION_CONTEXT(2) 
PARAMETRIC_REPRESENTATION_CONTEXT() REPRESENTATION_CONTEXT('2D SPACE',''
  ) );
#8415 = ORIENTED_EDGE('',*,*,#8416,.T.);
#8416 = EDGE_CURVE('',#8394,#6221,#8417,.T.);
#8417 = SURFACE_CURVE('',#8418,(#8422,#8429),.PCURVE_S1.);
#8418 = LINE('',#8419,#8420);
#8419 = CARTESIAN_POINT('',(5.018364600562E-02,-9.025304691721E-02,
    1.E-02));
#8420 = VECTOR('',#8421,1.);
#8421 = DIRECTION('',(-0.,-0.,-1.));
#8422 = PCURVE('',#6236,#8423);
#8423 = DEFINITIONAL_REPRESENTATION('',(#8424),#8428);
#8424 = LINE('',#8425,#8426);
#8425 = CARTESIAN_POINT('',(-0.,-2.012195121951E-02));
#8426 = VECTOR('',#8427,1.);
#8427 = DIRECTION('',(1.,0.));
#8428 = ( GEOMETRIC_REPRESENTATION_CONTEXT(2) 
PARAMETRIC_REPRESENTATION_CONTEXT() REPRESENTATION_CONTEXT('2D SPACE',''
  ) );
#8429 = PCURVE('',#6280,#8430);
#8430 = DEFINITIONAL_REPRESENTATION('',(#8431),#8434);
#8431 = B_SPLINE_CURVE_WITH_KNOTS('',1,(#8432,#8433),.UNSPECIFIED.,.F.,
  .F.,(2,2),(-0.,1.E-02),.PIECEWISE_BEZIER_KNOTS.);
#8432 = CARTESIAN_POINT('',(-4.19744739678E-16,0.));
#8433 = CARTESIAN_POINT('',(-4.19744739678E-16,1.));
#8434 = ( GEOMETRIC_REPRESENTATION_CONTEXT(2) 
PARAMETRIC_REPRESENTATION_CONTEXT() REPRESENTATION_CONTEXT('2D SPACE',''
  ) );
#8435 = ADVANCED_FACE('',(#8436),#6280,.T.);
#8436 = FACE_BOUND('',#8437,.T.);
#8437 = EDGE_LOOP('',(#8438,#8439,#8440,#8479));
#8438 = ORIENTED_EDGE('',*,*,#6248,.F.);
#8439 = ORIENTED_EDGE('',*,*,#8416,.F.);
#8440 = ORIENTED_EDGE('',*,*,#8441,.T.);
#8441 = EDGE_CURVE('',#8394,#8442,#8444,.T.);
#8442 = VERTEX_POINT('',#8443);
#8443 = CARTESIAN_POINT('',(5.978730454221E-02,-0.1253807146,1.E-02));
#8444 = SURFACE_CURVE('',#8445,(#8457,#8464),.PCURVE_S1.);
#8445 = B_SPLINE_CURVE_WITH_KNOTS('',3,(#8446,#8447,#8448,#8449,#8450,
    #8451,#8452,#8453,#8454,#8455,#8456),.UNSPECIFIED.,.F.,.F.,(4,1,1,1,
    1,1,1,1,4),(0.,0.125279696736,0.249419970742,0.373356799493,
    0.496681278782,0.620202915744,0.745086320161,0.871269195019,1.),
  .UNSPECIFIED.);
#8446 = CARTESIAN_POINT('',(5.018364600562E-02,-9.025304691721E-02,
    1.E-02));
#8447 = CARTESIAN_POINT('',(5.095767195434E-02,-9.158510476137E-02,
    1.E-02));
#8448 = CARTESIAN_POINT('',(5.249868406176E-02,-9.423710534227E-02,
    1.E-02));
#8449 = CARTESIAN_POINT('',(5.442525247568E-02,-9.840822008434E-02,
    1.E-02));
#8450 = CARTESIAN_POINT('',(5.609627320179E-02,-0.102659706557,1.E-02));
#8451 = CARTESIAN_POINT('',(5.743022332625E-02,-0.10702132729,1.E-02));
#8452 = CARTESIAN_POINT('',(5.850739828943E-02,-0.111465631539,1.E-02));
#8453 = CARTESIAN_POINT('',(5.922988989635E-02,-0.11601592434,1.E-02));
#8454 = CARTESIAN_POINT('',(5.971598493471E-02,-0.120663584501,1.E-02));
#8455 = CARTESIAN_POINT('',(5.976337345276E-02,-0.123797895144,1.E-02));
#8456 = CARTESIAN_POINT('',(5.978730454221E-02,-0.1253807146,1.E-02));
#8457 = PCURVE('',#6280,#8458);
#8458 = DEFINITIONAL_REPRESENTATION('',(#8459),#8463);
#8459 = LINE('',#8460,#8461);
#8460 = CARTESIAN_POINT('',(-4.19744739678E-16,0.));
#8461 = VECTOR('',#8462,1.);
#8462 = DIRECTION('',(1.,0.));
#8463 = ( GEOMETRIC_REPRESENTATION_CONTEXT(2) 
PARAMETRIC_REPRESENTATION_CONTEXT() REPRESENTATION_CONTEXT('2D SPACE',''
  ) );
#8464 = PCURVE('',#8015,#8465);
#8465 = DEFINITIONAL_REPRESENTATION('',(#8466),#8478);
#8466 = B_SPLINE_CURVE_WITH_KNOTS('',3,(#8467,#8468,#8469,#8470,#8471,
    #8472,#8473,#8474,#8475,#8476,#8477),.UNSPECIFIED.,.F.,.F.,(4,1,1,1,
    1,1,1,1,4),(0.,0.125279696736,0.249419970742,0.373356799493,
    0.496681278782,0.620202915744,0.745086320161,0.871269195019,1.),
  .UNSPECIFIED.);
#8467 = CARTESIAN_POINT('',(-0.125510563448,1.997820653836E-02));
#8468 = CARTESIAN_POINT('',(-0.126284589396,1.86461486942E-02));
#8469 = CARTESIAN_POINT('',(-0.127825601504,1.59941481133E-02));
#8470 = CARTESIAN_POINT('',(-0.129752169918,1.182303337123E-02));
#8471 = CARTESIAN_POINT('',(-0.131423190644,7.571546898583E-03));
#8472 = CARTESIAN_POINT('',(-0.132757140768,3.209926165345E-03));
#8473 = CARTESIAN_POINT('',(-0.133834315731,-1.234378083783E-03));
#8474 = CARTESIAN_POINT('',(-0.134556807338,-5.784670884817E-03));
#8475 = CARTESIAN_POINT('',(-0.135042902377,-1.043233104499E-02));
#8476 = CARTESIAN_POINT('',(-0.135090290895,-1.356664168815E-02));
#8477 = CARTESIAN_POINT('',(-0.135114221984,-1.514946114457E-02));
#8478 = ( GEOMETRIC_REPRESENTATION_CONTEXT(2) 
PARAMETRIC_REPRESENTATION_CONTEXT() REPRESENTATION_CONTEXT('2D SPACE',''
  ) );
#8479 = ORIENTED_EDGE('',*,*,#8480,.T.);
#8480 = EDGE_CURVE('',#8442,#6249,#8481,.T.);
#8481 = SURFACE_CURVE('',#8482,(#8486,#8492),.PCURVE_S1.);
#8482 = LINE('',#8483,#8484);
#8483 = CARTESIAN_POINT('',(5.978730454221E-02,-0.1253807146,1.E-02));
#8484 = VECTOR('',#8485,1.);
#8485 = DIRECTION('',(-0.,-0.,-1.));
#8486 = PCURVE('',#6280,#8487);
#8487 = DEFINITIONAL_REPRESENTATION('',(#8488),#8491);
#8488 = B_SPLINE_CURVE_WITH_KNOTS('',1,(#8489,#8490),.UNSPECIFIED.,.F.,
  .F.,(2,2),(-0.,1.E-02),.PIECEWISE_BEZIER_KNOTS.);
#8489 = CARTESIAN_POINT('',(1.,0.));
#8490 = CARTESIAN_POINT('',(1.,1.));
#8491 = ( GEOMETRIC_REPRESENTATION_CONTEXT(2) 
PARAMETRIC_REPRESENTATION_CONTEXT() REPRESENTATION_CONTEXT('2D SPACE',''
  ) );
#8492 = PCURVE('',#6358,#8493);
#8493 = DEFINITIONAL_REPRESENTATION('',(#8494),#8497);
#8494 = B_SPLINE_CURVE_WITH_KNOTS('',1,(#8495,#8496),.UNSPECIFIED.,.F.,
  .F.,(2,2),(-0.,1.E-02),.PIECEWISE_BEZIER_KNOTS.);
#8495 = CARTESIAN_POINT('',(0.,0.));
#8496 = CARTESIAN_POINT('',(0.,1.));
#8497 = ( GEOMETRIC_REPRESENTATION_CONTEXT(2) 
PARAMETRIC_REPRESENTATION_CONTEXT() REPRESENTATION_CONTEXT('2D SPACE',''
  ) );
#8498 = ADVANCED_FACE('',(#8499),#6358,.T.);
#8499 = FACE_BOUND('',#8500,.T.);
#8500 = EDGE_LOOP('',(#8501,#8502,#8503,#8558));
#8501 = ORIENTED_EDGE('',*,*,#6310,.F.);
#8502 = ORIENTED_EDGE('',*,*,#8480,.F.);
#8503 = ORIENTED_EDGE('',*,*,#8504,.T.);
#8504 = EDGE_CURVE('',#8442,#8505,#8507,.T.);
#8505 = VERTEX_POINT('',#8506);
#8506 = CARTESIAN_POINT('',(-2.179158872428E-03,-0.181716461551,1.E-02)
  );
#8507 = SURFACE_CURVE('',#8508,(#8528,#8535),.PCURVE_S1.);
#8508 = B_SPLINE_CURVE_WITH_KNOTS('',3,(#8509,#8510,#8511,#8512,#8513,
    #8514,#8515,#8516,#8517,#8518,#8519,#8520,#8521,#8522,#8523,#8524,
    #8525,#8526,#8527),.UNSPECIFIED.,.F.,.F.,(4,1,1,1,1,1,1,1,1,1,1,1,1,
    1,1,1,4),(0.,6.460651091173E-02,0.126707396677,0.186764158456,
    0.24561607929,0.303634260101,0.361487584679,0.420227043541,
    0.48002251282,0.540669691743,0.601185743116,0.662329843678,
    0.725019474255,0.789459456756,0.856499216937,0.92630919798,1.),
  .UNSPECIFIED.);
#8509 = CARTESIAN_POINT('',(5.978730454221E-02,-0.1253807146,1.E-02));
#8510 = CARTESIAN_POINT('',(5.97438978877E-02,-0.12741322986,1.E-02));
#8511 = CARTESIAN_POINT('',(5.965876801282E-02,-0.13139943363,1.E-02));
#8512 = CARTESIAN_POINT('',(5.881314638665E-02,-0.137221088504,1.E-02));
#8513 = CARTESIAN_POINT('',(5.756853597618E-02,-0.142783969058,1.E-02));
#8514 = CARTESIAN_POINT('',(5.567131750066E-02,-0.148025094389,1.E-02));
#8515 = CARTESIAN_POINT('',(5.334568673521E-02,-0.153012977434,1.E-02));
#8516 = CARTESIAN_POINT('',(5.041124254608E-02,-0.157666866671,1.E-02));
#8517 = CARTESIAN_POINT('',(4.701070507253E-02,-0.162059288107,1.E-02));
#8518 = CARTESIAN_POINT('',(4.308096216954E-02,-0.166109395389,1.E-02));
#8519 = CARTESIAN_POINT('',(3.873691493432E-02,-0.169801156778,1.E-02));
#8520 = CARTESIAN_POINT('',(3.394734069111E-02,-0.172968258946,1.E-02));
#8521 = CARTESIAN_POINT('',(2.883750093257E-02,-0.175724862027,1.E-02));
#8522 = CARTESIAN_POINT('',(2.332152377492E-02,-0.177904635607,1.E-02));
#8523 = CARTESIAN_POINT('',(1.745723127223E-02,-0.179627023774,1.E-02));
#8524 = CARTESIAN_POINT('',(1.123963891506E-02,-0.180849554338,1.E-02));
#8525 = CARTESIAN_POINT('',(4.649671414268E-03,-0.18156368849,1.E-02));
#8526 = CARTESIAN_POINT('',(1.377908403933E-04,-0.181664627272,1.E-02));
#8527 = CARTESIAN_POINT('',(-2.179158872428E-03,-0.181716461551,1.E-02)
  );
#8528 = PCURVE('',#6358,#8529);
#8529 = DEFINITIONAL_REPRESENTATION('',(#8530),#8534);
#8530 = LINE('',#8531,#8532);
#8531 = CARTESIAN_POINT('',(0.,0.));
#8532 = VECTOR('',#8533,1.);
#8533 = DIRECTION('',(1.,0.));
#8534 = ( GEOMETRIC_REPRESENTATION_CONTEXT(2) 
PARAMETRIC_REPRESENTATION_CONTEXT() REPRESENTATION_CONTEXT('2D SPACE',''
  ) );
#8535 = PCURVE('',#8015,#8536);
#8536 = DEFINITIONAL_REPRESENTATION('',(#8537),#8557);
#8537 = B_SPLINE_CURVE_WITH_KNOTS('',3,(#8538,#8539,#8540,#8541,#8542,
    #8543,#8544,#8545,#8546,#8547,#8548,#8549,#8550,#8551,#8552,#8553,
    #8554,#8555,#8556),.UNSPECIFIED.,.F.,.F.,(4,1,1,1,1,1,1,1,1,1,1,1,1,
    1,1,1,4),(0.,6.460651091173E-02,0.126707396677,0.186764158456,
    0.24561607929,0.303634260101,0.361487584679,0.420227043541,
    0.48002251282,0.540669691743,0.601185743116,0.662329843678,
    0.725019474255,0.789459456756,0.856499216937,0.92630919798,1.),
  .UNSPECIFIED.);
#8538 = CARTESIAN_POINT('',(-0.135114221984,-1.514946114457E-02));
#8539 = CARTESIAN_POINT('',(-0.13507081533,-1.718197640478E-02));
#8540 = CARTESIAN_POINT('',(-0.134985685455,-2.116818017425E-02));
#8541 = CARTESIAN_POINT('',(-0.134140063829,-2.698983504835E-02));
#8542 = CARTESIAN_POINT('',(-0.132895453418,-3.255271560247E-02));
#8543 = CARTESIAN_POINT('',(-0.130998234943,-3.779384093353E-02));
#8544 = CARTESIAN_POINT('',(-0.128672604177,-4.27817239784E-02));
#8545 = CARTESIAN_POINT('',(-0.125738159988,-4.743561321593E-02));
#8546 = CARTESIAN_POINT('',(-0.122337622515,-5.182803465094E-02));
#8547 = CARTESIAN_POINT('',(-0.118407879612,-5.587814193337E-02));
#8548 = CARTESIAN_POINT('',(-0.114063832376,-5.956990332284E-02));
#8549 = CARTESIAN_POINT('',(-0.109274258133,-6.273700549071E-02));
#8550 = CARTESIAN_POINT('',(-0.104164418375,-6.549360857181E-02));
#8551 = CARTESIAN_POINT('',(-9.864844121699E-02,-6.767338215096E-02));
#8552 = CARTESIAN_POINT('',(-9.27841487143E-02,-6.93957703184E-02));
#8553 = CARTESIAN_POINT('',(-8.656655635713E-02,-7.061830088221E-02));
#8554 = CARTESIAN_POINT('',(-7.997658885634E-02,-7.133243503468E-02));
#8555 = CARTESIAN_POINT('',(-7.546470828246E-02,-7.143337381595E-02));
#8556 = CARTESIAN_POINT('',(-7.314775856964E-02,-7.148520809579E-02));
#8557 = ( GEOMETRIC_REPRESENTATION_CONTEXT(2) 
PARAMETRIC_REPRESENTATION_CONTEXT() REPRESENTATION_CONTEXT('2D SPACE',''
  ) );
#8558 = ORIENTED_EDGE('',*,*,#8559,.T.);
#8559 = EDGE_CURVE('',#8505,#6311,#8560,.T.);
#8560 = SURFACE_CURVE('',#8561,(#8565,#8571),.PCURVE_S1.);
#8561 = LINE('',#8562,#8563);
#8562 = CARTESIAN_POINT('',(-2.179158872428E-03,-0.181716461551,1.E-02)
  );
#8563 = VECTOR('',#8564,1.);
#8564 = DIRECTION('',(-0.,-0.,-1.));
#8565 = PCURVE('',#6358,#8566);
#8566 = DEFINITIONAL_REPRESENTATION('',(#8567),#8570);
#8567 = B_SPLINE_CURVE_WITH_KNOTS('',1,(#8568,#8569),.UNSPECIFIED.,.F.,
  .F.,(2,2),(-0.,1.E-02),.PIECEWISE_BEZIER_KNOTS.);
#8568 = CARTESIAN_POINT('',(1.,0.));
#8569 = CARTESIAN_POINT('',(1.,1.));
#8570 = ( GEOMETRIC_REPRESENTATION_CONTEXT(2) 
PARAMETRIC_REPRESENTATION_CONTEXT() REPRESENTATION_CONTEXT('2D SPACE',''
  ) );
#8571 = PCURVE('',#6450,#8572);
#8572 = DEFINITIONAL_REPRESENTATION('',(#8573),#8576);
#8573 = B_SPLINE_CURVE_WITH_KNOTS('',1,(#8574,#8575),.UNSPECIFIED.,.F.,
  .F.,(2,2),(-0.,1.E-02),.PIECEWISE_BEZIER_KNOTS.);
#8574 = CARTESIAN_POINT('',(0.,0.));
#8575 = CARTESIAN_POINT('',(0.,1.));
#8576 = ( GEOMETRIC_REPRESENTATION_CONTEXT(2) 
PARAMETRIC_REPRESENTATION_CONTEXT() REPRESENTATION_CONTEXT('2D SPACE',''
  ) );
#8577 = ADVANCED_FACE('',(#8578),#6450,.T.);
#8578 = FACE_BOUND('',#8579,.T.);
#8579 = EDGE_LOOP('',(#8580,#8581,#8582,#8635));
#8580 = ORIENTED_EDGE('',*,*,#6404,.F.);
#8581 = ORIENTED_EDGE('',*,*,#8559,.F.);
#8582 = ORIENTED_EDGE('',*,*,#8583,.T.);
#8583 = EDGE_CURVE('',#8505,#7971,#8584,.T.);
#8584 = SURFACE_CURVE('',#8585,(#8605,#8612),.PCURVE_S1.);
#8585 = B_SPLINE_CURVE_WITH_KNOTS('',3,(#8586,#8587,#8588,#8589,#8590,
    #8591,#8592,#8593,#8594,#8595,#8596,#8597,#8598,#8599,#8600,#8601,
    #8602,#8603,#8604),.UNSPECIFIED.,.F.,.F.,(4,1,1,1,1,1,1,1,1,1,1,1,1,
    1,1,1,4),(0.,7.378258718587E-02,0.144095652163,0.211372776945,
    0.276108573914,0.338559771335,0.399646477988,0.460022357923,
    0.520364180104,0.579989743327,0.638421673378,0.696329698138,
    0.753973538922,0.812784195164,0.872739820247,0.935174557152,1.),
  .UNSPECIFIED.);
#8586 = CARTESIAN_POINT('',(-2.179158872428E-03,-0.181716461551,1.E-02)
  );
#8587 = CARTESIAN_POINT('',(-4.372344677521E-03,-0.181674798114,1.E-02)
  );
#8588 = CARTESIAN_POINT('',(-8.655584815235E-03,-0.181593430403,1.E-02)
  );
#8589 = CARTESIAN_POINT('',(-1.490716759009E-02,-0.180894059614,1.E-02)
  );
#8590 = CARTESIAN_POINT('',(-2.081842119367E-02,-0.17976184572,1.E-02));
#8591 = CARTESIAN_POINT('',(-2.638271068775E-02,-0.178168327266,1.E-02)
  );
#8592 = CARTESIAN_POINT('',(-3.159206591589E-02,-0.176101664573,1.E-02)
  );
#8593 = CARTESIAN_POINT('',(-3.645093006123E-02,-0.173577856411,1.E-02)
  );
#8594 = CARTESIAN_POINT('',(-4.096448399356E-02,-0.170589767654,1.E-02)
  );
#8595 = CARTESIAN_POINT('',(-4.510055753958E-02,-0.167165736915,1.E-02)
  );
#8596 = CARTESIAN_POINT('',(-4.881380674714E-02,-0.163368206154,1.E-02)
  );
#8597 = CARTESIAN_POINT('',(-5.206552486335E-02,-0.159260605413,1.E-02)
  );
#8598 = CARTESIAN_POINT('',(-5.482372817177E-02,-0.154874506408,1.E-02)
  );
#8599 = CARTESIAN_POINT('',(-5.707196334855E-02,-0.150194395012,1.E-02)
  );
#8600 = CARTESIAN_POINT('',(-5.881824618823E-02,-0.145239542946,1.E-02)
  );
#8601 = CARTESIAN_POINT('',(-6.003994951572E-02,-0.139986629396,1.E-02)
  );
#8602 = CARTESIAN_POINT('',(-6.079728147683E-02,-0.134463391442,1.E-02)
  );
#8603 = CARTESIAN_POINT('',(-6.089475198285E-02,-0.130680437974,1.E-02)
  );
#8604 = CARTESIAN_POINT('',(-6.094440277487E-02,-0.128753428015,1.E-02)
  );
#8605 = PCURVE('',#6450,#8606);
#8606 = DEFINITIONAL_REPRESENTATION('',(#8607),#8611);
#8607 = LINE('',#8608,#8609);
#8608 = CARTESIAN_POINT('',(0.,0.));
#8609 = VECTOR('',#8610,1.);
#8610 = DIRECTION('',(1.,0.));
#8611 = ( GEOMETRIC_REPRESENTATION_CONTEXT(2) 
PARAMETRIC_REPRESENTATION_CONTEXT() REPRESENTATION_CONTEXT('2D SPACE',''
  ) );
#8612 = PCURVE('',#8015,#8613);
#8613 = DEFINITIONAL_REPRESENTATION('',(#8614),#8634);
#8614 = B_SPLINE_CURVE_WITH_KNOTS('',3,(#8615,#8616,#8617,#8618,#8619,
    #8620,#8621,#8622,#8623,#8624,#8625,#8626,#8627,#8628,#8629,#8630,
    #8631,#8632,#8633),.UNSPECIFIED.,.F.,.F.,(4,1,1,1,1,1,1,1,1,1,1,1,1,
    1,1,1,4),(0.,7.378258718587E-02,0.144095652163,0.211372776945,
    0.276108573914,0.338559771335,0.399646477988,0.460022357923,
    0.520364180104,0.579989743327,0.638421673378,0.696329698138,
    0.753973538922,0.812784195164,0.872739820247,0.935174557152,1.),
  .UNSPECIFIED.);
#8615 = CARTESIAN_POINT('',(-7.314775856964E-02,-7.148520809579E-02));
#8616 = CARTESIAN_POINT('',(-7.095457276455E-02,-7.144354465827E-02));
#8617 = CARTESIAN_POINT('',(-6.667133262683E-02,-7.136217694769E-02));
#8618 = CARTESIAN_POINT('',(-6.041974985198E-02,-7.06628061584E-02));
#8619 = CARTESIAN_POINT('',(-5.45084962484E-02,-6.953059226449E-02));
#8620 = CARTESIAN_POINT('',(-4.894420675432E-02,-6.79370738106E-02));
#8621 = CARTESIAN_POINT('',(-4.373485152618E-02,-6.587041111703E-02));
#8622 = CARTESIAN_POINT('',(-3.887598738084E-02,-6.334660295514E-02));
#8623 = CARTESIAN_POINT('',(-3.43624334485E-02,-6.035851419838E-02));
#8624 = CARTESIAN_POINT('',(-3.022635990249E-02,-5.693448345921E-02));
#8625 = CARTESIAN_POINT('',(-2.651311069493E-02,-5.313695269827E-02));
#8626 = CARTESIAN_POINT('',(-2.326139257872E-02,-4.902935195731E-02));
#8627 = CARTESIAN_POINT('',(-2.050318927029E-02,-4.464325295193E-02));
#8628 = CARTESIAN_POINT('',(-1.825495409352E-02,-3.9963141556E-02));
#8629 = CARTESIAN_POINT('',(-1.650867125384E-02,-3.500828949052E-02));
#8630 = CARTESIAN_POINT('',(-1.528696792635E-02,-2.975537594053E-02));
#8631 = CARTESIAN_POINT('',(-1.452963596524E-02,-2.423213798673E-02));
#8632 = CARTESIAN_POINT('',(-1.443216545922E-02,-2.044918451874E-02));
#8633 = CARTESIAN_POINT('',(-1.43825146672E-02,-1.85221745592E-02));
#8634 = ( GEOMETRIC_REPRESENTATION_CONTEXT(2) 
PARAMETRIC_REPRESENTATION_CONTEXT() REPRESENTATION_CONTEXT('2D SPACE',''
  ) );
#8635 = ORIENTED_EDGE('',*,*,#7970,.T.);
#8636 = ADVANCED_FACE('',(#8637),#6516,.T.);
#8637 = FACE_BOUND('',#8638,.T.);
#8638 = EDGE_LOOP('',(#8639,#8640,#8663,#8691));
#8639 = ORIENTED_EDGE('',*,*,#6498,.F.);
#8640 = ORIENTED_EDGE('',*,*,#8641,.F.);
#8641 = EDGE_CURVE('',#8642,#6499,#8644,.T.);
#8642 = VERTEX_POINT('',#8643);
#8643 = CARTESIAN_POINT('',(-5.911513448218E-02,-0.271350607893,1.E-02)
  );
#8644 = SURFACE_CURVE('',#8645,(#8649,#8656),.PCURVE_S1.);
#8645 = LINE('',#8646,#8647);
#8646 = CARTESIAN_POINT('',(-5.911513448218E-02,-0.271350607893,1.E-02)
  );
#8647 = VECTOR('',#8648,1.);
#8648 = DIRECTION('',(-0.,-0.,-1.));
#8649 = PCURVE('',#6516,#8650);
#8650 = DEFINITIONAL_REPRESENTATION('',(#8651),#8655);
#8651 = LINE('',#8652,#8653);
#8652 = CARTESIAN_POINT('',(0.,0.));
#8653 = VECTOR('',#8654,1.);
#8654 = DIRECTION('',(-1.,0.));
#8655 = ( GEOMETRIC_REPRESENTATION_CONTEXT(2) 
PARAMETRIC_REPRESENTATION_CONTEXT() REPRESENTATION_CONTEXT('2D SPACE',''
  ) );
#8656 = PCURVE('',#6654,#8657);
#8657 = DEFINITIONAL_REPRESENTATION('',(#8658),#8662);
#8658 = LINE('',#8659,#8660);
#8659 = CARTESIAN_POINT('',(-0.,-0.133536585366));
#8660 = VECTOR('',#8661,1.);
#8661 = DIRECTION('',(1.,0.));
#8662 = ( GEOMETRIC_REPRESENTATION_CONTEXT(2) 
PARAMETRIC_REPRESENTATION_CONTEXT() REPRESENTATION_CONTEXT('2D SPACE',''
  ) );
#8663 = ORIENTED_EDGE('',*,*,#8664,.T.);
#8664 = EDGE_CURVE('',#8642,#8665,#8667,.T.);
#8665 = VERTEX_POINT('',#8666);
#8666 = CARTESIAN_POINT('',(-5.911513448218E-02,-0.21464329082,1.E-02));
#8667 = SURFACE_CURVE('',#8668,(#8672,#8679),.PCURVE_S1.);
#8668 = LINE('',#8669,#8670);
#8669 = CARTESIAN_POINT('',(-5.911513448218E-02,-0.271350607893,1.E-02)
  );
#8670 = VECTOR('',#8671,1.);
#8671 = DIRECTION('',(0.,1.,0.));
#8672 = PCURVE('',#6516,#8673);
#8673 = DEFINITIONAL_REPRESENTATION('',(#8674),#8678);
#8674 = LINE('',#8675,#8676);
#8675 = CARTESIAN_POINT('',(0.,0.));
#8676 = VECTOR('',#8677,1.);
#8677 = DIRECTION('',(0.,1.));
#8678 = ( GEOMETRIC_REPRESENTATION_CONTEXT(2) 
PARAMETRIC_REPRESENTATION_CONTEXT() REPRESENTATION_CONTEXT('2D SPACE',''
  ) );
#8679 = PCURVE('',#8680,#8685);
#8680 = PLANE('',#8681);
#8681 = AXIS2_PLACEMENT_3D('',#8682,#8683,#8684);
#8682 = CARTESIAN_POINT('',(0.,0.,1.E-02));
#8683 = DIRECTION('',(0.,0.,1.));
#8684 = DIRECTION('',(1.,0.,-0.));
#8685 = DEFINITIONAL_REPRESENTATION('',(#8686),#8690);
#8686 = LINE('',#8687,#8688);
#8687 = CARTESIAN_POINT('',(-5.911513448218E-02,-0.271350607893));
#8688 = VECTOR('',#8689,1.);
#8689 = DIRECTION('',(0.,1.));
#8690 = ( GEOMETRIC_REPRESENTATION_CONTEXT(2) 
PARAMETRIC_REPRESENTATION_CONTEXT() REPRESENTATION_CONTEXT('2D SPACE',''
  ) );
#8691 = ORIENTED_EDGE('',*,*,#8692,.T.);
#8692 = EDGE_CURVE('',#8665,#6501,#8693,.T.);
#8693 = SURFACE_CURVE('',#8694,(#8698,#8705),.PCURVE_S1.);
#8694 = LINE('',#8695,#8696);
#8695 = CARTESIAN_POINT('',(-5.911513448218E-02,-0.21464329082,1.E-02));
#8696 = VECTOR('',#8697,1.);
#8697 = DIRECTION('',(-0.,-0.,-1.));
#8698 = PCURVE('',#6516,#8699);
#8699 = DEFINITIONAL_REPRESENTATION('',(#8700),#8704);
#8700 = LINE('',#8701,#8702);
#8701 = CARTESIAN_POINT('',(0.,5.670731707317E-02));
#8702 = VECTOR('',#8703,1.);
#8703 = DIRECTION('',(-1.,0.));
#8704 = ( GEOMETRIC_REPRESENTATION_CONTEXT(2) 
PARAMETRIC_REPRESENTATION_CONTEXT() REPRESENTATION_CONTEXT('2D SPACE',''
  ) );
#8705 = PCURVE('',#6544,#8706);
#8706 = DEFINITIONAL_REPRESENTATION('',(#8707),#8711);
#8707 = LINE('',#8708,#8709);
#8708 = CARTESIAN_POINT('',(0.,0.));
#8709 = VECTOR('',#8710,1.);
#8710 = DIRECTION('',(1.,0.));
#8711 = ( GEOMETRIC_REPRESENTATION_CONTEXT(2) 
PARAMETRIC_REPRESENTATION_CONTEXT() REPRESENTATION_CONTEXT('2D SPACE',''
  ) );
#8712 = ADVANCED_FACE('',(#8713),#6544,.T.);
#8713 = FACE_BOUND('',#8714,.T.);
#8714 = EDGE_LOOP('',(#8715,#8716,#8717,#8740));
#8715 = ORIENTED_EDGE('',*,*,#6528,.F.);
#8716 = ORIENTED_EDGE('',*,*,#8692,.F.);
#8717 = ORIENTED_EDGE('',*,*,#8718,.T.);
#8718 = EDGE_CURVE('',#8665,#8719,#8721,.T.);
#8719 = VERTEX_POINT('',#8720);
#8720 = CARTESIAN_POINT('',(-7.557854911633E-02,-0.21464329082,1.E-02));
#8721 = SURFACE_CURVE('',#8722,(#8726,#8733),.PCURVE_S1.);
#8722 = LINE('',#8723,#8724);
#8723 = CARTESIAN_POINT('',(-5.911513448218E-02,-0.21464329082,1.E-02));
#8724 = VECTOR('',#8725,1.);
#8725 = DIRECTION('',(-1.,0.,0.));
#8726 = PCURVE('',#6544,#8727);
#8727 = DEFINITIONAL_REPRESENTATION('',(#8728),#8732);
#8728 = LINE('',#8729,#8730);
#8729 = CARTESIAN_POINT('',(0.,0.));
#8730 = VECTOR('',#8731,1.);
#8731 = DIRECTION('',(-0.,-1.));
#8732 = ( GEOMETRIC_REPRESENTATION_CONTEXT(2) 
PARAMETRIC_REPRESENTATION_CONTEXT() REPRESENTATION_CONTEXT('2D SPACE',''
  ) );
#8733 = PCURVE('',#8680,#8734);
#8734 = DEFINITIONAL_REPRESENTATION('',(#8735),#8739);
#8735 = LINE('',#8736,#8737);
#8736 = CARTESIAN_POINT('',(-5.911513448218E-02,-0.21464329082));
#8737 = VECTOR('',#8738,1.);
#8738 = DIRECTION('',(-1.,0.));
#8739 = ( GEOMETRIC_REPRESENTATION_CONTEXT(2) 
PARAMETRIC_REPRESENTATION_CONTEXT() REPRESENTATION_CONTEXT('2D SPACE',''
  ) );
#8740 = ORIENTED_EDGE('',*,*,#8741,.T.);
#8741 = EDGE_CURVE('',#8719,#6529,#8742,.T.);
#8742 = SURFACE_CURVE('',#8743,(#8747,#8754),.PCURVE_S1.);
#8743 = LINE('',#8744,#8745);
#8744 = CARTESIAN_POINT('',(-7.557854911633E-02,-0.21464329082,1.E-02));
#8745 = VECTOR('',#8746,1.);
#8746 = DIRECTION('',(-0.,-0.,-1.));
#8747 = PCURVE('',#6544,#8748);
#8748 = DEFINITIONAL_REPRESENTATION('',(#8749),#8753);
#8749 = LINE('',#8750,#8751);
#8750 = CARTESIAN_POINT('',(-0.,-1.646341463415E-02));
#8751 = VECTOR('',#8752,1.);
#8752 = DIRECTION('',(1.,0.));
#8753 = ( GEOMETRIC_REPRESENTATION_CONTEXT(2) 
PARAMETRIC_REPRESENTATION_CONTEXT() REPRESENTATION_CONTEXT('2D SPACE',''
  ) );
#8754 = PCURVE('',#6572,#8755);
#8755 = DEFINITIONAL_REPRESENTATION('',(#8756),#8760);
#8756 = LINE('',#8757,#8758);
#8757 = CARTESIAN_POINT('',(0.,0.));
#8758 = VECTOR('',#8759,1.);
#8759 = DIRECTION('',(1.,-0.));
#8760 = ( GEOMETRIC_REPRESENTATION_CONTEXT(2) 
PARAMETRIC_REPRESENTATION_CONTEXT() REPRESENTATION_CONTEXT('2D SPACE',''
  ) );
#8761 = ADVANCED_FACE('',(#8762),#6572,.T.);
#8762 = FACE_BOUND('',#8763,.T.);
#8763 = EDGE_LOOP('',(#8764,#8765,#8766,#8789));
#8764 = ORIENTED_EDGE('',*,*,#6556,.F.);
#8765 = ORIENTED_EDGE('',*,*,#8741,.F.);
#8766 = ORIENTED_EDGE('',*,*,#8767,.T.);
#8767 = EDGE_CURVE('',#8719,#8768,#8770,.T.);
#8768 = VERTEX_POINT('',#8769);
#8769 = CARTESIAN_POINT('',(-7.557854911633E-02,-0.291472559112,1.E-02)
  );
#8770 = SURFACE_CURVE('',#8771,(#8775,#8782),.PCURVE_S1.);
#8771 = LINE('',#8772,#8773);
#8772 = CARTESIAN_POINT('',(-7.557854911633E-02,-0.21464329082,1.E-02));
#8773 = VECTOR('',#8774,1.);
#8774 = DIRECTION('',(0.,-1.,0.));
#8775 = PCURVE('',#6572,#8776);
#8776 = DEFINITIONAL_REPRESENTATION('',(#8777),#8781);
#8777 = LINE('',#8778,#8779);
#8778 = CARTESIAN_POINT('',(0.,0.));
#8779 = VECTOR('',#8780,1.);
#8780 = DIRECTION('',(-0.,-1.));
#8781 = ( GEOMETRIC_REPRESENTATION_CONTEXT(2) 
PARAMETRIC_REPRESENTATION_CONTEXT() REPRESENTATION_CONTEXT('2D SPACE',''
  ) );
#8782 = PCURVE('',#8680,#8783);
#8783 = DEFINITIONAL_REPRESENTATION('',(#8784),#8788);
#8784 = LINE('',#8785,#8786);
#8785 = CARTESIAN_POINT('',(-7.557854911633E-02,-0.21464329082));
#8786 = VECTOR('',#8787,1.);
#8787 = DIRECTION('',(0.,-1.));
#8788 = ( GEOMETRIC_REPRESENTATION_CONTEXT(2) 
PARAMETRIC_REPRESENTATION_CONTEXT() REPRESENTATION_CONTEXT('2D SPACE',''
  ) );
#8789 = ORIENTED_EDGE('',*,*,#8790,.T.);
#8790 = EDGE_CURVE('',#8768,#6557,#8791,.T.);
#8791 = SURFACE_CURVE('',#8792,(#8796,#8803),.PCURVE_S1.);
#8792 = LINE('',#8793,#8794);
#8793 = CARTESIAN_POINT('',(-7.557854911633E-02,-0.291472559112,1.E-02)
  );
#8794 = VECTOR('',#8795,1.);
#8795 = DIRECTION('',(-0.,-0.,-1.));
#8796 = PCURVE('',#6572,#8797);
#8797 = DEFINITIONAL_REPRESENTATION('',(#8798),#8802);
#8798 = LINE('',#8799,#8800);
#8799 = CARTESIAN_POINT('',(-0.,-7.682926829268E-02));
#8800 = VECTOR('',#8801,1.);
#8801 = DIRECTION('',(1.,-0.));
#8802 = ( GEOMETRIC_REPRESENTATION_CONTEXT(2) 
PARAMETRIC_REPRESENTATION_CONTEXT() REPRESENTATION_CONTEXT('2D SPACE',''
  ) );
#8803 = PCURVE('',#6600,#8804);
#8804 = DEFINITIONAL_REPRESENTATION('',(#8805),#8809);
#8805 = LINE('',#8806,#8807);
#8806 = CARTESIAN_POINT('',(0.,0.));
#8807 = VECTOR('',#8808,1.);
#8808 = DIRECTION('',(-1.,0.));
#8809 = ( GEOMETRIC_REPRESENTATION_CONTEXT(2) 
PARAMETRIC_REPRESENTATION_CONTEXT() REPRESENTATION_CONTEXT('2D SPACE',''
  ) );
#8810 = ADVANCED_FACE('',(#8811),#6600,.T.);
#8811 = FACE_BOUND('',#8812,.T.);
#8812 = EDGE_LOOP('',(#8813,#8814,#8815,#8838));
#8813 = ORIENTED_EDGE('',*,*,#6584,.F.);
#8814 = ORIENTED_EDGE('',*,*,#8790,.F.);
#8815 = ORIENTED_EDGE('',*,*,#8816,.T.);
#8816 = EDGE_CURVE('',#8768,#8817,#8819,.T.);
#8817 = VERTEX_POINT('',#8818);
#8818 = CARTESIAN_POINT('',(7.442145088367E-02,-0.291472559112,1.E-02));
#8819 = SURFACE_CURVE('',#8820,(#8824,#8831),.PCURVE_S1.);
#8820 = LINE('',#8821,#8822);
#8821 = CARTESIAN_POINT('',(-7.557854911633E-02,-0.291472559112,1.E-02)
  );
#8822 = VECTOR('',#8823,1.);
#8823 = DIRECTION('',(1.,0.,0.));
#8824 = PCURVE('',#6600,#8825);
#8825 = DEFINITIONAL_REPRESENTATION('',(#8826),#8830);
#8826 = LINE('',#8827,#8828);
#8827 = CARTESIAN_POINT('',(0.,0.));
#8828 = VECTOR('',#8829,1.);
#8829 = DIRECTION('',(0.,1.));
#8830 = ( GEOMETRIC_REPRESENTATION_CONTEXT(2) 
PARAMETRIC_REPRESENTATION_CONTEXT() REPRESENTATION_CONTEXT('2D SPACE',''
  ) );
#8831 = PCURVE('',#8680,#8832);
#8832 = DEFINITIONAL_REPRESENTATION('',(#8833),#8837);
#8833 = LINE('',#8834,#8835);
#8834 = CARTESIAN_POINT('',(-7.557854911633E-02,-0.291472559112));
#8835 = VECTOR('',#8836,1.);
#8836 = DIRECTION('',(1.,0.));
#8837 = ( GEOMETRIC_REPRESENTATION_CONTEXT(2) 
PARAMETRIC_REPRESENTATION_CONTEXT() REPRESENTATION_CONTEXT('2D SPACE',''
  ) );
#8838 = ORIENTED_EDGE('',*,*,#8839,.T.);
#8839 = EDGE_CURVE('',#8817,#6585,#8840,.T.);
#8840 = SURFACE_CURVE('',#8841,(#8845,#8852),.PCURVE_S1.);
#8841 = LINE('',#8842,#8843);
#8842 = CARTESIAN_POINT('',(7.442145088367E-02,-0.291472559112,1.E-02));
#8843 = VECTOR('',#8844,1.);
#8844 = DIRECTION('',(-0.,-0.,-1.));
#8845 = PCURVE('',#6600,#8846);
#8846 = DEFINITIONAL_REPRESENTATION('',(#8847),#8851);
#8847 = LINE('',#8848,#8849);
#8848 = CARTESIAN_POINT('',(0.,0.15));
#8849 = VECTOR('',#8850,1.);
#8850 = DIRECTION('',(-1.,0.));
#8851 = ( GEOMETRIC_REPRESENTATION_CONTEXT(2) 
PARAMETRIC_REPRESENTATION_CONTEXT() REPRESENTATION_CONTEXT('2D SPACE',''
  ) );
#8852 = PCURVE('',#6628,#8853);
#8853 = DEFINITIONAL_REPRESENTATION('',(#8854),#8858);
#8854 = LINE('',#8855,#8856);
#8855 = CARTESIAN_POINT('',(0.,0.));
#8856 = VECTOR('',#8857,1.);
#8857 = DIRECTION('',(-1.,0.));
#8858 = ( GEOMETRIC_REPRESENTATION_CONTEXT(2) 
PARAMETRIC_REPRESENTATION_CONTEXT() REPRESENTATION_CONTEXT('2D SPACE',''
  ) );
#8859 = ADVANCED_FACE('',(#8860),#6628,.T.);
#8860 = FACE_BOUND('',#8861,.T.);
#8861 = EDGE_LOOP('',(#8862,#8863,#8864,#8887));
#8862 = ORIENTED_EDGE('',*,*,#6612,.F.);
#8863 = ORIENTED_EDGE('',*,*,#8839,.F.);
#8864 = ORIENTED_EDGE('',*,*,#8865,.T.);
#8865 = EDGE_CURVE('',#8817,#8866,#8868,.T.);
#8866 = VERTEX_POINT('',#8867);
#8867 = CARTESIAN_POINT('',(7.442145088367E-02,-0.271350607893,1.E-02));
#8868 = SURFACE_CURVE('',#8869,(#8873,#8880),.PCURVE_S1.);
#8869 = LINE('',#8870,#8871);
#8870 = CARTESIAN_POINT('',(7.442145088367E-02,-0.291472559112,1.E-02));
#8871 = VECTOR('',#8872,1.);
#8872 = DIRECTION('',(0.,1.,0.));
#8873 = PCURVE('',#6628,#8874);
#8874 = DEFINITIONAL_REPRESENTATION('',(#8875),#8879);
#8875 = LINE('',#8876,#8877);
#8876 = CARTESIAN_POINT('',(0.,0.));
#8877 = VECTOR('',#8878,1.);
#8878 = DIRECTION('',(0.,1.));
#8879 = ( GEOMETRIC_REPRESENTATION_CONTEXT(2) 
PARAMETRIC_REPRESENTATION_CONTEXT() REPRESENTATION_CONTEXT('2D SPACE',''
  ) );
#8880 = PCURVE('',#8680,#8881);
#8881 = DEFINITIONAL_REPRESENTATION('',(#8882),#8886);
#8882 = LINE('',#8883,#8884);
#8883 = CARTESIAN_POINT('',(7.442145088367E-02,-0.291472559112));
#8884 = VECTOR('',#8885,1.);
#8885 = DIRECTION('',(0.,1.));
#8886 = ( GEOMETRIC_REPRESENTATION_CONTEXT(2) 
PARAMETRIC_REPRESENTATION_CONTEXT() REPRESENTATION_CONTEXT('2D SPACE',''
  ) );
#8887 = ORIENTED_EDGE('',*,*,#8888,.T.);
#8888 = EDGE_CURVE('',#8866,#6613,#8889,.T.);
#8889 = SURFACE_CURVE('',#8890,(#8894,#8901),.PCURVE_S1.);
#8890 = LINE('',#8891,#8892);
#8891 = CARTESIAN_POINT('',(7.442145088367E-02,-0.271350607893,1.E-02));
#8892 = VECTOR('',#8893,1.);
#8893 = DIRECTION('',(-0.,-0.,-1.));
#8894 = PCURVE('',#6628,#8895);
#8895 = DEFINITIONAL_REPRESENTATION('',(#8896),#8900);
#8896 = LINE('',#8897,#8898);
#8897 = CARTESIAN_POINT('',(0.,2.012195121951E-02));
#8898 = VECTOR('',#8899,1.);
#8899 = DIRECTION('',(-1.,0.));
#8900 = ( GEOMETRIC_REPRESENTATION_CONTEXT(2) 
PARAMETRIC_REPRESENTATION_CONTEXT() REPRESENTATION_CONTEXT('2D SPACE',''
  ) );
#8901 = PCURVE('',#6654,#8902);
#8902 = DEFINITIONAL_REPRESENTATION('',(#8903),#8907);
#8903 = LINE('',#8904,#8905);
#8904 = CARTESIAN_POINT('',(0.,0.));
#8905 = VECTOR('',#8906,1.);
#8906 = DIRECTION('',(1.,0.));
#8907 = ( GEOMETRIC_REPRESENTATION_CONTEXT(2) 
PARAMETRIC_REPRESENTATION_CONTEXT() REPRESENTATION_CONTEXT('2D SPACE',''
  ) );
#8908 = ADVANCED_FACE('',(#8909),#6654,.T.);
#8909 = FACE_BOUND('',#8910,.T.);
#8910 = EDGE_LOOP('',(#8911,#8912,#8913,#8934));
#8911 = ORIENTED_EDGE('',*,*,#6640,.F.);
#8912 = ORIENTED_EDGE('',*,*,#8888,.F.);
#8913 = ORIENTED_EDGE('',*,*,#8914,.T.);
#8914 = EDGE_CURVE('',#8866,#8642,#8915,.T.);
#8915 = SURFACE_CURVE('',#8916,(#8920,#8927),.PCURVE_S1.);
#8916 = LINE('',#8917,#8918);
#8917 = CARTESIAN_POINT('',(7.442145088367E-02,-0.271350607893,1.E-02));
#8918 = VECTOR('',#8919,1.);
#8919 = DIRECTION('',(-1.,0.,0.));
#8920 = PCURVE('',#6654,#8921);
#8921 = DEFINITIONAL_REPRESENTATION('',(#8922),#8926);
#8922 = LINE('',#8923,#8924);
#8923 = CARTESIAN_POINT('',(0.,0.));
#8924 = VECTOR('',#8925,1.);
#8925 = DIRECTION('',(-0.,-1.));
#8926 = ( GEOMETRIC_REPRESENTATION_CONTEXT(2) 
PARAMETRIC_REPRESENTATION_CONTEXT() REPRESENTATION_CONTEXT('2D SPACE',''
  ) );
#8927 = PCURVE('',#8680,#8928);
#8928 = DEFINITIONAL_REPRESENTATION('',(#8929),#8933);
#8929 = LINE('',#8930,#8931);
#8930 = CARTESIAN_POINT('',(7.442145088367E-02,-0.271350607893));
#8931 = VECTOR('',#8932,1.);
#8932 = DIRECTION('',(-1.,0.));
#8933 = ( GEOMETRIC_REPRESENTATION_CONTEXT(2) 
PARAMETRIC_REPRESENTATION_CONTEXT() REPRESENTATION_CONTEXT('2D SPACE',''
  ) );
#8934 = ORIENTED_EDGE('',*,*,#8641,.T.);
#8935 = ADVANCED_FACE('',(#8936,#9142),#6709,.F.);
#8936 = FACE_BOUND('',#8937,.T.);
#8937 = EDGE_LOOP('',(#8938,#8968,#8996,#9042,#9070,#9116));
#8938 = ORIENTED_EDGE('',*,*,#8939,.F.);
#8939 = EDGE_CURVE('',#8940,#8942,#8944,.T.);
#8940 = VERTEX_POINT('',#8941);
#8941 = CARTESIAN_POINT('',(-1.704196375048E-02,0.221808690888,1.E-02));
#8942 = VERTEX_POINT('',#8943);
#8943 = CARTESIAN_POINT('',(-1.704196375048E-02,0.271970657351,1.E-02));
#8944 = SURFACE_CURVE('',#8945,(#8949,#8956),.PCURVE_S1.);
#8945 = LINE('',#8946,#8947);
#8946 = CARTESIAN_POINT('',(-1.704196375048E-02,0.221808690888,1.E-02));
#8947 = VECTOR('',#8948,1.);
#8948 = DIRECTION('',(0.,1.,0.));
#8949 = PCURVE('',#6709,#8950);
#8950 = DEFINITIONAL_REPRESENTATION('',(#8951),#8955);
#8951 = LINE('',#8952,#8953);
#8952 = CARTESIAN_POINT('',(-1.704196375048E-02,0.221808690888));
#8953 = VECTOR('',#8954,1.);
#8954 = DIRECTION('',(0.,1.));
#8955 = ( GEOMETRIC_REPRESENTATION_CONTEXT(2) 
PARAMETRIC_REPRESENTATION_CONTEXT() REPRESENTATION_CONTEXT('2D SPACE',''
  ) );
#8956 = PCURVE('',#8957,#8962);
#8957 = PLANE('',#8958);
#8958 = AXIS2_PLACEMENT_3D('',#8959,#8960,#8961);
#8959 = CARTESIAN_POINT('',(-1.704196375048E-02,0.221808690888,1.E-02));
#8960 = DIRECTION('',(-1.,0.,0.));
#8961 = DIRECTION('',(0.,0.,1.));
#8962 = DEFINITIONAL_REPRESENTATION('',(#8963),#8967);
#8963 = LINE('',#8964,#8965);
#8964 = CARTESIAN_POINT('',(0.,0.));
#8965 = VECTOR('',#8966,1.);
#8966 = DIRECTION('',(0.,1.));
#8967 = ( GEOMETRIC_REPRESENTATION_CONTEXT(2) 
PARAMETRIC_REPRESENTATION_CONTEXT() REPRESENTATION_CONTEXT('2D SPACE',''
  ) );
#8968 = ORIENTED_EDGE('',*,*,#8969,.F.);
#8969 = EDGE_CURVE('',#8970,#8940,#8972,.T.);
#8970 = VERTEX_POINT('',#8971);
#8971 = CARTESIAN_POINT('',(4.561047527391E-02,0.244188645156,1.E-02));
#8972 = SURFACE_CURVE('',#8973,(#8977,#8984),.PCURVE_S1.);
#8973 = LINE('',#8974,#8975);
#8974 = CARTESIAN_POINT('',(4.561047527391E-02,0.244188645156,1.E-02));
#8975 = VECTOR('',#8976,1.);
#8976 = DIRECTION('',(-0.941722470297,-0.336390827665,0.));
#8977 = PCURVE('',#6709,#8978);
#8978 = DEFINITIONAL_REPRESENTATION('',(#8979),#8983);
#8979 = LINE('',#8980,#8981);
#8980 = CARTESIAN_POINT('',(4.561047527391E-02,0.244188645156));
#8981 = VECTOR('',#8982,1.);
#8982 = DIRECTION('',(-0.941722470297,-0.336390827665));
#8983 = ( GEOMETRIC_REPRESENTATION_CONTEXT(2) 
PARAMETRIC_REPRESENTATION_CONTEXT() REPRESENTATION_CONTEXT('2D SPACE',''
  ) );
#8984 = PCURVE('',#8985,#8990);
#8985 = PLANE('',#8986);
#8986 = AXIS2_PLACEMENT_3D('',#8987,#8988,#8989);
#8987 = CARTESIAN_POINT('',(4.561047527391E-02,0.244188645156,1.E-02));
#8988 = DIRECTION('',(0.336390827665,-0.941722470297,0.));
#8989 = DIRECTION('',(0.941722470297,0.336390827665,0.));
#8990 = DEFINITIONAL_REPRESENTATION('',(#8991),#8995);
#8991 = LINE('',#8992,#8993);
#8992 = CARTESIAN_POINT('',(0.,0.));
#8993 = VECTOR('',#8994,1.);
#8994 = DIRECTION('',(-1.,0.));
#8995 = ( GEOMETRIC_REPRESENTATION_CONTEXT(2) 
PARAMETRIC_REPRESENTATION_CONTEXT() REPRESENTATION_CONTEXT('2D SPACE',''
  ) );
#8996 = ORIENTED_EDGE('',*,*,#8997,.F.);
#8997 = EDGE_CURVE('',#8998,#8970,#9000,.T.);
#8998 = VERTEX_POINT('',#8999);
#8999 = CARTESIAN_POINT('',(5.612876795684E-02,0.24658955979,1.E-02));
#9000 = SURFACE_CURVE('',#9001,(#9009,#9020),.PCURVE_S1.);
#9001 = B_SPLINE_CURVE_WITH_KNOTS('',3,(#9002,#9003,#9004,#9005,#9006,
    #9007,#9008),.UNSPECIFIED.,.F.,.F.,(4,1,1,1,4),(0.,0.300541113159,
    0.567747146484,0.800033613737,1.),.UNSPECIFIED.);
#9002 = CARTESIAN_POINT('',(5.612876795684E-02,0.24658955979,1.E-02));
#9003 = CARTESIAN_POINT('',(5.506063411361E-02,0.246414647419,1.E-02));
#9004 = CARTESIAN_POINT('',(5.304284049068E-02,0.24608422341,1.E-02));
#9005 = CARTESIAN_POINT('',(5.02154938721E-02,0.245526450179,1.E-02));
#9006 = CARTESIAN_POINT('',(4.777202218859E-02,0.244905429091,1.E-02));
#9007 = CARTESIAN_POINT('',(4.629415697493E-02,0.244415358745,1.E-02));
#9008 = CARTESIAN_POINT('',(4.561047527391E-02,0.244188645156,1.E-02));
#9009 = PCURVE('',#6709,#9010);
#9010 = DEFINITIONAL_REPRESENTATION('',(#9011),#9019);
#9011 = B_SPLINE_CURVE_WITH_KNOTS('',3,(#9012,#9013,#9014,#9015,#9016,
    #9017,#9018),.UNSPECIFIED.,.F.,.F.,(4,1,1,1,4),(0.,0.300541113159,
    0.567747146484,0.800033613737,1.),.UNSPECIFIED.);
#9012 = CARTESIAN_POINT('',(5.612876795684E-02,0.24658955979));
#9013 = CARTESIAN_POINT('',(5.506063411361E-02,0.246414647419));
#9014 = CARTESIAN_POINT('',(5.304284049068E-02,0.24608422341));
#9015 = CARTESIAN_POINT('',(5.02154938721E-02,0.245526450179));
#9016 = CARTESIAN_POINT('',(4.777202218859E-02,0.244905429091));
#9017 = CARTESIAN_POINT('',(4.629415697493E-02,0.244415358745));
#9018 = CARTESIAN_POINT('',(4.561047527391E-02,0.244188645156));
#9019 = ( GEOMETRIC_REPRESENTATION_CONTEXT(2) 
PARAMETRIC_REPRESENTATION_CONTEXT() REPRESENTATION_CONTEXT('2D SPACE',''
  ) );
#9020 = PCURVE('',#9021,#9036);
#9021 = B_SPLINE_SURFACE_WITH_KNOTS('',3,1,(
    (#9022,#9023)
    ,(#9024,#9025)
    ,(#9026,#9027)
    ,(#9028,#9029)
    ,(#9030,#9031)
    ,(#9032,#9033)
    ,(#9034,#9035
    )),.UNSPECIFIED.,.F.,.F.,.F.,(4,1,1,1,4),(2,2),(0.,0.300541113159,
    0.567747146484,0.800033613737,1.),(0.,1.),.UNSPECIFIED.);
#9022 = CARTESIAN_POINT('',(5.612876795684E-02,0.24658955979,1.E-02));
#9023 = CARTESIAN_POINT('',(5.612876795684E-02,0.24658955979,
    6.776263578034E-18));
#9024 = CARTESIAN_POINT('',(5.506063411361E-02,0.246414647419,1.E-02));
#9025 = CARTESIAN_POINT('',(5.506063411361E-02,0.246414647419,
    6.776263578034E-18));
#9026 = CARTESIAN_POINT('',(5.304284049068E-02,0.24608422341,1.E-02));
#9027 = CARTESIAN_POINT('',(5.304284049068E-02,0.24608422341,
    6.776263578034E-18));
#9028 = CARTESIAN_POINT('',(5.02154938721E-02,0.245526450179,1.E-02));
#9029 = CARTESIAN_POINT('',(5.02154938721E-02,0.245526450179,
    6.776263578034E-18));
#9030 = CARTESIAN_POINT('',(4.777202218859E-02,0.244905429091,1.E-02));
#9031 = CARTESIAN_POINT('',(4.777202218859E-02,0.244905429091,
    6.776263578034E-18));
#9032 = CARTESIAN_POINT('',(4.629415697493E-02,0.244415358745,1.E-02));
#9033 = CARTESIAN_POINT('',(4.629415697493E-02,0.244415358745,
    6.776263578034E-18));
#9034 = CARTESIAN_POINT('',(4.561047527391E-02,0.244188645156,1.E-02));
#9035 = CARTESIAN_POINT('',(4.561047527391E-02,0.244188645156,
    6.776263578034E-18));
#9036 = DEFINITIONAL_REPRESENTATION('',(#9037),#9041);
#9037 = LINE('',#9038,#9039);
#9038 = CARTESIAN_POINT('',(0.,0.));
#9039 = VECTOR('',#9040,1.);
#9040 = DIRECTION('',(1.,0.));
#9041 = ( GEOMETRIC_REPRESENTATION_CONTEXT(2) 
PARAMETRIC_REPRESENTATION_CONTEXT() REPRESENTATION_CONTEXT('2D SPACE',''
  ) );
#9042 = ORIENTED_EDGE('',*,*,#9043,.F.);
#9043 = EDGE_CURVE('',#9044,#8998,#9046,.T.);
#9044 = VERTEX_POINT('',#9045);
#9045 = CARTESIAN_POINT('',(5.612876795684E-02,0.24707545918,1.E-02));
#9046 = SURFACE_CURVE('',#9047,(#9051,#9058),.PCURVE_S1.);
#9047 = LINE('',#9048,#9049);
#9048 = CARTESIAN_POINT('',(5.612876795684E-02,0.24707545918,1.E-02));
#9049 = VECTOR('',#9050,1.);
#9050 = DIRECTION('',(0.,-1.,0.));
#9051 = PCURVE('',#6709,#9052);
#9052 = DEFINITIONAL_REPRESENTATION('',(#9053),#9057);
#9053 = LINE('',#9054,#9055);
#9054 = CARTESIAN_POINT('',(5.612876795684E-02,0.24707545918));
#9055 = VECTOR('',#9056,1.);
#9056 = DIRECTION('',(0.,-1.));
#9057 = ( GEOMETRIC_REPRESENTATION_CONTEXT(2) 
PARAMETRIC_REPRESENTATION_CONTEXT() REPRESENTATION_CONTEXT('2D SPACE',''
  ) );
#9058 = PCURVE('',#9059,#9064);
#9059 = PLANE('',#9060);
#9060 = AXIS2_PLACEMENT_3D('',#9061,#9062,#9063);
#9061 = CARTESIAN_POINT('',(5.612876795684E-02,0.24707545918,1.E-02));
#9062 = DIRECTION('',(1.,0.,-0.));
#9063 = DIRECTION('',(-0.,0.,-1.));
#9064 = DEFINITIONAL_REPRESENTATION('',(#9065),#9069);
#9065 = LINE('',#9066,#9067);
#9066 = CARTESIAN_POINT('',(0.,0.));
#9067 = VECTOR('',#9068,1.);
#9068 = DIRECTION('',(-0.,-1.));
#9069 = ( GEOMETRIC_REPRESENTATION_CONTEXT(2) 
PARAMETRIC_REPRESENTATION_CONTEXT() REPRESENTATION_CONTEXT('2D SPACE',''
  ) );
#9070 = ORIENTED_EDGE('',*,*,#9071,.F.);
#9071 = EDGE_CURVE('',#9072,#9044,#9074,.T.);
#9072 = VERTEX_POINT('',#9073);
#9073 = CARTESIAN_POINT('',(4.561047527391E-02,0.249390626863,1.E-02));
#9074 = SURFACE_CURVE('',#9075,(#9083,#9094),.PCURVE_S1.);
#9075 = B_SPLINE_CURVE_WITH_KNOTS('',3,(#9076,#9077,#9078,#9079,#9080,
    #9081,#9082),.UNSPECIFIED.,.F.,.F.,(4,1,1,1,4),(0.,0.174481715317,
    0.398285759128,0.673897847399,1.),.UNSPECIFIED.);
#9076 = CARTESIAN_POINT('',(4.561047527391E-02,0.249390626863,1.E-02));
#9077 = CARTESIAN_POINT('',(4.620895044188E-02,0.249203441095,1.E-02));
#9078 = CARTESIAN_POINT('',(4.757507717991E-02,0.248776156059,1.E-02));
#9079 = CARTESIAN_POINT('',(4.993293611599E-02,0.248216234864,1.E-02));
#9080 = CARTESIAN_POINT('',(5.284798391288E-02,0.247667267272,1.E-02));
#9081 = CARTESIAN_POINT('',(5.497566186119E-02,0.247283463581,1.E-02));
#9082 = CARTESIAN_POINT('',(5.612876795684E-02,0.24707545918,1.E-02));
#9083 = PCURVE('',#6709,#9084);
#9084 = DEFINITIONAL_REPRESENTATION('',(#9085),#9093);
#9085 = B_SPLINE_CURVE_WITH_KNOTS('',3,(#9086,#9087,#9088,#9089,#9090,
    #9091,#9092),.UNSPECIFIED.,.F.,.F.,(4,1,1,1,4),(0.,0.174481715317,
    0.398285759128,0.673897847399,1.),.UNSPECIFIED.);
#9086 = CARTESIAN_POINT('',(4.561047527391E-02,0.249390626863));
#9087 = CARTESIAN_POINT('',(4.620895044188E-02,0.249203441095));
#9088 = CARTESIAN_POINT('',(4.757507717991E-02,0.248776156059));
#9089 = CARTESIAN_POINT('',(4.993293611599E-02,0.248216234864));
#9090 = CARTESIAN_POINT('',(5.284798391288E-02,0.247667267272));
#9091 = CARTESIAN_POINT('',(5.497566186119E-02,0.247283463581));
#9092 = CARTESIAN_POINT('',(5.612876795684E-02,0.24707545918));
#9093 = ( GEOMETRIC_REPRESENTATION_CONTEXT(2) 
PARAMETRIC_REPRESENTATION_CONTEXT() REPRESENTATION_CONTEXT('2D SPACE',''
  ) );
#9094 = PCURVE('',#9095,#9110);
#9095 = B_SPLINE_SURFACE_WITH_KNOTS('',3,1,(
    (#9096,#9097)
    ,(#9098,#9099)
    ,(#9100,#9101)
    ,(#9102,#9103)
    ,(#9104,#9105)
    ,(#9106,#9107)
    ,(#9108,#9109
    )),.UNSPECIFIED.,.F.,.F.,.F.,(4,1,1,1,4),(2,2),(0.,0.174481715317,
    0.398285759128,0.673897847399,1.),(0.,1.),.UNSPECIFIED.);
#9096 = CARTESIAN_POINT('',(4.561047527391E-02,0.249390626863,1.E-02));
#9097 = CARTESIAN_POINT('',(4.561047527391E-02,0.249390626863,
    6.776263578034E-18));
#9098 = CARTESIAN_POINT('',(4.620895044188E-02,0.249203441095,1.E-02));
#9099 = CARTESIAN_POINT('',(4.620895044188E-02,0.249203441095,
    6.776263578034E-18));
#9100 = CARTESIAN_POINT('',(4.757507717991E-02,0.248776156059,1.E-02));
#9101 = CARTESIAN_POINT('',(4.757507717991E-02,0.248776156059,
    6.776263578034E-18));
#9102 = CARTESIAN_POINT('',(4.993293611599E-02,0.248216234864,1.E-02));
#9103 = CARTESIAN_POINT('',(4.993293611599E-02,0.248216234864,
    6.776263578034E-18));
#9104 = CARTESIAN_POINT('',(5.284798391288E-02,0.247667267272,1.E-02));
#9105 = CARTESIAN_POINT('',(5.284798391288E-02,0.247667267272,
    6.776263578034E-18));
#9106 = CARTESIAN_POINT('',(5.497566186119E-02,0.247283463581,1.E-02));
#9107 = CARTESIAN_POINT('',(5.497566186119E-02,0.247283463581,
    6.776263578034E-18));
#9108 = CARTESIAN_POINT('',(5.612876795684E-02,0.24707545918,1.E-02));
#9109 = CARTESIAN_POINT('',(5.612876795684E-02,0.24707545918,
    6.776263578034E-18));
#9110 = DEFINITIONAL_REPRESENTATION('',(#9111),#9115);
#9111 = LINE('',#9112,#9113);
#9112 = CARTESIAN_POINT('',(6.142417732939E-16,0.));
#9113 = VECTOR('',#9114,1.);
#9114 = DIRECTION('',(1.,0.));
#9115 = ( GEOMETRIC_REPRESENTATION_CONTEXT(2) 
PARAMETRIC_REPRESENTATION_CONTEXT() REPRESENTATION_CONTEXT('2D SPACE',''
  ) );
#9116 = ORIENTED_EDGE('',*,*,#9117,.F.);
#9117 = EDGE_CURVE('',#8942,#9072,#9118,.T.);
#9118 = SURFACE_CURVE('',#9119,(#9123,#9130),.PCURVE_S1.);
#9119 = LINE('',#9120,#9121);
#9120 = CARTESIAN_POINT('',(-1.704196375048E-02,0.271970657351,1.E-02));
#9121 = VECTOR('',#9122,1.);
#9122 = DIRECTION('',(0.940766986967,-0.339053795485,0.));
#9123 = PCURVE('',#6709,#9124);
#9124 = DEFINITIONAL_REPRESENTATION('',(#9125),#9129);
#9125 = LINE('',#9126,#9127);
#9126 = CARTESIAN_POINT('',(-1.704196375048E-02,0.271970657351));
#9127 = VECTOR('',#9128,1.);
#9128 = DIRECTION('',(0.940766986967,-0.339053795485));
#9129 = ( GEOMETRIC_REPRESENTATION_CONTEXT(2) 
PARAMETRIC_REPRESENTATION_CONTEXT() REPRESENTATION_CONTEXT('2D SPACE',''
  ) );
#9130 = PCURVE('',#9131,#9136);
#9131 = PLANE('',#9132);
#9132 = AXIS2_PLACEMENT_3D('',#9133,#9134,#9135);
#9133 = CARTESIAN_POINT('',(-1.704196375048E-02,0.271970657351,1.E-02));
#9134 = DIRECTION('',(0.339053795485,0.940766986967,-0.));
#9135 = DIRECTION('',(-0.940766986967,0.339053795485,0.));
#9136 = DEFINITIONAL_REPRESENTATION('',(#9137),#9141);
#9137 = LINE('',#9138,#9139);
#9138 = CARTESIAN_POINT('',(0.,0.));
#9139 = VECTOR('',#9140,1.);
#9140 = DIRECTION('',(-1.,0.));
#9141 = ( GEOMETRIC_REPRESENTATION_CONTEXT(2) 
PARAMETRIC_REPRESENTATION_CONTEXT() REPRESENTATION_CONTEXT('2D SPACE',''
  ) );
#9142 = FACE_BOUND('',#9143,.T.);
#9143 = EDGE_LOOP('',(#9144,#9145,#9146,#9147,#9148,#9149,#9150,#9151));
#9144 = ORIENTED_EDGE('',*,*,#6747,.F.);
#9145 = ORIENTED_EDGE('',*,*,#6693,.F.);
#9146 = ORIENTED_EDGE('',*,*,#7041,.F.);
#9147 = ORIENTED_EDGE('',*,*,#6992,.F.);
#9148 = ORIENTED_EDGE('',*,*,#6943,.F.);
#9149 = ORIENTED_EDGE('',*,*,#6894,.F.);
#9150 = ORIENTED_EDGE('',*,*,#6845,.F.);
#9151 = ORIENTED_EDGE('',*,*,#6796,.F.);
#9152 = ADVANCED_FACE('',(#9153,#9427),#7120,.T.);
#9153 = FACE_BOUND('',#9154,.T.);
#9154 = EDGE_LOOP('',(#9155,#9251,#9345,#9373,#9401));
#9155 = ORIENTED_EDGE('',*,*,#9156,.F.);
#9156 = EDGE_CURVE('',#9157,#9159,#9161,.T.);
#9157 = VERTEX_POINT('',#9158);
#9158 = CARTESIAN_POINT('',(8.79149054401E-04,0.149381099424,1.E-02));
#9159 = VERTEX_POINT('',#9160);
#9160 = CARTESIAN_POINT('',(5.795803624952E-02,9.101600796084E-02,1.E-02
    ));
#9161 = SURFACE_CURVE('',#9162,(#9182,#9205),.PCURVE_S1.);
#9162 = B_SPLINE_CURVE_WITH_KNOTS('',3,(#9163,#9164,#9165,#9166,#9167,
    #9168,#9169,#9170,#9171,#9172,#9173,#9174,#9175,#9176,#9177,#9178,
    #9179,#9180,#9181),.UNSPECIFIED.,.F.,.F.,(4,1,1,1,1,1,1,1,1,1,1,1,1,
    1,1,1,4),(0.,7.430465465555E-02,0.144395278118,0.210501927383,
    0.273252216031,0.33381705022,0.392522656094,0.450081103081,
    0.507814926858,0.565459893874,0.623144369682,0.681293511757,
    0.740910505694,0.801853463619,0.86523968125,0.930940859419,1.),
  .UNSPECIFIED.);
#9163 = CARTESIAN_POINT('',(8.79149054401E-04,0.149381099424,1.E-02));
#9164 = CARTESIAN_POINT('',(3.177326346926E-03,0.149332060434,1.E-02));
#9165 = CARTESIAN_POINT('',(7.643344671852E-03,0.149236763596,1.E-02));
#9166 = CARTESIAN_POINT('',(1.411988666811E-02,0.14849157874,1.E-02));
#9167 = CARTESIAN_POINT('',(2.015615453383E-02,0.147253630766,1.E-02));
#9168 = CARTESIAN_POINT('',(2.574359261827E-02,0.145462530279,1.E-02));
#9169 = CARTESIAN_POINT('',(3.092055621027E-02,0.143223399846,1.E-02));
#9170 = CARTESIAN_POINT('',(3.563781150217E-02,0.14042982107,1.E-02));
#9171 = CARTESIAN_POINT('',(3.991707868475E-02,0.137145673296,1.E-02));
#9172 = CARTESIAN_POINT('',(4.371336518166E-02,0.133358782807,1.E-02));
#9173 = CARTESIAN_POINT('',(4.705102020493E-02,0.129164275026,1.E-02));
#9174 = CARTESIAN_POINT('',(4.998827499131E-02,0.124664700109,1.E-02));
#9175 = CARTESIAN_POINT('',(5.245452395851E-02,0.11982118017,1.E-02));
#9176 = CARTESIAN_POINT('',(5.448116205832E-02,0.114671613455,1.E-02));
#9177 = CARTESIAN_POINT('',(5.606254531737E-02,0.109198583076,1.E-02));
#9178 = CARTESIAN_POINT('',(5.716018539475E-02,0.103418876809,1.E-02));
#9179 = CARTESIAN_POINT('',(5.782832587901E-02,9.73198257264E-02,1.E-02)
  );
#9180 = CARTESIAN_POINT('',(5.791408712542E-02,9.315189939484E-02,1.E-02
    ));
#9181 = CARTESIAN_POINT('',(5.795803624952E-02,9.101600796084E-02,1.E-02
    ));
#9182 = PCURVE('',#7120,#9183);
#9183 = DEFINITIONAL_REPRESENTATION('',(#9184),#9204);
#9184 = B_SPLINE_CURVE_WITH_KNOTS('',3,(#9185,#9186,#9187,#9188,#9189,
    #9190,#9191,#9192,#9193,#9194,#9195,#9196,#9197,#9198,#9199,#9200,
    #9201,#9202,#9203),.UNSPECIFIED.,.F.,.F.,(4,1,1,1,1,1,1,1,1,1,1,1,1,
    1,1,1,4),(0.,7.430465465555E-02,0.144395278118,0.210501927383,
    0.273252216031,0.33381705022,0.392522656094,0.450081103081,
    0.507814926858,0.565459893874,0.623144369682,0.681293511757,
    0.740910505694,0.801853463619,0.86523968125,0.930940859419,1.),
  .UNSPECIFIED.);
#9185 = CARTESIAN_POINT('',(5.410357556882E-02,2.678754843951E-03));
#9186 = CARTESIAN_POINT('',(5.180539827629E-02,2.629715853662E-03));
#9187 = CARTESIAN_POINT('',(4.733937995136E-02,2.534419015608E-03));
#9188 = CARTESIAN_POINT('',(4.086283795511E-02,1.789234159814E-03));
#9189 = CARTESIAN_POINT('',(3.482657008939E-02,5.512861856452E-04));
#9190 = CARTESIAN_POINT('',(2.923913200495E-02,-1.239814300875E-03));
#9191 = CARTESIAN_POINT('',(2.406216841294E-02,-3.478944734462E-03));
#9192 = CARTESIAN_POINT('',(1.934491312105E-02,-6.272523510157E-03));
#9193 = CARTESIAN_POINT('',(1.506564593846E-02,-9.556671284301E-03));
#9194 = CARTESIAN_POINT('',(1.126935944155E-02,-1.334356177366E-02));
#9195 = CARTESIAN_POINT('',(7.931704418288E-03,-1.753806955421E-02));
#9196 = CARTESIAN_POINT('',(4.994449631906E-03,-2.203764447158E-02));
#9197 = CARTESIAN_POINT('',(2.52820066471E-03,-2.688116441042E-02));
#9198 = CARTESIAN_POINT('',(5.015625648953E-04,-3.203073112495E-02));
#9199 = CARTESIAN_POINT('',(-1.079820694153E-03,-3.750376150444E-02));
#9200 = CARTESIAN_POINT('',(-2.177460771532E-03,-4.328346777087E-02));
#9201 = CARTESIAN_POINT('',(-2.845601255795E-03,-4.938251885391E-02));
#9202 = CARTESIAN_POINT('',(-2.931362502207E-03,-5.355044518546E-02));
#9203 = CARTESIAN_POINT('',(-2.975311626306E-03,-5.568633661946E-02));
#9204 = ( GEOMETRIC_REPRESENTATION_CONTEXT(2) 
PARAMETRIC_REPRESENTATION_CONTEXT() REPRESENTATION_CONTEXT('2D SPACE',''
  ) );
#9205 = PCURVE('',#9206,#9245);
#9206 = B_SPLINE_SURFACE_WITH_KNOTS('',3,1,(
    (#9207,#9208)
    ,(#9209,#9210)
    ,(#9211,#9212)
    ,(#9213,#9214)
    ,(#9215,#9216)
    ,(#9217,#9218)
    ,(#9219,#9220)
    ,(#9221,#9222)
    ,(#9223,#9224)
    ,(#9225,#9226)
    ,(#9227,#9228)
    ,(#9229,#9230)
    ,(#9231,#9232)
    ,(#9233,#9234)
    ,(#9235,#9236)
    ,(#9237,#9238)
    ,(#9239,#9240)
    ,(#9241,#9242)
    ,(#9243,#9244
    )),.UNSPECIFIED.,.F.,.F.,.F.,(4,1,1,1,1,1,1,1,1,1,1,1,1,1,1,1,4),(2,
    2),(0.,7.430465465555E-02,0.144395278118,0.210501927383,
    0.273252216031,0.33381705022,0.392522656094,0.450081103081,
    0.507814926858,0.565459893874,0.623144369682,0.681293511757,
    0.740910505694,0.801853463619,0.86523968125,0.930940859419,1.),(0.,
    1.),.UNSPECIFIED.);
#9207 = CARTESIAN_POINT('',(8.79149054401E-04,0.149381099424,1.E-02));
#9208 = CARTESIAN_POINT('',(8.79149054401E-04,0.149381099424,
    6.776263578034E-18));
#9209 = CARTESIAN_POINT('',(3.177326346926E-03,0.149332060434,1.E-02));
#9210 = CARTESIAN_POINT('',(3.177326346926E-03,0.149332060434,
    6.776263578034E-18));
#9211 = CARTESIAN_POINT('',(7.643344671852E-03,0.149236763596,1.E-02));
#9212 = CARTESIAN_POINT('',(7.643344671852E-03,0.149236763596,
    6.776263578034E-18));
#9213 = CARTESIAN_POINT('',(1.411988666811E-02,0.14849157874,1.E-02));
#9214 = CARTESIAN_POINT('',(1.411988666811E-02,0.14849157874,
    6.776263578034E-18));
#9215 = CARTESIAN_POINT('',(2.015615453383E-02,0.147253630766,1.E-02));
#9216 = CARTESIAN_POINT('',(2.015615453383E-02,0.147253630766,
    6.776263578034E-18));
#9217 = CARTESIAN_POINT('',(2.574359261827E-02,0.145462530279,1.E-02));
#9218 = CARTESIAN_POINT('',(2.574359261827E-02,0.145462530279,
    6.776263578034E-18));
#9219 = CARTESIAN_POINT('',(3.092055621027E-02,0.143223399846,1.E-02));
#9220 = CARTESIAN_POINT('',(3.092055621027E-02,0.143223399846,
    6.776263578034E-18));
#9221 = CARTESIAN_POINT('',(3.563781150217E-02,0.14042982107,1.E-02));
#9222 = CARTESIAN_POINT('',(3.563781150217E-02,0.14042982107,
    6.776263578034E-18));
#9223 = CARTESIAN_POINT('',(3.991707868475E-02,0.137145673296,1.E-02));
#9224 = CARTESIAN_POINT('',(3.991707868475E-02,0.137145673296,
    6.776263578034E-18));
#9225 = CARTESIAN_POINT('',(4.371336518166E-02,0.133358782807,1.E-02));
#9226 = CARTESIAN_POINT('',(4.371336518166E-02,0.133358782807,
    6.776263578034E-18));
#9227 = CARTESIAN_POINT('',(4.705102020493E-02,0.129164275026,1.E-02));
#9228 = CARTESIAN_POINT('',(4.705102020493E-02,0.129164275026,
    6.776263578034E-18));
#9229 = CARTESIAN_POINT('',(4.998827499131E-02,0.124664700109,1.E-02));
#9230 = CARTESIAN_POINT('',(4.998827499131E-02,0.124664700109,
    6.776263578034E-18));
#9231 = CARTESIAN_POINT('',(5.245452395851E-02,0.11982118017,1.E-02));
#9232 = CARTESIAN_POINT('',(5.245452395851E-02,0.11982118017,
    6.776263578034E-18));
#9233 = CARTESIAN_POINT('',(5.448116205832E-02,0.114671613455,1.E-02));
#9234 = CARTESIAN_POINT('',(5.448116205832E-02,0.114671613455,
    6.776263578034E-18));
#9235 = CARTESIAN_POINT('',(5.606254531737E-02,0.109198583076,1.E-02));
#9236 = CARTESIAN_POINT('',(5.606254531737E-02,0.109198583076,
    6.776263578034E-18));
#9237 = CARTESIAN_POINT('',(5.716018539475E-02,0.103418876809,1.E-02));
#9238 = CARTESIAN_POINT('',(5.716018539475E-02,0.103418876809,
    6.776263578034E-18));
#9239 = CARTESIAN_POINT('',(5.782832587901E-02,9.73198257264E-02,1.E-02)
  );
#9240 = CARTESIAN_POINT('',(5.782832587901E-02,9.73198257264E-02,
    6.776263578034E-18));
#9241 = CARTESIAN_POINT('',(5.791408712542E-02,9.315189939484E-02,1.E-02
    ));
#9242 = CARTESIAN_POINT('',(5.791408712542E-02,9.315189939484E-02,
    6.776263578034E-18));
#9243 = CARTESIAN_POINT('',(5.795803624952E-02,9.101600796084E-02,1.E-02
    ));
#9244 = CARTESIAN_POINT('',(5.795803624952E-02,9.101600796084E-02,
    6.776263578034E-18));
#9245 = DEFINITIONAL_REPRESENTATION('',(#9246),#9250);
#9246 = LINE('',#9247,#9248);
#9247 = CARTESIAN_POINT('',(1.79562573839E-18,0.));
#9248 = VECTOR('',#9249,1.);
#9249 = DIRECTION('',(1.,0.));
#9250 = ( GEOMETRIC_REPRESENTATION_CONTEXT(2) 
PARAMETRIC_REPRESENTATION_CONTEXT() REPRESENTATION_CONTEXT('2D SPACE',''
  ) );
#9251 = ORIENTED_EDGE('',*,*,#9252,.F.);
#9252 = EDGE_CURVE('',#9253,#9157,#9255,.T.);
#9253 = VERTEX_POINT('',#9254);
#9254 = CARTESIAN_POINT('',(-5.911513448218E-02,9.018712076572E-02,
    1.E-02));
#9255 = SURFACE_CURVE('',#9256,(#9276,#9299),.PCURVE_S1.);
#9256 = B_SPLINE_CURVE_WITH_KNOTS('',3,(#9257,#9258,#9259,#9260,#9261,
    #9262,#9263,#9264,#9265,#9266,#9267,#9268,#9269,#9270,#9271,#9272,
    #9273,#9274,#9275),.UNSPECIFIED.,.F.,.F.,(4,1,1,1,1,1,1,1,1,1,1,1,1,
    1,1,1,4),(0.,7.083094766001E-02,0.138177568269,0.202487838857,
    0.263990060622,0.323400296474,0.381821207147,0.439417216559,
    0.497133888134,0.554896901119,0.612980197706,0.671518546661,
    0.731639145905,0.794285104962,0.859473524903,0.927676858178,1.),
  .UNSPECIFIED.);
#9257 = CARTESIAN_POINT('',(-5.911513448218E-02,9.018712076572E-02,
    1.E-02));
#9258 = CARTESIAN_POINT('',(-5.906627901705E-02,9.244725687923E-02,
    1.E-02));
#9259 = CARTESIAN_POINT('',(-5.897097139246E-02,9.68563481372E-02,1.E-02
    ));
#9260 = CARTESIAN_POINT('',(-5.821408904892E-02,0.103281820552,1.E-02));
#9261 = CARTESIAN_POINT('',(-5.699874276435E-02,0.109329389548,1.E-02));
#9262 = CARTESIAN_POINT('',(-5.529601815861E-02,0.114999628922,1.E-02));
#9263 = CARTESIAN_POINT('',(-5.303970999482E-02,0.120268776162,1.E-02));
#9264 = CARTESIAN_POINT('',(-5.032942866723E-02,0.125176442592,1.E-02));
#9265 = CARTESIAN_POINT('',(-4.710996180473E-02,0.129704684377,1.E-02));
#9266 = CARTESIAN_POINT('',(-4.337696283715E-02,0.133789698782,1.E-02));
#9267 = CARTESIAN_POINT('',(-3.921920700319E-02,0.137461341304,1.E-02));
#9268 = CARTESIAN_POINT('',(-3.466515275094E-02,0.140677861627,1.E-02));
#9269 = CARTESIAN_POINT('',(-2.970159914421E-02,0.143377474721,1.E-02));
#9270 = CARTESIAN_POINT('',(-2.43455749431E-02,0.14558913598,1.E-02));
#9271 = CARTESIAN_POINT('',(-1.85852454293E-02,0.147288161833,1.E-02));
#9272 = CARTESIAN_POINT('',(-1.244571093605E-02,0.148517999155,1.E-02));
#9273 = CARTESIAN_POINT('',(-5.91157409503E-03,0.149228776554,1.E-02));
#9274 = CARTESIAN_POINT('',(-1.42823791918E-03,0.149329342373,1.E-02));
#9275 = CARTESIAN_POINT('',(8.79149054401E-04,0.149381099424,1.E-02));
#9276 = PCURVE('',#7120,#9277);
#9277 = DEFINITIONAL_REPRESENTATION('',(#9278),#9298);
#9278 = B_SPLINE_CURVE_WITH_KNOTS('',3,(#9279,#9280,#9281,#9282,#9283,
    #9284,#9285,#9286,#9287,#9288,#9289,#9290,#9291,#9292,#9293,#9294,
    #9295,#9296,#9297),.UNSPECIFIED.,.F.,.F.,(4,1,1,1,1,1,1,1,1,1,1,1,1,
    1,1,1,4),(0.,7.083094766001E-02,0.138177568269,0.202487838857,
    0.263990060622,0.323400296474,0.381821207147,0.439417216559,
    0.497133888134,0.554896901119,0.612980197706,0.671518546661,
    0.731639145905,0.794285104962,0.859473524903,0.927676858178,1.),
  .UNSPECIFIED.);
#9279 = CARTESIAN_POINT('',(0.114097859105,-5.651522381459E-02));
#9280 = CARTESIAN_POINT('',(0.11404900364,-5.425508770107E-02));
#9281 = CARTESIAN_POINT('',(0.113953696016,-4.984599644311E-02));
#9282 = CARTESIAN_POINT('',(0.113196813672,-4.342052402807E-02));
#9283 = CARTESIAN_POINT('',(0.111981467388,-3.73729550322E-02));
#9284 = CARTESIAN_POINT('',(0.110278742782,-3.170271565848E-02));
#9285 = CARTESIAN_POINT('',(0.108022434618,-2.643356841838E-02));
#9286 = CARTESIAN_POINT('',(0.10531215329,-2.152590198839E-02));
#9287 = CARTESIAN_POINT('',(0.102092686428,-1.699766020341E-02));
#9288 = CARTESIAN_POINT('',(9.835968746037E-02,-1.291264579832E-02));
#9289 = CARTESIAN_POINT('',(9.420193162641E-02,-9.241003276355E-03));
#9290 = CARTESIAN_POINT('',(8.964787737416E-02,-6.024482953529E-03));
#9291 = CARTESIAN_POINT('',(8.468432376742E-02,-3.324869859184E-03));
#9292 = CARTESIAN_POINT('',(7.932829956631E-02,-1.113208600019E-03));
#9293 = CARTESIAN_POINT('',(7.356797005252E-02,5.85817252798E-04));
#9294 = CARTESIAN_POINT('',(6.742843555926E-02,1.815654575094E-03));
#9295 = CARTESIAN_POINT('',(6.089429871825E-02,2.526431973824E-03));
#9296 = CARTESIAN_POINT('',(5.64109625424E-02,2.626997792666E-03));
#9297 = CARTESIAN_POINT('',(5.410357556882E-02,2.678754843951E-03));
#9298 = ( GEOMETRIC_REPRESENTATION_CONTEXT(2) 
PARAMETRIC_REPRESENTATION_CONTEXT() REPRESENTATION_CONTEXT('2D SPACE',''
  ) );
#9299 = PCURVE('',#9300,#9339);
#9300 = B_SPLINE_SURFACE_WITH_KNOTS('',3,1,(
    (#9301,#9302)
    ,(#9303,#9304)
    ,(#9305,#9306)
    ,(#9307,#9308)
    ,(#9309,#9310)
    ,(#9311,#9312)
    ,(#9313,#9314)
    ,(#9315,#9316)
    ,(#9317,#9318)
    ,(#9319,#9320)
    ,(#9321,#9322)
    ,(#9323,#9324)
    ,(#9325,#9326)
    ,(#9327,#9328)
    ,(#9329,#9330)
    ,(#9331,#9332)
    ,(#9333,#9334)
    ,(#9335,#9336)
    ,(#9337,#9338
    )),.UNSPECIFIED.,.F.,.F.,.F.,(4,1,1,1,1,1,1,1,1,1,1,1,1,1,1,1,4),(2,
    2),(0.,7.083094766001E-02,0.138177568269,0.202487838857,
    0.263990060622,0.323400296474,0.381821207147,0.439417216559,
    0.497133888134,0.554896901119,0.612980197706,0.671518546661,
    0.731639145905,0.794285104962,0.859473524903,0.927676858178,1.),(0.,
    1.),.UNSPECIFIED.);
#9301 = CARTESIAN_POINT('',(-5.911513448218E-02,9.018712076572E-02,
    1.E-02));
#9302 = CARTESIAN_POINT('',(-5.911513448218E-02,9.018712076572E-02,
    6.776263578034E-18));
#9303 = CARTESIAN_POINT('',(-5.906627901705E-02,9.244725687923E-02,
    1.E-02));
#9304 = CARTESIAN_POINT('',(-5.906627901705E-02,9.244725687923E-02,
    6.776263578034E-18));
#9305 = CARTESIAN_POINT('',(-5.897097139246E-02,9.68563481372E-02,1.E-02
    ));
#9306 = CARTESIAN_POINT('',(-5.897097139246E-02,9.68563481372E-02,
    6.776263578034E-18));
#9307 = CARTESIAN_POINT('',(-5.821408904892E-02,0.103281820552,1.E-02));
#9308 = CARTESIAN_POINT('',(-5.821408904892E-02,0.103281820552,
    6.776263578034E-18));
#9309 = CARTESIAN_POINT('',(-5.699874276435E-02,0.109329389548,1.E-02));
#9310 = CARTESIAN_POINT('',(-5.699874276435E-02,0.109329389548,
    6.776263578034E-18));
#9311 = CARTESIAN_POINT('',(-5.529601815861E-02,0.114999628922,1.E-02));
#9312 = CARTESIAN_POINT('',(-5.529601815861E-02,0.114999628922,
    6.776263578034E-18));
#9313 = CARTESIAN_POINT('',(-5.303970999482E-02,0.120268776162,1.E-02));
#9314 = CARTESIAN_POINT('',(-5.303970999482E-02,0.120268776162,
    6.776263578034E-18));
#9315 = CARTESIAN_POINT('',(-5.032942866723E-02,0.125176442592,1.E-02));
#9316 = CARTESIAN_POINT('',(-5.032942866723E-02,0.125176442592,
    6.776263578034E-18));
#9317 = CARTESIAN_POINT('',(-4.710996180473E-02,0.129704684377,1.E-02));
#9318 = CARTESIAN_POINT('',(-4.710996180473E-02,0.129704684377,
    6.776263578034E-18));
#9319 = CARTESIAN_POINT('',(-4.337696283715E-02,0.133789698782,1.E-02));
#9320 = CARTESIAN_POINT('',(-4.337696283715E-02,0.133789698782,
    6.776263578034E-18));
#9321 = CARTESIAN_POINT('',(-3.921920700319E-02,0.137461341304,1.E-02));
#9322 = CARTESIAN_POINT('',(-3.921920700319E-02,0.137461341304,
    6.776263578034E-18));
#9323 = CARTESIAN_POINT('',(-3.466515275094E-02,0.140677861627,1.E-02));
#9324 = CARTESIAN_POINT('',(-3.466515275094E-02,0.140677861627,
    6.776263578034E-18));
#9325 = CARTESIAN_POINT('',(-2.970159914421E-02,0.143377474721,1.E-02));
#9326 = CARTESIAN_POINT('',(-2.970159914421E-02,0.143377474721,
    6.776263578034E-18));
#9327 = CARTESIAN_POINT('',(-2.43455749431E-02,0.14558913598,1.E-02));
#9328 = CARTESIAN_POINT('',(-2.43455749431E-02,0.14558913598,
    6.776263578034E-18));
#9329 = CARTESIAN_POINT('',(-1.85852454293E-02,0.147288161833,1.E-02));
#9330 = CARTESIAN_POINT('',(-1.85852454293E-02,0.147288161833,
    6.776263578034E-18));
#9331 = CARTESIAN_POINT('',(-1.244571093605E-02,0.148517999155,1.E-02));
#9332 = CARTESIAN_POINT('',(-1.244571093605E-02,0.148517999155,
    6.776263578034E-18));
#9333 = CARTESIAN_POINT('',(-5.91157409503E-03,0.149228776554,1.E-02));
#9334 = CARTESIAN_POINT('',(-5.91157409503E-03,0.149228776554,
    6.776263578034E-18));
#9335 = CARTESIAN_POINT('',(-1.42823791918E-03,0.149329342373,1.E-02));
#9336 = CARTESIAN_POINT('',(-1.42823791918E-03,0.149329342373,
    6.776263578034E-18));
#9337 = CARTESIAN_POINT('',(8.79149054401E-04,0.149381099424,1.E-02));
#9338 = CARTESIAN_POINT('',(8.79149054401E-04,0.149381099424,
    6.776263578034E-18));
#9339 = DEFINITIONAL_REPRESENTATION('',(#9340),#9344);
#9340 = LINE('',#9341,#9342);
#9341 = CARTESIAN_POINT('',(0.,0.));
#9342 = VECTOR('',#9343,1.);
#9343 = DIRECTION('',(1.,0.));
#9344 = ( GEOMETRIC_REPRESENTATION_CONTEXT(2) 
PARAMETRIC_REPRESENTATION_CONTEXT() REPRESENTATION_CONTEXT('2D SPACE',''
  ) );
#9345 = ORIENTED_EDGE('',*,*,#9346,.F.);
#9346 = EDGE_CURVE('',#9347,#9253,#9349,.T.);
#9347 = VERTEX_POINT('',#9348);
#9348 = CARTESIAN_POINT('',(-5.911513448218E-02,6.889329454621E-02,
    1.E-02));
#9349 = SURFACE_CURVE('',#9350,(#9354,#9361),.PCURVE_S1.);
#9350 = LINE('',#9351,#9352);
#9351 = CARTESIAN_POINT('',(-5.911513448218E-02,6.889329454621E-02,
    1.E-02));
#9352 = VECTOR('',#9353,1.);
#9353 = DIRECTION('',(0.,1.,0.));
#9354 = PCURVE('',#7120,#9355);
#9355 = DEFINITIONAL_REPRESENTATION('',(#9356),#9360);
#9356 = LINE('',#9357,#9358);
#9357 = CARTESIAN_POINT('',(0.114097859105,-7.78090500341E-02));
#9358 = VECTOR('',#9359,1.);
#9359 = DIRECTION('',(0.,1.));
#9360 = ( GEOMETRIC_REPRESENTATION_CONTEXT(2) 
PARAMETRIC_REPRESENTATION_CONTEXT() REPRESENTATION_CONTEXT('2D SPACE',''
  ) );
#9361 = PCURVE('',#9362,#9367);
#9362 = PLANE('',#9363);
#9363 = AXIS2_PLACEMENT_3D('',#9364,#9365,#9366);
#9364 = CARTESIAN_POINT('',(-5.911513448218E-02,6.889329454621E-02,
    1.E-02));
#9365 = DIRECTION('',(-1.,0.,0.));
#9366 = DIRECTION('',(0.,0.,1.));
#9367 = DEFINITIONAL_REPRESENTATION('',(#9368),#9372);
#9368 = LINE('',#9369,#9370);
#9369 = CARTESIAN_POINT('',(0.,0.));
#9370 = VECTOR('',#9371,1.);
#9371 = DIRECTION('',(0.,1.));
#9372 = ( GEOMETRIC_REPRESENTATION_CONTEXT(2) 
PARAMETRIC_REPRESENTATION_CONTEXT() REPRESENTATION_CONTEXT('2D SPACE',''
  ) );
#9373 = ORIENTED_EDGE('',*,*,#9374,.F.);
#9374 = EDGE_CURVE('',#9375,#9347,#9377,.T.);
#9375 = VERTEX_POINT('',#9376);
#9376 = CARTESIAN_POINT('',(5.795803624952E-02,6.889329454621E-02,1.E-02
    ));
#9377 = SURFACE_CURVE('',#9378,(#9382,#9389),.PCURVE_S1.);
#9378 = LINE('',#9379,#9380);
#9379 = CARTESIAN_POINT('',(5.795803624952E-02,6.889329454621E-02,1.E-02
    ));
#9380 = VECTOR('',#9381,1.);
#9381 = DIRECTION('',(-1.,0.,0.));
#9382 = PCURVE('',#7120,#9383);
#9383 = DEFINITIONAL_REPRESENTATION('',(#9384),#9388);
#9384 = LINE('',#9385,#9386);
#9385 = CARTESIAN_POINT('',(-2.975311626306E-03,-7.78090500341E-02));
#9386 = VECTOR('',#9387,1.);
#9387 = DIRECTION('',(1.,0.));
#9388 = ( GEOMETRIC_REPRESENTATION_CONTEXT(2) 
PARAMETRIC_REPRESENTATION_CONTEXT() REPRESENTATION_CONTEXT('2D SPACE',''
  ) );
#9389 = PCURVE('',#9390,#9395);
#9390 = PLANE('',#9391);
#9391 = AXIS2_PLACEMENT_3D('',#9392,#9393,#9394);
#9392 = CARTESIAN_POINT('',(5.795803624952E-02,6.889329454621E-02,1.E-02
    ));
#9393 = DIRECTION('',(0.,-1.,0.));
#9394 = DIRECTION('',(0.,-0.,-1.));
#9395 = DEFINITIONAL_REPRESENTATION('',(#9396),#9400);
#9396 = LINE('',#9397,#9398);
#9397 = CARTESIAN_POINT('',(0.,0.));
#9398 = VECTOR('',#9399,1.);
#9399 = DIRECTION('',(-0.,-1.));
#9400 = ( GEOMETRIC_REPRESENTATION_CONTEXT(2) 
PARAMETRIC_REPRESENTATION_CONTEXT() REPRESENTATION_CONTEXT('2D SPACE',''
  ) );
#9401 = ORIENTED_EDGE('',*,*,#9402,.F.);
#9402 = EDGE_CURVE('',#9159,#9375,#9403,.T.);
#9403 = SURFACE_CURVE('',#9404,(#9408,#9415),.PCURVE_S1.);
#9404 = LINE('',#9405,#9406);
#9405 = CARTESIAN_POINT('',(5.795803624952E-02,9.101600796084E-02,1.E-02
    ));
#9406 = VECTOR('',#9407,1.);
#9407 = DIRECTION('',(0.,-1.,0.));
#9408 = PCURVE('',#7120,#9409);
#9409 = DEFINITIONAL_REPRESENTATION('',(#9410),#9414);
#9410 = LINE('',#9411,#9412);
#9411 = CARTESIAN_POINT('',(-2.975311626306E-03,-5.568633661946E-02));
#9412 = VECTOR('',#9413,1.);
#9413 = DIRECTION('',(0.,-1.));
#9414 = ( GEOMETRIC_REPRESENTATION_CONTEXT(2) 
PARAMETRIC_REPRESENTATION_CONTEXT() REPRESENTATION_CONTEXT('2D SPACE',''
  ) );
#9415 = PCURVE('',#9416,#9421);
#9416 = PLANE('',#9417);
#9417 = AXIS2_PLACEMENT_3D('',#9418,#9419,#9420);
#9418 = CARTESIAN_POINT('',(5.795803624952E-02,9.101600796084E-02,1.E-02
    ));
#9419 = DIRECTION('',(1.,0.,-0.));
#9420 = DIRECTION('',(-0.,0.,-1.));
#9421 = DEFINITIONAL_REPRESENTATION('',(#9422),#9426);
#9422 = LINE('',#9423,#9424);
#9423 = CARTESIAN_POINT('',(0.,0.));
#9424 = VECTOR('',#9425,1.);
#9425 = DIRECTION('',(-0.,-1.));
#9426 = ( GEOMETRIC_REPRESENTATION_CONTEXT(2) 
PARAMETRIC_REPRESENTATION_CONTEXT() REPRESENTATION_CONTEXT('2D SPACE',''
  ) );
#9427 = FACE_BOUND('',#9428,.T.);
#9428 = EDGE_LOOP('',(#9429,#9430,#9431,#9432,#9433));
#9429 = ORIENTED_EDGE('',*,*,#7173,.F.);
#9430 = ORIENTED_EDGE('',*,*,#7088,.F.);
#9431 = ORIENTED_EDGE('',*,*,#7319,.F.);
#9432 = ORIENTED_EDGE('',*,*,#7271,.F.);
#9433 = ORIENTED_EDGE('',*,*,#7222,.F.);
#9434 = ADVANCED_FACE('',(#9435),#7416,.F.);
#9435 = FACE_BOUND('',#9436,.T.);
#9436 = EDGE_LOOP('',(#9437,#9438,#9439,#9440,#9441,#9442,#9443,#9444,
    #9445,#9446,#9447,#9448));
#9437 = ORIENTED_EDGE('',*,*,#7454,.F.);
#9438 = ORIENTED_EDGE('',*,*,#7400,.F.);
#9439 = ORIENTED_EDGE('',*,*,#7944,.F.);
#9440 = ORIENTED_EDGE('',*,*,#7895,.F.);
#9441 = ORIENTED_EDGE('',*,*,#7846,.F.);
#9442 = ORIENTED_EDGE('',*,*,#7797,.F.);
#9443 = ORIENTED_EDGE('',*,*,#7748,.F.);
#9444 = ORIENTED_EDGE('',*,*,#7699,.F.);
#9445 = ORIENTED_EDGE('',*,*,#7650,.F.);
#9446 = ORIENTED_EDGE('',*,*,#7601,.F.);
#9447 = ORIENTED_EDGE('',*,*,#7552,.F.);
#9448 = ORIENTED_EDGE('',*,*,#7503,.F.);
#9449 = ADVANCED_FACE('',(#9450),#8015,.T.);
#9450 = FACE_BOUND('',#9451,.T.);
#9451 = EDGE_LOOP('',(#9452,#9453,#9454,#9455,#9456,#9457,#9458,#9459,
    #9460,#9461));
#9452 = ORIENTED_EDGE('',*,*,#8060,.F.);
#9453 = ORIENTED_EDGE('',*,*,#7991,.F.);
#9454 = ORIENTED_EDGE('',*,*,#8583,.F.);
#9455 = ORIENTED_EDGE('',*,*,#8504,.F.);
#9456 = ORIENTED_EDGE('',*,*,#8441,.F.);
#9457 = ORIENTED_EDGE('',*,*,#8393,.F.);
#9458 = ORIENTED_EDGE('',*,*,#8329,.F.);
#9459 = ORIENTED_EDGE('',*,*,#8250,.F.);
#9460 = ORIENTED_EDGE('',*,*,#8171,.F.);
#9461 = ORIENTED_EDGE('',*,*,#8108,.F.);
#9462 = ADVANCED_FACE('',(#9463),#8680,.F.);
#9463 = FACE_BOUND('',#9464,.T.);
#9464 = EDGE_LOOP('',(#9465,#9466,#9467,#9468,#9469,#9470));
#9465 = ORIENTED_EDGE('',*,*,#8718,.F.);
#9466 = ORIENTED_EDGE('',*,*,#8664,.F.);
#9467 = ORIENTED_EDGE('',*,*,#8914,.F.);
#9468 = ORIENTED_EDGE('',*,*,#8865,.F.);
#9469 = ORIENTED_EDGE('',*,*,#8816,.F.);
#9470 = ORIENTED_EDGE('',*,*,#8767,.F.);
#9471 = ADVANCED_FACE('',(#9472),#8957,.T.);
#9472 = FACE_BOUND('',#9473,.T.);
#9473 = EDGE_LOOP('',(#9474,#9504,#9525,#9526));
#9474 = ORIENTED_EDGE('',*,*,#9475,.F.);
#9475 = EDGE_CURVE('',#9476,#9478,#9480,.T.);
#9476 = VERTEX_POINT('',#9477);
#9477 = CARTESIAN_POINT('',(-1.704196375048E-02,0.221808690888,0.));
#9478 = VERTEX_POINT('',#9479);
#9479 = CARTESIAN_POINT('',(-1.704196375048E-02,0.271970657351,0.));
#9480 = SURFACE_CURVE('',#9481,(#9485,#9492),.PCURVE_S1.);
#9481 = LINE('',#9482,#9483);
#9482 = CARTESIAN_POINT('',(-1.704196375048E-02,0.221808690888,0.));
#9483 = VECTOR('',#9484,1.);
#9484 = DIRECTION('',(0.,1.,0.));
#9485 = PCURVE('',#8957,#9486);
#9486 = DEFINITIONAL_REPRESENTATION('',(#9487),#9491);
#9487 = LINE('',#9488,#9489);
#9488 = CARTESIAN_POINT('',(-1.E-02,0.));
#9489 = VECTOR('',#9490,1.);
#9490 = DIRECTION('',(0.,1.));
#9491 = ( GEOMETRIC_REPRESENTATION_CONTEXT(2) 
PARAMETRIC_REPRESENTATION_CONTEXT() REPRESENTATION_CONTEXT('2D SPACE',''
  ) );
#9492 = PCURVE('',#9493,#9498);
#9493 = PLANE('',#9494);
#9494 = AXIS2_PLACEMENT_3D('',#9495,#9496,#9497);
#9495 = CARTESIAN_POINT('',(0.,0.,0.));
#9496 = DIRECTION('',(0.,0.,-1.));
#9497 = DIRECTION('',(-1.,0.,-0.));
#9498 = DEFINITIONAL_REPRESENTATION('',(#9499),#9503);
#9499 = LINE('',#9500,#9501);
#9500 = CARTESIAN_POINT('',(1.704196375048E-02,0.221808690888));
#9501 = VECTOR('',#9502,1.);
#9502 = DIRECTION('',(0.,1.));
#9503 = ( GEOMETRIC_REPRESENTATION_CONTEXT(2) 
PARAMETRIC_REPRESENTATION_CONTEXT() REPRESENTATION_CONTEXT('2D SPACE',''
  ) );
#9504 = ORIENTED_EDGE('',*,*,#9505,.F.);
#9505 = EDGE_CURVE('',#8940,#9476,#9506,.T.);
#9506 = SURFACE_CURVE('',#9507,(#9511,#9518),.PCURVE_S1.);
#9507 = LINE('',#9508,#9509);
#9508 = CARTESIAN_POINT('',(-1.704196375048E-02,0.221808690888,1.E-02));
#9509 = VECTOR('',#9510,1.);
#9510 = DIRECTION('',(-0.,-0.,-1.));
#9511 = PCURVE('',#8957,#9512);
#9512 = DEFINITIONAL_REPRESENTATION('',(#9513),#9517);
#9513 = LINE('',#9514,#9515);
#9514 = CARTESIAN_POINT('',(0.,0.));
#9515 = VECTOR('',#9516,1.);
#9516 = DIRECTION('',(-1.,0.));
#9517 = ( GEOMETRIC_REPRESENTATION_CONTEXT(2) 
PARAMETRIC_REPRESENTATION_CONTEXT() REPRESENTATION_CONTEXT('2D SPACE',''
  ) );
#9518 = PCURVE('',#8985,#9519);
#9519 = DEFINITIONAL_REPRESENTATION('',(#9520),#9524);
#9520 = LINE('',#9521,#9522);
#9521 = CARTESIAN_POINT('',(-6.652962098762E-02,0.));
#9522 = VECTOR('',#9523,1.);
#9523 = DIRECTION('',(0.,-1.));
#9524 = ( GEOMETRIC_REPRESENTATION_CONTEXT(2) 
PARAMETRIC_REPRESENTATION_CONTEXT() REPRESENTATION_CONTEXT('2D SPACE',''
  ) );
#9525 = ORIENTED_EDGE('',*,*,#8939,.T.);
#9526 = ORIENTED_EDGE('',*,*,#9527,.T.);
#9527 = EDGE_CURVE('',#8942,#9478,#9528,.T.);
#9528 = SURFACE_CURVE('',#9529,(#9533,#9540),.PCURVE_S1.);
#9529 = LINE('',#9530,#9531);
#9530 = CARTESIAN_POINT('',(-1.704196375048E-02,0.271970657351,1.E-02));
#9531 = VECTOR('',#9532,1.);
#9532 = DIRECTION('',(-0.,-0.,-1.));
#9533 = PCURVE('',#8957,#9534);
#9534 = DEFINITIONAL_REPRESENTATION('',(#9535),#9539);
#9535 = LINE('',#9536,#9537);
#9536 = CARTESIAN_POINT('',(0.,5.016196646341E-02));
#9537 = VECTOR('',#9538,1.);
#9538 = DIRECTION('',(-1.,0.));
#9539 = ( GEOMETRIC_REPRESENTATION_CONTEXT(2) 
PARAMETRIC_REPRESENTATION_CONTEXT() REPRESENTATION_CONTEXT('2D SPACE',''
  ) );
#9540 = PCURVE('',#9131,#9541);
#9541 = DEFINITIONAL_REPRESENTATION('',(#9542),#9546);
#9542 = LINE('',#9543,#9544);
#9543 = CARTESIAN_POINT('',(0.,0.));
#9544 = VECTOR('',#9545,1.);
#9545 = DIRECTION('',(0.,-1.));
#9546 = ( GEOMETRIC_REPRESENTATION_CONTEXT(2) 
PARAMETRIC_REPRESENTATION_CONTEXT() REPRESENTATION_CONTEXT('2D SPACE',''
  ) );
#9547 = ADVANCED_FACE('',(#9548),#8985,.T.);
#9548 = FACE_BOUND('',#9549,.T.);
#9549 = EDGE_LOOP('',(#9550,#9573,#9593,#9594));
#9550 = ORIENTED_EDGE('',*,*,#9551,.F.);
#9551 = EDGE_CURVE('',#9552,#9476,#9554,.T.);
#9552 = VERTEX_POINT('',#9553);
#9553 = CARTESIAN_POINT('',(4.561047527391E-02,0.244188645156,0.));
#9554 = SURFACE_CURVE('',#9555,(#9559,#9566),.PCURVE_S1.);
#9555 = LINE('',#9556,#9557);
#9556 = CARTESIAN_POINT('',(4.561047527391E-02,0.244188645156,0.));
#9557 = VECTOR('',#9558,1.);
#9558 = DIRECTION('',(-0.941722470297,-0.336390827665,0.));
#9559 = PCURVE('',#8985,#9560);
#9560 = DEFINITIONAL_REPRESENTATION('',(#9561),#9565);
#9561 = LINE('',#9562,#9563);
#9562 = CARTESIAN_POINT('',(0.,-1.E-02));
#9563 = VECTOR('',#9564,1.);
#9564 = DIRECTION('',(-1.,0.));
#9565 = ( GEOMETRIC_REPRESENTATION_CONTEXT(2) 
PARAMETRIC_REPRESENTATION_CONTEXT() REPRESENTATION_CONTEXT('2D SPACE',''
  ) );
#9566 = PCURVE('',#9493,#9567);
#9567 = DEFINITIONAL_REPRESENTATION('',(#9568),#9572);
#9568 = LINE('',#9569,#9570);
#9569 = CARTESIAN_POINT('',(-4.561047527391E-02,0.244188645156));
#9570 = VECTOR('',#9571,1.);
#9571 = DIRECTION('',(0.941722470297,-0.336390827665));
#9572 = ( GEOMETRIC_REPRESENTATION_CONTEXT(2) 
PARAMETRIC_REPRESENTATION_CONTEXT() REPRESENTATION_CONTEXT('2D SPACE',''
  ) );
#9573 = ORIENTED_EDGE('',*,*,#9574,.F.);
#9574 = EDGE_CURVE('',#8970,#9552,#9575,.T.);
#9575 = SURFACE_CURVE('',#9576,(#9580,#9587),.PCURVE_S1.);
#9576 = LINE('',#9577,#9578);
#9577 = CARTESIAN_POINT('',(4.561047527391E-02,0.244188645156,1.E-02));
#9578 = VECTOR('',#9579,1.);
#9579 = DIRECTION('',(-0.,-0.,-1.));
#9580 = PCURVE('',#8985,#9581);
#9581 = DEFINITIONAL_REPRESENTATION('',(#9582),#9586);
#9582 = LINE('',#9583,#9584);
#9583 = CARTESIAN_POINT('',(0.,0.));
#9584 = VECTOR('',#9585,1.);
#9585 = DIRECTION('',(0.,-1.));
#9586 = ( GEOMETRIC_REPRESENTATION_CONTEXT(2) 
PARAMETRIC_REPRESENTATION_CONTEXT() REPRESENTATION_CONTEXT('2D SPACE',''
  ) );
#9587 = PCURVE('',#9021,#9588);
#9588 = DEFINITIONAL_REPRESENTATION('',(#9589),#9592);
#9589 = B_SPLINE_CURVE_WITH_KNOTS('',1,(#9590,#9591),.UNSPECIFIED.,.F.,
  .F.,(2,2),(-0.,1.E-02),.PIECEWISE_BEZIER_KNOTS.);
#9590 = CARTESIAN_POINT('',(1.,0.));
#9591 = CARTESIAN_POINT('',(1.,1.));
#9592 = ( GEOMETRIC_REPRESENTATION_CONTEXT(2) 
PARAMETRIC_REPRESENTATION_CONTEXT() REPRESENTATION_CONTEXT('2D SPACE',''
  ) );
#9593 = ORIENTED_EDGE('',*,*,#8969,.T.);
#9594 = ORIENTED_EDGE('',*,*,#9505,.T.);
#9595 = ADVANCED_FACE('',(#9596),#9021,.T.);
#9596 = FACE_BOUND('',#9597,.T.);
#9597 = EDGE_LOOP('',(#9598,#9629,#9649,#9650));
#9598 = ORIENTED_EDGE('',*,*,#9599,.F.);
#9599 = EDGE_CURVE('',#9600,#9552,#9602,.T.);
#9600 = VERTEX_POINT('',#9601);
#9601 = CARTESIAN_POINT('',(5.612876795684E-02,0.24658955979,0.));
#9602 = SURFACE_CURVE('',#9603,(#9611,#9618),.PCURVE_S1.);
#9603 = B_SPLINE_CURVE_WITH_KNOTS('',3,(#9604,#9605,#9606,#9607,#9608,
    #9609,#9610),.UNSPECIFIED.,.F.,.F.,(4,1,1,1,4),(0.,0.300541113159,
    0.567747146484,0.800033613737,1.),.UNSPECIFIED.);
#9604 = CARTESIAN_POINT('',(5.612876795684E-02,0.24658955979,0.));
#9605 = CARTESIAN_POINT('',(5.506063411361E-02,0.246414647419,-0.));
#9606 = CARTESIAN_POINT('',(5.304284049068E-02,0.24608422341,0.));
#9607 = CARTESIAN_POINT('',(5.02154938721E-02,0.245526450179,0.));
#9608 = CARTESIAN_POINT('',(4.777202218859E-02,0.244905429091,0.));
#9609 = CARTESIAN_POINT('',(4.629415697493E-02,0.244415358745,-0.));
#9610 = CARTESIAN_POINT('',(4.561047527391E-02,0.244188645156,0.));
#9611 = PCURVE('',#9021,#9612);
#9612 = DEFINITIONAL_REPRESENTATION('',(#9613),#9617);
#9613 = LINE('',#9614,#9615);
#9614 = CARTESIAN_POINT('',(0.,1.));
#9615 = VECTOR('',#9616,1.);
#9616 = DIRECTION('',(1.,0.));
#9617 = ( GEOMETRIC_REPRESENTATION_CONTEXT(2) 
PARAMETRIC_REPRESENTATION_CONTEXT() REPRESENTATION_CONTEXT('2D SPACE',''
  ) );
#9618 = PCURVE('',#9493,#9619);
#9619 = DEFINITIONAL_REPRESENTATION('',(#9620),#9628);
#9620 = B_SPLINE_CURVE_WITH_KNOTS('',3,(#9621,#9622,#9623,#9624,#9625,
    #9626,#9627),.UNSPECIFIED.,.F.,.F.,(4,1,1,1,4),(0.,0.300541113159,
    0.567747146484,0.800033613737,1.),.UNSPECIFIED.);
#9621 = CARTESIAN_POINT('',(-5.612876795684E-02,0.24658955979));
#9622 = CARTESIAN_POINT('',(-5.506063411361E-02,0.246414647419));
#9623 = CARTESIAN_POINT('',(-5.304284049068E-02,0.24608422341));
#9624 = CARTESIAN_POINT('',(-5.02154938721E-02,0.245526450179));
#9625 = CARTESIAN_POINT('',(-4.777202218859E-02,0.244905429091));
#9626 = CARTESIAN_POINT('',(-4.629415697493E-02,0.244415358745));
#9627 = CARTESIAN_POINT('',(-4.561047527391E-02,0.244188645156));
#9628 = ( GEOMETRIC_REPRESENTATION_CONTEXT(2) 
PARAMETRIC_REPRESENTATION_CONTEXT() REPRESENTATION_CONTEXT('2D SPACE',''
  ) );
#9629 = ORIENTED_EDGE('',*,*,#9630,.F.);
#9630 = EDGE_CURVE('',#8998,#9600,#9631,.T.);
#9631 = SURFACE_CURVE('',#9632,(#9636,#9642),.PCURVE_S1.);
#9632 = LINE('',#9633,#9634);
#9633 = CARTESIAN_POINT('',(5.612876795684E-02,0.24658955979,1.E-02));
#9634 = VECTOR('',#9635,1.);
#9635 = DIRECTION('',(-0.,-0.,-1.));
#9636 = PCURVE('',#9021,#9637);
#9637 = DEFINITIONAL_REPRESENTATION('',(#9638),#9641);
#9638 = B_SPLINE_CURVE_WITH_KNOTS('',1,(#9639,#9640),.UNSPECIFIED.,.F.,
  .F.,(2,2),(-0.,1.E-02),.PIECEWISE_BEZIER_KNOTS.);
#9639 = CARTESIAN_POINT('',(0.,0.));
#9640 = CARTESIAN_POINT('',(0.,1.));
#9641 = ( GEOMETRIC_REPRESENTATION_CONTEXT(2) 
PARAMETRIC_REPRESENTATION_CONTEXT() REPRESENTATION_CONTEXT('2D SPACE',''
  ) );
#9642 = PCURVE('',#9059,#9643);
#9643 = DEFINITIONAL_REPRESENTATION('',(#9644),#9648);
#9644 = LINE('',#9645,#9646);
#9645 = CARTESIAN_POINT('',(-0.,-4.858993902439E-04));
#9646 = VECTOR('',#9647,1.);
#9647 = DIRECTION('',(1.,-0.));
#9648 = ( GEOMETRIC_REPRESENTATION_CONTEXT(2) 
PARAMETRIC_REPRESENTATION_CONTEXT() REPRESENTATION_CONTEXT('2D SPACE',''
  ) );
#9649 = ORIENTED_EDGE('',*,*,#8997,.T.);
#9650 = ORIENTED_EDGE('',*,*,#9574,.T.);
#9651 = ADVANCED_FACE('',(#9652),#9059,.T.);
#9652 = FACE_BOUND('',#9653,.T.);
#9653 = EDGE_LOOP('',(#9654,#9677,#9697,#9698));
#9654 = ORIENTED_EDGE('',*,*,#9655,.F.);
#9655 = EDGE_CURVE('',#9656,#9600,#9658,.T.);
#9656 = VERTEX_POINT('',#9657);
#9657 = CARTESIAN_POINT('',(5.612876795684E-02,0.24707545918,0.));
#9658 = SURFACE_CURVE('',#9659,(#9663,#9670),.PCURVE_S1.);
#9659 = LINE('',#9660,#9661);
#9660 = CARTESIAN_POINT('',(5.612876795684E-02,0.24707545918,0.));
#9661 = VECTOR('',#9662,1.);
#9662 = DIRECTION('',(0.,-1.,0.));
#9663 = PCURVE('',#9059,#9664);
#9664 = DEFINITIONAL_REPRESENTATION('',(#9665),#9669);
#9665 = LINE('',#9666,#9667);
#9666 = CARTESIAN_POINT('',(1.E-02,0.));
#9667 = VECTOR('',#9668,1.);
#9668 = DIRECTION('',(-0.,-1.));
#9669 = ( GEOMETRIC_REPRESENTATION_CONTEXT(2) 
PARAMETRIC_REPRESENTATION_CONTEXT() REPRESENTATION_CONTEXT('2D SPACE',''
  ) );
#9670 = PCURVE('',#9493,#9671);
#9671 = DEFINITIONAL_REPRESENTATION('',(#9672),#9676);
#9672 = LINE('',#9673,#9674);
#9673 = CARTESIAN_POINT('',(-5.612876795684E-02,0.24707545918));
#9674 = VECTOR('',#9675,1.);
#9675 = DIRECTION('',(-0.,-1.));
#9676 = ( GEOMETRIC_REPRESENTATION_CONTEXT(2) 
PARAMETRIC_REPRESENTATION_CONTEXT() REPRESENTATION_CONTEXT('2D SPACE',''
  ) );
#9677 = ORIENTED_EDGE('',*,*,#9678,.F.);
#9678 = EDGE_CURVE('',#9044,#9656,#9679,.T.);
#9679 = SURFACE_CURVE('',#9680,(#9684,#9691),.PCURVE_S1.);
#9680 = LINE('',#9681,#9682);
#9681 = CARTESIAN_POINT('',(5.612876795684E-02,0.24707545918,1.E-02));
#9682 = VECTOR('',#9683,1.);
#9683 = DIRECTION('',(-0.,-0.,-1.));
#9684 = PCURVE('',#9059,#9685);
#9685 = DEFINITIONAL_REPRESENTATION('',(#9686),#9690);
#9686 = LINE('',#9687,#9688);
#9687 = CARTESIAN_POINT('',(0.,0.));
#9688 = VECTOR('',#9689,1.);
#9689 = DIRECTION('',(1.,-0.));
#9690 = ( GEOMETRIC_REPRESENTATION_CONTEXT(2) 
PARAMETRIC_REPRESENTATION_CONTEXT() REPRESENTATION_CONTEXT('2D SPACE',''
  ) );
#9691 = PCURVE('',#9095,#9692);
#9692 = DEFINITIONAL_REPRESENTATION('',(#9693),#9696);
#9693 = B_SPLINE_CURVE_WITH_KNOTS('',1,(#9694,#9695),.UNSPECIFIED.,.F.,
  .F.,(2,2),(-0.,1.E-02),.PIECEWISE_BEZIER_KNOTS.);
#9694 = CARTESIAN_POINT('',(1.,0.));
#9695 = CARTESIAN_POINT('',(1.,1.));
#9696 = ( GEOMETRIC_REPRESENTATION_CONTEXT(2) 
PARAMETRIC_REPRESENTATION_CONTEXT() REPRESENTATION_CONTEXT('2D SPACE',''
  ) );
#9697 = ORIENTED_EDGE('',*,*,#9043,.T.);
#9698 = ORIENTED_EDGE('',*,*,#9630,.T.);
#9699 = ADVANCED_FACE('',(#9700),#9095,.T.);
#9700 = FACE_BOUND('',#9701,.T.);
#9701 = EDGE_LOOP('',(#9702,#9733,#9753,#9754));
#9702 = ORIENTED_EDGE('',*,*,#9703,.F.);
#9703 = EDGE_CURVE('',#9704,#9656,#9706,.T.);
#9704 = VERTEX_POINT('',#9705);
#9705 = CARTESIAN_POINT('',(4.561047527391E-02,0.249390626863,0.));
#9706 = SURFACE_CURVE('',#9707,(#9715,#9722),.PCURVE_S1.);
#9707 = B_SPLINE_CURVE_WITH_KNOTS('',3,(#9708,#9709,#9710,#9711,#9712,
    #9713,#9714),.UNSPECIFIED.,.F.,.F.,(4,1,1,1,4),(0.,0.174481715317,
    0.398285759128,0.673897847399,1.),.UNSPECIFIED.);
#9708 = CARTESIAN_POINT('',(4.561047527391E-02,0.249390626863,0.));
#9709 = CARTESIAN_POINT('',(4.620895044188E-02,0.249203441095,-0.));
#9710 = CARTESIAN_POINT('',(4.757507717991E-02,0.248776156059,0.));
#9711 = CARTESIAN_POINT('',(4.993293611599E-02,0.248216234864,0.));
#9712 = CARTESIAN_POINT('',(5.284798391288E-02,0.247667267272,0.));
#9713 = CARTESIAN_POINT('',(5.497566186119E-02,0.247283463581,-0.));
#9714 = CARTESIAN_POINT('',(5.612876795684E-02,0.24707545918,0.));
#9715 = PCURVE('',#9095,#9716);
#9716 = DEFINITIONAL_REPRESENTATION('',(#9717),#9721);
#9717 = LINE('',#9718,#9719);
#9718 = CARTESIAN_POINT('',(6.142417732939E-16,1.));
#9719 = VECTOR('',#9720,1.);
#9720 = DIRECTION('',(1.,0.));
#9721 = ( GEOMETRIC_REPRESENTATION_CONTEXT(2) 
PARAMETRIC_REPRESENTATION_CONTEXT() REPRESENTATION_CONTEXT('2D SPACE',''
  ) );
#9722 = PCURVE('',#9493,#9723);
#9723 = DEFINITIONAL_REPRESENTATION('',(#9724),#9732);
#9724 = B_SPLINE_CURVE_WITH_KNOTS('',3,(#9725,#9726,#9727,#9728,#9729,
    #9730,#9731),.UNSPECIFIED.,.F.,.F.,(4,1,1,1,4),(0.,0.174481715317,
    0.398285759128,0.673897847399,1.),.UNSPECIFIED.);
#9725 = CARTESIAN_POINT('',(-4.561047527391E-02,0.249390626863));
#9726 = CARTESIAN_POINT('',(-4.620895044188E-02,0.249203441095));
#9727 = CARTESIAN_POINT('',(-4.757507717991E-02,0.248776156059));
#9728 = CARTESIAN_POINT('',(-4.993293611599E-02,0.248216234864));
#9729 = CARTESIAN_POINT('',(-5.284798391288E-02,0.247667267272));
#9730 = CARTESIAN_POINT('',(-5.497566186119E-02,0.247283463581));
#9731 = CARTESIAN_POINT('',(-5.612876795684E-02,0.24707545918));
#9732 = ( GEOMETRIC_REPRESENTATION_CONTEXT(2) 
PARAMETRIC_REPRESENTATION_CONTEXT() REPRESENTATION_CONTEXT('2D SPACE',''
  ) );
#9733 = ORIENTED_EDGE('',*,*,#9734,.F.);
#9734 = EDGE_CURVE('',#9072,#9704,#9735,.T.);
#9735 = SURFACE_CURVE('',#9736,(#9740,#9746),.PCURVE_S1.);
#9736 = LINE('',#9737,#9738);
#9737 = CARTESIAN_POINT('',(4.561047527391E-02,0.249390626863,1.E-02));
#9738 = VECTOR('',#9739,1.);
#9739 = DIRECTION('',(-0.,-0.,-1.));
#9740 = PCURVE('',#9095,#9741);
#9741 = DEFINITIONAL_REPRESENTATION('',(#9742),#9745);
#9742 = B_SPLINE_CURVE_WITH_KNOTS('',1,(#9743,#9744),.UNSPECIFIED.,.F.,
  .F.,(2,2),(-0.,1.E-02),.PIECEWISE_BEZIER_KNOTS.);
#9743 = CARTESIAN_POINT('',(0.,0.));
#9744 = CARTESIAN_POINT('',(0.,1.));
#9745 = ( GEOMETRIC_REPRESENTATION_CONTEXT(2) 
PARAMETRIC_REPRESENTATION_CONTEXT() REPRESENTATION_CONTEXT('2D SPACE',''
  ) );
#9746 = PCURVE('',#9131,#9747);
#9747 = DEFINITIONAL_REPRESENTATION('',(#9748),#9752);
#9748 = LINE('',#9749,#9750);
#9749 = CARTESIAN_POINT('',(-6.659719132617E-02,0.));
#9750 = VECTOR('',#9751,1.);
#9751 = DIRECTION('',(0.,-1.));
#9752 = ( GEOMETRIC_REPRESENTATION_CONTEXT(2) 
PARAMETRIC_REPRESENTATION_CONTEXT() REPRESENTATION_CONTEXT('2D SPACE',''
  ) );
#9753 = ORIENTED_EDGE('',*,*,#9071,.T.);
#9754 = ORIENTED_EDGE('',*,*,#9678,.T.);
#9755 = ADVANCED_FACE('',(#9756),#9131,.T.);
#9756 = FACE_BOUND('',#9757,.T.);
#9757 = EDGE_LOOP('',(#9758,#9779,#9780,#9781));
#9758 = ORIENTED_EDGE('',*,*,#9759,.F.);
#9759 = EDGE_CURVE('',#9478,#9704,#9760,.T.);
#9760 = SURFACE_CURVE('',#9761,(#9765,#9772),.PCURVE_S1.);
#9761 = LINE('',#9762,#9763);
#9762 = CARTESIAN_POINT('',(-1.704196375048E-02,0.271970657351,0.));
#9763 = VECTOR('',#9764,1.);
#9764 = DIRECTION('',(0.940766986967,-0.339053795485,0.));
#9765 = PCURVE('',#9131,#9766);
#9766 = DEFINITIONAL_REPRESENTATION('',(#9767),#9771);
#9767 = LINE('',#9768,#9769);
#9768 = CARTESIAN_POINT('',(0.,-1.E-02));
#9769 = VECTOR('',#9770,1.);
#9770 = DIRECTION('',(-1.,0.));
#9771 = ( GEOMETRIC_REPRESENTATION_CONTEXT(2) 
PARAMETRIC_REPRESENTATION_CONTEXT() REPRESENTATION_CONTEXT('2D SPACE',''
  ) );
#9772 = PCURVE('',#9493,#9773);
#9773 = DEFINITIONAL_REPRESENTATION('',(#9774),#9778);
#9774 = LINE('',#9775,#9776);
#9775 = CARTESIAN_POINT('',(1.704196375048E-02,0.271970657351));
#9776 = VECTOR('',#9777,1.);
#9777 = DIRECTION('',(-0.940766986967,-0.339053795485));
#9778 = ( GEOMETRIC_REPRESENTATION_CONTEXT(2) 
PARAMETRIC_REPRESENTATION_CONTEXT() REPRESENTATION_CONTEXT('2D SPACE',''
  ) );
#9779 = ORIENTED_EDGE('',*,*,#9527,.F.);
#9780 = ORIENTED_EDGE('',*,*,#9117,.T.);
#9781 = ORIENTED_EDGE('',*,*,#9734,.T.);
#9782 = ADVANCED_FACE('',(#9783),#9206,.T.);
#9783 = FACE_BOUND('',#9784,.T.);
#9784 = EDGE_LOOP('',(#9785,#9847,#9866,#9867));
#9785 = ORIENTED_EDGE('',*,*,#9786,.F.);
#9786 = EDGE_CURVE('',#9787,#9789,#9791,.T.);
#9787 = VERTEX_POINT('',#9788);
#9788 = CARTESIAN_POINT('',(8.79149054401E-04,0.149381099424,0.));
#9789 = VERTEX_POINT('',#9790);
#9790 = CARTESIAN_POINT('',(5.795803624952E-02,9.101600796084E-02,0.));
#9791 = SURFACE_CURVE('',#9792,(#9812,#9819),.PCURVE_S1.);
#9792 = B_SPLINE_CURVE_WITH_KNOTS('',3,(#9793,#9794,#9795,#9796,#9797,
    #9798,#9799,#9800,#9801,#9802,#9803,#9804,#9805,#9806,#9807,#9808,
    #9809,#9810,#9811),.UNSPECIFIED.,.F.,.F.,(4,1,1,1,1,1,1,1,1,1,1,1,1,
    1,1,1,4),(0.,7.430465465555E-02,0.144395278118,0.210501927383,
    0.273252216031,0.33381705022,0.392522656094,0.450081103081,
    0.507814926858,0.565459893874,0.623144369682,0.681293511757,
    0.740910505694,0.801853463619,0.86523968125,0.930940859419,1.),
  .UNSPECIFIED.);
#9793 = CARTESIAN_POINT('',(8.79149054401E-04,0.149381099424,0.));
#9794 = CARTESIAN_POINT('',(3.177326346926E-03,0.149332060434,-0.));
#9795 = CARTESIAN_POINT('',(7.643344671852E-03,0.149236763596,0.));
#9796 = CARTESIAN_POINT('',(1.411988666811E-02,0.14849157874,0.));
#9797 = CARTESIAN_POINT('',(2.015615453383E-02,0.147253630766,0.));
#9798 = CARTESIAN_POINT('',(2.574359261827E-02,0.145462530279,0.));
#9799 = CARTESIAN_POINT('',(3.092055621027E-02,0.143223399846,0.));
#9800 = CARTESIAN_POINT('',(3.563781150217E-02,0.14042982107,0.));
#9801 = CARTESIAN_POINT('',(3.991707868475E-02,0.137145673296,0.));
#9802 = CARTESIAN_POINT('',(4.371336518166E-02,0.133358782807,0.));
#9803 = CARTESIAN_POINT('',(4.705102020493E-02,0.129164275026,0.));
#9804 = CARTESIAN_POINT('',(4.998827499131E-02,0.124664700109,0.));
#9805 = CARTESIAN_POINT('',(5.245452395851E-02,0.11982118017,0.));
#9806 = CARTESIAN_POINT('',(5.448116205832E-02,0.114671613455,0.));
#9807 = CARTESIAN_POINT('',(5.606254531737E-02,0.109198583076,0.));
#9808 = CARTESIAN_POINT('',(5.716018539475E-02,0.103418876809,0.));
#9809 = CARTESIAN_POINT('',(5.782832587901E-02,9.73198257264E-02,0.));
#9810 = CARTESIAN_POINT('',(5.791408712542E-02,9.315189939484E-02,-0.));
#9811 = CARTESIAN_POINT('',(5.795803624952E-02,9.101600796084E-02,0.));
#9812 = PCURVE('',#9206,#9813);
#9813 = DEFINITIONAL_REPRESENTATION('',(#9814),#9818);
#9814 = LINE('',#9815,#9816);
#9815 = CARTESIAN_POINT('',(1.79562573839E-18,1.));
#9816 = VECTOR('',#9817,1.);
#9817 = DIRECTION('',(1.,0.));
#9818 = ( GEOMETRIC_REPRESENTATION_CONTEXT(2) 
PARAMETRIC_REPRESENTATION_CONTEXT() REPRESENTATION_CONTEXT('2D SPACE',''
  ) );
#9819 = PCURVE('',#9820,#9825);
#9820 = PLANE('',#9821);
#9821 = AXIS2_PLACEMENT_3D('',#9822,#9823,#9824);
#9822 = CARTESIAN_POINT('',(0.,0.,0.));
#9823 = DIRECTION('',(0.,0.,-1.));
#9824 = DIRECTION('',(-1.,0.,-0.));
#9825 = DEFINITIONAL_REPRESENTATION('',(#9826),#9846);
#9826 = B_SPLINE_CURVE_WITH_KNOTS('',3,(#9827,#9828,#9829,#9830,#9831,
    #9832,#9833,#9834,#9835,#9836,#9837,#9838,#9839,#9840,#9841,#9842,
    #9843,#9844,#9845),.UNSPECIFIED.,.F.,.F.,(4,1,1,1,1,1,1,1,1,1,1,1,1,
    1,1,1,4),(0.,7.430465465555E-02,0.144395278118,0.210501927383,
    0.273252216031,0.33381705022,0.392522656094,0.450081103081,
    0.507814926858,0.565459893874,0.623144369682,0.681293511757,
    0.740910505694,0.801853463619,0.86523968125,0.930940859419,1.),
  .UNSPECIFIED.);
#9827 = CARTESIAN_POINT('',(-8.79149054401E-04,0.149381099424));
#9828 = CARTESIAN_POINT('',(-3.177326346926E-03,0.149332060434));
#9829 = CARTESIAN_POINT('',(-7.643344671852E-03,0.149236763596));
#9830 = CARTESIAN_POINT('',(-1.411988666811E-02,0.14849157874));
#9831 = CARTESIAN_POINT('',(-2.015615453383E-02,0.147253630766));
#9832 = CARTESIAN_POINT('',(-2.574359261827E-02,0.145462530279));
#9833 = CARTESIAN_POINT('',(-3.092055621027E-02,0.143223399846));
#9834 = CARTESIAN_POINT('',(-3.563781150217E-02,0.14042982107));
#9835 = CARTESIAN_POINT('',(-3.991707868475E-02,0.137145673296));
#9836 = CARTESIAN_POINT('',(-4.371336518166E-02,0.133358782807));
#9837 = CARTESIAN_POINT('',(-4.705102020493E-02,0.129164275026));
#9838 = CARTESIAN_POINT('',(-4.998827499131E-02,0.124664700109));
#9839 = CARTESIAN_POINT('',(-5.245452395851E-02,0.11982118017));
#9840 = CARTESIAN_POINT('',(-5.448116205832E-02,0.114671613455));
#9841 = CARTESIAN_POINT('',(-5.606254531737E-02,0.109198583076));
#9842 = CARTESIAN_POINT('',(-5.716018539475E-02,0.103418876809));
#9843 = CARTESIAN_POINT('',(-5.782832587901E-02,9.73198257264E-02));
#9844 = CARTESIAN_POINT('',(-5.791408712542E-02,9.315189939484E-02));
#9845 = CARTESIAN_POINT('',(-5.795803624952E-02,9.101600796084E-02));
#9846 = ( GEOMETRIC_REPRESENTATION_CONTEXT(2) 
PARAMETRIC_REPRESENTATION_CONTEXT() REPRESENTATION_CONTEXT('2D SPACE',''
  ) );
#9847 = ORIENTED_EDGE('',*,*,#9848,.F.);
#9848 = EDGE_CURVE('',#9157,#9787,#9849,.T.);
#9849 = SURFACE_CURVE('',#9850,(#9854,#9860),.PCURVE_S1.);
#9850 = LINE('',#9851,#9852);
#9851 = CARTESIAN_POINT('',(8.79149054401E-04,0.149381099424,1.E-02));
#9852 = VECTOR('',#9853,1.);
#9853 = DIRECTION('',(-0.,-0.,-1.));
#9854 = PCURVE('',#9206,#9855);
#9855 = DEFINITIONAL_REPRESENTATION('',(#9856),#9859);
#9856 = B_SPLINE_CURVE_WITH_KNOTS('',1,(#9857,#9858),.UNSPECIFIED.,.F.,
  .F.,(2,2),(-0.,1.E-02),.PIECEWISE_BEZIER_KNOTS.);
#9857 = CARTESIAN_POINT('',(1.79562573839E-18,0.));
#9858 = CARTESIAN_POINT('',(1.79562573839E-18,1.));
#9859 = ( GEOMETRIC_REPRESENTATION_CONTEXT(2) 
PARAMETRIC_REPRESENTATION_CONTEXT() REPRESENTATION_CONTEXT('2D SPACE',''
  ) );
#9860 = PCURVE('',#9300,#9861);
#9861 = DEFINITIONAL_REPRESENTATION('',(#9862),#9865);
#9862 = B_SPLINE_CURVE_WITH_KNOTS('',1,(#9863,#9864),.UNSPECIFIED.,.F.,
  .F.,(2,2),(-0.,1.E-02),.PIECEWISE_BEZIER_KNOTS.);
#9863 = CARTESIAN_POINT('',(1.,0.));
#9864 = CARTESIAN_POINT('',(1.,1.));
#9865 = ( GEOMETRIC_REPRESENTATION_CONTEXT(2) 
PARAMETRIC_REPRESENTATION_CONTEXT() REPRESENTATION_CONTEXT('2D SPACE',''
  ) );
#9866 = ORIENTED_EDGE('',*,*,#9156,.T.);
#9867 = ORIENTED_EDGE('',*,*,#9868,.T.);
#9868 = EDGE_CURVE('',#9159,#9789,#9869,.T.);
#9869 = SURFACE_CURVE('',#9870,(#9874,#9880),.PCURVE_S1.);
#9870 = LINE('',#9871,#9872);
#9871 = CARTESIAN_POINT('',(5.795803624952E-02,9.101600796084E-02,1.E-02
    ));
#9872 = VECTOR('',#9873,1.);
#9873 = DIRECTION('',(-0.,-0.,-1.));
#9874 = PCURVE('',#9206,#9875);
#9875 = DEFINITIONAL_REPRESENTATION('',(#9876),#9879);
#9876 = B_SPLINE_CURVE_WITH_KNOTS('',1,(#9877,#9878),.UNSPECIFIED.,.F.,
  .F.,(2,2),(-0.,1.E-02),.PIECEWISE_BEZIER_KNOTS.);
#9877 = CARTESIAN_POINT('',(1.,0.));
#9878 = CARTESIAN_POINT('',(1.,1.));
#9879 = ( GEOMETRIC_REPRESENTATION_CONTEXT(2) 
PARAMETRIC_REPRESENTATION_CONTEXT() REPRESENTATION_CONTEXT('2D SPACE',''
  ) );
#9880 = PCURVE('',#9416,#9881);
#9881 = DEFINITIONAL_REPRESENTATION('',(#9882),#9886);
#9882 = LINE('',#9883,#9884);
#9883 = CARTESIAN_POINT('',(0.,0.));
#9884 = VECTOR('',#9885,1.);
#9885 = DIRECTION('',(1.,-0.));
#9886 = ( GEOMETRIC_REPRESENTATION_CONTEXT(2) 
PARAMETRIC_REPRESENTATION_CONTEXT() REPRESENTATION_CONTEXT('2D SPACE',''
  ) );
#9887 = ADVANCED_FACE('',(#9888),#9300,.T.);
#9888 = FACE_BOUND('',#9889,.T.);
#9889 = EDGE_LOOP('',(#9890,#9945,#9965,#9966));
#9890 = ORIENTED_EDGE('',*,*,#9891,.F.);
#9891 = EDGE_CURVE('',#9892,#9787,#9894,.T.);
#9892 = VERTEX_POINT('',#9893);
#9893 = CARTESIAN_POINT('',(-5.911513448218E-02,9.018712076572E-02,0.));
#9894 = SURFACE_CURVE('',#9895,(#9915,#9922),.PCURVE_S1.);
#9895 = B_SPLINE_CURVE_WITH_KNOTS('',3,(#9896,#9897,#9898,#9899,#9900,
    #9901,#9902,#9903,#9904,#9905,#9906,#9907,#9908,#9909,#9910,#9911,
    #9912,#9913,#9914),.UNSPECIFIED.,.F.,.F.,(4,1,1,1,1,1,1,1,1,1,1,1,1,
    1,1,1,4),(0.,7.083094766001E-02,0.138177568269,0.202487838857,
    0.263990060622,0.323400296474,0.381821207147,0.439417216559,
    0.497133888134,0.554896901119,0.612980197706,0.671518546661,
    0.731639145905,0.794285104962,0.859473524903,0.927676858178,1.),
  .UNSPECIFIED.);
#9896 = CARTESIAN_POINT('',(-5.911513448218E-02,9.018712076572E-02,0.));
#9897 = CARTESIAN_POINT('',(-5.906627901705E-02,9.244725687923E-02,-0.)
  );
#9898 = CARTESIAN_POINT('',(-5.897097139246E-02,9.68563481372E-02,0.));
#9899 = CARTESIAN_POINT('',(-5.821408904892E-02,0.103281820552,0.));
#9900 = CARTESIAN_POINT('',(-5.699874276435E-02,0.109329389548,0.));
#9901 = CARTESIAN_POINT('',(-5.529601815861E-02,0.114999628922,0.));
#9902 = CARTESIAN_POINT('',(-5.303970999482E-02,0.120268776162,0.));
#9903 = CARTESIAN_POINT('',(-5.032942866723E-02,0.125176442592,0.));
#9904 = CARTESIAN_POINT('',(-4.710996180473E-02,0.129704684377,0.));
#9905 = CARTESIAN_POINT('',(-4.337696283715E-02,0.133789698782,0.));
#9906 = CARTESIAN_POINT('',(-3.921920700319E-02,0.137461341304,0.));
#9907 = CARTESIAN_POINT('',(-3.466515275094E-02,0.140677861627,0.));
#9908 = CARTESIAN_POINT('',(-2.970159914421E-02,0.143377474721,0.));
#9909 = CARTESIAN_POINT('',(-2.43455749431E-02,0.14558913598,0.));
#9910 = CARTESIAN_POINT('',(-1.85852454293E-02,0.147288161833,0.));
#9911 = CARTESIAN_POINT('',(-1.244571093605E-02,0.148517999155,0.));
#9912 = CARTESIAN_POINT('',(-5.91157409503E-03,0.149228776554,0.));
#9913 = CARTESIAN_POINT('',(-1.42823791918E-03,0.149329342373,-0.));
#9914 = CARTESIAN_POINT('',(8.79149054401E-04,0.149381099424,0.));
#9915 = PCURVE('',#9300,#9916);
#9916 = DEFINITIONAL_REPRESENTATION('',(#9917),#9921);
#9917 = LINE('',#9918,#9919);
#9918 = CARTESIAN_POINT('',(0.,1.));
#9919 = VECTOR('',#9920,1.);
#9920 = DIRECTION('',(1.,0.));
#9921 = ( GEOMETRIC_REPRESENTATION_CONTEXT(2) 
PARAMETRIC_REPRESENTATION_CONTEXT() REPRESENTATION_CONTEXT('2D SPACE',''
  ) );
#9922 = PCURVE('',#9820,#9923);
#9923 = DEFINITIONAL_REPRESENTATION('',(#9924),#9944);
#9924 = B_SPLINE_CURVE_WITH_KNOTS('',3,(#9925,#9926,#9927,#9928,#9929,
    #9930,#9931,#9932,#9933,#9934,#9935,#9936,#9937,#9938,#9939,#9940,
    #9941,#9942,#9943),.UNSPECIFIED.,.F.,.F.,(4,1,1,1,1,1,1,1,1,1,1,1,1,
    1,1,1,4),(0.,7.083094766001E-02,0.138177568269,0.202487838857,
    0.263990060622,0.323400296474,0.381821207147,0.439417216559,
    0.497133888134,0.554896901119,0.612980197706,0.671518546661,
    0.731639145905,0.794285104962,0.859473524903,0.927676858178,1.),
  .UNSPECIFIED.);
#9925 = CARTESIAN_POINT('',(5.911513448218E-02,9.018712076572E-02));
#9926 = CARTESIAN_POINT('',(5.906627901705E-02,9.244725687923E-02));
#9927 = CARTESIAN_POINT('',(5.897097139246E-02,9.68563481372E-02));
#9928 = CARTESIAN_POINT('',(5.821408904892E-02,0.103281820552));
#9929 = CARTESIAN_POINT('',(5.699874276435E-02,0.109329389548));
#9930 = CARTESIAN_POINT('',(5.529601815861E-02,0.114999628922));
#9931 = CARTESIAN_POINT('',(5.303970999482E-02,0.120268776162));
#9932 = CARTESIAN_POINT('',(5.032942866723E-02,0.125176442592));
#9933 = CARTESIAN_POINT('',(4.710996180473E-02,0.129704684377));
#9934 = CARTESIAN_POINT('',(4.337696283715E-02,0.133789698782));
#9935 = CARTESIAN_POINT('',(3.921920700319E-02,0.137461341304));
#9936 = CARTESIAN_POINT('',(3.466515275094E-02,0.140677861627));
#9937 = CARTESIAN_POINT('',(2.970159914421E-02,0.143377474721));
#9938 = CARTESIAN_POINT('',(2.43455749431E-02,0.14558913598));
#9939 = CARTESIAN_POINT('',(1.85852454293E-02,0.147288161833));
#9940 = CARTESIAN_POINT('',(1.244571093605E-02,0.148517999155));
#9941 = CARTESIAN_POINT('',(5.91157409503E-03,0.149228776554));
#9942 = CARTESIAN_POINT('',(1.42823791918E-03,0.149329342373));
#9943 = CARTESIAN_POINT('',(-8.79149054401E-04,0.149381099424));
#9944 = ( GEOMETRIC_REPRESENTATION_CONTEXT(2) 
PARAMETRIC_REPRESENTATION_CONTEXT() REPRESENTATION_CONTEXT('2D SPACE',''
  ) );
#9945 = ORIENTED_EDGE('',*,*,#9946,.F.);
#9946 = EDGE_CURVE('',#9253,#9892,#9947,.T.);
#9947 = SURFACE_CURVE('',#9948,(#9952,#9958),.PCURVE_S1.);
#9948 = LINE('',#9949,#9950);
#9949 = CARTESIAN_POINT('',(-5.911513448218E-02,9.018712076572E-02,
    1.E-02));
#9950 = VECTOR('',#9951,1.);
#9951 = DIRECTION('',(-0.,-0.,-1.));
#9952 = PCURVE('',#9300,#9953);
#9953 = DEFINITIONAL_REPRESENTATION('',(#9954),#9957);
#9954 = B_SPLINE_CURVE_WITH_KNOTS('',1,(#9955,#9956),.UNSPECIFIED.,.F.,
  .F.,(2,2),(-0.,1.E-02),.PIECEWISE_BEZIER_KNOTS.);
#9955 = CARTESIAN_POINT('',(0.,0.));
#9956 = CARTESIAN_POINT('',(0.,1.));
#9957 = ( GEOMETRIC_REPRESENTATION_CONTEXT(2) 
PARAMETRIC_REPRESENTATION_CONTEXT() REPRESENTATION_CONTEXT('2D SPACE',''
  ) );
#9958 = PCURVE('',#9362,#9959);
#9959 = DEFINITIONAL_REPRESENTATION('',(#9960),#9964);
#9960 = LINE('',#9961,#9962);
#9961 = CARTESIAN_POINT('',(0.,2.129382621951E-02));
#9962 = VECTOR('',#9963,1.);
#9963 = DIRECTION('',(-1.,0.));
#9964 = ( GEOMETRIC_REPRESENTATION_CONTEXT(2) 
PARAMETRIC_REPRESENTATION_CONTEXT() REPRESENTATION_CONTEXT('2D SPACE',''
  ) );
#9965 = ORIENTED_EDGE('',*,*,#9252,.T.);
#9966 = ORIENTED_EDGE('',*,*,#9848,.T.);
#9967 = ADVANCED_FACE('',(#9968),#9362,.T.);
#9968 = FACE_BOUND('',#9969,.T.);
#9969 = EDGE_LOOP('',(#9970,#9993,#10014,#10015));
#9970 = ORIENTED_EDGE('',*,*,#9971,.F.);
#9971 = EDGE_CURVE('',#9972,#9892,#9974,.T.);
#9972 = VERTEX_POINT('',#9973);
#9973 = CARTESIAN_POINT('',(-5.911513448218E-02,6.889329454621E-02,0.));
#9974 = SURFACE_CURVE('',#9975,(#9979,#9986),.PCURVE_S1.);
#9975 = LINE('',#9976,#9977);
#9976 = CARTESIAN_POINT('',(-5.911513448218E-02,6.889329454621E-02,0.));
#9977 = VECTOR('',#9978,1.);
#9978 = DIRECTION('',(0.,1.,0.));
#9979 = PCURVE('',#9362,#9980);
#9980 = DEFINITIONAL_REPRESENTATION('',(#9981),#9985);
#9981 = LINE('',#9982,#9983);
#9982 = CARTESIAN_POINT('',(-1.E-02,0.));
#9983 = VECTOR('',#9984,1.);
#9984 = DIRECTION('',(0.,1.));
#9985 = ( GEOMETRIC_REPRESENTATION_CONTEXT(2) 
PARAMETRIC_REPRESENTATION_CONTEXT() REPRESENTATION_CONTEXT('2D SPACE',''
  ) );
#9986 = PCURVE('',#9820,#9987);
#9987 = DEFINITIONAL_REPRESENTATION('',(#9988),#9992);
#9988 = LINE('',#9989,#9990);
#9989 = CARTESIAN_POINT('',(5.911513448218E-02,6.889329454621E-02));
#9990 = VECTOR('',#9991,1.);
#9991 = DIRECTION('',(0.,1.));
#9992 = ( GEOMETRIC_REPRESENTATION_CONTEXT(2) 
PARAMETRIC_REPRESENTATION_CONTEXT() REPRESENTATION_CONTEXT('2D SPACE',''
  ) );
#9993 = ORIENTED_EDGE('',*,*,#9994,.F.);
#9994 = EDGE_CURVE('',#9347,#9972,#9995,.T.);
#9995 = SURFACE_CURVE('',#9996,(#10000,#10007),.PCURVE_S1.);
#9996 = LINE('',#9997,#9998);
#9997 = CARTESIAN_POINT('',(-5.911513448218E-02,6.889329454621E-02,
    1.E-02));
#9998 = VECTOR('',#9999,1.);
#9999 = DIRECTION('',(-0.,-0.,-1.));
#10000 = PCURVE('',#9362,#10001);
#10001 = DEFINITIONAL_REPRESENTATION('',(#10002),#10006);
#10002 = LINE('',#10003,#10004);
#10003 = CARTESIAN_POINT('',(0.,0.));
#10004 = VECTOR('',#10005,1.);
#10005 = DIRECTION('',(-1.,0.));
#10006 = ( GEOMETRIC_REPRESENTATION_CONTEXT(2) 
PARAMETRIC_REPRESENTATION_CONTEXT() REPRESENTATION_CONTEXT('2D SPACE',''
  ) );
#10007 = PCURVE('',#9390,#10008);
#10008 = DEFINITIONAL_REPRESENTATION('',(#10009),#10013);
#10009 = LINE('',#10010,#10011);
#10010 = CARTESIAN_POINT('',(-0.,-0.117073170732));
#10011 = VECTOR('',#10012,1.);
#10012 = DIRECTION('',(1.,0.));
#10013 = ( GEOMETRIC_REPRESENTATION_CONTEXT(2) 
PARAMETRIC_REPRESENTATION_CONTEXT() REPRESENTATION_CONTEXT('2D SPACE',''
  ) );
#10014 = ORIENTED_EDGE('',*,*,#9346,.T.);
#10015 = ORIENTED_EDGE('',*,*,#9946,.T.);
#10016 = ADVANCED_FACE('',(#10017),#9390,.T.);
#10017 = FACE_BOUND('',#10018,.T.);
#10018 = EDGE_LOOP('',(#10019,#10042,#10063,#10064));
#10019 = ORIENTED_EDGE('',*,*,#10020,.F.);
#10020 = EDGE_CURVE('',#10021,#9972,#10023,.T.);
#10021 = VERTEX_POINT('',#10022);
#10022 = CARTESIAN_POINT('',(5.795803624952E-02,6.889329454621E-02,0.));
#10023 = SURFACE_CURVE('',#10024,(#10028,#10035),.PCURVE_S1.);
#10024 = LINE('',#10025,#10026);
#10025 = CARTESIAN_POINT('',(5.795803624952E-02,6.889329454621E-02,0.));
#10026 = VECTOR('',#10027,1.);
#10027 = DIRECTION('',(-1.,0.,0.));
#10028 = PCURVE('',#9390,#10029);
#10029 = DEFINITIONAL_REPRESENTATION('',(#10030),#10034);
#10030 = LINE('',#10031,#10032);
#10031 = CARTESIAN_POINT('',(1.E-02,0.));
#10032 = VECTOR('',#10033,1.);
#10033 = DIRECTION('',(-0.,-1.));
#10034 = ( GEOMETRIC_REPRESENTATION_CONTEXT(2) 
PARAMETRIC_REPRESENTATION_CONTEXT() REPRESENTATION_CONTEXT('2D SPACE',''
  ) );
#10035 = PCURVE('',#9820,#10036);
#10036 = DEFINITIONAL_REPRESENTATION('',(#10037),#10041);
#10037 = LINE('',#10038,#10039);
#10038 = CARTESIAN_POINT('',(-5.795803624952E-02,6.889329454621E-02));
#10039 = VECTOR('',#10040,1.);
#10040 = DIRECTION('',(1.,0.));
#10041 = ( GEOMETRIC_REPRESENTATION_CONTEXT(2) 
PARAMETRIC_REPRESENTATION_CONTEXT() REPRESENTATION_CONTEXT('2D SPACE',''
  ) );
#10042 = ORIENTED_EDGE('',*,*,#10043,.F.);
#10043 = EDGE_CURVE('',#9375,#10021,#10044,.T.);
#10044 = SURFACE_CURVE('',#10045,(#10049,#10056),.PCURVE_S1.);
#10045 = LINE('',#10046,#10047);
#10046 = CARTESIAN_POINT('',(5.795803624952E-02,6.889329454621E-02,
    1.E-02));
#10047 = VECTOR('',#10048,1.);
#10048 = DIRECTION('',(-0.,-0.,-1.));
#10049 = PCURVE('',#9390,#10050);
#10050 = DEFINITIONAL_REPRESENTATION('',(#10051),#10055);
#10051 = LINE('',#10052,#10053);
#10052 = CARTESIAN_POINT('',(0.,0.));
#10053 = VECTOR('',#10054,1.);
#10054 = DIRECTION('',(1.,0.));
#10055 = ( GEOMETRIC_REPRESENTATION_CONTEXT(2) 
PARAMETRIC_REPRESENTATION_CONTEXT() REPRESENTATION_CONTEXT('2D SPACE',''
  ) );
#10056 = PCURVE('',#9416,#10057);
#10057 = DEFINITIONAL_REPRESENTATION('',(#10058),#10062);
#10058 = LINE('',#10059,#10060);
#10059 = CARTESIAN_POINT('',(-0.,-2.212271341463E-02));
#10060 = VECTOR('',#10061,1.);
#10061 = DIRECTION('',(1.,-0.));
#10062 = ( GEOMETRIC_REPRESENTATION_CONTEXT(2) 
PARAMETRIC_REPRESENTATION_CONTEXT() REPRESENTATION_CONTEXT('2D SPACE',''
  ) );
#10063 = ORIENTED_EDGE('',*,*,#9374,.T.);
#10064 = ORIENTED_EDGE('',*,*,#9994,.T.);
#10065 = ADVANCED_FACE('',(#10066),#9416,.T.);
#10066 = FACE_BOUND('',#10067,.T.);
#10067 = EDGE_LOOP('',(#10068,#10089,#10090,#10091));
#10068 = ORIENTED_EDGE('',*,*,#10069,.F.);
#10069 = EDGE_CURVE('',#9789,#10021,#10070,.T.);
#10070 = SURFACE_CURVE('',#10071,(#10075,#10082),.PCURVE_S1.);
#10071 = LINE('',#10072,#10073);
#10072 = CARTESIAN_POINT('',(5.795803624952E-02,9.101600796084E-02,0.));
#10073 = VECTOR('',#10074,1.);
#10074 = DIRECTION('',(0.,-1.,0.));
#10075 = PCURVE('',#9416,#10076);
#10076 = DEFINITIONAL_REPRESENTATION('',(#10077),#10081);
#10077 = LINE('',#10078,#10079);
#10078 = CARTESIAN_POINT('',(1.E-02,0.));
#10079 = VECTOR('',#10080,1.);
#10080 = DIRECTION('',(-0.,-1.));
#10081 = ( GEOMETRIC_REPRESENTATION_CONTEXT(2) 
PARAMETRIC_REPRESENTATION_CONTEXT() REPRESENTATION_CONTEXT('2D SPACE',''
  ) );
#10082 = PCURVE('',#9820,#10083);
#10083 = DEFINITIONAL_REPRESENTATION('',(#10084),#10088);
#10084 = LINE('',#10085,#10086);
#10085 = CARTESIAN_POINT('',(-5.795803624952E-02,9.101600796084E-02));
#10086 = VECTOR('',#10087,1.);
#10087 = DIRECTION('',(-0.,-1.));
#10088 = ( GEOMETRIC_REPRESENTATION_CONTEXT(2) 
PARAMETRIC_REPRESENTATION_CONTEXT() REPRESENTATION_CONTEXT('2D SPACE',''
  ) );
#10089 = ORIENTED_EDGE('',*,*,#9868,.F.);
#10090 = ORIENTED_EDGE('',*,*,#9402,.T.);
#10091 = ORIENTED_EDGE('',*,*,#10043,.T.);
#10092 = ADVANCED_FACE('',(#10093),#9493,.T.);
#10093 = FACE_BOUND('',#10094,.T.);
#10094 = EDGE_LOOP('',(#10095,#10096,#10097,#10098,#10099,#10100));
#10095 = ORIENTED_EDGE('',*,*,#9551,.T.);
#10096 = ORIENTED_EDGE('',*,*,#9475,.T.);
#10097 = ORIENTED_EDGE('',*,*,#9759,.T.);
#10098 = ORIENTED_EDGE('',*,*,#9703,.T.);
#10099 = ORIENTED_EDGE('',*,*,#9655,.T.);
#10100 = ORIENTED_EDGE('',*,*,#9599,.T.);
#10101 = ADVANCED_FACE('',(#10102),#9820,.T.);
#10102 = FACE_BOUND('',#10103,.T.);
#10103 = EDGE_LOOP('',(#10104,#10105,#10106,#10107,#10108));
#10104 = ORIENTED_EDGE('',*,*,#9786,.T.);
#10105 = ORIENTED_EDGE('',*,*,#10069,.T.);
#10106 = ORIENTED_EDGE('',*,*,#10020,.T.);
#10107 = ORIENTED_EDGE('',*,*,#9971,.T.);
#10108 = ORIENTED_EDGE('',*,*,#9891,.T.);
#10109 = ( GEOMETRIC_REPRESENTATION_CONTEXT(3) 
GLOBAL_UNCERTAINTY_ASSIGNED_CONTEXT((#10113)) 
GLOBAL_UNIT_ASSIGNED_CONTEXT((#10110,#10111,#10112)) 
REPRESENTATION_CONTEXT('Context #1',
  '3D Context with UNIT and UNCERTAINTY') );
#10110 = ( LENGTH_UNIT() NAMED_UNIT(*) SI_UNIT(.MILLI.,.METRE.) );
#10111 = ( NAMED_UNIT(*) PLANE_ANGLE_UNIT() SI_UNIT($,.RADIAN.) );
#10112 = ( NAMED_UNIT(*) SI_UNIT($,.STERADIAN.) SOLID_ANGLE_UNIT() );
#10113 = UNCERTAINTY_MEASURE_WITH_UNIT(LENGTH_MEASURE(1.E-07),#10110,
  'distance_accuracy_value','confusion accuracy');
#10114 = PRODUCT_RELATED_PRODUCT_CATEGORY('part',$,(#7));
#10115 = SHAPE_DEFINITION_REPRESENTATION(#10116,#10122);
#10116 = PRODUCT_DEFINITION_SHAPE('','',#10117);
#10117 = PRODUCT_DEFINITION('design','',#10118,#10121);
#10118 = PRODUCT_DEFINITION_FORMATION('','',#10119);
#10119 = PRODUCT('COMPOUND','COMPOUND','',(#10120));
#10120 = PRODUCT_CONTEXT('',#2,'mechanical');
#10121 = PRODUCT_DEFINITION_CONTEXT('part definition',#2,'design');
#10122 = SHAPE_REPRESENTATION('',(#11,#10123,#10666,#11284,#13032,#13950
    ),#14797);
#10123 = MANIFOLD_SOLID_BREP('',#10124);
#10124 = CLOSED_SHELL('',(#10125,#10244,#10317,#10390,#10463,#10536,
    #10603,#10646,#10656));
#10125 = ADVANCED_FACE('',(#10126),#10140,.T.);
#10126 = FACE_BOUND('',#10127,.T.);
#10127 = EDGE_LOOP('',(#10128,#10165,#10191,#10220));
#10128 = ORIENTED_EDGE('',*,*,#10129,.T.);
#10129 = EDGE_CURVE('',#10130,#10132,#10134,.T.);
#10130 = VERTEX_POINT('',#10131);
#10131 = CARTESIAN_POINT('',(-0.674305495407,-0.155934109832,0.81));
#10132 = VERTEX_POINT('',#10133);
#10133 = CARTESIAN_POINT('',(-0.674305495407,-0.155934109832,0.818));
#10134 = SURFACE_CURVE('',#10135,(#10139,#10152),.PCURVE_S1.);
#10135 = LINE('',#10136,#10137);
#10136 = CARTESIAN_POINT('',(-0.674305495407,-0.155934109832,0.81));
#10137 = VECTOR('',#10138,1.);
#10138 = DIRECTION('',(0.,0.,1.));
#10139 = PCURVE('',#10140,#10146);
#10140 = SURFACE_OF_LINEAR_EXTRUSION('',#10141,#10144);
#10141 = B_SPLINE_CURVE_WITH_KNOTS('',1,(#10142,#10143),.UNSPECIFIED.,
  .F.,.F.,(2,2),(0.,0.11181640625),.PIECEWISE_BEZIER_KNOTS.);
#10142 = CARTESIAN_POINT('',(-0.674305495407,-0.155934109832,0.81));
#10143 = CARTESIAN_POINT('',(-0.732542703949,-0.155934109832,0.81));
#10144 = VECTOR('',#10145,1.);
#10145 = DIRECTION('',(-0.,-0.,-1.));
#10146 = DEFINITIONAL_REPRESENTATION('',(#10147),#10151);
#10147 = LINE('',#10148,#10149);
#10148 = CARTESIAN_POINT('',(0.,0.));
#10149 = VECTOR('',#10150,1.);
#10150 = DIRECTION('',(0.,-1.));
#10151 = ( GEOMETRIC_REPRESENTATION_CONTEXT(2) 
PARAMETRIC_REPRESENTATION_CONTEXT() REPRESENTATION_CONTEXT('2D SPACE',''
  ) );
#10152 = PCURVE('',#10153,#10159);
#10153 = SURFACE_OF_LINEAR_EXTRUSION('',#10154,#10157);
#10154 = B_SPLINE_CURVE_WITH_KNOTS('',1,(#10155,#10156),.UNSPECIFIED.,
  .F.,.F.,(2,2),(0.,0.780152121651),.PIECEWISE_BEZIER_KNOTS.);
#10155 = CARTESIAN_POINT('',(-0.529602562393,0.15635244413,0.81));
#10156 = CARTESIAN_POINT('',(-0.674305495407,-0.155934109832,0.81));
#10157 = VECTOR('',#10158,1.);
#10158 = DIRECTION('',(-0.,-0.,-1.));
#10159 = DEFINITIONAL_REPRESENTATION('',(#10160),#10164);
#10160 = LINE('',#10161,#10162);
#10161 = CARTESIAN_POINT('',(0.780152121651,0.));
#10162 = VECTOR('',#10163,1.);
#10163 = DIRECTION('',(0.,-1.));
#10164 = ( GEOMETRIC_REPRESENTATION_CONTEXT(2) 
PARAMETRIC_REPRESENTATION_CONTEXT() REPRESENTATION_CONTEXT('2D SPACE',''
  ) );
#10165 = ORIENTED_EDGE('',*,*,#10166,.T.);
#10166 = EDGE_CURVE('',#10132,#10167,#10169,.T.);
#10167 = VERTEX_POINT('',#10168);
#10168 = CARTESIAN_POINT('',(-0.732542703949,-0.155934109832,0.818));
#10169 = SURFACE_CURVE('',#10170,(#10173,#10180),.PCURVE_S1.);
#10170 = B_SPLINE_CURVE_WITH_KNOTS('',1,(#10171,#10172),.UNSPECIFIED.,
  .F.,.F.,(2,2),(0.,0.11181640625),.PIECEWISE_BEZIER_KNOTS.);
#10171 = CARTESIAN_POINT('',(-0.674305495407,-0.155934109832,0.818));
#10172 = CARTESIAN_POINT('',(-0.732542703949,-0.155934109832,0.818));
#10173 = PCURVE('',#10140,#10174);
#10174 = DEFINITIONAL_REPRESENTATION('',(#10175),#10179);
#10175 = LINE('',#10176,#10177);
#10176 = CARTESIAN_POINT('',(0.,-8.E-03));
#10177 = VECTOR('',#10178,1.);
#10178 = DIRECTION('',(1.,0.));
#10179 = ( GEOMETRIC_REPRESENTATION_CONTEXT(2) 
PARAMETRIC_REPRESENTATION_CONTEXT() REPRESENTATION_CONTEXT('2D SPACE',''
  ) );
#10180 = PCURVE('',#10181,#10186);
#10181 = B_SPLINE_SURFACE_WITH_KNOTS('',1,1,(
    (#10182,#10183)
    ,(#10184,#10185
    )),.UNSPECIFIED.,.F.,.F.,.F.,(2,2),(2,2),(7.8125E-03,0.67578125),(0.
    ,0.72900390625),.PIECEWISE_BEZIER_KNOTS.);
#10182 = CARTESIAN_POINT('',(-0.877499947917,-0.155934109832,0.818));
#10183 = CARTESIAN_POINT('',(-0.877499947917,0.15635244413,0.818));
#10184 = CARTESIAN_POINT('',(-0.529602562393,-0.155934109832,0.818));
#10185 = CARTESIAN_POINT('',(-0.529602562393,0.15635244413,0.818));
#10186 = DEFINITIONAL_REPRESENTATION('',(#10187),#10190);
#10187 = B_SPLINE_CURVE_WITH_KNOTS('',1,(#10188,#10189),.UNSPECIFIED.,
  .F.,.F.,(2,2),(0.,0.11181640625),.PIECEWISE_BEZIER_KNOTS.);
#10188 = CARTESIAN_POINT('',(0.39794921875,0.));
#10189 = CARTESIAN_POINT('',(0.2861328125,0.));
#10190 = ( GEOMETRIC_REPRESENTATION_CONTEXT(2) 
PARAMETRIC_REPRESENTATION_CONTEXT() REPRESENTATION_CONTEXT('2D SPACE',''
  ) );
#10191 = ORIENTED_EDGE('',*,*,#10192,.F.);
#10192 = EDGE_CURVE('',#10193,#10167,#10195,.T.);
#10193 = VERTEX_POINT('',#10194);
#10194 = CARTESIAN_POINT('',(-0.732542703949,-0.155934109832,0.81));
#10195 = SURFACE_CURVE('',#10196,(#10200,#10207),.PCURVE_S1.);
#10196 = LINE('',#10197,#10198);
#10197 = CARTESIAN_POINT('',(-0.732542703949,-0.155934109832,0.81));
#10198 = VECTOR('',#10199,1.);
#10199 = DIRECTION('',(0.,0.,1.));
#10200 = PCURVE('',#10140,#10201);
#10201 = DEFINITIONAL_REPRESENTATION('',(#10202),#10206);
#10202 = LINE('',#10203,#10204);
#10203 = CARTESIAN_POINT('',(0.11181640625,0.));
#10204 = VECTOR('',#10205,1.);
#10205 = DIRECTION('',(0.,-1.));
#10206 = ( GEOMETRIC_REPRESENTATION_CONTEXT(2) 
PARAMETRIC_REPRESENTATION_CONTEXT() REPRESENTATION_CONTEXT('2D SPACE',''
  ) );
#10207 = PCURVE('',#10208,#10214);
#10208 = SURFACE_OF_LINEAR_EXTRUSION('',#10209,#10212);
#10209 = B_SPLINE_CURVE_WITH_KNOTS('',1,(#10210,#10211),.UNSPECIFIED.,
  .F.,.F.,(2,2),(0.,0.780326144428),.PIECEWISE_BEZIER_KNOTS.);
#10210 = CARTESIAN_POINT('',(-0.732542703949,-0.155934109832,0.81));
#10211 = CARTESIAN_POINT('',(-0.877499947917,0.15635244413,0.81));
#10212 = VECTOR('',#10213,1.);
#10213 = DIRECTION('',(-0.,-0.,-1.));
#10214 = DEFINITIONAL_REPRESENTATION('',(#10215),#10219);
#10215 = LINE('',#10216,#10217);
#10216 = CARTESIAN_POINT('',(0.,0.));
#10217 = VECTOR('',#10218,1.);
#10218 = DIRECTION('',(0.,-1.));
#10219 = ( GEOMETRIC_REPRESENTATION_CONTEXT(2) 
PARAMETRIC_REPRESENTATION_CONTEXT() REPRESENTATION_CONTEXT('2D SPACE',''
  ) );
#10220 = ORIENTED_EDGE('',*,*,#10221,.F.);
#10221 = EDGE_CURVE('',#10130,#10193,#10222,.T.);
#10222 = SURFACE_CURVE('',#10223,(#10226,#10233),.PCURVE_S1.);
#10223 = B_SPLINE_CURVE_WITH_KNOTS('',1,(#10224,#10225),.UNSPECIFIED.,
  .F.,.F.,(2,2),(0.,0.11181640625),.PIECEWISE_BEZIER_KNOTS.);
#10224 = CARTESIAN_POINT('',(-0.674305495407,-0.155934109832,0.81));
#10225 = CARTESIAN_POINT('',(-0.732542703949,-0.155934109832,0.81));
#10226 = PCURVE('',#10140,#10227);
#10227 = DEFINITIONAL_REPRESENTATION('',(#10228),#10232);
#10228 = LINE('',#10229,#10230);
#10229 = CARTESIAN_POINT('',(0.,0.));
#10230 = VECTOR('',#10231,1.);
#10231 = DIRECTION('',(1.,0.));
#10232 = ( GEOMETRIC_REPRESENTATION_CONTEXT(2) 
PARAMETRIC_REPRESENTATION_CONTEXT() REPRESENTATION_CONTEXT('2D SPACE',''
  ) );
#10233 = PCURVE('',#10234,#10239);
#10234 = B_SPLINE_SURFACE_WITH_KNOTS('',1,1,(
    (#10235,#10236)
    ,(#10237,#10238
    )),.UNSPECIFIED.,.F.,.F.,.F.,(2,2),(2,2),(7.8125E-03,0.67578125),(0.
    ,0.72900390625),.PIECEWISE_BEZIER_KNOTS.);
#10235 = CARTESIAN_POINT('',(-0.877499947917,-0.155934109832,0.81));
#10236 = CARTESIAN_POINT('',(-0.877499947917,0.15635244413,0.81));
#10237 = CARTESIAN_POINT('',(-0.529602562393,-0.155934109832,0.81));
#10238 = CARTESIAN_POINT('',(-0.529602562393,0.15635244413,0.81));
#10239 = DEFINITIONAL_REPRESENTATION('',(#10240),#10243);
#10240 = B_SPLINE_CURVE_WITH_KNOTS('',1,(#10241,#10242),.UNSPECIFIED.,
  .F.,.F.,(2,2),(0.,0.11181640625),.PIECEWISE_BEZIER_KNOTS.);
#10241 = CARTESIAN_POINT('',(0.39794921875,0.));
#10242 = CARTESIAN_POINT('',(0.2861328125,0.));
#10243 = ( GEOMETRIC_REPRESENTATION_CONTEXT(2) 
PARAMETRIC_REPRESENTATION_CONTEXT() REPRESENTATION_CONTEXT('2D SPACE',''
  ) );
#10244 = ADVANCED_FACE('',(#10245),#10208,.T.);
#10245 = FACE_BOUND('',#10246,.T.);
#10246 = EDGE_LOOP('',(#10247,#10248,#10269,#10298));
#10247 = ORIENTED_EDGE('',*,*,#10192,.T.);
#10248 = ORIENTED_EDGE('',*,*,#10249,.T.);
#10249 = EDGE_CURVE('',#10167,#10250,#10252,.T.);
#10250 = VERTEX_POINT('',#10251);
#10251 = CARTESIAN_POINT('',(-0.877499947917,0.15635244413,0.818));
#10252 = SURFACE_CURVE('',#10253,(#10256,#10263),.PCURVE_S1.);
#10253 = B_SPLINE_CURVE_WITH_KNOTS('',1,(#10254,#10255),.UNSPECIFIED.,
  .F.,.F.,(2,2),(0.,0.780326144428),.PIECEWISE_BEZIER_KNOTS.);
#10254 = CARTESIAN_POINT('',(-0.732542703949,-0.155934109832,0.818));
#10255 = CARTESIAN_POINT('',(-0.877499947917,0.15635244413,0.818));
#10256 = PCURVE('',#10208,#10257);
#10257 = DEFINITIONAL_REPRESENTATION('',(#10258),#10262);
#10258 = LINE('',#10259,#10260);
#10259 = CARTESIAN_POINT('',(0.,-8.E-03));
#10260 = VECTOR('',#10261,1.);
#10261 = DIRECTION('',(1.,0.));
#10262 = ( GEOMETRIC_REPRESENTATION_CONTEXT(2) 
PARAMETRIC_REPRESENTATION_CONTEXT() REPRESENTATION_CONTEXT('2D SPACE',''
  ) );
#10263 = PCURVE('',#10181,#10264);
#10264 = DEFINITIONAL_REPRESENTATION('',(#10265),#10268);
#10265 = B_SPLINE_CURVE_WITH_KNOTS('',1,(#10266,#10267),.UNSPECIFIED.,
  .F.,.F.,(2,2),(0.,0.780326144428),.PIECEWISE_BEZIER_KNOTS.);
#10266 = CARTESIAN_POINT('',(0.2861328125,0.));
#10267 = CARTESIAN_POINT('',(7.8125E-03,0.72900390625));
#10268 = ( GEOMETRIC_REPRESENTATION_CONTEXT(2) 
PARAMETRIC_REPRESENTATION_CONTEXT() REPRESENTATION_CONTEXT('2D SPACE',''
  ) );
#10269 = ORIENTED_EDGE('',*,*,#10270,.F.);
#10270 = EDGE_CURVE('',#10271,#10250,#10273,.T.);
#10271 = VERTEX_POINT('',#10272);
#10272 = CARTESIAN_POINT('',(-0.877499947917,0.15635244413,0.81));
#10273 = SURFACE_CURVE('',#10274,(#10278,#10285),.PCURVE_S1.);
#10274 = LINE('',#10275,#10276);
#10275 = CARTESIAN_POINT('',(-0.877499947917,0.15635244413,0.81));
#10276 = VECTOR('',#10277,1.);
#10277 = DIRECTION('',(0.,0.,1.));
#10278 = PCURVE('',#10208,#10279);
#10279 = DEFINITIONAL_REPRESENTATION('',(#10280),#10284);
#10280 = LINE('',#10281,#10282);
#10281 = CARTESIAN_POINT('',(0.780326144428,0.));
#10282 = VECTOR('',#10283,1.);
#10283 = DIRECTION('',(0.,-1.));
#10284 = ( GEOMETRIC_REPRESENTATION_CONTEXT(2) 
PARAMETRIC_REPRESENTATION_CONTEXT() REPRESENTATION_CONTEXT('2D SPACE',''
  ) );
#10285 = PCURVE('',#10286,#10292);
#10286 = SURFACE_OF_LINEAR_EXTRUSION('',#10287,#10290);
#10287 = B_SPLINE_CURVE_WITH_KNOTS('',1,(#10288,#10289),.UNSPECIFIED.,
  .F.,.F.,(2,2),(0.,0.10302734375),.PIECEWISE_BEZIER_KNOTS.);
#10288 = CARTESIAN_POINT('',(-0.877499947917,0.15635244413,0.81));
#10289 = CARTESIAN_POINT('',(-0.823840336553,0.15635244413,0.81));
#10290 = VECTOR('',#10291,1.);
#10291 = DIRECTION('',(-0.,-0.,-1.));
#10292 = DEFINITIONAL_REPRESENTATION('',(#10293),#10297);
#10293 = LINE('',#10294,#10295);
#10294 = CARTESIAN_POINT('',(0.,0.));
#10295 = VECTOR('',#10296,1.);
#10296 = DIRECTION('',(0.,-1.));
#10297 = ( GEOMETRIC_REPRESENTATION_CONTEXT(2) 
PARAMETRIC_REPRESENTATION_CONTEXT() REPRESENTATION_CONTEXT('2D SPACE',''
  ) );
#10298 = ORIENTED_EDGE('',*,*,#10299,.F.);
#10299 = EDGE_CURVE('',#10193,#10271,#10300,.T.);
#10300 = SURFACE_CURVE('',#10301,(#10304,#10311),.PCURVE_S1.);
#10301 = B_SPLINE_CURVE_WITH_KNOTS('',1,(#10302,#10303),.UNSPECIFIED.,
  .F.,.F.,(2,2),(0.,0.780326144428),.PIECEWISE_BEZIER_KNOTS.);
#10302 = CARTESIAN_POINT('',(-0.732542703949,-0.155934109832,0.81));
#10303 = CARTESIAN_POINT('',(-0.877499947917,0.15635244413,0.81));
#10304 = PCURVE('',#10208,#10305);
#10305 = DEFINITIONAL_REPRESENTATION('',(#10306),#10310);
#10306 = LINE('',#10307,#10308);
#10307 = CARTESIAN_POINT('',(0.,0.));
#10308 = VECTOR('',#10309,1.);
#10309 = DIRECTION('',(1.,0.));
#10310 = ( GEOMETRIC_REPRESENTATION_CONTEXT(2) 
PARAMETRIC_REPRESENTATION_CONTEXT() REPRESENTATION_CONTEXT('2D SPACE',''
  ) );
#10311 = PCURVE('',#10234,#10312);
#10312 = DEFINITIONAL_REPRESENTATION('',(#10313),#10316);
#10313 = B_SPLINE_CURVE_WITH_KNOTS('',1,(#10314,#10315),.UNSPECIFIED.,
  .F.,.F.,(2,2),(0.,0.780326144428),.PIECEWISE_BEZIER_KNOTS.);
#10314 = CARTESIAN_POINT('',(0.2861328125,0.));
#10315 = CARTESIAN_POINT('',(7.8125E-03,0.72900390625));
#10316 = ( GEOMETRIC_REPRESENTATION_CONTEXT(2) 
PARAMETRIC_REPRESENTATION_CONTEXT() REPRESENTATION_CONTEXT('2D SPACE',''
  ) );
#10317 = ADVANCED_FACE('',(#10318),#10286,.T.);
#10318 = FACE_BOUND('',#10319,.T.);
#10319 = EDGE_LOOP('',(#10320,#10321,#10342,#10371));
#10320 = ORIENTED_EDGE('',*,*,#10270,.T.);
#10321 = ORIENTED_EDGE('',*,*,#10322,.T.);
#10322 = EDGE_CURVE('',#10250,#10323,#10325,.T.);
#10323 = VERTEX_POINT('',#10324);
#10324 = CARTESIAN_POINT('',(-0.823840336553,0.15635244413,0.818));
#10325 = SURFACE_CURVE('',#10326,(#10329,#10336),.PCURVE_S1.);
#10326 = B_SPLINE_CURVE_WITH_KNOTS('',1,(#10327,#10328),.UNSPECIFIED.,
  .F.,.F.,(2,2),(0.,0.10302734375),.PIECEWISE_BEZIER_KNOTS.);
#10327 = CARTESIAN_POINT('',(-0.877499947917,0.15635244413,0.818));
#10328 = CARTESIAN_POINT('',(-0.823840336553,0.15635244413,0.818));
#10329 = PCURVE('',#10286,#10330);
#10330 = DEFINITIONAL_REPRESENTATION('',(#10331),#10335);
#10331 = LINE('',#10332,#10333);
#10332 = CARTESIAN_POINT('',(0.,-8.E-03));
#10333 = VECTOR('',#10334,1.);
#10334 = DIRECTION('',(1.,0.));
#10335 = ( GEOMETRIC_REPRESENTATION_CONTEXT(2) 
PARAMETRIC_REPRESENTATION_CONTEXT() REPRESENTATION_CONTEXT('2D SPACE',''
  ) );
#10336 = PCURVE('',#10181,#10337);
#10337 = DEFINITIONAL_REPRESENTATION('',(#10338),#10341);
#10338 = B_SPLINE_CURVE_WITH_KNOTS('',1,(#10339,#10340),.UNSPECIFIED.,
  .F.,.F.,(2,2),(0.,0.10302734375),.PIECEWISE_BEZIER_KNOTS.);
#10339 = CARTESIAN_POINT('',(7.8125E-03,0.72900390625));
#10340 = CARTESIAN_POINT('',(0.11083984375,0.72900390625));
#10341 = ( GEOMETRIC_REPRESENTATION_CONTEXT(2) 
PARAMETRIC_REPRESENTATION_CONTEXT() REPRESENTATION_CONTEXT('2D SPACE',''
  ) );
#10342 = ORIENTED_EDGE('',*,*,#10343,.F.);
#10343 = EDGE_CURVE('',#10344,#10323,#10346,.T.);
#10344 = VERTEX_POINT('',#10345);
#10345 = CARTESIAN_POINT('',(-0.823840336553,0.15635244413,0.81));
#10346 = SURFACE_CURVE('',#10347,(#10351,#10358),.PCURVE_S1.);
#10347 = LINE('',#10348,#10349);
#10348 = CARTESIAN_POINT('',(-0.823840336553,0.15635244413,0.81));
#10349 = VECTOR('',#10350,1.);
#10350 = DIRECTION('',(0.,0.,1.));
#10351 = PCURVE('',#10286,#10352);
#10352 = DEFINITIONAL_REPRESENTATION('',(#10353),#10357);
#10353 = LINE('',#10354,#10355);
#10354 = CARTESIAN_POINT('',(0.10302734375,0.));
#10355 = VECTOR('',#10356,1.);
#10356 = DIRECTION('',(0.,-1.));
#10357 = ( GEOMETRIC_REPRESENTATION_CONTEXT(2) 
PARAMETRIC_REPRESENTATION_CONTEXT() REPRESENTATION_CONTEXT('2D SPACE',''
  ) );
#10358 = PCURVE('',#10359,#10365);
#10359 = SURFACE_OF_LINEAR_EXTRUSION('',#10360,#10363);
#10360 = B_SPLINE_CURVE_WITH_KNOTS('',1,(#10361,#10362),.UNSPECIFIED.,
  .F.,.F.,(2,2),(0.,0.655785168919),.PIECEWISE_BEZIER_KNOTS.);
#10361 = CARTESIAN_POINT('',(-0.823840336553,0.15635244413,0.81));
#10362 = CARTESIAN_POINT('',(-0.703551255155,-0.106570662588,0.81));
#10363 = VECTOR('',#10364,1.);
#10364 = DIRECTION('',(-0.,-0.,-1.));
#10365 = DEFINITIONAL_REPRESENTATION('',(#10366),#10370);
#10366 = LINE('',#10367,#10368);
#10367 = CARTESIAN_POINT('',(0.,0.));
#10368 = VECTOR('',#10369,1.);
#10369 = DIRECTION('',(0.,-1.));
#10370 = ( GEOMETRIC_REPRESENTATION_CONTEXT(2) 
PARAMETRIC_REPRESENTATION_CONTEXT() REPRESENTATION_CONTEXT('2D SPACE',''
  ) );
#10371 = ORIENTED_EDGE('',*,*,#10372,.F.);
#10372 = EDGE_CURVE('',#10271,#10344,#10373,.T.);
#10373 = SURFACE_CURVE('',#10374,(#10377,#10384),.PCURVE_S1.);
#10374 = B_SPLINE_CURVE_WITH_KNOTS('',1,(#10375,#10376),.UNSPECIFIED.,
  .F.,.F.,(2,2),(0.,0.10302734375),.PIECEWISE_BEZIER_KNOTS.);
#10375 = CARTESIAN_POINT('',(-0.877499947917,0.15635244413,0.81));
#10376 = CARTESIAN_POINT('',(-0.823840336553,0.15635244413,0.81));
#10377 = PCURVE('',#10286,#10378);
#10378 = DEFINITIONAL_REPRESENTATION('',(#10379),#10383);
#10379 = LINE('',#10380,#10381);
#10380 = CARTESIAN_POINT('',(0.,0.));
#10381 = VECTOR('',#10382,1.);
#10382 = DIRECTION('',(1.,0.));
#10383 = ( GEOMETRIC_REPRESENTATION_CONTEXT(2) 
PARAMETRIC_REPRESENTATION_CONTEXT() REPRESENTATION_CONTEXT('2D SPACE',''
  ) );
#10384 = PCURVE('',#10234,#10385);
#10385 = DEFINITIONAL_REPRESENTATION('',(#10386),#10389);
#10386 = B_SPLINE_CURVE_WITH_KNOTS('',1,(#10387,#10388),.UNSPECIFIED.,
  .F.,.F.,(2,2),(0.,0.10302734375),.PIECEWISE_BEZIER_KNOTS.);
#10387 = CARTESIAN_POINT('',(7.8125E-03,0.72900390625));
#10388 = CARTESIAN_POINT('',(0.11083984375,0.72900390625));
#10389 = ( GEOMETRIC_REPRESENTATION_CONTEXT(2) 
PARAMETRIC_REPRESENTATION_CONTEXT() REPRESENTATION_CONTEXT('2D SPACE',''
  ) );
#10390 = ADVANCED_FACE('',(#10391),#10359,.T.);
#10391 = FACE_BOUND('',#10392,.T.);
#10392 = EDGE_LOOP('',(#10393,#10394,#10415,#10444));
#10393 = ORIENTED_EDGE('',*,*,#10343,.T.);
#10394 = ORIENTED_EDGE('',*,*,#10395,.T.);
#10395 = EDGE_CURVE('',#10323,#10396,#10398,.T.);
#10396 = VERTEX_POINT('',#10397);
#10397 = CARTESIAN_POINT('',(-0.703551255155,-0.106570662588,0.818));
#10398 = SURFACE_CURVE('',#10399,(#10402,#10409),.PCURVE_S1.);
#10399 = B_SPLINE_CURVE_WITH_KNOTS('',1,(#10400,#10401),.UNSPECIFIED.,
  .F.,.F.,(2,2),(0.,0.655785168919),.PIECEWISE_BEZIER_KNOTS.);
#10400 = CARTESIAN_POINT('',(-0.823840336553,0.15635244413,0.818));
#10401 = CARTESIAN_POINT('',(-0.703551255155,-0.106570662588,0.818));
#10402 = PCURVE('',#10359,#10403);
#10403 = DEFINITIONAL_REPRESENTATION('',(#10404),#10408);
#10404 = LINE('',#10405,#10406);
#10405 = CARTESIAN_POINT('',(0.,-8.E-03));
#10406 = VECTOR('',#10407,1.);
#10407 = DIRECTION('',(1.,0.));
#10408 = ( GEOMETRIC_REPRESENTATION_CONTEXT(2) 
PARAMETRIC_REPRESENTATION_CONTEXT() REPRESENTATION_CONTEXT('2D SPACE',''
  ) );
#10409 = PCURVE('',#10181,#10410);
#10410 = DEFINITIONAL_REPRESENTATION('',(#10411),#10414);
#10411 = B_SPLINE_CURVE_WITH_KNOTS('',1,(#10412,#10413),.UNSPECIFIED.,
  .F.,.F.,(2,2),(0.,0.655785168919),.PIECEWISE_BEZIER_KNOTS.);
#10412 = CARTESIAN_POINT('',(0.11083984375,0.72900390625));
#10413 = CARTESIAN_POINT('',(0.341796875,0.115234375));
#10414 = ( GEOMETRIC_REPRESENTATION_CONTEXT(2) 
PARAMETRIC_REPRESENTATION_CONTEXT() REPRESENTATION_CONTEXT('2D SPACE',''
  ) );
#10415 = ORIENTED_EDGE('',*,*,#10416,.F.);
#10416 = EDGE_CURVE('',#10417,#10396,#10419,.T.);
#10417 = VERTEX_POINT('',#10418);
#10418 = CARTESIAN_POINT('',(-0.703551255155,-0.106570662588,0.81));
#10419 = SURFACE_CURVE('',#10420,(#10424,#10431),.PCURVE_S1.);
#10420 = LINE('',#10421,#10422);
#10421 = CARTESIAN_POINT('',(-0.703551255155,-0.106570662588,0.81));
#10422 = VECTOR('',#10423,1.);
#10423 = DIRECTION('',(0.,0.,1.));
#10424 = PCURVE('',#10359,#10425);
#10425 = DEFINITIONAL_REPRESENTATION('',(#10426),#10430);
#10426 = LINE('',#10427,#10428);
#10427 = CARTESIAN_POINT('',(0.655785168919,0.));
#10428 = VECTOR('',#10429,1.);
#10429 = DIRECTION('',(0.,-1.));
#10430 = ( GEOMETRIC_REPRESENTATION_CONTEXT(2) 
PARAMETRIC_REPRESENTATION_CONTEXT() REPRESENTATION_CONTEXT('2D SPACE',''
  ) );
#10431 = PCURVE('',#10432,#10438);
#10432 = SURFACE_OF_LINEAR_EXTRUSION('',#10433,#10436);
#10433 = B_SPLINE_CURVE_WITH_KNOTS('',1,(#10434,#10435),.UNSPECIFIED.,
  .F.,.F.,(2,2),(0.,0.655957292946),.PIECEWISE_BEZIER_KNOTS.);
#10434 = CARTESIAN_POINT('',(-0.703551255155,-0.106570662588,0.81));
#10435 = CARTESIAN_POINT('',(-0.583007862802,0.15635244413,0.81));
#10436 = VECTOR('',#10437,1.);
#10437 = DIRECTION('',(-0.,-0.,-1.));
#10438 = DEFINITIONAL_REPRESENTATION('',(#10439),#10443);
#10439 = LINE('',#10440,#10441);
#10440 = CARTESIAN_POINT('',(0.,0.));
#10441 = VECTOR('',#10442,1.);
#10442 = DIRECTION('',(0.,-1.));
#10443 = ( GEOMETRIC_REPRESENTATION_CONTEXT(2) 
PARAMETRIC_REPRESENTATION_CONTEXT() REPRESENTATION_CONTEXT('2D SPACE',''
  ) );
#10444 = ORIENTED_EDGE('',*,*,#10445,.F.);
#10445 = EDGE_CURVE('',#10344,#10417,#10446,.T.);
#10446 = SURFACE_CURVE('',#10447,(#10450,#10457),.PCURVE_S1.);
#10447 = B_SPLINE_CURVE_WITH_KNOTS('',1,(#10448,#10449),.UNSPECIFIED.,
  .F.,.F.,(2,2),(0.,0.655785168919),.PIECEWISE_BEZIER_KNOTS.);
#10448 = CARTESIAN_POINT('',(-0.823840336553,0.15635244413,0.81));
#10449 = CARTESIAN_POINT('',(-0.703551255155,-0.106570662588,0.81));
#10450 = PCURVE('',#10359,#10451);
#10451 = DEFINITIONAL_REPRESENTATION('',(#10452),#10456);
#10452 = LINE('',#10453,#10454);
#10453 = CARTESIAN_POINT('',(0.,0.));
#10454 = VECTOR('',#10455,1.);
#10455 = DIRECTION('',(1.,0.));
#10456 = ( GEOMETRIC_REPRESENTATION_CONTEXT(2) 
PARAMETRIC_REPRESENTATION_CONTEXT() REPRESENTATION_CONTEXT('2D SPACE',''
  ) );
#10457 = PCURVE('',#10234,#10458);
#10458 = DEFINITIONAL_REPRESENTATION('',(#10459),#10462);
#10459 = B_SPLINE_CURVE_WITH_KNOTS('',1,(#10460,#10461),.UNSPECIFIED.,
  .F.,.F.,(2,2),(0.,0.655785168919),.PIECEWISE_BEZIER_KNOTS.);
#10460 = CARTESIAN_POINT('',(0.11083984375,0.72900390625));
#10461 = CARTESIAN_POINT('',(0.341796875,0.115234375));
#10462 = ( GEOMETRIC_REPRESENTATION_CONTEXT(2) 
PARAMETRIC_REPRESENTATION_CONTEXT() REPRESENTATION_CONTEXT('2D SPACE',''
  ) );
#10463 = ADVANCED_FACE('',(#10464),#10432,.T.);
#10464 = FACE_BOUND('',#10465,.T.);
#10465 = EDGE_LOOP('',(#10466,#10467,#10488,#10517));
#10466 = ORIENTED_EDGE('',*,*,#10416,.T.);
#10467 = ORIENTED_EDGE('',*,*,#10468,.T.);
#10468 = EDGE_CURVE('',#10396,#10469,#10471,.T.);
#10469 = VERTEX_POINT('',#10470);
#10470 = CARTESIAN_POINT('',(-0.583007862802,0.15635244413,0.818));
#10471 = SURFACE_CURVE('',#10472,(#10475,#10482),.PCURVE_S1.);
#10472 = B_SPLINE_CURVE_WITH_KNOTS('',1,(#10473,#10474),.UNSPECIFIED.,
  .F.,.F.,(2,2),(0.,0.655957292946),.PIECEWISE_BEZIER_KNOTS.);
#10473 = CARTESIAN_POINT('',(-0.703551255155,-0.106570662588,0.818));
#10474 = CARTESIAN_POINT('',(-0.583007862802,0.15635244413,0.818));
#10475 = PCURVE('',#10432,#10476);
#10476 = DEFINITIONAL_REPRESENTATION('',(#10477),#10481);
#10477 = LINE('',#10478,#10479);
#10478 = CARTESIAN_POINT('',(0.,-8.E-03));
#10479 = VECTOR('',#10480,1.);
#10480 = DIRECTION('',(1.,0.));
#10481 = ( GEOMETRIC_REPRESENTATION_CONTEXT(2) 
PARAMETRIC_REPRESENTATION_CONTEXT() REPRESENTATION_CONTEXT('2D SPACE',''
  ) );
#10482 = PCURVE('',#10181,#10483);
#10483 = DEFINITIONAL_REPRESENTATION('',(#10484),#10487);
#10484 = B_SPLINE_CURVE_WITH_KNOTS('',1,(#10485,#10486),.UNSPECIFIED.,
  .F.,.F.,(2,2),(0.,0.655957292946),.PIECEWISE_BEZIER_KNOTS.);
#10485 = CARTESIAN_POINT('',(0.341796875,0.115234375));
#10486 = CARTESIAN_POINT('',(0.5732421875,0.72900390625));
#10487 = ( GEOMETRIC_REPRESENTATION_CONTEXT(2) 
PARAMETRIC_REPRESENTATION_CONTEXT() REPRESENTATION_CONTEXT('2D SPACE',''
  ) );
#10488 = ORIENTED_EDGE('',*,*,#10489,.F.);
#10489 = EDGE_CURVE('',#10490,#10469,#10492,.T.);
#10490 = VERTEX_POINT('',#10491);
#10491 = CARTESIAN_POINT('',(-0.583007862802,0.15635244413,0.81));
#10492 = SURFACE_CURVE('',#10493,(#10497,#10504),.PCURVE_S1.);
#10493 = LINE('',#10494,#10495);
#10494 = CARTESIAN_POINT('',(-0.583007862802,0.15635244413,0.81));
#10495 = VECTOR('',#10496,1.);
#10496 = DIRECTION('',(0.,0.,1.));
#10497 = PCURVE('',#10432,#10498);
#10498 = DEFINITIONAL_REPRESENTATION('',(#10499),#10503);
#10499 = LINE('',#10500,#10501);
#10500 = CARTESIAN_POINT('',(0.655957292946,0.));
#10501 = VECTOR('',#10502,1.);
#10502 = DIRECTION('',(0.,-1.));
#10503 = ( GEOMETRIC_REPRESENTATION_CONTEXT(2) 
PARAMETRIC_REPRESENTATION_CONTEXT() REPRESENTATION_CONTEXT('2D SPACE',''
  ) );
#10504 = PCURVE('',#10505,#10511);
#10505 = SURFACE_OF_LINEAR_EXTRUSION('',#10506,#10509);
#10506 = B_SPLINE_CURVE_WITH_KNOTS('',1,(#10507,#10508),.UNSPECIFIED.,
  .F.,.F.,(2,2),(0.,0.1025390625),.PIECEWISE_BEZIER_KNOTS.);
#10507 = CARTESIAN_POINT('',(-0.583007862802,0.15635244413,0.81));
#10508 = CARTESIAN_POINT('',(-0.529602562393,0.15635244413,0.81));
#10509 = VECTOR('',#10510,1.);
#10510 = DIRECTION('',(-0.,-0.,-1.));
#10511 = DEFINITIONAL_REPRESENTATION('',(#10512),#10516);
#10512 = LINE('',#10513,#10514);
#10513 = CARTESIAN_POINT('',(0.,0.));
#10514 = VECTOR('',#10515,1.);
#10515 = DIRECTION('',(0.,-1.));
#10516 = ( GEOMETRIC_REPRESENTATION_CONTEXT(2) 
PARAMETRIC_REPRESENTATION_CONTEXT() REPRESENTATION_CONTEXT('2D SPACE',''
  ) );
#10517 = ORIENTED_EDGE('',*,*,#10518,.F.);
#10518 = EDGE_CURVE('',#10417,#10490,#10519,.T.);
#10519 = SURFACE_CURVE('',#10520,(#10523,#10530),.PCURVE_S1.);
#10520 = B_SPLINE_CURVE_WITH_KNOTS('',1,(#10521,#10522),.UNSPECIFIED.,
  .F.,.F.,(2,2),(0.,0.655957292946),.PIECEWISE_BEZIER_KNOTS.);
#10521 = CARTESIAN_POINT('',(-0.703551255155,-0.106570662588,0.81));
#10522 = CARTESIAN_POINT('',(-0.583007862802,0.15635244413,0.81));
#10523 = PCURVE('',#10432,#10524);
#10524 = DEFINITIONAL_REPRESENTATION('',(#10525),#10529);
#10525 = LINE('',#10526,#10527);
#10526 = CARTESIAN_POINT('',(0.,0.));
#10527 = VECTOR('',#10528,1.);
#10528 = DIRECTION('',(1.,0.));
#10529 = ( GEOMETRIC_REPRESENTATION_CONTEXT(2) 
PARAMETRIC_REPRESENTATION_CONTEXT() REPRESENTATION_CONTEXT('2D SPACE',''
  ) );
#10530 = PCURVE('',#10234,#10531);
#10531 = DEFINITIONAL_REPRESENTATION('',(#10532),#10535);
#10532 = B_SPLINE_CURVE_WITH_KNOTS('',1,(#10533,#10534),.UNSPECIFIED.,
  .F.,.F.,(2,2),(0.,0.655957292946),.PIECEWISE_BEZIER_KNOTS.);
#10533 = CARTESIAN_POINT('',(0.341796875,0.115234375));
#10534 = CARTESIAN_POINT('',(0.5732421875,0.72900390625));
#10535 = ( GEOMETRIC_REPRESENTATION_CONTEXT(2) 
PARAMETRIC_REPRESENTATION_CONTEXT() REPRESENTATION_CONTEXT('2D SPACE',''
  ) );
#10536 = ADVANCED_FACE('',(#10537),#10505,.T.);
#10537 = FACE_BOUND('',#10538,.T.);
#10538 = EDGE_LOOP('',(#10539,#10540,#10561,#10584));
#10539 = ORIENTED_EDGE('',*,*,#10489,.T.);
#10540 = ORIENTED_EDGE('',*,*,#10541,.T.);
#10541 = EDGE_CURVE('',#10469,#10542,#10544,.T.);
#10542 = VERTEX_POINT('',#10543);
#10543 = CARTESIAN_POINT('',(-0.529602562393,0.15635244413,0.818));
#10544 = SURFACE_CURVE('',#10545,(#10548,#10555),.PCURVE_S1.);
#10545 = B_SPLINE_CURVE_WITH_KNOTS('',1,(#10546,#10547),.UNSPECIFIED.,
  .F.,.F.,(2,2),(0.,0.1025390625),.PIECEWISE_BEZIER_KNOTS.);
#10546 = CARTESIAN_POINT('',(-0.583007862802,0.15635244413,0.818));
#10547 = CARTESIAN_POINT('',(-0.529602562393,0.15635244413,0.818));
#10548 = PCURVE('',#10505,#10549);
#10549 = DEFINITIONAL_REPRESENTATION('',(#10550),#10554);
#10550 = LINE('',#10551,#10552);
#10551 = CARTESIAN_POINT('',(0.,-8.E-03));
#10552 = VECTOR('',#10553,1.);
#10553 = DIRECTION('',(1.,0.));
#10554 = ( GEOMETRIC_REPRESENTATION_CONTEXT(2) 
PARAMETRIC_REPRESENTATION_CONTEXT() REPRESENTATION_CONTEXT('2D SPACE',''
  ) );
#10555 = PCURVE('',#10181,#10556);
#10556 = DEFINITIONAL_REPRESENTATION('',(#10557),#10560);
#10557 = B_SPLINE_CURVE_WITH_KNOTS('',1,(#10558,#10559),.UNSPECIFIED.,
  .F.,.F.,(2,2),(0.,0.1025390625),.PIECEWISE_BEZIER_KNOTS.);
#10558 = CARTESIAN_POINT('',(0.5732421875,0.72900390625));
#10559 = CARTESIAN_POINT('',(0.67578125,0.72900390625));
#10560 = ( GEOMETRIC_REPRESENTATION_CONTEXT(2) 
PARAMETRIC_REPRESENTATION_CONTEXT() REPRESENTATION_CONTEXT('2D SPACE',''
  ) );
#10561 = ORIENTED_EDGE('',*,*,#10562,.F.);
#10562 = EDGE_CURVE('',#10563,#10542,#10565,.T.);
#10563 = VERTEX_POINT('',#10564);
#10564 = CARTESIAN_POINT('',(-0.529602562393,0.15635244413,0.81));
#10565 = SURFACE_CURVE('',#10566,(#10570,#10577),.PCURVE_S1.);
#10566 = LINE('',#10567,#10568);
#10567 = CARTESIAN_POINT('',(-0.529602562393,0.15635244413,0.81));
#10568 = VECTOR('',#10569,1.);
#10569 = DIRECTION('',(0.,0.,1.));
#10570 = PCURVE('',#10505,#10571);
#10571 = DEFINITIONAL_REPRESENTATION('',(#10572),#10576);
#10572 = LINE('',#10573,#10574);
#10573 = CARTESIAN_POINT('',(0.1025390625,0.));
#10574 = VECTOR('',#10575,1.);
#10575 = DIRECTION('',(0.,-1.));
#10576 = ( GEOMETRIC_REPRESENTATION_CONTEXT(2) 
PARAMETRIC_REPRESENTATION_CONTEXT() REPRESENTATION_CONTEXT('2D SPACE',''
  ) );
#10577 = PCURVE('',#10153,#10578);
#10578 = DEFINITIONAL_REPRESENTATION('',(#10579),#10583);
#10579 = LINE('',#10580,#10581);
#10580 = CARTESIAN_POINT('',(0.,0.));
#10581 = VECTOR('',#10582,1.);
#10582 = DIRECTION('',(0.,-1.));
#10583 = ( GEOMETRIC_REPRESENTATION_CONTEXT(2) 
PARAMETRIC_REPRESENTATION_CONTEXT() REPRESENTATION_CONTEXT('2D SPACE',''
  ) );
#10584 = ORIENTED_EDGE('',*,*,#10585,.F.);
#10585 = EDGE_CURVE('',#10490,#10563,#10586,.T.);
#10586 = SURFACE_CURVE('',#10587,(#10590,#10597),.PCURVE_S1.);
#10587 = B_SPLINE_CURVE_WITH_KNOTS('',1,(#10588,#10589),.UNSPECIFIED.,
  .F.,.F.,(2,2),(0.,0.1025390625),.PIECEWISE_BEZIER_KNOTS.);
#10588 = CARTESIAN_POINT('',(-0.583007862802,0.15635244413,0.81));
#10589 = CARTESIAN_POINT('',(-0.529602562393,0.15635244413,0.81));
#10590 = PCURVE('',#10505,#10591);
#10591 = DEFINITIONAL_REPRESENTATION('',(#10592),#10596);
#10592 = LINE('',#10593,#10594);
#10593 = CARTESIAN_POINT('',(0.,0.));
#10594 = VECTOR('',#10595,1.);
#10595 = DIRECTION('',(1.,0.));
#10596 = ( GEOMETRIC_REPRESENTATION_CONTEXT(2) 
PARAMETRIC_REPRESENTATION_CONTEXT() REPRESENTATION_CONTEXT('2D SPACE',''
  ) );
#10597 = PCURVE('',#10234,#10598);
#10598 = DEFINITIONAL_REPRESENTATION('',(#10599),#10602);
#10599 = B_SPLINE_CURVE_WITH_KNOTS('',1,(#10600,#10601),.UNSPECIFIED.,
  .F.,.F.,(2,2),(0.,0.1025390625),.PIECEWISE_BEZIER_KNOTS.);
#10600 = CARTESIAN_POINT('',(0.5732421875,0.72900390625));
#10601 = CARTESIAN_POINT('',(0.67578125,0.72900390625));
#10602 = ( GEOMETRIC_REPRESENTATION_CONTEXT(2) 
PARAMETRIC_REPRESENTATION_CONTEXT() REPRESENTATION_CONTEXT('2D SPACE',''
  ) );
#10603 = ADVANCED_FACE('',(#10604),#10153,.T.);
#10604 = FACE_BOUND('',#10605,.T.);
#10605 = EDGE_LOOP('',(#10606,#10607,#10626,#10627));
#10606 = ORIENTED_EDGE('',*,*,#10562,.T.);
#10607 = ORIENTED_EDGE('',*,*,#10608,.T.);
#10608 = EDGE_CURVE('',#10542,#10132,#10609,.T.);
#10609 = SURFACE_CURVE('',#10610,(#10613,#10620),.PCURVE_S1.);
#10610 = B_SPLINE_CURVE_WITH_KNOTS('',1,(#10611,#10612),.UNSPECIFIED.,
  .F.,.F.,(2,2),(0.,0.780152121651),.PIECEWISE_BEZIER_KNOTS.);
#10611 = CARTESIAN_POINT('',(-0.529602562393,0.15635244413,0.818));
#10612 = CARTESIAN_POINT('',(-0.674305495407,-0.155934109832,0.818));
#10613 = PCURVE('',#10153,#10614);
#10614 = DEFINITIONAL_REPRESENTATION('',(#10615),#10619);
#10615 = LINE('',#10616,#10617);
#10616 = CARTESIAN_POINT('',(0.,-8.E-03));
#10617 = VECTOR('',#10618,1.);
#10618 = DIRECTION('',(1.,0.));
#10619 = ( GEOMETRIC_REPRESENTATION_CONTEXT(2) 
PARAMETRIC_REPRESENTATION_CONTEXT() REPRESENTATION_CONTEXT('2D SPACE',''
  ) );
#10620 = PCURVE('',#10181,#10621);
#10621 = DEFINITIONAL_REPRESENTATION('',(#10622),#10625);
#10622 = B_SPLINE_CURVE_WITH_KNOTS('',1,(#10623,#10624),.UNSPECIFIED.,
  .F.,.F.,(2,2),(0.,0.780152121651),.PIECEWISE_BEZIER_KNOTS.);
#10623 = CARTESIAN_POINT('',(0.67578125,0.72900390625));
#10624 = CARTESIAN_POINT('',(0.39794921875,-1.110223024625E-16));
#10625 = ( GEOMETRIC_REPRESENTATION_CONTEXT(2) 
PARAMETRIC_REPRESENTATION_CONTEXT() REPRESENTATION_CONTEXT('2D SPACE',''
  ) );
#10626 = ORIENTED_EDGE('',*,*,#10129,.F.);
#10627 = ORIENTED_EDGE('',*,*,#10628,.F.);
#10628 = EDGE_CURVE('',#10563,#10130,#10629,.T.);
#10629 = SURFACE_CURVE('',#10630,(#10633,#10640),.PCURVE_S1.);
#10630 = B_SPLINE_CURVE_WITH_KNOTS('',1,(#10631,#10632),.UNSPECIFIED.,
  .F.,.F.,(2,2),(0.,0.780152121651),.PIECEWISE_BEZIER_KNOTS.);
#10631 = CARTESIAN_POINT('',(-0.529602562393,0.15635244413,0.81));
#10632 = CARTESIAN_POINT('',(-0.674305495407,-0.155934109832,0.81));
#10633 = PCURVE('',#10153,#10634);
#10634 = DEFINITIONAL_REPRESENTATION('',(#10635),#10639);
#10635 = LINE('',#10636,#10637);
#10636 = CARTESIAN_POINT('',(0.,0.));
#10637 = VECTOR('',#10638,1.);
#10638 = DIRECTION('',(1.,0.));
#10639 = ( GEOMETRIC_REPRESENTATION_CONTEXT(2) 
PARAMETRIC_REPRESENTATION_CONTEXT() REPRESENTATION_CONTEXT('2D SPACE',''
  ) );
#10640 = PCURVE('',#10234,#10641);
#10641 = DEFINITIONAL_REPRESENTATION('',(#10642),#10645);
#10642 = B_SPLINE_CURVE_WITH_KNOTS('',1,(#10643,#10644),.UNSPECIFIED.,
  .F.,.F.,(2,2),(0.,0.780152121651),.PIECEWISE_BEZIER_KNOTS.);
#10643 = CARTESIAN_POINT('',(0.67578125,0.72900390625));
#10644 = CARTESIAN_POINT('',(0.39794921875,-1.110223024625E-16));
#10645 = ( GEOMETRIC_REPRESENTATION_CONTEXT(2) 
PARAMETRIC_REPRESENTATION_CONTEXT() REPRESENTATION_CONTEXT('2D SPACE',''
  ) );
#10646 = ADVANCED_FACE('',(#10647),#10234,.F.);
#10647 = FACE_BOUND('',#10648,.T.);
#10648 = EDGE_LOOP('',(#10649,#10650,#10651,#10652,#10653,#10654,#10655)
  );
#10649 = ORIENTED_EDGE('',*,*,#10221,.T.);
#10650 = ORIENTED_EDGE('',*,*,#10299,.T.);
#10651 = ORIENTED_EDGE('',*,*,#10372,.T.);
#10652 = ORIENTED_EDGE('',*,*,#10445,.T.);
#10653 = ORIENTED_EDGE('',*,*,#10518,.T.);
#10654 = ORIENTED_EDGE('',*,*,#10585,.T.);
#10655 = ORIENTED_EDGE('',*,*,#10628,.T.);
#10656 = ADVANCED_FACE('',(#10657),#10181,.T.);
#10657 = FACE_BOUND('',#10658,.F.);
#10658 = EDGE_LOOP('',(#10659,#10660,#10661,#10662,#10663,#10664,#10665)
  );
#10659 = ORIENTED_EDGE('',*,*,#10166,.T.);
#10660 = ORIENTED_EDGE('',*,*,#10249,.T.);
#10661 = ORIENTED_EDGE('',*,*,#10322,.T.);
#10662 = ORIENTED_EDGE('',*,*,#10395,.T.);
#10663 = ORIENTED_EDGE('',*,*,#10468,.T.);
#10664 = ORIENTED_EDGE('',*,*,#10541,.T.);
#10665 = ORIENTED_EDGE('',*,*,#10608,.T.);
#10666 = MANIFOLD_SOLID_BREP('',#10667);
#10667 = CLOSED_SHELL('',(#10668,#10787,#10860,#10933,#11006,#11079,
    #11152,#11219,#11262,#11273));
#10668 = ADVANCED_FACE('',(#10669),#10683,.T.);
#10669 = FACE_BOUND('',#10670,.T.);
#10670 = EDGE_LOOP('',(#10671,#10708,#10734,#10763));
#10671 = ORIENTED_EDGE('',*,*,#10672,.T.);
#10672 = EDGE_CURVE('',#10673,#10675,#10677,.T.);
#10673 = VERTEX_POINT('',#10674);
#10674 = CARTESIAN_POINT('',(-0.526805141895,0.120794028743,0.81));
#10675 = VERTEX_POINT('',#10676);
#10676 = CARTESIAN_POINT('',(-0.526805141895,0.120794028743,0.818));
#10677 = SURFACE_CURVE('',#10678,(#10682,#10695),.PCURVE_S1.);
#10678 = LINE('',#10679,#10680);
#10679 = CARTESIAN_POINT('',(-0.526805141895,0.120794028743,0.81));
#10680 = VECTOR('',#10681,1.);
#10681 = DIRECTION('',(0.,0.,1.));
#10682 = PCURVE('',#10683,#10689);
#10683 = SURFACE_OF_LINEAR_EXTRUSION('',#10684,#10687);
#10684 = B_SPLINE_CURVE_WITH_KNOTS('',1,(#10685,#10686),.UNSPECIFIED.,
  .F.,.F.,(2,2),(0.,8.30078125E-02),.PIECEWISE_BEZIER_KNOTS.);
#10685 = CARTESIAN_POINT('',(-0.526805141895,0.120794028743,0.81));
#10686 = CARTESIAN_POINT('',(-0.526805141895,0.15635244413,0.81));
#10687 = VECTOR('',#10688,1.);
#10688 = DIRECTION('',(-0.,-0.,-1.));
#10689 = DEFINITIONAL_REPRESENTATION('',(#10690),#10694);
#10690 = LINE('',#10691,#10692);
#10691 = CARTESIAN_POINT('',(0.,0.));
#10692 = VECTOR('',#10693,1.);
#10693 = DIRECTION('',(0.,-1.));
#10694 = ( GEOMETRIC_REPRESENTATION_CONTEXT(2) 
PARAMETRIC_REPRESENTATION_CONTEXT() REPRESENTATION_CONTEXT('2D SPACE',''
  ) );
#10695 = PCURVE('',#10696,#10702);
#10696 = SURFACE_OF_LINEAR_EXTRUSION('',#10697,#10700);
#10697 = B_SPLINE_CURVE_WITH_KNOTS('',1,(#10698,#10699),.UNSPECIFIED.,
  .F.,.F.,(2,2),(0.,0.2587890625),.PIECEWISE_BEZIER_KNOTS.);
#10698 = CARTESIAN_POINT('',(-0.3920203361,0.120794028743,0.81));
#10699 = CARTESIAN_POINT('',(-0.526805141895,0.120794028743,0.81));
#10700 = VECTOR('',#10701,1.);
#10701 = DIRECTION('',(-0.,-0.,-1.));
#10702 = DEFINITIONAL_REPRESENTATION('',(#10703),#10707);
#10703 = LINE('',#10704,#10705);
#10704 = CARTESIAN_POINT('',(0.2587890625,0.));
#10705 = VECTOR('',#10706,1.);
#10706 = DIRECTION('',(0.,-1.));
#10707 = ( GEOMETRIC_REPRESENTATION_CONTEXT(2) 
PARAMETRIC_REPRESENTATION_CONTEXT() REPRESENTATION_CONTEXT('2D SPACE',''
  ) );
#10708 = ORIENTED_EDGE('',*,*,#10709,.T.);
#10709 = EDGE_CURVE('',#10675,#10710,#10712,.T.);
#10710 = VERTEX_POINT('',#10711);
#10711 = CARTESIAN_POINT('',(-0.526805141895,0.15635244413,0.818));
#10712 = SURFACE_CURVE('',#10713,(#10716,#10723),.PCURVE_S1.);
#10713 = B_SPLINE_CURVE_WITH_KNOTS('',1,(#10714,#10715),.UNSPECIFIED.,
  .F.,.F.,(2,2),(0.,8.30078125E-02),.PIECEWISE_BEZIER_KNOTS.);
#10714 = CARTESIAN_POINT('',(-0.526805141895,0.120794028743,0.818));
#10715 = CARTESIAN_POINT('',(-0.526805141895,0.15635244413,0.818));
#10716 = PCURVE('',#10683,#10717);
#10717 = DEFINITIONAL_REPRESENTATION('',(#10718),#10722);
#10718 = LINE('',#10719,#10720);
#10719 = CARTESIAN_POINT('',(0.,-8.E-03));
#10720 = VECTOR('',#10721,1.);
#10721 = DIRECTION('',(1.,0.));
#10722 = ( GEOMETRIC_REPRESENTATION_CONTEXT(2) 
PARAMETRIC_REPRESENTATION_CONTEXT() REPRESENTATION_CONTEXT('2D SPACE',''
  ) );
#10723 = PCURVE('',#10724,#10729);
#10724 = B_SPLINE_SURFACE_WITH_KNOTS('',1,1,(
    (#10725,#10726)
    ,(#10727,#10728
    )),.UNSPECIFIED.,.F.,.F.,.F.,(2,2),(2,2),(-2.9296875E-03,
    0.61376953125),(0.,0.72900390625),.PIECEWISE_BEZIER_KNOTS.);
#10725 = CARTESIAN_POINT('',(-0.526805141895,-0.155934109832,0.818));
#10726 = CARTESIAN_POINT('',(-0.526805141895,0.15635244413,0.818));
#10727 = CARTESIAN_POINT('',(-0.205610406576,-0.155934109832,0.818));
#10728 = CARTESIAN_POINT('',(-0.205610406576,0.15635244413,0.818));
#10729 = DEFINITIONAL_REPRESENTATION('',(#10730),#10733);
#10730 = B_SPLINE_CURVE_WITH_KNOTS('',1,(#10731,#10732),.UNSPECIFIED.,
  .F.,.F.,(2,2),(0.,8.30078125E-02),.PIECEWISE_BEZIER_KNOTS.);
#10731 = CARTESIAN_POINT('',(-2.9296875E-03,0.64599609375));
#10732 = CARTESIAN_POINT('',(-2.9296875E-03,0.72900390625));
#10733 = ( GEOMETRIC_REPRESENTATION_CONTEXT(2) 
PARAMETRIC_REPRESENTATION_CONTEXT() REPRESENTATION_CONTEXT('2D SPACE',''
  ) );
#10734 = ORIENTED_EDGE('',*,*,#10735,.F.);
#10735 = EDGE_CURVE('',#10736,#10710,#10738,.T.);
#10736 = VERTEX_POINT('',#10737);
#10737 = CARTESIAN_POINT('',(-0.526805141895,0.15635244413,0.81));
#10738 = SURFACE_CURVE('',#10739,(#10743,#10750),.PCURVE_S1.);
#10739 = LINE('',#10740,#10741);
#10740 = CARTESIAN_POINT('',(-0.526805141895,0.15635244413,0.81));
#10741 = VECTOR('',#10742,1.);
#10742 = DIRECTION('',(0.,0.,1.));
#10743 = PCURVE('',#10683,#10744);
#10744 = DEFINITIONAL_REPRESENTATION('',(#10745),#10749);
#10745 = LINE('',#10746,#10747);
#10746 = CARTESIAN_POINT('',(8.30078125E-02,0.));
#10747 = VECTOR('',#10748,1.);
#10748 = DIRECTION('',(0.,-1.));
#10749 = ( GEOMETRIC_REPRESENTATION_CONTEXT(2) 
PARAMETRIC_REPRESENTATION_CONTEXT() REPRESENTATION_CONTEXT('2D SPACE',''
  ) );
#10750 = PCURVE('',#10751,#10757);
#10751 = SURFACE_OF_LINEAR_EXTRUSION('',#10752,#10755);
#10752 = B_SPLINE_CURVE_WITH_KNOTS('',1,(#10753,#10754),.UNSPECIFIED.,
  .F.,.F.,(2,2),(0.,0.61669921875),.PIECEWISE_BEZIER_KNOTS.);
#10753 = CARTESIAN_POINT('',(-0.526805141895,0.15635244413,0.81));
#10754 = CARTESIAN_POINT('',(-0.205610406576,0.15635244413,0.81));
#10755 = VECTOR('',#10756,1.);
#10756 = DIRECTION('',(-0.,-0.,-1.));
#10757 = DEFINITIONAL_REPRESENTATION('',(#10758),#10762);
#10758 = LINE('',#10759,#10760);
#10759 = CARTESIAN_POINT('',(0.,0.));
#10760 = VECTOR('',#10761,1.);
#10761 = DIRECTION('',(0.,-1.));
#10762 = ( GEOMETRIC_REPRESENTATION_CONTEXT(2) 
PARAMETRIC_REPRESENTATION_CONTEXT() REPRESENTATION_CONTEXT('2D SPACE',''
  ) );
#10763 = ORIENTED_EDGE('',*,*,#10764,.F.);
#10764 = EDGE_CURVE('',#10673,#10736,#10765,.T.);
#10765 = SURFACE_CURVE('',#10766,(#10769,#10776),.PCURVE_S1.);
#10766 = B_SPLINE_CURVE_WITH_KNOTS('',1,(#10767,#10768),.UNSPECIFIED.,
  .F.,.F.,(2,2),(0.,8.30078125E-02),.PIECEWISE_BEZIER_KNOTS.);
#10767 = CARTESIAN_POINT('',(-0.526805141895,0.120794028743,0.81));
#10768 = CARTESIAN_POINT('',(-0.526805141895,0.15635244413,0.81));
#10769 = PCURVE('',#10683,#10770);
#10770 = DEFINITIONAL_REPRESENTATION('',(#10771),#10775);
#10771 = LINE('',#10772,#10773);
#10772 = CARTESIAN_POINT('',(0.,0.));
#10773 = VECTOR('',#10774,1.);
#10774 = DIRECTION('',(1.,0.));
#10775 = ( GEOMETRIC_REPRESENTATION_CONTEXT(2) 
PARAMETRIC_REPRESENTATION_CONTEXT() REPRESENTATION_CONTEXT('2D SPACE',''
  ) );
#10776 = PCURVE('',#10777,#10782);
#10777 = B_SPLINE_SURFACE_WITH_KNOTS('',1,1,(
    (#10778,#10779)
    ,(#10780,#10781
    )),.UNSPECIFIED.,.F.,.F.,.F.,(2,2),(2,2),(-2.9296875E-03,
    0.61376953125),(0.,0.72900390625),.PIECEWISE_BEZIER_KNOTS.);
#10778 = CARTESIAN_POINT('',(-0.526805141895,-0.155934109832,0.81));
#10779 = CARTESIAN_POINT('',(-0.526805141895,0.15635244413,0.81));
#10780 = CARTESIAN_POINT('',(-0.205610406576,-0.155934109832,0.81));
#10781 = CARTESIAN_POINT('',(-0.205610406576,0.15635244413,0.81));
#10782 = DEFINITIONAL_REPRESENTATION('',(#10783),#10786);
#10783 = B_SPLINE_CURVE_WITH_KNOTS('',1,(#10784,#10785),.UNSPECIFIED.,
  .F.,.F.,(2,2),(0.,8.30078125E-02),.PIECEWISE_BEZIER_KNOTS.);
#10784 = CARTESIAN_POINT('',(-2.9296875E-03,0.64599609375));
#10785 = CARTESIAN_POINT('',(-2.9296875E-03,0.72900390625));
#10786 = ( GEOMETRIC_REPRESENTATION_CONTEXT(2) 
PARAMETRIC_REPRESENTATION_CONTEXT() REPRESENTATION_CONTEXT('2D SPACE',''
  ) );
#10787 = ADVANCED_FACE('',(#10788),#10751,.T.);
#10788 = FACE_BOUND('',#10789,.T.);
#10789 = EDGE_LOOP('',(#10790,#10791,#10812,#10841));
#10790 = ORIENTED_EDGE('',*,*,#10735,.T.);
#10791 = ORIENTED_EDGE('',*,*,#10792,.T.);
#10792 = EDGE_CURVE('',#10710,#10793,#10795,.T.);
#10793 = VERTEX_POINT('',#10794);
#10794 = CARTESIAN_POINT('',(-0.205610406576,0.15635244413,0.818));
#10795 = SURFACE_CURVE('',#10796,(#10799,#10806),.PCURVE_S1.);
#10796 = B_SPLINE_CURVE_WITH_KNOTS('',1,(#10797,#10798),.UNSPECIFIED.,
  .F.,.F.,(2,2),(0.,0.61669921875),.PIECEWISE_BEZIER_KNOTS.);
#10797 = CARTESIAN_POINT('',(-0.526805141895,0.15635244413,0.818));
#10798 = CARTESIAN_POINT('',(-0.205610406576,0.15635244413,0.818));
#10799 = PCURVE('',#10751,#10800);
#10800 = DEFINITIONAL_REPRESENTATION('',(#10801),#10805);
#10801 = LINE('',#10802,#10803);
#10802 = CARTESIAN_POINT('',(0.,-8.E-03));
#10803 = VECTOR('',#10804,1.);
#10804 = DIRECTION('',(1.,0.));
#10805 = ( GEOMETRIC_REPRESENTATION_CONTEXT(2) 
PARAMETRIC_REPRESENTATION_CONTEXT() REPRESENTATION_CONTEXT('2D SPACE',''
  ) );
#10806 = PCURVE('',#10724,#10807);
#10807 = DEFINITIONAL_REPRESENTATION('',(#10808),#10811);
#10808 = B_SPLINE_CURVE_WITH_KNOTS('',1,(#10809,#10810),.UNSPECIFIED.,
  .F.,.F.,(2,2),(0.,0.61669921875),.PIECEWISE_BEZIER_KNOTS.);
#10809 = CARTESIAN_POINT('',(-2.9296875E-03,0.72900390625));
#10810 = CARTESIAN_POINT('',(0.61376953125,0.72900390625));
#10811 = ( GEOMETRIC_REPRESENTATION_CONTEXT(2) 
PARAMETRIC_REPRESENTATION_CONTEXT() REPRESENTATION_CONTEXT('2D SPACE',''
  ) );
#10812 = ORIENTED_EDGE('',*,*,#10813,.F.);
#10813 = EDGE_CURVE('',#10814,#10793,#10816,.T.);
#10814 = VERTEX_POINT('',#10815);
#10815 = CARTESIAN_POINT('',(-0.205610406576,0.15635244413,0.81));
#10816 = SURFACE_CURVE('',#10817,(#10821,#10828),.PCURVE_S1.);
#10817 = LINE('',#10818,#10819);
#10818 = CARTESIAN_POINT('',(-0.205610406576,0.15635244413,0.81));
#10819 = VECTOR('',#10820,1.);
#10820 = DIRECTION('',(0.,0.,1.));
#10821 = PCURVE('',#10751,#10822);
#10822 = DEFINITIONAL_REPRESENTATION('',(#10823),#10827);
#10823 = LINE('',#10824,#10825);
#10824 = CARTESIAN_POINT('',(0.61669921875,0.));
#10825 = VECTOR('',#10826,1.);
#10826 = DIRECTION('',(0.,-1.));
#10827 = ( GEOMETRIC_REPRESENTATION_CONTEXT(2) 
PARAMETRIC_REPRESENTATION_CONTEXT() REPRESENTATION_CONTEXT('2D SPACE',''
  ) );
#10828 = PCURVE('',#10829,#10835);
#10829 = SURFACE_OF_LINEAR_EXTRUSION('',#10830,#10833);
#10830 = B_SPLINE_CURVE_WITH_KNOTS('',1,(#10831,#10832),.UNSPECIFIED.,
  .F.,.F.,(2,2),(0.,8.30078125E-02),.PIECEWISE_BEZIER_KNOTS.);
#10831 = CARTESIAN_POINT('',(-0.205610406576,0.15635244413,0.81));
#10832 = CARTESIAN_POINT('',(-0.205610406576,0.120794028743,0.81));
#10833 = VECTOR('',#10834,1.);
#10834 = DIRECTION('',(-0.,-0.,-1.));
#10835 = DEFINITIONAL_REPRESENTATION('',(#10836),#10840);
#10836 = LINE('',#10837,#10838);
#10837 = CARTESIAN_POINT('',(0.,0.));
#10838 = VECTOR('',#10839,1.);
#10839 = DIRECTION('',(0.,-1.));
#10840 = ( GEOMETRIC_REPRESENTATION_CONTEXT(2) 
PARAMETRIC_REPRESENTATION_CONTEXT() REPRESENTATION_CONTEXT('2D SPACE',''
  ) );
#10841 = ORIENTED_EDGE('',*,*,#10842,.F.);
#10842 = EDGE_CURVE('',#10736,#10814,#10843,.T.);
#10843 = SURFACE_CURVE('',#10844,(#10847,#10854),.PCURVE_S1.);
#10844 = B_SPLINE_CURVE_WITH_KNOTS('',1,(#10845,#10846),.UNSPECIFIED.,
  .F.,.F.,(2,2),(0.,0.61669921875),.PIECEWISE_BEZIER_KNOTS.);
#10845 = CARTESIAN_POINT('',(-0.526805141895,0.15635244413,0.81));
#10846 = CARTESIAN_POINT('',(-0.205610406576,0.15635244413,0.81));
#10847 = PCURVE('',#10751,#10848);
#10848 = DEFINITIONAL_REPRESENTATION('',(#10849),#10853);
#10849 = LINE('',#10850,#10851);
#10850 = CARTESIAN_POINT('',(0.,0.));
#10851 = VECTOR('',#10852,1.);
#10852 = DIRECTION('',(1.,0.));
#10853 = ( GEOMETRIC_REPRESENTATION_CONTEXT(2) 
PARAMETRIC_REPRESENTATION_CONTEXT() REPRESENTATION_CONTEXT('2D SPACE',''
  ) );
#10854 = PCURVE('',#10777,#10855);
#10855 = DEFINITIONAL_REPRESENTATION('',(#10856),#10859);
#10856 = B_SPLINE_CURVE_WITH_KNOTS('',1,(#10857,#10858),.UNSPECIFIED.,
  .F.,.F.,(2,2),(0.,0.61669921875),.PIECEWISE_BEZIER_KNOTS.);
#10857 = CARTESIAN_POINT('',(-2.9296875E-03,0.72900390625));
#10858 = CARTESIAN_POINT('',(0.61376953125,0.72900390625));
#10859 = ( GEOMETRIC_REPRESENTATION_CONTEXT(2) 
PARAMETRIC_REPRESENTATION_CONTEXT() REPRESENTATION_CONTEXT('2D SPACE',''
  ) );
#10860 = ADVANCED_FACE('',(#10861),#10829,.T.);
#10861 = FACE_BOUND('',#10862,.T.);
#10862 = EDGE_LOOP('',(#10863,#10864,#10885,#10914));
#10863 = ORIENTED_EDGE('',*,*,#10813,.T.);
#10864 = ORIENTED_EDGE('',*,*,#10865,.T.);
#10865 = EDGE_CURVE('',#10793,#10866,#10868,.T.);
#10866 = VERTEX_POINT('',#10867);
#10867 = CARTESIAN_POINT('',(-0.205610406576,0.120794028743,0.818));
#10868 = SURFACE_CURVE('',#10869,(#10872,#10879),.PCURVE_S1.);
#10869 = B_SPLINE_CURVE_WITH_KNOTS('',1,(#10870,#10871),.UNSPECIFIED.,
  .F.,.F.,(2,2),(0.,8.30078125E-02),.PIECEWISE_BEZIER_KNOTS.);
#10870 = CARTESIAN_POINT('',(-0.205610406576,0.15635244413,0.818));
#10871 = CARTESIAN_POINT('',(-0.205610406576,0.120794028743,0.818));
#10872 = PCURVE('',#10829,#10873);
#10873 = DEFINITIONAL_REPRESENTATION('',(#10874),#10878);
#10874 = LINE('',#10875,#10876);
#10875 = CARTESIAN_POINT('',(0.,-8.E-03));
#10876 = VECTOR('',#10877,1.);
#10877 = DIRECTION('',(1.,0.));
#10878 = ( GEOMETRIC_REPRESENTATION_CONTEXT(2) 
PARAMETRIC_REPRESENTATION_CONTEXT() REPRESENTATION_CONTEXT('2D SPACE',''
  ) );
#10879 = PCURVE('',#10724,#10880);
#10880 = DEFINITIONAL_REPRESENTATION('',(#10881),#10884);
#10881 = B_SPLINE_CURVE_WITH_KNOTS('',1,(#10882,#10883),.UNSPECIFIED.,
  .F.,.F.,(2,2),(0.,8.30078125E-02),.PIECEWISE_BEZIER_KNOTS.);
#10882 = CARTESIAN_POINT('',(0.61376953125,0.72900390625));
#10883 = CARTESIAN_POINT('',(0.61376953125,0.64599609375));
#10884 = ( GEOMETRIC_REPRESENTATION_CONTEXT(2) 
PARAMETRIC_REPRESENTATION_CONTEXT() REPRESENTATION_CONTEXT('2D SPACE',''
  ) );
#10885 = ORIENTED_EDGE('',*,*,#10886,.F.);
#10886 = EDGE_CURVE('',#10887,#10866,#10889,.T.);
#10887 = VERTEX_POINT('',#10888);
#10888 = CARTESIAN_POINT('',(-0.205610406576,0.120794028743,0.81));
#10889 = SURFACE_CURVE('',#10890,(#10894,#10901),.PCURVE_S1.);
#10890 = LINE('',#10891,#10892);
#10891 = CARTESIAN_POINT('',(-0.205610406576,0.120794028743,0.81));
#10892 = VECTOR('',#10893,1.);
#10893 = DIRECTION('',(0.,0.,1.));
#10894 = PCURVE('',#10829,#10895);
#10895 = DEFINITIONAL_REPRESENTATION('',(#10896),#10900);
#10896 = LINE('',#10897,#10898);
#10897 = CARTESIAN_POINT('',(8.30078125E-02,0.));
#10898 = VECTOR('',#10899,1.);
#10899 = DIRECTION('',(0.,-1.));
#10900 = ( GEOMETRIC_REPRESENTATION_CONTEXT(2) 
PARAMETRIC_REPRESENTATION_CONTEXT() REPRESENTATION_CONTEXT('2D SPACE',''
  ) );
#10901 = PCURVE('',#10902,#10908);
#10902 = SURFACE_OF_LINEAR_EXTRUSION('',#10903,#10906);
#10903 = B_SPLINE_CURVE_WITH_KNOTS('',1,(#10904,#10905),.UNSPECIFIED.,
  .F.,.F.,(2,2),(0.,0.2587890625),.PIECEWISE_BEZIER_KNOTS.);
#10904 = CARTESIAN_POINT('',(-0.205610406576,0.120794028743,0.81));
#10905 = CARTESIAN_POINT('',(-0.340395212371,0.120794028743,0.81));
#10906 = VECTOR('',#10907,1.);
#10907 = DIRECTION('',(-0.,-0.,-1.));
#10908 = DEFINITIONAL_REPRESENTATION('',(#10909),#10913);
#10909 = LINE('',#10910,#10911);
#10910 = CARTESIAN_POINT('',(0.,0.));
#10911 = VECTOR('',#10912,1.);
#10912 = DIRECTION('',(0.,-1.));
#10913 = ( GEOMETRIC_REPRESENTATION_CONTEXT(2) 
PARAMETRIC_REPRESENTATION_CONTEXT() REPRESENTATION_CONTEXT('2D SPACE',''
  ) );
#10914 = ORIENTED_EDGE('',*,*,#10915,.F.);
#10915 = EDGE_CURVE('',#10814,#10887,#10916,.T.);
#10916 = SURFACE_CURVE('',#10917,(#10920,#10927),.PCURVE_S1.);
#10917 = B_SPLINE_CURVE_WITH_KNOTS('',1,(#10918,#10919),.UNSPECIFIED.,
  .F.,.F.,(2,2),(0.,8.30078125E-02),.PIECEWISE_BEZIER_KNOTS.);
#10918 = CARTESIAN_POINT('',(-0.205610406576,0.15635244413,0.81));
#10919 = CARTESIAN_POINT('',(-0.205610406576,0.120794028743,0.81));
#10920 = PCURVE('',#10829,#10921);
#10921 = DEFINITIONAL_REPRESENTATION('',(#10922),#10926);
#10922 = LINE('',#10923,#10924);
#10923 = CARTESIAN_POINT('',(0.,0.));
#10924 = VECTOR('',#10925,1.);
#10925 = DIRECTION('',(1.,0.));
#10926 = ( GEOMETRIC_REPRESENTATION_CONTEXT(2) 
PARAMETRIC_REPRESENTATION_CONTEXT() REPRESENTATION_CONTEXT('2D SPACE',''
  ) );
#10927 = PCURVE('',#10777,#10928);
#10928 = DEFINITIONAL_REPRESENTATION('',(#10929),#10932);
#10929 = B_SPLINE_CURVE_WITH_KNOTS('',1,(#10930,#10931),.UNSPECIFIED.,
  .F.,.F.,(2,2),(0.,8.30078125E-02),.PIECEWISE_BEZIER_KNOTS.);
#10930 = CARTESIAN_POINT('',(0.61376953125,0.72900390625));
#10931 = CARTESIAN_POINT('',(0.61376953125,0.64599609375));
#10932 = ( GEOMETRIC_REPRESENTATION_CONTEXT(2) 
PARAMETRIC_REPRESENTATION_CONTEXT() REPRESENTATION_CONTEXT('2D SPACE',''
  ) );
#10933 = ADVANCED_FACE('',(#10934),#10902,.T.);
#10934 = FACE_BOUND('',#10935,.T.);
#10935 = EDGE_LOOP('',(#10936,#10937,#10958,#10987));
#10936 = ORIENTED_EDGE('',*,*,#10886,.T.);
#10937 = ORIENTED_EDGE('',*,*,#10938,.T.);
#10938 = EDGE_CURVE('',#10866,#10939,#10941,.T.);
#10939 = VERTEX_POINT('',#10940);
#10940 = CARTESIAN_POINT('',(-0.340395212371,0.120794028743,0.818));
#10941 = SURFACE_CURVE('',#10942,(#10945,#10952),.PCURVE_S1.);
#10942 = B_SPLINE_CURVE_WITH_KNOTS('',1,(#10943,#10944),.UNSPECIFIED.,
  .F.,.F.,(2,2),(0.,0.2587890625),.PIECEWISE_BEZIER_KNOTS.);
#10943 = CARTESIAN_POINT('',(-0.205610406576,0.120794028743,0.818));
#10944 = CARTESIAN_POINT('',(-0.340395212371,0.120794028743,0.818));
#10945 = PCURVE('',#10902,#10946);
#10946 = DEFINITIONAL_REPRESENTATION('',(#10947),#10951);
#10947 = LINE('',#10948,#10949);
#10948 = CARTESIAN_POINT('',(0.,-8.E-03));
#10949 = VECTOR('',#10950,1.);
#10950 = DIRECTION('',(1.,0.));
#10951 = ( GEOMETRIC_REPRESENTATION_CONTEXT(2) 
PARAMETRIC_REPRESENTATION_CONTEXT() REPRESENTATION_CONTEXT('2D SPACE',''
  ) );
#10952 = PCURVE('',#10724,#10953);
#10953 = DEFINITIONAL_REPRESENTATION('',(#10954),#10957);
#10954 = B_SPLINE_CURVE_WITH_KNOTS('',1,(#10955,#10956),.UNSPECIFIED.,
  .F.,.F.,(2,2),(0.,0.2587890625),.PIECEWISE_BEZIER_KNOTS.);
#10955 = CARTESIAN_POINT('',(0.61376953125,0.64599609375));
#10956 = CARTESIAN_POINT('',(0.35498046875,0.64599609375));
#10957 = ( GEOMETRIC_REPRESENTATION_CONTEXT(2) 
PARAMETRIC_REPRESENTATION_CONTEXT() REPRESENTATION_CONTEXT('2D SPACE',''
  ) );
#10958 = ORIENTED_EDGE('',*,*,#10959,.F.);
#10959 = EDGE_CURVE('',#10960,#10939,#10962,.T.);
#10960 = VERTEX_POINT('',#10961);
#10961 = CARTESIAN_POINT('',(-0.340395212371,0.120794028743,0.81));
#10962 = SURFACE_CURVE('',#10963,(#10967,#10974),.PCURVE_S1.);
#10963 = LINE('',#10964,#10965);
#10964 = CARTESIAN_POINT('',(-0.340395212371,0.120794028743,0.81));
#10965 = VECTOR('',#10966,1.);
#10966 = DIRECTION('',(0.,0.,1.));
#10967 = PCURVE('',#10902,#10968);
#10968 = DEFINITIONAL_REPRESENTATION('',(#10969),#10973);
#10969 = LINE('',#10970,#10971);
#10970 = CARTESIAN_POINT('',(0.2587890625,0.));
#10971 = VECTOR('',#10972,1.);
#10972 = DIRECTION('',(0.,-1.));
#10973 = ( GEOMETRIC_REPRESENTATION_CONTEXT(2) 
PARAMETRIC_REPRESENTATION_CONTEXT() REPRESENTATION_CONTEXT('2D SPACE',''
  ) );
#10974 = PCURVE('',#10975,#10981);
#10975 = SURFACE_OF_LINEAR_EXTRUSION('',#10976,#10979);
#10976 = B_SPLINE_CURVE_WITH_KNOTS('',1,(#10977,#10978),.UNSPECIFIED.,
  .F.,.F.,(2,2),(0.,0.64599609375),.PIECEWISE_BEZIER_KNOTS.);
#10977 = CARTESIAN_POINT('',(-0.340395212371,0.120794028743,0.81));
#10978 = CARTESIAN_POINT('',(-0.340395212371,-0.155934109832,0.81));
#10979 = VECTOR('',#10980,1.);
#10980 = DIRECTION('',(-0.,-0.,-1.));
#10981 = DEFINITIONAL_REPRESENTATION('',(#10982),#10986);
#10982 = LINE('',#10983,#10984);
#10983 = CARTESIAN_POINT('',(0.,0.));
#10984 = VECTOR('',#10985,1.);
#10985 = DIRECTION('',(0.,-1.));
#10986 = ( GEOMETRIC_REPRESENTATION_CONTEXT(2) 
PARAMETRIC_REPRESENTATION_CONTEXT() REPRESENTATION_CONTEXT('2D SPACE',''
  ) );
#10987 = ORIENTED_EDGE('',*,*,#10988,.F.);
#10988 = EDGE_CURVE('',#10887,#10960,#10989,.T.);
#10989 = SURFACE_CURVE('',#10990,(#10993,#11000),.PCURVE_S1.);
#10990 = B_SPLINE_CURVE_WITH_KNOTS('',1,(#10991,#10992),.UNSPECIFIED.,
  .F.,.F.,(2,2),(0.,0.2587890625),.PIECEWISE_BEZIER_KNOTS.);
#10991 = CARTESIAN_POINT('',(-0.205610406576,0.120794028743,0.81));
#10992 = CARTESIAN_POINT('',(-0.340395212371,0.120794028743,0.81));
#10993 = PCURVE('',#10902,#10994);
#10994 = DEFINITIONAL_REPRESENTATION('',(#10995),#10999);
#10995 = LINE('',#10996,#10997);
#10996 = CARTESIAN_POINT('',(0.,0.));
#10997 = VECTOR('',#10998,1.);
#10998 = DIRECTION('',(1.,0.));
#10999 = ( GEOMETRIC_REPRESENTATION_CONTEXT(2) 
PARAMETRIC_REPRESENTATION_CONTEXT() REPRESENTATION_CONTEXT('2D SPACE',''
  ) );
#11000 = PCURVE('',#10777,#11001);
#11001 = DEFINITIONAL_REPRESENTATION('',(#11002),#11005);
#11002 = B_SPLINE_CURVE_WITH_KNOTS('',1,(#11003,#11004),.UNSPECIFIED.,
  .F.,.F.,(2,2),(0.,0.2587890625),.PIECEWISE_BEZIER_KNOTS.);
#11003 = CARTESIAN_POINT('',(0.61376953125,0.64599609375));
#11004 = CARTESIAN_POINT('',(0.35498046875,0.64599609375));
#11005 = ( GEOMETRIC_REPRESENTATION_CONTEXT(2) 
PARAMETRIC_REPRESENTATION_CONTEXT() REPRESENTATION_CONTEXT('2D SPACE',''
  ) );
#11006 = ADVANCED_FACE('',(#11007),#10975,.T.);
#11007 = FACE_BOUND('',#11008,.T.);
#11008 = EDGE_LOOP('',(#11009,#11010,#11031,#11060));
#11009 = ORIENTED_EDGE('',*,*,#10959,.T.);
#11010 = ORIENTED_EDGE('',*,*,#11011,.T.);
#11011 = EDGE_CURVE('',#10939,#11012,#11014,.T.);
#11012 = VERTEX_POINT('',#11013);
#11013 = CARTESIAN_POINT('',(-0.340395212371,-0.155934109832,0.818));
#11014 = SURFACE_CURVE('',#11015,(#11018,#11025),.PCURVE_S1.);
#11015 = B_SPLINE_CURVE_WITH_KNOTS('',1,(#11016,#11017),.UNSPECIFIED.,
  .F.,.F.,(2,2),(0.,0.64599609375),.PIECEWISE_BEZIER_KNOTS.);
#11016 = CARTESIAN_POINT('',(-0.340395212371,0.120794028743,0.818));
#11017 = CARTESIAN_POINT('',(-0.340395212371,-0.155934109832,0.818));
#11018 = PCURVE('',#10975,#11019);
#11019 = DEFINITIONAL_REPRESENTATION('',(#11020),#11024);
#11020 = LINE('',#11021,#11022);
#11021 = CARTESIAN_POINT('',(0.,-8.E-03));
#11022 = VECTOR('',#11023,1.);
#11023 = DIRECTION('',(1.,0.));
#11024 = ( GEOMETRIC_REPRESENTATION_CONTEXT(2) 
PARAMETRIC_REPRESENTATION_CONTEXT() REPRESENTATION_CONTEXT('2D SPACE',''
  ) );
#11025 = PCURVE('',#10724,#11026);
#11026 = DEFINITIONAL_REPRESENTATION('',(#11027),#11030);
#11027 = B_SPLINE_CURVE_WITH_KNOTS('',1,(#11028,#11029),.UNSPECIFIED.,
  .F.,.F.,(2,2),(0.,0.64599609375),.PIECEWISE_BEZIER_KNOTS.);
#11028 = CARTESIAN_POINT('',(0.35498046875,0.64599609375));
#11029 = CARTESIAN_POINT('',(0.35498046875,0.));
#11030 = ( GEOMETRIC_REPRESENTATION_CONTEXT(2) 
PARAMETRIC_REPRESENTATION_CONTEXT() REPRESENTATION_CONTEXT('2D SPACE',''
  ) );
#11031 = ORIENTED_EDGE('',*,*,#11032,.F.);
#11032 = EDGE_CURVE('',#11033,#11012,#11035,.T.);
#11033 = VERTEX_POINT('',#11034);
#11034 = CARTESIAN_POINT('',(-0.340395212371,-0.155934109832,0.81));
#11035 = SURFACE_CURVE('',#11036,(#11040,#11047),.PCURVE_S1.);
#11036 = LINE('',#11037,#11038);
#11037 = CARTESIAN_POINT('',(-0.340395212371,-0.155934109832,0.81));
#11038 = VECTOR('',#11039,1.);
#11039 = DIRECTION('',(0.,0.,1.));
#11040 = PCURVE('',#10975,#11041);
#11041 = DEFINITIONAL_REPRESENTATION('',(#11042),#11046);
#11042 = LINE('',#11043,#11044);
#11043 = CARTESIAN_POINT('',(0.64599609375,0.));
#11044 = VECTOR('',#11045,1.);
#11045 = DIRECTION('',(0.,-1.));
#11046 = ( GEOMETRIC_REPRESENTATION_CONTEXT(2) 
PARAMETRIC_REPRESENTATION_CONTEXT() REPRESENTATION_CONTEXT('2D SPACE',''
  ) );
#11047 = PCURVE('',#11048,#11054);
#11048 = SURFACE_OF_LINEAR_EXTRUSION('',#11049,#11052);
#11049 = B_SPLINE_CURVE_WITH_KNOTS('',1,(#11050,#11051),.UNSPECIFIED.,
  .F.,.F.,(2,2),(0.,9.912109375E-02),.PIECEWISE_BEZIER_KNOTS.);
#11050 = CARTESIAN_POINT('',(-0.340395212371,-0.155934109832,0.81));
#11051 = CARTESIAN_POINT('',(-0.3920203361,-0.155934109832,0.81));
#11052 = VECTOR('',#11053,1.);
#11053 = DIRECTION('',(-0.,-0.,-1.));
#11054 = DEFINITIONAL_REPRESENTATION('',(#11055),#11059);
#11055 = LINE('',#11056,#11057);
#11056 = CARTESIAN_POINT('',(0.,0.));
#11057 = VECTOR('',#11058,1.);
#11058 = DIRECTION('',(0.,-1.));
#11059 = ( GEOMETRIC_REPRESENTATION_CONTEXT(2) 
PARAMETRIC_REPRESENTATION_CONTEXT() REPRESENTATION_CONTEXT('2D SPACE',''
  ) );
#11060 = ORIENTED_EDGE('',*,*,#11061,.F.);
#11061 = EDGE_CURVE('',#10960,#11033,#11062,.T.);
#11062 = SURFACE_CURVE('',#11063,(#11066,#11073),.PCURVE_S1.);
#11063 = B_SPLINE_CURVE_WITH_KNOTS('',1,(#11064,#11065),.UNSPECIFIED.,
  .F.,.F.,(2,2),(0.,0.64599609375),.PIECEWISE_BEZIER_KNOTS.);
#11064 = CARTESIAN_POINT('',(-0.340395212371,0.120794028743,0.81));
#11065 = CARTESIAN_POINT('',(-0.340395212371,-0.155934109832,0.81));
#11066 = PCURVE('',#10975,#11067);
#11067 = DEFINITIONAL_REPRESENTATION('',(#11068),#11072);
#11068 = LINE('',#11069,#11070);
#11069 = CARTESIAN_POINT('',(0.,0.));
#11070 = VECTOR('',#11071,1.);
#11071 = DIRECTION('',(1.,0.));
#11072 = ( GEOMETRIC_REPRESENTATION_CONTEXT(2) 
PARAMETRIC_REPRESENTATION_CONTEXT() REPRESENTATION_CONTEXT('2D SPACE',''
  ) );
#11073 = PCURVE('',#10777,#11074);
#11074 = DEFINITIONAL_REPRESENTATION('',(#11075),#11078);
#11075 = B_SPLINE_CURVE_WITH_KNOTS('',1,(#11076,#11077),.UNSPECIFIED.,
  .F.,.F.,(2,2),(0.,0.64599609375),.PIECEWISE_BEZIER_KNOTS.);
#11076 = CARTESIAN_POINT('',(0.35498046875,0.64599609375));
#11077 = CARTESIAN_POINT('',(0.35498046875,0.));
#11078 = ( GEOMETRIC_REPRESENTATION_CONTEXT(2) 
PARAMETRIC_REPRESENTATION_CONTEXT() REPRESENTATION_CONTEXT('2D SPACE',''
  ) );
#11079 = ADVANCED_FACE('',(#11080),#11048,.T.);
#11080 = FACE_BOUND('',#11081,.T.);
#11081 = EDGE_LOOP('',(#11082,#11083,#11104,#11133));
#11082 = ORIENTED_EDGE('',*,*,#11032,.T.);
#11083 = ORIENTED_EDGE('',*,*,#11084,.T.);
#11084 = EDGE_CURVE('',#11012,#11085,#11087,.T.);
#11085 = VERTEX_POINT('',#11086);
#11086 = CARTESIAN_POINT('',(-0.3920203361,-0.155934109832,0.818));
#11087 = SURFACE_CURVE('',#11088,(#11091,#11098),.PCURVE_S1.);
#11088 = B_SPLINE_CURVE_WITH_KNOTS('',1,(#11089,#11090),.UNSPECIFIED.,
  .F.,.F.,(2,2),(0.,9.912109375E-02),.PIECEWISE_BEZIER_KNOTS.);
#11089 = CARTESIAN_POINT('',(-0.340395212371,-0.155934109832,0.818));
#11090 = CARTESIAN_POINT('',(-0.3920203361,-0.155934109832,0.818));
#11091 = PCURVE('',#11048,#11092);
#11092 = DEFINITIONAL_REPRESENTATION('',(#11093),#11097);
#11093 = LINE('',#11094,#11095);
#11094 = CARTESIAN_POINT('',(0.,-8.E-03));
#11095 = VECTOR('',#11096,1.);
#11096 = DIRECTION('',(1.,0.));
#11097 = ( GEOMETRIC_REPRESENTATION_CONTEXT(2) 
PARAMETRIC_REPRESENTATION_CONTEXT() REPRESENTATION_CONTEXT('2D SPACE',''
  ) );
#11098 = PCURVE('',#10724,#11099);
#11099 = DEFINITIONAL_REPRESENTATION('',(#11100),#11103);
#11100 = B_SPLINE_CURVE_WITH_KNOTS('',1,(#11101,#11102),.UNSPECIFIED.,
  .F.,.F.,(2,2),(0.,9.912109375E-02),.PIECEWISE_BEZIER_KNOTS.);
#11101 = CARTESIAN_POINT('',(0.35498046875,0.));
#11102 = CARTESIAN_POINT('',(0.255859375,0.));
#11103 = ( GEOMETRIC_REPRESENTATION_CONTEXT(2) 
PARAMETRIC_REPRESENTATION_CONTEXT() REPRESENTATION_CONTEXT('2D SPACE',''
  ) );
#11104 = ORIENTED_EDGE('',*,*,#11105,.F.);
#11105 = EDGE_CURVE('',#11106,#11085,#11108,.T.);
#11106 = VERTEX_POINT('',#11107);
#11107 = CARTESIAN_POINT('',(-0.3920203361,-0.155934109832,0.81));
#11108 = SURFACE_CURVE('',#11109,(#11113,#11120),.PCURVE_S1.);
#11109 = LINE('',#11110,#11111);
#11110 = CARTESIAN_POINT('',(-0.3920203361,-0.155934109832,0.81));
#11111 = VECTOR('',#11112,1.);
#11112 = DIRECTION('',(0.,0.,1.));
#11113 = PCURVE('',#11048,#11114);
#11114 = DEFINITIONAL_REPRESENTATION('',(#11115),#11119);
#11115 = LINE('',#11116,#11117);
#11116 = CARTESIAN_POINT('',(9.912109375E-02,0.));
#11117 = VECTOR('',#11118,1.);
#11118 = DIRECTION('',(0.,-1.));
#11119 = ( GEOMETRIC_REPRESENTATION_CONTEXT(2) 
PARAMETRIC_REPRESENTATION_CONTEXT() REPRESENTATION_CONTEXT('2D SPACE',''
  ) );
#11120 = PCURVE('',#11121,#11127);
#11121 = SURFACE_OF_LINEAR_EXTRUSION('',#11122,#11125);
#11122 = B_SPLINE_CURVE_WITH_KNOTS('',1,(#11123,#11124),.UNSPECIFIED.,
  .F.,.F.,(2,2),(0.,0.64599609375),.PIECEWISE_BEZIER_KNOTS.);
#11123 = CARTESIAN_POINT('',(-0.3920203361,-0.155934109832,0.81));
#11124 = CARTESIAN_POINT('',(-0.3920203361,0.120794028743,0.81));
#11125 = VECTOR('',#11126,1.);
#11126 = DIRECTION('',(-0.,-0.,-1.));
#11127 = DEFINITIONAL_REPRESENTATION('',(#11128),#11132);
#11128 = LINE('',#11129,#11130);
#11129 = CARTESIAN_POINT('',(0.,0.));
#11130 = VECTOR('',#11131,1.);
#11131 = DIRECTION('',(0.,-1.));
#11132 = ( GEOMETRIC_REPRESENTATION_CONTEXT(2) 
PARAMETRIC_REPRESENTATION_CONTEXT() REPRESENTATION_CONTEXT('2D SPACE',''
  ) );
#11133 = ORIENTED_EDGE('',*,*,#11134,.F.);
#11134 = EDGE_CURVE('',#11033,#11106,#11135,.T.);
#11135 = SURFACE_CURVE('',#11136,(#11139,#11146),.PCURVE_S1.);
#11136 = B_SPLINE_CURVE_WITH_KNOTS('',1,(#11137,#11138),.UNSPECIFIED.,
  .F.,.F.,(2,2),(0.,9.912109375E-02),.PIECEWISE_BEZIER_KNOTS.);
#11137 = CARTESIAN_POINT('',(-0.340395212371,-0.155934109832,0.81));
#11138 = CARTESIAN_POINT('',(-0.3920203361,-0.155934109832,0.81));
#11139 = PCURVE('',#11048,#11140);
#11140 = DEFINITIONAL_REPRESENTATION('',(#11141),#11145);
#11141 = LINE('',#11142,#11143);
#11142 = CARTESIAN_POINT('',(0.,0.));
#11143 = VECTOR('',#11144,1.);
#11144 = DIRECTION('',(1.,0.));
#11145 = ( GEOMETRIC_REPRESENTATION_CONTEXT(2) 
PARAMETRIC_REPRESENTATION_CONTEXT() REPRESENTATION_CONTEXT('2D SPACE',''
  ) );
#11146 = PCURVE('',#10777,#11147);
#11147 = DEFINITIONAL_REPRESENTATION('',(#11148),#11151);
#11148 = B_SPLINE_CURVE_WITH_KNOTS('',1,(#11149,#11150),.UNSPECIFIED.,
  .F.,.F.,(2,2),(0.,9.912109375E-02),.PIECEWISE_BEZIER_KNOTS.);
#11149 = CARTESIAN_POINT('',(0.35498046875,0.));
#11150 = CARTESIAN_POINT('',(0.255859375,0.));
#11151 = ( GEOMETRIC_REPRESENTATION_CONTEXT(2) 
PARAMETRIC_REPRESENTATION_CONTEXT() REPRESENTATION_CONTEXT('2D SPACE',''
  ) );
#11152 = ADVANCED_FACE('',(#11153),#11121,.T.);
#11153 = FACE_BOUND('',#11154,.T.);
#11154 = EDGE_LOOP('',(#11155,#11156,#11177,#11200));
#11155 = ORIENTED_EDGE('',*,*,#11105,.T.);
#11156 = ORIENTED_EDGE('',*,*,#11157,.T.);
#11157 = EDGE_CURVE('',#11085,#11158,#11160,.T.);
#11158 = VERTEX_POINT('',#11159);
#11159 = CARTESIAN_POINT('',(-0.3920203361,0.120794028743,0.818));
#11160 = SURFACE_CURVE('',#11161,(#11164,#11171),.PCURVE_S1.);
#11161 = B_SPLINE_CURVE_WITH_KNOTS('',1,(#11162,#11163),.UNSPECIFIED.,
  .F.,.F.,(2,2),(0.,0.64599609375),.PIECEWISE_BEZIER_KNOTS.);
#11162 = CARTESIAN_POINT('',(-0.3920203361,-0.155934109832,0.818));
#11163 = CARTESIAN_POINT('',(-0.3920203361,0.120794028743,0.818));
#11164 = PCURVE('',#11121,#11165);
#11165 = DEFINITIONAL_REPRESENTATION('',(#11166),#11170);
#11166 = LINE('',#11167,#11168);
#11167 = CARTESIAN_POINT('',(0.,-8.E-03));
#11168 = VECTOR('',#11169,1.);
#11169 = DIRECTION('',(1.,0.));
#11170 = ( GEOMETRIC_REPRESENTATION_CONTEXT(2) 
PARAMETRIC_REPRESENTATION_CONTEXT() REPRESENTATION_CONTEXT('2D SPACE',''
  ) );
#11171 = PCURVE('',#10724,#11172);
#11172 = DEFINITIONAL_REPRESENTATION('',(#11173),#11176);
#11173 = B_SPLINE_CURVE_WITH_KNOTS('',1,(#11174,#11175),.UNSPECIFIED.,
  .F.,.F.,(2,2),(0.,0.64599609375),.PIECEWISE_BEZIER_KNOTS.);
#11174 = CARTESIAN_POINT('',(0.255859375,0.));
#11175 = CARTESIAN_POINT('',(0.255859375,0.64599609375));
#11176 = ( GEOMETRIC_REPRESENTATION_CONTEXT(2) 
PARAMETRIC_REPRESENTATION_CONTEXT() REPRESENTATION_CONTEXT('2D SPACE',''
  ) );
#11177 = ORIENTED_EDGE('',*,*,#11178,.F.);
#11178 = EDGE_CURVE('',#11179,#11158,#11181,.T.);
#11179 = VERTEX_POINT('',#11180);
#11180 = CARTESIAN_POINT('',(-0.3920203361,0.120794028743,0.81));
#11181 = SURFACE_CURVE('',#11182,(#11186,#11193),.PCURVE_S1.);
#11182 = LINE('',#11183,#11184);
#11183 = CARTESIAN_POINT('',(-0.3920203361,0.120794028743,0.81));
#11184 = VECTOR('',#11185,1.);
#11185 = DIRECTION('',(0.,0.,1.));
#11186 = PCURVE('',#11121,#11187);
#11187 = DEFINITIONAL_REPRESENTATION('',(#11188),#11192);
#11188 = LINE('',#11189,#11190);
#11189 = CARTESIAN_POINT('',(0.64599609375,0.));
#11190 = VECTOR('',#11191,1.);
#11191 = DIRECTION('',(0.,-1.));
#11192 = ( GEOMETRIC_REPRESENTATION_CONTEXT(2) 
PARAMETRIC_REPRESENTATION_CONTEXT() REPRESENTATION_CONTEXT('2D SPACE',''
  ) );
#11193 = PCURVE('',#10696,#11194);
#11194 = DEFINITIONAL_REPRESENTATION('',(#11195),#11199);
#11195 = LINE('',#11196,#11197);
#11196 = CARTESIAN_POINT('',(0.,0.));
#11197 = VECTOR('',#11198,1.);
#11198 = DIRECTION('',(0.,-1.));
#11199 = ( GEOMETRIC_REPRESENTATION_CONTEXT(2) 
PARAMETRIC_REPRESENTATION_CONTEXT() REPRESENTATION_CONTEXT('2D SPACE',''
  ) );
#11200 = ORIENTED_EDGE('',*,*,#11201,.F.);
#11201 = EDGE_CURVE('',#11106,#11179,#11202,.T.);
#11202 = SURFACE_CURVE('',#11203,(#11206,#11213),.PCURVE_S1.);
#11203 = B_SPLINE_CURVE_WITH_KNOTS('',1,(#11204,#11205),.UNSPECIFIED.,
  .F.,.F.,(2,2),(0.,0.64599609375),.PIECEWISE_BEZIER_KNOTS.);
#11204 = CARTESIAN_POINT('',(-0.3920203361,-0.155934109832,0.81));
#11205 = CARTESIAN_POINT('',(-0.3920203361,0.120794028743,0.81));
#11206 = PCURVE('',#11121,#11207);
#11207 = DEFINITIONAL_REPRESENTATION('',(#11208),#11212);
#11208 = LINE('',#11209,#11210);
#11209 = CARTESIAN_POINT('',(0.,0.));
#11210 = VECTOR('',#11211,1.);
#11211 = DIRECTION('',(1.,0.));
#11212 = ( GEOMETRIC_REPRESENTATION_CONTEXT(2) 
PARAMETRIC_REPRESENTATION_CONTEXT() REPRESENTATION_CONTEXT('2D SPACE',''
  ) );
#11213 = PCURVE('',#10777,#11214);
#11214 = DEFINITIONAL_REPRESENTATION('',(#11215),#11218);
#11215 = B_SPLINE_CURVE_WITH_KNOTS('',1,(#11216,#11217),.UNSPECIFIED.,
  .F.,.F.,(2,2),(0.,0.64599609375),.PIECEWISE_BEZIER_KNOTS.);
#11216 = CARTESIAN_POINT('',(0.255859375,0.));
#11217 = CARTESIAN_POINT('',(0.255859375,0.64599609375));
#11218 = ( GEOMETRIC_REPRESENTATION_CONTEXT(2) 
PARAMETRIC_REPRESENTATION_CONTEXT() REPRESENTATION_CONTEXT('2D SPACE',''
  ) );
#11219 = ADVANCED_FACE('',(#11220),#10696,.T.);
#11220 = FACE_BOUND('',#11221,.T.);
#11221 = EDGE_LOOP('',(#11222,#11223,#11242,#11243));
#11222 = ORIENTED_EDGE('',*,*,#11178,.T.);
#11223 = ORIENTED_EDGE('',*,*,#11224,.T.);
#11224 = EDGE_CURVE('',#11158,#10675,#11225,.T.);
#11225 = SURFACE_CURVE('',#11226,(#11229,#11236),.PCURVE_S1.);
#11226 = B_SPLINE_CURVE_WITH_KNOTS('',1,(#11227,#11228),.UNSPECIFIED.,
  .F.,.F.,(2,2),(0.,0.2587890625),.PIECEWISE_BEZIER_KNOTS.);
#11227 = CARTESIAN_POINT('',(-0.3920203361,0.120794028743,0.818));
#11228 = CARTESIAN_POINT('',(-0.526805141895,0.120794028743,0.818));
#11229 = PCURVE('',#10696,#11230);
#11230 = DEFINITIONAL_REPRESENTATION('',(#11231),#11235);
#11231 = LINE('',#11232,#11233);
#11232 = CARTESIAN_POINT('',(0.,-8.E-03));
#11233 = VECTOR('',#11234,1.);
#11234 = DIRECTION('',(1.,0.));
#11235 = ( GEOMETRIC_REPRESENTATION_CONTEXT(2) 
PARAMETRIC_REPRESENTATION_CONTEXT() REPRESENTATION_CONTEXT('2D SPACE',''
  ) );
#11236 = PCURVE('',#10724,#11237);
#11237 = DEFINITIONAL_REPRESENTATION('',(#11238),#11241);
#11238 = B_SPLINE_CURVE_WITH_KNOTS('',1,(#11239,#11240),.UNSPECIFIED.,
  .F.,.F.,(2,2),(0.,0.2587890625),.PIECEWISE_BEZIER_KNOTS.);
#11239 = CARTESIAN_POINT('',(0.255859375,0.64599609375));
#11240 = CARTESIAN_POINT('',(-2.9296875E-03,0.64599609375));
#11241 = ( GEOMETRIC_REPRESENTATION_CONTEXT(2) 
PARAMETRIC_REPRESENTATION_CONTEXT() REPRESENTATION_CONTEXT('2D SPACE',''
  ) );
#11242 = ORIENTED_EDGE('',*,*,#10672,.F.);
#11243 = ORIENTED_EDGE('',*,*,#11244,.F.);
#11244 = EDGE_CURVE('',#11179,#10673,#11245,.T.);
#11245 = SURFACE_CURVE('',#11246,(#11249,#11256),.PCURVE_S1.);
#11246 = B_SPLINE_CURVE_WITH_KNOTS('',1,(#11247,#11248),.UNSPECIFIED.,
  .F.,.F.,(2,2),(0.,0.2587890625),.PIECEWISE_BEZIER_KNOTS.);
#11247 = CARTESIAN_POINT('',(-0.3920203361,0.120794028743,0.81));
#11248 = CARTESIAN_POINT('',(-0.526805141895,0.120794028743,0.81));
#11249 = PCURVE('',#10696,#11250);
#11250 = DEFINITIONAL_REPRESENTATION('',(#11251),#11255);
#11251 = LINE('',#11252,#11253);
#11252 = CARTESIAN_POINT('',(0.,0.));
#11253 = VECTOR('',#11254,1.);
#11254 = DIRECTION('',(1.,0.));
#11255 = ( GEOMETRIC_REPRESENTATION_CONTEXT(2) 
PARAMETRIC_REPRESENTATION_CONTEXT() REPRESENTATION_CONTEXT('2D SPACE',''
  ) );
#11256 = PCURVE('',#10777,#11257);
#11257 = DEFINITIONAL_REPRESENTATION('',(#11258),#11261);
#11258 = B_SPLINE_CURVE_WITH_KNOTS('',1,(#11259,#11260),.UNSPECIFIED.,
  .F.,.F.,(2,2),(0.,0.2587890625),.PIECEWISE_BEZIER_KNOTS.);
#11259 = CARTESIAN_POINT('',(0.255859375,0.64599609375));
#11260 = CARTESIAN_POINT('',(-2.9296875E-03,0.64599609375));
#11261 = ( GEOMETRIC_REPRESENTATION_CONTEXT(2) 
PARAMETRIC_REPRESENTATION_CONTEXT() REPRESENTATION_CONTEXT('2D SPACE',''
  ) );
#11262 = ADVANCED_FACE('',(#11263),#10777,.F.);
#11263 = FACE_BOUND('',#11264,.T.);
#11264 = EDGE_LOOP('',(#11265,#11266,#11267,#11268,#11269,#11270,#11271,
    #11272));
#11265 = ORIENTED_EDGE('',*,*,#10764,.T.);
#11266 = ORIENTED_EDGE('',*,*,#10842,.T.);
#11267 = ORIENTED_EDGE('',*,*,#10915,.T.);
#11268 = ORIENTED_EDGE('',*,*,#10988,.T.);
#11269 = ORIENTED_EDGE('',*,*,#11061,.T.);
#11270 = ORIENTED_EDGE('',*,*,#11134,.T.);
#11271 = ORIENTED_EDGE('',*,*,#11201,.T.);
#11272 = ORIENTED_EDGE('',*,*,#11244,.T.);
#11273 = ADVANCED_FACE('',(#11274),#10724,.T.);
#11274 = FACE_BOUND('',#11275,.F.);
#11275 = EDGE_LOOP('',(#11276,#11277,#11278,#11279,#11280,#11281,#11282,
    #11283));
#11276 = ORIENTED_EDGE('',*,*,#10709,.T.);
#11277 = ORIENTED_EDGE('',*,*,#10792,.T.);
#11278 = ORIENTED_EDGE('',*,*,#10865,.T.);
#11279 = ORIENTED_EDGE('',*,*,#10938,.T.);
#11280 = ORIENTED_EDGE('',*,*,#11011,.T.);
#11281 = ORIENTED_EDGE('',*,*,#11084,.T.);
#11282 = ORIENTED_EDGE('',*,*,#11157,.T.);
#11283 = ORIENTED_EDGE('',*,*,#11224,.T.);
#11284 = MANIFOLD_SOLID_BREP('',#11285);
#11285 = CLOSED_SHELL('',(#11286,#11406,#11479,#11552,#11625,#11699,
    #11777,#11855,#11933,#12011,#12089,#12167,#12245,#12322,#12396,
    #12474,#12552,#12630,#12708,#12786,#12864,#12935,#12982,#13007));
#11286 = ADVANCED_FACE('',(#11287),#11301,.T.);
#11287 = FACE_BOUND('',#11288,.T.);
#11288 = EDGE_LOOP('',(#11289,#11327,#11353,#11382));
#11289 = ORIENTED_EDGE('',*,*,#11290,.T.);
#11290 = EDGE_CURVE('',#11291,#11293,#11295,.T.);
#11291 = VERTEX_POINT('',#11292);
#11292 = CARTESIAN_POINT('',(0.102868781027,-0.111381507023,0.81));
#11293 = VERTEX_POINT('',#11294);
#11294 = CARTESIAN_POINT('',(0.102868781027,-0.111381507023,0.818));
#11295 = SURFACE_CURVE('',#11296,(#11300,#11313),.PCURVE_S1.);
#11296 = LINE('',#11297,#11298);
#11297 = CARTESIAN_POINT('',(0.102868781027,-0.111381507023,0.81));
#11298 = VECTOR('',#11299,1.);
#11299 = DIRECTION('',(0.,0.,1.));
#11300 = PCURVE('',#11301,#11307);
#11301 = SURFACE_OF_LINEAR_EXTRUSION('',#11302,#11305);
#11302 = B_SPLINE_CURVE_WITH_KNOTS('',1,(#11303,#11304),.UNSPECIFIED.,
  .F.,.F.,(2,2),(0.,0.19580078125),.PIECEWISE_BEZIER_KNOTS.);
#11303 = CARTESIAN_POINT('',(0.102868781027,-0.111381507023,0.81));
#11304 = CARTESIAN_POINT('',(0.102868781027,-2.7505480138E-02,0.81));
#11305 = VECTOR('',#11306,1.);
#11306 = DIRECTION('',(-0.,-0.,-1.));
#11307 = DEFINITIONAL_REPRESENTATION('',(#11308),#11312);
#11308 = LINE('',#11309,#11310);
#11309 = CARTESIAN_POINT('',(0.,0.));
#11310 = VECTOR('',#11311,1.);
#11311 = DIRECTION('',(0.,-1.));
#11312 = ( GEOMETRIC_REPRESENTATION_CONTEXT(2) 
PARAMETRIC_REPRESENTATION_CONTEXT() REPRESENTATION_CONTEXT('2D SPACE',''
  ) );
#11313 = PCURVE('',#11314,#11321);
#11314 = SURFACE_OF_LINEAR_EXTRUSION('',#11315,#11319);
#11315 = B_SPLINE_CURVE_WITH_KNOTS('',2,(#11316,#11317,#11318),
  .UNSPECIFIED.,.F.,.F.,(3,3),(0.,1.),.PIECEWISE_BEZIER_KNOTS.);
#11316 = CARTESIAN_POINT('',(6.446782692276E-02,-0.12340861811,0.81));
#11317 = CARTESIAN_POINT('',(8.582994708652E-02,-0.119539025847,0.81));
#11318 = CARTESIAN_POINT('',(0.102868781027,-0.111381507023,0.81));
#11319 = VECTOR('',#11320,1.);
#11320 = DIRECTION('',(-0.,-0.,-1.));
#11321 = DEFINITIONAL_REPRESENTATION('',(#11322),#11326);
#11322 = LINE('',#11323,#11324);
#11323 = CARTESIAN_POINT('',(1.,0.));
#11324 = VECTOR('',#11325,1.);
#11325 = DIRECTION('',(0.,-1.));
#11326 = ( GEOMETRIC_REPRESENTATION_CONTEXT(2) 
PARAMETRIC_REPRESENTATION_CONTEXT() REPRESENTATION_CONTEXT('2D SPACE',''
  ) );
#11327 = ORIENTED_EDGE('',*,*,#11328,.T.);
#11328 = EDGE_CURVE('',#11293,#11329,#11331,.T.);
#11329 = VERTEX_POINT('',#11330);
#11330 = CARTESIAN_POINT('',(0.102868781027,-2.7505480138E-02,0.818));
#11331 = SURFACE_CURVE('',#11332,(#11335,#11342),.PCURVE_S1.);
#11332 = B_SPLINE_CURVE_WITH_KNOTS('',1,(#11333,#11334),.UNSPECIFIED.,
  .F.,.F.,(2,2),(0.,0.19580078125),.PIECEWISE_BEZIER_KNOTS.);
#11333 = CARTESIAN_POINT('',(0.102868781027,-0.111381507023,0.818));
#11334 = CARTESIAN_POINT('',(0.102868781027,-2.7505480138E-02,0.818));
#11335 = PCURVE('',#11301,#11336);
#11336 = DEFINITIONAL_REPRESENTATION('',(#11337),#11341);
#11337 = LINE('',#11338,#11339);
#11338 = CARTESIAN_POINT('',(0.,-8.E-03));
#11339 = VECTOR('',#11340,1.);
#11340 = DIRECTION('',(1.,0.));
#11341 = ( GEOMETRIC_REPRESENTATION_CONTEXT(2) 
PARAMETRIC_REPRESENTATION_CONTEXT() REPRESENTATION_CONTEXT('2D SPACE',''
  ) );
#11342 = PCURVE('',#11343,#11348);
#11343 = B_SPLINE_SURFACE_WITH_KNOTS('',1,1,(
    (#11344,#11345)
    ,(#11346,#11347
    )),.UNSPECIFIED.,.F.,.F.,.F.,(2,2),(2,2),(5.615234375E-02,
    0.69287109375),(-1.416015625E-02,0.7421875),
  .PIECEWISE_BEZIER_KNOTS.);
#11344 = CARTESIAN_POINT('',(-0.177890512554,-0.161999957163,0.818));
#11345 = CARTESIAN_POINT('',(-0.177890512554,0.161999957163,0.818));
#11346 = CARTESIAN_POINT('',(0.153730971893,-0.161999957163,0.818));
#11347 = CARTESIAN_POINT('',(0.153730971893,0.161999957163,0.818));
#11348 = DEFINITIONAL_REPRESENTATION('',(#11349),#11352);
#11349 = B_SPLINE_CURVE_WITH_KNOTS('',1,(#11350,#11351),.UNSPECIFIED.,
  .F.,.F.,(2,2),(0.,0.19580078125),.PIECEWISE_BEZIER_KNOTS.);
#11350 = CARTESIAN_POINT('',(0.59521484375,0.10400390625));
#11351 = CARTESIAN_POINT('',(0.59521484375,0.2998046875));
#11352 = ( GEOMETRIC_REPRESENTATION_CONTEXT(2) 
PARAMETRIC_REPRESENTATION_CONTEXT() REPRESENTATION_CONTEXT('2D SPACE',''
  ) );
#11353 = ORIENTED_EDGE('',*,*,#11354,.F.);
#11354 = EDGE_CURVE('',#11355,#11329,#11357,.T.);
#11355 = VERTEX_POINT('',#11356);
#11356 = CARTESIAN_POINT('',(0.102868781027,-2.7505480138E-02,0.81));
#11357 = SURFACE_CURVE('',#11358,(#11362,#11369),.PCURVE_S1.);
#11358 = LINE('',#11359,#11360);
#11359 = CARTESIAN_POINT('',(0.102868781027,-2.7505480138E-02,0.81));
#11360 = VECTOR('',#11361,1.);
#11361 = DIRECTION('',(0.,0.,1.));
#11362 = PCURVE('',#11301,#11363);
#11363 = DEFINITIONAL_REPRESENTATION('',(#11364),#11368);
#11364 = LINE('',#11365,#11366);
#11365 = CARTESIAN_POINT('',(0.19580078125,0.));
#11366 = VECTOR('',#11367,1.);
#11367 = DIRECTION('',(0.,-1.));
#11368 = ( GEOMETRIC_REPRESENTATION_CONTEXT(2) 
PARAMETRIC_REPRESENTATION_CONTEXT() REPRESENTATION_CONTEXT('2D SPACE',''
  ) );
#11369 = PCURVE('',#11370,#11376);
#11370 = SURFACE_OF_LINEAR_EXTRUSION('',#11371,#11374);
#11371 = B_SPLINE_CURVE_WITH_KNOTS('',1,(#11372,#11373),.UNSPECIFIED.,
  .F.,.F.,(2,2),(0.,0.1611328125),.PIECEWISE_BEZIER_KNOTS.);
#11372 = CARTESIAN_POINT('',(0.102868781027,-2.7505480138E-02,0.81));
#11373 = CARTESIAN_POINT('',(1.894616609762E-02,-2.7505480138E-02,0.81)
  );
#11374 = VECTOR('',#11375,1.);
#11375 = DIRECTION('',(-0.,-0.,-1.));
#11376 = DEFINITIONAL_REPRESENTATION('',(#11377),#11381);
#11377 = LINE('',#11378,#11379);
#11378 = CARTESIAN_POINT('',(0.,0.));
#11379 = VECTOR('',#11380,1.);
#11380 = DIRECTION('',(0.,-1.));
#11381 = ( GEOMETRIC_REPRESENTATION_CONTEXT(2) 
PARAMETRIC_REPRESENTATION_CONTEXT() REPRESENTATION_CONTEXT('2D SPACE',''
  ) );
#11382 = ORIENTED_EDGE('',*,*,#11383,.F.);
#11383 = EDGE_CURVE('',#11291,#11355,#11384,.T.);
#11384 = SURFACE_CURVE('',#11385,(#11388,#11395),.PCURVE_S1.);
#11385 = B_SPLINE_CURVE_WITH_KNOTS('',1,(#11386,#11387),.UNSPECIFIED.,
  .F.,.F.,(2,2),(0.,0.19580078125),.PIECEWISE_BEZIER_KNOTS.);
#11386 = CARTESIAN_POINT('',(0.102868781027,-0.111381507023,0.81));
#11387 = CARTESIAN_POINT('',(0.102868781027,-2.7505480138E-02,0.81));
#11388 = PCURVE('',#11301,#11389);
#11389 = DEFINITIONAL_REPRESENTATION('',(#11390),#11394);
#11390 = LINE('',#11391,#11392);
#11391 = CARTESIAN_POINT('',(0.,0.));
#11392 = VECTOR('',#11393,1.);
#11393 = DIRECTION('',(1.,0.));
#11394 = ( GEOMETRIC_REPRESENTATION_CONTEXT(2) 
PARAMETRIC_REPRESENTATION_CONTEXT() REPRESENTATION_CONTEXT('2D SPACE',''
  ) );
#11395 = PCURVE('',#11396,#11401);
#11396 = B_SPLINE_SURFACE_WITH_KNOTS('',1,1,(
    (#11397,#11398)
    ,(#11399,#11400
    )),.UNSPECIFIED.,.F.,.F.,.F.,(2,2),(2,2),(5.615234375E-02,
    0.69287109375),(-1.416015625E-02,0.7421875),
  .PIECEWISE_BEZIER_KNOTS.);
#11397 = CARTESIAN_POINT('',(-0.177890512554,-0.161999957163,0.81));
#11398 = CARTESIAN_POINT('',(-0.177890512554,0.161999957163,0.81));
#11399 = CARTESIAN_POINT('',(0.153730971893,-0.161999957163,0.81));
#11400 = CARTESIAN_POINT('',(0.153730971893,0.161999957163,0.81));
#11401 = DEFINITIONAL_REPRESENTATION('',(#11402),#11405);
#11402 = B_SPLINE_CURVE_WITH_KNOTS('',1,(#11403,#11404),.UNSPECIFIED.,
  .F.,.F.,(2,2),(0.,0.19580078125),.PIECEWISE_BEZIER_KNOTS.);
#11403 = CARTESIAN_POINT('',(0.59521484375,0.10400390625));
#11404 = CARTESIAN_POINT('',(0.59521484375,0.2998046875));
#11405 = ( GEOMETRIC_REPRESENTATION_CONTEXT(2) 
PARAMETRIC_REPRESENTATION_CONTEXT() REPRESENTATION_CONTEXT('2D SPACE',''
  ) );
#11406 = ADVANCED_FACE('',(#11407),#11370,.T.);
#11407 = FACE_BOUND('',#11408,.T.);
#11408 = EDGE_LOOP('',(#11409,#11410,#11431,#11460));
#11409 = ORIENTED_EDGE('',*,*,#11354,.T.);
#11410 = ORIENTED_EDGE('',*,*,#11411,.T.);
#11411 = EDGE_CURVE('',#11329,#11412,#11414,.T.);
#11412 = VERTEX_POINT('',#11413);
#11413 = CARTESIAN_POINT('',(1.894616609762E-02,-2.7505480138E-02,0.818)
  );
#11414 = SURFACE_CURVE('',#11415,(#11418,#11425),.PCURVE_S1.);
#11415 = B_SPLINE_CURVE_WITH_KNOTS('',1,(#11416,#11417),.UNSPECIFIED.,
  .F.,.F.,(2,2),(0.,0.1611328125),.PIECEWISE_BEZIER_KNOTS.);
#11416 = CARTESIAN_POINT('',(0.102868781027,-2.7505480138E-02,0.818));
#11417 = CARTESIAN_POINT('',(1.894616609762E-02,-2.7505480138E-02,0.818)
  );
#11418 = PCURVE('',#11370,#11419);
#11419 = DEFINITIONAL_REPRESENTATION('',(#11420),#11424);
#11420 = LINE('',#11421,#11422);
#11421 = CARTESIAN_POINT('',(0.,-8.E-03));
#11422 = VECTOR('',#11423,1.);
#11423 = DIRECTION('',(1.,0.));
#11424 = ( GEOMETRIC_REPRESENTATION_CONTEXT(2) 
PARAMETRIC_REPRESENTATION_CONTEXT() REPRESENTATION_CONTEXT('2D SPACE',''
  ) );
#11425 = PCURVE('',#11343,#11426);
#11426 = DEFINITIONAL_REPRESENTATION('',(#11427),#11430);
#11427 = B_SPLINE_CURVE_WITH_KNOTS('',1,(#11428,#11429),.UNSPECIFIED.,
  .F.,.F.,(2,2),(0.,0.1611328125),.PIECEWISE_BEZIER_KNOTS.);
#11428 = CARTESIAN_POINT('',(0.59521484375,0.2998046875));
#11429 = CARTESIAN_POINT('',(0.43408203125,0.2998046875));
#11430 = ( GEOMETRIC_REPRESENTATION_CONTEXT(2) 
PARAMETRIC_REPRESENTATION_CONTEXT() REPRESENTATION_CONTEXT('2D SPACE',''
  ) );
#11431 = ORIENTED_EDGE('',*,*,#11432,.F.);
#11432 = EDGE_CURVE('',#11433,#11412,#11435,.T.);
#11433 = VERTEX_POINT('',#11434);
#11434 = CARTESIAN_POINT('',(1.894616609762E-02,-2.7505480138E-02,0.81)
  );
#11435 = SURFACE_CURVE('',#11436,(#11440,#11447),.PCURVE_S1.);
#11436 = LINE('',#11437,#11438);
#11437 = CARTESIAN_POINT('',(1.894616609762E-02,-2.7505480138E-02,0.81)
  );
#11438 = VECTOR('',#11439,1.);
#11439 = DIRECTION('',(0.,0.,1.));
#11440 = PCURVE('',#11370,#11441);
#11441 = DEFINITIONAL_REPRESENTATION('',(#11442),#11446);
#11442 = LINE('',#11443,#11444);
#11443 = CARTESIAN_POINT('',(0.1611328125,0.));
#11444 = VECTOR('',#11445,1.);
#11445 = DIRECTION('',(0.,-1.));
#11446 = ( GEOMETRIC_REPRESENTATION_CONTEXT(2) 
PARAMETRIC_REPRESENTATION_CONTEXT() REPRESENTATION_CONTEXT('2D SPACE',''
  ) );
#11447 = PCURVE('',#11448,#11454);
#11448 = SURFACE_OF_LINEAR_EXTRUSION('',#11449,#11452);
#11449 = B_SPLINE_CURVE_WITH_KNOTS('',1,(#11450,#11451),.UNSPECIFIED.,
  .F.,.F.,(2,2),(0.,8.10546875E-02),.PIECEWISE_BEZIER_KNOTS.);
#11450 = CARTESIAN_POINT('',(1.894616609762E-02,-2.7505480138E-02,0.81)
  );
#11451 = CARTESIAN_POINT('',(1.894616609762E-02,7.216266652174E-03,0.81)
  );
#11452 = VECTOR('',#11453,1.);
#11453 = DIRECTION('',(-0.,-0.,-1.));
#11454 = DEFINITIONAL_REPRESENTATION('',(#11455),#11459);
#11455 = LINE('',#11456,#11457);
#11456 = CARTESIAN_POINT('',(0.,0.));
#11457 = VECTOR('',#11458,1.);
#11458 = DIRECTION('',(0.,-1.));
#11459 = ( GEOMETRIC_REPRESENTATION_CONTEXT(2) 
PARAMETRIC_REPRESENTATION_CONTEXT() REPRESENTATION_CONTEXT('2D SPACE',''
  ) );
#11460 = ORIENTED_EDGE('',*,*,#11461,.F.);
#11461 = EDGE_CURVE('',#11355,#11433,#11462,.T.);
#11462 = SURFACE_CURVE('',#11463,(#11466,#11473),.PCURVE_S1.);
#11463 = B_SPLINE_CURVE_WITH_KNOTS('',1,(#11464,#11465),.UNSPECIFIED.,
  .F.,.F.,(2,2),(0.,0.1611328125),.PIECEWISE_BEZIER_KNOTS.);
#11464 = CARTESIAN_POINT('',(0.102868781027,-2.7505480138E-02,0.81));
#11465 = CARTESIAN_POINT('',(1.894616609762E-02,-2.7505480138E-02,0.81)
  );
#11466 = PCURVE('',#11370,#11467);
#11467 = DEFINITIONAL_REPRESENTATION('',(#11468),#11472);
#11468 = LINE('',#11469,#11470);
#11469 = CARTESIAN_POINT('',(0.,0.));
#11470 = VECTOR('',#11471,1.);
#11471 = DIRECTION('',(1.,0.));
#11472 = ( GEOMETRIC_REPRESENTATION_CONTEXT(2) 
PARAMETRIC_REPRESENTATION_CONTEXT() REPRESENTATION_CONTEXT('2D SPACE',''
  ) );
#11473 = PCURVE('',#11396,#11474);
#11474 = DEFINITIONAL_REPRESENTATION('',(#11475),#11478);
#11475 = B_SPLINE_CURVE_WITH_KNOTS('',1,(#11476,#11477),.UNSPECIFIED.,
  .F.,.F.,(2,2),(0.,0.1611328125),.PIECEWISE_BEZIER_KNOTS.);
#11476 = CARTESIAN_POINT('',(0.59521484375,0.2998046875));
#11477 = CARTESIAN_POINT('',(0.43408203125,0.2998046875));
#11478 = ( GEOMETRIC_REPRESENTATION_CONTEXT(2) 
PARAMETRIC_REPRESENTATION_CONTEXT() REPRESENTATION_CONTEXT('2D SPACE',''
  ) );
#11479 = ADVANCED_FACE('',(#11480),#11448,.T.);
#11480 = FACE_BOUND('',#11481,.T.);
#11481 = EDGE_LOOP('',(#11482,#11483,#11504,#11533));
#11482 = ORIENTED_EDGE('',*,*,#11432,.T.);
#11483 = ORIENTED_EDGE('',*,*,#11484,.T.);
#11484 = EDGE_CURVE('',#11412,#11485,#11487,.T.);
#11485 = VERTEX_POINT('',#11486);
#11486 = CARTESIAN_POINT('',(1.894616609762E-02,7.216266652174E-03,0.818
    ));
#11487 = SURFACE_CURVE('',#11488,(#11491,#11498),.PCURVE_S1.);
#11488 = B_SPLINE_CURVE_WITH_KNOTS('',1,(#11489,#11490),.UNSPECIFIED.,
  .F.,.F.,(2,2),(0.,8.10546875E-02),.PIECEWISE_BEZIER_KNOTS.);
#11489 = CARTESIAN_POINT('',(1.894616609762E-02,-2.7505480138E-02,0.818)
  );
#11490 = CARTESIAN_POINT('',(1.894616609762E-02,7.216266652174E-03,0.818
    ));
#11491 = PCURVE('',#11448,#11492);
#11492 = DEFINITIONAL_REPRESENTATION('',(#11493),#11497);
#11493 = LINE('',#11494,#11495);
#11494 = CARTESIAN_POINT('',(0.,-8.E-03));
#11495 = VECTOR('',#11496,1.);
#11496 = DIRECTION('',(1.,0.));
#11497 = ( GEOMETRIC_REPRESENTATION_CONTEXT(2) 
PARAMETRIC_REPRESENTATION_CONTEXT() REPRESENTATION_CONTEXT('2D SPACE',''
  ) );
#11498 = PCURVE('',#11343,#11499);
#11499 = DEFINITIONAL_REPRESENTATION('',(#11500),#11503);
#11500 = B_SPLINE_CURVE_WITH_KNOTS('',1,(#11501,#11502),.UNSPECIFIED.,
  .F.,.F.,(2,2),(0.,8.10546875E-02),.PIECEWISE_BEZIER_KNOTS.);
#11501 = CARTESIAN_POINT('',(0.43408203125,0.2998046875));
#11502 = CARTESIAN_POINT('',(0.43408203125,0.380859375));
#11503 = ( GEOMETRIC_REPRESENTATION_CONTEXT(2) 
PARAMETRIC_REPRESENTATION_CONTEXT() REPRESENTATION_CONTEXT('2D SPACE',''
  ) );
#11504 = ORIENTED_EDGE('',*,*,#11505,.F.);
#11505 = EDGE_CURVE('',#11506,#11485,#11508,.T.);
#11506 = VERTEX_POINT('',#11507);
#11507 = CARTESIAN_POINT('',(1.894616609762E-02,7.216266652174E-03,0.81)
  );
#11508 = SURFACE_CURVE('',#11509,(#11513,#11520),.PCURVE_S1.);
#11509 = LINE('',#11510,#11511);
#11510 = CARTESIAN_POINT('',(1.894616609762E-02,7.216266652174E-03,0.81)
  );
#11511 = VECTOR('',#11512,1.);
#11512 = DIRECTION('',(0.,0.,1.));
#11513 = PCURVE('',#11448,#11514);
#11514 = DEFINITIONAL_REPRESENTATION('',(#11515),#11519);
#11515 = LINE('',#11516,#11517);
#11516 = CARTESIAN_POINT('',(8.10546875E-02,0.));
#11517 = VECTOR('',#11518,1.);
#11518 = DIRECTION('',(0.,-1.));
#11519 = ( GEOMETRIC_REPRESENTATION_CONTEXT(2) 
PARAMETRIC_REPRESENTATION_CONTEXT() REPRESENTATION_CONTEXT('2D SPACE',''
  ) );
#11520 = PCURVE('',#11521,#11527);
#11521 = SURFACE_OF_LINEAR_EXTRUSION('',#11522,#11525);
#11522 = B_SPLINE_CURVE_WITH_KNOTS('',1,(#11523,#11524),.UNSPECIFIED.,
  .F.,.F.,(2,2),(0.,0.2587890625),.PIECEWISE_BEZIER_KNOTS.);
#11523 = CARTESIAN_POINT('',(1.894616609762E-02,7.216266652174E-03,0.81)
  );
#11524 = CARTESIAN_POINT('',(0.153730971893,7.216266652174E-03,0.81));
#11525 = VECTOR('',#11526,1.);
#11526 = DIRECTION('',(-0.,-0.,-1.));
#11527 = DEFINITIONAL_REPRESENTATION('',(#11528),#11532);
#11528 = LINE('',#11529,#11530);
#11529 = CARTESIAN_POINT('',(0.,0.));
#11530 = VECTOR('',#11531,1.);
#11531 = DIRECTION('',(0.,-1.));
#11532 = ( GEOMETRIC_REPRESENTATION_CONTEXT(2) 
PARAMETRIC_REPRESENTATION_CONTEXT() REPRESENTATION_CONTEXT('2D SPACE',''
  ) );
#11533 = ORIENTED_EDGE('',*,*,#11534,.F.);
#11534 = EDGE_CURVE('',#11433,#11506,#11535,.T.);
#11535 = SURFACE_CURVE('',#11536,(#11539,#11546),.PCURVE_S1.);
#11536 = B_SPLINE_CURVE_WITH_KNOTS('',1,(#11537,#11538),.UNSPECIFIED.,
  .F.,.F.,(2,2),(0.,8.10546875E-02),.PIECEWISE_BEZIER_KNOTS.);
#11537 = CARTESIAN_POINT('',(1.894616609762E-02,-2.7505480138E-02,0.81)
  );
#11538 = CARTESIAN_POINT('',(1.894616609762E-02,7.216266652174E-03,0.81)
  );
#11539 = PCURVE('',#11448,#11540);
#11540 = DEFINITIONAL_REPRESENTATION('',(#11541),#11545);
#11541 = LINE('',#11542,#11543);
#11542 = CARTESIAN_POINT('',(0.,0.));
#11543 = VECTOR('',#11544,1.);
#11544 = DIRECTION('',(1.,0.));
#11545 = ( GEOMETRIC_REPRESENTATION_CONTEXT(2) 
PARAMETRIC_REPRESENTATION_CONTEXT() REPRESENTATION_CONTEXT('2D SPACE',''
  ) );
#11546 = PCURVE('',#11396,#11547);
#11547 = DEFINITIONAL_REPRESENTATION('',(#11548),#11551);
#11548 = B_SPLINE_CURVE_WITH_KNOTS('',1,(#11549,#11550),.UNSPECIFIED.,
  .F.,.F.,(2,2),(0.,8.10546875E-02),.PIECEWISE_BEZIER_KNOTS.);
#11549 = CARTESIAN_POINT('',(0.43408203125,0.2998046875));
#11550 = CARTESIAN_POINT('',(0.43408203125,0.380859375));
#11551 = ( GEOMETRIC_REPRESENTATION_CONTEXT(2) 
PARAMETRIC_REPRESENTATION_CONTEXT() REPRESENTATION_CONTEXT('2D SPACE',''
  ) );
#11552 = ADVANCED_FACE('',(#11553),#11521,.T.);
#11553 = FACE_BOUND('',#11554,.T.);
#11554 = EDGE_LOOP('',(#11555,#11556,#11577,#11606));
#11555 = ORIENTED_EDGE('',*,*,#11505,.T.);
#11556 = ORIENTED_EDGE('',*,*,#11557,.T.);
#11557 = EDGE_CURVE('',#11485,#11558,#11560,.T.);
#11558 = VERTEX_POINT('',#11559);
#11559 = CARTESIAN_POINT('',(0.153730971893,7.216266652174E-03,0.818));
#11560 = SURFACE_CURVE('',#11561,(#11564,#11571),.PCURVE_S1.);
#11561 = B_SPLINE_CURVE_WITH_KNOTS('',1,(#11562,#11563),.UNSPECIFIED.,
  .F.,.F.,(2,2),(0.,0.2587890625),.PIECEWISE_BEZIER_KNOTS.);
#11562 = CARTESIAN_POINT('',(1.894616609762E-02,7.216266652174E-03,0.818
    ));
#11563 = CARTESIAN_POINT('',(0.153730971893,7.216266652174E-03,0.818));
#11564 = PCURVE('',#11521,#11565);
#11565 = DEFINITIONAL_REPRESENTATION('',(#11566),#11570);
#11566 = LINE('',#11567,#11568);
#11567 = CARTESIAN_POINT('',(0.,-8.E-03));
#11568 = VECTOR('',#11569,1.);
#11569 = DIRECTION('',(1.,0.));
#11570 = ( GEOMETRIC_REPRESENTATION_CONTEXT(2) 
PARAMETRIC_REPRESENTATION_CONTEXT() REPRESENTATION_CONTEXT('2D SPACE',''
  ) );
#11571 = PCURVE('',#11343,#11572);
#11572 = DEFINITIONAL_REPRESENTATION('',(#11573),#11576);
#11573 = B_SPLINE_CURVE_WITH_KNOTS('',1,(#11574,#11575),.UNSPECIFIED.,
  .F.,.F.,(2,2),(0.,0.2587890625),.PIECEWISE_BEZIER_KNOTS.);
#11574 = CARTESIAN_POINT('',(0.43408203125,0.380859375));
#11575 = CARTESIAN_POINT('',(0.69287109375,0.380859375));
#11576 = ( GEOMETRIC_REPRESENTATION_CONTEXT(2) 
PARAMETRIC_REPRESENTATION_CONTEXT() REPRESENTATION_CONTEXT('2D SPACE',''
  ) );
#11577 = ORIENTED_EDGE('',*,*,#11578,.F.);
#11578 = EDGE_CURVE('',#11579,#11558,#11581,.T.);
#11579 = VERTEX_POINT('',#11580);
#11580 = CARTESIAN_POINT('',(0.153730971893,7.216266652174E-03,0.81));
#11581 = SURFACE_CURVE('',#11582,(#11586,#11593),.PCURVE_S1.);
#11582 = LINE('',#11583,#11584);
#11583 = CARTESIAN_POINT('',(0.153730971893,7.216266652174E-03,0.81));
#11584 = VECTOR('',#11585,1.);
#11585 = DIRECTION('',(0.,0.,1.));
#11586 = PCURVE('',#11521,#11587);
#11587 = DEFINITIONAL_REPRESENTATION('',(#11588),#11592);
#11588 = LINE('',#11589,#11590);
#11589 = CARTESIAN_POINT('',(0.2587890625,0.));
#11590 = VECTOR('',#11591,1.);
#11591 = DIRECTION('',(0.,-1.));
#11592 = ( GEOMETRIC_REPRESENTATION_CONTEXT(2) 
PARAMETRIC_REPRESENTATION_CONTEXT() REPRESENTATION_CONTEXT('2D SPACE',''
  ) );
#11593 = PCURVE('',#11594,#11600);
#11594 = SURFACE_OF_LINEAR_EXTRUSION('',#11595,#11598);
#11595 = B_SPLINE_CURVE_WITH_KNOTS('',1,(#11596,#11597),.UNSPECIFIED.,
  .F.,.F.,(2,2),(0.,0.31298828125),.PIECEWISE_BEZIER_KNOTS.);
#11596 = CARTESIAN_POINT('',(0.153730971893,7.216266652174E-03,0.81));
#11597 = CARTESIAN_POINT('',(0.153730971893,-0.126859876074,0.81));
#11598 = VECTOR('',#11599,1.);
#11599 = DIRECTION('',(-0.,-0.,-1.));
#11600 = DEFINITIONAL_REPRESENTATION('',(#11601),#11605);
#11601 = LINE('',#11602,#11603);
#11602 = CARTESIAN_POINT('',(0.,0.));
#11603 = VECTOR('',#11604,1.);
#11604 = DIRECTION('',(0.,-1.));
#11605 = ( GEOMETRIC_REPRESENTATION_CONTEXT(2) 
PARAMETRIC_REPRESENTATION_CONTEXT() REPRESENTATION_CONTEXT('2D SPACE',''
  ) );
#11606 = ORIENTED_EDGE('',*,*,#11607,.F.);
#11607 = EDGE_CURVE('',#11506,#11579,#11608,.T.);
#11608 = SURFACE_CURVE('',#11609,(#11612,#11619),.PCURVE_S1.);
#11609 = B_SPLINE_CURVE_WITH_KNOTS('',1,(#11610,#11611),.UNSPECIFIED.,
  .F.,.F.,(2,2),(0.,0.2587890625),.PIECEWISE_BEZIER_KNOTS.);
#11610 = CARTESIAN_POINT('',(1.894616609762E-02,7.216266652174E-03,0.81)
  );
#11611 = CARTESIAN_POINT('',(0.153730971893,7.216266652174E-03,0.81));
#11612 = PCURVE('',#11521,#11613);
#11613 = DEFINITIONAL_REPRESENTATION('',(#11614),#11618);
#11614 = LINE('',#11615,#11616);
#11615 = CARTESIAN_POINT('',(0.,0.));
#11616 = VECTOR('',#11617,1.);
#11617 = DIRECTION('',(1.,0.));
#11618 = ( GEOMETRIC_REPRESENTATION_CONTEXT(2) 
PARAMETRIC_REPRESENTATION_CONTEXT() REPRESENTATION_CONTEXT('2D SPACE',''
  ) );
#11619 = PCURVE('',#11396,#11620);
#11620 = DEFINITIONAL_REPRESENTATION('',(#11621),#11624);
#11621 = B_SPLINE_CURVE_WITH_KNOTS('',1,(#11622,#11623),.UNSPECIFIED.,
  .F.,.F.,(2,2),(0.,0.2587890625),.PIECEWISE_BEZIER_KNOTS.);
#11622 = CARTESIAN_POINT('',(0.43408203125,0.380859375));
#11623 = CARTESIAN_POINT('',(0.69287109375,0.380859375));
#11624 = ( GEOMETRIC_REPRESENTATION_CONTEXT(2) 
PARAMETRIC_REPRESENTATION_CONTEXT() REPRESENTATION_CONTEXT('2D SPACE',''
  ) );
#11625 = ADVANCED_FACE('',(#11626),#11594,.T.);
#11626 = FACE_BOUND('',#11627,.T.);
#11627 = EDGE_LOOP('',(#11628,#11629,#11650,#11680));
#11628 = ORIENTED_EDGE('',*,*,#11578,.T.);
#11629 = ORIENTED_EDGE('',*,*,#11630,.T.);
#11630 = EDGE_CURVE('',#11558,#11631,#11633,.T.);
#11631 = VERTEX_POINT('',#11632);
#11632 = CARTESIAN_POINT('',(0.153730971893,-0.126859876074,0.818));
#11633 = SURFACE_CURVE('',#11634,(#11637,#11644),.PCURVE_S1.);
#11634 = B_SPLINE_CURVE_WITH_KNOTS('',1,(#11635,#11636),.UNSPECIFIED.,
  .F.,.F.,(2,2),(0.,0.31298828125),.PIECEWISE_BEZIER_KNOTS.);
#11635 = CARTESIAN_POINT('',(0.153730971893,7.216266652174E-03,0.818));
#11636 = CARTESIAN_POINT('',(0.153730971893,-0.126859876074,0.818));
#11637 = PCURVE('',#11594,#11638);
#11638 = DEFINITIONAL_REPRESENTATION('',(#11639),#11643);
#11639 = LINE('',#11640,#11641);
#11640 = CARTESIAN_POINT('',(0.,-8.E-03));
#11641 = VECTOR('',#11642,1.);
#11642 = DIRECTION('',(1.,0.));
#11643 = ( GEOMETRIC_REPRESENTATION_CONTEXT(2) 
PARAMETRIC_REPRESENTATION_CONTEXT() REPRESENTATION_CONTEXT('2D SPACE',''
  ) );
#11644 = PCURVE('',#11343,#11645);
#11645 = DEFINITIONAL_REPRESENTATION('',(#11646),#11649);
#11646 = B_SPLINE_CURVE_WITH_KNOTS('',1,(#11647,#11648),.UNSPECIFIED.,
  .F.,.F.,(2,2),(0.,0.31298828125),.PIECEWISE_BEZIER_KNOTS.);
#11647 = CARTESIAN_POINT('',(0.69287109375,0.380859375));
#11648 = CARTESIAN_POINT('',(0.69287109375,6.787109375E-02));
#11649 = ( GEOMETRIC_REPRESENTATION_CONTEXT(2) 
PARAMETRIC_REPRESENTATION_CONTEXT() REPRESENTATION_CONTEXT('2D SPACE',''
  ) );
#11650 = ORIENTED_EDGE('',*,*,#11651,.F.);
#11651 = EDGE_CURVE('',#11652,#11631,#11654,.T.);
#11652 = VERTEX_POINT('',#11653);
#11653 = CARTESIAN_POINT('',(0.153730971893,-0.126859876074,0.81));
#11654 = SURFACE_CURVE('',#11655,(#11659,#11666),.PCURVE_S1.);
#11655 = LINE('',#11656,#11657);
#11656 = CARTESIAN_POINT('',(0.153730971893,-0.126859876074,0.81));
#11657 = VECTOR('',#11658,1.);
#11658 = DIRECTION('',(0.,0.,1.));
#11659 = PCURVE('',#11594,#11660);
#11660 = DEFINITIONAL_REPRESENTATION('',(#11661),#11665);
#11661 = LINE('',#11662,#11663);
#11662 = CARTESIAN_POINT('',(0.31298828125,0.));
#11663 = VECTOR('',#11664,1.);
#11664 = DIRECTION('',(0.,-1.));
#11665 = ( GEOMETRIC_REPRESENTATION_CONTEXT(2) 
PARAMETRIC_REPRESENTATION_CONTEXT() REPRESENTATION_CONTEXT('2D SPACE',''
  ) );
#11666 = PCURVE('',#11667,#11674);
#11667 = SURFACE_OF_LINEAR_EXTRUSION('',#11668,#11672);
#11668 = B_SPLINE_CURVE_WITH_KNOTS('',2,(#11669,#11670,#11671),
  .UNSPECIFIED.,.F.,.F.,(3,3),(0.,1.),.PIECEWISE_BEZIER_KNOTS.);
#11669 = CARTESIAN_POINT('',(0.153730971893,-0.126859876074,0.81));
#11670 = CARTESIAN_POINT('',(0.123976590236,-0.144220749469,0.81));
#11671 = CARTESIAN_POINT('',(8.811874567549E-02,-0.153110353316,0.81));
#11672 = VECTOR('',#11673,1.);
#11673 = DIRECTION('',(-0.,-0.,-1.));
#11674 = DEFINITIONAL_REPRESENTATION('',(#11675),#11679);
#11675 = LINE('',#11676,#11677);
#11676 = CARTESIAN_POINT('',(0.,0.));
#11677 = VECTOR('',#11678,1.);
#11678 = DIRECTION('',(0.,-1.));
#11679 = ( GEOMETRIC_REPRESENTATION_CONTEXT(2) 
PARAMETRIC_REPRESENTATION_CONTEXT() REPRESENTATION_CONTEXT('2D SPACE',''
  ) );
#11680 = ORIENTED_EDGE('',*,*,#11681,.F.);
#11681 = EDGE_CURVE('',#11579,#11652,#11682,.T.);
#11682 = SURFACE_CURVE('',#11683,(#11686,#11693),.PCURVE_S1.);
#11683 = B_SPLINE_CURVE_WITH_KNOTS('',1,(#11684,#11685),.UNSPECIFIED.,
  .F.,.F.,(2,2),(0.,0.31298828125),.PIECEWISE_BEZIER_KNOTS.);
#11684 = CARTESIAN_POINT('',(0.153730971893,7.216266652174E-03,0.81));
#11685 = CARTESIAN_POINT('',(0.153730971893,-0.126859876074,0.81));
#11686 = PCURVE('',#11594,#11687);
#11687 = DEFINITIONAL_REPRESENTATION('',(#11688),#11692);
#11688 = LINE('',#11689,#11690);
#11689 = CARTESIAN_POINT('',(0.,0.));
#11690 = VECTOR('',#11691,1.);
#11691 = DIRECTION('',(1.,0.));
#11692 = ( GEOMETRIC_REPRESENTATION_CONTEXT(2) 
PARAMETRIC_REPRESENTATION_CONTEXT() REPRESENTATION_CONTEXT('2D SPACE',''
  ) );
#11693 = PCURVE('',#11396,#11694);
#11694 = DEFINITIONAL_REPRESENTATION('',(#11695),#11698);
#11695 = B_SPLINE_CURVE_WITH_KNOTS('',1,(#11696,#11697),.UNSPECIFIED.,
  .F.,.F.,(2,2),(0.,0.31298828125),.PIECEWISE_BEZIER_KNOTS.);
#11696 = CARTESIAN_POINT('',(0.69287109375,0.380859375));
#11697 = CARTESIAN_POINT('',(0.69287109375,6.787109375E-02));
#11698 = ( GEOMETRIC_REPRESENTATION_CONTEXT(2) 
PARAMETRIC_REPRESENTATION_CONTEXT() REPRESENTATION_CONTEXT('2D SPACE',''
  ) );
#11699 = ADVANCED_FACE('',(#11700),#11667,.T.);
#11700 = FACE_BOUND('',#11701,.T.);
#11701 = EDGE_LOOP('',(#11702,#11703,#11726,#11756));
#11702 = ORIENTED_EDGE('',*,*,#11651,.T.);
#11703 = ORIENTED_EDGE('',*,*,#11704,.T.);
#11704 = EDGE_CURVE('',#11631,#11705,#11707,.T.);
#11705 = VERTEX_POINT('',#11706);
#11706 = CARTESIAN_POINT('',(8.811874567549E-02,-0.153110353316,0.818));
#11707 = SURFACE_CURVE('',#11708,(#11712,#11719),.PCURVE_S1.);
#11708 = B_SPLINE_CURVE_WITH_KNOTS('',2,(#11709,#11710,#11711),
  .UNSPECIFIED.,.F.,.F.,(3,3),(0.,1.),.PIECEWISE_BEZIER_KNOTS.);
#11709 = CARTESIAN_POINT('',(0.153730971893,-0.126859876074,0.818));
#11710 = CARTESIAN_POINT('',(0.123976590236,-0.144220749469,0.818));
#11711 = CARTESIAN_POINT('',(8.811874567549E-02,-0.153110353316,0.818));
#11712 = PCURVE('',#11667,#11713);
#11713 = DEFINITIONAL_REPRESENTATION('',(#11714),#11718);
#11714 = LINE('',#11715,#11716);
#11715 = CARTESIAN_POINT('',(0.,-8.E-03));
#11716 = VECTOR('',#11717,1.);
#11717 = DIRECTION('',(1.,0.));
#11718 = ( GEOMETRIC_REPRESENTATION_CONTEXT(2) 
PARAMETRIC_REPRESENTATION_CONTEXT() REPRESENTATION_CONTEXT('2D SPACE',''
  ) );
#11719 = PCURVE('',#11343,#11720);
#11720 = DEFINITIONAL_REPRESENTATION('',(#11721),#11725);
#11721 = B_SPLINE_CURVE_WITH_KNOTS('',2,(#11722,#11723,#11724),
  .UNSPECIFIED.,.F.,.F.,(3,3),(0.,1.),.PIECEWISE_BEZIER_KNOTS.);
#11722 = CARTESIAN_POINT('',(0.69287109375,6.787109375E-02));
#11723 = CARTESIAN_POINT('',(0.6357421875,2.734375E-02));
#11724 = CARTESIAN_POINT('',(0.56689453125,6.591796875E-03));
#11725 = ( GEOMETRIC_REPRESENTATION_CONTEXT(2) 
PARAMETRIC_REPRESENTATION_CONTEXT() REPRESENTATION_CONTEXT('2D SPACE',''
  ) );
#11726 = ORIENTED_EDGE('',*,*,#11727,.F.);
#11727 = EDGE_CURVE('',#11728,#11705,#11730,.T.);
#11728 = VERTEX_POINT('',#11729);
#11729 = CARTESIAN_POINT('',(8.811874567549E-02,-0.153110353316,0.81));
#11730 = SURFACE_CURVE('',#11731,(#11735,#11742),.PCURVE_S1.);
#11731 = LINE('',#11732,#11733);
#11732 = CARTESIAN_POINT('',(8.811874567549E-02,-0.153110353316,0.81));
#11733 = VECTOR('',#11734,1.);
#11734 = DIRECTION('',(0.,0.,1.));
#11735 = PCURVE('',#11667,#11736);
#11736 = DEFINITIONAL_REPRESENTATION('',(#11737),#11741);
#11737 = LINE('',#11738,#11739);
#11738 = CARTESIAN_POINT('',(1.,0.));
#11739 = VECTOR('',#11740,1.);
#11740 = DIRECTION('',(0.,-1.));
#11741 = ( GEOMETRIC_REPRESENTATION_CONTEXT(2) 
PARAMETRIC_REPRESENTATION_CONTEXT() REPRESENTATION_CONTEXT('2D SPACE',''
  ) );
#11742 = PCURVE('',#11743,#11750);
#11743 = SURFACE_OF_LINEAR_EXTRUSION('',#11744,#11748);
#11744 = B_SPLINE_CURVE_WITH_KNOTS('',2,(#11745,#11746,#11747),
  .UNSPECIFIED.,.F.,.F.,(3,3),(0.,1.),.PIECEWISE_BEZIER_KNOTS.);
#11745 = CARTESIAN_POINT('',(8.811874567549E-02,-0.153110353316,0.81));
#11746 = CARTESIAN_POINT('',(5.22609011149E-02,-0.161999957163,0.81));
#11747 = CARTESIAN_POINT('',(1.157114842203E-02,-0.161999957163,0.81));
#11748 = VECTOR('',#11749,1.);
#11749 = DIRECTION('',(-0.,-0.,-1.));
#11750 = DEFINITIONAL_REPRESENTATION('',(#11751),#11755);
#11751 = LINE('',#11752,#11753);
#11752 = CARTESIAN_POINT('',(0.,0.));
#11753 = VECTOR('',#11754,1.);
#11754 = DIRECTION('',(0.,-1.));
#11755 = ( GEOMETRIC_REPRESENTATION_CONTEXT(2) 
PARAMETRIC_REPRESENTATION_CONTEXT() REPRESENTATION_CONTEXT('2D SPACE',''
  ) );
#11756 = ORIENTED_EDGE('',*,*,#11757,.F.);
#11757 = EDGE_CURVE('',#11652,#11728,#11758,.T.);
#11758 = SURFACE_CURVE('',#11759,(#11763,#11770),.PCURVE_S1.);
#11759 = B_SPLINE_CURVE_WITH_KNOTS('',2,(#11760,#11761,#11762),
  .UNSPECIFIED.,.F.,.F.,(3,3),(0.,1.),.PIECEWISE_BEZIER_KNOTS.);
#11760 = CARTESIAN_POINT('',(0.153730971893,-0.126859876074,0.81));
#11761 = CARTESIAN_POINT('',(0.123976590236,-0.144220749469,0.81));
#11762 = CARTESIAN_POINT('',(8.811874567549E-02,-0.153110353316,0.81));
#11763 = PCURVE('',#11667,#11764);
#11764 = DEFINITIONAL_REPRESENTATION('',(#11765),#11769);
#11765 = LINE('',#11766,#11767);
#11766 = CARTESIAN_POINT('',(0.,0.));
#11767 = VECTOR('',#11768,1.);
#11768 = DIRECTION('',(1.,0.));
#11769 = ( GEOMETRIC_REPRESENTATION_CONTEXT(2) 
PARAMETRIC_REPRESENTATION_CONTEXT() REPRESENTATION_CONTEXT('2D SPACE',''
  ) );
#11770 = PCURVE('',#11396,#11771);
#11771 = DEFINITIONAL_REPRESENTATION('',(#11772),#11776);
#11772 = B_SPLINE_CURVE_WITH_KNOTS('',2,(#11773,#11774,#11775),
  .UNSPECIFIED.,.F.,.F.,(3,3),(0.,1.),.PIECEWISE_BEZIER_KNOTS.);
#11773 = CARTESIAN_POINT('',(0.69287109375,6.787109375E-02));
#11774 = CARTESIAN_POINT('',(0.6357421875,2.734375E-02));
#11775 = CARTESIAN_POINT('',(0.56689453125,6.591796875E-03));
#11776 = ( GEOMETRIC_REPRESENTATION_CONTEXT(2) 
PARAMETRIC_REPRESENTATION_CONTEXT() REPRESENTATION_CONTEXT('2D SPACE',''
  ) );
#11777 = ADVANCED_FACE('',(#11778),#11743,.T.);
#11778 = FACE_BOUND('',#11779,.T.);
#11779 = EDGE_LOOP('',(#11780,#11781,#11804,#11834));
#11780 = ORIENTED_EDGE('',*,*,#11727,.T.);
#11781 = ORIENTED_EDGE('',*,*,#11782,.T.);
#11782 = EDGE_CURVE('',#11705,#11783,#11785,.T.);
#11783 = VERTEX_POINT('',#11784);
#11784 = CARTESIAN_POINT('',(1.157114842203E-02,-0.161999957163,0.818));
#11785 = SURFACE_CURVE('',#11786,(#11790,#11797),.PCURVE_S1.);
#11786 = B_SPLINE_CURVE_WITH_KNOTS('',2,(#11787,#11788,#11789),
  .UNSPECIFIED.,.F.,.F.,(3,3),(0.,1.),.PIECEWISE_BEZIER_KNOTS.);
#11787 = CARTESIAN_POINT('',(8.811874567549E-02,-0.153110353316,0.818));
#11788 = CARTESIAN_POINT('',(5.22609011149E-02,-0.161999957163,0.818));
#11789 = CARTESIAN_POINT('',(1.157114842203E-02,-0.161999957163,0.818));
#11790 = PCURVE('',#11743,#11791);
#11791 = DEFINITIONAL_REPRESENTATION('',(#11792),#11796);
#11792 = LINE('',#11793,#11794);
#11793 = CARTESIAN_POINT('',(0.,-8.E-03));
#11794 = VECTOR('',#11795,1.);
#11795 = DIRECTION('',(1.,0.));
#11796 = ( GEOMETRIC_REPRESENTATION_CONTEXT(2) 
PARAMETRIC_REPRESENTATION_CONTEXT() REPRESENTATION_CONTEXT('2D SPACE',''
  ) );
#11797 = PCURVE('',#11343,#11798);
#11798 = DEFINITIONAL_REPRESENTATION('',(#11799),#11803);
#11799 = B_SPLINE_CURVE_WITH_KNOTS('',2,(#11800,#11801,#11802),
  .UNSPECIFIED.,.F.,.F.,(3,3),(0.,1.),.PIECEWISE_BEZIER_KNOTS.);
#11800 = CARTESIAN_POINT('',(0.56689453125,6.591796875E-03));
#11801 = CARTESIAN_POINT('',(0.498046875,-1.416015625E-02));
#11802 = CARTESIAN_POINT('',(0.419921875,-1.416015625E-02));
#11803 = ( GEOMETRIC_REPRESENTATION_CONTEXT(2) 
PARAMETRIC_REPRESENTATION_CONTEXT() REPRESENTATION_CONTEXT('2D SPACE',''
  ) );
#11804 = ORIENTED_EDGE('',*,*,#11805,.F.);
#11805 = EDGE_CURVE('',#11806,#11783,#11808,.T.);
#11806 = VERTEX_POINT('',#11807);
#11807 = CARTESIAN_POINT('',(1.157114842203E-02,-0.161999957163,0.81));
#11808 = SURFACE_CURVE('',#11809,(#11813,#11820),.PCURVE_S1.);
#11809 = LINE('',#11810,#11811);
#11810 = CARTESIAN_POINT('',(1.157114842203E-02,-0.161999957163,0.81));
#11811 = VECTOR('',#11812,1.);
#11812 = DIRECTION('',(0.,0.,1.));
#11813 = PCURVE('',#11743,#11814);
#11814 = DEFINITIONAL_REPRESENTATION('',(#11815),#11819);
#11815 = LINE('',#11816,#11817);
#11816 = CARTESIAN_POINT('',(1.,0.));
#11817 = VECTOR('',#11818,1.);
#11818 = DIRECTION('',(0.,-1.));
#11819 = ( GEOMETRIC_REPRESENTATION_CONTEXT(2) 
PARAMETRIC_REPRESENTATION_CONTEXT() REPRESENTATION_CONTEXT('2D SPACE',''
  ) );
#11820 = PCURVE('',#11821,#11828);
#11821 = SURFACE_OF_LINEAR_EXTRUSION('',#11822,#11826);
#11822 = B_SPLINE_CURVE_WITH_KNOTS('',2,(#11823,#11824,#11825),
  .UNSPECIFIED.,.F.,.F.,(3,3),(0.,1.),.PIECEWISE_BEZIER_KNOTS.);
#11823 = CARTESIAN_POINT('',(1.157114842203E-02,-0.161999957163,0.81));
#11824 = CARTESIAN_POINT('',(-7.743768559361E-02,-0.161999957163,0.81));
#11825 = CARTESIAN_POINT('',(-0.127664099074,-0.119225275123,0.81));
#11826 = VECTOR('',#11827,1.);
#11827 = DIRECTION('',(-0.,-0.,-1.));
#11828 = DEFINITIONAL_REPRESENTATION('',(#11829),#11833);
#11829 = LINE('',#11830,#11831);
#11830 = CARTESIAN_POINT('',(0.,0.));
#11831 = VECTOR('',#11832,1.);
#11832 = DIRECTION('',(0.,-1.));
#11833 = ( GEOMETRIC_REPRESENTATION_CONTEXT(2) 
PARAMETRIC_REPRESENTATION_CONTEXT() REPRESENTATION_CONTEXT('2D SPACE',''
  ) );
#11834 = ORIENTED_EDGE('',*,*,#11835,.F.);
#11835 = EDGE_CURVE('',#11728,#11806,#11836,.T.);
#11836 = SURFACE_CURVE('',#11837,(#11841,#11848),.PCURVE_S1.);
#11837 = B_SPLINE_CURVE_WITH_KNOTS('',2,(#11838,#11839,#11840),
  .UNSPECIFIED.,.F.,.F.,(3,3),(0.,1.),.PIECEWISE_BEZIER_KNOTS.);
#11838 = CARTESIAN_POINT('',(8.811874567549E-02,-0.153110353316,0.81));
#11839 = CARTESIAN_POINT('',(5.22609011149E-02,-0.161999957163,0.81));
#11840 = CARTESIAN_POINT('',(1.157114842203E-02,-0.161999957163,0.81));
#11841 = PCURVE('',#11743,#11842);
#11842 = DEFINITIONAL_REPRESENTATION('',(#11843),#11847);
#11843 = LINE('',#11844,#11845);
#11844 = CARTESIAN_POINT('',(0.,0.));
#11845 = VECTOR('',#11846,1.);
#11846 = DIRECTION('',(1.,0.));
#11847 = ( GEOMETRIC_REPRESENTATION_CONTEXT(2) 
PARAMETRIC_REPRESENTATION_CONTEXT() REPRESENTATION_CONTEXT('2D SPACE',''
  ) );
#11848 = PCURVE('',#11396,#11849);
#11849 = DEFINITIONAL_REPRESENTATION('',(#11850),#11854);
#11850 = B_SPLINE_CURVE_WITH_KNOTS('',2,(#11851,#11852,#11853),
  .UNSPECIFIED.,.F.,.F.,(3,3),(0.,1.),.PIECEWISE_BEZIER_KNOTS.);
#11851 = CARTESIAN_POINT('',(0.56689453125,6.591796875E-03));
#11852 = CARTESIAN_POINT('',(0.498046875,-1.416015625E-02));
#11853 = CARTESIAN_POINT('',(0.419921875,-1.416015625E-02));
#11854 = ( GEOMETRIC_REPRESENTATION_CONTEXT(2) 
PARAMETRIC_REPRESENTATION_CONTEXT() REPRESENTATION_CONTEXT('2D SPACE',''
  ) );
#11855 = ADVANCED_FACE('',(#11856),#11821,.T.);
#11856 = FACE_BOUND('',#11857,.T.);
#11857 = EDGE_LOOP('',(#11858,#11859,#11882,#11912));
#11858 = ORIENTED_EDGE('',*,*,#11805,.T.);
#11859 = ORIENTED_EDGE('',*,*,#11860,.T.);
#11860 = EDGE_CURVE('',#11783,#11861,#11863,.T.);
#11861 = VERTEX_POINT('',#11862);
#11862 = CARTESIAN_POINT('',(-0.127664099074,-0.119225275123,0.818));
#11863 = SURFACE_CURVE('',#11864,(#11868,#11875),.PCURVE_S1.);
#11864 = B_SPLINE_CURVE_WITH_KNOTS('',2,(#11865,#11866,#11867),
  .UNSPECIFIED.,.F.,.F.,(3,3),(0.,1.),.PIECEWISE_BEZIER_KNOTS.);
#11865 = CARTESIAN_POINT('',(1.157114842203E-02,-0.161999957163,0.818));
#11866 = CARTESIAN_POINT('',(-7.743768559361E-02,-0.161999957163,0.818)
  );
#11867 = CARTESIAN_POINT('',(-0.127664099074,-0.119225275123,0.818));
#11868 = PCURVE('',#11821,#11869);
#11869 = DEFINITIONAL_REPRESENTATION('',(#11870),#11874);
#11870 = LINE('',#11871,#11872);
#11871 = CARTESIAN_POINT('',(0.,-8.E-03));
#11872 = VECTOR('',#11873,1.);
#11873 = DIRECTION('',(1.,0.));
#11874 = ( GEOMETRIC_REPRESENTATION_CONTEXT(2) 
PARAMETRIC_REPRESENTATION_CONTEXT() REPRESENTATION_CONTEXT('2D SPACE',''
  ) );
#11875 = PCURVE('',#11343,#11876);
#11876 = DEFINITIONAL_REPRESENTATION('',(#11877),#11881);
#11877 = B_SPLINE_CURVE_WITH_KNOTS('',2,(#11878,#11879,#11880),
  .UNSPECIFIED.,.F.,.F.,(3,3),(0.,1.),.PIECEWISE_BEZIER_KNOTS.);
#11878 = CARTESIAN_POINT('',(0.419921875,-1.416015625E-02));
#11879 = CARTESIAN_POINT('',(0.2490234375,-1.416015625E-02));
#11880 = CARTESIAN_POINT('',(0.152587890625,8.5693359375E-02));
#11881 = ( GEOMETRIC_REPRESENTATION_CONTEXT(2) 
PARAMETRIC_REPRESENTATION_CONTEXT() REPRESENTATION_CONTEXT('2D SPACE',''
  ) );
#11882 = ORIENTED_EDGE('',*,*,#11883,.F.);
#11883 = EDGE_CURVE('',#11884,#11861,#11886,.T.);
#11884 = VERTEX_POINT('',#11885);
#11885 = CARTESIAN_POINT('',(-0.127664099074,-0.119225275123,0.81));
#11886 = SURFACE_CURVE('',#11887,(#11891,#11898),.PCURVE_S1.);
#11887 = LINE('',#11888,#11889);
#11888 = CARTESIAN_POINT('',(-0.127664099074,-0.119225275123,0.81));
#11889 = VECTOR('',#11890,1.);
#11890 = DIRECTION('',(0.,0.,1.));
#11891 = PCURVE('',#11821,#11892);
#11892 = DEFINITIONAL_REPRESENTATION('',(#11893),#11897);
#11893 = LINE('',#11894,#11895);
#11894 = CARTESIAN_POINT('',(1.,0.));
#11895 = VECTOR('',#11896,1.);
#11896 = DIRECTION('',(0.,-1.));
#11897 = ( GEOMETRIC_REPRESENTATION_CONTEXT(2) 
PARAMETRIC_REPRESENTATION_CONTEXT() REPRESENTATION_CONTEXT('2D SPACE',''
  ) );
#11898 = PCURVE('',#11899,#11906);
#11899 = SURFACE_OF_LINEAR_EXTRUSION('',#11900,#11904);
#11900 = B_SPLINE_CURVE_WITH_KNOTS('',2,(#11901,#11902,#11903),
  .UNSPECIFIED.,.F.,.F.,(3,3),(0.,1.),.PIECEWISE_BEZIER_KNOTS.);
#11901 = CARTESIAN_POINT('',(-0.127664099074,-0.119225275123,0.81));
#11902 = CARTESIAN_POINT('',(-0.177890512554,-7.645059308317E-02,0.81));
#11903 = CARTESIAN_POINT('',(-0.177890512554,-1.045835746692E-04,0.81));
#11904 = VECTOR('',#11905,1.);
#11905 = DIRECTION('',(-0.,-0.,-1.));
#11906 = DEFINITIONAL_REPRESENTATION('',(#11907),#11911);
#11907 = LINE('',#11908,#11909);
#11908 = CARTESIAN_POINT('',(0.,0.));
#11909 = VECTOR('',#11910,1.);
#11910 = DIRECTION('',(0.,-1.));
#11911 = ( GEOMETRIC_REPRESENTATION_CONTEXT(2) 
PARAMETRIC_REPRESENTATION_CONTEXT() REPRESENTATION_CONTEXT('2D SPACE',''
  ) );
#11912 = ORIENTED_EDGE('',*,*,#11913,.F.);
#11913 = EDGE_CURVE('',#11806,#11884,#11914,.T.);
#11914 = SURFACE_CURVE('',#11915,(#11919,#11926),.PCURVE_S1.);
#11915 = B_SPLINE_CURVE_WITH_KNOTS('',2,(#11916,#11917,#11918),
  .UNSPECIFIED.,.F.,.F.,(3,3),(0.,1.),.PIECEWISE_BEZIER_KNOTS.);
#11916 = CARTESIAN_POINT('',(1.157114842203E-02,-0.161999957163,0.81));
#11917 = CARTESIAN_POINT('',(-7.743768559361E-02,-0.161999957163,0.81));
#11918 = CARTESIAN_POINT('',(-0.127664099074,-0.119225275123,0.81));
#11919 = PCURVE('',#11821,#11920);
#11920 = DEFINITIONAL_REPRESENTATION('',(#11921),#11925);
#11921 = LINE('',#11922,#11923);
#11922 = CARTESIAN_POINT('',(0.,0.));
#11923 = VECTOR('',#11924,1.);
#11924 = DIRECTION('',(1.,0.));
#11925 = ( GEOMETRIC_REPRESENTATION_CONTEXT(2) 
PARAMETRIC_REPRESENTATION_CONTEXT() REPRESENTATION_CONTEXT('2D SPACE',''
  ) );
#11926 = PCURVE('',#11396,#11927);
#11927 = DEFINITIONAL_REPRESENTATION('',(#11928),#11932);
#11928 = B_SPLINE_CURVE_WITH_KNOTS('',2,(#11929,#11930,#11931),
  .UNSPECIFIED.,.F.,.F.,(3,3),(0.,1.),.PIECEWISE_BEZIER_KNOTS.);
#11929 = CARTESIAN_POINT('',(0.419921875,-1.416015625E-02));
#11930 = CARTESIAN_POINT('',(0.2490234375,-1.416015625E-02));
#11931 = CARTESIAN_POINT('',(0.152587890625,8.5693359375E-02));
#11932 = ( GEOMETRIC_REPRESENTATION_CONTEXT(2) 
PARAMETRIC_REPRESENTATION_CONTEXT() REPRESENTATION_CONTEXT('2D SPACE',''
  ) );
#11933 = ADVANCED_FACE('',(#11934),#11899,.T.);
#11934 = FACE_BOUND('',#11935,.T.);
#11935 = EDGE_LOOP('',(#11936,#11937,#11960,#11990));
#11936 = ORIENTED_EDGE('',*,*,#11883,.T.);
#11937 = ORIENTED_EDGE('',*,*,#11938,.T.);
#11938 = EDGE_CURVE('',#11861,#11939,#11941,.T.);
#11939 = VERTEX_POINT('',#11940);
#11940 = CARTESIAN_POINT('',(-0.177890512554,-1.045835746692E-04,0.818)
  );
#11941 = SURFACE_CURVE('',#11942,(#11946,#11953),.PCURVE_S1.);
#11942 = B_SPLINE_CURVE_WITH_KNOTS('',2,(#11943,#11944,#11945),
  .UNSPECIFIED.,.F.,.F.,(3,3),(0.,1.),.PIECEWISE_BEZIER_KNOTS.);
#11943 = CARTESIAN_POINT('',(-0.127664099074,-0.119225275123,0.818));
#11944 = CARTESIAN_POINT('',(-0.177890512554,-7.645059308317E-02,0.818)
  );
#11945 = CARTESIAN_POINT('',(-0.177890512554,-1.045835746692E-04,0.818)
  );
#11946 = PCURVE('',#11899,#11947);
#11947 = DEFINITIONAL_REPRESENTATION('',(#11948),#11952);
#11948 = LINE('',#11949,#11950);
#11949 = CARTESIAN_POINT('',(0.,-8.E-03));
#11950 = VECTOR('',#11951,1.);
#11951 = DIRECTION('',(1.,0.));
#11952 = ( GEOMETRIC_REPRESENTATION_CONTEXT(2) 
PARAMETRIC_REPRESENTATION_CONTEXT() REPRESENTATION_CONTEXT('2D SPACE',''
  ) );
#11953 = PCURVE('',#11343,#11954);
#11954 = DEFINITIONAL_REPRESENTATION('',(#11955),#11959);
#11955 = B_SPLINE_CURVE_WITH_KNOTS('',2,(#11956,#11957,#11958),
  .UNSPECIFIED.,.F.,.F.,(3,3),(0.,1.),.PIECEWISE_BEZIER_KNOTS.);
#11956 = CARTESIAN_POINT('',(0.152587890625,8.5693359375E-02));
#11957 = CARTESIAN_POINT('',(5.615234375E-02,0.185546875));
#11958 = CARTESIAN_POINT('',(5.615234375E-02,0.36376953125));
#11959 = ( GEOMETRIC_REPRESENTATION_CONTEXT(2) 
PARAMETRIC_REPRESENTATION_CONTEXT() REPRESENTATION_CONTEXT('2D SPACE',''
  ) );
#11960 = ORIENTED_EDGE('',*,*,#11961,.F.);
#11961 = EDGE_CURVE('',#11962,#11939,#11964,.T.);
#11962 = VERTEX_POINT('',#11963);
#11963 = CARTESIAN_POINT('',(-0.177890512554,-1.045835746692E-04,0.81));
#11964 = SURFACE_CURVE('',#11965,(#11969,#11976),.PCURVE_S1.);
#11965 = LINE('',#11966,#11967);
#11966 = CARTESIAN_POINT('',(-0.177890512554,-1.045835746692E-04,0.81));
#11967 = VECTOR('',#11968,1.);
#11968 = DIRECTION('',(0.,0.,1.));
#11969 = PCURVE('',#11899,#11970);
#11970 = DEFINITIONAL_REPRESENTATION('',(#11971),#11975);
#11971 = LINE('',#11972,#11973);
#11972 = CARTESIAN_POINT('',(1.,0.));
#11973 = VECTOR('',#11974,1.);
#11974 = DIRECTION('',(0.,-1.));
#11975 = ( GEOMETRIC_REPRESENTATION_CONTEXT(2) 
PARAMETRIC_REPRESENTATION_CONTEXT() REPRESENTATION_CONTEXT('2D SPACE',''
  ) );
#11976 = PCURVE('',#11977,#11984);
#11977 = SURFACE_OF_LINEAR_EXTRUSION('',#11978,#11982);
#11978 = B_SPLINE_CURVE_WITH_KNOTS('',2,(#11979,#11980,#11981),
  .UNSPECIFIED.,.F.,.F.,(3,3),(0.,1.),.PIECEWISE_BEZIER_KNOTS.);
#11979 = CARTESIAN_POINT('',(-0.177890512554,-1.045835746692E-04,0.81));
#11980 = CARTESIAN_POINT('',(-0.177890512554,7.645059308317E-02,0.81));
#11981 = CARTESIAN_POINT('',(-0.127664099074,0.119225275123,0.81));
#11982 = VECTOR('',#11983,1.);
#11983 = DIRECTION('',(-0.,-0.,-1.));
#11984 = DEFINITIONAL_REPRESENTATION('',(#11985),#11989);
#11985 = LINE('',#11986,#11987);
#11986 = CARTESIAN_POINT('',(0.,0.));
#11987 = VECTOR('',#11988,1.);
#11988 = DIRECTION('',(0.,-1.));
#11989 = ( GEOMETRIC_REPRESENTATION_CONTEXT(2) 
PARAMETRIC_REPRESENTATION_CONTEXT() REPRESENTATION_CONTEXT('2D SPACE',''
  ) );
#11990 = ORIENTED_EDGE('',*,*,#11991,.F.);
#11991 = EDGE_CURVE('',#11884,#11962,#11992,.T.);
#11992 = SURFACE_CURVE('',#11993,(#11997,#12004),.PCURVE_S1.);
#11993 = B_SPLINE_CURVE_WITH_KNOTS('',2,(#11994,#11995,#11996),
  .UNSPECIFIED.,.F.,.F.,(3,3),(0.,1.),.PIECEWISE_BEZIER_KNOTS.);
#11994 = CARTESIAN_POINT('',(-0.127664099074,-0.119225275123,0.81));
#11995 = CARTESIAN_POINT('',(-0.177890512554,-7.645059308317E-02,0.81));
#11996 = CARTESIAN_POINT('',(-0.177890512554,-1.045835746692E-04,0.81));
#11997 = PCURVE('',#11899,#11998);
#11998 = DEFINITIONAL_REPRESENTATION('',(#11999),#12003);
#11999 = LINE('',#12000,#12001);
#12000 = CARTESIAN_POINT('',(0.,0.));
#12001 = VECTOR('',#12002,1.);
#12002 = DIRECTION('',(1.,0.));
#12003 = ( GEOMETRIC_REPRESENTATION_CONTEXT(2) 
PARAMETRIC_REPRESENTATION_CONTEXT() REPRESENTATION_CONTEXT('2D SPACE',''
  ) );
#12004 = PCURVE('',#11396,#12005);
#12005 = DEFINITIONAL_REPRESENTATION('',(#12006),#12010);
#12006 = B_SPLINE_CURVE_WITH_KNOTS('',2,(#12007,#12008,#12009),
  .UNSPECIFIED.,.F.,.F.,(3,3),(0.,1.),.PIECEWISE_BEZIER_KNOTS.);
#12007 = CARTESIAN_POINT('',(0.152587890625,8.5693359375E-02));
#12008 = CARTESIAN_POINT('',(5.615234375E-02,0.185546875));
#12009 = CARTESIAN_POINT('',(5.615234375E-02,0.36376953125));
#12010 = ( GEOMETRIC_REPRESENTATION_CONTEXT(2) 
PARAMETRIC_REPRESENTATION_CONTEXT() REPRESENTATION_CONTEXT('2D SPACE',''
  ) );
#12011 = ADVANCED_FACE('',(#12012),#11977,.T.);
#12012 = FACE_BOUND('',#12013,.T.);
#12013 = EDGE_LOOP('',(#12014,#12015,#12038,#12068));
#12014 = ORIENTED_EDGE('',*,*,#11961,.T.);
#12015 = ORIENTED_EDGE('',*,*,#12016,.T.);
#12016 = EDGE_CURVE('',#11939,#12017,#12019,.T.);
#12017 = VERTEX_POINT('',#12018);
#12018 = CARTESIAN_POINT('',(-0.127664099074,0.119225275123,0.818));
#12019 = SURFACE_CURVE('',#12020,(#12024,#12031),.PCURVE_S1.);
#12020 = B_SPLINE_CURVE_WITH_KNOTS('',2,(#12021,#12022,#12023),
  .UNSPECIFIED.,.F.,.F.,(3,3),(0.,1.),.PIECEWISE_BEZIER_KNOTS.);
#12021 = CARTESIAN_POINT('',(-0.177890512554,-1.045835746692E-04,0.818)
  );
#12022 = CARTESIAN_POINT('',(-0.177890512554,7.645059308317E-02,0.818));
#12023 = CARTESIAN_POINT('',(-0.127664099074,0.119225275123,0.818));
#12024 = PCURVE('',#11977,#12025);
#12025 = DEFINITIONAL_REPRESENTATION('',(#12026),#12030);
#12026 = LINE('',#12027,#12028);
#12027 = CARTESIAN_POINT('',(0.,-8.E-03));
#12028 = VECTOR('',#12029,1.);
#12029 = DIRECTION('',(1.,0.));
#12030 = ( GEOMETRIC_REPRESENTATION_CONTEXT(2) 
PARAMETRIC_REPRESENTATION_CONTEXT() REPRESENTATION_CONTEXT('2D SPACE',''
  ) );
#12031 = PCURVE('',#11343,#12032);
#12032 = DEFINITIONAL_REPRESENTATION('',(#12033),#12037);
#12033 = B_SPLINE_CURVE_WITH_KNOTS('',2,(#12034,#12035,#12036),
  .UNSPECIFIED.,.F.,.F.,(3,3),(0.,1.),.PIECEWISE_BEZIER_KNOTS.);
#12034 = CARTESIAN_POINT('',(5.615234375E-02,0.36376953125));
#12035 = CARTESIAN_POINT('',(5.615234375E-02,0.54248046875));
#12036 = CARTESIAN_POINT('',(0.152587890625,0.642333984375));
#12037 = ( GEOMETRIC_REPRESENTATION_CONTEXT(2) 
PARAMETRIC_REPRESENTATION_CONTEXT() REPRESENTATION_CONTEXT('2D SPACE',''
  ) );
#12038 = ORIENTED_EDGE('',*,*,#12039,.F.);
#12039 = EDGE_CURVE('',#12040,#12017,#12042,.T.);
#12040 = VERTEX_POINT('',#12041);
#12041 = CARTESIAN_POINT('',(-0.127664099074,0.119225275123,0.81));
#12042 = SURFACE_CURVE('',#12043,(#12047,#12054),.PCURVE_S1.);
#12043 = LINE('',#12044,#12045);
#12044 = CARTESIAN_POINT('',(-0.127664099074,0.119225275123,0.81));
#12045 = VECTOR('',#12046,1.);
#12046 = DIRECTION('',(0.,0.,1.));
#12047 = PCURVE('',#11977,#12048);
#12048 = DEFINITIONAL_REPRESENTATION('',(#12049),#12053);
#12049 = LINE('',#12050,#12051);
#12050 = CARTESIAN_POINT('',(1.,0.));
#12051 = VECTOR('',#12052,1.);
#12052 = DIRECTION('',(0.,-1.));
#12053 = ( GEOMETRIC_REPRESENTATION_CONTEXT(2) 
PARAMETRIC_REPRESENTATION_CONTEXT() REPRESENTATION_CONTEXT('2D SPACE',''
  ) );
#12054 = PCURVE('',#12055,#12062);
#12055 = SURFACE_OF_LINEAR_EXTRUSION('',#12056,#12060);
#12056 = B_SPLINE_CURVE_WITH_KNOTS('',2,(#12057,#12058,#12059),
  .UNSPECIFIED.,.F.,.F.,(3,3),(0.,1.),.PIECEWISE_BEZIER_KNOTS.);
#12057 = CARTESIAN_POINT('',(-0.127664099074,0.119225275123,0.81));
#12058 = CARTESIAN_POINT('',(-7.743768559361E-02,0.161999957163,0.81));
#12059 = CARTESIAN_POINT('',(1.157114842203E-02,0.161999957163,0.81));
#12060 = VECTOR('',#12061,1.);
#12061 = DIRECTION('',(-0.,-0.,-1.));
#12062 = DEFINITIONAL_REPRESENTATION('',(#12063),#12067);
#12063 = LINE('',#12064,#12065);
#12064 = CARTESIAN_POINT('',(0.,0.));
#12065 = VECTOR('',#12066,1.);
#12066 = DIRECTION('',(0.,-1.));
#12067 = ( GEOMETRIC_REPRESENTATION_CONTEXT(2) 
PARAMETRIC_REPRESENTATION_CONTEXT() REPRESENTATION_CONTEXT('2D SPACE',''
  ) );
#12068 = ORIENTED_EDGE('',*,*,#12069,.F.);
#12069 = EDGE_CURVE('',#11962,#12040,#12070,.T.);
#12070 = SURFACE_CURVE('',#12071,(#12075,#12082),.PCURVE_S1.);
#12071 = B_SPLINE_CURVE_WITH_KNOTS('',2,(#12072,#12073,#12074),
  .UNSPECIFIED.,.F.,.F.,(3,3),(0.,1.),.PIECEWISE_BEZIER_KNOTS.);
#12072 = CARTESIAN_POINT('',(-0.177890512554,-1.045835746692E-04,0.81));
#12073 = CARTESIAN_POINT('',(-0.177890512554,7.645059308317E-02,0.81));
#12074 = CARTESIAN_POINT('',(-0.127664099074,0.119225275123,0.81));
#12075 = PCURVE('',#11977,#12076);
#12076 = DEFINITIONAL_REPRESENTATION('',(#12077),#12081);
#12077 = LINE('',#12078,#12079);
#12078 = CARTESIAN_POINT('',(0.,0.));
#12079 = VECTOR('',#12080,1.);
#12080 = DIRECTION('',(1.,0.));
#12081 = ( GEOMETRIC_REPRESENTATION_CONTEXT(2) 
PARAMETRIC_REPRESENTATION_CONTEXT() REPRESENTATION_CONTEXT('2D SPACE',''
  ) );
#12082 = PCURVE('',#11396,#12083);
#12083 = DEFINITIONAL_REPRESENTATION('',(#12084),#12088);
#12084 = B_SPLINE_CURVE_WITH_KNOTS('',2,(#12085,#12086,#12087),
  .UNSPECIFIED.,.F.,.F.,(3,3),(0.,1.),.PIECEWISE_BEZIER_KNOTS.);
#12085 = CARTESIAN_POINT('',(5.615234375E-02,0.36376953125));
#12086 = CARTESIAN_POINT('',(5.615234375E-02,0.54248046875));
#12087 = CARTESIAN_POINT('',(0.152587890625,0.642333984375));
#12088 = ( GEOMETRIC_REPRESENTATION_CONTEXT(2) 
PARAMETRIC_REPRESENTATION_CONTEXT() REPRESENTATION_CONTEXT('2D SPACE',''
  ) );
#12089 = ADVANCED_FACE('',(#12090),#12055,.T.);
#12090 = FACE_BOUND('',#12091,.T.);
#12091 = EDGE_LOOP('',(#12092,#12093,#12116,#12146));
#12092 = ORIENTED_EDGE('',*,*,#12039,.T.);
#12093 = ORIENTED_EDGE('',*,*,#12094,.T.);
#12094 = EDGE_CURVE('',#12017,#12095,#12097,.T.);
#12095 = VERTEX_POINT('',#12096);
#12096 = CARTESIAN_POINT('',(1.157114842203E-02,0.161999957163,0.818));
#12097 = SURFACE_CURVE('',#12098,(#12102,#12109),.PCURVE_S1.);
#12098 = B_SPLINE_CURVE_WITH_KNOTS('',2,(#12099,#12100,#12101),
  .UNSPECIFIED.,.F.,.F.,(3,3),(0.,1.),.PIECEWISE_BEZIER_KNOTS.);
#12099 = CARTESIAN_POINT('',(-0.127664099074,0.119225275123,0.818));
#12100 = CARTESIAN_POINT('',(-7.743768559361E-02,0.161999957163,0.818));
#12101 = CARTESIAN_POINT('',(1.157114842203E-02,0.161999957163,0.818));
#12102 = PCURVE('',#12055,#12103);
#12103 = DEFINITIONAL_REPRESENTATION('',(#12104),#12108);
#12104 = LINE('',#12105,#12106);
#12105 = CARTESIAN_POINT('',(0.,-8.E-03));
#12106 = VECTOR('',#12107,1.);
#12107 = DIRECTION('',(1.,0.));
#12108 = ( GEOMETRIC_REPRESENTATION_CONTEXT(2) 
PARAMETRIC_REPRESENTATION_CONTEXT() REPRESENTATION_CONTEXT('2D SPACE',''
  ) );
#12109 = PCURVE('',#11343,#12110);
#12110 = DEFINITIONAL_REPRESENTATION('',(#12111),#12115);
#12111 = B_SPLINE_CURVE_WITH_KNOTS('',2,(#12112,#12113,#12114),
  .UNSPECIFIED.,.F.,.F.,(3,3),(0.,1.),.PIECEWISE_BEZIER_KNOTS.);
#12112 = CARTESIAN_POINT('',(0.152587890625,0.642333984375));
#12113 = CARTESIAN_POINT('',(0.2490234375,0.7421875));
#12114 = CARTESIAN_POINT('',(0.419921875,0.7421875));
#12115 = ( GEOMETRIC_REPRESENTATION_CONTEXT(2) 
PARAMETRIC_REPRESENTATION_CONTEXT() REPRESENTATION_CONTEXT('2D SPACE',''
  ) );
#12116 = ORIENTED_EDGE('',*,*,#12117,.F.);
#12117 = EDGE_CURVE('',#12118,#12095,#12120,.T.);
#12118 = VERTEX_POINT('',#12119);
#12119 = CARTESIAN_POINT('',(1.157114842203E-02,0.161999957163,0.81));
#12120 = SURFACE_CURVE('',#12121,(#12125,#12132),.PCURVE_S1.);
#12121 = LINE('',#12122,#12123);
#12122 = CARTESIAN_POINT('',(1.157114842203E-02,0.161999957163,0.81));
#12123 = VECTOR('',#12124,1.);
#12124 = DIRECTION('',(0.,0.,1.));
#12125 = PCURVE('',#12055,#12126);
#12126 = DEFINITIONAL_REPRESENTATION('',(#12127),#12131);
#12127 = LINE('',#12128,#12129);
#12128 = CARTESIAN_POINT('',(1.,0.));
#12129 = VECTOR('',#12130,1.);
#12130 = DIRECTION('',(0.,-1.));
#12131 = ( GEOMETRIC_REPRESENTATION_CONTEXT(2) 
PARAMETRIC_REPRESENTATION_CONTEXT() REPRESENTATION_CONTEXT('2D SPACE',''
  ) );
#12132 = PCURVE('',#12133,#12140);
#12133 = SURFACE_OF_LINEAR_EXTRUSION('',#12134,#12138);
#12134 = B_SPLINE_CURVE_WITH_KNOTS('',2,(#12135,#12136,#12137),
  .UNSPECIFIED.,.F.,.F.,(3,3),(0.,1.),.PIECEWISE_BEZIER_KNOTS.);
#12135 = CARTESIAN_POINT('',(1.157114842203E-02,0.161999957163,0.81));
#12136 = CARTESIAN_POINT('',(4.870054775428E-02,0.161999957163,0.81));
#12137 = CARTESIAN_POINT('',(8.214243824873E-02,0.154469939786,0.81));
#12138 = VECTOR('',#12139,1.);
#12139 = DIRECTION('',(-0.,-0.,-1.));
#12140 = DEFINITIONAL_REPRESENTATION('',(#12141),#12145);
#12141 = LINE('',#12142,#12143);
#12142 = CARTESIAN_POINT('',(0.,0.));
#12143 = VECTOR('',#12144,1.);
#12144 = DIRECTION('',(0.,-1.));
#12145 = ( GEOMETRIC_REPRESENTATION_CONTEXT(2) 
PARAMETRIC_REPRESENTATION_CONTEXT() REPRESENTATION_CONTEXT('2D SPACE',''
  ) );
#12146 = ORIENTED_EDGE('',*,*,#12147,.F.);
#12147 = EDGE_CURVE('',#12040,#12118,#12148,.T.);
#12148 = SURFACE_CURVE('',#12149,(#12153,#12160),.PCURVE_S1.);
#12149 = B_SPLINE_CURVE_WITH_KNOTS('',2,(#12150,#12151,#12152),
  .UNSPECIFIED.,.F.,.F.,(3,3),(0.,1.),.PIECEWISE_BEZIER_KNOTS.);
#12150 = CARTESIAN_POINT('',(-0.127664099074,0.119225275123,0.81));
#12151 = CARTESIAN_POINT('',(-7.743768559361E-02,0.161999957163,0.81));
#12152 = CARTESIAN_POINT('',(1.157114842203E-02,0.161999957163,0.81));
#12153 = PCURVE('',#12055,#12154);
#12154 = DEFINITIONAL_REPRESENTATION('',(#12155),#12159);
#12155 = LINE('',#12156,#12157);
#12156 = CARTESIAN_POINT('',(0.,0.));
#12157 = VECTOR('',#12158,1.);
#12158 = DIRECTION('',(1.,0.));
#12159 = ( GEOMETRIC_REPRESENTATION_CONTEXT(2) 
PARAMETRIC_REPRESENTATION_CONTEXT() REPRESENTATION_CONTEXT('2D SPACE',''
  ) );
#12160 = PCURVE('',#11396,#12161);
#12161 = DEFINITIONAL_REPRESENTATION('',(#12162),#12166);
#12162 = B_SPLINE_CURVE_WITH_KNOTS('',2,(#12163,#12164,#12165),
  .UNSPECIFIED.,.F.,.F.,(3,3),(0.,1.),.PIECEWISE_BEZIER_KNOTS.);
#12163 = CARTESIAN_POINT('',(0.152587890625,0.642333984375));
#12164 = CARTESIAN_POINT('',(0.2490234375,0.7421875));
#12165 = CARTESIAN_POINT('',(0.419921875,0.7421875));
#12166 = ( GEOMETRIC_REPRESENTATION_CONTEXT(2) 
PARAMETRIC_REPRESENTATION_CONTEXT() REPRESENTATION_CONTEXT('2D SPACE',''
  ) );
#12167 = ADVANCED_FACE('',(#12168),#12133,.T.);
#12168 = FACE_BOUND('',#12169,.T.);
#12169 = EDGE_LOOP('',(#12170,#12171,#12194,#12224));
#12170 = ORIENTED_EDGE('',*,*,#12117,.T.);
#12171 = ORIENTED_EDGE('',*,*,#12172,.T.);
#12172 = EDGE_CURVE('',#12095,#12173,#12175,.T.);
#12173 = VERTEX_POINT('',#12174);
#12174 = CARTESIAN_POINT('',(8.214243824873E-02,0.154469939786,0.818));
#12175 = SURFACE_CURVE('',#12176,(#12180,#12187),.PCURVE_S1.);
#12176 = B_SPLINE_CURVE_WITH_KNOTS('',2,(#12177,#12178,#12179),
  .UNSPECIFIED.,.F.,.F.,(3,3),(0.,1.),.PIECEWISE_BEZIER_KNOTS.);
#12177 = CARTESIAN_POINT('',(1.157114842203E-02,0.161999957163,0.818));
#12178 = CARTESIAN_POINT('',(4.870054775428E-02,0.161999957163,0.818));
#12179 = CARTESIAN_POINT('',(8.214243824873E-02,0.154469939786,0.818));
#12180 = PCURVE('',#12133,#12181);
#12181 = DEFINITIONAL_REPRESENTATION('',(#12182),#12186);
#12182 = LINE('',#12183,#12184);
#12183 = CARTESIAN_POINT('',(0.,-8.E-03));
#12184 = VECTOR('',#12185,1.);
#12185 = DIRECTION('',(1.,0.));
#12186 = ( GEOMETRIC_REPRESENTATION_CONTEXT(2) 
PARAMETRIC_REPRESENTATION_CONTEXT() REPRESENTATION_CONTEXT('2D SPACE',''
  ) );
#12187 = PCURVE('',#11343,#12188);
#12188 = DEFINITIONAL_REPRESENTATION('',(#12189),#12193);
#12189 = B_SPLINE_CURVE_WITH_KNOTS('',2,(#12190,#12191,#12192),
  .UNSPECIFIED.,.F.,.F.,(3,3),(0.,1.),.PIECEWISE_BEZIER_KNOTS.);
#12190 = CARTESIAN_POINT('',(0.419921875,0.7421875));
#12191 = CARTESIAN_POINT('',(0.4912109375,0.7421875));
#12192 = CARTESIAN_POINT('',(0.555419921875,0.724609375));
#12193 = ( GEOMETRIC_REPRESENTATION_CONTEXT(2) 
PARAMETRIC_REPRESENTATION_CONTEXT() REPRESENTATION_CONTEXT('2D SPACE',''
  ) );
#12194 = ORIENTED_EDGE('',*,*,#12195,.F.);
#12195 = EDGE_CURVE('',#12196,#12173,#12198,.T.);
#12196 = VERTEX_POINT('',#12197);
#12197 = CARTESIAN_POINT('',(8.214243824873E-02,0.154469939786,0.81));
#12198 = SURFACE_CURVE('',#12199,(#12203,#12210),.PCURVE_S1.);
#12199 = LINE('',#12200,#12201);
#12200 = CARTESIAN_POINT('',(8.214243824873E-02,0.154469939786,0.81));
#12201 = VECTOR('',#12202,1.);
#12202 = DIRECTION('',(0.,0.,1.));
#12203 = PCURVE('',#12133,#12204);
#12204 = DEFINITIONAL_REPRESENTATION('',(#12205),#12209);
#12205 = LINE('',#12206,#12207);
#12206 = CARTESIAN_POINT('',(1.,0.));
#12207 = VECTOR('',#12208,1.);
#12208 = DIRECTION('',(0.,-1.));
#12209 = ( GEOMETRIC_REPRESENTATION_CONTEXT(2) 
PARAMETRIC_REPRESENTATION_CONTEXT() REPRESENTATION_CONTEXT('2D SPACE',''
  ) );
#12210 = PCURVE('',#12211,#12218);
#12211 = SURFACE_OF_LINEAR_EXTRUSION('',#12212,#12216);
#12212 = B_SPLINE_CURVE_WITH_KNOTS('',2,(#12213,#12214,#12215),
  .UNSPECIFIED.,.F.,.F.,(3,3),(0.,1.),.PIECEWISE_BEZIER_KNOTS.);
#12213 = CARTESIAN_POINT('',(8.214243824873E-02,0.154469939786,0.81));
#12214 = CARTESIAN_POINT('',(0.115584328743,0.14693992241,0.81));
#12215 = CARTESIAN_POINT('',(0.143812844674,0.132298221957,0.81));
#12216 = VECTOR('',#12217,1.);
#12217 = DIRECTION('',(-0.,-0.,-1.));
#12218 = DEFINITIONAL_REPRESENTATION('',(#12219),#12223);
#12219 = LINE('',#12220,#12221);
#12220 = CARTESIAN_POINT('',(0.,0.));
#12221 = VECTOR('',#12222,1.);
#12222 = DIRECTION('',(0.,-1.));
#12223 = ( GEOMETRIC_REPRESENTATION_CONTEXT(2) 
PARAMETRIC_REPRESENTATION_CONTEXT() REPRESENTATION_CONTEXT('2D SPACE',''
  ) );
#12224 = ORIENTED_EDGE('',*,*,#12225,.F.);
#12225 = EDGE_CURVE('',#12118,#12196,#12226,.T.);
#12226 = SURFACE_CURVE('',#12227,(#12231,#12238),.PCURVE_S1.);
#12227 = B_SPLINE_CURVE_WITH_KNOTS('',2,(#12228,#12229,#12230),
  .UNSPECIFIED.,.F.,.F.,(3,3),(0.,1.),.PIECEWISE_BEZIER_KNOTS.);
#12228 = CARTESIAN_POINT('',(1.157114842203E-02,0.161999957163,0.81));
#12229 = CARTESIAN_POINT('',(4.870054775428E-02,0.161999957163,0.81));
#12230 = CARTESIAN_POINT('',(8.214243824873E-02,0.154469939786,0.81));
#12231 = PCURVE('',#12133,#12232);
#12232 = DEFINITIONAL_REPRESENTATION('',(#12233),#12237);
#12233 = LINE('',#12234,#12235);
#12234 = CARTESIAN_POINT('',(0.,0.));
#12235 = VECTOR('',#12236,1.);
#12236 = DIRECTION('',(1.,0.));
#12237 = ( GEOMETRIC_REPRESENTATION_CONTEXT(2) 
PARAMETRIC_REPRESENTATION_CONTEXT() REPRESENTATION_CONTEXT('2D SPACE',''
  ) );
#12238 = PCURVE('',#11396,#12239);
#12239 = DEFINITIONAL_REPRESENTATION('',(#12240),#12244);
#12240 = B_SPLINE_CURVE_WITH_KNOTS('',2,(#12241,#12242,#12243),
  .UNSPECIFIED.,.F.,.F.,(3,3),(0.,1.),.PIECEWISE_BEZIER_KNOTS.);
#12241 = CARTESIAN_POINT('',(0.419921875,0.7421875));
#12242 = CARTESIAN_POINT('',(0.4912109375,0.7421875));
#12243 = CARTESIAN_POINT('',(0.555419921875,0.724609375));
#12244 = ( GEOMETRIC_REPRESENTATION_CONTEXT(2) 
PARAMETRIC_REPRESENTATION_CONTEXT() REPRESENTATION_CONTEXT('2D SPACE',''
  ) );
#12245 = ADVANCED_FACE('',(#12246),#12211,.T.);
#12246 = FACE_BOUND('',#12247,.T.);
#12247 = EDGE_LOOP('',(#12248,#12249,#12272,#12301));
#12248 = ORIENTED_EDGE('',*,*,#12195,.T.);
#12249 = ORIENTED_EDGE('',*,*,#12250,.T.);
#12250 = EDGE_CURVE('',#12173,#12251,#12253,.T.);
#12251 = VERTEX_POINT('',#12252);
#12252 = CARTESIAN_POINT('',(0.143812844674,0.132298221957,0.818));
#12253 = SURFACE_CURVE('',#12254,(#12258,#12265),.PCURVE_S1.);
#12254 = B_SPLINE_CURVE_WITH_KNOTS('',2,(#12255,#12256,#12257),
  .UNSPECIFIED.,.F.,.F.,(3,3),(0.,1.),.PIECEWISE_BEZIER_KNOTS.);
#12255 = CARTESIAN_POINT('',(8.214243824873E-02,0.154469939786,0.818));
#12256 = CARTESIAN_POINT('',(0.115584328743,0.14693992241,0.818));
#12257 = CARTESIAN_POINT('',(0.143812844674,0.132298221957,0.818));
#12258 = PCURVE('',#12211,#12259);
#12259 = DEFINITIONAL_REPRESENTATION('',(#12260),#12264);
#12260 = LINE('',#12261,#12262);
#12261 = CARTESIAN_POINT('',(0.,-8.E-03));
#12262 = VECTOR('',#12263,1.);
#12263 = DIRECTION('',(1.,0.));
#12264 = ( GEOMETRIC_REPRESENTATION_CONTEXT(2) 
PARAMETRIC_REPRESENTATION_CONTEXT() REPRESENTATION_CONTEXT('2D SPACE',''
  ) );
#12265 = PCURVE('',#11343,#12266);
#12266 = DEFINITIONAL_REPRESENTATION('',(#12267),#12271);
#12267 = B_SPLINE_CURVE_WITH_KNOTS('',2,(#12268,#12269,#12270),
  .UNSPECIFIED.,.F.,.F.,(3,3),(0.,1.),.PIECEWISE_BEZIER_KNOTS.);
#12268 = CARTESIAN_POINT('',(0.555419921875,0.724609375));
#12269 = CARTESIAN_POINT('',(0.61962890625,0.70703125));
#12270 = CARTESIAN_POINT('',(0.673828125,0.6728515625));
#12271 = ( GEOMETRIC_REPRESENTATION_CONTEXT(2) 
PARAMETRIC_REPRESENTATION_CONTEXT() REPRESENTATION_CONTEXT('2D SPACE',''
  ) );
#12272 = ORIENTED_EDGE('',*,*,#12273,.F.);
#12273 = EDGE_CURVE('',#12274,#12251,#12276,.T.);
#12274 = VERTEX_POINT('',#12275);
#12275 = CARTESIAN_POINT('',(0.143812844674,0.132298221957,0.81));
#12276 = SURFACE_CURVE('',#12277,(#12281,#12288),.PCURVE_S1.);
#12277 = LINE('',#12278,#12279);
#12278 = CARTESIAN_POINT('',(0.143812844674,0.132298221957,0.81));
#12279 = VECTOR('',#12280,1.);
#12280 = DIRECTION('',(0.,0.,1.));
#12281 = PCURVE('',#12211,#12282);
#12282 = DEFINITIONAL_REPRESENTATION('',(#12283),#12287);
#12283 = LINE('',#12284,#12285);
#12284 = CARTESIAN_POINT('',(1.,0.));
#12285 = VECTOR('',#12286,1.);
#12286 = DIRECTION('',(0.,-1.));
#12287 = ( GEOMETRIC_REPRESENTATION_CONTEXT(2) 
PARAMETRIC_REPRESENTATION_CONTEXT() REPRESENTATION_CONTEXT('2D SPACE',''
  ) );
#12288 = PCURVE('',#12289,#12295);
#12289 = SURFACE_OF_LINEAR_EXTRUSION('',#12290,#12293);
#12290 = B_SPLINE_CURVE_WITH_KNOTS('',1,(#12291,#12292),.UNSPECIFIED.,
  .F.,.F.,(2,2),(0.,0.10498046875),.PIECEWISE_BEZIER_KNOTS.);
#12291 = CARTESIAN_POINT('',(0.143812844674,0.132298221957,0.81));
#12292 = CARTESIAN_POINT('',(0.143812844674,8.732728484877E-02,0.81));
#12293 = VECTOR('',#12294,1.);
#12294 = DIRECTION('',(-0.,-0.,-1.));
#12295 = DEFINITIONAL_REPRESENTATION('',(#12296),#12300);
#12296 = LINE('',#12297,#12298);
#12297 = CARTESIAN_POINT('',(0.,0.));
#12298 = VECTOR('',#12299,1.);
#12299 = DIRECTION('',(0.,-1.));
#12300 = ( GEOMETRIC_REPRESENTATION_CONTEXT(2) 
PARAMETRIC_REPRESENTATION_CONTEXT() REPRESENTATION_CONTEXT('2D SPACE',''
  ) );
#12301 = ORIENTED_EDGE('',*,*,#12302,.F.);
#12302 = EDGE_CURVE('',#12196,#12274,#12303,.T.);
#12303 = SURFACE_CURVE('',#12304,(#12308,#12315),.PCURVE_S1.);
#12304 = B_SPLINE_CURVE_WITH_KNOTS('',2,(#12305,#12306,#12307),
  .UNSPECIFIED.,.F.,.F.,(3,3),(0.,1.),.PIECEWISE_BEZIER_KNOTS.);
#12305 = CARTESIAN_POINT('',(8.214243824873E-02,0.154469939786,0.81));
#12306 = CARTESIAN_POINT('',(0.115584328743,0.14693992241,0.81));
#12307 = CARTESIAN_POINT('',(0.143812844674,0.132298221957,0.81));
#12308 = PCURVE('',#12211,#12309);
#12309 = DEFINITIONAL_REPRESENTATION('',(#12310),#12314);
#12310 = LINE('',#12311,#12312);
#12311 = CARTESIAN_POINT('',(0.,0.));
#12312 = VECTOR('',#12313,1.);
#12313 = DIRECTION('',(1.,0.));
#12314 = ( GEOMETRIC_REPRESENTATION_CONTEXT(2) 
PARAMETRIC_REPRESENTATION_CONTEXT() REPRESENTATION_CONTEXT('2D SPACE',''
  ) );
#12315 = PCURVE('',#11396,#12316);
#12316 = DEFINITIONAL_REPRESENTATION('',(#12317),#12321);
#12317 = B_SPLINE_CURVE_WITH_KNOTS('',2,(#12318,#12319,#12320),
  .UNSPECIFIED.,.F.,.F.,(3,3),(0.,1.),.PIECEWISE_BEZIER_KNOTS.);
#12318 = CARTESIAN_POINT('',(0.555419921875,0.724609375));
#12319 = CARTESIAN_POINT('',(0.61962890625,0.70703125));
#12320 = CARTESIAN_POINT('',(0.673828125,0.6728515625));
#12321 = ( GEOMETRIC_REPRESENTATION_CONTEXT(2) 
PARAMETRIC_REPRESENTATION_CONTEXT() REPRESENTATION_CONTEXT('2D SPACE',''
  ) );
#12322 = ADVANCED_FACE('',(#12323),#12289,.T.);
#12323 = FACE_BOUND('',#12324,.T.);
#12324 = EDGE_LOOP('',(#12325,#12326,#12347,#12377));
#12325 = ORIENTED_EDGE('',*,*,#12273,.T.);
#12326 = ORIENTED_EDGE('',*,*,#12327,.T.);
#12327 = EDGE_CURVE('',#12251,#12328,#12330,.T.);
#12328 = VERTEX_POINT('',#12329);
#12329 = CARTESIAN_POINT('',(0.143812844674,8.732728484877E-02,0.818));
#12330 = SURFACE_CURVE('',#12331,(#12334,#12341),.PCURVE_S1.);
#12331 = B_SPLINE_CURVE_WITH_KNOTS('',1,(#12332,#12333),.UNSPECIFIED.,
  .F.,.F.,(2,2),(0.,0.10498046875),.PIECEWISE_BEZIER_KNOTS.);
#12332 = CARTESIAN_POINT('',(0.143812844674,0.132298221957,0.818));
#12333 = CARTESIAN_POINT('',(0.143812844674,8.732728484877E-02,0.818));
#12334 = PCURVE('',#12289,#12335);
#12335 = DEFINITIONAL_REPRESENTATION('',(#12336),#12340);
#12336 = LINE('',#12337,#12338);
#12337 = CARTESIAN_POINT('',(0.,-8.E-03));
#12338 = VECTOR('',#12339,1.);
#12339 = DIRECTION('',(1.,0.));
#12340 = ( GEOMETRIC_REPRESENTATION_CONTEXT(2) 
PARAMETRIC_REPRESENTATION_CONTEXT() REPRESENTATION_CONTEXT('2D SPACE',''
  ) );
#12341 = PCURVE('',#11343,#12342);
#12342 = DEFINITIONAL_REPRESENTATION('',(#12343),#12346);
#12343 = B_SPLINE_CURVE_WITH_KNOTS('',1,(#12344,#12345),.UNSPECIFIED.,
  .F.,.F.,(2,2),(0.,0.10498046875),.PIECEWISE_BEZIER_KNOTS.);
#12344 = CARTESIAN_POINT('',(0.673828125,0.6728515625));
#12345 = CARTESIAN_POINT('',(0.673828125,0.56787109375));
#12346 = ( GEOMETRIC_REPRESENTATION_CONTEXT(2) 
PARAMETRIC_REPRESENTATION_CONTEXT() REPRESENTATION_CONTEXT('2D SPACE',''
  ) );
#12347 = ORIENTED_EDGE('',*,*,#12348,.F.);
#12348 = EDGE_CURVE('',#12349,#12328,#12351,.T.);
#12349 = VERTEX_POINT('',#12350);
#12350 = CARTESIAN_POINT('',(0.143812844674,8.732728484877E-02,0.81));
#12351 = SURFACE_CURVE('',#12352,(#12356,#12363),.PCURVE_S1.);
#12352 = LINE('',#12353,#12354);
#12353 = CARTESIAN_POINT('',(0.143812844674,8.732728484877E-02,0.81));
#12354 = VECTOR('',#12355,1.);
#12355 = DIRECTION('',(0.,0.,1.));
#12356 = PCURVE('',#12289,#12357);
#12357 = DEFINITIONAL_REPRESENTATION('',(#12358),#12362);
#12358 = LINE('',#12359,#12360);
#12359 = CARTESIAN_POINT('',(0.10498046875,0.));
#12360 = VECTOR('',#12361,1.);
#12361 = DIRECTION('',(0.,-1.));
#12362 = ( GEOMETRIC_REPRESENTATION_CONTEXT(2) 
PARAMETRIC_REPRESENTATION_CONTEXT() REPRESENTATION_CONTEXT('2D SPACE',''
  ) );
#12363 = PCURVE('',#12364,#12371);
#12364 = SURFACE_OF_LINEAR_EXTRUSION('',#12365,#12369);
#12365 = B_SPLINE_CURVE_WITH_KNOTS('',2,(#12366,#12367,#12368),
  .UNSPECIFIED.,.F.,.F.,(3,3),(0.,1.),.PIECEWISE_BEZIER_KNOTS.);
#12366 = CARTESIAN_POINT('',(0.143812844674,8.732728484877E-02,0.81));
#12367 = CARTESIAN_POINT('',(0.115330017789,0.107198164036,0.81));
#12368 = CARTESIAN_POINT('',(8.328683754321E-02,0.117238187204,0.81));
#12369 = VECTOR('',#12370,1.);
#12370 = DIRECTION('',(-0.,-0.,-1.));
#12371 = DEFINITIONAL_REPRESENTATION('',(#12372),#12376);
#12372 = LINE('',#12373,#12374);
#12373 = CARTESIAN_POINT('',(0.,0.));
#12374 = VECTOR('',#12375,1.);
#12375 = DIRECTION('',(0.,-1.));
#12376 = ( GEOMETRIC_REPRESENTATION_CONTEXT(2) 
PARAMETRIC_REPRESENTATION_CONTEXT() REPRESENTATION_CONTEXT('2D SPACE',''
  ) );
#12377 = ORIENTED_EDGE('',*,*,#12378,.F.);
#12378 = EDGE_CURVE('',#12274,#12349,#12379,.T.);
#12379 = SURFACE_CURVE('',#12380,(#12383,#12390),.PCURVE_S1.);
#12380 = B_SPLINE_CURVE_WITH_KNOTS('',1,(#12381,#12382),.UNSPECIFIED.,
  .F.,.F.,(2,2),(0.,0.10498046875),.PIECEWISE_BEZIER_KNOTS.);
#12381 = CARTESIAN_POINT('',(0.143812844674,0.132298221957,0.81));
#12382 = CARTESIAN_POINT('',(0.143812844674,8.732728484877E-02,0.81));
#12383 = PCURVE('',#12289,#12384);
#12384 = DEFINITIONAL_REPRESENTATION('',(#12385),#12389);
#12385 = LINE('',#12386,#12387);
#12386 = CARTESIAN_POINT('',(0.,0.));
#12387 = VECTOR('',#12388,1.);
#12388 = DIRECTION('',(1.,0.));
#12389 = ( GEOMETRIC_REPRESENTATION_CONTEXT(2) 
PARAMETRIC_REPRESENTATION_CONTEXT() REPRESENTATION_CONTEXT('2D SPACE',''
  ) );
#12390 = PCURVE('',#11396,#12391);
#12391 = DEFINITIONAL_REPRESENTATION('',(#12392),#12395);
#12392 = B_SPLINE_CURVE_WITH_KNOTS('',1,(#12393,#12394),.UNSPECIFIED.,
  .F.,.F.,(2,2),(0.,0.10498046875),.PIECEWISE_BEZIER_KNOTS.);
#12393 = CARTESIAN_POINT('',(0.673828125,0.6728515625));
#12394 = CARTESIAN_POINT('',(0.673828125,0.56787109375));
#12395 = ( GEOMETRIC_REPRESENTATION_CONTEXT(2) 
PARAMETRIC_REPRESENTATION_CONTEXT() REPRESENTATION_CONTEXT('2D SPACE',''
  ) );
#12396 = ADVANCED_FACE('',(#12397),#12364,.T.);
#12397 = FACE_BOUND('',#12398,.T.);
#12398 = EDGE_LOOP('',(#12399,#12400,#12423,#12453));
#12399 = ORIENTED_EDGE('',*,*,#12348,.T.);
#12400 = ORIENTED_EDGE('',*,*,#12401,.T.);
#12401 = EDGE_CURVE('',#12328,#12402,#12404,.T.);
#12402 = VERTEX_POINT('',#12403);
#12403 = CARTESIAN_POINT('',(8.328683754321E-02,0.117238187204,0.818));
#12404 = SURFACE_CURVE('',#12405,(#12409,#12416),.PCURVE_S1.);
#12405 = B_SPLINE_CURVE_WITH_KNOTS('',2,(#12406,#12407,#12408),
  .UNSPECIFIED.,.F.,.F.,(3,3),(0.,1.),.PIECEWISE_BEZIER_KNOTS.);
#12406 = CARTESIAN_POINT('',(0.143812844674,8.732728484877E-02,0.818));
#12407 = CARTESIAN_POINT('',(0.115330017789,0.107198164036,0.818));
#12408 = CARTESIAN_POINT('',(8.328683754321E-02,0.117238187204,0.818));
#12409 = PCURVE('',#12364,#12410);
#12410 = DEFINITIONAL_REPRESENTATION('',(#12411),#12415);
#12411 = LINE('',#12412,#12413);
#12412 = CARTESIAN_POINT('',(0.,-8.E-03));
#12413 = VECTOR('',#12414,1.);
#12414 = DIRECTION('',(1.,0.));
#12415 = ( GEOMETRIC_REPRESENTATION_CONTEXT(2) 
PARAMETRIC_REPRESENTATION_CONTEXT() REPRESENTATION_CONTEXT('2D SPACE',''
  ) );
#12416 = PCURVE('',#11343,#12417);
#12417 = DEFINITIONAL_REPRESENTATION('',(#12418),#12422);
#12418 = B_SPLINE_CURVE_WITH_KNOTS('',2,(#12419,#12420,#12421),
  .UNSPECIFIED.,.F.,.F.,(3,3),(0.,1.),.PIECEWISE_BEZIER_KNOTS.);
#12419 = CARTESIAN_POINT('',(0.673828125,0.56787109375));
#12420 = CARTESIAN_POINT('',(0.619140625,0.6142578125));
#12421 = CARTESIAN_POINT('',(0.5576171875,0.6376953125));
#12422 = ( GEOMETRIC_REPRESENTATION_CONTEXT(2) 
PARAMETRIC_REPRESENTATION_CONTEXT() REPRESENTATION_CONTEXT('2D SPACE',''
  ) );
#12423 = ORIENTED_EDGE('',*,*,#12424,.F.);
#12424 = EDGE_CURVE('',#12425,#12402,#12427,.T.);
#12425 = VERTEX_POINT('',#12426);
#12426 = CARTESIAN_POINT('',(8.328683754321E-02,0.117238187204,0.81));
#12427 = SURFACE_CURVE('',#12428,(#12432,#12439),.PCURVE_S1.);
#12428 = LINE('',#12429,#12430);
#12429 = CARTESIAN_POINT('',(8.328683754321E-02,0.117238187204,0.81));
#12430 = VECTOR('',#12431,1.);
#12431 = DIRECTION('',(0.,0.,1.));
#12432 = PCURVE('',#12364,#12433);
#12433 = DEFINITIONAL_REPRESENTATION('',(#12434),#12438);
#12434 = LINE('',#12435,#12436);
#12435 = CARTESIAN_POINT('',(1.,0.));
#12436 = VECTOR('',#12437,1.);
#12437 = DIRECTION('',(0.,-1.));
#12438 = ( GEOMETRIC_REPRESENTATION_CONTEXT(2) 
PARAMETRIC_REPRESENTATION_CONTEXT() REPRESENTATION_CONTEXT('2D SPACE',''
  ) );
#12439 = PCURVE('',#12440,#12447);
#12440 = SURFACE_OF_LINEAR_EXTRUSION('',#12441,#12445);
#12441 = B_SPLINE_CURVE_WITH_KNOTS('',2,(#12442,#12443,#12444),
  .UNSPECIFIED.,.F.,.F.,(3,3),(0.,1.),.PIECEWISE_BEZIER_KNOTS.);
#12442 = CARTESIAN_POINT('',(8.328683754321E-02,0.117238187204,0.81));
#12443 = CARTESIAN_POINT('',(5.124365729758E-02,0.127278210372,0.81));
#12444 = CARTESIAN_POINT('',(1.589443464565E-02,0.127278210372,0.81));
#12445 = VECTOR('',#12446,1.);
#12446 = DIRECTION('',(-0.,-0.,-1.));
#12447 = DEFINITIONAL_REPRESENTATION('',(#12448),#12452);
#12448 = LINE('',#12449,#12450);
#12449 = CARTESIAN_POINT('',(0.,0.));
#12450 = VECTOR('',#12451,1.);
#12451 = DIRECTION('',(0.,-1.));
#12452 = ( GEOMETRIC_REPRESENTATION_CONTEXT(2) 
PARAMETRIC_REPRESENTATION_CONTEXT() REPRESENTATION_CONTEXT('2D SPACE',''
  ) );
#12453 = ORIENTED_EDGE('',*,*,#12454,.F.);
#12454 = EDGE_CURVE('',#12349,#12425,#12455,.T.);
#12455 = SURFACE_CURVE('',#12456,(#12460,#12467),.PCURVE_S1.);
#12456 = B_SPLINE_CURVE_WITH_KNOTS('',2,(#12457,#12458,#12459),
  .UNSPECIFIED.,.F.,.F.,(3,3),(0.,1.),.PIECEWISE_BEZIER_KNOTS.);
#12457 = CARTESIAN_POINT('',(0.143812844674,8.732728484877E-02,0.81));
#12458 = CARTESIAN_POINT('',(0.115330017789,0.107198164036,0.81));
#12459 = CARTESIAN_POINT('',(8.328683754321E-02,0.117238187204,0.81));
#12460 = PCURVE('',#12364,#12461);
#12461 = DEFINITIONAL_REPRESENTATION('',(#12462),#12466);
#12462 = LINE('',#12463,#12464);
#12463 = CARTESIAN_POINT('',(0.,0.));
#12464 = VECTOR('',#12465,1.);
#12465 = DIRECTION('',(1.,0.));
#12466 = ( GEOMETRIC_REPRESENTATION_CONTEXT(2) 
PARAMETRIC_REPRESENTATION_CONTEXT() REPRESENTATION_CONTEXT('2D SPACE',''
  ) );
#12467 = PCURVE('',#11396,#12468);
#12468 = DEFINITIONAL_REPRESENTATION('',(#12469),#12473);
#12469 = B_SPLINE_CURVE_WITH_KNOTS('',2,(#12470,#12471,#12472),
  .UNSPECIFIED.,.F.,.F.,(3,3),(0.,1.),.PIECEWISE_BEZIER_KNOTS.);
#12470 = CARTESIAN_POINT('',(0.673828125,0.56787109375));
#12471 = CARTESIAN_POINT('',(0.619140625,0.6142578125));
#12472 = CARTESIAN_POINT('',(0.5576171875,0.6376953125));
#12473 = ( GEOMETRIC_REPRESENTATION_CONTEXT(2) 
PARAMETRIC_REPRESENTATION_CONTEXT() REPRESENTATION_CONTEXT('2D SPACE',''
  ) );
#12474 = ADVANCED_FACE('',(#12475),#12440,.T.);
#12475 = FACE_BOUND('',#12476,.T.);
#12476 = EDGE_LOOP('',(#12477,#12478,#12501,#12531));
#12477 = ORIENTED_EDGE('',*,*,#12424,.T.);
#12478 = ORIENTED_EDGE('',*,*,#12479,.T.);
#12479 = EDGE_CURVE('',#12402,#12480,#12482,.T.);
#12480 = VERTEX_POINT('',#12481);
#12481 = CARTESIAN_POINT('',(1.589443464565E-02,0.127278210372,0.818));
#12482 = SURFACE_CURVE('',#12483,(#12487,#12494),.PCURVE_S1.);
#12483 = B_SPLINE_CURVE_WITH_KNOTS('',2,(#12484,#12485,#12486),
  .UNSPECIFIED.,.F.,.F.,(3,3),(0.,1.),.PIECEWISE_BEZIER_KNOTS.);
#12484 = CARTESIAN_POINT('',(8.328683754321E-02,0.117238187204,0.818));
#12485 = CARTESIAN_POINT('',(5.124365729758E-02,0.127278210372,0.818));
#12486 = CARTESIAN_POINT('',(1.589443464565E-02,0.127278210372,0.818));
#12487 = PCURVE('',#12440,#12488);
#12488 = DEFINITIONAL_REPRESENTATION('',(#12489),#12493);
#12489 = LINE('',#12490,#12491);
#12490 = CARTESIAN_POINT('',(0.,-8.E-03));
#12491 = VECTOR('',#12492,1.);
#12492 = DIRECTION('',(1.,0.));
#12493 = ( GEOMETRIC_REPRESENTATION_CONTEXT(2) 
PARAMETRIC_REPRESENTATION_CONTEXT() REPRESENTATION_CONTEXT('2D SPACE',''
  ) );
#12494 = PCURVE('',#11343,#12495);
#12495 = DEFINITIONAL_REPRESENTATION('',(#12496),#12500);
#12496 = B_SPLINE_CURVE_WITH_KNOTS('',2,(#12497,#12498,#12499),
  .UNSPECIFIED.,.F.,.F.,(3,3),(0.,1.),.PIECEWISE_BEZIER_KNOTS.);
#12497 = CARTESIAN_POINT('',(0.5576171875,0.6376953125));
#12498 = CARTESIAN_POINT('',(0.49609375,0.6611328125));
#12499 = CARTESIAN_POINT('',(0.42822265625,0.6611328125));
#12500 = ( GEOMETRIC_REPRESENTATION_CONTEXT(2) 
PARAMETRIC_REPRESENTATION_CONTEXT() REPRESENTATION_CONTEXT('2D SPACE',''
  ) );
#12501 = ORIENTED_EDGE('',*,*,#12502,.F.);
#12502 = EDGE_CURVE('',#12503,#12480,#12505,.T.);
#12503 = VERTEX_POINT('',#12504);
#12504 = CARTESIAN_POINT('',(1.589443464565E-02,0.127278210372,0.81));
#12505 = SURFACE_CURVE('',#12506,(#12510,#12517),.PCURVE_S1.);
#12506 = LINE('',#12507,#12508);
#12507 = CARTESIAN_POINT('',(1.589443464565E-02,0.127278210372,0.81));
#12508 = VECTOR('',#12509,1.);
#12509 = DIRECTION('',(0.,0.,1.));
#12510 = PCURVE('',#12440,#12511);
#12511 = DEFINITIONAL_REPRESENTATION('',(#12512),#12516);
#12512 = LINE('',#12513,#12514);
#12513 = CARTESIAN_POINT('',(1.,0.));
#12514 = VECTOR('',#12515,1.);
#12515 = DIRECTION('',(0.,-1.));
#12516 = ( GEOMETRIC_REPRESENTATION_CONTEXT(2) 
PARAMETRIC_REPRESENTATION_CONTEXT() REPRESENTATION_CONTEXT('2D SPACE',''
  ) );
#12517 = PCURVE('',#12518,#12525);
#12518 = SURFACE_OF_LINEAR_EXTRUSION('',#12519,#12523);
#12519 = B_SPLINE_CURVE_WITH_KNOTS('',2,(#12520,#12521,#12522),
  .UNSPECIFIED.,.F.,.F.,(3,3),(0.,1.),.PIECEWISE_BEZIER_KNOTS.);
#12520 = CARTESIAN_POINT('',(1.589443464565E-02,0.127278210372,0.81));
#12521 = CARTESIAN_POINT('',(-5.378676684088E-02,0.127278210372,0.81));
#12522 = CARTESIAN_POINT('',(-8.875452306132E-02,9.527563652363E-02,0.81
    ));
#12523 = VECTOR('',#12524,1.);
#12524 = DIRECTION('',(-0.,-0.,-1.));
#12525 = DEFINITIONAL_REPRESENTATION('',(#12526),#12530);
#12526 = LINE('',#12527,#12528);
#12527 = CARTESIAN_POINT('',(0.,0.));
#12528 = VECTOR('',#12529,1.);
#12529 = DIRECTION('',(0.,-1.));
#12530 = ( GEOMETRIC_REPRESENTATION_CONTEXT(2) 
PARAMETRIC_REPRESENTATION_CONTEXT() REPRESENTATION_CONTEXT('2D SPACE',''
  ) );
#12531 = ORIENTED_EDGE('',*,*,#12532,.F.);
#12532 = EDGE_CURVE('',#12425,#12503,#12533,.T.);
#12533 = SURFACE_CURVE('',#12534,(#12538,#12545),.PCURVE_S1.);
#12534 = B_SPLINE_CURVE_WITH_KNOTS('',2,(#12535,#12536,#12537),
  .UNSPECIFIED.,.F.,.F.,(3,3),(0.,1.),.PIECEWISE_BEZIER_KNOTS.);
#12535 = CARTESIAN_POINT('',(8.328683754321E-02,0.117238187204,0.81));
#12536 = CARTESIAN_POINT('',(5.124365729758E-02,0.127278210372,0.81));
#12537 = CARTESIAN_POINT('',(1.589443464565E-02,0.127278210372,0.81));
#12538 = PCURVE('',#12440,#12539);
#12539 = DEFINITIONAL_REPRESENTATION('',(#12540),#12544);
#12540 = LINE('',#12541,#12542);
#12541 = CARTESIAN_POINT('',(0.,0.));
#12542 = VECTOR('',#12543,1.);
#12543 = DIRECTION('',(1.,0.));
#12544 = ( GEOMETRIC_REPRESENTATION_CONTEXT(2) 
PARAMETRIC_REPRESENTATION_CONTEXT() REPRESENTATION_CONTEXT('2D SPACE',''
  ) );
#12545 = PCURVE('',#11396,#12546);
#12546 = DEFINITIONAL_REPRESENTATION('',(#12547),#12551);
#12547 = B_SPLINE_CURVE_WITH_KNOTS('',2,(#12548,#12549,#12550),
  .UNSPECIFIED.,.F.,.F.,(3,3),(0.,1.),.PIECEWISE_BEZIER_KNOTS.);
#12548 = CARTESIAN_POINT('',(0.5576171875,0.6376953125));
#12549 = CARTESIAN_POINT('',(0.49609375,0.6611328125));
#12550 = CARTESIAN_POINT('',(0.42822265625,0.6611328125));
#12551 = ( GEOMETRIC_REPRESENTATION_CONTEXT(2) 
PARAMETRIC_REPRESENTATION_CONTEXT() REPRESENTATION_CONTEXT('2D SPACE',''
  ) );
#12552 = ADVANCED_FACE('',(#12553),#12518,.T.);
#12553 = FACE_BOUND('',#12554,.T.);
#12554 = EDGE_LOOP('',(#12555,#12556,#12579,#12609));
#12555 = ORIENTED_EDGE('',*,*,#12502,.T.);
#12556 = ORIENTED_EDGE('',*,*,#12557,.T.);
#12557 = EDGE_CURVE('',#12480,#12558,#12560,.T.);
#12558 = VERTEX_POINT('',#12559);
#12559 = CARTESIAN_POINT('',(-8.875452306132E-02,9.527563652363E-02,
    0.818));
#12560 = SURFACE_CURVE('',#12561,(#12565,#12572),.PCURVE_S1.);
#12561 = B_SPLINE_CURVE_WITH_KNOTS('',2,(#12562,#12563,#12564),
  .UNSPECIFIED.,.F.,.F.,(3,3),(0.,1.),.PIECEWISE_BEZIER_KNOTS.);
#12562 = CARTESIAN_POINT('',(1.589443464565E-02,0.127278210372,0.818));
#12563 = CARTESIAN_POINT('',(-5.378676684088E-02,0.127278210372,0.818));
#12564 = CARTESIAN_POINT('',(-8.875452306132E-02,9.527563652363E-02,
    0.818));
#12565 = PCURVE('',#12518,#12566);
#12566 = DEFINITIONAL_REPRESENTATION('',(#12567),#12571);
#12567 = LINE('',#12568,#12569);
#12568 = CARTESIAN_POINT('',(0.,-8.E-03));
#12569 = VECTOR('',#12570,1.);
#12570 = DIRECTION('',(1.,0.));
#12571 = ( GEOMETRIC_REPRESENTATION_CONTEXT(2) 
PARAMETRIC_REPRESENTATION_CONTEXT() REPRESENTATION_CONTEXT('2D SPACE',''
  ) );
#12572 = PCURVE('',#11343,#12573);
#12573 = DEFINITIONAL_REPRESENTATION('',(#12574),#12578);
#12574 = B_SPLINE_CURVE_WITH_KNOTS('',2,(#12575,#12576,#12577),
  .UNSPECIFIED.,.F.,.F.,(3,3),(0.,1.),.PIECEWISE_BEZIER_KNOTS.);
#12575 = CARTESIAN_POINT('',(0.42822265625,0.6611328125));
#12576 = CARTESIAN_POINT('',(0.29443359375,0.6611328125));
#12577 = CARTESIAN_POINT('',(0.227294921875,0.58642578125));
#12578 = ( GEOMETRIC_REPRESENTATION_CONTEXT(2) 
PARAMETRIC_REPRESENTATION_CONTEXT() REPRESENTATION_CONTEXT('2D SPACE',''
  ) );
#12579 = ORIENTED_EDGE('',*,*,#12580,.F.);
#12580 = EDGE_CURVE('',#12581,#12558,#12583,.T.);
#12581 = VERTEX_POINT('',#12582);
#12582 = CARTESIAN_POINT('',(-8.875452306132E-02,9.527563652363E-02,0.81
    ));
#12583 = SURFACE_CURVE('',#12584,(#12588,#12595),.PCURVE_S1.);
#12584 = LINE('',#12585,#12586);
#12585 = CARTESIAN_POINT('',(-8.875452306132E-02,9.527563652363E-02,0.81
    ));
#12586 = VECTOR('',#12587,1.);
#12587 = DIRECTION('',(0.,0.,1.));
#12588 = PCURVE('',#12518,#12589);
#12589 = DEFINITIONAL_REPRESENTATION('',(#12590),#12594);
#12590 = LINE('',#12591,#12592);
#12591 = CARTESIAN_POINT('',(1.,0.));
#12592 = VECTOR('',#12593,1.);
#12593 = DIRECTION('',(0.,-1.));
#12594 = ( GEOMETRIC_REPRESENTATION_CONTEXT(2) 
PARAMETRIC_REPRESENTATION_CONTEXT() REPRESENTATION_CONTEXT('2D SPACE',''
  ) );
#12595 = PCURVE('',#12596,#12603);
#12596 = SURFACE_OF_LINEAR_EXTRUSION('',#12597,#12601);
#12597 = B_SPLINE_CURVE_WITH_KNOTS('',2,(#12598,#12599,#12600),
  .UNSPECIFIED.,.F.,.F.,(3,3),(0.,1.),.PIECEWISE_BEZIER_KNOTS.);
#12598 = CARTESIAN_POINT('',(-8.875452306132E-02,9.527563652363E-02,0.81
    ));
#12599 = CARTESIAN_POINT('',(-0.123722279282,6.327306267486E-02,0.81));
#12600 = CARTESIAN_POINT('',(-0.123722279282,-1.045835746692E-04,0.81));
#12601 = VECTOR('',#12602,1.);
#12602 = DIRECTION('',(-0.,-0.,-1.));
#12603 = DEFINITIONAL_REPRESENTATION('',(#12604),#12608);
#12604 = LINE('',#12605,#12606);
#12605 = CARTESIAN_POINT('',(0.,0.));
#12606 = VECTOR('',#12607,1.);
#12607 = DIRECTION('',(0.,-1.));
#12608 = ( GEOMETRIC_REPRESENTATION_CONTEXT(2) 
PARAMETRIC_REPRESENTATION_CONTEXT() REPRESENTATION_CONTEXT('2D SPACE',''
  ) );
#12609 = ORIENTED_EDGE('',*,*,#12610,.F.);
#12610 = EDGE_CURVE('',#12503,#12581,#12611,.T.);
#12611 = SURFACE_CURVE('',#12612,(#12616,#12623),.PCURVE_S1.);
#12612 = B_SPLINE_CURVE_WITH_KNOTS('',2,(#12613,#12614,#12615),
  .UNSPECIFIED.,.F.,.F.,(3,3),(0.,1.),.PIECEWISE_BEZIER_KNOTS.);
#12613 = CARTESIAN_POINT('',(1.589443464565E-02,0.127278210372,0.81));
#12614 = CARTESIAN_POINT('',(-5.378676684088E-02,0.127278210372,0.81));
#12615 = CARTESIAN_POINT('',(-8.875452306132E-02,9.527563652363E-02,0.81
    ));
#12616 = PCURVE('',#12518,#12617);
#12617 = DEFINITIONAL_REPRESENTATION('',(#12618),#12622);
#12618 = LINE('',#12619,#12620);
#12619 = CARTESIAN_POINT('',(0.,0.));
#12620 = VECTOR('',#12621,1.);
#12621 = DIRECTION('',(1.,0.));
#12622 = ( GEOMETRIC_REPRESENTATION_CONTEXT(2) 
PARAMETRIC_REPRESENTATION_CONTEXT() REPRESENTATION_CONTEXT('2D SPACE',''
  ) );
#12623 = PCURVE('',#11396,#12624);
#12624 = DEFINITIONAL_REPRESENTATION('',(#12625),#12629);
#12625 = B_SPLINE_CURVE_WITH_KNOTS('',2,(#12626,#12627,#12628),
  .UNSPECIFIED.,.F.,.F.,(3,3),(0.,1.),.PIECEWISE_BEZIER_KNOTS.);
#12626 = CARTESIAN_POINT('',(0.42822265625,0.6611328125));
#12627 = CARTESIAN_POINT('',(0.29443359375,0.6611328125));
#12628 = CARTESIAN_POINT('',(0.227294921875,0.58642578125));
#12629 = ( GEOMETRIC_REPRESENTATION_CONTEXT(2) 
PARAMETRIC_REPRESENTATION_CONTEXT() REPRESENTATION_CONTEXT('2D SPACE',''
  ) );
#12630 = ADVANCED_FACE('',(#12631),#12596,.T.);
#12631 = FACE_BOUND('',#12632,.T.);
#12632 = EDGE_LOOP('',(#12633,#12634,#12657,#12687));
#12633 = ORIENTED_EDGE('',*,*,#12580,.T.);
#12634 = ORIENTED_EDGE('',*,*,#12635,.T.);
#12635 = EDGE_CURVE('',#12558,#12636,#12638,.T.);
#12636 = VERTEX_POINT('',#12637);
#12637 = CARTESIAN_POINT('',(-0.123722279282,-1.045835746692E-04,0.818)
  );
#12638 = SURFACE_CURVE('',#12639,(#12643,#12650),.PCURVE_S1.);
#12639 = B_SPLINE_CURVE_WITH_KNOTS('',2,(#12640,#12641,#12642),
  .UNSPECIFIED.,.F.,.F.,(3,3),(0.,1.),.PIECEWISE_BEZIER_KNOTS.);
#12640 = CARTESIAN_POINT('',(-8.875452306132E-02,9.527563652363E-02,
    0.818));
#12641 = CARTESIAN_POINT('',(-0.123722279282,6.327306267486E-02,0.818));
#12642 = CARTESIAN_POINT('',(-0.123722279282,-1.045835746692E-04,0.818)
  );
#12643 = PCURVE('',#12596,#12644);
#12644 = DEFINITIONAL_REPRESENTATION('',(#12645),#12649);
#12645 = LINE('',#12646,#12647);
#12646 = CARTESIAN_POINT('',(0.,-8.E-03));
#12647 = VECTOR('',#12648,1.);
#12648 = DIRECTION('',(1.,0.));
#12649 = ( GEOMETRIC_REPRESENTATION_CONTEXT(2) 
PARAMETRIC_REPRESENTATION_CONTEXT() REPRESENTATION_CONTEXT('2D SPACE',''
  ) );
#12650 = PCURVE('',#11343,#12651);
#12651 = DEFINITIONAL_REPRESENTATION('',(#12652),#12656);
#12652 = B_SPLINE_CURVE_WITH_KNOTS('',2,(#12653,#12654,#12655),
  .UNSPECIFIED.,.F.,.F.,(3,3),(0.,1.),.PIECEWISE_BEZIER_KNOTS.);
#12653 = CARTESIAN_POINT('',(0.227294921875,0.58642578125));
#12654 = CARTESIAN_POINT('',(0.16015625,0.51171875));
#12655 = CARTESIAN_POINT('',(0.16015625,0.36376953125));
#12656 = ( GEOMETRIC_REPRESENTATION_CONTEXT(2) 
PARAMETRIC_REPRESENTATION_CONTEXT() REPRESENTATION_CONTEXT('2D SPACE',''
  ) );
#12657 = ORIENTED_EDGE('',*,*,#12658,.F.);
#12658 = EDGE_CURVE('',#12659,#12636,#12661,.T.);
#12659 = VERTEX_POINT('',#12660);
#12660 = CARTESIAN_POINT('',(-0.123722279282,-1.045835746692E-04,0.81));
#12661 = SURFACE_CURVE('',#12662,(#12666,#12673),.PCURVE_S1.);
#12662 = LINE('',#12663,#12664);
#12663 = CARTESIAN_POINT('',(-0.123722279282,-1.045835746692E-04,0.81));
#12664 = VECTOR('',#12665,1.);
#12665 = DIRECTION('',(0.,0.,1.));
#12666 = PCURVE('',#12596,#12667);
#12667 = DEFINITIONAL_REPRESENTATION('',(#12668),#12672);
#12668 = LINE('',#12669,#12670);
#12669 = CARTESIAN_POINT('',(1.,0.));
#12670 = VECTOR('',#12671,1.);
#12671 = DIRECTION('',(0.,-1.));
#12672 = ( GEOMETRIC_REPRESENTATION_CONTEXT(2) 
PARAMETRIC_REPRESENTATION_CONTEXT() REPRESENTATION_CONTEXT('2D SPACE',''
  ) );
#12673 = PCURVE('',#12674,#12681);
#12674 = SURFACE_OF_LINEAR_EXTRUSION('',#12675,#12679);
#12675 = B_SPLINE_CURVE_WITH_KNOTS('',2,(#12676,#12677,#12678),
  .UNSPECIFIED.,.F.,.F.,(3,3),(0.,1.),.PIECEWISE_BEZIER_KNOTS.);
#12676 = CARTESIAN_POINT('',(-0.123722279282,-1.045835746692E-04,0.81));
#12677 = CARTESIAN_POINT('',(-0.123722279282,-6.327306267486E-02,0.81));
#12678 = CARTESIAN_POINT('',(-8.875452306132E-02,-9.527563652363E-02,
    0.81));
#12679 = VECTOR('',#12680,1.);
#12680 = DIRECTION('',(-0.,-0.,-1.));
#12681 = DEFINITIONAL_REPRESENTATION('',(#12682),#12686);
#12682 = LINE('',#12683,#12684);
#12683 = CARTESIAN_POINT('',(0.,0.));
#12684 = VECTOR('',#12685,1.);
#12685 = DIRECTION('',(0.,-1.));
#12686 = ( GEOMETRIC_REPRESENTATION_CONTEXT(2) 
PARAMETRIC_REPRESENTATION_CONTEXT() REPRESENTATION_CONTEXT('2D SPACE',''
  ) );
#12687 = ORIENTED_EDGE('',*,*,#12688,.F.);
#12688 = EDGE_CURVE('',#12581,#12659,#12689,.T.);
#12689 = SURFACE_CURVE('',#12690,(#12694,#12701),.PCURVE_S1.);
#12690 = B_SPLINE_CURVE_WITH_KNOTS('',2,(#12691,#12692,#12693),
  .UNSPECIFIED.,.F.,.F.,(3,3),(0.,1.),.PIECEWISE_BEZIER_KNOTS.);
#12691 = CARTESIAN_POINT('',(-8.875452306132E-02,9.527563652363E-02,0.81
    ));
#12692 = CARTESIAN_POINT('',(-0.123722279282,6.327306267486E-02,0.81));
#12693 = CARTESIAN_POINT('',(-0.123722279282,-1.045835746692E-04,0.81));
#12694 = PCURVE('',#12596,#12695);
#12695 = DEFINITIONAL_REPRESENTATION('',(#12696),#12700);
#12696 = LINE('',#12697,#12698);
#12697 = CARTESIAN_POINT('',(0.,0.));
#12698 = VECTOR('',#12699,1.);
#12699 = DIRECTION('',(1.,0.));
#12700 = ( GEOMETRIC_REPRESENTATION_CONTEXT(2) 
PARAMETRIC_REPRESENTATION_CONTEXT() REPRESENTATION_CONTEXT('2D SPACE',''
  ) );
#12701 = PCURVE('',#11396,#12702);
#12702 = DEFINITIONAL_REPRESENTATION('',(#12703),#12707);
#12703 = B_SPLINE_CURVE_WITH_KNOTS('',2,(#12704,#12705,#12706),
  .UNSPECIFIED.,.F.,.F.,(3,3),(0.,1.),.PIECEWISE_BEZIER_KNOTS.);
#12704 = CARTESIAN_POINT('',(0.227294921875,0.58642578125));
#12705 = CARTESIAN_POINT('',(0.16015625,0.51171875));
#12706 = CARTESIAN_POINT('',(0.16015625,0.36376953125));
#12707 = ( GEOMETRIC_REPRESENTATION_CONTEXT(2) 
PARAMETRIC_REPRESENTATION_CONTEXT() REPRESENTATION_CONTEXT('2D SPACE',''
  ) );
#12708 = ADVANCED_FACE('',(#12709),#12674,.T.);
#12709 = FACE_BOUND('',#12710,.T.);
#12710 = EDGE_LOOP('',(#12711,#12712,#12735,#12765));
#12711 = ORIENTED_EDGE('',*,*,#12658,.T.);
#12712 = ORIENTED_EDGE('',*,*,#12713,.T.);
#12713 = EDGE_CURVE('',#12636,#12714,#12716,.T.);
#12714 = VERTEX_POINT('',#12715);
#12715 = CARTESIAN_POINT('',(-8.875452306132E-02,-9.527563652363E-02,
    0.818));
#12716 = SURFACE_CURVE('',#12717,(#12721,#12728),.PCURVE_S1.);
#12717 = B_SPLINE_CURVE_WITH_KNOTS('',2,(#12718,#12719,#12720),
  .UNSPECIFIED.,.F.,.F.,(3,3),(0.,1.),.PIECEWISE_BEZIER_KNOTS.);
#12718 = CARTESIAN_POINT('',(-0.123722279282,-1.045835746692E-04,0.818)
  );
#12719 = CARTESIAN_POINT('',(-0.123722279282,-6.327306267486E-02,0.818)
  );
#12720 = CARTESIAN_POINT('',(-8.875452306132E-02,-9.527563652363E-02,
    0.818));
#12721 = PCURVE('',#12674,#12722);
#12722 = DEFINITIONAL_REPRESENTATION('',(#12723),#12727);
#12723 = LINE('',#12724,#12725);
#12724 = CARTESIAN_POINT('',(0.,-8.E-03));
#12725 = VECTOR('',#12726,1.);
#12726 = DIRECTION('',(1.,0.));
#12727 = ( GEOMETRIC_REPRESENTATION_CONTEXT(2) 
PARAMETRIC_REPRESENTATION_CONTEXT() REPRESENTATION_CONTEXT('2D SPACE',''
  ) );
#12728 = PCURVE('',#11343,#12729);
#12729 = DEFINITIONAL_REPRESENTATION('',(#12730),#12734);
#12730 = B_SPLINE_CURVE_WITH_KNOTS('',2,(#12731,#12732,#12733),
  .UNSPECIFIED.,.F.,.F.,(3,3),(0.,1.),.PIECEWISE_BEZIER_KNOTS.);
#12731 = CARTESIAN_POINT('',(0.16015625,0.36376953125));
#12732 = CARTESIAN_POINT('',(0.16015625,0.21630859375));
#12733 = CARTESIAN_POINT('',(0.227294921875,0.1416015625));
#12734 = ( GEOMETRIC_REPRESENTATION_CONTEXT(2) 
PARAMETRIC_REPRESENTATION_CONTEXT() REPRESENTATION_CONTEXT('2D SPACE',''
  ) );
#12735 = ORIENTED_EDGE('',*,*,#12736,.F.);
#12736 = EDGE_CURVE('',#12737,#12714,#12739,.T.);
#12737 = VERTEX_POINT('',#12738);
#12738 = CARTESIAN_POINT('',(-8.875452306132E-02,-9.527563652363E-02,
    0.81));
#12739 = SURFACE_CURVE('',#12740,(#12744,#12751),.PCURVE_S1.);
#12740 = LINE('',#12741,#12742);
#12741 = CARTESIAN_POINT('',(-8.875452306132E-02,-9.527563652363E-02,
    0.81));
#12742 = VECTOR('',#12743,1.);
#12743 = DIRECTION('',(0.,0.,1.));
#12744 = PCURVE('',#12674,#12745);
#12745 = DEFINITIONAL_REPRESENTATION('',(#12746),#12750);
#12746 = LINE('',#12747,#12748);
#12747 = CARTESIAN_POINT('',(1.,0.));
#12748 = VECTOR('',#12749,1.);
#12749 = DIRECTION('',(0.,-1.));
#12750 = ( GEOMETRIC_REPRESENTATION_CONTEXT(2) 
PARAMETRIC_REPRESENTATION_CONTEXT() REPRESENTATION_CONTEXT('2D SPACE',''
  ) );
#12751 = PCURVE('',#12752,#12759);
#12752 = SURFACE_OF_LINEAR_EXTRUSION('',#12753,#12757);
#12753 = B_SPLINE_CURVE_WITH_KNOTS('',2,(#12754,#12755,#12756),
  .UNSPECIFIED.,.F.,.F.,(3,3),(0.,1.),.PIECEWISE_BEZIER_KNOTS.);
#12754 = CARTESIAN_POINT('',(-8.875452306132E-02,-9.527563652363E-02,
    0.81));
#12755 = CARTESIAN_POINT('',(-5.378676684088E-02,-0.127278210372,0.81));
#12756 = CARTESIAN_POINT('',(1.589443464565E-02,-0.127278210372,0.81));
#12757 = VECTOR('',#12758,1.);
#12758 = DIRECTION('',(-0.,-0.,-1.));
#12759 = DEFINITIONAL_REPRESENTATION('',(#12760),#12764);
#12760 = LINE('',#12761,#12762);
#12761 = CARTESIAN_POINT('',(0.,0.));
#12762 = VECTOR('',#12763,1.);
#12763 = DIRECTION('',(0.,-1.));
#12764 = ( GEOMETRIC_REPRESENTATION_CONTEXT(2) 
PARAMETRIC_REPRESENTATION_CONTEXT() REPRESENTATION_CONTEXT('2D SPACE',''
  ) );
#12765 = ORIENTED_EDGE('',*,*,#12766,.F.);
#12766 = EDGE_CURVE('',#12659,#12737,#12767,.T.);
#12767 = SURFACE_CURVE('',#12768,(#12772,#12779),.PCURVE_S1.);
#12768 = B_SPLINE_CURVE_WITH_KNOTS('',2,(#12769,#12770,#12771),
  .UNSPECIFIED.,.F.,.F.,(3,3),(0.,1.),.PIECEWISE_BEZIER_KNOTS.);
#12769 = CARTESIAN_POINT('',(-0.123722279282,-1.045835746692E-04,0.81));
#12770 = CARTESIAN_POINT('',(-0.123722279282,-6.327306267486E-02,0.81));
#12771 = CARTESIAN_POINT('',(-8.875452306132E-02,-9.527563652363E-02,
    0.81));
#12772 = PCURVE('',#12674,#12773);
#12773 = DEFINITIONAL_REPRESENTATION('',(#12774),#12778);
#12774 = LINE('',#12775,#12776);
#12775 = CARTESIAN_POINT('',(0.,0.));
#12776 = VECTOR('',#12777,1.);
#12777 = DIRECTION('',(1.,0.));
#12778 = ( GEOMETRIC_REPRESENTATION_CONTEXT(2) 
PARAMETRIC_REPRESENTATION_CONTEXT() REPRESENTATION_CONTEXT('2D SPACE',''
  ) );
#12779 = PCURVE('',#11396,#12780);
#12780 = DEFINITIONAL_REPRESENTATION('',(#12781),#12785);
#12781 = B_SPLINE_CURVE_WITH_KNOTS('',2,(#12782,#12783,#12784),
  .UNSPECIFIED.,.F.,.F.,(3,3),(0.,1.),.PIECEWISE_BEZIER_KNOTS.);
#12782 = CARTESIAN_POINT('',(0.16015625,0.36376953125));
#12783 = CARTESIAN_POINT('',(0.16015625,0.21630859375));
#12784 = CARTESIAN_POINT('',(0.227294921875,0.1416015625));
#12785 = ( GEOMETRIC_REPRESENTATION_CONTEXT(2) 
PARAMETRIC_REPRESENTATION_CONTEXT() REPRESENTATION_CONTEXT('2D SPACE',''
  ) );
#12786 = ADVANCED_FACE('',(#12787),#12752,.T.);
#12787 = FACE_BOUND('',#12788,.T.);
#12788 = EDGE_LOOP('',(#12789,#12790,#12813,#12843));
#12789 = ORIENTED_EDGE('',*,*,#12736,.T.);
#12790 = ORIENTED_EDGE('',*,*,#12791,.T.);
#12791 = EDGE_CURVE('',#12714,#12792,#12794,.T.);
#12792 = VERTEX_POINT('',#12793);
#12793 = CARTESIAN_POINT('',(1.589443464565E-02,-0.127278210372,0.818));
#12794 = SURFACE_CURVE('',#12795,(#12799,#12806),.PCURVE_S1.);
#12795 = B_SPLINE_CURVE_WITH_KNOTS('',2,(#12796,#12797,#12798),
  .UNSPECIFIED.,.F.,.F.,(3,3),(0.,1.),.PIECEWISE_BEZIER_KNOTS.);
#12796 = CARTESIAN_POINT('',(-8.875452306132E-02,-9.527563652363E-02,
    0.818));
#12797 = CARTESIAN_POINT('',(-5.378676684088E-02,-0.127278210372,0.818)
  );
#12798 = CARTESIAN_POINT('',(1.589443464565E-02,-0.127278210372,0.818));
#12799 = PCURVE('',#12752,#12800);
#12800 = DEFINITIONAL_REPRESENTATION('',(#12801),#12805);
#12801 = LINE('',#12802,#12803);
#12802 = CARTESIAN_POINT('',(0.,-8.E-03));
#12803 = VECTOR('',#12804,1.);
#12804 = DIRECTION('',(1.,0.));
#12805 = ( GEOMETRIC_REPRESENTATION_CONTEXT(2) 
PARAMETRIC_REPRESENTATION_CONTEXT() REPRESENTATION_CONTEXT('2D SPACE',''
  ) );
#12806 = PCURVE('',#11343,#12807);
#12807 = DEFINITIONAL_REPRESENTATION('',(#12808),#12812);
#12808 = B_SPLINE_CURVE_WITH_KNOTS('',2,(#12809,#12810,#12811),
  .UNSPECIFIED.,.F.,.F.,(3,3),(0.,1.),.PIECEWISE_BEZIER_KNOTS.);
#12809 = CARTESIAN_POINT('',(0.227294921875,0.1416015625));
#12810 = CARTESIAN_POINT('',(0.29443359375,6.689453125E-02));
#12811 = CARTESIAN_POINT('',(0.42822265625,6.689453125E-02));
#12812 = ( GEOMETRIC_REPRESENTATION_CONTEXT(2) 
PARAMETRIC_REPRESENTATION_CONTEXT() REPRESENTATION_CONTEXT('2D SPACE',''
  ) );
#12813 = ORIENTED_EDGE('',*,*,#12814,.F.);
#12814 = EDGE_CURVE('',#12815,#12792,#12817,.T.);
#12815 = VERTEX_POINT('',#12816);
#12816 = CARTESIAN_POINT('',(1.589443464565E-02,-0.127278210372,0.81));
#12817 = SURFACE_CURVE('',#12818,(#12822,#12829),.PCURVE_S1.);
#12818 = LINE('',#12819,#12820);
#12819 = CARTESIAN_POINT('',(1.589443464565E-02,-0.127278210372,0.81));
#12820 = VECTOR('',#12821,1.);
#12821 = DIRECTION('',(0.,0.,1.));
#12822 = PCURVE('',#12752,#12823);
#12823 = DEFINITIONAL_REPRESENTATION('',(#12824),#12828);
#12824 = LINE('',#12825,#12826);
#12825 = CARTESIAN_POINT('',(1.,0.));
#12826 = VECTOR('',#12827,1.);
#12827 = DIRECTION('',(0.,-1.));
#12828 = ( GEOMETRIC_REPRESENTATION_CONTEXT(2) 
PARAMETRIC_REPRESENTATION_CONTEXT() REPRESENTATION_CONTEXT('2D SPACE',''
  ) );
#12829 = PCURVE('',#12830,#12837);
#12830 = SURFACE_OF_LINEAR_EXTRUSION('',#12831,#12835);
#12831 = B_SPLINE_CURVE_WITH_KNOTS('',2,(#12832,#12833,#12834),
  .UNSPECIFIED.,.F.,.F.,(3,3),(0.,1.),.PIECEWISE_BEZIER_KNOTS.);
#12832 = CARTESIAN_POINT('',(1.589443464565E-02,-0.127278210372,0.81));
#12833 = CARTESIAN_POINT('',(4.310570675901E-02,-0.127278210372,0.81));
#12834 = CARTESIAN_POINT('',(6.446782692276E-02,-0.12340861811,0.81));
#12835 = VECTOR('',#12836,1.);
#12836 = DIRECTION('',(-0.,-0.,-1.));
#12837 = DEFINITIONAL_REPRESENTATION('',(#12838),#12842);
#12838 = LINE('',#12839,#12840);
#12839 = CARTESIAN_POINT('',(0.,0.));
#12840 = VECTOR('',#12841,1.);
#12841 = DIRECTION('',(0.,-1.));
#12842 = ( GEOMETRIC_REPRESENTATION_CONTEXT(2) 
PARAMETRIC_REPRESENTATION_CONTEXT() REPRESENTATION_CONTEXT('2D SPACE',''
  ) );
#12843 = ORIENTED_EDGE('',*,*,#12844,.F.);
#12844 = EDGE_CURVE('',#12737,#12815,#12845,.T.);
#12845 = SURFACE_CURVE('',#12846,(#12850,#12857),.PCURVE_S1.);
#12846 = B_SPLINE_CURVE_WITH_KNOTS('',2,(#12847,#12848,#12849),
  .UNSPECIFIED.,.F.,.F.,(3,3),(0.,1.),.PIECEWISE_BEZIER_KNOTS.);
#12847 = CARTESIAN_POINT('',(-8.875452306132E-02,-9.527563652363E-02,
    0.81));
#12848 = CARTESIAN_POINT('',(-5.378676684088E-02,-0.127278210372,0.81));
#12849 = CARTESIAN_POINT('',(1.589443464565E-02,-0.127278210372,0.81));
#12850 = PCURVE('',#12752,#12851);
#12851 = DEFINITIONAL_REPRESENTATION('',(#12852),#12856);
#12852 = LINE('',#12853,#12854);
#12853 = CARTESIAN_POINT('',(0.,0.));
#12854 = VECTOR('',#12855,1.);
#12855 = DIRECTION('',(1.,0.));
#12856 = ( GEOMETRIC_REPRESENTATION_CONTEXT(2) 
PARAMETRIC_REPRESENTATION_CONTEXT() REPRESENTATION_CONTEXT('2D SPACE',''
  ) );
#12857 = PCURVE('',#11396,#12858);
#12858 = DEFINITIONAL_REPRESENTATION('',(#12859),#12863);
#12859 = B_SPLINE_CURVE_WITH_KNOTS('',2,(#12860,#12861,#12862),
  .UNSPECIFIED.,.F.,.F.,(3,3),(0.,1.),.PIECEWISE_BEZIER_KNOTS.);
#12860 = CARTESIAN_POINT('',(0.227294921875,0.1416015625));
#12861 = CARTESIAN_POINT('',(0.29443359375,6.689453125E-02));
#12862 = CARTESIAN_POINT('',(0.42822265625,6.689453125E-02));
#12863 = ( GEOMETRIC_REPRESENTATION_CONTEXT(2) 
PARAMETRIC_REPRESENTATION_CONTEXT() REPRESENTATION_CONTEXT('2D SPACE',''
  ) );
#12864 = ADVANCED_FACE('',(#12865),#12830,.T.);
#12865 = FACE_BOUND('',#12866,.T.);
#12866 = EDGE_LOOP('',(#12867,#12868,#12891,#12914));
#12867 = ORIENTED_EDGE('',*,*,#12814,.T.);
#12868 = ORIENTED_EDGE('',*,*,#12869,.T.);
#12869 = EDGE_CURVE('',#12792,#12870,#12872,.T.);
#12870 = VERTEX_POINT('',#12871);
#12871 = CARTESIAN_POINT('',(6.446782692276E-02,-0.12340861811,0.818));
#12872 = SURFACE_CURVE('',#12873,(#12877,#12884),.PCURVE_S1.);
#12873 = B_SPLINE_CURVE_WITH_KNOTS('',2,(#12874,#12875,#12876),
  .UNSPECIFIED.,.F.,.F.,(3,3),(0.,1.),.PIECEWISE_BEZIER_KNOTS.);
#12874 = CARTESIAN_POINT('',(1.589443464565E-02,-0.127278210372,0.818));
#12875 = CARTESIAN_POINT('',(4.310570675901E-02,-0.127278210372,0.818));
#12876 = CARTESIAN_POINT('',(6.446782692276E-02,-0.12340861811,0.818));
#12877 = PCURVE('',#12830,#12878);
#12878 = DEFINITIONAL_REPRESENTATION('',(#12879),#12883);
#12879 = LINE('',#12880,#12881);
#12880 = CARTESIAN_POINT('',(0.,-8.E-03));
#12881 = VECTOR('',#12882,1.);
#12882 = DIRECTION('',(1.,0.));
#12883 = ( GEOMETRIC_REPRESENTATION_CONTEXT(2) 
PARAMETRIC_REPRESENTATION_CONTEXT() REPRESENTATION_CONTEXT('2D SPACE',''
  ) );
#12884 = PCURVE('',#11343,#12885);
#12885 = DEFINITIONAL_REPRESENTATION('',(#12886),#12890);
#12886 = B_SPLINE_CURVE_WITH_KNOTS('',2,(#12887,#12888,#12889),
  .UNSPECIFIED.,.F.,.F.,(3,3),(0.,1.),.PIECEWISE_BEZIER_KNOTS.);
#12887 = CARTESIAN_POINT('',(0.42822265625,6.689453125E-02));
#12888 = CARTESIAN_POINT('',(0.48046875,6.689453125E-02));
#12889 = CARTESIAN_POINT('',(0.521484375,7.5927734375E-02));
#12890 = ( GEOMETRIC_REPRESENTATION_CONTEXT(2) 
PARAMETRIC_REPRESENTATION_CONTEXT() REPRESENTATION_CONTEXT('2D SPACE',''
  ) );
#12891 = ORIENTED_EDGE('',*,*,#12892,.F.);
#12892 = EDGE_CURVE('',#12893,#12870,#12895,.T.);
#12893 = VERTEX_POINT('',#12894);
#12894 = CARTESIAN_POINT('',(6.446782692276E-02,-0.12340861811,0.81));
#12895 = SURFACE_CURVE('',#12896,(#12900,#12907),.PCURVE_S1.);
#12896 = LINE('',#12897,#12898);
#12897 = CARTESIAN_POINT('',(6.446782692276E-02,-0.12340861811,0.81));
#12898 = VECTOR('',#12899,1.);
#12899 = DIRECTION('',(0.,0.,1.));
#12900 = PCURVE('',#12830,#12901);
#12901 = DEFINITIONAL_REPRESENTATION('',(#12902),#12906);
#12902 = LINE('',#12903,#12904);
#12903 = CARTESIAN_POINT('',(1.,0.));
#12904 = VECTOR('',#12905,1.);
#12905 = DIRECTION('',(0.,-1.));
#12906 = ( GEOMETRIC_REPRESENTATION_CONTEXT(2) 
PARAMETRIC_REPRESENTATION_CONTEXT() REPRESENTATION_CONTEXT('2D SPACE',''
  ) );
#12907 = PCURVE('',#11314,#12908);
#12908 = DEFINITIONAL_REPRESENTATION('',(#12909),#12913);
#12909 = LINE('',#12910,#12911);
#12910 = CARTESIAN_POINT('',(0.,0.));
#12911 = VECTOR('',#12912,1.);
#12912 = DIRECTION('',(0.,-1.));
#12913 = ( GEOMETRIC_REPRESENTATION_CONTEXT(2) 
PARAMETRIC_REPRESENTATION_CONTEXT() REPRESENTATION_CONTEXT('2D SPACE',''
  ) );
#12914 = ORIENTED_EDGE('',*,*,#12915,.F.);
#12915 = EDGE_CURVE('',#12815,#12893,#12916,.T.);
#12916 = SURFACE_CURVE('',#12917,(#12921,#12928),.PCURVE_S1.);
#12917 = B_SPLINE_CURVE_WITH_KNOTS('',2,(#12918,#12919,#12920),
  .UNSPECIFIED.,.F.,.F.,(3,3),(0.,1.),.PIECEWISE_BEZIER_KNOTS.);
#12918 = CARTESIAN_POINT('',(1.589443464565E-02,-0.127278210372,0.81));
#12919 = CARTESIAN_POINT('',(4.310570675901E-02,-0.127278210372,0.81));
#12920 = CARTESIAN_POINT('',(6.446782692276E-02,-0.12340861811,0.81));
#12921 = PCURVE('',#12830,#12922);
#12922 = DEFINITIONAL_REPRESENTATION('',(#12923),#12927);
#12923 = LINE('',#12924,#12925);
#12924 = CARTESIAN_POINT('',(0.,0.));
#12925 = VECTOR('',#12926,1.);
#12926 = DIRECTION('',(1.,0.));
#12927 = ( GEOMETRIC_REPRESENTATION_CONTEXT(2) 
PARAMETRIC_REPRESENTATION_CONTEXT() REPRESENTATION_CONTEXT('2D SPACE',''
  ) );
#12928 = PCURVE('',#11396,#12929);
#12929 = DEFINITIONAL_REPRESENTATION('',(#12930),#12934);
#12930 = B_SPLINE_CURVE_WITH_KNOTS('',2,(#12931,#12932,#12933),
  .UNSPECIFIED.,.F.,.F.,(3,3),(0.,1.),.PIECEWISE_BEZIER_KNOTS.);
#12931 = CARTESIAN_POINT('',(0.42822265625,6.689453125E-02));
#12932 = CARTESIAN_POINT('',(0.48046875,6.689453125E-02));
#12933 = CARTESIAN_POINT('',(0.521484375,7.5927734375E-02));
#12934 = ( GEOMETRIC_REPRESENTATION_CONTEXT(2) 
PARAMETRIC_REPRESENTATION_CONTEXT() REPRESENTATION_CONTEXT('2D SPACE',''
  ) );
#12935 = ADVANCED_FACE('',(#12936),#11314,.T.);
#12936 = FACE_BOUND('',#12937,.T.);
#12937 = EDGE_LOOP('',(#12938,#12939,#12960,#12961));
#12938 = ORIENTED_EDGE('',*,*,#12892,.T.);
#12939 = ORIENTED_EDGE('',*,*,#12940,.T.);
#12940 = EDGE_CURVE('',#12870,#11293,#12941,.T.);
#12941 = SURFACE_CURVE('',#12942,(#12946,#12953),.PCURVE_S1.);
#12942 = B_SPLINE_CURVE_WITH_KNOTS('',2,(#12943,#12944,#12945),
  .UNSPECIFIED.,.F.,.F.,(3,3),(0.,1.),.PIECEWISE_BEZIER_KNOTS.);
#12943 = CARTESIAN_POINT('',(6.446782692276E-02,-0.12340861811,0.818));
#12944 = CARTESIAN_POINT('',(8.582994708652E-02,-0.119539025847,0.818));
#12945 = CARTESIAN_POINT('',(0.102868781027,-0.111381507023,0.818));
#12946 = PCURVE('',#11314,#12947);
#12947 = DEFINITIONAL_REPRESENTATION('',(#12948),#12952);
#12948 = LINE('',#12949,#12950);
#12949 = CARTESIAN_POINT('',(0.,-8.E-03));
#12950 = VECTOR('',#12951,1.);
#12951 = DIRECTION('',(1.,0.));
#12952 = ( GEOMETRIC_REPRESENTATION_CONTEXT(2) 
PARAMETRIC_REPRESENTATION_CONTEXT() REPRESENTATION_CONTEXT('2D SPACE',''
  ) );
#12953 = PCURVE('',#11343,#12954);
#12954 = DEFINITIONAL_REPRESENTATION('',(#12955),#12959);
#12955 = B_SPLINE_CURVE_WITH_KNOTS('',2,(#12956,#12957,#12958),
  .UNSPECIFIED.,.F.,.F.,(3,3),(0.,1.),.PIECEWISE_BEZIER_KNOTS.);
#12956 = CARTESIAN_POINT('',(0.521484375,7.5927734375E-02));
#12957 = CARTESIAN_POINT('',(0.5625,8.49609375E-02));
#12958 = CARTESIAN_POINT('',(0.59521484375,0.10400390625));
#12959 = ( GEOMETRIC_REPRESENTATION_CONTEXT(2) 
PARAMETRIC_REPRESENTATION_CONTEXT() REPRESENTATION_CONTEXT('2D SPACE',''
  ) );
#12960 = ORIENTED_EDGE('',*,*,#11290,.F.);
#12961 = ORIENTED_EDGE('',*,*,#12962,.F.);
#12962 = EDGE_CURVE('',#12893,#11291,#12963,.T.);
#12963 = SURFACE_CURVE('',#12964,(#12968,#12975),.PCURVE_S1.);
#12964 = B_SPLINE_CURVE_WITH_KNOTS('',2,(#12965,#12966,#12967),
  .UNSPECIFIED.,.F.,.F.,(3,3),(0.,1.),.PIECEWISE_BEZIER_KNOTS.);
#12965 = CARTESIAN_POINT('',(6.446782692276E-02,-0.12340861811,0.81));
#12966 = CARTESIAN_POINT('',(8.582994708652E-02,-0.119539025847,0.81));
#12967 = CARTESIAN_POINT('',(0.102868781027,-0.111381507023,0.81));
#12968 = PCURVE('',#11314,#12969);
#12969 = DEFINITIONAL_REPRESENTATION('',(#12970),#12974);
#12970 = LINE('',#12971,#12972);
#12971 = CARTESIAN_POINT('',(0.,0.));
#12972 = VECTOR('',#12973,1.);
#12973 = DIRECTION('',(1.,0.));
#12974 = ( GEOMETRIC_REPRESENTATION_CONTEXT(2) 
PARAMETRIC_REPRESENTATION_CONTEXT() REPRESENTATION_CONTEXT('2D SPACE',''
  ) );
#12975 = PCURVE('',#11396,#12976);
#12976 = DEFINITIONAL_REPRESENTATION('',(#12977),#12981);
#12977 = B_SPLINE_CURVE_WITH_KNOTS('',2,(#12978,#12979,#12980),
  .UNSPECIFIED.,.F.,.F.,(3,3),(0.,1.),.PIECEWISE_BEZIER_KNOTS.);
#12978 = CARTESIAN_POINT('',(0.521484375,7.5927734375E-02));
#12979 = CARTESIAN_POINT('',(0.5625,8.49609375E-02));
#12980 = CARTESIAN_POINT('',(0.59521484375,0.10400390625));
#12981 = ( GEOMETRIC_REPRESENTATION_CONTEXT(2) 
PARAMETRIC_REPRESENTATION_CONTEXT() REPRESENTATION_CONTEXT('2D SPACE',''
  ) );
#12982 = ADVANCED_FACE('',(#12983),#11396,.F.);
#12983 = FACE_BOUND('',#12984,.T.);
#12984 = EDGE_LOOP('',(#12985,#12986,#12987,#12988,#12989,#12990,#12991,
    #12992,#12993,#12994,#12995,#12996,#12997,#12998,#12999,#13000,
    #13001,#13002,#13003,#13004,#13005,#13006));
#12985 = ORIENTED_EDGE('',*,*,#11383,.T.);
#12986 = ORIENTED_EDGE('',*,*,#11461,.T.);
#12987 = ORIENTED_EDGE('',*,*,#11534,.T.);
#12988 = ORIENTED_EDGE('',*,*,#11607,.T.);
#12989 = ORIENTED_EDGE('',*,*,#11681,.T.);
#12990 = ORIENTED_EDGE('',*,*,#11757,.T.);
#12991 = ORIENTED_EDGE('',*,*,#11835,.T.);
#12992 = ORIENTED_EDGE('',*,*,#11913,.T.);
#12993 = ORIENTED_EDGE('',*,*,#11991,.T.);
#12994 = ORIENTED_EDGE('',*,*,#12069,.T.);
#12995 = ORIENTED_EDGE('',*,*,#12147,.T.);
#12996 = ORIENTED_EDGE('',*,*,#12225,.T.);
#12997 = ORIENTED_EDGE('',*,*,#12302,.T.);
#12998 = ORIENTED_EDGE('',*,*,#12378,.T.);
#12999 = ORIENTED_EDGE('',*,*,#12454,.T.);
#13000 = ORIENTED_EDGE('',*,*,#12532,.T.);
#13001 = ORIENTED_EDGE('',*,*,#12610,.T.);
#13002 = ORIENTED_EDGE('',*,*,#12688,.T.);
#13003 = ORIENTED_EDGE('',*,*,#12766,.T.);
#13004 = ORIENTED_EDGE('',*,*,#12844,.T.);
#13005 = ORIENTED_EDGE('',*,*,#12915,.T.);
#13006 = ORIENTED_EDGE('',*,*,#12962,.T.);
#13007 = ADVANCED_FACE('',(#13008),#11343,.T.);
#13008 = FACE_BOUND('',#13009,.F.);
#13009 = EDGE_LOOP('',(#13010,#13011,#13012,#13013,#13014,#13015,#13016,
    #13017,#13018,#13019,#13020,#13021,#13022,#13023,#13024,#13025,
    #13026,#13027,#13028,#13029,#13030,#13031));
#13010 = ORIENTED_EDGE('',*,*,#11328,.T.);
#13011 = ORIENTED_EDGE('',*,*,#11411,.T.);
#13012 = ORIENTED_EDGE('',*,*,#11484,.T.);
#13013 = ORIENTED_EDGE('',*,*,#11557,.T.);
#13014 = ORIENTED_EDGE('',*,*,#11630,.T.);
#13015 = ORIENTED_EDGE('',*,*,#11704,.T.);
#13016 = ORIENTED_EDGE('',*,*,#11782,.T.);
#13017 = ORIENTED_EDGE('',*,*,#11860,.T.);
#13018 = ORIENTED_EDGE('',*,*,#11938,.T.);
#13019 = ORIENTED_EDGE('',*,*,#12016,.T.);
#13020 = ORIENTED_EDGE('',*,*,#12094,.T.);
#13021 = ORIENTED_EDGE('',*,*,#12172,.T.);
#13022 = ORIENTED_EDGE('',*,*,#12250,.T.);
#13023 = ORIENTED_EDGE('',*,*,#12327,.T.);
#13024 = ORIENTED_EDGE('',*,*,#12401,.T.);
#13025 = ORIENTED_EDGE('',*,*,#12479,.T.);
#13026 = ORIENTED_EDGE('',*,*,#12557,.T.);
#13027 = ORIENTED_EDGE('',*,*,#12635,.T.);
#13028 = ORIENTED_EDGE('',*,*,#12713,.T.);
#13029 = ORIENTED_EDGE('',*,*,#12791,.T.);
#13030 = ORIENTED_EDGE('',*,*,#12869,.T.);
#13031 = ORIENTED_EDGE('',*,*,#12940,.T.);
#13032 = MANIFOLD_SOLID_BREP('',#13033);
#13033 = CLOSED_SHELL('',(#13034,#13153,#13226,#13299,#13372,#13445,
    #13518,#13591,#13664,#13737,#13810,#13877,#13920,#13935));
#13034 = ADVANCED_FACE('',(#13035),#13049,.T.);
#13035 = FACE_BOUND('',#13036,.T.);
#13036 = EDGE_LOOP('',(#13037,#13074,#13100,#13129));
#13037 = ORIENTED_EDGE('',*,*,#13038,.T.);
#13038 = EDGE_CURVE('',#13039,#13041,#13043,.T.);
#13039 = VERTEX_POINT('',#13040);
#13040 = CARTESIAN_POINT('',(0.247571714041,-0.155934109832,0.81));
#13041 = VERTEX_POINT('',#13042);
#13042 = CARTESIAN_POINT('',(0.247571714041,-0.155934109832,0.818));
#13043 = SURFACE_CURVE('',#13044,(#13048,#13061),.PCURVE_S1.);
#13044 = LINE('',#13045,#13046);
#13045 = CARTESIAN_POINT('',(0.247571714041,-0.155934109832,0.81));
#13046 = VECTOR('',#13047,1.);
#13047 = DIRECTION('',(0.,0.,1.));
#13048 = PCURVE('',#13049,#13055);
#13049 = SURFACE_OF_LINEAR_EXTRUSION('',#13050,#13053);
#13050 = B_SPLINE_CURVE_WITH_KNOTS('',1,(#13051,#13052),.UNSPECIFIED.,
  .F.,.F.,(2,2),(0.,0.72900390625),.PIECEWISE_BEZIER_KNOTS.);
#13051 = CARTESIAN_POINT('',(0.247571714041,-0.155934109832,0.81));
#13052 = CARTESIAN_POINT('',(0.247571714041,0.15635244413,0.81));
#13053 = VECTOR('',#13054,1.);
#13054 = DIRECTION('',(-0.,-0.,-1.));
#13055 = DEFINITIONAL_REPRESENTATION('',(#13056),#13060);
#13056 = LINE('',#13057,#13058);
#13057 = CARTESIAN_POINT('',(0.,0.));
#13058 = VECTOR('',#13059,1.);
#13059 = DIRECTION('',(0.,-1.));
#13060 = ( GEOMETRIC_REPRESENTATION_CONTEXT(2) 
PARAMETRIC_REPRESENTATION_CONTEXT() REPRESENTATION_CONTEXT('2D SPACE',''
  ) );
#13061 = PCURVE('',#13062,#13068);
#13062 = SURFACE_OF_LINEAR_EXTRUSION('',#13063,#13066);
#13063 = B_SPLINE_CURVE_WITH_KNOTS('',1,(#13064,#13065),.UNSPECIFIED.,
  .F.,.F.,(2,2),(0.,0.4697265625),.PIECEWISE_BEZIER_KNOTS.);
#13064 = CARTESIAN_POINT('',(0.492218852107,-0.155934109832,0.81));
#13065 = CARTESIAN_POINT('',(0.247571714041,-0.155934109832,0.81));
#13066 = VECTOR('',#13067,1.);
#13067 = DIRECTION('',(-0.,-0.,-1.));
#13068 = DEFINITIONAL_REPRESENTATION('',(#13069),#13073);
#13069 = LINE('',#13070,#13071);
#13070 = CARTESIAN_POINT('',(0.4697265625,0.));
#13071 = VECTOR('',#13072,1.);
#13072 = DIRECTION('',(0.,-1.));
#13073 = ( GEOMETRIC_REPRESENTATION_CONTEXT(2) 
PARAMETRIC_REPRESENTATION_CONTEXT() REPRESENTATION_CONTEXT('2D SPACE',''
  ) );
#13074 = ORIENTED_EDGE('',*,*,#13075,.T.);
#13075 = EDGE_CURVE('',#13041,#13076,#13078,.T.);
#13076 = VERTEX_POINT('',#13077);
#13077 = CARTESIAN_POINT('',(0.247571714041,0.15635244413,0.818));
#13078 = SURFACE_CURVE('',#13079,(#13082,#13089),.PCURVE_S1.);
#13079 = B_SPLINE_CURVE_WITH_KNOTS('',1,(#13080,#13081),.UNSPECIFIED.,
  .F.,.F.,(2,2),(0.,0.72900390625),.PIECEWISE_BEZIER_KNOTS.);
#13080 = CARTESIAN_POINT('',(0.247571714041,-0.155934109832,0.818));
#13081 = CARTESIAN_POINT('',(0.247571714041,0.15635244413,0.818));
#13082 = PCURVE('',#13049,#13083);
#13083 = DEFINITIONAL_REPRESENTATION('',(#13084),#13088);
#13084 = LINE('',#13085,#13086);
#13085 = CARTESIAN_POINT('',(0.,-8.E-03));
#13086 = VECTOR('',#13087,1.);
#13087 = DIRECTION('',(1.,0.));
#13088 = ( GEOMETRIC_REPRESENTATION_CONTEXT(2) 
PARAMETRIC_REPRESENTATION_CONTEXT() REPRESENTATION_CONTEXT('2D SPACE',''
  ) );
#13089 = PCURVE('',#13090,#13095);
#13090 = B_SPLINE_SURFACE_WITH_KNOTS('',1,1,(
    (#13091,#13092)
    ,(#13093,#13094
    )),.UNSPECIFIED.,.F.,.F.,.F.,(2,2),(2,2),(9.814453125E-02,
    0.56787109375),(0.,0.72900390625),.PIECEWISE_BEZIER_KNOTS.);
#13091 = CARTESIAN_POINT('',(0.247571714041,-0.155934109832,0.818));
#13092 = CARTESIAN_POINT('',(0.247571714041,0.15635244413,0.818));
#13093 = CARTESIAN_POINT('',(0.492218852107,-0.155934109832,0.818));
#13094 = CARTESIAN_POINT('',(0.492218852107,0.15635244413,0.818));
#13095 = DEFINITIONAL_REPRESENTATION('',(#13096),#13099);
#13096 = B_SPLINE_CURVE_WITH_KNOTS('',1,(#13097,#13098),.UNSPECIFIED.,
  .F.,.F.,(2,2),(0.,0.72900390625),.PIECEWISE_BEZIER_KNOTS.);
#13097 = CARTESIAN_POINT('',(9.814453125E-02,0.));
#13098 = CARTESIAN_POINT('',(9.814453125E-02,0.72900390625));
#13099 = ( GEOMETRIC_REPRESENTATION_CONTEXT(2) 
PARAMETRIC_REPRESENTATION_CONTEXT() REPRESENTATION_CONTEXT('2D SPACE',''
  ) );
#13100 = ORIENTED_EDGE('',*,*,#13101,.F.);
#13101 = EDGE_CURVE('',#13102,#13076,#13104,.T.);
#13102 = VERTEX_POINT('',#13103);
#13103 = CARTESIAN_POINT('',(0.247571714041,0.15635244413,0.81));
#13104 = SURFACE_CURVE('',#13105,(#13109,#13116),.PCURVE_S1.);
#13105 = LINE('',#13106,#13107);
#13106 = CARTESIAN_POINT('',(0.247571714041,0.15635244413,0.81));
#13107 = VECTOR('',#13108,1.);
#13108 = DIRECTION('',(0.,0.,1.));
#13109 = PCURVE('',#13049,#13110);
#13110 = DEFINITIONAL_REPRESENTATION('',(#13111),#13115);
#13111 = LINE('',#13112,#13113);
#13112 = CARTESIAN_POINT('',(0.72900390625,0.));
#13113 = VECTOR('',#13114,1.);
#13114 = DIRECTION('',(0.,-1.));
#13115 = ( GEOMETRIC_REPRESENTATION_CONTEXT(2) 
PARAMETRIC_REPRESENTATION_CONTEXT() REPRESENTATION_CONTEXT('2D SPACE',''
  ) );
#13116 = PCURVE('',#13117,#13123);
#13117 = SURFACE_OF_LINEAR_EXTRUSION('',#13118,#13121);
#13118 = B_SPLINE_CURVE_WITH_KNOTS('',1,(#13119,#13120),.UNSPECIFIED.,
  .F.,.F.,(2,2),(0.,0.4609375),.PIECEWISE_BEZIER_KNOTS.);
#13119 = CARTESIAN_POINT('',(0.247571714041,0.15635244413,0.81));
#13120 = CARTESIAN_POINT('',(0.487641254929,0.15635244413,0.81));
#13121 = VECTOR('',#13122,1.);
#13122 = DIRECTION('',(-0.,-0.,-1.));
#13123 = DEFINITIONAL_REPRESENTATION('',(#13124),#13128);
#13124 = LINE('',#13125,#13126);
#13125 = CARTESIAN_POINT('',(0.,0.));
#13126 = VECTOR('',#13127,1.);
#13127 = DIRECTION('',(0.,-1.));
#13128 = ( GEOMETRIC_REPRESENTATION_CONTEXT(2) 
PARAMETRIC_REPRESENTATION_CONTEXT() REPRESENTATION_CONTEXT('2D SPACE',''
  ) );
#13129 = ORIENTED_EDGE('',*,*,#13130,.F.);
#13130 = EDGE_CURVE('',#13039,#13102,#13131,.T.);
#13131 = SURFACE_CURVE('',#13132,(#13135,#13142),.PCURVE_S1.);
#13132 = B_SPLINE_CURVE_WITH_KNOTS('',1,(#13133,#13134),.UNSPECIFIED.,
  .F.,.F.,(2,2),(0.,0.72900390625),.PIECEWISE_BEZIER_KNOTS.);
#13133 = CARTESIAN_POINT('',(0.247571714041,-0.155934109832,0.81));
#13134 = CARTESIAN_POINT('',(0.247571714041,0.15635244413,0.81));
#13135 = PCURVE('',#13049,#13136);
#13136 = DEFINITIONAL_REPRESENTATION('',(#13137),#13141);
#13137 = LINE('',#13138,#13139);
#13138 = CARTESIAN_POINT('',(0.,0.));
#13139 = VECTOR('',#13140,1.);
#13140 = DIRECTION('',(1.,0.));
#13141 = ( GEOMETRIC_REPRESENTATION_CONTEXT(2) 
PARAMETRIC_REPRESENTATION_CONTEXT() REPRESENTATION_CONTEXT('2D SPACE',''
  ) );
#13142 = PCURVE('',#13143,#13148);
#13143 = B_SPLINE_SURFACE_WITH_KNOTS('',1,1,(
    (#13144,#13145)
    ,(#13146,#13147
    )),.UNSPECIFIED.,.F.,.F.,.F.,(2,2),(2,2),(9.814453125E-02,
    0.56787109375),(0.,0.72900390625),.PIECEWISE_BEZIER_KNOTS.);
#13144 = CARTESIAN_POINT('',(0.247571714041,-0.155934109832,0.81));
#13145 = CARTESIAN_POINT('',(0.247571714041,0.15635244413,0.81));
#13146 = CARTESIAN_POINT('',(0.492218852107,-0.155934109832,0.81));
#13147 = CARTESIAN_POINT('',(0.492218852107,0.15635244413,0.81));
#13148 = DEFINITIONAL_REPRESENTATION('',(#13149),#13152);
#13149 = B_SPLINE_CURVE_WITH_KNOTS('',1,(#13150,#13151),.UNSPECIFIED.,
  .F.,.F.,(2,2),(0.,0.72900390625),.PIECEWISE_BEZIER_KNOTS.);
#13150 = CARTESIAN_POINT('',(9.814453125E-02,0.));
#13151 = CARTESIAN_POINT('',(9.814453125E-02,0.72900390625));
#13152 = ( GEOMETRIC_REPRESENTATION_CONTEXT(2) 
PARAMETRIC_REPRESENTATION_CONTEXT() REPRESENTATION_CONTEXT('2D SPACE',''
  ) );
#13153 = ADVANCED_FACE('',(#13154),#13117,.T.);
#13154 = FACE_BOUND('',#13155,.T.);
#13155 = EDGE_LOOP('',(#13156,#13157,#13178,#13207));
#13156 = ORIENTED_EDGE('',*,*,#13101,.T.);
#13157 = ORIENTED_EDGE('',*,*,#13158,.T.);
#13158 = EDGE_CURVE('',#13076,#13159,#13161,.T.);
#13159 = VERTEX_POINT('',#13160);
#13160 = CARTESIAN_POINT('',(0.487641254929,0.15635244413,0.818));
#13161 = SURFACE_CURVE('',#13162,(#13165,#13172),.PCURVE_S1.);
#13162 = B_SPLINE_CURVE_WITH_KNOTS('',1,(#13163,#13164),.UNSPECIFIED.,
  .F.,.F.,(2,2),(0.,0.4609375),.PIECEWISE_BEZIER_KNOTS.);
#13163 = CARTESIAN_POINT('',(0.247571714041,0.15635244413,0.818));
#13164 = CARTESIAN_POINT('',(0.487641254929,0.15635244413,0.818));
#13165 = PCURVE('',#13117,#13166);
#13166 = DEFINITIONAL_REPRESENTATION('',(#13167),#13171);
#13167 = LINE('',#13168,#13169);
#13168 = CARTESIAN_POINT('',(0.,-8.E-03));
#13169 = VECTOR('',#13170,1.);
#13170 = DIRECTION('',(1.,0.));
#13171 = ( GEOMETRIC_REPRESENTATION_CONTEXT(2) 
PARAMETRIC_REPRESENTATION_CONTEXT() REPRESENTATION_CONTEXT('2D SPACE',''
  ) );
#13172 = PCURVE('',#13090,#13173);
#13173 = DEFINITIONAL_REPRESENTATION('',(#13174),#13177);
#13174 = B_SPLINE_CURVE_WITH_KNOTS('',1,(#13175,#13176),.UNSPECIFIED.,
  .F.,.F.,(2,2),(0.,0.4609375),.PIECEWISE_BEZIER_KNOTS.);
#13175 = CARTESIAN_POINT('',(9.814453125E-02,0.72900390625));
#13176 = CARTESIAN_POINT('',(0.55908203125,0.72900390625));
#13177 = ( GEOMETRIC_REPRESENTATION_CONTEXT(2) 
PARAMETRIC_REPRESENTATION_CONTEXT() REPRESENTATION_CONTEXT('2D SPACE',''
  ) );
#13178 = ORIENTED_EDGE('',*,*,#13179,.F.);
#13179 = EDGE_CURVE('',#13180,#13159,#13182,.T.);
#13180 = VERTEX_POINT('',#13181);
#13181 = CARTESIAN_POINT('',(0.487641254929,0.15635244413,0.81));
#13182 = SURFACE_CURVE('',#13183,(#13187,#13194),.PCURVE_S1.);
#13183 = LINE('',#13184,#13185);
#13184 = CARTESIAN_POINT('',(0.487641254929,0.15635244413,0.81));
#13185 = VECTOR('',#13186,1.);
#13186 = DIRECTION('',(0.,0.,1.));
#13187 = PCURVE('',#13117,#13188);
#13188 = DEFINITIONAL_REPRESENTATION('',(#13189),#13193);
#13189 = LINE('',#13190,#13191);
#13190 = CARTESIAN_POINT('',(0.4609375,0.));
#13191 = VECTOR('',#13192,1.);
#13192 = DIRECTION('',(0.,-1.));
#13193 = ( GEOMETRIC_REPRESENTATION_CONTEXT(2) 
PARAMETRIC_REPRESENTATION_CONTEXT() REPRESENTATION_CONTEXT('2D SPACE',''
  ) );
#13194 = PCURVE('',#13195,#13201);
#13195 = SURFACE_OF_LINEAR_EXTRUSION('',#13196,#13199);
#13196 = B_SPLINE_CURVE_WITH_KNOTS('',1,(#13197,#13198),.UNSPECIFIED.,
  .F.,.F.,(2,2),(0.,8.30078125E-02),.PIECEWISE_BEZIER_KNOTS.);
#13197 = CARTESIAN_POINT('',(0.487641254929,0.15635244413,0.81));
#13198 = CARTESIAN_POINT('',(0.487641254929,0.120794028743,0.81));
#13199 = VECTOR('',#13200,1.);
#13200 = DIRECTION('',(-0.,-0.,-1.));
#13201 = DEFINITIONAL_REPRESENTATION('',(#13202),#13206);
#13202 = LINE('',#13203,#13204);
#13203 = CARTESIAN_POINT('',(0.,0.));
#13204 = VECTOR('',#13205,1.);
#13205 = DIRECTION('',(0.,-1.));
#13206 = ( GEOMETRIC_REPRESENTATION_CONTEXT(2) 
PARAMETRIC_REPRESENTATION_CONTEXT() REPRESENTATION_CONTEXT('2D SPACE',''
  ) );
#13207 = ORIENTED_EDGE('',*,*,#13208,.F.);
#13208 = EDGE_CURVE('',#13102,#13180,#13209,.T.);
#13209 = SURFACE_CURVE('',#13210,(#13213,#13220),.PCURVE_S1.);
#13210 = B_SPLINE_CURVE_WITH_KNOTS('',1,(#13211,#13212),.UNSPECIFIED.,
  .F.,.F.,(2,2),(0.,0.4609375),.PIECEWISE_BEZIER_KNOTS.);
#13211 = CARTESIAN_POINT('',(0.247571714041,0.15635244413,0.81));
#13212 = CARTESIAN_POINT('',(0.487641254929,0.15635244413,0.81));
#13213 = PCURVE('',#13117,#13214);
#13214 = DEFINITIONAL_REPRESENTATION('',(#13215),#13219);
#13215 = LINE('',#13216,#13217);
#13216 = CARTESIAN_POINT('',(0.,0.));
#13217 = VECTOR('',#13218,1.);
#13218 = DIRECTION('',(1.,0.));
#13219 = ( GEOMETRIC_REPRESENTATION_CONTEXT(2) 
PARAMETRIC_REPRESENTATION_CONTEXT() REPRESENTATION_CONTEXT('2D SPACE',''
  ) );
#13220 = PCURVE('',#13143,#13221);
#13221 = DEFINITIONAL_REPRESENTATION('',(#13222),#13225);
#13222 = B_SPLINE_CURVE_WITH_KNOTS('',1,(#13223,#13224),.UNSPECIFIED.,
  .F.,.F.,(2,2),(0.,0.4609375),.PIECEWISE_BEZIER_KNOTS.);
#13223 = CARTESIAN_POINT('',(9.814453125E-02,0.72900390625));
#13224 = CARTESIAN_POINT('',(0.55908203125,0.72900390625));
#13225 = ( GEOMETRIC_REPRESENTATION_CONTEXT(2) 
PARAMETRIC_REPRESENTATION_CONTEXT() REPRESENTATION_CONTEXT('2D SPACE',''
  ) );
#13226 = ADVANCED_FACE('',(#13227),#13195,.T.);
#13227 = FACE_BOUND('',#13228,.T.);
#13228 = EDGE_LOOP('',(#13229,#13230,#13251,#13280));
#13229 = ORIENTED_EDGE('',*,*,#13179,.T.);
#13230 = ORIENTED_EDGE('',*,*,#13231,.T.);
#13231 = EDGE_CURVE('',#13159,#13232,#13234,.T.);
#13232 = VERTEX_POINT('',#13233);
#13233 = CARTESIAN_POINT('',(0.487641254929,0.120794028743,0.818));
#13234 = SURFACE_CURVE('',#13235,(#13238,#13245),.PCURVE_S1.);
#13235 = B_SPLINE_CURVE_WITH_KNOTS('',1,(#13236,#13237),.UNSPECIFIED.,
  .F.,.F.,(2,2),(0.,8.30078125E-02),.PIECEWISE_BEZIER_KNOTS.);
#13236 = CARTESIAN_POINT('',(0.487641254929,0.15635244413,0.818));
#13237 = CARTESIAN_POINT('',(0.487641254929,0.120794028743,0.818));
#13238 = PCURVE('',#13195,#13239);
#13239 = DEFINITIONAL_REPRESENTATION('',(#13240),#13244);
#13240 = LINE('',#13241,#13242);
#13241 = CARTESIAN_POINT('',(0.,-8.E-03));
#13242 = VECTOR('',#13243,1.);
#13243 = DIRECTION('',(1.,0.));
#13244 = ( GEOMETRIC_REPRESENTATION_CONTEXT(2) 
PARAMETRIC_REPRESENTATION_CONTEXT() REPRESENTATION_CONTEXT('2D SPACE',''
  ) );
#13245 = PCURVE('',#13090,#13246);
#13246 = DEFINITIONAL_REPRESENTATION('',(#13247),#13250);
#13247 = B_SPLINE_CURVE_WITH_KNOTS('',1,(#13248,#13249),.UNSPECIFIED.,
  .F.,.F.,(2,2),(0.,8.30078125E-02),.PIECEWISE_BEZIER_KNOTS.);
#13248 = CARTESIAN_POINT('',(0.55908203125,0.72900390625));
#13249 = CARTESIAN_POINT('',(0.55908203125,0.64599609375));
#13250 = ( GEOMETRIC_REPRESENTATION_CONTEXT(2) 
PARAMETRIC_REPRESENTATION_CONTEXT() REPRESENTATION_CONTEXT('2D SPACE',''
  ) );
#13251 = ORIENTED_EDGE('',*,*,#13252,.F.);
#13252 = EDGE_CURVE('',#13253,#13232,#13255,.T.);
#13253 = VERTEX_POINT('',#13254);
#13254 = CARTESIAN_POINT('',(0.487641254929,0.120794028743,0.81));
#13255 = SURFACE_CURVE('',#13256,(#13260,#13267),.PCURVE_S1.);
#13256 = LINE('',#13257,#13258);
#13257 = CARTESIAN_POINT('',(0.487641254929,0.120794028743,0.81));
#13258 = VECTOR('',#13259,1.);
#13259 = DIRECTION('',(0.,0.,1.));
#13260 = PCURVE('',#13195,#13261);
#13261 = DEFINITIONAL_REPRESENTATION('',(#13262),#13266);
#13262 = LINE('',#13263,#13264);
#13263 = CARTESIAN_POINT('',(8.30078125E-02,0.));
#13264 = VECTOR('',#13265,1.);
#13265 = DIRECTION('',(0.,-1.));
#13266 = ( GEOMETRIC_REPRESENTATION_CONTEXT(2) 
PARAMETRIC_REPRESENTATION_CONTEXT() REPRESENTATION_CONTEXT('2D SPACE',''
  ) );
#13267 = PCURVE('',#13268,#13274);
#13268 = SURFACE_OF_LINEAR_EXTRUSION('',#13269,#13272);
#13269 = B_SPLINE_CURVE_WITH_KNOTS('',1,(#13270,#13271),.UNSPECIFIED.,
  .F.,.F.,(2,2),(0.,0.3623046875),.PIECEWISE_BEZIER_KNOTS.);
#13270 = CARTESIAN_POINT('',(0.487641254929,0.120794028743,0.81));
#13271 = CARTESIAN_POINT('',(0.298942526815,0.120794028743,0.81));
#13272 = VECTOR('',#13273,1.);
#13273 = DIRECTION('',(-0.,-0.,-1.));
#13274 = DEFINITIONAL_REPRESENTATION('',(#13275),#13279);
#13275 = LINE('',#13276,#13277);
#13276 = CARTESIAN_POINT('',(0.,0.));
#13277 = VECTOR('',#13278,1.);
#13278 = DIRECTION('',(0.,-1.));
#13279 = ( GEOMETRIC_REPRESENTATION_CONTEXT(2) 
PARAMETRIC_REPRESENTATION_CONTEXT() REPRESENTATION_CONTEXT('2D SPACE',''
  ) );
#13280 = ORIENTED_EDGE('',*,*,#13281,.F.);
#13281 = EDGE_CURVE('',#13180,#13253,#13282,.T.);
#13282 = SURFACE_CURVE('',#13283,(#13286,#13293),.PCURVE_S1.);
#13283 = B_SPLINE_CURVE_WITH_KNOTS('',1,(#13284,#13285),.UNSPECIFIED.,
  .F.,.F.,(2,2),(0.,8.30078125E-02),.PIECEWISE_BEZIER_KNOTS.);
#13284 = CARTESIAN_POINT('',(0.487641254929,0.15635244413,0.81));
#13285 = CARTESIAN_POINT('',(0.487641254929,0.120794028743,0.81));
#13286 = PCURVE('',#13195,#13287);
#13287 = DEFINITIONAL_REPRESENTATION('',(#13288),#13292);
#13288 = LINE('',#13289,#13290);
#13289 = CARTESIAN_POINT('',(0.,0.));
#13290 = VECTOR('',#13291,1.);
#13291 = DIRECTION('',(1.,0.));
#13292 = ( GEOMETRIC_REPRESENTATION_CONTEXT(2) 
PARAMETRIC_REPRESENTATION_CONTEXT() REPRESENTATION_CONTEXT('2D SPACE',''
  ) );
#13293 = PCURVE('',#13143,#13294);
#13294 = DEFINITIONAL_REPRESENTATION('',(#13295),#13298);
#13295 = B_SPLINE_CURVE_WITH_KNOTS('',1,(#13296,#13297),.UNSPECIFIED.,
  .F.,.F.,(2,2),(0.,8.30078125E-02),.PIECEWISE_BEZIER_KNOTS.);
#13296 = CARTESIAN_POINT('',(0.55908203125,0.72900390625));
#13297 = CARTESIAN_POINT('',(0.55908203125,0.64599609375));
#13298 = ( GEOMETRIC_REPRESENTATION_CONTEXT(2) 
PARAMETRIC_REPRESENTATION_CONTEXT() REPRESENTATION_CONTEXT('2D SPACE',''
  ) );
#13299 = ADVANCED_FACE('',(#13300),#13268,.T.);
#13300 = FACE_BOUND('',#13301,.T.);
#13301 = EDGE_LOOP('',(#13302,#13303,#13324,#13353));
#13302 = ORIENTED_EDGE('',*,*,#13252,.T.);
#13303 = ORIENTED_EDGE('',*,*,#13304,.T.);
#13304 = EDGE_CURVE('',#13232,#13305,#13307,.T.);
#13305 = VERTEX_POINT('',#13306);
#13306 = CARTESIAN_POINT('',(0.298942526815,0.120794028743,0.818));
#13307 = SURFACE_CURVE('',#13308,(#13311,#13318),.PCURVE_S1.);
#13308 = B_SPLINE_CURVE_WITH_KNOTS('',1,(#13309,#13310),.UNSPECIFIED.,
  .F.,.F.,(2,2),(0.,0.3623046875),.PIECEWISE_BEZIER_KNOTS.);
#13309 = CARTESIAN_POINT('',(0.487641254929,0.120794028743,0.818));
#13310 = CARTESIAN_POINT('',(0.298942526815,0.120794028743,0.818));
#13311 = PCURVE('',#13268,#13312);
#13312 = DEFINITIONAL_REPRESENTATION('',(#13313),#13317);
#13313 = LINE('',#13314,#13315);
#13314 = CARTESIAN_POINT('',(0.,-8.E-03));
#13315 = VECTOR('',#13316,1.);
#13316 = DIRECTION('',(1.,0.));
#13317 = ( GEOMETRIC_REPRESENTATION_CONTEXT(2) 
PARAMETRIC_REPRESENTATION_CONTEXT() REPRESENTATION_CONTEXT('2D SPACE',''
  ) );
#13318 = PCURVE('',#13090,#13319);
#13319 = DEFINITIONAL_REPRESENTATION('',(#13320),#13323);
#13320 = B_SPLINE_CURVE_WITH_KNOTS('',1,(#13321,#13322),.UNSPECIFIED.,
  .F.,.F.,(2,2),(0.,0.3623046875),.PIECEWISE_BEZIER_KNOTS.);
#13321 = CARTESIAN_POINT('',(0.55908203125,0.64599609375));
#13322 = CARTESIAN_POINT('',(0.19677734375,0.64599609375));
#13323 = ( GEOMETRIC_REPRESENTATION_CONTEXT(2) 
PARAMETRIC_REPRESENTATION_CONTEXT() REPRESENTATION_CONTEXT('2D SPACE',''
  ) );
#13324 = ORIENTED_EDGE('',*,*,#13325,.F.);
#13325 = EDGE_CURVE('',#13326,#13305,#13328,.T.);
#13326 = VERTEX_POINT('',#13327);
#13327 = CARTESIAN_POINT('',(0.298942526815,0.120794028743,0.81));
#13328 = SURFACE_CURVE('',#13329,(#13333,#13340),.PCURVE_S1.);
#13329 = LINE('',#13330,#13331);
#13330 = CARTESIAN_POINT('',(0.298942526815,0.120794028743,0.81));
#13331 = VECTOR('',#13332,1.);
#13332 = DIRECTION('',(0.,0.,1.));
#13333 = PCURVE('',#13268,#13334);
#13334 = DEFINITIONAL_REPRESENTATION('',(#13335),#13339);
#13335 = LINE('',#13336,#13337);
#13336 = CARTESIAN_POINT('',(0.3623046875,0.));
#13337 = VECTOR('',#13338,1.);
#13338 = DIRECTION('',(0.,-1.));
#13339 = ( GEOMETRIC_REPRESENTATION_CONTEXT(2) 
PARAMETRIC_REPRESENTATION_CONTEXT() REPRESENTATION_CONTEXT('2D SPACE',''
  ) );
#13340 = PCURVE('',#13341,#13347);
#13341 = SURFACE_OF_LINEAR_EXTRUSION('',#13342,#13345);
#13342 = B_SPLINE_CURVE_WITH_KNOTS('',1,(#13343,#13344),.UNSPECIFIED.,
  .F.,.F.,(2,2),(0.,0.2158203125),.PIECEWISE_BEZIER_KNOTS.);
#13343 = CARTESIAN_POINT('',(0.298942526815,0.120794028743,0.81));
#13344 = CARTESIAN_POINT('',(0.298942526815,2.834214873535E-02,0.81));
#13345 = VECTOR('',#13346,1.);
#13346 = DIRECTION('',(-0.,-0.,-1.));
#13347 = DEFINITIONAL_REPRESENTATION('',(#13348),#13352);
#13348 = LINE('',#13349,#13350);
#13349 = CARTESIAN_POINT('',(0.,0.));
#13350 = VECTOR('',#13351,1.);
#13351 = DIRECTION('',(0.,-1.));
#13352 = ( GEOMETRIC_REPRESENTATION_CONTEXT(2) 
PARAMETRIC_REPRESENTATION_CONTEXT() REPRESENTATION_CONTEXT('2D SPACE',''
  ) );
#13353 = ORIENTED_EDGE('',*,*,#13354,.F.);
#13354 = EDGE_CURVE('',#13253,#13326,#13355,.T.);
#13355 = SURFACE_CURVE('',#13356,(#13359,#13366),.PCURVE_S1.);
#13356 = B_SPLINE_CURVE_WITH_KNOTS('',1,(#13357,#13358),.UNSPECIFIED.,
  .F.,.F.,(2,2),(0.,0.3623046875),.PIECEWISE_BEZIER_KNOTS.);
#13357 = CARTESIAN_POINT('',(0.487641254929,0.120794028743,0.81));
#13358 = CARTESIAN_POINT('',(0.298942526815,0.120794028743,0.81));
#13359 = PCURVE('',#13268,#13360);
#13360 = DEFINITIONAL_REPRESENTATION('',(#13361),#13365);
#13361 = LINE('',#13362,#13363);
#13362 = CARTESIAN_POINT('',(0.,0.));
#13363 = VECTOR('',#13364,1.);
#13364 = DIRECTION('',(1.,0.));
#13365 = ( GEOMETRIC_REPRESENTATION_CONTEXT(2) 
PARAMETRIC_REPRESENTATION_CONTEXT() REPRESENTATION_CONTEXT('2D SPACE',''
  ) );
#13366 = PCURVE('',#13143,#13367);
#13367 = DEFINITIONAL_REPRESENTATION('',(#13368),#13371);
#13368 = B_SPLINE_CURVE_WITH_KNOTS('',1,(#13369,#13370),.UNSPECIFIED.,
  .F.,.F.,(2,2),(0.,0.3623046875),.PIECEWISE_BEZIER_KNOTS.);
#13369 = CARTESIAN_POINT('',(0.55908203125,0.64599609375));
#13370 = CARTESIAN_POINT('',(0.19677734375,0.64599609375));
#13371 = ( GEOMETRIC_REPRESENTATION_CONTEXT(2) 
PARAMETRIC_REPRESENTATION_CONTEXT() REPRESENTATION_CONTEXT('2D SPACE',''
  ) );
#13372 = ADVANCED_FACE('',(#13373),#13341,.T.);
#13373 = FACE_BOUND('',#13374,.T.);
#13374 = EDGE_LOOP('',(#13375,#13376,#13397,#13426));
#13375 = ORIENTED_EDGE('',*,*,#13325,.T.);
#13376 = ORIENTED_EDGE('',*,*,#13377,.T.);
#13377 = EDGE_CURVE('',#13305,#13378,#13380,.T.);
#13378 = VERTEX_POINT('',#13379);
#13379 = CARTESIAN_POINT('',(0.298942526815,2.834214873535E-02,0.818));
#13380 = SURFACE_CURVE('',#13381,(#13384,#13391),.PCURVE_S1.);
#13381 = B_SPLINE_CURVE_WITH_KNOTS('',1,(#13382,#13383),.UNSPECIFIED.,
  .F.,.F.,(2,2),(0.,0.2158203125),.PIECEWISE_BEZIER_KNOTS.);
#13382 = CARTESIAN_POINT('',(0.298942526815,0.120794028743,0.818));
#13383 = CARTESIAN_POINT('',(0.298942526815,2.834214873535E-02,0.818));
#13384 = PCURVE('',#13341,#13385);
#13385 = DEFINITIONAL_REPRESENTATION('',(#13386),#13390);
#13386 = LINE('',#13387,#13388);
#13387 = CARTESIAN_POINT('',(0.,-8.E-03));
#13388 = VECTOR('',#13389,1.);
#13389 = DIRECTION('',(1.,0.));
#13390 = ( GEOMETRIC_REPRESENTATION_CONTEXT(2) 
PARAMETRIC_REPRESENTATION_CONTEXT() REPRESENTATION_CONTEXT('2D SPACE',''
  ) );
#13391 = PCURVE('',#13090,#13392);
#13392 = DEFINITIONAL_REPRESENTATION('',(#13393),#13396);
#13393 = B_SPLINE_CURVE_WITH_KNOTS('',1,(#13394,#13395),.UNSPECIFIED.,
  .F.,.F.,(2,2),(0.,0.2158203125),.PIECEWISE_BEZIER_KNOTS.);
#13394 = CARTESIAN_POINT('',(0.19677734375,0.64599609375));
#13395 = CARTESIAN_POINT('',(0.19677734375,0.43017578125));
#13396 = ( GEOMETRIC_REPRESENTATION_CONTEXT(2) 
PARAMETRIC_REPRESENTATION_CONTEXT() REPRESENTATION_CONTEXT('2D SPACE',''
  ) );
#13397 = ORIENTED_EDGE('',*,*,#13398,.F.);
#13398 = EDGE_CURVE('',#13399,#13378,#13401,.T.);
#13399 = VERTEX_POINT('',#13400);
#13400 = CARTESIAN_POINT('',(0.298942526815,2.834214873535E-02,0.81));
#13401 = SURFACE_CURVE('',#13402,(#13406,#13413),.PCURVE_S1.);
#13402 = LINE('',#13403,#13404);
#13403 = CARTESIAN_POINT('',(0.298942526815,2.834214873535E-02,0.81));
#13404 = VECTOR('',#13405,1.);
#13405 = DIRECTION('',(0.,0.,1.));
#13406 = PCURVE('',#13341,#13407);
#13407 = DEFINITIONAL_REPRESENTATION('',(#13408),#13412);
#13408 = LINE('',#13409,#13410);
#13409 = CARTESIAN_POINT('',(0.2158203125,0.));
#13410 = VECTOR('',#13411,1.);
#13411 = DIRECTION('',(0.,-1.));
#13412 = ( GEOMETRIC_REPRESENTATION_CONTEXT(2) 
PARAMETRIC_REPRESENTATION_CONTEXT() REPRESENTATION_CONTEXT('2D SPACE',''
  ) );
#13413 = PCURVE('',#13414,#13420);
#13414 = SURFACE_OF_LINEAR_EXTRUSION('',#13415,#13418);
#13415 = B_SPLINE_CURVE_WITH_KNOTS('',1,(#13416,#13417),.UNSPECIFIED.,
  .F.,.F.,(2,2),(0.,0.34716796875),.PIECEWISE_BEZIER_KNOTS.);
#13416 = CARTESIAN_POINT('',(0.298942526815,2.834214873535E-02,0.81));
#13417 = CARTESIAN_POINT('',(0.479757615344,2.834214873535E-02,0.81));
#13418 = VECTOR('',#13419,1.);
#13419 = DIRECTION('',(-0.,-0.,-1.));
#13420 = DEFINITIONAL_REPRESENTATION('',(#13421),#13425);
#13421 = LINE('',#13422,#13423);
#13422 = CARTESIAN_POINT('',(0.,0.));
#13423 = VECTOR('',#13424,1.);
#13424 = DIRECTION('',(0.,-1.));
#13425 = ( GEOMETRIC_REPRESENTATION_CONTEXT(2) 
PARAMETRIC_REPRESENTATION_CONTEXT() REPRESENTATION_CONTEXT('2D SPACE',''
  ) );
#13426 = ORIENTED_EDGE('',*,*,#13427,.F.);
#13427 = EDGE_CURVE('',#13326,#13399,#13428,.T.);
#13428 = SURFACE_CURVE('',#13429,(#13432,#13439),.PCURVE_S1.);
#13429 = B_SPLINE_CURVE_WITH_KNOTS('',1,(#13430,#13431),.UNSPECIFIED.,
  .F.,.F.,(2,2),(0.,0.2158203125),.PIECEWISE_BEZIER_KNOTS.);
#13430 = CARTESIAN_POINT('',(0.298942526815,0.120794028743,0.81));
#13431 = CARTESIAN_POINT('',(0.298942526815,2.834214873535E-02,0.81));
#13432 = PCURVE('',#13341,#13433);
#13433 = DEFINITIONAL_REPRESENTATION('',(#13434),#13438);
#13434 = LINE('',#13435,#13436);
#13435 = CARTESIAN_POINT('',(0.,0.));
#13436 = VECTOR('',#13437,1.);
#13437 = DIRECTION('',(1.,0.));
#13438 = ( GEOMETRIC_REPRESENTATION_CONTEXT(2) 
PARAMETRIC_REPRESENTATION_CONTEXT() REPRESENTATION_CONTEXT('2D SPACE',''
  ) );
#13439 = PCURVE('',#13143,#13440);
#13440 = DEFINITIONAL_REPRESENTATION('',(#13441),#13444);
#13441 = B_SPLINE_CURVE_WITH_KNOTS('',1,(#13442,#13443),.UNSPECIFIED.,
  .F.,.F.,(2,2),(0.,0.2158203125),.PIECEWISE_BEZIER_KNOTS.);
#13442 = CARTESIAN_POINT('',(0.19677734375,0.64599609375));
#13443 = CARTESIAN_POINT('',(0.19677734375,0.43017578125));
#13444 = ( GEOMETRIC_REPRESENTATION_CONTEXT(2) 
PARAMETRIC_REPRESENTATION_CONTEXT() REPRESENTATION_CONTEXT('2D SPACE',''
  ) );
#13445 = ADVANCED_FACE('',(#13446),#13414,.T.);
#13446 = FACE_BOUND('',#13447,.T.);
#13447 = EDGE_LOOP('',(#13448,#13449,#13470,#13499));
#13448 = ORIENTED_EDGE('',*,*,#13398,.T.);
#13449 = ORIENTED_EDGE('',*,*,#13450,.T.);
#13450 = EDGE_CURVE('',#13378,#13451,#13453,.T.);
#13451 = VERTEX_POINT('',#13452);
#13452 = CARTESIAN_POINT('',(0.479757615344,2.834214873535E-02,0.818));
#13453 = SURFACE_CURVE('',#13454,(#13457,#13464),.PCURVE_S1.);
#13454 = B_SPLINE_CURVE_WITH_KNOTS('',1,(#13455,#13456),.UNSPECIFIED.,
  .F.,.F.,(2,2),(0.,0.34716796875),.PIECEWISE_BEZIER_KNOTS.);
#13455 = CARTESIAN_POINT('',(0.298942526815,2.834214873535E-02,0.818));
#13456 = CARTESIAN_POINT('',(0.479757615344,2.834214873535E-02,0.818));
#13457 = PCURVE('',#13414,#13458);
#13458 = DEFINITIONAL_REPRESENTATION('',(#13459),#13463);
#13459 = LINE('',#13460,#13461);
#13460 = CARTESIAN_POINT('',(0.,-8.E-03));
#13461 = VECTOR('',#13462,1.);
#13462 = DIRECTION('',(1.,0.));
#13463 = ( GEOMETRIC_REPRESENTATION_CONTEXT(2) 
PARAMETRIC_REPRESENTATION_CONTEXT() REPRESENTATION_CONTEXT('2D SPACE',''
  ) );
#13464 = PCURVE('',#13090,#13465);
#13465 = DEFINITIONAL_REPRESENTATION('',(#13466),#13469);
#13466 = B_SPLINE_CURVE_WITH_KNOTS('',1,(#13467,#13468),.UNSPECIFIED.,
  .F.,.F.,(2,2),(0.,0.34716796875),.PIECEWISE_BEZIER_KNOTS.);
#13467 = CARTESIAN_POINT('',(0.19677734375,0.43017578125));
#13468 = CARTESIAN_POINT('',(0.5439453125,0.43017578125));
#13469 = ( GEOMETRIC_REPRESENTATION_CONTEXT(2) 
PARAMETRIC_REPRESENTATION_CONTEXT() REPRESENTATION_CONTEXT('2D SPACE',''
  ) );
#13470 = ORIENTED_EDGE('',*,*,#13471,.F.);
#13471 = EDGE_CURVE('',#13472,#13451,#13474,.T.);
#13472 = VERTEX_POINT('',#13473);
#13473 = CARTESIAN_POINT('',(0.479757615344,2.834214873535E-02,0.81));
#13474 = SURFACE_CURVE('',#13475,(#13479,#13486),.PCURVE_S1.);
#13475 = LINE('',#13476,#13477);
#13476 = CARTESIAN_POINT('',(0.479757615344,2.834214873535E-02,0.81));
#13477 = VECTOR('',#13478,1.);
#13478 = DIRECTION('',(0.,0.,1.));
#13479 = PCURVE('',#13414,#13480);
#13480 = DEFINITIONAL_REPRESENTATION('',(#13481),#13485);
#13481 = LINE('',#13482,#13483);
#13482 = CARTESIAN_POINT('',(0.34716796875,0.));
#13483 = VECTOR('',#13484,1.);
#13484 = DIRECTION('',(0.,-1.));
#13485 = ( GEOMETRIC_REPRESENTATION_CONTEXT(2) 
PARAMETRIC_REPRESENTATION_CONTEXT() REPRESENTATION_CONTEXT('2D SPACE',''
  ) );
#13486 = PCURVE('',#13487,#13493);
#13487 = SURFACE_OF_LINEAR_EXTRUSION('',#13488,#13491);
#13488 = B_SPLINE_CURVE_WITH_KNOTS('',1,(#13489,#13490),.UNSPECIFIED.,
  .F.,.F.,(2,2),(0.,8.30078125E-02),.PIECEWISE_BEZIER_KNOTS.);
#13489 = CARTESIAN_POINT('',(0.479757615344,2.834214873535E-02,0.81));
#13490 = CARTESIAN_POINT('',(0.479757615344,-7.216266652174E-03,0.81));
#13491 = VECTOR('',#13492,1.);
#13492 = DIRECTION('',(-0.,-0.,-1.));
#13493 = DEFINITIONAL_REPRESENTATION('',(#13494),#13498);
#13494 = LINE('',#13495,#13496);
#13495 = CARTESIAN_POINT('',(0.,0.));
#13496 = VECTOR('',#13497,1.);
#13497 = DIRECTION('',(0.,-1.));
#13498 = ( GEOMETRIC_REPRESENTATION_CONTEXT(2) 
PARAMETRIC_REPRESENTATION_CONTEXT() REPRESENTATION_CONTEXT('2D SPACE',''
  ) );
#13499 = ORIENTED_EDGE('',*,*,#13500,.F.);
#13500 = EDGE_CURVE('',#13399,#13472,#13501,.T.);
#13501 = SURFACE_CURVE('',#13502,(#13505,#13512),.PCURVE_S1.);
#13502 = B_SPLINE_CURVE_WITH_KNOTS('',1,(#13503,#13504),.UNSPECIFIED.,
  .F.,.F.,(2,2),(0.,0.34716796875),.PIECEWISE_BEZIER_KNOTS.);
#13503 = CARTESIAN_POINT('',(0.298942526815,2.834214873535E-02,0.81));
#13504 = CARTESIAN_POINT('',(0.479757615344,2.834214873535E-02,0.81));
#13505 = PCURVE('',#13414,#13506);
#13506 = DEFINITIONAL_REPRESENTATION('',(#13507),#13511);
#13507 = LINE('',#13508,#13509);
#13508 = CARTESIAN_POINT('',(0.,0.));
#13509 = VECTOR('',#13510,1.);
#13510 = DIRECTION('',(1.,0.));
#13511 = ( GEOMETRIC_REPRESENTATION_CONTEXT(2) 
PARAMETRIC_REPRESENTATION_CONTEXT() REPRESENTATION_CONTEXT('2D SPACE',''
  ) );
#13512 = PCURVE('',#13143,#13513);
#13513 = DEFINITIONAL_REPRESENTATION('',(#13514),#13517);
#13514 = B_SPLINE_CURVE_WITH_KNOTS('',1,(#13515,#13516),.UNSPECIFIED.,
  .F.,.F.,(2,2),(0.,0.34716796875),.PIECEWISE_BEZIER_KNOTS.);
#13515 = CARTESIAN_POINT('',(0.19677734375,0.43017578125));
#13516 = CARTESIAN_POINT('',(0.5439453125,0.43017578125));
#13517 = ( GEOMETRIC_REPRESENTATION_CONTEXT(2) 
PARAMETRIC_REPRESENTATION_CONTEXT() REPRESENTATION_CONTEXT('2D SPACE',''
  ) );
#13518 = ADVANCED_FACE('',(#13519),#13487,.T.);
#13519 = FACE_BOUND('',#13520,.T.);
#13520 = EDGE_LOOP('',(#13521,#13522,#13543,#13572));
#13521 = ORIENTED_EDGE('',*,*,#13471,.T.);
#13522 = ORIENTED_EDGE('',*,*,#13523,.T.);
#13523 = EDGE_CURVE('',#13451,#13524,#13526,.T.);
#13524 = VERTEX_POINT('',#13525);
#13525 = CARTESIAN_POINT('',(0.479757615344,-7.216266652174E-03,0.818));
#13526 = SURFACE_CURVE('',#13527,(#13530,#13537),.PCURVE_S1.);
#13527 = B_SPLINE_CURVE_WITH_KNOTS('',1,(#13528,#13529),.UNSPECIFIED.,
  .F.,.F.,(2,2),(0.,8.30078125E-02),.PIECEWISE_BEZIER_KNOTS.);
#13528 = CARTESIAN_POINT('',(0.479757615344,2.834214873535E-02,0.818));
#13529 = CARTESIAN_POINT('',(0.479757615344,-7.216266652174E-03,0.818));
#13530 = PCURVE('',#13487,#13531);
#13531 = DEFINITIONAL_REPRESENTATION('',(#13532),#13536);
#13532 = LINE('',#13533,#13534);
#13533 = CARTESIAN_POINT('',(0.,-8.E-03));
#13534 = VECTOR('',#13535,1.);
#13535 = DIRECTION('',(1.,0.));
#13536 = ( GEOMETRIC_REPRESENTATION_CONTEXT(2) 
PARAMETRIC_REPRESENTATION_CONTEXT() REPRESENTATION_CONTEXT('2D SPACE',''
  ) );
#13537 = PCURVE('',#13090,#13538);
#13538 = DEFINITIONAL_REPRESENTATION('',(#13539),#13542);
#13539 = B_SPLINE_CURVE_WITH_KNOTS('',1,(#13540,#13541),.UNSPECIFIED.,
  .F.,.F.,(2,2),(0.,8.30078125E-02),.PIECEWISE_BEZIER_KNOTS.);
#13540 = CARTESIAN_POINT('',(0.5439453125,0.43017578125));
#13541 = CARTESIAN_POINT('',(0.5439453125,0.34716796875));
#13542 = ( GEOMETRIC_REPRESENTATION_CONTEXT(2) 
PARAMETRIC_REPRESENTATION_CONTEXT() REPRESENTATION_CONTEXT('2D SPACE',''
  ) );
#13543 = ORIENTED_EDGE('',*,*,#13544,.F.);
#13544 = EDGE_CURVE('',#13545,#13524,#13547,.T.);
#13545 = VERTEX_POINT('',#13546);
#13546 = CARTESIAN_POINT('',(0.479757615344,-7.216266652174E-03,0.81));
#13547 = SURFACE_CURVE('',#13548,(#13552,#13559),.PCURVE_S1.);
#13548 = LINE('',#13549,#13550);
#13549 = CARTESIAN_POINT('',(0.479757615344,-7.216266652174E-03,0.81));
#13550 = VECTOR('',#13551,1.);
#13551 = DIRECTION('',(0.,0.,1.));
#13552 = PCURVE('',#13487,#13553);
#13553 = DEFINITIONAL_REPRESENTATION('',(#13554),#13558);
#13554 = LINE('',#13555,#13556);
#13555 = CARTESIAN_POINT('',(8.30078125E-02,0.));
#13556 = VECTOR('',#13557,1.);
#13557 = DIRECTION('',(0.,-1.));
#13558 = ( GEOMETRIC_REPRESENTATION_CONTEXT(2) 
PARAMETRIC_REPRESENTATION_CONTEXT() REPRESENTATION_CONTEXT('2D SPACE',''
  ) );
#13559 = PCURVE('',#13560,#13566);
#13560 = SURFACE_OF_LINEAR_EXTRUSION('',#13561,#13564);
#13561 = B_SPLINE_CURVE_WITH_KNOTS('',1,(#13562,#13563),.UNSPECIFIED.,
  .F.,.F.,(2,2),(0.,0.34716796875),.PIECEWISE_BEZIER_KNOTS.);
#13562 = CARTESIAN_POINT('',(0.479757615344,-7.216266652174E-03,0.81));
#13563 = CARTESIAN_POINT('',(0.298942526815,-7.216266652174E-03,0.81));
#13564 = VECTOR('',#13565,1.);
#13565 = DIRECTION('',(-0.,-0.,-1.));
#13566 = DEFINITIONAL_REPRESENTATION('',(#13567),#13571);
#13567 = LINE('',#13568,#13569);
#13568 = CARTESIAN_POINT('',(0.,0.));
#13569 = VECTOR('',#13570,1.);
#13570 = DIRECTION('',(0.,-1.));
#13571 = ( GEOMETRIC_REPRESENTATION_CONTEXT(2) 
PARAMETRIC_REPRESENTATION_CONTEXT() REPRESENTATION_CONTEXT('2D SPACE',''
  ) );
#13572 = ORIENTED_EDGE('',*,*,#13573,.F.);
#13573 = EDGE_CURVE('',#13472,#13545,#13574,.T.);
#13574 = SURFACE_CURVE('',#13575,(#13578,#13585),.PCURVE_S1.);
#13575 = B_SPLINE_CURVE_WITH_KNOTS('',1,(#13576,#13577),.UNSPECIFIED.,
  .F.,.F.,(2,2),(0.,8.30078125E-02),.PIECEWISE_BEZIER_KNOTS.);
#13576 = CARTESIAN_POINT('',(0.479757615344,2.834214873535E-02,0.81));
#13577 = CARTESIAN_POINT('',(0.479757615344,-7.216266652174E-03,0.81));
#13578 = PCURVE('',#13487,#13579);
#13579 = DEFINITIONAL_REPRESENTATION('',(#13580),#13584);
#13580 = LINE('',#13581,#13582);
#13581 = CARTESIAN_POINT('',(0.,0.));
#13582 = VECTOR('',#13583,1.);
#13583 = DIRECTION('',(1.,0.));
#13584 = ( GEOMETRIC_REPRESENTATION_CONTEXT(2) 
PARAMETRIC_REPRESENTATION_CONTEXT() REPRESENTATION_CONTEXT('2D SPACE',''
  ) );
#13585 = PCURVE('',#13143,#13586);
#13586 = DEFINITIONAL_REPRESENTATION('',(#13587),#13590);
#13587 = B_SPLINE_CURVE_WITH_KNOTS('',1,(#13588,#13589),.UNSPECIFIED.,
  .F.,.F.,(2,2),(0.,8.30078125E-02),.PIECEWISE_BEZIER_KNOTS.);
#13588 = CARTESIAN_POINT('',(0.5439453125,0.43017578125));
#13589 = CARTESIAN_POINT('',(0.5439453125,0.34716796875));
#13590 = ( GEOMETRIC_REPRESENTATION_CONTEXT(2) 
PARAMETRIC_REPRESENTATION_CONTEXT() REPRESENTATION_CONTEXT('2D SPACE',''
  ) );
#13591 = ADVANCED_FACE('',(#13592),#13560,.T.);
#13592 = FACE_BOUND('',#13593,.T.);
#13593 = EDGE_LOOP('',(#13594,#13595,#13616,#13645));
#13594 = ORIENTED_EDGE('',*,*,#13544,.T.);
#13595 = ORIENTED_EDGE('',*,*,#13596,.T.);
#13596 = EDGE_CURVE('',#13524,#13597,#13599,.T.);
#13597 = VERTEX_POINT('',#13598);
#13598 = CARTESIAN_POINT('',(0.298942526815,-7.216266652174E-03,0.818));
#13599 = SURFACE_CURVE('',#13600,(#13603,#13610),.PCURVE_S1.);
#13600 = B_SPLINE_CURVE_WITH_KNOTS('',1,(#13601,#13602),.UNSPECIFIED.,
  .F.,.F.,(2,2),(0.,0.34716796875),.PIECEWISE_BEZIER_KNOTS.);
#13601 = CARTESIAN_POINT('',(0.479757615344,-7.216266652174E-03,0.818));
#13602 = CARTESIAN_POINT('',(0.298942526815,-7.216266652174E-03,0.818));
#13603 = PCURVE('',#13560,#13604);
#13604 = DEFINITIONAL_REPRESENTATION('',(#13605),#13609);
#13605 = LINE('',#13606,#13607);
#13606 = CARTESIAN_POINT('',(0.,-8.E-03));
#13607 = VECTOR('',#13608,1.);
#13608 = DIRECTION('',(1.,0.));
#13609 = ( GEOMETRIC_REPRESENTATION_CONTEXT(2) 
PARAMETRIC_REPRESENTATION_CONTEXT() REPRESENTATION_CONTEXT('2D SPACE',''
  ) );
#13610 = PCURVE('',#13090,#13611);
#13611 = DEFINITIONAL_REPRESENTATION('',(#13612),#13615);
#13612 = B_SPLINE_CURVE_WITH_KNOTS('',1,(#13613,#13614),.UNSPECIFIED.,
  .F.,.F.,(2,2),(0.,0.34716796875),.PIECEWISE_BEZIER_KNOTS.);
#13613 = CARTESIAN_POINT('',(0.5439453125,0.34716796875));
#13614 = CARTESIAN_POINT('',(0.19677734375,0.34716796875));
#13615 = ( GEOMETRIC_REPRESENTATION_CONTEXT(2) 
PARAMETRIC_REPRESENTATION_CONTEXT() REPRESENTATION_CONTEXT('2D SPACE',''
  ) );
#13616 = ORIENTED_EDGE('',*,*,#13617,.F.);
#13617 = EDGE_CURVE('',#13618,#13597,#13620,.T.);
#13618 = VERTEX_POINT('',#13619);
#13619 = CARTESIAN_POINT('',(0.298942526815,-7.216266652174E-03,0.81));
#13620 = SURFACE_CURVE('',#13621,(#13625,#13632),.PCURVE_S1.);
#13621 = LINE('',#13622,#13623);
#13622 = CARTESIAN_POINT('',(0.298942526815,-7.216266652174E-03,0.81));
#13623 = VECTOR('',#13624,1.);
#13624 = DIRECTION('',(0.,0.,1.));
#13625 = PCURVE('',#13560,#13626);
#13626 = DEFINITIONAL_REPRESENTATION('',(#13627),#13631);
#13627 = LINE('',#13628,#13629);
#13628 = CARTESIAN_POINT('',(0.34716796875,0.));
#13629 = VECTOR('',#13630,1.);
#13630 = DIRECTION('',(0.,-1.));
#13631 = ( GEOMETRIC_REPRESENTATION_CONTEXT(2) 
PARAMETRIC_REPRESENTATION_CONTEXT() REPRESENTATION_CONTEXT('2D SPACE',''
  ) );
#13632 = PCURVE('',#13633,#13639);
#13633 = SURFACE_OF_LINEAR_EXTRUSION('',#13634,#13637);
#13634 = B_SPLINE_CURVE_WITH_KNOTS('',1,(#13635,#13636),.UNSPECIFIED.,
  .F.,.F.,(2,2),(0.,0.26416015625),.PIECEWISE_BEZIER_KNOTS.);
#13635 = CARTESIAN_POINT('',(0.298942526815,-7.216266652174E-03,0.81));
#13636 = CARTESIAN_POINT('',(0.298942526815,-0.120375694444,0.81));
#13637 = VECTOR('',#13638,1.);
#13638 = DIRECTION('',(-0.,-0.,-1.));
#13639 = DEFINITIONAL_REPRESENTATION('',(#13640),#13644);
#13640 = LINE('',#13641,#13642);
#13641 = CARTESIAN_POINT('',(0.,0.));
#13642 = VECTOR('',#13643,1.);
#13643 = DIRECTION('',(0.,-1.));
#13644 = ( GEOMETRIC_REPRESENTATION_CONTEXT(2) 
PARAMETRIC_REPRESENTATION_CONTEXT() REPRESENTATION_CONTEXT('2D SPACE',''
  ) );
#13645 = ORIENTED_EDGE('',*,*,#13646,.F.);
#13646 = EDGE_CURVE('',#13545,#13618,#13647,.T.);
#13647 = SURFACE_CURVE('',#13648,(#13651,#13658),.PCURVE_S1.);
#13648 = B_SPLINE_CURVE_WITH_KNOTS('',1,(#13649,#13650),.UNSPECIFIED.,
  .F.,.F.,(2,2),(0.,0.34716796875),.PIECEWISE_BEZIER_KNOTS.);
#13649 = CARTESIAN_POINT('',(0.479757615344,-7.216266652174E-03,0.81));
#13650 = CARTESIAN_POINT('',(0.298942526815,-7.216266652174E-03,0.81));
#13651 = PCURVE('',#13560,#13652);
#13652 = DEFINITIONAL_REPRESENTATION('',(#13653),#13657);
#13653 = LINE('',#13654,#13655);
#13654 = CARTESIAN_POINT('',(0.,0.));
#13655 = VECTOR('',#13656,1.);
#13656 = DIRECTION('',(1.,0.));
#13657 = ( GEOMETRIC_REPRESENTATION_CONTEXT(2) 
PARAMETRIC_REPRESENTATION_CONTEXT() REPRESENTATION_CONTEXT('2D SPACE',''
  ) );
#13658 = PCURVE('',#13143,#13659);
#13659 = DEFINITIONAL_REPRESENTATION('',(#13660),#13663);
#13660 = B_SPLINE_CURVE_WITH_KNOTS('',1,(#13661,#13662),.UNSPECIFIED.,
  .F.,.F.,(2,2),(0.,0.34716796875),.PIECEWISE_BEZIER_KNOTS.);
#13661 = CARTESIAN_POINT('',(0.5439453125,0.34716796875));
#13662 = CARTESIAN_POINT('',(0.19677734375,0.34716796875));
#13663 = ( GEOMETRIC_REPRESENTATION_CONTEXT(2) 
PARAMETRIC_REPRESENTATION_CONTEXT() REPRESENTATION_CONTEXT('2D SPACE',''
  ) );
#13664 = ADVANCED_FACE('',(#13665),#13633,.T.);
#13665 = FACE_BOUND('',#13666,.T.);
#13666 = EDGE_LOOP('',(#13667,#13668,#13689,#13718));
#13667 = ORIENTED_EDGE('',*,*,#13617,.T.);
#13668 = ORIENTED_EDGE('',*,*,#13669,.T.);
#13669 = EDGE_CURVE('',#13597,#13670,#13672,.T.);
#13670 = VERTEX_POINT('',#13671);
#13671 = CARTESIAN_POINT('',(0.298942526815,-0.120375694444,0.818));
#13672 = SURFACE_CURVE('',#13673,(#13676,#13683),.PCURVE_S1.);
#13673 = B_SPLINE_CURVE_WITH_KNOTS('',1,(#13674,#13675),.UNSPECIFIED.,
  .F.,.F.,(2,2),(0.,0.26416015625),.PIECEWISE_BEZIER_KNOTS.);
#13674 = CARTESIAN_POINT('',(0.298942526815,-7.216266652174E-03,0.818));
#13675 = CARTESIAN_POINT('',(0.298942526815,-0.120375694444,0.818));
#13676 = PCURVE('',#13633,#13677);
#13677 = DEFINITIONAL_REPRESENTATION('',(#13678),#13682);
#13678 = LINE('',#13679,#13680);
#13679 = CARTESIAN_POINT('',(0.,-8.E-03));
#13680 = VECTOR('',#13681,1.);
#13681 = DIRECTION('',(1.,0.));
#13682 = ( GEOMETRIC_REPRESENTATION_CONTEXT(2) 
PARAMETRIC_REPRESENTATION_CONTEXT() REPRESENTATION_CONTEXT('2D SPACE',''
  ) );
#13683 = PCURVE('',#13090,#13684);
#13684 = DEFINITIONAL_REPRESENTATION('',(#13685),#13688);
#13685 = B_SPLINE_CURVE_WITH_KNOTS('',1,(#13686,#13687),.UNSPECIFIED.,
  .F.,.F.,(2,2),(0.,0.26416015625),.PIECEWISE_BEZIER_KNOTS.);
#13686 = CARTESIAN_POINT('',(0.19677734375,0.34716796875));
#13687 = CARTESIAN_POINT('',(0.19677734375,8.30078125E-02));
#13688 = ( GEOMETRIC_REPRESENTATION_CONTEXT(2) 
PARAMETRIC_REPRESENTATION_CONTEXT() REPRESENTATION_CONTEXT('2D SPACE',''
  ) );
#13689 = ORIENTED_EDGE('',*,*,#13690,.F.);
#13690 = EDGE_CURVE('',#13691,#13670,#13693,.T.);
#13691 = VERTEX_POINT('',#13692);
#13692 = CARTESIAN_POINT('',(0.298942526815,-0.120375694444,0.81));
#13693 = SURFACE_CURVE('',#13694,(#13698,#13705),.PCURVE_S1.);
#13694 = LINE('',#13695,#13696);
#13695 = CARTESIAN_POINT('',(0.298942526815,-0.120375694444,0.81));
#13696 = VECTOR('',#13697,1.);
#13697 = DIRECTION('',(0.,0.,1.));
#13698 = PCURVE('',#13633,#13699);
#13699 = DEFINITIONAL_REPRESENTATION('',(#13700),#13704);
#13700 = LINE('',#13701,#13702);
#13701 = CARTESIAN_POINT('',(0.26416015625,0.));
#13702 = VECTOR('',#13703,1.);
#13703 = DIRECTION('',(0.,-1.));
#13704 = ( GEOMETRIC_REPRESENTATION_CONTEXT(2) 
PARAMETRIC_REPRESENTATION_CONTEXT() REPRESENTATION_CONTEXT('2D SPACE',''
  ) );
#13705 = PCURVE('',#13706,#13712);
#13706 = SURFACE_OF_LINEAR_EXTRUSION('',#13707,#13710);
#13707 = B_SPLINE_CURVE_WITH_KNOTS('',1,(#13708,#13709),.UNSPECIFIED.,
  .F.,.F.,(2,2),(0.,0.37109375),.PIECEWISE_BEZIER_KNOTS.);
#13708 = CARTESIAN_POINT('',(0.298942526815,-0.120375694444,0.81));
#13709 = CARTESIAN_POINT('',(0.492218852107,-0.120375694444,0.81));
#13710 = VECTOR('',#13711,1.);
#13711 = DIRECTION('',(-0.,-0.,-1.));
#13712 = DEFINITIONAL_REPRESENTATION('',(#13713),#13717);
#13713 = LINE('',#13714,#13715);
#13714 = CARTESIAN_POINT('',(0.,0.));
#13715 = VECTOR('',#13716,1.);
#13716 = DIRECTION('',(0.,-1.));
#13717 = ( GEOMETRIC_REPRESENTATION_CONTEXT(2) 
PARAMETRIC_REPRESENTATION_CONTEXT() REPRESENTATION_CONTEXT('2D SPACE',''
  ) );
#13718 = ORIENTED_EDGE('',*,*,#13719,.F.);
#13719 = EDGE_CURVE('',#13618,#13691,#13720,.T.);
#13720 = SURFACE_CURVE('',#13721,(#13724,#13731),.PCURVE_S1.);
#13721 = B_SPLINE_CURVE_WITH_KNOTS('',1,(#13722,#13723),.UNSPECIFIED.,
  .F.,.F.,(2,2),(0.,0.26416015625),.PIECEWISE_BEZIER_KNOTS.);
#13722 = CARTESIAN_POINT('',(0.298942526815,-7.216266652174E-03,0.81));
#13723 = CARTESIAN_POINT('',(0.298942526815,-0.120375694444,0.81));
#13724 = PCURVE('',#13633,#13725);
#13725 = DEFINITIONAL_REPRESENTATION('',(#13726),#13730);
#13726 = LINE('',#13727,#13728);
#13727 = CARTESIAN_POINT('',(0.,0.));
#13728 = VECTOR('',#13729,1.);
#13729 = DIRECTION('',(1.,0.));
#13730 = ( GEOMETRIC_REPRESENTATION_CONTEXT(2) 
PARAMETRIC_REPRESENTATION_CONTEXT() REPRESENTATION_CONTEXT('2D SPACE',''
  ) );
#13731 = PCURVE('',#13143,#13732);
#13732 = DEFINITIONAL_REPRESENTATION('',(#13733),#13736);
#13733 = B_SPLINE_CURVE_WITH_KNOTS('',1,(#13734,#13735),.UNSPECIFIED.,
  .F.,.F.,(2,2),(0.,0.26416015625),.PIECEWISE_BEZIER_KNOTS.);
#13734 = CARTESIAN_POINT('',(0.19677734375,0.34716796875));
#13735 = CARTESIAN_POINT('',(0.19677734375,8.30078125E-02));
#13736 = ( GEOMETRIC_REPRESENTATION_CONTEXT(2) 
PARAMETRIC_REPRESENTATION_CONTEXT() REPRESENTATION_CONTEXT('2D SPACE',''
  ) );
#13737 = ADVANCED_FACE('',(#13738),#13706,.T.);
#13738 = FACE_BOUND('',#13739,.T.);
#13739 = EDGE_LOOP('',(#13740,#13741,#13762,#13791));
#13740 = ORIENTED_EDGE('',*,*,#13690,.T.);
#13741 = ORIENTED_EDGE('',*,*,#13742,.T.);
#13742 = EDGE_CURVE('',#13670,#13743,#13745,.T.);
#13743 = VERTEX_POINT('',#13744);
#13744 = CARTESIAN_POINT('',(0.492218852107,-0.120375694444,0.818));
#13745 = SURFACE_CURVE('',#13746,(#13749,#13756),.PCURVE_S1.);
#13746 = B_SPLINE_CURVE_WITH_KNOTS('',1,(#13747,#13748),.UNSPECIFIED.,
  .F.,.F.,(2,2),(0.,0.37109375),.PIECEWISE_BEZIER_KNOTS.);
#13747 = CARTESIAN_POINT('',(0.298942526815,-0.120375694444,0.818));
#13748 = CARTESIAN_POINT('',(0.492218852107,-0.120375694444,0.818));
#13749 = PCURVE('',#13706,#13750);
#13750 = DEFINITIONAL_REPRESENTATION('',(#13751),#13755);
#13751 = LINE('',#13752,#13753);
#13752 = CARTESIAN_POINT('',(0.,-8.E-03));
#13753 = VECTOR('',#13754,1.);
#13754 = DIRECTION('',(1.,0.));
#13755 = ( GEOMETRIC_REPRESENTATION_CONTEXT(2) 
PARAMETRIC_REPRESENTATION_CONTEXT() REPRESENTATION_CONTEXT('2D SPACE',''
  ) );
#13756 = PCURVE('',#13090,#13757);
#13757 = DEFINITIONAL_REPRESENTATION('',(#13758),#13761);
#13758 = B_SPLINE_CURVE_WITH_KNOTS('',1,(#13759,#13760),.UNSPECIFIED.,
  .F.,.F.,(2,2),(0.,0.37109375),.PIECEWISE_BEZIER_KNOTS.);
#13759 = CARTESIAN_POINT('',(0.19677734375,8.30078125E-02));
#13760 = CARTESIAN_POINT('',(0.56787109375,8.30078125E-02));
#13761 = ( GEOMETRIC_REPRESENTATION_CONTEXT(2) 
PARAMETRIC_REPRESENTATION_CONTEXT() REPRESENTATION_CONTEXT('2D SPACE',''
  ) );
#13762 = ORIENTED_EDGE('',*,*,#13763,.F.);
#13763 = EDGE_CURVE('',#13764,#13743,#13766,.T.);
#13764 = VERTEX_POINT('',#13765);
#13765 = CARTESIAN_POINT('',(0.492218852107,-0.120375694444,0.81));
#13766 = SURFACE_CURVE('',#13767,(#13771,#13778),.PCURVE_S1.);
#13767 = LINE('',#13768,#13769);
#13768 = CARTESIAN_POINT('',(0.492218852107,-0.120375694444,0.81));
#13769 = VECTOR('',#13770,1.);
#13770 = DIRECTION('',(0.,0.,1.));
#13771 = PCURVE('',#13706,#13772);
#13772 = DEFINITIONAL_REPRESENTATION('',(#13773),#13777);
#13773 = LINE('',#13774,#13775);
#13774 = CARTESIAN_POINT('',(0.37109375,0.));
#13775 = VECTOR('',#13776,1.);
#13776 = DIRECTION('',(0.,-1.));
#13777 = ( GEOMETRIC_REPRESENTATION_CONTEXT(2) 
PARAMETRIC_REPRESENTATION_CONTEXT() REPRESENTATION_CONTEXT('2D SPACE',''
  ) );
#13778 = PCURVE('',#13779,#13785);
#13779 = SURFACE_OF_LINEAR_EXTRUSION('',#13780,#13783);
#13780 = B_SPLINE_CURVE_WITH_KNOTS('',1,(#13781,#13782),.UNSPECIFIED.,
  .F.,.F.,(2,2),(0.,8.30078125E-02),.PIECEWISE_BEZIER_KNOTS.);
#13781 = CARTESIAN_POINT('',(0.492218852107,-0.120375694444,0.81));
#13782 = CARTESIAN_POINT('',(0.492218852107,-0.155934109832,0.81));
#13783 = VECTOR('',#13784,1.);
#13784 = DIRECTION('',(-0.,-0.,-1.));
#13785 = DEFINITIONAL_REPRESENTATION('',(#13786),#13790);
#13786 = LINE('',#13787,#13788);
#13787 = CARTESIAN_POINT('',(0.,0.));
#13788 = VECTOR('',#13789,1.);
#13789 = DIRECTION('',(0.,-1.));
#13790 = ( GEOMETRIC_REPRESENTATION_CONTEXT(2) 
PARAMETRIC_REPRESENTATION_CONTEXT() REPRESENTATION_CONTEXT('2D SPACE',''
  ) );
#13791 = ORIENTED_EDGE('',*,*,#13792,.F.);
#13792 = EDGE_CURVE('',#13691,#13764,#13793,.T.);
#13793 = SURFACE_CURVE('',#13794,(#13797,#13804),.PCURVE_S1.);
#13794 = B_SPLINE_CURVE_WITH_KNOTS('',1,(#13795,#13796),.UNSPECIFIED.,
  .F.,.F.,(2,2),(0.,0.37109375),.PIECEWISE_BEZIER_KNOTS.);
#13795 = CARTESIAN_POINT('',(0.298942526815,-0.120375694444,0.81));
#13796 = CARTESIAN_POINT('',(0.492218852107,-0.120375694444,0.81));
#13797 = PCURVE('',#13706,#13798);
#13798 = DEFINITIONAL_REPRESENTATION('',(#13799),#13803);
#13799 = LINE('',#13800,#13801);
#13800 = CARTESIAN_POINT('',(0.,0.));
#13801 = VECTOR('',#13802,1.);
#13802 = DIRECTION('',(1.,0.));
#13803 = ( GEOMETRIC_REPRESENTATION_CONTEXT(2) 
PARAMETRIC_REPRESENTATION_CONTEXT() REPRESENTATION_CONTEXT('2D SPACE',''
  ) );
#13804 = PCURVE('',#13143,#13805);
#13805 = DEFINITIONAL_REPRESENTATION('',(#13806),#13809);
#13806 = B_SPLINE_CURVE_WITH_KNOTS('',1,(#13807,#13808),.UNSPECIFIED.,
  .F.,.F.,(2,2),(0.,0.37109375),.PIECEWISE_BEZIER_KNOTS.);
#13807 = CARTESIAN_POINT('',(0.19677734375,8.30078125E-02));
#13808 = CARTESIAN_POINT('',(0.56787109375,8.30078125E-02));
#13809 = ( GEOMETRIC_REPRESENTATION_CONTEXT(2) 
PARAMETRIC_REPRESENTATION_CONTEXT() REPRESENTATION_CONTEXT('2D SPACE',''
  ) );
#13810 = ADVANCED_FACE('',(#13811),#13779,.T.);
#13811 = FACE_BOUND('',#13812,.T.);
#13812 = EDGE_LOOP('',(#13813,#13814,#13835,#13858));
#13813 = ORIENTED_EDGE('',*,*,#13763,.T.);
#13814 = ORIENTED_EDGE('',*,*,#13815,.T.);
#13815 = EDGE_CURVE('',#13743,#13816,#13818,.T.);
#13816 = VERTEX_POINT('',#13817);
#13817 = CARTESIAN_POINT('',(0.492218852107,-0.155934109832,0.818));
#13818 = SURFACE_CURVE('',#13819,(#13822,#13829),.PCURVE_S1.);
#13819 = B_SPLINE_CURVE_WITH_KNOTS('',1,(#13820,#13821),.UNSPECIFIED.,
  .F.,.F.,(2,2),(0.,8.30078125E-02),.PIECEWISE_BEZIER_KNOTS.);
#13820 = CARTESIAN_POINT('',(0.492218852107,-0.120375694444,0.818));
#13821 = CARTESIAN_POINT('',(0.492218852107,-0.155934109832,0.818));
#13822 = PCURVE('',#13779,#13823);
#13823 = DEFINITIONAL_REPRESENTATION('',(#13824),#13828);
#13824 = LINE('',#13825,#13826);
#13825 = CARTESIAN_POINT('',(0.,-8.E-03));
#13826 = VECTOR('',#13827,1.);
#13827 = DIRECTION('',(1.,0.));
#13828 = ( GEOMETRIC_REPRESENTATION_CONTEXT(2) 
PARAMETRIC_REPRESENTATION_CONTEXT() REPRESENTATION_CONTEXT('2D SPACE',''
  ) );
#13829 = PCURVE('',#13090,#13830);
#13830 = DEFINITIONAL_REPRESENTATION('',(#13831),#13834);
#13831 = B_SPLINE_CURVE_WITH_KNOTS('',1,(#13832,#13833),.UNSPECIFIED.,
  .F.,.F.,(2,2),(0.,8.30078125E-02),.PIECEWISE_BEZIER_KNOTS.);
#13832 = CARTESIAN_POINT('',(0.56787109375,8.30078125E-02));
#13833 = CARTESIAN_POINT('',(0.56787109375,0.));
#13834 = ( GEOMETRIC_REPRESENTATION_CONTEXT(2) 
PARAMETRIC_REPRESENTATION_CONTEXT() REPRESENTATION_CONTEXT('2D SPACE',''
  ) );
#13835 = ORIENTED_EDGE('',*,*,#13836,.F.);
#13836 = EDGE_CURVE('',#13837,#13816,#13839,.T.);
#13837 = VERTEX_POINT('',#13838);
#13838 = CARTESIAN_POINT('',(0.492218852107,-0.155934109832,0.81));
#13839 = SURFACE_CURVE('',#13840,(#13844,#13851),.PCURVE_S1.);
#13840 = LINE('',#13841,#13842);
#13841 = CARTESIAN_POINT('',(0.492218852107,-0.155934109832,0.81));
#13842 = VECTOR('',#13843,1.);
#13843 = DIRECTION('',(0.,0.,1.));
#13844 = PCURVE('',#13779,#13845);
#13845 = DEFINITIONAL_REPRESENTATION('',(#13846),#13850);
#13846 = LINE('',#13847,#13848);
#13847 = CARTESIAN_POINT('',(8.30078125E-02,0.));
#13848 = VECTOR('',#13849,1.);
#13849 = DIRECTION('',(0.,-1.));
#13850 = ( GEOMETRIC_REPRESENTATION_CONTEXT(2) 
PARAMETRIC_REPRESENTATION_CONTEXT() REPRESENTATION_CONTEXT('2D SPACE',''
  ) );
#13851 = PCURVE('',#13062,#13852);
#13852 = DEFINITIONAL_REPRESENTATION('',(#13853),#13857);
#13853 = LINE('',#13854,#13855);
#13854 = CARTESIAN_POINT('',(0.,0.));
#13855 = VECTOR('',#13856,1.);
#13856 = DIRECTION('',(0.,-1.));
#13857 = ( GEOMETRIC_REPRESENTATION_CONTEXT(2) 
PARAMETRIC_REPRESENTATION_CONTEXT() REPRESENTATION_CONTEXT('2D SPACE',''
  ) );
#13858 = ORIENTED_EDGE('',*,*,#13859,.F.);
#13859 = EDGE_CURVE('',#13764,#13837,#13860,.T.);
#13860 = SURFACE_CURVE('',#13861,(#13864,#13871),.PCURVE_S1.);
#13861 = B_SPLINE_CURVE_WITH_KNOTS('',1,(#13862,#13863),.UNSPECIFIED.,
  .F.,.F.,(2,2),(0.,8.30078125E-02),.PIECEWISE_BEZIER_KNOTS.);
#13862 = CARTESIAN_POINT('',(0.492218852107,-0.120375694444,0.81));
#13863 = CARTESIAN_POINT('',(0.492218852107,-0.155934109832,0.81));
#13864 = PCURVE('',#13779,#13865);
#13865 = DEFINITIONAL_REPRESENTATION('',(#13866),#13870);
#13866 = LINE('',#13867,#13868);
#13867 = CARTESIAN_POINT('',(0.,0.));
#13868 = VECTOR('',#13869,1.);
#13869 = DIRECTION('',(1.,0.));
#13870 = ( GEOMETRIC_REPRESENTATION_CONTEXT(2) 
PARAMETRIC_REPRESENTATION_CONTEXT() REPRESENTATION_CONTEXT('2D SPACE',''
  ) );
#13871 = PCURVE('',#13143,#13872);
#13872 = DEFINITIONAL_REPRESENTATION('',(#13873),#13876);
#13873 = B_SPLINE_CURVE_WITH_KNOTS('',1,(#13874,#13875),.UNSPECIFIED.,
  .F.,.F.,(2,2),(0.,8.30078125E-02),.PIECEWISE_BEZIER_KNOTS.);
#13874 = CARTESIAN_POINT('',(0.56787109375,8.30078125E-02));
#13875 = CARTESIAN_POINT('',(0.56787109375,0.));
#13876 = ( GEOMETRIC_REPRESENTATION_CONTEXT(2) 
PARAMETRIC_REPRESENTATION_CONTEXT() REPRESENTATION_CONTEXT('2D SPACE',''
  ) );
#13877 = ADVANCED_FACE('',(#13878),#13062,.T.);
#13878 = FACE_BOUND('',#13879,.T.);
#13879 = EDGE_LOOP('',(#13880,#13881,#13900,#13901));
#13880 = ORIENTED_EDGE('',*,*,#13836,.T.);
#13881 = ORIENTED_EDGE('',*,*,#13882,.T.);
#13882 = EDGE_CURVE('',#13816,#13041,#13883,.T.);
#13883 = SURFACE_CURVE('',#13884,(#13887,#13894),.PCURVE_S1.);
#13884 = B_SPLINE_CURVE_WITH_KNOTS('',1,(#13885,#13886),.UNSPECIFIED.,
  .F.,.F.,(2,2),(0.,0.4697265625),.PIECEWISE_BEZIER_KNOTS.);
#13885 = CARTESIAN_POINT('',(0.492218852107,-0.155934109832,0.818));
#13886 = CARTESIAN_POINT('',(0.247571714041,-0.155934109832,0.818));
#13887 = PCURVE('',#13062,#13888);
#13888 = DEFINITIONAL_REPRESENTATION('',(#13889),#13893);
#13889 = LINE('',#13890,#13891);
#13890 = CARTESIAN_POINT('',(0.,-8.E-03));
#13891 = VECTOR('',#13892,1.);
#13892 = DIRECTION('',(1.,0.));
#13893 = ( GEOMETRIC_REPRESENTATION_CONTEXT(2) 
PARAMETRIC_REPRESENTATION_CONTEXT() REPRESENTATION_CONTEXT('2D SPACE',''
  ) );
#13894 = PCURVE('',#13090,#13895);
#13895 = DEFINITIONAL_REPRESENTATION('',(#13896),#13899);
#13896 = B_SPLINE_CURVE_WITH_KNOTS('',1,(#13897,#13898),.UNSPECIFIED.,
  .F.,.F.,(2,2),(0.,0.4697265625),.PIECEWISE_BEZIER_KNOTS.);
#13897 = CARTESIAN_POINT('',(0.56787109375,0.));
#13898 = CARTESIAN_POINT('',(9.814453125E-02,0.));
#13899 = ( GEOMETRIC_REPRESENTATION_CONTEXT(2) 
PARAMETRIC_REPRESENTATION_CONTEXT() REPRESENTATION_CONTEXT('2D SPACE',''
  ) );
#13900 = ORIENTED_EDGE('',*,*,#13038,.F.);
#13901 = ORIENTED_EDGE('',*,*,#13902,.F.);
#13902 = EDGE_CURVE('',#13837,#13039,#13903,.T.);
#13903 = SURFACE_CURVE('',#13904,(#13907,#13914),.PCURVE_S1.);
#13904 = B_SPLINE_CURVE_WITH_KNOTS('',1,(#13905,#13906),.UNSPECIFIED.,
  .F.,.F.,(2,2),(0.,0.4697265625),.PIECEWISE_BEZIER_KNOTS.);
#13905 = CARTESIAN_POINT('',(0.492218852107,-0.155934109832,0.81));
#13906 = CARTESIAN_POINT('',(0.247571714041,-0.155934109832,0.81));
#13907 = PCURVE('',#13062,#13908);
#13908 = DEFINITIONAL_REPRESENTATION('',(#13909),#13913);
#13909 = LINE('',#13910,#13911);
#13910 = CARTESIAN_POINT('',(0.,0.));
#13911 = VECTOR('',#13912,1.);
#13912 = DIRECTION('',(1.,0.));
#13913 = ( GEOMETRIC_REPRESENTATION_CONTEXT(2) 
PARAMETRIC_REPRESENTATION_CONTEXT() REPRESENTATION_CONTEXT('2D SPACE',''
  ) );
#13914 = PCURVE('',#13143,#13915);
#13915 = DEFINITIONAL_REPRESENTATION('',(#13916),#13919);
#13916 = B_SPLINE_CURVE_WITH_KNOTS('',1,(#13917,#13918),.UNSPECIFIED.,
  .F.,.F.,(2,2),(0.,0.4697265625),.PIECEWISE_BEZIER_KNOTS.);
#13917 = CARTESIAN_POINT('',(0.56787109375,0.));
#13918 = CARTESIAN_POINT('',(9.814453125E-02,0.));
#13919 = ( GEOMETRIC_REPRESENTATION_CONTEXT(2) 
PARAMETRIC_REPRESENTATION_CONTEXT() REPRESENTATION_CONTEXT('2D SPACE',''
  ) );
#13920 = ADVANCED_FACE('',(#13921),#13143,.F.);
#13921 = FACE_BOUND('',#13922,.T.);
#13922 = EDGE_LOOP('',(#13923,#13924,#13925,#13926,#13927,#13928,#13929,
    #13930,#13931,#13932,#13933,#13934));
#13923 = ORIENTED_EDGE('',*,*,#13130,.T.);
#13924 = ORIENTED_EDGE('',*,*,#13208,.T.);
#13925 = ORIENTED_EDGE('',*,*,#13281,.T.);
#13926 = ORIENTED_EDGE('',*,*,#13354,.T.);
#13927 = ORIENTED_EDGE('',*,*,#13427,.T.);
#13928 = ORIENTED_EDGE('',*,*,#13500,.T.);
#13929 = ORIENTED_EDGE('',*,*,#13573,.T.);
#13930 = ORIENTED_EDGE('',*,*,#13646,.T.);
#13931 = ORIENTED_EDGE('',*,*,#13719,.T.);
#13932 = ORIENTED_EDGE('',*,*,#13792,.T.);
#13933 = ORIENTED_EDGE('',*,*,#13859,.T.);
#13934 = ORIENTED_EDGE('',*,*,#13902,.T.);
#13935 = ADVANCED_FACE('',(#13936),#13090,.T.);
#13936 = FACE_BOUND('',#13937,.F.);
#13937 = EDGE_LOOP('',(#13938,#13939,#13940,#13941,#13942,#13943,#13944,
    #13945,#13946,#13947,#13948,#13949));
#13938 = ORIENTED_EDGE('',*,*,#13075,.T.);
#13939 = ORIENTED_EDGE('',*,*,#13158,.T.);
#13940 = ORIENTED_EDGE('',*,*,#13231,.T.);
#13941 = ORIENTED_EDGE('',*,*,#13304,.T.);
#13942 = ORIENTED_EDGE('',*,*,#13377,.T.);
#13943 = ORIENTED_EDGE('',*,*,#13450,.T.);
#13944 = ORIENTED_EDGE('',*,*,#13523,.T.);
#13945 = ORIENTED_EDGE('',*,*,#13596,.T.);
#13946 = ORIENTED_EDGE('',*,*,#13669,.T.);
#13947 = ORIENTED_EDGE('',*,*,#13742,.T.);
#13948 = ORIENTED_EDGE('',*,*,#13815,.T.);
#13949 = ORIENTED_EDGE('',*,*,#13882,.T.);
#13950 = MANIFOLD_SOLID_BREP('',#13951);
#13951 = CLOSED_SHELL('',(#13952,#14071,#14144,#14217,#14290,#14363,
    #14436,#14503,#14546,#14655,#14722,#14765,#14781));
#13952 = ADVANCED_FACE('',(#13953),#13967,.T.);
#13953 = FACE_BOUND('',#13954,.T.);
#13954 = EDGE_LOOP('',(#13955,#13992,#14018,#14047));
#13955 = ORIENTED_EDGE('',*,*,#13956,.T.);
#13956 = EDGE_CURVE('',#13957,#13959,#13961,.T.);
#13957 = VERTEX_POINT('',#13958);
#13958 = CARTESIAN_POINT('',(0.529602562393,-0.155934109832,0.81));
#13959 = VERTEX_POINT('',#13960);
#13960 = CARTESIAN_POINT('',(0.529602562393,-0.155934109832,0.818));
#13961 = SURFACE_CURVE('',#13962,(#13966,#13979),.PCURVE_S1.);
#13962 = LINE('',#13963,#13964);
#13963 = CARTESIAN_POINT('',(0.529602562393,-0.155934109832,0.81));
#13964 = VECTOR('',#13965,1.);
#13965 = DIRECTION('',(0.,0.,1.));
#13966 = PCURVE('',#13967,#13973);
#13967 = SURFACE_OF_LINEAR_EXTRUSION('',#13968,#13971);
#13968 = B_SPLINE_CURVE_WITH_KNOTS('',1,(#13969,#13970),.UNSPECIFIED.,
  .F.,.F.,(2,2),(0.,0.780326144428),.PIECEWISE_BEZIER_KNOTS.);
#13969 = CARTESIAN_POINT('',(0.529602562393,-0.155934109832,0.81));
#13970 = CARTESIAN_POINT('',(0.674559806361,0.15635244413,0.81));
#13971 = VECTOR('',#13972,1.);
#13972 = DIRECTION('',(-0.,-0.,-1.));
#13973 = DEFINITIONAL_REPRESENTATION('',(#13974),#13978);
#13974 = LINE('',#13975,#13976);
#13975 = CARTESIAN_POINT('',(0.,0.));
#13976 = VECTOR('',#13977,1.);
#13977 = DIRECTION('',(0.,-1.));
#13978 = ( GEOMETRIC_REPRESENTATION_CONTEXT(2) 
PARAMETRIC_REPRESENTATION_CONTEXT() REPRESENTATION_CONTEXT('2D SPACE',''
  ) );
#13979 = PCURVE('',#13980,#13986);
#13980 = SURFACE_OF_LINEAR_EXTRUSION('',#13981,#13984);
#13981 = B_SPLINE_CURVE_WITH_KNOTS('',1,(#13982,#13983),.UNSPECIFIED.,
  .F.,.F.,(2,2),(0.,0.10400390625),.PIECEWISE_BEZIER_KNOTS.);
#13982 = CARTESIAN_POINT('',(0.583770795665,-0.155934109832,0.81));
#13983 = CARTESIAN_POINT('',(0.529602562393,-0.155934109832,0.81));
#13984 = VECTOR('',#13985,1.);
#13985 = DIRECTION('',(-0.,-0.,-1.));
#13986 = DEFINITIONAL_REPRESENTATION('',(#13987),#13991);
#13987 = LINE('',#13988,#13989);
#13988 = CARTESIAN_POINT('',(0.10400390625,0.));
#13989 = VECTOR('',#13990,1.);
#13990 = DIRECTION('',(0.,-1.));
#13991 = ( GEOMETRIC_REPRESENTATION_CONTEXT(2) 
PARAMETRIC_REPRESENTATION_CONTEXT() REPRESENTATION_CONTEXT('2D SPACE',''
  ) );
#13992 = ORIENTED_EDGE('',*,*,#13993,.T.);
#13993 = EDGE_CURVE('',#13959,#13994,#13996,.T.);
#13994 = VERTEX_POINT('',#13995);
#13995 = CARTESIAN_POINT('',(0.674559806361,0.15635244413,0.818));
#13996 = SURFACE_CURVE('',#13997,(#14000,#14007),.PCURVE_S1.);
#13997 = B_SPLINE_CURVE_WITH_KNOTS('',1,(#13998,#13999),.UNSPECIFIED.,
  .F.,.F.,(2,2),(0.,0.780326144428),.PIECEWISE_BEZIER_KNOTS.);
#13998 = CARTESIAN_POINT('',(0.529602562393,-0.155934109832,0.818));
#13999 = CARTESIAN_POINT('',(0.674559806361,0.15635244413,0.818));
#14000 = PCURVE('',#13967,#14001);
#14001 = DEFINITIONAL_REPRESENTATION('',(#14002),#14006);
#14002 = LINE('',#14003,#14004);
#14003 = CARTESIAN_POINT('',(0.,-8.E-03));
#14004 = VECTOR('',#14005,1.);
#14005 = DIRECTION('',(1.,0.));
#14006 = ( GEOMETRIC_REPRESENTATION_CONTEXT(2) 
PARAMETRIC_REPRESENTATION_CONTEXT() REPRESENTATION_CONTEXT('2D SPACE',''
  ) );
#14007 = PCURVE('',#14008,#14013);
#14008 = B_SPLINE_SURFACE_WITH_KNOTS('',1,1,(
    (#14009,#14010)
    ,(#14011,#14012
    )),.UNSPECIFIED.,.F.,.F.,.F.,(2,2),(2,2),(7.8125E-03,0.67578125),(0.
    ,0.72900390625),.PIECEWISE_BEZIER_KNOTS.);
#14009 = CARTESIAN_POINT('',(0.529602562393,-0.155934109832,0.818));
#14010 = CARTESIAN_POINT('',(0.529602562393,0.15635244413,0.818));
#14011 = CARTESIAN_POINT('',(0.877499947917,-0.155934109832,0.818));
#14012 = CARTESIAN_POINT('',(0.877499947917,0.15635244413,0.818));
#14013 = DEFINITIONAL_REPRESENTATION('',(#14014),#14017);
#14014 = B_SPLINE_CURVE_WITH_KNOTS('',1,(#14015,#14016),.UNSPECIFIED.,
  .F.,.F.,(2,2),(0.,0.780326144428),.PIECEWISE_BEZIER_KNOTS.);
#14015 = CARTESIAN_POINT('',(7.8125E-03,0.));
#14016 = CARTESIAN_POINT('',(0.2861328125,0.72900390625));
#14017 = ( GEOMETRIC_REPRESENTATION_CONTEXT(2) 
PARAMETRIC_REPRESENTATION_CONTEXT() REPRESENTATION_CONTEXT('2D SPACE',''
  ) );
#14018 = ORIENTED_EDGE('',*,*,#14019,.F.);
#14019 = EDGE_CURVE('',#14020,#13994,#14022,.T.);
#14020 = VERTEX_POINT('',#14021);
#14021 = CARTESIAN_POINT('',(0.674559806361,0.15635244413,0.81));
#14022 = SURFACE_CURVE('',#14023,(#14027,#14034),.PCURVE_S1.);
#14023 = LINE('',#14024,#14025);
#14024 = CARTESIAN_POINT('',(0.674559806361,0.15635244413,0.81));
#14025 = VECTOR('',#14026,1.);
#14026 = DIRECTION('',(0.,0.,1.));
#14027 = PCURVE('',#13967,#14028);
#14028 = DEFINITIONAL_REPRESENTATION('',(#14029),#14033);
#14029 = LINE('',#14030,#14031);
#14030 = CARTESIAN_POINT('',(0.780326144428,0.));
#14031 = VECTOR('',#14032,1.);
#14032 = DIRECTION('',(0.,-1.));
#14033 = ( GEOMETRIC_REPRESENTATION_CONTEXT(2) 
PARAMETRIC_REPRESENTATION_CONTEXT() REPRESENTATION_CONTEXT('2D SPACE',''
  ) );
#14034 = PCURVE('',#14035,#14041);
#14035 = SURFACE_OF_LINEAR_EXTRUSION('',#14036,#14039);
#14036 = B_SPLINE_CURVE_WITH_KNOTS('',1,(#14037,#14038),.UNSPECIFIED.,
  .F.,.F.,(2,2),(0.,0.11181640625),.PIECEWISE_BEZIER_KNOTS.);
#14037 = CARTESIAN_POINT('',(0.674559806361,0.15635244413,0.81));
#14038 = CARTESIAN_POINT('',(0.732797014903,0.15635244413,0.81));
#14039 = VECTOR('',#14040,1.);
#14040 = DIRECTION('',(-0.,-0.,-1.));
#14041 = DEFINITIONAL_REPRESENTATION('',(#14042),#14046);
#14042 = LINE('',#14043,#14044);
#14043 = CARTESIAN_POINT('',(0.,0.));
#14044 = VECTOR('',#14045,1.);
#14045 = DIRECTION('',(0.,-1.));
#14046 = ( GEOMETRIC_REPRESENTATION_CONTEXT(2) 
PARAMETRIC_REPRESENTATION_CONTEXT() REPRESENTATION_CONTEXT('2D SPACE',''
  ) );
#14047 = ORIENTED_EDGE('',*,*,#14048,.F.);
#14048 = EDGE_CURVE('',#13957,#14020,#14049,.T.);
#14049 = SURFACE_CURVE('',#14050,(#14053,#14060),.PCURVE_S1.);
#14050 = B_SPLINE_CURVE_WITH_KNOTS('',1,(#14051,#14052),.UNSPECIFIED.,
  .F.,.F.,(2,2),(0.,0.780326144428),.PIECEWISE_BEZIER_KNOTS.);
#14051 = CARTESIAN_POINT('',(0.529602562393,-0.155934109832,0.81));
#14052 = CARTESIAN_POINT('',(0.674559806361,0.15635244413,0.81));
#14053 = PCURVE('',#13967,#14054);
#14054 = DEFINITIONAL_REPRESENTATION('',(#14055),#14059);
#14055 = LINE('',#14056,#14057);
#14056 = CARTESIAN_POINT('',(0.,0.));
#14057 = VECTOR('',#14058,1.);
#14058 = DIRECTION('',(1.,0.));
#14059 = ( GEOMETRIC_REPRESENTATION_CONTEXT(2) 
PARAMETRIC_REPRESENTATION_CONTEXT() REPRESENTATION_CONTEXT('2D SPACE',''
  ) );
#14060 = PCURVE('',#14061,#14066);
#14061 = B_SPLINE_SURFACE_WITH_KNOTS('',1,1,(
    (#14062,#14063)
    ,(#14064,#14065
    )),.UNSPECIFIED.,.F.,.F.,.F.,(2,2),(2,2),(7.8125E-03,0.67578125),(0.
    ,0.72900390625),.PIECEWISE_BEZIER_KNOTS.);
#14062 = CARTESIAN_POINT('',(0.529602562393,-0.155934109832,0.81));
#14063 = CARTESIAN_POINT('',(0.529602562393,0.15635244413,0.81));
#14064 = CARTESIAN_POINT('',(0.877499947917,-0.155934109832,0.81));
#14065 = CARTESIAN_POINT('',(0.877499947917,0.15635244413,0.81));
#14066 = DEFINITIONAL_REPRESENTATION('',(#14067),#14070);
#14067 = B_SPLINE_CURVE_WITH_KNOTS('',1,(#14068,#14069),.UNSPECIFIED.,
  .F.,.F.,(2,2),(0.,0.780326144428),.PIECEWISE_BEZIER_KNOTS.);
#14068 = CARTESIAN_POINT('',(7.8125E-03,0.));
#14069 = CARTESIAN_POINT('',(0.2861328125,0.72900390625));
#14070 = ( GEOMETRIC_REPRESENTATION_CONTEXT(2) 
PARAMETRIC_REPRESENTATION_CONTEXT() REPRESENTATION_CONTEXT('2D SPACE',''
  ) );
#14071 = ADVANCED_FACE('',(#14072),#14035,.T.);
#14072 = FACE_BOUND('',#14073,.T.);
#14073 = EDGE_LOOP('',(#14074,#14075,#14096,#14125));
#14074 = ORIENTED_EDGE('',*,*,#14019,.T.);
#14075 = ORIENTED_EDGE('',*,*,#14076,.T.);
#14076 = EDGE_CURVE('',#13994,#14077,#14079,.T.);
#14077 = VERTEX_POINT('',#14078);
#14078 = CARTESIAN_POINT('',(0.732797014903,0.15635244413,0.818));
#14079 = SURFACE_CURVE('',#14080,(#14083,#14090),.PCURVE_S1.);
#14080 = B_SPLINE_CURVE_WITH_KNOTS('',1,(#14081,#14082),.UNSPECIFIED.,
  .F.,.F.,(2,2),(0.,0.11181640625),.PIECEWISE_BEZIER_KNOTS.);
#14081 = CARTESIAN_POINT('',(0.674559806361,0.15635244413,0.818));
#14082 = CARTESIAN_POINT('',(0.732797014903,0.15635244413,0.818));
#14083 = PCURVE('',#14035,#14084);
#14084 = DEFINITIONAL_REPRESENTATION('',(#14085),#14089);
#14085 = LINE('',#14086,#14087);
#14086 = CARTESIAN_POINT('',(0.,-8.E-03));
#14087 = VECTOR('',#14088,1.);
#14088 = DIRECTION('',(1.,0.));
#14089 = ( GEOMETRIC_REPRESENTATION_CONTEXT(2) 
PARAMETRIC_REPRESENTATION_CONTEXT() REPRESENTATION_CONTEXT('2D SPACE',''
  ) );
#14090 = PCURVE('',#14008,#14091);
#14091 = DEFINITIONAL_REPRESENTATION('',(#14092),#14095);
#14092 = B_SPLINE_CURVE_WITH_KNOTS('',1,(#14093,#14094),.UNSPECIFIED.,
  .F.,.F.,(2,2),(0.,0.11181640625),.PIECEWISE_BEZIER_KNOTS.);
#14093 = CARTESIAN_POINT('',(0.2861328125,0.72900390625));
#14094 = CARTESIAN_POINT('',(0.39794921875,0.72900390625));
#14095 = ( GEOMETRIC_REPRESENTATION_CONTEXT(2) 
PARAMETRIC_REPRESENTATION_CONTEXT() REPRESENTATION_CONTEXT('2D SPACE',''
  ) );
#14096 = ORIENTED_EDGE('',*,*,#14097,.F.);
#14097 = EDGE_CURVE('',#14098,#14077,#14100,.T.);
#14098 = VERTEX_POINT('',#14099);
#14099 = CARTESIAN_POINT('',(0.732797014903,0.15635244413,0.81));
#14100 = SURFACE_CURVE('',#14101,(#14105,#14112),.PCURVE_S1.);
#14101 = LINE('',#14102,#14103);
#14102 = CARTESIAN_POINT('',(0.732797014903,0.15635244413,0.81));
#14103 = VECTOR('',#14104,1.);
#14104 = DIRECTION('',(0.,0.,1.));
#14105 = PCURVE('',#14035,#14106);
#14106 = DEFINITIONAL_REPRESENTATION('',(#14107),#14111);
#14107 = LINE('',#14108,#14109);
#14108 = CARTESIAN_POINT('',(0.11181640625,0.));
#14109 = VECTOR('',#14110,1.);
#14110 = DIRECTION('',(0.,-1.));
#14111 = ( GEOMETRIC_REPRESENTATION_CONTEXT(2) 
PARAMETRIC_REPRESENTATION_CONTEXT() REPRESENTATION_CONTEXT('2D SPACE',''
  ) );
#14112 = PCURVE('',#14113,#14119);
#14113 = SURFACE_OF_LINEAR_EXTRUSION('',#14114,#14117);
#14114 = B_SPLINE_CURVE_WITH_KNOTS('',1,(#14115,#14116),.UNSPECIFIED.,
  .F.,.F.,(2,2),(0.,0.780152121651),.PIECEWISE_BEZIER_KNOTS.);
#14115 = CARTESIAN_POINT('',(0.732797014903,0.15635244413,0.81));
#14116 = CARTESIAN_POINT('',(0.877499947917,-0.155934109832,0.81));
#14117 = VECTOR('',#14118,1.);
#14118 = DIRECTION('',(-0.,-0.,-1.));
#14119 = DEFINITIONAL_REPRESENTATION('',(#14120),#14124);
#14120 = LINE('',#14121,#14122);
#14121 = CARTESIAN_POINT('',(0.,0.));
#14122 = VECTOR('',#14123,1.);
#14123 = DIRECTION('',(0.,-1.));
#14124 = ( GEOMETRIC_REPRESENTATION_CONTEXT(2) 
PARAMETRIC_REPRESENTATION_CONTEXT() REPRESENTATION_CONTEXT('2D SPACE',''
  ) );
#14125 = ORIENTED_EDGE('',*,*,#14126,.F.);
#14126 = EDGE_CURVE('',#14020,#14098,#14127,.T.);
#14127 = SURFACE_CURVE('',#14128,(#14131,#14138),.PCURVE_S1.);
#14128 = B_SPLINE_CURVE_WITH_KNOTS('',1,(#14129,#14130),.UNSPECIFIED.,
  .F.,.F.,(2,2),(0.,0.11181640625),.PIECEWISE_BEZIER_KNOTS.);
#14129 = CARTESIAN_POINT('',(0.674559806361,0.15635244413,0.81));
#14130 = CARTESIAN_POINT('',(0.732797014903,0.15635244413,0.81));
#14131 = PCURVE('',#14035,#14132);
#14132 = DEFINITIONAL_REPRESENTATION('',(#14133),#14137);
#14133 = LINE('',#14134,#14135);
#14134 = CARTESIAN_POINT('',(0.,0.));
#14135 = VECTOR('',#14136,1.);
#14136 = DIRECTION('',(1.,0.));
#14137 = ( GEOMETRIC_REPRESENTATION_CONTEXT(2) 
PARAMETRIC_REPRESENTATION_CONTEXT() REPRESENTATION_CONTEXT('2D SPACE',''
  ) );
#14138 = PCURVE('',#14061,#14139);
#14139 = DEFINITIONAL_REPRESENTATION('',(#14140),#14143);
#14140 = B_SPLINE_CURVE_WITH_KNOTS('',1,(#14141,#14142),.UNSPECIFIED.,
  .F.,.F.,(2,2),(0.,0.11181640625),.PIECEWISE_BEZIER_KNOTS.);
#14141 = CARTESIAN_POINT('',(0.2861328125,0.72900390625));
#14142 = CARTESIAN_POINT('',(0.39794921875,0.72900390625));
#14143 = ( GEOMETRIC_REPRESENTATION_CONTEXT(2) 
PARAMETRIC_REPRESENTATION_CONTEXT() REPRESENTATION_CONTEXT('2D SPACE',''
  ) );
#14144 = ADVANCED_FACE('',(#14145),#14113,.T.);
#14145 = FACE_BOUND('',#14146,.T.);
#14146 = EDGE_LOOP('',(#14147,#14148,#14169,#14198));
#14147 = ORIENTED_EDGE('',*,*,#14097,.T.);
#14148 = ORIENTED_EDGE('',*,*,#14149,.T.);
#14149 = EDGE_CURVE('',#14077,#14150,#14152,.T.);
#14150 = VERTEX_POINT('',#14151);
#14151 = CARTESIAN_POINT('',(0.877499947917,-0.155934109832,0.818));
#14152 = SURFACE_CURVE('',#14153,(#14156,#14163),.PCURVE_S1.);
#14153 = B_SPLINE_CURVE_WITH_KNOTS('',1,(#14154,#14155),.UNSPECIFIED.,
  .F.,.F.,(2,2),(0.,0.780152121651),.PIECEWISE_BEZIER_KNOTS.);
#14154 = CARTESIAN_POINT('',(0.732797014903,0.15635244413,0.818));
#14155 = CARTESIAN_POINT('',(0.877499947917,-0.155934109832,0.818));
#14156 = PCURVE('',#14113,#14157);
#14157 = DEFINITIONAL_REPRESENTATION('',(#14158),#14162);
#14158 = LINE('',#14159,#14160);
#14159 = CARTESIAN_POINT('',(0.,-8.E-03));
#14160 = VECTOR('',#14161,1.);
#14161 = DIRECTION('',(1.,0.));
#14162 = ( GEOMETRIC_REPRESENTATION_CONTEXT(2) 
PARAMETRIC_REPRESENTATION_CONTEXT() REPRESENTATION_CONTEXT('2D SPACE',''
  ) );
#14163 = PCURVE('',#14008,#14164);
#14164 = DEFINITIONAL_REPRESENTATION('',(#14165),#14168);
#14165 = B_SPLINE_CURVE_WITH_KNOTS('',1,(#14166,#14167),.UNSPECIFIED.,
  .F.,.F.,(2,2),(0.,0.780152121651),.PIECEWISE_BEZIER_KNOTS.);
#14166 = CARTESIAN_POINT('',(0.39794921875,0.72900390625));
#14167 = CARTESIAN_POINT('',(0.67578125,-1.110223024625E-16));
#14168 = ( GEOMETRIC_REPRESENTATION_CONTEXT(2) 
PARAMETRIC_REPRESENTATION_CONTEXT() REPRESENTATION_CONTEXT('2D SPACE',''
  ) );
#14169 = ORIENTED_EDGE('',*,*,#14170,.F.);
#14170 = EDGE_CURVE('',#14171,#14150,#14173,.T.);
#14171 = VERTEX_POINT('',#14172);
#14172 = CARTESIAN_POINT('',(0.877499947917,-0.155934109832,0.81));
#14173 = SURFACE_CURVE('',#14174,(#14178,#14185),.PCURVE_S1.);
#14174 = LINE('',#14175,#14176);
#14175 = CARTESIAN_POINT('',(0.877499947917,-0.155934109832,0.81));
#14176 = VECTOR('',#14177,1.);
#14177 = DIRECTION('',(0.,0.,1.));
#14178 = PCURVE('',#14113,#14179);
#14179 = DEFINITIONAL_REPRESENTATION('',(#14180),#14184);
#14180 = LINE('',#14181,#14182);
#14181 = CARTESIAN_POINT('',(0.780152121651,0.));
#14182 = VECTOR('',#14183,1.);
#14183 = DIRECTION('',(0.,-1.));
#14184 = ( GEOMETRIC_REPRESENTATION_CONTEXT(2) 
PARAMETRIC_REPRESENTATION_CONTEXT() REPRESENTATION_CONTEXT('2D SPACE',''
  ) );
#14185 = PCURVE('',#14186,#14192);
#14186 = SURFACE_OF_LINEAR_EXTRUSION('',#14187,#14190);
#14187 = B_SPLINE_CURVE_WITH_KNOTS('',1,(#14188,#14189),.UNSPECIFIED.,
  .F.,.F.,(2,2),(0.,0.1025390625),.PIECEWISE_BEZIER_KNOTS.);
#14188 = CARTESIAN_POINT('',(0.877499947917,-0.155934109832,0.81));
#14189 = CARTESIAN_POINT('',(0.824094647508,-0.155934109832,0.81));
#14190 = VECTOR('',#14191,1.);
#14191 = DIRECTION('',(-0.,-0.,-1.));
#14192 = DEFINITIONAL_REPRESENTATION('',(#14193),#14197);
#14193 = LINE('',#14194,#14195);
#14194 = CARTESIAN_POINT('',(0.,0.));
#14195 = VECTOR('',#14196,1.);
#14196 = DIRECTION('',(0.,-1.));
#14197 = ( GEOMETRIC_REPRESENTATION_CONTEXT(2) 
PARAMETRIC_REPRESENTATION_CONTEXT() REPRESENTATION_CONTEXT('2D SPACE',''
  ) );
#14198 = ORIENTED_EDGE('',*,*,#14199,.F.);
#14199 = EDGE_CURVE('',#14098,#14171,#14200,.T.);
#14200 = SURFACE_CURVE('',#14201,(#14204,#14211),.PCURVE_S1.);
#14201 = B_SPLINE_CURVE_WITH_KNOTS('',1,(#14202,#14203),.UNSPECIFIED.,
  .F.,.F.,(2,2),(0.,0.780152121651),.PIECEWISE_BEZIER_KNOTS.);
#14202 = CARTESIAN_POINT('',(0.732797014903,0.15635244413,0.81));
#14203 = CARTESIAN_POINT('',(0.877499947917,-0.155934109832,0.81));
#14204 = PCURVE('',#14113,#14205);
#14205 = DEFINITIONAL_REPRESENTATION('',(#14206),#14210);
#14206 = LINE('',#14207,#14208);
#14207 = CARTESIAN_POINT('',(0.,0.));
#14208 = VECTOR('',#14209,1.);
#14209 = DIRECTION('',(1.,0.));
#14210 = ( GEOMETRIC_REPRESENTATION_CONTEXT(2) 
PARAMETRIC_REPRESENTATION_CONTEXT() REPRESENTATION_CONTEXT('2D SPACE',''
  ) );
#14211 = PCURVE('',#14061,#14212);
#14212 = DEFINITIONAL_REPRESENTATION('',(#14213),#14216);
#14213 = B_SPLINE_CURVE_WITH_KNOTS('',1,(#14214,#14215),.UNSPECIFIED.,
  .F.,.F.,(2,2),(0.,0.780152121651),.PIECEWISE_BEZIER_KNOTS.);
#14214 = CARTESIAN_POINT('',(0.39794921875,0.72900390625));
#14215 = CARTESIAN_POINT('',(0.67578125,-1.110223024625E-16));
#14216 = ( GEOMETRIC_REPRESENTATION_CONTEXT(2) 
PARAMETRIC_REPRESENTATION_CONTEXT() REPRESENTATION_CONTEXT('2D SPACE',''
  ) );
#14217 = ADVANCED_FACE('',(#14218),#14186,.T.);
#14218 = FACE_BOUND('',#14219,.T.);
#14219 = EDGE_LOOP('',(#14220,#14221,#14242,#14271));
#14220 = ORIENTED_EDGE('',*,*,#14170,.T.);
#14221 = ORIENTED_EDGE('',*,*,#14222,.T.);
#14222 = EDGE_CURVE('',#14150,#14223,#14225,.T.);
#14223 = VERTEX_POINT('',#14224);
#14224 = CARTESIAN_POINT('',(0.824094647508,-0.155934109832,0.818));
#14225 = SURFACE_CURVE('',#14226,(#14229,#14236),.PCURVE_S1.);
#14226 = B_SPLINE_CURVE_WITH_KNOTS('',1,(#14227,#14228),.UNSPECIFIED.,
  .F.,.F.,(2,2),(0.,0.1025390625),.PIECEWISE_BEZIER_KNOTS.);
#14227 = CARTESIAN_POINT('',(0.877499947917,-0.155934109832,0.818));
#14228 = CARTESIAN_POINT('',(0.824094647508,-0.155934109832,0.818));
#14229 = PCURVE('',#14186,#14230);
#14230 = DEFINITIONAL_REPRESENTATION('',(#14231),#14235);
#14231 = LINE('',#14232,#14233);
#14232 = CARTESIAN_POINT('',(0.,-8.E-03));
#14233 = VECTOR('',#14234,1.);
#14234 = DIRECTION('',(1.,0.));
#14235 = ( GEOMETRIC_REPRESENTATION_CONTEXT(2) 
PARAMETRIC_REPRESENTATION_CONTEXT() REPRESENTATION_CONTEXT('2D SPACE',''
  ) );
#14236 = PCURVE('',#14008,#14237);
#14237 = DEFINITIONAL_REPRESENTATION('',(#14238),#14241);
#14238 = B_SPLINE_CURVE_WITH_KNOTS('',1,(#14239,#14240),.UNSPECIFIED.,
  .F.,.F.,(2,2),(0.,0.1025390625),.PIECEWISE_BEZIER_KNOTS.);
#14239 = CARTESIAN_POINT('',(0.67578125,0.));
#14240 = CARTESIAN_POINT('',(0.5732421875,0.));
#14241 = ( GEOMETRIC_REPRESENTATION_CONTEXT(2) 
PARAMETRIC_REPRESENTATION_CONTEXT() REPRESENTATION_CONTEXT('2D SPACE',''
  ) );
#14242 = ORIENTED_EDGE('',*,*,#14243,.F.);
#14243 = EDGE_CURVE('',#14244,#14223,#14246,.T.);
#14244 = VERTEX_POINT('',#14245);
#14245 = CARTESIAN_POINT('',(0.824094647508,-0.155934109832,0.81));
#14246 = SURFACE_CURVE('',#14247,(#14251,#14258),.PCURVE_S1.);
#14247 = LINE('',#14248,#14249);
#14248 = CARTESIAN_POINT('',(0.824094647508,-0.155934109832,0.81));
#14249 = VECTOR('',#14250,1.);
#14250 = DIRECTION('',(0.,0.,1.));
#14251 = PCURVE('',#14186,#14252);
#14252 = DEFINITIONAL_REPRESENTATION('',(#14253),#14257);
#14253 = LINE('',#14254,#14255);
#14254 = CARTESIAN_POINT('',(0.1025390625,0.));
#14255 = VECTOR('',#14256,1.);
#14256 = DIRECTION('',(0.,-1.));
#14257 = ( GEOMETRIC_REPRESENTATION_CONTEXT(2) 
PARAMETRIC_REPRESENTATION_CONTEXT() REPRESENTATION_CONTEXT('2D SPACE',''
  ) );
#14258 = PCURVE('',#14259,#14265);
#14259 = SURFACE_OF_LINEAR_EXTRUSION('',#14260,#14263);
#14260 = B_SPLINE_CURVE_WITH_KNOTS('',1,(#14261,#14262),.UNSPECIFIED.,
  .F.,.F.,(2,2),(0.,0.198451941258),.PIECEWISE_BEZIER_KNOTS.);
#14261 = CARTESIAN_POINT('',(0.824094647508,-0.155934109832,0.81));
#14262 = CARTESIAN_POINT('',(0.789508357719,-7.582309163516E-02,0.81));
#14263 = VECTOR('',#14264,1.);
#14264 = DIRECTION('',(-0.,-0.,-1.));
#14265 = DEFINITIONAL_REPRESENTATION('',(#14266),#14270);
#14266 = LINE('',#14267,#14268);
#14267 = CARTESIAN_POINT('',(0.,0.));
#14268 = VECTOR('',#14269,1.);
#14269 = DIRECTION('',(0.,-1.));
#14270 = ( GEOMETRIC_REPRESENTATION_CONTEXT(2) 
PARAMETRIC_REPRESENTATION_CONTEXT() REPRESENTATION_CONTEXT('2D SPACE',''
  ) );
#14271 = ORIENTED_EDGE('',*,*,#14272,.F.);
#14272 = EDGE_CURVE('',#14171,#14244,#14273,.T.);
#14273 = SURFACE_CURVE('',#14274,(#14277,#14284),.PCURVE_S1.);
#14274 = B_SPLINE_CURVE_WITH_KNOTS('',1,(#14275,#14276),.UNSPECIFIED.,
  .F.,.F.,(2,2),(0.,0.1025390625),.PIECEWISE_BEZIER_KNOTS.);
#14275 = CARTESIAN_POINT('',(0.877499947917,-0.155934109832,0.81));
#14276 = CARTESIAN_POINT('',(0.824094647508,-0.155934109832,0.81));
#14277 = PCURVE('',#14186,#14278);
#14278 = DEFINITIONAL_REPRESENTATION('',(#14279),#14283);
#14279 = LINE('',#14280,#14281);
#14280 = CARTESIAN_POINT('',(0.,0.));
#14281 = VECTOR('',#14282,1.);
#14282 = DIRECTION('',(1.,0.));
#14283 = ( GEOMETRIC_REPRESENTATION_CONTEXT(2) 
PARAMETRIC_REPRESENTATION_CONTEXT() REPRESENTATION_CONTEXT('2D SPACE',''
  ) );
#14284 = PCURVE('',#14061,#14285);
#14285 = DEFINITIONAL_REPRESENTATION('',(#14286),#14289);
#14286 = B_SPLINE_CURVE_WITH_KNOTS('',1,(#14287,#14288),.UNSPECIFIED.,
  .F.,.F.,(2,2),(0.,0.1025390625),.PIECEWISE_BEZIER_KNOTS.);
#14287 = CARTESIAN_POINT('',(0.67578125,0.));
#14288 = CARTESIAN_POINT('',(0.5732421875,0.));
#14289 = ( GEOMETRIC_REPRESENTATION_CONTEXT(2) 
PARAMETRIC_REPRESENTATION_CONTEXT() REPRESENTATION_CONTEXT('2D SPACE',''
  ) );
#14290 = ADVANCED_FACE('',(#14291),#14259,.T.);
#14291 = FACE_BOUND('',#14292,.T.);
#14292 = EDGE_LOOP('',(#14293,#14294,#14315,#14344));
#14293 = ORIENTED_EDGE('',*,*,#14243,.T.);
#14294 = ORIENTED_EDGE('',*,*,#14295,.T.);
#14295 = EDGE_CURVE('',#14223,#14296,#14298,.T.);
#14296 = VERTEX_POINT('',#14297);
#14297 = CARTESIAN_POINT('',(0.789508357719,-7.582309163516E-02,0.818));
#14298 = SURFACE_CURVE('',#14299,(#14302,#14309),.PCURVE_S1.);
#14299 = B_SPLINE_CURVE_WITH_KNOTS('',1,(#14300,#14301),.UNSPECIFIED.,
  .F.,.F.,(2,2),(0.,0.198451941258),.PIECEWISE_BEZIER_KNOTS.);
#14300 = CARTESIAN_POINT('',(0.824094647508,-0.155934109832,0.818));
#14301 = CARTESIAN_POINT('',(0.789508357719,-7.582309163516E-02,0.818));
#14302 = PCURVE('',#14259,#14303);
#14303 = DEFINITIONAL_REPRESENTATION('',(#14304),#14308);
#14304 = LINE('',#14305,#14306);
#14305 = CARTESIAN_POINT('',(0.,-8.E-03));
#14306 = VECTOR('',#14307,1.);
#14307 = DIRECTION('',(1.,0.));
#14308 = ( GEOMETRIC_REPRESENTATION_CONTEXT(2) 
PARAMETRIC_REPRESENTATION_CONTEXT() REPRESENTATION_CONTEXT('2D SPACE',''
  ) );
#14309 = PCURVE('',#14008,#14310);
#14310 = DEFINITIONAL_REPRESENTATION('',(#14311),#14314);
#14311 = B_SPLINE_CURVE_WITH_KNOTS('',1,(#14312,#14313),.UNSPECIFIED.,
  .F.,.F.,(2,2),(0.,0.198451941258),.PIECEWISE_BEZIER_KNOTS.);
#14312 = CARTESIAN_POINT('',(0.5732421875,0.));
#14313 = CARTESIAN_POINT('',(0.5068359375,0.18701171875));
#14314 = ( GEOMETRIC_REPRESENTATION_CONTEXT(2) 
PARAMETRIC_REPRESENTATION_CONTEXT() REPRESENTATION_CONTEXT('2D SPACE',''
  ) );
#14315 = ORIENTED_EDGE('',*,*,#14316,.F.);
#14316 = EDGE_CURVE('',#14317,#14296,#14319,.T.);
#14317 = VERTEX_POINT('',#14318);
#14318 = CARTESIAN_POINT('',(0.789508357719,-7.582309163516E-02,0.81));
#14319 = SURFACE_CURVE('',#14320,(#14324,#14331),.PCURVE_S1.);
#14320 = LINE('',#14321,#14322);
#14321 = CARTESIAN_POINT('',(0.789508357719,-7.582309163516E-02,0.81));
#14322 = VECTOR('',#14323,1.);
#14323 = DIRECTION('',(0.,0.,1.));
#14324 = PCURVE('',#14259,#14325);
#14325 = DEFINITIONAL_REPRESENTATION('',(#14326),#14330);
#14326 = LINE('',#14327,#14328);
#14327 = CARTESIAN_POINT('',(0.198451941258,0.));
#14328 = VECTOR('',#14329,1.);
#14329 = DIRECTION('',(0.,-1.));
#14330 = ( GEOMETRIC_REPRESENTATION_CONTEXT(2) 
PARAMETRIC_REPRESENTATION_CONTEXT() REPRESENTATION_CONTEXT('2D SPACE',''
  ) );
#14331 = PCURVE('',#14332,#14338);
#14332 = SURFACE_OF_LINEAR_EXTRUSION('',#14333,#14336);
#14333 = B_SPLINE_CURVE_WITH_KNOTS('',1,(#14334,#14335),.UNSPECIFIED.,
  .F.,.F.,(2,2),(0.,0.32861328125),.PIECEWISE_BEZIER_KNOTS.);
#14334 = CARTESIAN_POINT('',(0.789508357719,-7.582309163516E-02,0.81));
#14335 = CARTESIAN_POINT('',(0.618357085454,-7.582309163516E-02,0.81));
#14336 = VECTOR('',#14337,1.);
#14337 = DIRECTION('',(-0.,-0.,-1.));
#14338 = DEFINITIONAL_REPRESENTATION('',(#14339),#14343);
#14339 = LINE('',#14340,#14341);
#14340 = CARTESIAN_POINT('',(0.,0.));
#14341 = VECTOR('',#14342,1.);
#14342 = DIRECTION('',(0.,-1.));
#14343 = ( GEOMETRIC_REPRESENTATION_CONTEXT(2) 
PARAMETRIC_REPRESENTATION_CONTEXT() REPRESENTATION_CONTEXT('2D SPACE',''
  ) );
#14344 = ORIENTED_EDGE('',*,*,#14345,.F.);
#14345 = EDGE_CURVE('',#14244,#14317,#14346,.T.);
#14346 = SURFACE_CURVE('',#14347,(#14350,#14357),.PCURVE_S1.);
#14347 = B_SPLINE_CURVE_WITH_KNOTS('',1,(#14348,#14349),.UNSPECIFIED.,
  .F.,.F.,(2,2),(0.,0.198451941258),.PIECEWISE_BEZIER_KNOTS.);
#14348 = CARTESIAN_POINT('',(0.824094647508,-0.155934109832,0.81));
#14349 = CARTESIAN_POINT('',(0.789508357719,-7.582309163516E-02,0.81));
#14350 = PCURVE('',#14259,#14351);
#14351 = DEFINITIONAL_REPRESENTATION('',(#14352),#14356);
#14352 = LINE('',#14353,#14354);
#14353 = CARTESIAN_POINT('',(0.,0.));
#14354 = VECTOR('',#14355,1.);
#14355 = DIRECTION('',(1.,0.));
#14356 = ( GEOMETRIC_REPRESENTATION_CONTEXT(2) 
PARAMETRIC_REPRESENTATION_CONTEXT() REPRESENTATION_CONTEXT('2D SPACE',''
  ) );
#14357 = PCURVE('',#14061,#14358);
#14358 = DEFINITIONAL_REPRESENTATION('',(#14359),#14362);
#14359 = B_SPLINE_CURVE_WITH_KNOTS('',1,(#14360,#14361),.UNSPECIFIED.,
  .F.,.F.,(2,2),(0.,0.198451941258),.PIECEWISE_BEZIER_KNOTS.);
#14360 = CARTESIAN_POINT('',(0.5732421875,0.));
#14361 = CARTESIAN_POINT('',(0.5068359375,0.18701171875));
#14362 = ( GEOMETRIC_REPRESENTATION_CONTEXT(2) 
PARAMETRIC_REPRESENTATION_CONTEXT() REPRESENTATION_CONTEXT('2D SPACE',''
  ) );
#14363 = ADVANCED_FACE('',(#14364),#14332,.T.);
#14364 = FACE_BOUND('',#14365,.T.);
#14365 = EDGE_LOOP('',(#14366,#14367,#14388,#14417));
#14366 = ORIENTED_EDGE('',*,*,#14316,.T.);
#14367 = ORIENTED_EDGE('',*,*,#14368,.T.);
#14368 = EDGE_CURVE('',#14296,#14369,#14371,.T.);
#14369 = VERTEX_POINT('',#14370);
#14370 = CARTESIAN_POINT('',(0.618357085454,-7.582309163516E-02,0.818));
#14371 = SURFACE_CURVE('',#14372,(#14375,#14382),.PCURVE_S1.);
#14372 = B_SPLINE_CURVE_WITH_KNOTS('',1,(#14373,#14374),.UNSPECIFIED.,
  .F.,.F.,(2,2),(0.,0.32861328125),.PIECEWISE_BEZIER_KNOTS.);
#14373 = CARTESIAN_POINT('',(0.789508357719,-7.582309163516E-02,0.818));
#14374 = CARTESIAN_POINT('',(0.618357085454,-7.582309163516E-02,0.818));
#14375 = PCURVE('',#14332,#14376);
#14376 = DEFINITIONAL_REPRESENTATION('',(#14377),#14381);
#14377 = LINE('',#14378,#14379);
#14378 = CARTESIAN_POINT('',(0.,-8.E-03));
#14379 = VECTOR('',#14380,1.);
#14380 = DIRECTION('',(1.,0.));
#14381 = ( GEOMETRIC_REPRESENTATION_CONTEXT(2) 
PARAMETRIC_REPRESENTATION_CONTEXT() REPRESENTATION_CONTEXT('2D SPACE',''
  ) );
#14382 = PCURVE('',#14008,#14383);
#14383 = DEFINITIONAL_REPRESENTATION('',(#14384),#14387);
#14384 = B_SPLINE_CURVE_WITH_KNOTS('',1,(#14385,#14386),.UNSPECIFIED.,
  .F.,.F.,(2,2),(0.,0.32861328125),.PIECEWISE_BEZIER_KNOTS.);
#14385 = CARTESIAN_POINT('',(0.5068359375,0.18701171875));
#14386 = CARTESIAN_POINT('',(0.17822265625,0.18701171875));
#14387 = ( GEOMETRIC_REPRESENTATION_CONTEXT(2) 
PARAMETRIC_REPRESENTATION_CONTEXT() REPRESENTATION_CONTEXT('2D SPACE',''
  ) );
#14388 = ORIENTED_EDGE('',*,*,#14389,.F.);
#14389 = EDGE_CURVE('',#14390,#14369,#14392,.T.);
#14390 = VERTEX_POINT('',#14391);
#14391 = CARTESIAN_POINT('',(0.618357085454,-7.582309163516E-02,0.81));
#14392 = SURFACE_CURVE('',#14393,(#14397,#14404),.PCURVE_S1.);
#14393 = LINE('',#14394,#14395);
#14394 = CARTESIAN_POINT('',(0.618357085454,-7.582309163516E-02,0.81));
#14395 = VECTOR('',#14396,1.);
#14396 = DIRECTION('',(0.,0.,1.));
#14397 = PCURVE('',#14332,#14398);
#14398 = DEFINITIONAL_REPRESENTATION('',(#14399),#14403);
#14399 = LINE('',#14400,#14401);
#14400 = CARTESIAN_POINT('',(0.32861328125,0.));
#14401 = VECTOR('',#14402,1.);
#14402 = DIRECTION('',(0.,-1.));
#14403 = ( GEOMETRIC_REPRESENTATION_CONTEXT(2) 
PARAMETRIC_REPRESENTATION_CONTEXT() REPRESENTATION_CONTEXT('2D SPACE',''
  ) );
#14404 = PCURVE('',#14405,#14411);
#14405 = SURFACE_OF_LINEAR_EXTRUSION('',#14406,#14409);
#14406 = B_SPLINE_CURVE_WITH_KNOTS('',1,(#14407,#14408),.UNSPECIFIED.,
  .F.,.F.,(2,2),(0.,0.198451941258),.PIECEWISE_BEZIER_KNOTS.);
#14407 = CARTESIAN_POINT('',(0.618357085454,-7.582309163516E-02,0.81));
#14408 = CARTESIAN_POINT('',(0.583770795665,-0.155934109832,0.81));
#14409 = VECTOR('',#14410,1.);
#14410 = DIRECTION('',(-0.,-0.,-1.));
#14411 = DEFINITIONAL_REPRESENTATION('',(#14412),#14416);
#14412 = LINE('',#14413,#14414);
#14413 = CARTESIAN_POINT('',(0.,0.));
#14414 = VECTOR('',#14415,1.);
#14415 = DIRECTION('',(0.,-1.));
#14416 = ( GEOMETRIC_REPRESENTATION_CONTEXT(2) 
PARAMETRIC_REPRESENTATION_CONTEXT() REPRESENTATION_CONTEXT('2D SPACE',''
  ) );
#14417 = ORIENTED_EDGE('',*,*,#14418,.F.);
#14418 = EDGE_CURVE('',#14317,#14390,#14419,.T.);
#14419 = SURFACE_CURVE('',#14420,(#14423,#14430),.PCURVE_S1.);
#14420 = B_SPLINE_CURVE_WITH_KNOTS('',1,(#14421,#14422),.UNSPECIFIED.,
  .F.,.F.,(2,2),(0.,0.32861328125),.PIECEWISE_BEZIER_KNOTS.);
#14421 = CARTESIAN_POINT('',(0.789508357719,-7.582309163516E-02,0.81));
#14422 = CARTESIAN_POINT('',(0.618357085454,-7.582309163516E-02,0.81));
#14423 = PCURVE('',#14332,#14424);
#14424 = DEFINITIONAL_REPRESENTATION('',(#14425),#14429);
#14425 = LINE('',#14426,#14427);
#14426 = CARTESIAN_POINT('',(0.,0.));
#14427 = VECTOR('',#14428,1.);
#14428 = DIRECTION('',(1.,0.));
#14429 = ( GEOMETRIC_REPRESENTATION_CONTEXT(2) 
PARAMETRIC_REPRESENTATION_CONTEXT() REPRESENTATION_CONTEXT('2D SPACE',''
  ) );
#14430 = PCURVE('',#14061,#14431);
#14431 = DEFINITIONAL_REPRESENTATION('',(#14432),#14435);
#14432 = B_SPLINE_CURVE_WITH_KNOTS('',1,(#14433,#14434),.UNSPECIFIED.,
  .F.,.F.,(2,2),(0.,0.32861328125),.PIECEWISE_BEZIER_KNOTS.);
#14433 = CARTESIAN_POINT('',(0.5068359375,0.18701171875));
#14434 = CARTESIAN_POINT('',(0.17822265625,0.18701171875));
#14435 = ( GEOMETRIC_REPRESENTATION_CONTEXT(2) 
PARAMETRIC_REPRESENTATION_CONTEXT() REPRESENTATION_CONTEXT('2D SPACE',''
  ) );
#14436 = ADVANCED_FACE('',(#14437),#14405,.T.);
#14437 = FACE_BOUND('',#14438,.T.);
#14438 = EDGE_LOOP('',(#14439,#14440,#14461,#14484));
#14439 = ORIENTED_EDGE('',*,*,#14389,.T.);
#14440 = ORIENTED_EDGE('',*,*,#14441,.T.);
#14441 = EDGE_CURVE('',#14369,#14442,#14444,.T.);
#14442 = VERTEX_POINT('',#14443);
#14443 = CARTESIAN_POINT('',(0.583770795665,-0.155934109832,0.818));
#14444 = SURFACE_CURVE('',#14445,(#14448,#14455),.PCURVE_S1.);
#14445 = B_SPLINE_CURVE_WITH_KNOTS('',1,(#14446,#14447),.UNSPECIFIED.,
  .F.,.F.,(2,2),(0.,0.198451941258),.PIECEWISE_BEZIER_KNOTS.);
#14446 = CARTESIAN_POINT('',(0.618357085454,-7.582309163516E-02,0.818));
#14447 = CARTESIAN_POINT('',(0.583770795665,-0.155934109832,0.818));
#14448 = PCURVE('',#14405,#14449);
#14449 = DEFINITIONAL_REPRESENTATION('',(#14450),#14454);
#14450 = LINE('',#14451,#14452);
#14451 = CARTESIAN_POINT('',(0.,-8.E-03));
#14452 = VECTOR('',#14453,1.);
#14453 = DIRECTION('',(1.,0.));
#14454 = ( GEOMETRIC_REPRESENTATION_CONTEXT(2) 
PARAMETRIC_REPRESENTATION_CONTEXT() REPRESENTATION_CONTEXT('2D SPACE',''
  ) );
#14455 = PCURVE('',#14008,#14456);
#14456 = DEFINITIONAL_REPRESENTATION('',(#14457),#14460);
#14457 = B_SPLINE_CURVE_WITH_KNOTS('',1,(#14458,#14459),.UNSPECIFIED.,
  .F.,.F.,(2,2),(0.,0.198451941258),.PIECEWISE_BEZIER_KNOTS.);
#14458 = CARTESIAN_POINT('',(0.17822265625,0.18701171875));
#14459 = CARTESIAN_POINT('',(0.11181640625,0.));
#14460 = ( GEOMETRIC_REPRESENTATION_CONTEXT(2) 
PARAMETRIC_REPRESENTATION_CONTEXT() REPRESENTATION_CONTEXT('2D SPACE',''
  ) );
#14461 = ORIENTED_EDGE('',*,*,#14462,.F.);
#14462 = EDGE_CURVE('',#14463,#14442,#14465,.T.);
#14463 = VERTEX_POINT('',#14464);
#14464 = CARTESIAN_POINT('',(0.583770795665,-0.155934109832,0.81));
#14465 = SURFACE_CURVE('',#14466,(#14470,#14477),.PCURVE_S1.);
#14466 = LINE('',#14467,#14468);
#14467 = CARTESIAN_POINT('',(0.583770795665,-0.155934109832,0.81));
#14468 = VECTOR('',#14469,1.);
#14469 = DIRECTION('',(0.,0.,1.));
#14470 = PCURVE('',#14405,#14471);
#14471 = DEFINITIONAL_REPRESENTATION('',(#14472),#14476);
#14472 = LINE('',#14473,#14474);
#14473 = CARTESIAN_POINT('',(0.198451941258,0.));
#14474 = VECTOR('',#14475,1.);
#14475 = DIRECTION('',(0.,-1.));
#14476 = ( GEOMETRIC_REPRESENTATION_CONTEXT(2) 
PARAMETRIC_REPRESENTATION_CONTEXT() REPRESENTATION_CONTEXT('2D SPACE',''
  ) );
#14477 = PCURVE('',#13980,#14478);
#14478 = DEFINITIONAL_REPRESENTATION('',(#14479),#14483);
#14479 = LINE('',#14480,#14481);
#14480 = CARTESIAN_POINT('',(0.,0.));
#14481 = VECTOR('',#14482,1.);
#14482 = DIRECTION('',(0.,-1.));
#14483 = ( GEOMETRIC_REPRESENTATION_CONTEXT(2) 
PARAMETRIC_REPRESENTATION_CONTEXT() REPRESENTATION_CONTEXT('2D SPACE',''
  ) );
#14484 = ORIENTED_EDGE('',*,*,#14485,.F.);
#14485 = EDGE_CURVE('',#14390,#14463,#14486,.T.);
#14486 = SURFACE_CURVE('',#14487,(#14490,#14497),.PCURVE_S1.);
#14487 = B_SPLINE_CURVE_WITH_KNOTS('',1,(#14488,#14489),.UNSPECIFIED.,
  .F.,.F.,(2,2),(0.,0.198451941258),.PIECEWISE_BEZIER_KNOTS.);
#14488 = CARTESIAN_POINT('',(0.618357085454,-7.582309163516E-02,0.81));
#14489 = CARTESIAN_POINT('',(0.583770795665,-0.155934109832,0.81));
#14490 = PCURVE('',#14405,#14491);
#14491 = DEFINITIONAL_REPRESENTATION('',(#14492),#14496);
#14492 = LINE('',#14493,#14494);
#14493 = CARTESIAN_POINT('',(0.,0.));
#14494 = VECTOR('',#14495,1.);
#14495 = DIRECTION('',(1.,0.));
#14496 = ( GEOMETRIC_REPRESENTATION_CONTEXT(2) 
PARAMETRIC_REPRESENTATION_CONTEXT() REPRESENTATION_CONTEXT('2D SPACE',''
  ) );
#14497 = PCURVE('',#14061,#14498);
#14498 = DEFINITIONAL_REPRESENTATION('',(#14499),#14502);
#14499 = B_SPLINE_CURVE_WITH_KNOTS('',1,(#14500,#14501),.UNSPECIFIED.,
  .F.,.F.,(2,2),(0.,0.198451941258),.PIECEWISE_BEZIER_KNOTS.);
#14500 = CARTESIAN_POINT('',(0.17822265625,0.18701171875));
#14501 = CARTESIAN_POINT('',(0.11181640625,0.));
#14502 = ( GEOMETRIC_REPRESENTATION_CONTEXT(2) 
PARAMETRIC_REPRESENTATION_CONTEXT() REPRESENTATION_CONTEXT('2D SPACE',''
  ) );
#14503 = ADVANCED_FACE('',(#14504),#13980,.T.);
#14504 = FACE_BOUND('',#14505,.T.);
#14505 = EDGE_LOOP('',(#14506,#14507,#14526,#14527));
#14506 = ORIENTED_EDGE('',*,*,#14462,.T.);
#14507 = ORIENTED_EDGE('',*,*,#14508,.T.);
#14508 = EDGE_CURVE('',#14442,#13959,#14509,.T.);
#14509 = SURFACE_CURVE('',#14510,(#14513,#14520),.PCURVE_S1.);
#14510 = B_SPLINE_CURVE_WITH_KNOTS('',1,(#14511,#14512),.UNSPECIFIED.,
  .F.,.F.,(2,2),(0.,0.10400390625),.PIECEWISE_BEZIER_KNOTS.);
#14511 = CARTESIAN_POINT('',(0.583770795665,-0.155934109832,0.818));
#14512 = CARTESIAN_POINT('',(0.529602562393,-0.155934109832,0.818));
#14513 = PCURVE('',#13980,#14514);
#14514 = DEFINITIONAL_REPRESENTATION('',(#14515),#14519);
#14515 = LINE('',#14516,#14517);
#14516 = CARTESIAN_POINT('',(0.,-8.E-03));
#14517 = VECTOR('',#14518,1.);
#14518 = DIRECTION('',(1.,0.));
#14519 = ( GEOMETRIC_REPRESENTATION_CONTEXT(2) 
PARAMETRIC_REPRESENTATION_CONTEXT() REPRESENTATION_CONTEXT('2D SPACE',''
  ) );
#14520 = PCURVE('',#14008,#14521);
#14521 = DEFINITIONAL_REPRESENTATION('',(#14522),#14525);
#14522 = B_SPLINE_CURVE_WITH_KNOTS('',1,(#14523,#14524),.UNSPECIFIED.,
  .F.,.F.,(2,2),(0.,0.10400390625),.PIECEWISE_BEZIER_KNOTS.);
#14523 = CARTESIAN_POINT('',(0.11181640625,0.));
#14524 = CARTESIAN_POINT('',(7.8125E-03,0.));
#14525 = ( GEOMETRIC_REPRESENTATION_CONTEXT(2) 
PARAMETRIC_REPRESENTATION_CONTEXT() REPRESENTATION_CONTEXT('2D SPACE',''
  ) );
#14526 = ORIENTED_EDGE('',*,*,#13956,.F.);
#14527 = ORIENTED_EDGE('',*,*,#14528,.F.);
#14528 = EDGE_CURVE('',#14463,#13957,#14529,.T.);
#14529 = SURFACE_CURVE('',#14530,(#14533,#14540),.PCURVE_S1.);
#14530 = B_SPLINE_CURVE_WITH_KNOTS('',1,(#14531,#14532),.UNSPECIFIED.,
  .F.,.F.,(2,2),(0.,0.10400390625),.PIECEWISE_BEZIER_KNOTS.);
#14531 = CARTESIAN_POINT('',(0.583770795665,-0.155934109832,0.81));
#14532 = CARTESIAN_POINT('',(0.529602562393,-0.155934109832,0.81));
#14533 = PCURVE('',#13980,#14534);
#14534 = DEFINITIONAL_REPRESENTATION('',(#14535),#14539);
#14535 = LINE('',#14536,#14537);
#14536 = CARTESIAN_POINT('',(0.,0.));
#14537 = VECTOR('',#14538,1.);
#14538 = DIRECTION('',(1.,0.));
#14539 = ( GEOMETRIC_REPRESENTATION_CONTEXT(2) 
PARAMETRIC_REPRESENTATION_CONTEXT() REPRESENTATION_CONTEXT('2D SPACE',''
  ) );
#14540 = PCURVE('',#14061,#14541);
#14541 = DEFINITIONAL_REPRESENTATION('',(#14542),#14545);
#14542 = B_SPLINE_CURVE_WITH_KNOTS('',1,(#14543,#14544),.UNSPECIFIED.,
  .F.,.F.,(2,2),(0.,0.10400390625),.PIECEWISE_BEZIER_KNOTS.);
#14543 = CARTESIAN_POINT('',(0.11181640625,0.));
#14544 = CARTESIAN_POINT('',(7.8125E-03,0.));
#14545 = ( GEOMETRIC_REPRESENTATION_CONTEXT(2) 
PARAMETRIC_REPRESENTATION_CONTEXT() REPRESENTATION_CONTEXT('2D SPACE',''
  ) );
#14546 = ADVANCED_FACE('',(#14547),#14561,.T.);
#14547 = FACE_BOUND('',#14548,.T.);
#14548 = EDGE_LOOP('',(#14549,#14586,#14607,#14636));
#14549 = ORIENTED_EDGE('',*,*,#14550,.T.);
#14550 = EDGE_CURVE('',#14551,#14553,#14555,.T.);
#14551 = VERTEX_POINT('',#14552);
#14552 = CARTESIAN_POINT('',(0.773486767596,-4.068301054631E-02,0.81));
#14553 = VERTEX_POINT('',#14554);
#14554 = CARTESIAN_POINT('',(0.773486767596,-4.068301054631E-02,0.818));
#14555 = SURFACE_CURVE('',#14556,(#14560,#14573),.PCURVE_S1.);
#14556 = LINE('',#14557,#14558);
#14557 = CARTESIAN_POINT('',(0.773486767596,-4.068301054631E-02,0.81));
#14558 = VECTOR('',#14559,1.);
#14559 = DIRECTION('',(0.,0.,1.));
#14560 = PCURVE('',#14561,#14567);
#14561 = SURFACE_OF_LINEAR_EXTRUSION('',#14562,#14565);
#14562 = B_SPLINE_CURVE_WITH_KNOTS('',1,(#14563,#14564),.UNSPECIFIED.,
  .F.,.F.,(2,2),(0.,0.386845115284),.PIECEWISE_BEZIER_KNOTS.);
#14563 = CARTESIAN_POINT('',(0.773486767596,-4.068301054631E-02,0.81));
#14564 = CARTESIAN_POINT('',(0.703551255155,0.114728181412,0.81));
#14565 = VECTOR('',#14566,1.);
#14566 = DIRECTION('',(-0.,-0.,-1.));
#14567 = DEFINITIONAL_REPRESENTATION('',(#14568),#14572);
#14568 = LINE('',#14569,#14570);
#14569 = CARTESIAN_POINT('',(0.,0.));
#14570 = VECTOR('',#14571,1.);
#14571 = DIRECTION('',(0.,-1.));
#14572 = ( GEOMETRIC_REPRESENTATION_CONTEXT(2) 
PARAMETRIC_REPRESENTATION_CONTEXT() REPRESENTATION_CONTEXT('2D SPACE',''
  ) );
#14573 = PCURVE('',#14574,#14580);
#14574 = SURFACE_OF_LINEAR_EXTRUSION('',#14575,#14578);
#14575 = B_SPLINE_CURVE_WITH_KNOTS('',1,(#14576,#14577),.UNSPECIFIED.,
  .F.,.F.,(2,2),(0.,0.26806640625),.PIECEWISE_BEZIER_KNOTS.);
#14576 = CARTESIAN_POINT('',(0.633870053669,-4.068301054631E-02,0.81));
#14577 = CARTESIAN_POINT('',(0.773486767596,-4.068301054631E-02,0.81));
#14578 = VECTOR('',#14579,1.);
#14579 = DIRECTION('',(-0.,-0.,-1.));
#14580 = DEFINITIONAL_REPRESENTATION('',(#14581),#14585);
#14581 = LINE('',#14582,#14583);
#14582 = CARTESIAN_POINT('',(0.26806640625,0.));
#14583 = VECTOR('',#14584,1.);
#14584 = DIRECTION('',(0.,-1.));
#14585 = ( GEOMETRIC_REPRESENTATION_CONTEXT(2) 
PARAMETRIC_REPRESENTATION_CONTEXT() REPRESENTATION_CONTEXT('2D SPACE',''
  ) );
#14586 = ORIENTED_EDGE('',*,*,#14587,.T.);
#14587 = EDGE_CURVE('',#14553,#14588,#14590,.T.);
#14588 = VERTEX_POINT('',#14589);
#14589 = CARTESIAN_POINT('',(0.703551255155,0.114728181412,0.818));
#14590 = SURFACE_CURVE('',#14591,(#14594,#14601),.PCURVE_S1.);
#14591 = B_SPLINE_CURVE_WITH_KNOTS('',1,(#14592,#14593),.UNSPECIFIED.,
  .F.,.F.,(2,2),(0.,0.386845115284),.PIECEWISE_BEZIER_KNOTS.);
#14592 = CARTESIAN_POINT('',(0.773486767596,-4.068301054631E-02,0.818));
#14593 = CARTESIAN_POINT('',(0.703551255155,0.114728181412,0.818));
#14594 = PCURVE('',#14561,#14595);
#14595 = DEFINITIONAL_REPRESENTATION('',(#14596),#14600);
#14596 = LINE('',#14597,#14598);
#14597 = CARTESIAN_POINT('',(0.,-8.E-03));
#14598 = VECTOR('',#14599,1.);
#14599 = DIRECTION('',(1.,0.));
#14600 = ( GEOMETRIC_REPRESENTATION_CONTEXT(2) 
PARAMETRIC_REPRESENTATION_CONTEXT() REPRESENTATION_CONTEXT('2D SPACE',''
  ) );
#14601 = PCURVE('',#14008,#14602);
#14602 = DEFINITIONAL_REPRESENTATION('',(#14603),#14606);
#14603 = B_SPLINE_CURVE_WITH_KNOTS('',1,(#14604,#14605),.UNSPECIFIED.,
  .F.,.F.,(2,2),(0.,0.386845115284),.PIECEWISE_BEZIER_KNOTS.);
#14604 = CARTESIAN_POINT('',(0.47607421875,0.26904296875));
#14605 = CARTESIAN_POINT('',(0.341796875,0.6318359375));
#14606 = ( GEOMETRIC_REPRESENTATION_CONTEXT(2) 
PARAMETRIC_REPRESENTATION_CONTEXT() REPRESENTATION_CONTEXT('2D SPACE',''
  ) );
#14607 = ORIENTED_EDGE('',*,*,#14608,.F.);
#14608 = EDGE_CURVE('',#14609,#14588,#14611,.T.);
#14609 = VERTEX_POINT('',#14610);
#14610 = CARTESIAN_POINT('',(0.703551255155,0.114728181412,0.81));
#14611 = SURFACE_CURVE('',#14612,(#14616,#14623),.PCURVE_S1.);
#14612 = LINE('',#14613,#14614);
#14613 = CARTESIAN_POINT('',(0.703551255155,0.114728181412,0.81));
#14614 = VECTOR('',#14615,1.);
#14615 = DIRECTION('',(0.,0.,1.));
#14616 = PCURVE('',#14561,#14617);
#14617 = DEFINITIONAL_REPRESENTATION('',(#14618),#14622);
#14618 = LINE('',#14619,#14620);
#14619 = CARTESIAN_POINT('',(0.386845115284,0.));
#14620 = VECTOR('',#14621,1.);
#14621 = DIRECTION('',(0.,-1.));
#14622 = ( GEOMETRIC_REPRESENTATION_CONTEXT(2) 
PARAMETRIC_REPRESENTATION_CONTEXT() REPRESENTATION_CONTEXT('2D SPACE',''
  ) );
#14623 = PCURVE('',#14624,#14630);
#14624 = SURFACE_OF_LINEAR_EXTRUSION('',#14625,#14628);
#14625 = B_SPLINE_CURVE_WITH_KNOTS('',1,(#14626,#14627),.UNSPECIFIED.,
  .F.,.F.,(2,2),(0.,0.386675899713),.PIECEWISE_BEZIER_KNOTS.);
#14626 = CARTESIAN_POINT('',(0.703551255155,0.114728181412,0.81));
#14627 = CARTESIAN_POINT('',(0.633870053669,-4.068301054631E-02,0.81));
#14628 = VECTOR('',#14629,1.);
#14629 = DIRECTION('',(-0.,-0.,-1.));
#14630 = DEFINITIONAL_REPRESENTATION('',(#14631),#14635);
#14631 = LINE('',#14632,#14633);
#14632 = CARTESIAN_POINT('',(0.,0.));
#14633 = VECTOR('',#14634,1.);
#14634 = DIRECTION('',(0.,-1.));
#14635 = ( GEOMETRIC_REPRESENTATION_CONTEXT(2) 
PARAMETRIC_REPRESENTATION_CONTEXT() REPRESENTATION_CONTEXT('2D SPACE',''
  ) );
#14636 = ORIENTED_EDGE('',*,*,#14637,.F.);
#14637 = EDGE_CURVE('',#14551,#14609,#14638,.T.);
#14638 = SURFACE_CURVE('',#14639,(#14642,#14649),.PCURVE_S1.);
#14639 = B_SPLINE_CURVE_WITH_KNOTS('',1,(#14640,#14641),.UNSPECIFIED.,
  .F.,.F.,(2,2),(0.,0.386845115284),.PIECEWISE_BEZIER_KNOTS.);
#14640 = CARTESIAN_POINT('',(0.773486767596,-4.068301054631E-02,0.81));
#14641 = CARTESIAN_POINT('',(0.703551255155,0.114728181412,0.81));
#14642 = PCURVE('',#14561,#14643);
#14643 = DEFINITIONAL_REPRESENTATION('',(#14644),#14648);
#14644 = LINE('',#14645,#14646);
#14645 = CARTESIAN_POINT('',(0.,0.));
#14646 = VECTOR('',#14647,1.);
#14647 = DIRECTION('',(1.,0.));
#14648 = ( GEOMETRIC_REPRESENTATION_CONTEXT(2) 
PARAMETRIC_REPRESENTATION_CONTEXT() REPRESENTATION_CONTEXT('2D SPACE',''
  ) );
#14649 = PCURVE('',#14061,#14650);
#14650 = DEFINITIONAL_REPRESENTATION('',(#14651),#14654);
#14651 = B_SPLINE_CURVE_WITH_KNOTS('',1,(#14652,#14653),.UNSPECIFIED.,
  .F.,.F.,(2,2),(0.,0.386845115284),.PIECEWISE_BEZIER_KNOTS.);
#14652 = CARTESIAN_POINT('',(0.47607421875,0.26904296875));
#14653 = CARTESIAN_POINT('',(0.341796875,0.6318359375));
#14654 = ( GEOMETRIC_REPRESENTATION_CONTEXT(2) 
PARAMETRIC_REPRESENTATION_CONTEXT() REPRESENTATION_CONTEXT('2D SPACE',''
  ) );
#14655 = ADVANCED_FACE('',(#14656),#14624,.T.);
#14656 = FACE_BOUND('',#14657,.T.);
#14657 = EDGE_LOOP('',(#14658,#14659,#14680,#14703));
#14658 = ORIENTED_EDGE('',*,*,#14608,.T.);
#14659 = ORIENTED_EDGE('',*,*,#14660,.T.);
#14660 = EDGE_CURVE('',#14588,#14661,#14663,.T.);
#14661 = VERTEX_POINT('',#14662);
#14662 = CARTESIAN_POINT('',(0.633870053669,-4.068301054631E-02,0.818));
#14663 = SURFACE_CURVE('',#14664,(#14667,#14674),.PCURVE_S1.);
#14664 = B_SPLINE_CURVE_WITH_KNOTS('',1,(#14665,#14666),.UNSPECIFIED.,
  .F.,.F.,(2,2),(0.,0.386675899713),.PIECEWISE_BEZIER_KNOTS.);
#14665 = CARTESIAN_POINT('',(0.703551255155,0.114728181412,0.818));
#14666 = CARTESIAN_POINT('',(0.633870053669,-4.068301054631E-02,0.818));
#14667 = PCURVE('',#14624,#14668);
#14668 = DEFINITIONAL_REPRESENTATION('',(#14669),#14673);
#14669 = LINE('',#14670,#14671);
#14670 = CARTESIAN_POINT('',(0.,-8.E-03));
#14671 = VECTOR('',#14672,1.);
#14672 = DIRECTION('',(1.,0.));
#14673 = ( GEOMETRIC_REPRESENTATION_CONTEXT(2) 
PARAMETRIC_REPRESENTATION_CONTEXT() REPRESENTATION_CONTEXT('2D SPACE',''
  ) );
#14674 = PCURVE('',#14008,#14675);
#14675 = DEFINITIONAL_REPRESENTATION('',(#14676),#14679);
#14676 = B_SPLINE_CURVE_WITH_KNOTS('',1,(#14677,#14678),.UNSPECIFIED.,
  .F.,.F.,(2,2),(0.,0.386675899713),.PIECEWISE_BEZIER_KNOTS.);
#14677 = CARTESIAN_POINT('',(0.341796875,0.6318359375));
#14678 = CARTESIAN_POINT('',(0.2080078125,0.26904296875));
#14679 = ( GEOMETRIC_REPRESENTATION_CONTEXT(2) 
PARAMETRIC_REPRESENTATION_CONTEXT() REPRESENTATION_CONTEXT('2D SPACE',''
  ) );
#14680 = ORIENTED_EDGE('',*,*,#14681,.F.);
#14681 = EDGE_CURVE('',#14682,#14661,#14684,.T.);
#14682 = VERTEX_POINT('',#14683);
#14683 = CARTESIAN_POINT('',(0.633870053669,-4.068301054631E-02,0.81));
#14684 = SURFACE_CURVE('',#14685,(#14689,#14696),.PCURVE_S1.);
#14685 = LINE('',#14686,#14687);
#14686 = CARTESIAN_POINT('',(0.633870053669,-4.068301054631E-02,0.81));
#14687 = VECTOR('',#14688,1.);
#14688 = DIRECTION('',(0.,0.,1.));
#14689 = PCURVE('',#14624,#14690);
#14690 = DEFINITIONAL_REPRESENTATION('',(#14691),#14695);
#14691 = LINE('',#14692,#14693);
#14692 = CARTESIAN_POINT('',(0.386675899713,0.));
#14693 = VECTOR('',#14694,1.);
#14694 = DIRECTION('',(0.,-1.));
#14695 = ( GEOMETRIC_REPRESENTATION_CONTEXT(2) 
PARAMETRIC_REPRESENTATION_CONTEXT() REPRESENTATION_CONTEXT('2D SPACE',''
  ) );
#14696 = PCURVE('',#14574,#14697);
#14697 = DEFINITIONAL_REPRESENTATION('',(#14698),#14702);
#14698 = LINE('',#14699,#14700);
#14699 = CARTESIAN_POINT('',(0.,0.));
#14700 = VECTOR('',#14701,1.);
#14701 = DIRECTION('',(0.,-1.));
#14702 = ( GEOMETRIC_REPRESENTATION_CONTEXT(2) 
PARAMETRIC_REPRESENTATION_CONTEXT() REPRESENTATION_CONTEXT('2D SPACE',''
  ) );
#14703 = ORIENTED_EDGE('',*,*,#14704,.F.);
#14704 = EDGE_CURVE('',#14609,#14682,#14705,.T.);
#14705 = SURFACE_CURVE('',#14706,(#14709,#14716),.PCURVE_S1.);
#14706 = B_SPLINE_CURVE_WITH_KNOTS('',1,(#14707,#14708),.UNSPECIFIED.,
  .F.,.F.,(2,2),(0.,0.386675899713),.PIECEWISE_BEZIER_KNOTS.);
#14707 = CARTESIAN_POINT('',(0.703551255155,0.114728181412,0.81));
#14708 = CARTESIAN_POINT('',(0.633870053669,-4.068301054631E-02,0.81));
#14709 = PCURVE('',#14624,#14710);
#14710 = DEFINITIONAL_REPRESENTATION('',(#14711),#14715);
#14711 = LINE('',#14712,#14713);
#14712 = CARTESIAN_POINT('',(0.,0.));
#14713 = VECTOR('',#14714,1.);
#14714 = DIRECTION('',(1.,0.));
#14715 = ( GEOMETRIC_REPRESENTATION_CONTEXT(2) 
PARAMETRIC_REPRESENTATION_CONTEXT() REPRESENTATION_CONTEXT('2D SPACE',''
  ) );
#14716 = PCURVE('',#14061,#14717);
#14717 = DEFINITIONAL_REPRESENTATION('',(#14718),#14721);
#14718 = B_SPLINE_CURVE_WITH_KNOTS('',1,(#14719,#14720),.UNSPECIFIED.,
  .F.,.F.,(2,2),(0.,0.386675899713),.PIECEWISE_BEZIER_KNOTS.);
#14719 = CARTESIAN_POINT('',(0.341796875,0.6318359375));
#14720 = CARTESIAN_POINT('',(0.2080078125,0.26904296875));
#14721 = ( GEOMETRIC_REPRESENTATION_CONTEXT(2) 
PARAMETRIC_REPRESENTATION_CONTEXT() REPRESENTATION_CONTEXT('2D SPACE',''
  ) );
#14722 = ADVANCED_FACE('',(#14723),#14574,.T.);
#14723 = FACE_BOUND('',#14724,.T.);
#14724 = EDGE_LOOP('',(#14725,#14726,#14745,#14746));
#14725 = ORIENTED_EDGE('',*,*,#14681,.T.);
#14726 = ORIENTED_EDGE('',*,*,#14727,.T.);
#14727 = EDGE_CURVE('',#14661,#14553,#14728,.T.);
#14728 = SURFACE_CURVE('',#14729,(#14732,#14739),.PCURVE_S1.);
#14729 = B_SPLINE_CURVE_WITH_KNOTS('',1,(#14730,#14731),.UNSPECIFIED.,
  .F.,.F.,(2,2),(0.,0.26806640625),.PIECEWISE_BEZIER_KNOTS.);
#14730 = CARTESIAN_POINT('',(0.633870053669,-4.068301054631E-02,0.818));
#14731 = CARTESIAN_POINT('',(0.773486767596,-4.068301054631E-02,0.818));
#14732 = PCURVE('',#14574,#14733);
#14733 = DEFINITIONAL_REPRESENTATION('',(#14734),#14738);
#14734 = LINE('',#14735,#14736);
#14735 = CARTESIAN_POINT('',(0.,-8.E-03));
#14736 = VECTOR('',#14737,1.);
#14737 = DIRECTION('',(1.,0.));
#14738 = ( GEOMETRIC_REPRESENTATION_CONTEXT(2) 
PARAMETRIC_REPRESENTATION_CONTEXT() REPRESENTATION_CONTEXT('2D SPACE',''
  ) );
#14739 = PCURVE('',#14008,#14740);
#14740 = DEFINITIONAL_REPRESENTATION('',(#14741),#14744);
#14741 = B_SPLINE_CURVE_WITH_KNOTS('',1,(#14742,#14743),.UNSPECIFIED.,
  .F.,.F.,(2,2),(0.,0.26806640625),.PIECEWISE_BEZIER_KNOTS.);
#14742 = CARTESIAN_POINT('',(0.2080078125,0.26904296875));
#14743 = CARTESIAN_POINT('',(0.47607421875,0.26904296875));
#14744 = ( GEOMETRIC_REPRESENTATION_CONTEXT(2) 
PARAMETRIC_REPRESENTATION_CONTEXT() REPRESENTATION_CONTEXT('2D SPACE',''
  ) );
#14745 = ORIENTED_EDGE('',*,*,#14550,.F.);
#14746 = ORIENTED_EDGE('',*,*,#14747,.F.);
#14747 = EDGE_CURVE('',#14682,#14551,#14748,.T.);
#14748 = SURFACE_CURVE('',#14749,(#14752,#14759),.PCURVE_S1.);
#14749 = B_SPLINE_CURVE_WITH_KNOTS('',1,(#14750,#14751),.UNSPECIFIED.,
  .F.,.F.,(2,2),(0.,0.26806640625),.PIECEWISE_BEZIER_KNOTS.);
#14750 = CARTESIAN_POINT('',(0.633870053669,-4.068301054631E-02,0.81));
#14751 = CARTESIAN_POINT('',(0.773486767596,-4.068301054631E-02,0.81));
#14752 = PCURVE('',#14574,#14753);
#14753 = DEFINITIONAL_REPRESENTATION('',(#14754),#14758);
#14754 = LINE('',#14755,#14756);
#14755 = CARTESIAN_POINT('',(0.,0.));
#14756 = VECTOR('',#14757,1.);
#14757 = DIRECTION('',(1.,0.));
#14758 = ( GEOMETRIC_REPRESENTATION_CONTEXT(2) 
PARAMETRIC_REPRESENTATION_CONTEXT() REPRESENTATION_CONTEXT('2D SPACE',''
  ) );
#14759 = PCURVE('',#14061,#14760);
#14760 = DEFINITIONAL_REPRESENTATION('',(#14761),#14764);
#14761 = B_SPLINE_CURVE_WITH_KNOTS('',1,(#14762,#14763),.UNSPECIFIED.,
  .F.,.F.,(2,2),(0.,0.26806640625),.PIECEWISE_BEZIER_KNOTS.);
#14762 = CARTESIAN_POINT('',(0.2080078125,0.26904296875));
#14763 = CARTESIAN_POINT('',(0.47607421875,0.26904296875));
#14764 = ( GEOMETRIC_REPRESENTATION_CONTEXT(2) 
PARAMETRIC_REPRESENTATION_CONTEXT() REPRESENTATION_CONTEXT('2D SPACE',''
  ) );
#14765 = ADVANCED_FACE('',(#14766,#14776),#14061,.F.);
#14766 = FACE_BOUND('',#14767,.T.);
#14767 = EDGE_LOOP('',(#14768,#14769,#14770,#14771,#14772,#14773,#14774,
    #14775));
#14768 = ORIENTED_EDGE('',*,*,#14048,.T.);
#14769 = ORIENTED_EDGE('',*,*,#14126,.T.);
#14770 = ORIENTED_EDGE('',*,*,#14199,.T.);
#14771 = ORIENTED_EDGE('',*,*,#14272,.T.);
#14772 = ORIENTED_EDGE('',*,*,#14345,.T.);
#14773 = ORIENTED_EDGE('',*,*,#14418,.T.);
#14774 = ORIENTED_EDGE('',*,*,#14485,.T.);
#14775 = ORIENTED_EDGE('',*,*,#14528,.T.);
#14776 = FACE_BOUND('',#14777,.T.);
#14777 = EDGE_LOOP('',(#14778,#14779,#14780));
#14778 = ORIENTED_EDGE('',*,*,#14637,.T.);
#14779 = ORIENTED_EDGE('',*,*,#14704,.T.);
#14780 = ORIENTED_EDGE('',*,*,#14747,.T.);
#14781 = ADVANCED_FACE('',(#14782,#14792),#14008,.T.);
#14782 = FACE_BOUND('',#14783,.F.);
#14783 = EDGE_LOOP('',(#14784,#14785,#14786,#14787,#14788,#14789,#14790,
    #14791));
#14784 = ORIENTED_EDGE('',*,*,#13993,.T.);
#14785 = ORIENTED_EDGE('',*,*,#14076,.T.);
#14786 = ORIENTED_EDGE('',*,*,#14149,.T.);
#14787 = ORIENTED_EDGE('',*,*,#14222,.T.);
#14788 = ORIENTED_EDGE('',*,*,#14295,.T.);
#14789 = ORIENTED_EDGE('',*,*,#14368,.T.);
#14790 = ORIENTED_EDGE('',*,*,#14441,.T.);
#14791 = ORIENTED_EDGE('',*,*,#14508,.T.);
#14792 = FACE_BOUND('',#14793,.F.);
#14793 = EDGE_LOOP('',(#14794,#14795,#14796));
#14794 = ORIENTED_EDGE('',*,*,#14587,.T.);
#14795 = ORIENTED_EDGE('',*,*,#14660,.T.);
#14796 = ORIENTED_EDGE('',*,*,#14727,.T.);
#14797 = ( GEOMETRIC_REPRESENTATION_CONTEXT(3) 
GLOBAL_UNCERTAINTY_ASSIGNED_CONTEXT((#14801)) 
GLOBAL_UNIT_ASSIGNED_CONTEXT((#14798,#14799,#14800)) 
REPRESENTATION_CONTEXT('Context #1',
  '3D Context with UNIT and UNCERTAINTY') );
#14798 = ( LENGTH_UNIT() NAMED_UNIT(*) SI_UNIT(.MILLI.,.METRE.) );
#14799 = ( NAMED_UNIT(*) PLANE_ANGLE_UNIT() SI_UNIT($,.RADIAN.) );
#14800 = ( NAMED_UNIT(*) SI_UNIT($,.STERADIAN.) SOLID_ANGLE_UNIT() );
#14801 = UNCERTAINTY_MEASURE_WITH_UNIT(LENGTH_MEASURE(1.E-07),#14798,
  'distance_accuracy_value','confusion accuracy');
#14802 = PRODUCT_RELATED_PRODUCT_CATEGORY('part',$,(#10119));
#14803 = SHAPE_DEFINITION_REPRESENTATION(#14804,#14810);
#14804 = PRODUCT_DEFINITION_SHAPE('','',#14805);
#14805 = PRODUCT_DEFINITION('design','',#14806,#14809);
#14806 = PRODUCT_DEFINITION_FORMATION('','',#14807);
#14807 = PRODUCT('SOLID','SOLID','',(#14808));
#14808 = PRODUCT_CONTEXT('',#2,'mechanical');
#14809 = PRODUCT_DEFINITION_CONTEXT('part definition',#2,'design');
#14810 = ADVANCED_BREP_SHAPE_REPRESENTATION('',(#11,#14811),#14909);
#14811 = MANIFOLD_SOLID_BREP('',#14812);
#14812 = CLOSED_SHELL('',(#14813,#14901,#14905));
#14813 = ADVANCED_FACE('',(#14814),#14827,.T.);
#14814 = FACE_BOUND('',#14815,.T.);
#14815 = EDGE_LOOP('',(#14816,#14850,#14873,#14900));
#14816 = ORIENTED_EDGE('',*,*,#14817,.F.);
#14817 = EDGE_CURVE('',#14818,#14818,#14820,.T.);
#14818 = VERTEX_POINT('',#14819);
#14819 = CARTESIAN_POINT('',(-0.575,-1.2,0.817));
#14820 = SURFACE_CURVE('',#14821,(#14826,#14838),.PCURVE_S1.);
#14821 = CIRCLE('',#14822,0.125);
#14822 = AXIS2_PLACEMENT_3D('',#14823,#14824,#14825);
#14823 = CARTESIAN_POINT('',(-0.7,-1.2,0.817));
#14824 = DIRECTION('',(0.,0.,1.));
#14825 = DIRECTION('',(1.,0.,-0.));
#14826 = PCURVE('',#14827,#14832);
#14827 = CYLINDRICAL_SURFACE('',#14828,0.125);
#14828 = AXIS2_PLACEMENT_3D('',#14829,#14830,#14831);
#14829 = CARTESIAN_POINT('',(-0.7,-1.2,0.81));
#14830 = DIRECTION('',(0.,0.,1.));
#14831 = DIRECTION('',(1.,0.,-0.));
#14832 = DEFINITIONAL_REPRESENTATION('',(#14833),#14837);
#14833 = LINE('',#14834,#14835);
#14834 = CARTESIAN_POINT('',(0.,7.E-03));
#14835 = VECTOR('',#14836,1.);
#14836 = DIRECTION('',(1.,0.));
#14837 = ( GEOMETRIC_REPRESENTATION_CONTEXT(2) 
PARAMETRIC_REPRESENTATION_CONTEXT() REPRESENTATION_CONTEXT('2D SPACE',''
  ) );
#14838 = PCURVE('',#14839,#14844);
#14839 = PLANE('',#14840);
#14840 = AXIS2_PLACEMENT_3D('',#14841,#14842,#14843);
#14841 = CARTESIAN_POINT('',(-0.7,-1.2,0.817));
#14842 = DIRECTION('',(0.,0.,1.));
#14843 = DIRECTION('',(1.,0.,-0.));
#14844 = DEFINITIONAL_REPRESENTATION('',(#14845),#14849);
#14845 = CIRCLE('',#14846,0.125);
#14846 = AXIS2_PLACEMENT_2D('',#14847,#14848);
#14847 = CARTESIAN_POINT('',(0.,0.));
#14848 = DIRECTION('',(1.,0.));
#14849 = ( GEOMETRIC_REPRESENTATION_CONTEXT(2) 
PARAMETRIC_REPRESENTATION_CONTEXT() REPRESENTATION_CONTEXT('2D SPACE',''
  ) );
#14850 = ORIENTED_EDGE('',*,*,#14851,.F.);
#14851 = EDGE_CURVE('',#14852,#14818,#14854,.T.);
#14852 = VERTEX_POINT('',#14853);
#14853 = CARTESIAN_POINT('',(-0.575,-1.2,0.81));
#14854 = SEAM_CURVE('',#14855,(#14859,#14866),.PCURVE_S1.);
#14855 = LINE('',#14856,#14857);
#14856 = CARTESIAN_POINT('',(-0.575,-1.2,0.81));
#14857 = VECTOR('',#14858,1.);
#14858 = DIRECTION('',(0.,0.,1.));
#14859 = PCURVE('',#14827,#14860);
#14860 = DEFINITIONAL_REPRESENTATION('',(#14861),#14865);
#14861 = LINE('',#14862,#14863);
#14862 = CARTESIAN_POINT('',(6.28318530718,-0.));
#14863 = VECTOR('',#14864,1.);
#14864 = DIRECTION('',(0.,1.));
#14865 = ( GEOMETRIC_REPRESENTATION_CONTEXT(2) 
PARAMETRIC_REPRESENTATION_CONTEXT() REPRESENTATION_CONTEXT('2D SPACE',''
  ) );
#14866 = PCURVE('',#14827,#14867);
#14867 = DEFINITIONAL_REPRESENTATION('',(#14868),#14872);
#14868 = LINE('',#14869,#14870);
#14869 = CARTESIAN_POINT('',(0.,-0.));
#14870 = VECTOR('',#14871,1.);
#14871 = DIRECTION('',(0.,1.));
#14872 = ( GEOMETRIC_REPRESENTATION_CONTEXT(2) 
PARAMETRIC_REPRESENTATION_CONTEXT() REPRESENTATION_CONTEXT('2D SPACE',''
  ) );
#14873 = ORIENTED_EDGE('',*,*,#14874,.T.);
#14874 = EDGE_CURVE('',#14852,#14852,#14875,.T.);
#14875 = SURFACE_CURVE('',#14876,(#14881,#14888),.PCURVE_S1.);
#14876 = CIRCLE('',#14877,0.125);
#14877 = AXIS2_PLACEMENT_3D('',#14878,#14879,#14880);
#14878 = CARTESIAN_POINT('',(-0.7,-1.2,0.81));
#14879 = DIRECTION('',(0.,0.,1.));
#14880 = DIRECTION('',(1.,0.,-0.));
#14881 = PCURVE('',#14827,#14882);
#14882 = DEFINITIONAL_REPRESENTATION('',(#14883),#14887);
#14883 = LINE('',#14884,#14885);
#14884 = CARTESIAN_POINT('',(0.,0.));
#14885 = VECTOR('',#14886,1.);
#14886 = DIRECTION('',(1.,0.));
#14887 = ( GEOMETRIC_REPRESENTATION_CONTEXT(2) 
PARAMETRIC_REPRESENTATION_CONTEXT() REPRESENTATION_CONTEXT('2D SPACE',''
  ) );
#14888 = PCURVE('',#14889,#14894);
#14889 = PLANE('',#14890);
#14890 = AXIS2_PLACEMENT_3D('',#14891,#14892,#14893);
#14891 = CARTESIAN_POINT('',(-0.7,-1.2,0.81));
#14892 = DIRECTION('',(0.,0.,1.));
#14893 = DIRECTION('',(1.,0.,-0.));
#14894 = DEFINITIONAL_REPRESENTATION('',(#14895),#14899);
#14895 = CIRCLE('',#14896,0.125);
#14896 = AXIS2_PLACEMENT_2D('',#14897,#14898);
#14897 = CARTESIAN_POINT('',(0.,0.));
#14898 = DIRECTION('',(1.,0.));
#14899 = ( GEOMETRIC_REPRESENTATION_CONTEXT(2) 
PARAMETRIC_REPRESENTATION_CONTEXT() REPRESENTATION_CONTEXT('2D SPACE',''
  ) );
#14900 = ORIENTED_EDGE('',*,*,#14851,.T.);
#14901 = ADVANCED_FACE('',(#14902),#14839,.T.);
#14902 = FACE_BOUND('',#14903,.T.);
#14903 = EDGE_LOOP('',(#14904));
#14904 = ORIENTED_EDGE('',*,*,#14817,.T.);
#14905 = ADVANCED_FACE('',(#14906),#14889,.F.);
#14906 = FACE_BOUND('',#14907,.T.);
#14907 = EDGE_LOOP('',(#14908));
#14908 = ORIENTED_EDGE('',*,*,#14874,.F.);
#14909 = ( GEOMETRIC_REPRESENTATION_CONTEXT(3) 
GLOBAL_UNCERTAINTY_ASSIGNED_CONTEXT((#14913)) 
GLOBAL_UNIT_ASSIGNED_CONTEXT((#14910,#14911,#14912)) 
REPRESENTATION_CONTEXT('Context #1',
  '3D Context with UNIT and UNCERTAINTY') );
#14910 = ( LENGTH_UNIT() NAMED_UNIT(*) SI_UNIT(.MILLI.,.METRE.) );
#14911 = ( NAMED_UNIT(*) PLANE_ANGLE_UNIT() SI_UNIT($,.RADIAN.) );
#14912 = ( NAMED_UNIT(*) SI_UNIT($,.STERADIAN.) SOLID_ANGLE_UNIT() );
#14913 = UNCERTAINTY_MEASURE_WITH_UNIT(LENGTH_MEASURE(1.E-07),#14910,
  'distance_accuracy_value','confusion accuracy');
#14914 = PRODUCT_RELATED_PRODUCT_CATEGORY('part',$,(#14807));
#14915 = MECHANICAL_DESIGN_GEOMETRIC_PRESENTATION_REPRESENTATION('',(
    #14916,#14924,#14931,#14938,#14945,#14952,#14959,#14966,#14973,
    #14980,#14987,#14994,#15001,#15008,#15015,#15022,#15029,#15036,
    #15043,#15050,#15057,#15064,#15071,#15078,#15085,#15092,#15099,
    #15106,#15113,#15120,#15127,#15134,#15141,#15148,#15155,#15162,
    #15169,#15176,#15183,#15190,#15197,#15204,#15211,#15218,#15225,
    #15232,#15239,#15246,#15253,#15260,#15267,#15274,#15281,#15288,
    #15295,#15302,#15309,#15316,#15323,#15330,#15337,#15344,#15351,
    #15358,#15365,#15372,#15379,#15386,#15393,#15400),#14797);
#14916 = STYLED_ITEM('color',(#14917),#10125);
#14917 = PRESENTATION_STYLE_ASSIGNMENT((#14918));
#14918 = SURFACE_STYLE_USAGE(.BOTH.,#14919);
#14919 = SURFACE_SIDE_STYLE('',(#14920));
#14920 = SURFACE_STYLE_FILL_AREA(#14921);
#14921 = FILL_AREA_STYLE('',(#14922));
#14922 = FILL_AREA_STYLE_COLOUR('',#14923);
#14923 = COLOUR_RGB('',0.826657050643,0.826657050643,0.826657050643);
#14924 = STYLED_ITEM('color',(#14925),#10244);
#14925 = PRESENTATION_STYLE_ASSIGNMENT((#14926));
#14926 = SURFACE_STYLE_USAGE(.BOTH.,#14927);
#14927 = SURFACE_SIDE_STYLE('',(#14928));
#14928 = SURFACE_STYLE_FILL_AREA(#14929);
#14929 = FILL_AREA_STYLE('',(#14930));
#14930 = FILL_AREA_STYLE_COLOUR('',#14923);
#14931 = STYLED_ITEM('color',(#14932),#10317);
#14932 = PRESENTATION_STYLE_ASSIGNMENT((#14933));
#14933 = SURFACE_STYLE_USAGE(.BOTH.,#14934);
#14934 = SURFACE_SIDE_STYLE('',(#14935));
#14935 = SURFACE_STYLE_FILL_AREA(#14936);
#14936 = FILL_AREA_STYLE('',(#14937));
#14937 = FILL_AREA_STYLE_COLOUR('',#14923);
#14938 = STYLED_ITEM('color',(#14939),#10390);
#14939 = PRESENTATION_STYLE_ASSIGNMENT((#14940));
#14940 = SURFACE_STYLE_USAGE(.BOTH.,#14941);
#14941 = SURFACE_SIDE_STYLE('',(#14942));
#14942 = SURFACE_STYLE_FILL_AREA(#14943);
#14943 = FILL_AREA_STYLE('',(#14944));
#14944 = FILL_AREA_STYLE_COLOUR('',#14923);
#14945 = STYLED_ITEM('color',(#14946),#10463);
#14946 = PRESENTATION_STYLE_ASSIGNMENT((#14947));
#14947 = SURFACE_STYLE_USAGE(.BOTH.,#14948);
#14948 = SURFACE_SIDE_STYLE('',(#14949));
#14949 = SURFACE_STYLE_FILL_AREA(#14950);
#14950 = FILL_AREA_STYLE('',(#14951));
#14951 = FILL_AREA_STYLE_COLOUR('',#14923);
#14952 = STYLED_ITEM('color',(#14953),#10536);
#14953 = PRESENTATION_STYLE_ASSIGNMENT((#14954));
#14954 = SURFACE_STYLE_USAGE(.BOTH.,#14955);
#14955 = SURFACE_SIDE_STYLE('',(#14956));
#14956 = SURFACE_STYLE_FILL_AREA(#14957);
#14957 = FILL_AREA_STYLE('',(#14958));
#14958 = FILL_AREA_STYLE_COLOUR('',#14923);
#14959 = STYLED_ITEM('color',(#14960),#10603);
#14960 = PRESENTATION_STYLE_ASSIGNMENT((#14961));
#14961 = SURFACE_STYLE_USAGE(.BOTH.,#14962);
#14962 = SURFACE_SIDE_STYLE('',(#14963));
#14963 = SURFACE_STYLE_FILL_AREA(#14964);
#14964 = FILL_AREA_STYLE('',(#14965));
#14965 = FILL_AREA_STYLE_COLOUR('',#14923);
#14966 = STYLED_ITEM('color',(#14967),#10646);
#14967 = PRESENTATION_STYLE_ASSIGNMENT((#14968));
#14968 = SURFACE_STYLE_USAGE(.BOTH.,#14969);
#14969 = SURFACE_SIDE_STYLE('',(#14970));
#14970 = SURFACE_STYLE_FILL_AREA(#14971);
#14971 = FILL_AREA_STYLE('',(#14972));
#14972 = FILL_AREA_STYLE_COLOUR('',#14923);
#14973 = STYLED_ITEM('color',(#14974),#10656);
#14974 = PRESENTATION_STYLE_ASSIGNMENT((#14975));
#14975 = SURFACE_STYLE_USAGE(.BOTH.,#14976);
#14976 = SURFACE_SIDE_STYLE('',(#14977));
#14977 = SURFACE_STYLE_FILL_AREA(#14978);
#14978 = FILL_AREA_STYLE('',(#14979));
#14979 = FILL_AREA_STYLE_COLOUR('',#14923);
#14980 = STYLED_ITEM('color',(#14981),#10668);
#14981 = PRESENTATION_STYLE_ASSIGNMENT((#14982));
#14982 = SURFACE_STYLE_USAGE(.BOTH.,#14983);
#14983 = SURFACE_SIDE_STYLE('',(#14984));
#14984 = SURFACE_STYLE_FILL_AREA(#14985);
#14985 = FILL_AREA_STYLE('',(#14986));
#14986 = FILL_AREA_STYLE_COLOUR('',#14923);
#14987 = STYLED_ITEM('color',(#14988),#10787);
#14988 = PRESENTATION_STYLE_ASSIGNMENT((#14989));
#14989 = SURFACE_STYLE_USAGE(.BOTH.,#14990);
#14990 = SURFACE_SIDE_STYLE('',(#14991));
#14991 = SURFACE_STYLE_FILL_AREA(#14992);
#14992 = FILL_AREA_STYLE('',(#14993));
#14993 = FILL_AREA_STYLE_COLOUR('',#14923);
#14994 = STYLED_ITEM('color',(#14995),#10860);
#14995 = PRESENTATION_STYLE_ASSIGNMENT((#14996));
#14996 = SURFACE_STYLE_USAGE(.BOTH.,#14997);
#14997 = SURFACE_SIDE_STYLE('',(#14998));
#14998 = SURFACE_STYLE_FILL_AREA(#14999);
#14999 = FILL_AREA_STYLE('',(#15000));
#15000 = FILL_AREA_STYLE_COLOUR('',#14923);
#15001 = STYLED_ITEM('color',(#15002),#10933);
#15002 = PRESENTATION_STYLE_ASSIGNMENT((#15003));
#15003 = SURFACE_STYLE_USAGE(.BOTH.,#15004);
#15004 = SURFACE_SIDE_STYLE('',(#15005));
#15005 = SURFACE_STYLE_FILL_AREA(#15006);
#15006 = FILL_AREA_STYLE('',(#15007));
#15007 = FILL_AREA_STYLE_COLOUR('',#14923);
#15008 = STYLED_ITEM('color',(#15009),#11006);
#15009 = PRESENTATION_STYLE_ASSIGNMENT((#15010));
#15010 = SURFACE_STYLE_USAGE(.BOTH.,#15011);
#15011 = SURFACE_SIDE_STYLE('',(#15012));
#15012 = SURFACE_STYLE_FILL_AREA(#15013);
#15013 = FILL_AREA_STYLE('',(#15014));
#15014 = FILL_AREA_STYLE_COLOUR('',#14923);
#15015 = STYLED_ITEM('color',(#15016),#11079);
#15016 = PRESENTATION_STYLE_ASSIGNMENT((#15017));
#15017 = SURFACE_STYLE_USAGE(.BOTH.,#15018);
#15018 = SURFACE_SIDE_STYLE('',(#15019));
#15019 = SURFACE_STYLE_FILL_AREA(#15020);
#15020 = FILL_AREA_STYLE('',(#15021));
#15021 = FILL_AREA_STYLE_COLOUR('',#14923);
#15022 = STYLED_ITEM('color',(#15023),#11152);
#15023 = PRESENTATION_STYLE_ASSIGNMENT((#15024));
#15024 = SURFACE_STYLE_USAGE(.BOTH.,#15025);
#15025 = SURFACE_SIDE_STYLE('',(#15026));
#15026 = SURFACE_STYLE_FILL_AREA(#15027);
#15027 = FILL_AREA_STYLE('',(#15028));
#15028 = FILL_AREA_STYLE_COLOUR('',#14923);
#15029 = STYLED_ITEM('color',(#15030),#11219);
#15030 = PRESENTATION_STYLE_ASSIGNMENT((#15031));
#15031 = SURFACE_STYLE_USAGE(.BOTH.,#15032);
#15032 = SURFACE_SIDE_STYLE('',(#15033));
#15033 = SURFACE_STYLE_FILL_AREA(#15034);
#15034 = FILL_AREA_STYLE('',(#15035));
#15035 = FILL_AREA_STYLE_COLOUR('',#14923);
#15036 = STYLED_ITEM('color',(#15037),#11262);
#15037 = PRESENTATION_STYLE_ASSIGNMENT((#15038));
#15038 = SURFACE_STYLE_USAGE(.BOTH.,#15039);
#15039 = SURFACE_SIDE_STYLE('',(#15040));
#15040 = SURFACE_STYLE_FILL_AREA(#15041);
#15041 = FILL_AREA_STYLE('',(#15042));
#15042 = FILL_AREA_STYLE_COLOUR('',#14923);
#15043 = STYLED_ITEM('color',(#15044),#11273);
#15044 = PRESENTATION_STYLE_ASSIGNMENT((#15045));
#15045 = SURFACE_STYLE_USAGE(.BOTH.,#15046);
#15046 = SURFACE_SIDE_STYLE('',(#15047));
#15047 = SURFACE_STYLE_FILL_AREA(#15048);
#15048 = FILL_AREA_STYLE('',(#15049));
#15049 = FILL_AREA_STYLE_COLOUR('',#14923);
#15050 = STYLED_ITEM('color',(#15051),#11286);
#15051 = PRESENTATION_STYLE_ASSIGNMENT((#15052));
#15052 = SURFACE_STYLE_USAGE(.BOTH.,#15053);
#15053 = SURFACE_SIDE_STYLE('',(#15054));
#15054 = SURFACE_STYLE_FILL_AREA(#15055);
#15055 = FILL_AREA_STYLE('',(#15056));
#15056 = FILL_AREA_STYLE_COLOUR('',#14923);
#15057 = STYLED_ITEM('color',(#15058),#11406);
#15058 = PRESENTATION_STYLE_ASSIGNMENT((#15059));
#15059 = SURFACE_STYLE_USAGE(.BOTH.,#15060);
#15060 = SURFACE_SIDE_STYLE('',(#15061));
#15061 = SURFACE_STYLE_FILL_AREA(#15062);
#15062 = FILL_AREA_STYLE('',(#15063));
#15063 = FILL_AREA_STYLE_COLOUR('',#14923);
#15064 = STYLED_ITEM('color',(#15065),#11479);
#15065 = PRESENTATION_STYLE_ASSIGNMENT((#15066));
#15066 = SURFACE_STYLE_USAGE(.BOTH.,#15067);
#15067 = SURFACE_SIDE_STYLE('',(#15068));
#15068 = SURFACE_STYLE_FILL_AREA(#15069);
#15069 = FILL_AREA_STYLE('',(#15070));
#15070 = FILL_AREA_STYLE_COLOUR('',#14923);
#15071 = STYLED_ITEM('color',(#15072),#11552);
#15072 = PRESENTATION_STYLE_ASSIGNMENT((#15073));
#15073 = SURFACE_STYLE_USAGE(.BOTH.,#15074);
#15074 = SURFACE_SIDE_STYLE('',(#15075));
#15075 = SURFACE_STYLE_FILL_AREA(#15076);
#15076 = FILL_AREA_STYLE('',(#15077));
#15077 = FILL_AREA_STYLE_COLOUR('',#14923);
#15078 = STYLED_ITEM('color',(#15079),#11625);
#15079 = PRESENTATION_STYLE_ASSIGNMENT((#15080));
#15080 = SURFACE_STYLE_USAGE(.BOTH.,#15081);
#15081 = SURFACE_SIDE_STYLE('',(#15082));
#15082 = SURFACE_STYLE_FILL_AREA(#15083);
#15083 = FILL_AREA_STYLE('',(#15084));
#15084 = FILL_AREA_STYLE_COLOUR('',#14923);
#15085 = STYLED_ITEM('color',(#15086),#11699);
#15086 = PRESENTATION_STYLE_ASSIGNMENT((#15087));
#15087 = SURFACE_STYLE_USAGE(.BOTH.,#15088);
#15088 = SURFACE_SIDE_STYLE('',(#15089));
#15089 = SURFACE_STYLE_FILL_AREA(#15090);
#15090 = FILL_AREA_STYLE('',(#15091));
#15091 = FILL_AREA_STYLE_COLOUR('',#14923);
#15092 = STYLED_ITEM('color',(#15093),#11777);
#15093 = PRESENTATION_STYLE_ASSIGNMENT((#15094));
#15094 = SURFACE_STYLE_USAGE(.BOTH.,#15095);
#15095 = SURFACE_SIDE_STYLE('',(#15096));
#15096 = SURFACE_STYLE_FILL_AREA(#15097);
#15097 = FILL_AREA_STYLE('',(#15098));
#15098 = FILL_AREA_STYLE_COLOUR('',#14923);
#15099 = STYLED_ITEM('color',(#15100),#11855);
#15100 = PRESENTATION_STYLE_ASSIGNMENT((#15101));
#15101 = SURFACE_STYLE_USAGE(.BOTH.,#15102);
#15102 = SURFACE_SIDE_STYLE('',(#15103));
#15103 = SURFACE_STYLE_FILL_AREA(#15104);
#15104 = FILL_AREA_STYLE('',(#15105));
#15105 = FILL_AREA_STYLE_COLOUR('',#14923);
#15106 = STYLED_ITEM('color',(#15107),#11933);
#15107 = PRESENTATION_STYLE_ASSIGNMENT((#15108));
#15108 = SURFACE_STYLE_USAGE(.BOTH.,#15109);
#15109 = SURFACE_SIDE_STYLE('',(#15110));
#15110 = SURFACE_STYLE_FILL_AREA(#15111);
#15111 = FILL_AREA_STYLE('',(#15112));
#15112 = FILL_AREA_STYLE_COLOUR('',#14923);
#15113 = STYLED_ITEM('color',(#15114),#12011);
#15114 = PRESENTATION_STYLE_ASSIGNMENT((#15115));
#15115 = SURFACE_STYLE_USAGE(.BOTH.,#15116);
#15116 = SURFACE_SIDE_STYLE('',(#15117));
#15117 = SURFACE_STYLE_FILL_AREA(#15118);
#15118 = FILL_AREA_STYLE('',(#15119));
#15119 = FILL_AREA_STYLE_COLOUR('',#14923);
#15120 = STYLED_ITEM('color',(#15121),#12089);
#15121 = PRESENTATION_STYLE_ASSIGNMENT((#15122));
#15122 = SURFACE_STYLE_USAGE(.BOTH.,#15123);
#15123 = SURFACE_SIDE_STYLE('',(#15124));
#15124 = SURFACE_STYLE_FILL_AREA(#15125);
#15125 = FILL_AREA_STYLE('',(#15126));
#15126 = FILL_AREA_STYLE_COLOUR('',#14923);
#15127 = STYLED_ITEM('color',(#15128),#12167);
#15128 = PRESENTATION_STYLE_ASSIGNMENT((#15129));
#15129 = SURFACE_STYLE_USAGE(.BOTH.,#15130);
#15130 = SURFACE_SIDE_STYLE('',(#15131));
#15131 = SURFACE_STYLE_FILL_AREA(#15132);
#15132 = FILL_AREA_STYLE('',(#15133));
#15133 = FILL_AREA_STYLE_COLOUR('',#14923);
#15134 = STYLED_ITEM('color',(#15135),#12245);
#15135 = PRESENTATION_STYLE_ASSIGNMENT((#15136));
#15136 = SURFACE_STYLE_USAGE(.BOTH.,#15137);
#15137 = SURFACE_SIDE_STYLE('',(#15138));
#15138 = SURFACE_STYLE_FILL_AREA(#15139);
#15139 = FILL_AREA_STYLE('',(#15140));
#15140 = FILL_AREA_STYLE_COLOUR('',#14923);
#15141 = STYLED_ITEM('color',(#15142),#12322);
#15142 = PRESENTATION_STYLE_ASSIGNMENT((#15143));
#15143 = SURFACE_STYLE_USAGE(.BOTH.,#15144);
#15144 = SURFACE_SIDE_STYLE('',(#15145));
#15145 = SURFACE_STYLE_FILL_AREA(#15146);
#15146 = FILL_AREA_STYLE('',(#15147));
#15147 = FILL_AREA_STYLE_COLOUR('',#14923);
#15148 = STYLED_ITEM('color',(#15149),#12396);
#15149 = PRESENTATION_STYLE_ASSIGNMENT((#15150));
#15150 = SURFACE_STYLE_USAGE(.BOTH.,#15151);
#15151 = SURFACE_SIDE_STYLE('',(#15152));
#15152 = SURFACE_STYLE_FILL_AREA(#15153);
#15153 = FILL_AREA_STYLE('',(#15154));
#15154 = FILL_AREA_STYLE_COLOUR('',#14923);
#15155 = STYLED_ITEM('color',(#15156),#12474);
#15156 = PRESENTATION_STYLE_ASSIGNMENT((#15157));
#15157 = SURFACE_STYLE_USAGE(.BOTH.,#15158);
#15158 = SURFACE_SIDE_STYLE('',(#15159));
#15159 = SURFACE_STYLE_FILL_AREA(#15160);
#15160 = FILL_AREA_STYLE('',(#15161));
#15161 = FILL_AREA_STYLE_COLOUR('',#14923);
#15162 = STYLED_ITEM('color',(#15163),#12552);
#15163 = PRESENTATION_STYLE_ASSIGNMENT((#15164));
#15164 = SURFACE_STYLE_USAGE(.BOTH.,#15165);
#15165 = SURFACE_SIDE_STYLE('',(#15166));
#15166 = SURFACE_STYLE_FILL_AREA(#15167);
#15167 = FILL_AREA_STYLE('',(#15168));
#15168 = FILL_AREA_STYLE_COLOUR('',#14923);
#15169 = STYLED_ITEM('color',(#15170),#12630);
#15170 = PRESENTATION_STYLE_ASSIGNMENT((#15171));
#15171 = SURFACE_STYLE_USAGE(.BOTH.,#15172);
#15172 = SURFACE_SIDE_STYLE('',(#15173));
#15173 = SURFACE_STYLE_FILL_AREA(#15174);
#15174 = FILL_AREA_STYLE('',(#15175));
#15175 = FILL_AREA_STYLE_COLOUR('',#14923);
#15176 = STYLED_ITEM('color',(#15177),#12708);
#15177 = PRESENTATION_STYLE_ASSIGNMENT((#15178));
#15178 = SURFACE_STYLE_USAGE(.BOTH.,#15179);
#15179 = SURFACE_SIDE_STYLE('',(#15180));
#15180 = SURFACE_STYLE_FILL_AREA(#15181);
#15181 = FILL_AREA_STYLE('',(#15182));
#15182 = FILL_AREA_STYLE_COLOUR('',#14923);
#15183 = STYLED_ITEM('color',(#15184),#12786);
#15184 = PRESENTATION_STYLE_ASSIGNMENT((#15185));
#15185 = SURFACE_STYLE_USAGE(.BOTH.,#15186);
#15186 = SURFACE_SIDE_STYLE('',(#15187));
#15187 = SURFACE_STYLE_FILL_AREA(#15188);
#15188 = FILL_AREA_STYLE('',(#15189));
#15189 = FILL_AREA_STYLE_COLOUR('',#14923);
#15190 = STYLED_ITEM('color',(#15191),#12864);
#15191 = PRESENTATION_STYLE_ASSIGNMENT((#15192));
#15192 = SURFACE_STYLE_USAGE(.BOTH.,#15193);
#15193 = SURFACE_SIDE_STYLE('',(#15194));
#15194 = SURFACE_STYLE_FILL_AREA(#15195);
#15195 = FILL_AREA_STYLE('',(#15196));
#15196 = FILL_AREA_STYLE_COLOUR('',#14923);
#15197 = STYLED_ITEM('color',(#15198),#12935);
#15198 = PRESENTATION_STYLE_ASSIGNMENT((#15199));
#15199 = SURFACE_STYLE_USAGE(.BOTH.,#15200);
#15200 = SURFACE_SIDE_STYLE('',(#15201));
#15201 = SURFACE_STYLE_FILL_AREA(#15202);
#15202 = FILL_AREA_STYLE('',(#15203));
#15203 = FILL_AREA_STYLE_COLOUR('',#14923);
#15204 = STYLED_ITEM('color',(#15205),#12982);
#15205 = PRESENTATION_STYLE_ASSIGNMENT((#15206));
#15206 = SURFACE_STYLE_USAGE(.BOTH.,#15207);
#15207 = SURFACE_SIDE_STYLE('',(#15208));
#15208 = SURFACE_STYLE_FILL_AREA(#15209);
#15209 = FILL_AREA_STYLE('',(#15210));
#15210 = FILL_AREA_STYLE_COLOUR('',#14923);
#15211 = STYLED_ITEM('color',(#15212),#13007);
#15212 = PRESENTATION_STYLE_ASSIGNMENT((#15213));
#15213 = SURFACE_STYLE_USAGE(.BOTH.,#15214);
#15214 = SURFACE_SIDE_STYLE('',(#15215));
#15215 = SURFACE_STYLE_FILL_AREA(#15216);
#15216 = FILL_AREA_STYLE('',(#15217));
#15217 = FILL_AREA_STYLE_COLOUR('',#14923);
#15218 = STYLED_ITEM('color',(#15219),#13034);
#15219 = PRESENTATION_STYLE_ASSIGNMENT((#15220));
#15220 = SURFACE_STYLE_USAGE(.BOTH.,#15221);
#15221 = SURFACE_SIDE_STYLE('',(#15222));
#15222 = SURFACE_STYLE_FILL_AREA(#15223);
#15223 = FILL_AREA_STYLE('',(#15224));
#15224 = FILL_AREA_STYLE_COLOUR('',#14923);
#15225 = STYLED_ITEM('color',(#15226),#13153);
#15226 = PRESENTATION_STYLE_ASSIGNMENT((#15227));
#15227 = SURFACE_STYLE_USAGE(.BOTH.,#15228);
#15228 = SURFACE_SIDE_STYLE('',(#15229));
#15229 = SURFACE_STYLE_FILL_AREA(#15230);
#15230 = FILL_AREA_STYLE('',(#15231));
#15231 = FILL_AREA_STYLE_COLOUR('',#14923);
#15232 = STYLED_ITEM('color',(#15233),#13226);
#15233 = PRESENTATION_STYLE_ASSIGNMENT((#15234));
#15234 = SURFACE_STYLE_USAGE(.BOTH.,#15235);
#15235 = SURFACE_SIDE_STYLE('',(#15236));
#15236 = SURFACE_STYLE_FILL_AREA(#15237);
#15237 = FILL_AREA_STYLE('',(#15238));
#15238 = FILL_AREA_STYLE_COLOUR('',#14923);
#15239 = STYLED_ITEM('color',(#15240),#13299);
#15240 = PRESENTATION_STYLE_ASSIGNMENT((#15241));
#15241 = SURFACE_STYLE_USAGE(.BOTH.,#15242);
#15242 = SURFACE_SIDE_STYLE('',(#15243));
#15243 = SURFACE_STYLE_FILL_AREA(#15244);
#15244 = FILL_AREA_STYLE('',(#15245));
#15245 = FILL_AREA_STYLE_COLOUR('',#14923);
#15246 = STYLED_ITEM('color',(#15247),#13372);
#15247 = PRESENTATION_STYLE_ASSIGNMENT((#15248));
#15248 = SURFACE_STYLE_USAGE(.BOTH.,#15249);
#15249 = SURFACE_SIDE_STYLE('',(#15250));
#15250 = SURFACE_STYLE_FILL_AREA(#15251);
#15251 = FILL_AREA_STYLE('',(#15252));
#15252 = FILL_AREA_STYLE_COLOUR('',#14923);
#15253 = STYLED_ITEM('color',(#15254),#13445);
#15254 = PRESENTATION_STYLE_ASSIGNMENT((#15255));
#15255 = SURFACE_STYLE_USAGE(.BOTH.,#15256);
#15256 = SURFACE_SIDE_STYLE('',(#15257));
#15257 = SURFACE_STYLE_FILL_AREA(#15258);
#15258 = FILL_AREA_STYLE('',(#15259));
#15259 = FILL_AREA_STYLE_COLOUR('',#14923);
#15260 = STYLED_ITEM('color',(#15261),#13518);
#15261 = PRESENTATION_STYLE_ASSIGNMENT((#15262));
#15262 = SURFACE_STYLE_USAGE(.BOTH.,#15263);
#15263 = SURFACE_SIDE_STYLE('',(#15264));
#15264 = SURFACE_STYLE_FILL_AREA(#15265);
#15265 = FILL_AREA_STYLE('',(#15266));
#15266 = FILL_AREA_STYLE_COLOUR('',#14923);
#15267 = STYLED_ITEM('color',(#15268),#13591);
#15268 = PRESENTATION_STYLE_ASSIGNMENT((#15269));
#15269 = SURFACE_STYLE_USAGE(.BOTH.,#15270);
#15270 = SURFACE_SIDE_STYLE('',(#15271));
#15271 = SURFACE_STYLE_FILL_AREA(#15272);
#15272 = FILL_AREA_STYLE('',(#15273));
#15273 = FILL_AREA_STYLE_COLOUR('',#14923);
#15274 = STYLED_ITEM('color',(#15275),#13664);
#15275 = PRESENTATION_STYLE_ASSIGNMENT((#15276));
#15276 = SURFACE_STYLE_USAGE(.BOTH.,#15277);
#15277 = SURFACE_SIDE_STYLE('',(#15278));
#15278 = SURFACE_STYLE_FILL_AREA(#15279);
#15279 = FILL_AREA_STYLE('',(#15280));
#15280 = FILL_AREA_STYLE_COLOUR('',#14923);
#15281 = STYLED_ITEM('color',(#15282),#13737);
#15282 = PRESENTATION_STYLE_ASSIGNMENT((#15283));
#15283 = SURFACE_STYLE_USAGE(.BOTH.,#15284);
#15284 = SURFACE_SIDE_STYLE('',(#15285));
#15285 = SURFACE_STYLE_FILL_AREA(#15286);
#15286 = FILL_AREA_STYLE('',(#15287));
#15287 = FILL_AREA_STYLE_COLOUR('',#14923);
#15288 = STYLED_ITEM('color',(#15289),#13810);
#15289 = PRESENTATION_STYLE_ASSIGNMENT((#15290));
#15290 = SURFACE_STYLE_USAGE(.BOTH.,#15291);
#15291 = SURFACE_SIDE_STYLE('',(#15292));
#15292 = SURFACE_STYLE_FILL_AREA(#15293);
#15293 = FILL_AREA_STYLE('',(#15294));
#15294 = FILL_AREA_STYLE_COLOUR('',#14923);
#15295 = STYLED_ITEM('color',(#15296),#13877);
#15296 = PRESENTATION_STYLE_ASSIGNMENT((#15297));
#15297 = SURFACE_STYLE_USAGE(.BOTH.,#15298);
#15298 = SURFACE_SIDE_STYLE('',(#15299));
#15299 = SURFACE_STYLE_FILL_AREA(#15300);
#15300 = FILL_AREA_STYLE('',(#15301));
#15301 = FILL_AREA_STYLE_COLOUR('',#14923);
#15302 = STYLED_ITEM('color',(#15303),#13920);
#15303 = PRESENTATION_STYLE_ASSIGNMENT((#15304));
#15304 = SURFACE_STYLE_USAGE(.BOTH.,#15305);
#15305 = SURFACE_SIDE_STYLE('',(#15306));
#15306 = SURFACE_STYLE_FILL_AREA(#15307);
#15307 = FILL_AREA_STYLE('',(#15308));
#15308 = FILL_AREA_STYLE_COLOUR('',#14923);
#15309 = STYLED_ITEM('color',(#15310),#13935);
#15310 = PRESENTATION_STYLE_ASSIGNMENT((#15311));
#15311 = SURFACE_STYLE_USAGE(.BOTH.,#15312);
#15312 = SURFACE_SIDE_STYLE('',(#15313));
#15313 = SURFACE_STYLE_FILL_AREA(#15314);
#15314 = FILL_AREA_STYLE('',(#15315));
#15315 = FILL_AREA_STYLE_COLOUR('',#14923);
#15316 = STYLED_ITEM('color',(#15317),#13952);
#15317 = PRESENTATION_STYLE_ASSIGNMENT((#15318));
#15318 = SURFACE_STYLE_USAGE(.BOTH.,#15319);
#15319 = SURFACE_SIDE_STYLE('',(#15320));
#15320 = SURFACE_STYLE_FILL_AREA(#15321);
#15321 = FILL_AREA_STYLE('',(#15322));
#15322 = FILL_AREA_STYLE_COLOUR('',#14923);
#15323 = STYLED_ITEM('color',(#15324),#14071);
#15324 = PRESENTATION_STYLE_ASSIGNMENT((#15325));
#15325 = SURFACE_STYLE_USAGE(.BOTH.,#15326);
#15326 = SURFACE_SIDE_STYLE('',(#15327));
#15327 = SURFACE_STYLE_FILL_AREA(#15328);
#15328 = FILL_AREA_STYLE('',(#15329));
#15329 = FILL_AREA_STYLE_COLOUR('',#14923);
#15330 = STYLED_ITEM('color',(#15331),#14144);
#15331 = PRESENTATION_STYLE_ASSIGNMENT((#15332));
#15332 = SURFACE_STYLE_USAGE(.BOTH.,#15333);
#15333 = SURFACE_SIDE_STYLE('',(#15334));
#15334 = SURFACE_STYLE_FILL_AREA(#15335);
#15335 = FILL_AREA_STYLE('',(#15336));
#15336 = FILL_AREA_STYLE_COLOUR('',#14923);
#15337 = STYLED_ITEM('color',(#15338),#14217);
#15338 = PRESENTATION_STYLE_ASSIGNMENT((#15339));
#15339 = SURFACE_STYLE_USAGE(.BOTH.,#15340);
#15340 = SURFACE_SIDE_STYLE('',(#15341));
#15341 = SURFACE_STYLE_FILL_AREA(#15342);
#15342 = FILL_AREA_STYLE('',(#15343));
#15343 = FILL_AREA_STYLE_COLOUR('',#14923);
#15344 = STYLED_ITEM('color',(#15345),#14290);
#15345 = PRESENTATION_STYLE_ASSIGNMENT((#15346));
#15346 = SURFACE_STYLE_USAGE(.BOTH.,#15347);
#15347 = SURFACE_SIDE_STYLE('',(#15348));
#15348 = SURFACE_STYLE_FILL_AREA(#15349);
#15349 = FILL_AREA_STYLE('',(#15350));
#15350 = FILL_AREA_STYLE_COLOUR('',#14923);
#15351 = STYLED_ITEM('color',(#15352),#14363);
#15352 = PRESENTATION_STYLE_ASSIGNMENT((#15353));
#15353 = SURFACE_STYLE_USAGE(.BOTH.,#15354);
#15354 = SURFACE_SIDE_STYLE('',(#15355));
#15355 = SURFACE_STYLE_FILL_AREA(#15356);
#15356 = FILL_AREA_STYLE('',(#15357));
#15357 = FILL_AREA_STYLE_COLOUR('',#14923);
#15358 = STYLED_ITEM('color',(#15359),#14436);
#15359 = PRESENTATION_STYLE_ASSIGNMENT((#15360));
#15360 = SURFACE_STYLE_USAGE(.BOTH.,#15361);
#15361 = SURFACE_SIDE_STYLE('',(#15362));
#15362 = SURFACE_STYLE_FILL_AREA(#15363);
#15363 = FILL_AREA_STYLE('',(#15364));
#15364 = FILL_AREA_STYLE_COLOUR('',#14923);
#15365 = STYLED_ITEM('color',(#15366),#14503);
#15366 = PRESENTATION_STYLE_ASSIGNMENT((#15367));
#15367 = SURFACE_STYLE_USAGE(.BOTH.,#15368);
#15368 = SURFACE_SIDE_STYLE('',(#15369));
#15369 = SURFACE_STYLE_FILL_AREA(#15370);
#15370 = FILL_AREA_STYLE('',(#15371));
#15371 = FILL_AREA_STYLE_COLOUR('',#14923);
#15372 = STYLED_ITEM('color',(#15373),#14546);
#15373 = PRESENTATION_STYLE_ASSIGNMENT((#15374));
#15374 = SURFACE_STYLE_USAGE(.BOTH.,#15375);
#15375 = SURFACE_SIDE_STYLE('',(#15376));
#15376 = SURFACE_STYLE_FILL_AREA(#15377);
#15377 = FILL_AREA_STYLE('',(#15378));
#15378 = FILL_AREA_STYLE_COLOUR('',#14923);
#15379 = STYLED_ITEM('color',(#15380),#14655);
#15380 = PRESENTATION_STYLE_ASSIGNMENT((#15381));
#15381 = SURFACE_STYLE_USAGE(.BOTH.,#15382);
#15382 = SURFACE_SIDE_STYLE('',(#15383));
#15383 = SURFACE_STYLE_FILL_AREA(#15384);
#15384 = FILL_AREA_STYLE('',(#15385));
#15385 = FILL_AREA_STYLE_COLOUR('',#14923);
#15386 = STYLED_ITEM('color',(#15387),#14722);
#15387 = PRESENTATION_STYLE_ASSIGNMENT((#15388));
#15388 = SURFACE_STYLE_USAGE(.BOTH.,#15389);
#15389 = SURFACE_SIDE_STYLE('',(#15390));
#15390 = SURFACE_STYLE_FILL_AREA(#15391);
#15391 = FILL_AREA_STYLE('',(#15392));
#15392 = FILL_AREA_STYLE_COLOUR('',#14923);
#15393 = STYLED_ITEM('color',(#15394),#14765);
#15394 = PRESENTATION_STYLE_ASSIGNMENT((#15395));
#15395 = SURFACE_STYLE_USAGE(.BOTH.,#15396);
#15396 = SURFACE_SIDE_STYLE('',(#15397));
#15397 = SURFACE_STYLE_FILL_AREA(#15398);
#15398 = FILL_AREA_STYLE('',(#15399));
#15399 = FILL_AREA_STYLE_COLOUR('',#14923);
#15400 = STYLED_ITEM('color',(#15401),#14781);
#15401 = PRESENTATION_STYLE_ASSIGNMENT((#15402));
#15402 = SURFACE_STYLE_USAGE(.BOTH.,#15403);
#15403 = SURFACE_SIDE_STYLE('',(#15404));
#15404 = SURFACE_STYLE_FILL_AREA(#15405);
#15405 = FILL_AREA_STYLE('',(#15406));
#15406 = FILL_AREA_STYLE_COLOUR('',#14923);
#15407 = MECHANICAL_DESIGN_GEOMETRIC_PRESENTATION_REPRESENTATION('',(
    #15408,#15416,#15423,#15430,#15437,#15444,#15451,#15459,#15466,
    #15473,#15480,#15487,#15494,#15501,#15508,#15515,#15522,#15529,
    #15536,#15543,#15550,#15557,#15564,#15571,#15578,#15585,#15592,
    #15599,#15606,#15613,#15620,#15627,#15634,#15641,#15648,#15655,
    #15662,#15669,#15676,#15683,#15690,#15697,#15704,#15711,#15718,
    #15725,#15732,#15739,#15746,#15753,#15760,#15767,#15774,#15781,
    #15788,#15795,#15802,#15809,#15816,#15823,#15830,#15837,#15844,
    #15851,#15858,#15865,#15873,#15880,#15887,#15894,#15901,#15908,
    #15915,#15922,#15929,#15936,#15943,#15950,#15957,#15964,#15971,
    #15978,#15985,#15992,#15999,#16006,#16013,#16020,#16027,#16034,
    #16041,#16048,#16055,#16062,#16069,#16076,#16083,#16090,#16097,
    #16104,#16111,#16118,#16125,#16132,#16139,#16146,#16153,#16160,
    #16167,#16174,#16181,#16188,#16195,#16202,#16209,#16216,#16223,
    #16230,#16237,#16244,#16251,#16258,#16265,#16272),#10109);
#15408 = STYLED_ITEM('color',(#15409),#17);
#15409 = PRESENTATION_STYLE_ASSIGNMENT((#15410));
#15410 = SURFACE_STYLE_USAGE(.BOTH.,#15411);
#15411 = SURFACE_SIDE_STYLE('',(#15412));
#15412 = SURFACE_STYLE_FILL_AREA(#15413);
#15413 = FILL_AREA_STYLE('',(#15414));
#15414 = FILL_AREA_STYLE_COLOUR('',#15415);
#15415 = COLOUR_RGB('',0.25105632786,0.25105632786,0.25105632786);
#15416 = STYLED_ITEM('color',(#15417),#118);
#15417 = PRESENTATION_STYLE_ASSIGNMENT((#15418));
#15418 = SURFACE_STYLE_USAGE(.BOTH.,#15419);
#15419 = SURFACE_SIDE_STYLE('',(#15420));
#15420 = SURFACE_STYLE_FILL_AREA(#15421);
#15421 = FILL_AREA_STYLE('',(#15422));
#15422 = FILL_AREA_STYLE_COLOUR('',#15415);
#15423 = STYLED_ITEM('color',(#15424),#239);
#15424 = PRESENTATION_STYLE_ASSIGNMENT((#15425));
#15425 = SURFACE_STYLE_USAGE(.BOTH.,#15426);
#15426 = SURFACE_SIDE_STYLE('',(#15427));
#15427 = SURFACE_STYLE_FILL_AREA(#15428);
#15428 = FILL_AREA_STYLE('',(#15429));
#15429 = FILL_AREA_STYLE_COLOUR('',#15415);
#15430 = STYLED_ITEM('color',(#15431),#743);
#15431 = PRESENTATION_STYLE_ASSIGNMENT((#15432));
#15432 = SURFACE_STYLE_USAGE(.BOTH.,#15433);
#15433 = SURFACE_SIDE_STYLE('',(#15434));
#15434 = SURFACE_STYLE_FILL_AREA(#15435);
#15435 = FILL_AREA_STYLE('',(#15436));
#15436 = FILL_AREA_STYLE_COLOUR('',#15415);
#15437 = STYLED_ITEM('color',(#15438),#792);
#15438 = PRESENTATION_STYLE_ASSIGNMENT((#15439));
#15439 = SURFACE_STYLE_USAGE(.BOTH.,#15440);
#15440 = SURFACE_SIDE_STYLE('',(#15441));
#15441 = SURFACE_STYLE_FILL_AREA(#15442);
#15442 = FILL_AREA_STYLE('',(#15443));
#15443 = FILL_AREA_STYLE_COLOUR('',#15415);
#15444 = STYLED_ITEM('color',(#15445),#841);
#15445 = PRESENTATION_STYLE_ASSIGNMENT((#15446));
#15446 = SURFACE_STYLE_USAGE(.BOTH.,#15447);
#15447 = SURFACE_SIDE_STYLE('',(#15448));
#15448 = SURFACE_STYLE_FILL_AREA(#15449);
#15449 = FILL_AREA_STYLE('',(#15450));
#15450 = FILL_AREA_STYLE_COLOUR('',#15415);
#15451 = STYLED_ITEM('color',(#15452),#1296);
#15452 = PRESENTATION_STYLE_ASSIGNMENT((#15453));
#15453 = SURFACE_STYLE_USAGE(.BOTH.,#15454);
#15454 = SURFACE_SIDE_STYLE('',(#15455));
#15455 = SURFACE_STYLE_FILL_AREA(#15456);
#15456 = FILL_AREA_STYLE('',(#15457));
#15457 = FILL_AREA_STYLE_COLOUR('',#15458);
#15458 = COLOUR_RGB('',0.850995748959,0.850995748959,0.850995748959);
#15459 = STYLED_ITEM('color',(#15460),#1372);
#15460 = PRESENTATION_STYLE_ASSIGNMENT((#15461));
#15461 = SURFACE_STYLE_USAGE(.BOTH.,#15462);
#15462 = SURFACE_SIDE_STYLE('',(#15463));
#15463 = SURFACE_STYLE_FILL_AREA(#15464);
#15464 = FILL_AREA_STYLE('',(#15465));
#15465 = FILL_AREA_STYLE_COLOUR('',#15458);
#15466 = STYLED_ITEM('color',(#15467),#1477);
#15467 = PRESENTATION_STYLE_ASSIGNMENT((#15468));
#15468 = SURFACE_STYLE_USAGE(.BOTH.,#15469);
#15469 = SURFACE_SIDE_STYLE('',(#15470));
#15470 = SURFACE_STYLE_FILL_AREA(#15471);
#15471 = FILL_AREA_STYLE('',(#15472));
#15472 = FILL_AREA_STYLE_COLOUR('',#15415);
#15473 = STYLED_ITEM('color',(#15474),#2323);
#15474 = PRESENTATION_STYLE_ASSIGNMENT((#15475));
#15475 = SURFACE_STYLE_USAGE(.BOTH.,#15476);
#15476 = SURFACE_SIDE_STYLE('',(#15477));
#15477 = SURFACE_STYLE_FILL_AREA(#15478);
#15478 = FILL_AREA_STYLE('',(#15479));
#15479 = FILL_AREA_STYLE_COLOUR('',#15458);
#15480 = STYLED_ITEM('color',(#15481),#2428);
#15481 = PRESENTATION_STYLE_ASSIGNMENT((#15482));
#15482 = SURFACE_STYLE_USAGE(.BOTH.,#15483);
#15483 = SURFACE_SIDE_STYLE('',(#15484));
#15484 = SURFACE_STYLE_FILL_AREA(#15485);
#15485 = FILL_AREA_STYLE('',(#15486));
#15486 = FILL_AREA_STYLE_COLOUR('',#15458);
#15487 = STYLED_ITEM('color',(#15488),#2477);
#15488 = PRESENTATION_STYLE_ASSIGNMENT((#15489));
#15489 = SURFACE_STYLE_USAGE(.BOTH.,#15490);
#15490 = SURFACE_SIDE_STYLE('',(#15491));
#15491 = SURFACE_STYLE_FILL_AREA(#15492);
#15492 = FILL_AREA_STYLE('',(#15493));
#15493 = FILL_AREA_STYLE_COLOUR('',#15458);
#15494 = STYLED_ITEM('color',(#15495),#2550);
#15495 = PRESENTATION_STYLE_ASSIGNMENT((#15496));
#15496 = SURFACE_STYLE_USAGE(.BOTH.,#15497);
#15497 = SURFACE_SIDE_STYLE('',(#15498));
#15498 = SURFACE_STYLE_FILL_AREA(#15499);
#15499 = FILL_AREA_STYLE('',(#15500));
#15500 = FILL_AREA_STYLE_COLOUR('',#15458);
#15501 = STYLED_ITEM('color',(#15502),#2655);
#15502 = PRESENTATION_STYLE_ASSIGNMENT((#15503));
#15503 = SURFACE_STYLE_USAGE(.BOTH.,#15504);
#15504 = SURFACE_SIDE_STYLE('',(#15505));
#15505 = SURFACE_STYLE_FILL_AREA(#15506);
#15506 = FILL_AREA_STYLE('',(#15507));
#15507 = FILL_AREA_STYLE_COLOUR('',#15458);
#15508 = STYLED_ITEM('color',(#15509),#2704);
#15509 = PRESENTATION_STYLE_ASSIGNMENT((#15510));
#15510 = SURFACE_STYLE_USAGE(.BOTH.,#15511);
#15511 = SURFACE_SIDE_STYLE('',(#15512));
#15512 = SURFACE_STYLE_FILL_AREA(#15513);
#15513 = FILL_AREA_STYLE('',(#15514));
#15514 = FILL_AREA_STYLE_COLOUR('',#15458);
#15515 = STYLED_ITEM('color',(#15516),#2777);
#15516 = PRESENTATION_STYLE_ASSIGNMENT((#15517));
#15517 = SURFACE_STYLE_USAGE(.BOTH.,#15518);
#15518 = SURFACE_SIDE_STYLE('',(#15519));
#15519 = SURFACE_STYLE_FILL_AREA(#15520);
#15520 = FILL_AREA_STYLE('',(#15521));
#15521 = FILL_AREA_STYLE_COLOUR('',#15458);
#15522 = STYLED_ITEM('color',(#15523),#2882);
#15523 = PRESENTATION_STYLE_ASSIGNMENT((#15524));
#15524 = SURFACE_STYLE_USAGE(.BOTH.,#15525);
#15525 = SURFACE_SIDE_STYLE('',(#15526));
#15526 = SURFACE_STYLE_FILL_AREA(#15527);
#15527 = FILL_AREA_STYLE('',(#15528));
#15528 = FILL_AREA_STYLE_COLOUR('',#15458);
#15529 = STYLED_ITEM('color',(#15530),#2931);
#15530 = PRESENTATION_STYLE_ASSIGNMENT((#15531));
#15531 = SURFACE_STYLE_USAGE(.BOTH.,#15532);
#15532 = SURFACE_SIDE_STYLE('',(#15533));
#15533 = SURFACE_STYLE_FILL_AREA(#15534);
#15534 = FILL_AREA_STYLE('',(#15535));
#15535 = FILL_AREA_STYLE_COLOUR('',#15458);
#15536 = STYLED_ITEM('color',(#15537),#3004);
#15537 = PRESENTATION_STYLE_ASSIGNMENT((#15538));
#15538 = SURFACE_STYLE_USAGE(.BOTH.,#15539);
#15539 = SURFACE_SIDE_STYLE('',(#15540));
#15540 = SURFACE_STYLE_FILL_AREA(#15541);
#15541 = FILL_AREA_STYLE('',(#15542));
#15542 = FILL_AREA_STYLE_COLOUR('',#15458);
#15543 = STYLED_ITEM('color',(#15544),#3077);
#15544 = PRESENTATION_STYLE_ASSIGNMENT((#15545));
#15545 = SURFACE_STYLE_USAGE(.BOTH.,#15546);
#15546 = SURFACE_SIDE_STYLE('',(#15547));
#15547 = SURFACE_STYLE_FILL_AREA(#15548);
#15548 = FILL_AREA_STYLE('',(#15549));
#15549 = FILL_AREA_STYLE_COLOUR('',#15458);
#15550 = STYLED_ITEM('color',(#15551),#3182);
#15551 = PRESENTATION_STYLE_ASSIGNMENT((#15552));
#15552 = SURFACE_STYLE_USAGE(.BOTH.,#15553);
#15553 = SURFACE_SIDE_STYLE('',(#15554));
#15554 = SURFACE_STYLE_FILL_AREA(#15555);
#15555 = FILL_AREA_STYLE('',(#15556));
#15556 = FILL_AREA_STYLE_COLOUR('',#15458);
#15557 = STYLED_ITEM('color',(#15558),#3287);
#15558 = PRESENTATION_STYLE_ASSIGNMENT((#15559));
#15559 = SURFACE_STYLE_USAGE(.BOTH.,#15560);
#15560 = SURFACE_SIDE_STYLE('',(#15561));
#15561 = SURFACE_STYLE_FILL_AREA(#15562);
#15562 = FILL_AREA_STYLE('',(#15563));
#15563 = FILL_AREA_STYLE_COLOUR('',#15458);
#15564 = STYLED_ITEM('color',(#15565),#3336);
#15565 = PRESENTATION_STYLE_ASSIGNMENT((#15566));
#15566 = SURFACE_STYLE_USAGE(.BOTH.,#15567);
#15567 = SURFACE_SIDE_STYLE('',(#15568));
#15568 = SURFACE_STYLE_FILL_AREA(#15569);
#15569 = FILL_AREA_STYLE('',(#15570));
#15570 = FILL_AREA_STYLE_COLOUR('',#15458);
#15571 = STYLED_ITEM('color',(#15572),#3409);
#15572 = PRESENTATION_STYLE_ASSIGNMENT((#15573));
#15573 = SURFACE_STYLE_USAGE(.BOTH.,#15574);
#15574 = SURFACE_SIDE_STYLE('',(#15575));
#15575 = SURFACE_STYLE_FILL_AREA(#15576);
#15576 = FILL_AREA_STYLE('',(#15577));
#15577 = FILL_AREA_STYLE_COLOUR('',#15458);
#15578 = STYLED_ITEM('color',(#15579),#3514);
#15579 = PRESENTATION_STYLE_ASSIGNMENT((#15580));
#15580 = SURFACE_STYLE_USAGE(.BOTH.,#15581);
#15581 = SURFACE_SIDE_STYLE('',(#15582));
#15582 = SURFACE_STYLE_FILL_AREA(#15583);
#15583 = FILL_AREA_STYLE('',(#15584));
#15584 = FILL_AREA_STYLE_COLOUR('',#15458);
#15585 = STYLED_ITEM('color',(#15586),#3563);
#15586 = PRESENTATION_STYLE_ASSIGNMENT((#15587));
#15587 = SURFACE_STYLE_USAGE(.BOTH.,#15588);
#15588 = SURFACE_SIDE_STYLE('',(#15589));
#15589 = SURFACE_STYLE_FILL_AREA(#15590);
#15590 = FILL_AREA_STYLE('',(#15591));
#15591 = FILL_AREA_STYLE_COLOUR('',#15458);
#15592 = STYLED_ITEM('color',(#15593),#3636);
#15593 = PRESENTATION_STYLE_ASSIGNMENT((#15594));
#15594 = SURFACE_STYLE_USAGE(.BOTH.,#15595);
#15595 = SURFACE_SIDE_STYLE('',(#15596));
#15596 = SURFACE_STYLE_FILL_AREA(#15597);
#15597 = FILL_AREA_STYLE('',(#15598));
#15598 = FILL_AREA_STYLE_COLOUR('',#15458);
#15599 = STYLED_ITEM('color',(#15600),#3741);
#15600 = PRESENTATION_STYLE_ASSIGNMENT((#15601));
#15601 = SURFACE_STYLE_USAGE(.BOTH.,#15602);
#15602 = SURFACE_SIDE_STYLE('',(#15603));
#15603 = SURFACE_STYLE_FILL_AREA(#15604);
#15604 = FILL_AREA_STYLE('',(#15605));
#15605 = FILL_AREA_STYLE_COLOUR('',#15458);
#15606 = STYLED_ITEM('color',(#15607),#3790);
#15607 = PRESENTATION_STYLE_ASSIGNMENT((#15608));
#15608 = SURFACE_STYLE_USAGE(.BOTH.,#15609);
#15609 = SURFACE_SIDE_STYLE('',(#15610));
#15610 = SURFACE_STYLE_FILL_AREA(#15611);
#15611 = FILL_AREA_STYLE('',(#15612));
#15612 = FILL_AREA_STYLE_COLOUR('',#15458);
#15613 = STYLED_ITEM('color',(#15614),#3863);
#15614 = PRESENTATION_STYLE_ASSIGNMENT((#15615));
#15615 = SURFACE_STYLE_USAGE(.BOTH.,#15616);
#15616 = SURFACE_SIDE_STYLE('',(#15617));
#15617 = SURFACE_STYLE_FILL_AREA(#15618);
#15618 = FILL_AREA_STYLE('',(#15619));
#15619 = FILL_AREA_STYLE_COLOUR('',#15458);
#15620 = STYLED_ITEM('color',(#15621),#3958);
#15621 = PRESENTATION_STYLE_ASSIGNMENT((#15622));
#15622 = SURFACE_STYLE_USAGE(.BOTH.,#15623);
#15623 = SURFACE_SIDE_STYLE('',(#15624));
#15624 = SURFACE_STYLE_FILL_AREA(#15625);
#15625 = FILL_AREA_STYLE('',(#15626));
#15626 = FILL_AREA_STYLE_COLOUR('',#15458);
#15627 = STYLED_ITEM('color',(#15628),#3985);
#15628 = PRESENTATION_STYLE_ASSIGNMENT((#15629));
#15629 = SURFACE_STYLE_USAGE(.BOTH.,#15630);
#15630 = SURFACE_SIDE_STYLE('',(#15631));
#15631 = SURFACE_STYLE_FILL_AREA(#15632);
#15632 = FILL_AREA_STYLE('',(#15633));
#15633 = FILL_AREA_STYLE_COLOUR('',#15458);
#15634 = STYLED_ITEM('color',(#15635),#4012);
#15635 = PRESENTATION_STYLE_ASSIGNMENT((#15636));
#15636 = SURFACE_STYLE_USAGE(.BOTH.,#15637);
#15637 = SURFACE_SIDE_STYLE('',(#15638));
#15638 = SURFACE_STYLE_FILL_AREA(#15639);
#15639 = FILL_AREA_STYLE('',(#15640));
#15640 = FILL_AREA_STYLE_COLOUR('',#15458);
#15641 = STYLED_ITEM('color',(#15642),#4066);
#15642 = PRESENTATION_STYLE_ASSIGNMENT((#15643));
#15643 = SURFACE_STYLE_USAGE(.BOTH.,#15644);
#15644 = SURFACE_SIDE_STYLE('',(#15645));
#15645 = SURFACE_STYLE_FILL_AREA(#15646);
#15646 = FILL_AREA_STYLE('',(#15647));
#15647 = FILL_AREA_STYLE_COLOUR('',#15458);
#15648 = STYLED_ITEM('color',(#15649),#4099);
#15649 = PRESENTATION_STYLE_ASSIGNMENT((#15650));
#15650 = SURFACE_STYLE_USAGE(.BOTH.,#15651);
#15651 = SURFACE_SIDE_STYLE('',(#15652));
#15652 = SURFACE_STYLE_FILL_AREA(#15653);
#15653 = FILL_AREA_STYLE('',(#15654));
#15654 = FILL_AREA_STYLE_COLOUR('',#15458);
#15655 = STYLED_ITEM('color',(#15656),#4106);
#15656 = PRESENTATION_STYLE_ASSIGNMENT((#15657));
#15657 = SURFACE_STYLE_USAGE(.BOTH.,#15658);
#15658 = SURFACE_SIDE_STYLE('',(#15659));
#15659 = SURFACE_STYLE_FILL_AREA(#15660);
#15660 = FILL_AREA_STYLE('',(#15661));
#15661 = FILL_AREA_STYLE_COLOUR('',#15458);
#15662 = STYLED_ITEM('color',(#15663),#4134);
#15663 = PRESENTATION_STYLE_ASSIGNMENT((#15664));
#15664 = SURFACE_STYLE_USAGE(.BOTH.,#15665);
#15665 = SURFACE_SIDE_STYLE('',(#15666));
#15666 = SURFACE_STYLE_FILL_AREA(#15667);
#15667 = FILL_AREA_STYLE('',(#15668));
#15668 = FILL_AREA_STYLE_COLOUR('',#15458);
#15669 = STYLED_ITEM('color',(#15670),#4162);
#15670 = PRESENTATION_STYLE_ASSIGNMENT((#15671));
#15671 = SURFACE_STYLE_USAGE(.BOTH.,#15672);
#15672 = SURFACE_SIDE_STYLE('',(#15673));
#15673 = SURFACE_STYLE_FILL_AREA(#15674);
#15674 = FILL_AREA_STYLE('',(#15675));
#15675 = FILL_AREA_STYLE_COLOUR('',#15458);
#15676 = STYLED_ITEM('color',(#15677),#4190);
#15677 = PRESENTATION_STYLE_ASSIGNMENT((#15678));
#15678 = SURFACE_STYLE_USAGE(.BOTH.,#15679);
#15679 = SURFACE_SIDE_STYLE('',(#15680));
#15680 = SURFACE_STYLE_FILL_AREA(#15681);
#15681 = FILL_AREA_STYLE('',(#15682));
#15682 = FILL_AREA_STYLE_COLOUR('',#15458);
#15683 = STYLED_ITEM('color',(#15684),#4218);
#15684 = PRESENTATION_STYLE_ASSIGNMENT((#15685));
#15685 = SURFACE_STYLE_USAGE(.BOTH.,#15686);
#15686 = SURFACE_SIDE_STYLE('',(#15687));
#15687 = SURFACE_STYLE_FILL_AREA(#15688);
#15688 = FILL_AREA_STYLE('',(#15689));
#15689 = FILL_AREA_STYLE_COLOUR('',#15458);
#15690 = STYLED_ITEM('color',(#15691),#4272);
#15691 = PRESENTATION_STYLE_ASSIGNMENT((#15692));
#15692 = SURFACE_STYLE_USAGE(.BOTH.,#15693);
#15693 = SURFACE_SIDE_STYLE('',(#15694));
#15694 = SURFACE_STYLE_FILL_AREA(#15695);
#15695 = FILL_AREA_STYLE('',(#15696));
#15696 = FILL_AREA_STYLE_COLOUR('',#15458);
#15697 = STYLED_ITEM('color',(#15698),#4304);
#15698 = PRESENTATION_STYLE_ASSIGNMENT((#15699));
#15699 = SURFACE_STYLE_USAGE(.BOTH.,#15700);
#15700 = SURFACE_SIDE_STYLE('',(#15701));
#15701 = SURFACE_STYLE_FILL_AREA(#15702);
#15702 = FILL_AREA_STYLE('',(#15703));
#15703 = FILL_AREA_STYLE_COLOUR('',#15458);
#15704 = STYLED_ITEM('color',(#15705),#4358);
#15705 = PRESENTATION_STYLE_ASSIGNMENT((#15706));
#15706 = SURFACE_STYLE_USAGE(.BOTH.,#15707);
#15707 = SURFACE_SIDE_STYLE('',(#15708));
#15708 = SURFACE_STYLE_FILL_AREA(#15709);
#15709 = FILL_AREA_STYLE('',(#15710));
#15710 = FILL_AREA_STYLE_COLOUR('',#15458);
#15711 = STYLED_ITEM('color',(#15712),#4390);
#15712 = PRESENTATION_STYLE_ASSIGNMENT((#15713));
#15713 = SURFACE_STYLE_USAGE(.BOTH.,#15714);
#15714 = SURFACE_SIDE_STYLE('',(#15715));
#15715 = SURFACE_STYLE_FILL_AREA(#15716);
#15716 = FILL_AREA_STYLE('',(#15717));
#15717 = FILL_AREA_STYLE_COLOUR('',#15458);
#15718 = STYLED_ITEM('color',(#15719),#4444);
#15719 = PRESENTATION_STYLE_ASSIGNMENT((#15720));
#15720 = SURFACE_STYLE_USAGE(.BOTH.,#15721);
#15721 = SURFACE_SIDE_STYLE('',(#15722));
#15722 = SURFACE_STYLE_FILL_AREA(#15723);
#15723 = FILL_AREA_STYLE('',(#15724));
#15724 = FILL_AREA_STYLE_COLOUR('',#15458);
#15725 = STYLED_ITEM('color',(#15726),#4476);
#15726 = PRESENTATION_STYLE_ASSIGNMENT((#15727));
#15727 = SURFACE_STYLE_USAGE(.BOTH.,#15728);
#15728 = SURFACE_SIDE_STYLE('',(#15729));
#15729 = SURFACE_STYLE_FILL_AREA(#15730);
#15730 = FILL_AREA_STYLE('',(#15731));
#15731 = FILL_AREA_STYLE_COLOUR('',#15458);
#15732 = STYLED_ITEM('color',(#15733),#4552);
#15733 = PRESENTATION_STYLE_ASSIGNMENT((#15734));
#15734 = SURFACE_STYLE_USAGE(.BOTH.,#15735);
#15735 = SURFACE_SIDE_STYLE('',(#15736));
#15736 = SURFACE_STYLE_FILL_AREA(#15737);
#15737 = FILL_AREA_STYLE('',(#15738));
#15738 = FILL_AREA_STYLE_COLOUR('',#15458);
#15739 = STYLED_ITEM('color',(#15740),#4601);
#15740 = PRESENTATION_STYLE_ASSIGNMENT((#15741));
#15741 = SURFACE_STYLE_USAGE(.BOTH.,#15742);
#15742 = SURFACE_SIDE_STYLE('',(#15743));
#15743 = SURFACE_STYLE_FILL_AREA(#15744);
#15744 = FILL_AREA_STYLE('',(#15745));
#15745 = FILL_AREA_STYLE_COLOUR('',#15458);
#15746 = STYLED_ITEM('color',(#15747),#4650);
#15747 = PRESENTATION_STYLE_ASSIGNMENT((#15748));
#15748 = SURFACE_STYLE_USAGE(.BOTH.,#15749);
#15749 = SURFACE_SIDE_STYLE('',(#15750));
#15750 = SURFACE_STYLE_FILL_AREA(#15751);
#15751 = FILL_AREA_STYLE('',(#15752));
#15752 = FILL_AREA_STYLE_COLOUR('',#15458);
#15753 = STYLED_ITEM('color',(#15754),#4699);
#15754 = PRESENTATION_STYLE_ASSIGNMENT((#15755));
#15755 = SURFACE_STYLE_USAGE(.BOTH.,#15756);
#15756 = SURFACE_SIDE_STYLE('',(#15757));
#15757 = SURFACE_STYLE_FILL_AREA(#15758);
#15758 = FILL_AREA_STYLE('',(#15759));
#15759 = FILL_AREA_STYLE_COLOUR('',#15458);
#15760 = STYLED_ITEM('color',(#15761),#4726);
#15761 = PRESENTATION_STYLE_ASSIGNMENT((#15762));
#15762 = SURFACE_STYLE_USAGE(.BOTH.,#15763);
#15763 = SURFACE_SIDE_STYLE('',(#15764));
#15764 = SURFACE_STYLE_FILL_AREA(#15765);
#15765 = FILL_AREA_STYLE('',(#15766));
#15766 = FILL_AREA_STYLE_COLOUR('',#15458);
#15767 = STYLED_ITEM('color',(#15768),#4754);
#15768 = PRESENTATION_STYLE_ASSIGNMENT((#15769));
#15769 = SURFACE_STYLE_USAGE(.BOTH.,#15770);
#15770 = SURFACE_SIDE_STYLE('',(#15771));
#15771 = SURFACE_STYLE_FILL_AREA(#15772);
#15772 = FILL_AREA_STYLE('',(#15773));
#15773 = FILL_AREA_STYLE_COLOUR('',#15458);
#15774 = STYLED_ITEM('color',(#15775),#4761);
#15775 = PRESENTATION_STYLE_ASSIGNMENT((#15776));
#15776 = SURFACE_STYLE_USAGE(.BOTH.,#15777);
#15777 = SURFACE_SIDE_STYLE('',(#15778));
#15778 = SURFACE_STYLE_FILL_AREA(#15779);
#15779 = FILL_AREA_STYLE('',(#15780));
#15780 = FILL_AREA_STYLE_COLOUR('',#15458);
#15781 = STYLED_ITEM('color',(#15782),#4789);
#15782 = PRESENTATION_STYLE_ASSIGNMENT((#15783));
#15783 = SURFACE_STYLE_USAGE(.BOTH.,#15784);
#15784 = SURFACE_SIDE_STYLE('',(#15785));
#15785 = SURFACE_STYLE_FILL_AREA(#15786);
#15786 = FILL_AREA_STYLE('',(#15787));
#15787 = FILL_AREA_STYLE_COLOUR('',#15458);
#15788 = STYLED_ITEM('color',(#15789),#4796);
#15789 = PRESENTATION_STYLE_ASSIGNMENT((#15790));
#15790 = SURFACE_STYLE_USAGE(.BOTH.,#15791);
#15791 = SURFACE_SIDE_STYLE('',(#15792));
#15792 = SURFACE_STYLE_FILL_AREA(#15793);
#15793 = FILL_AREA_STYLE('',(#15794));
#15794 = FILL_AREA_STYLE_COLOUR('',#15458);
#15795 = STYLED_ITEM('color',(#15796),#4824);
#15796 = PRESENTATION_STYLE_ASSIGNMENT((#15797));
#15797 = SURFACE_STYLE_USAGE(.BOTH.,#15798);
#15798 = SURFACE_SIDE_STYLE('',(#15799));
#15799 = SURFACE_STYLE_FILL_AREA(#15800);
#15800 = FILL_AREA_STYLE('',(#15801));
#15801 = FILL_AREA_STYLE_COLOUR('',#15458);
#15802 = STYLED_ITEM('color',(#15803),#4831);
#15803 = PRESENTATION_STYLE_ASSIGNMENT((#15804));
#15804 = SURFACE_STYLE_USAGE(.BOTH.,#15805);
#15805 = SURFACE_SIDE_STYLE('',(#15806));
#15806 = SURFACE_STYLE_FILL_AREA(#15807);
#15807 = FILL_AREA_STYLE('',(#15808));
#15808 = FILL_AREA_STYLE_COLOUR('',#15458);
#15809 = STYLED_ITEM('color',(#15810),#4858);
#15810 = PRESENTATION_STYLE_ASSIGNMENT((#15811));
#15811 = SURFACE_STYLE_USAGE(.BOTH.,#15812);
#15812 = SURFACE_SIDE_STYLE('',(#15813));
#15813 = SURFACE_STYLE_FILL_AREA(#15814);
#15814 = FILL_AREA_STYLE('',(#15815));
#15815 = FILL_AREA_STYLE_COLOUR('',#15458);
#15816 = STYLED_ITEM('color',(#15817),#4865);
#15817 = PRESENTATION_STYLE_ASSIGNMENT((#15818));
#15818 = SURFACE_STYLE_USAGE(.BOTH.,#15819);
#15819 = SURFACE_SIDE_STYLE('',(#15820));
#15820 = SURFACE_STYLE_FILL_AREA(#15821);
#15821 = FILL_AREA_STYLE('',(#15822));
#15822 = FILL_AREA_STYLE_COLOUR('',#15458);
#15823 = STYLED_ITEM('color',(#15824),#4892);
#15824 = PRESENTATION_STYLE_ASSIGNMENT((#15825));
#15825 = SURFACE_STYLE_USAGE(.BOTH.,#15826);
#15826 = SURFACE_SIDE_STYLE('',(#15827));
#15827 = SURFACE_STYLE_FILL_AREA(#15828);
#15828 = FILL_AREA_STYLE('',(#15829));
#15829 = FILL_AREA_STYLE_COLOUR('',#15458);
#15830 = STYLED_ITEM('color',(#15831),#4899);
#15831 = PRESENTATION_STYLE_ASSIGNMENT((#15832));
#15832 = SURFACE_STYLE_USAGE(.BOTH.,#15833);
#15833 = SURFACE_SIDE_STYLE('',(#15834));
#15834 = SURFACE_STYLE_FILL_AREA(#15835);
#15835 = FILL_AREA_STYLE('',(#15836));
#15836 = FILL_AREA_STYLE_COLOUR('',#15458);
#15837 = STYLED_ITEM('color',(#15838),#4926);
#15838 = PRESENTATION_STYLE_ASSIGNMENT((#15839));
#15839 = SURFACE_STYLE_USAGE(.BOTH.,#15840);
#15840 = SURFACE_SIDE_STYLE('',(#15841));
#15841 = SURFACE_STYLE_FILL_AREA(#15842);
#15842 = FILL_AREA_STYLE('',(#15843));
#15843 = FILL_AREA_STYLE_COLOUR('',#15458);
#15844 = STYLED_ITEM('color',(#15845),#4933);
#15845 = PRESENTATION_STYLE_ASSIGNMENT((#15846));
#15846 = SURFACE_STYLE_USAGE(.BOTH.,#15847);
#15847 = SURFACE_SIDE_STYLE('',(#15848));
#15848 = SURFACE_STYLE_FILL_AREA(#15849);
#15849 = FILL_AREA_STYLE('',(#15850));
#15850 = FILL_AREA_STYLE_COLOUR('',#15458);
#15851 = STYLED_ITEM('color',(#15852),#4960);
#15852 = PRESENTATION_STYLE_ASSIGNMENT((#15853));
#15853 = SURFACE_STYLE_USAGE(.BOTH.,#15854);
#15854 = SURFACE_SIDE_STYLE('',(#15855));
#15855 = SURFACE_STYLE_FILL_AREA(#15856);
#15856 = FILL_AREA_STYLE('',(#15857));
#15857 = FILL_AREA_STYLE_COLOUR('',#15458);
#15858 = STYLED_ITEM('color',(#15859),#4967);
#15859 = PRESENTATION_STYLE_ASSIGNMENT((#15860));
#15860 = SURFACE_STYLE_USAGE(.BOTH.,#15861);
#15861 = SURFACE_SIDE_STYLE('',(#15862));
#15862 = SURFACE_STYLE_FILL_AREA(#15863);
#15863 = FILL_AREA_STYLE('',(#15864));
#15864 = FILL_AREA_STYLE_COLOUR('',#15458);
#15865 = STYLED_ITEM('color',(#15866),#6665);
#15866 = PRESENTATION_STYLE_ASSIGNMENT((#15867));
#15867 = SURFACE_STYLE_USAGE(.BOTH.,#15868);
#15868 = SURFACE_SIDE_STYLE('',(#15869));
#15869 = SURFACE_STYLE_FILL_AREA(#15870);
#15870 = FILL_AREA_STYLE('',(#15871));
#15871 = FILL_AREA_STYLE_COLOUR('',#15872);
#15872 = COLOUR_RGB('',0.666683295407,0.666683295407,0.666683295407);
#15873 = STYLED_ITEM('color',(#15874),#6741);
#15874 = PRESENTATION_STYLE_ASSIGNMENT((#15875));
#15875 = SURFACE_STYLE_USAGE(.BOTH.,#15876);
#15876 = SURFACE_SIDE_STYLE('',(#15877));
#15877 = SURFACE_STYLE_FILL_AREA(#15878);
#15878 = FILL_AREA_STYLE('',(#15879));
#15879 = FILL_AREA_STYLE_COLOUR('',#15872);
#15880 = STYLED_ITEM('color',(#15881),#6790);
#15881 = PRESENTATION_STYLE_ASSIGNMENT((#15882));
#15882 = SURFACE_STYLE_USAGE(.BOTH.,#15883);
#15883 = SURFACE_SIDE_STYLE('',(#15884));
#15884 = SURFACE_STYLE_FILL_AREA(#15885);
#15885 = FILL_AREA_STYLE('',(#15886));
#15886 = FILL_AREA_STYLE_COLOUR('',#15872);
#15887 = STYLED_ITEM('color',(#15888),#6839);
#15888 = PRESENTATION_STYLE_ASSIGNMENT((#15889));
#15889 = SURFACE_STYLE_USAGE(.BOTH.,#15890);
#15890 = SURFACE_SIDE_STYLE('',(#15891));
#15891 = SURFACE_STYLE_FILL_AREA(#15892);
#15892 = FILL_AREA_STYLE('',(#15893));
#15893 = FILL_AREA_STYLE_COLOUR('',#15872);
#15894 = STYLED_ITEM('color',(#15895),#6888);
#15895 = PRESENTATION_STYLE_ASSIGNMENT((#15896));
#15896 = SURFACE_STYLE_USAGE(.BOTH.,#15897);
#15897 = SURFACE_SIDE_STYLE('',(#15898));
#15898 = SURFACE_STYLE_FILL_AREA(#15899);
#15899 = FILL_AREA_STYLE('',(#15900));
#15900 = FILL_AREA_STYLE_COLOUR('',#15872);
#15901 = STYLED_ITEM('color',(#15902),#6937);
#15902 = PRESENTATION_STYLE_ASSIGNMENT((#15903));
#15903 = SURFACE_STYLE_USAGE(.BOTH.,#15904);
#15904 = SURFACE_SIDE_STYLE('',(#15905));
#15905 = SURFACE_STYLE_FILL_AREA(#15906);
#15906 = FILL_AREA_STYLE('',(#15907));
#15907 = FILL_AREA_STYLE_COLOUR('',#15872);
#15908 = STYLED_ITEM('color',(#15909),#6986);
#15909 = PRESENTATION_STYLE_ASSIGNMENT((#15910));
#15910 = SURFACE_STYLE_USAGE(.BOTH.,#15911);
#15911 = SURFACE_SIDE_STYLE('',(#15912));
#15912 = SURFACE_STYLE_FILL_AREA(#15913);
#15913 = FILL_AREA_STYLE('',(#15914));
#15914 = FILL_AREA_STYLE_COLOUR('',#15872);
#15915 = STYLED_ITEM('color',(#15916),#7035);
#15916 = PRESENTATION_STYLE_ASSIGNMENT((#15917));
#15917 = SURFACE_STYLE_USAGE(.BOTH.,#15918);
#15918 = SURFACE_SIDE_STYLE('',(#15919));
#15919 = SURFACE_STYLE_FILL_AREA(#15920);
#15920 = FILL_AREA_STYLE('',(#15921));
#15921 = FILL_AREA_STYLE_COLOUR('',#15872);
#15922 = STYLED_ITEM('color',(#15923),#7062);
#15923 = PRESENTATION_STYLE_ASSIGNMENT((#15924));
#15924 = SURFACE_STYLE_USAGE(.BOTH.,#15925);
#15925 = SURFACE_SIDE_STYLE('',(#15926));
#15926 = SURFACE_STYLE_FILL_AREA(#15927);
#15927 = FILL_AREA_STYLE('',(#15928));
#15928 = FILL_AREA_STYLE_COLOUR('',#15872);
#15929 = STYLED_ITEM('color',(#15930),#7167);
#15930 = PRESENTATION_STYLE_ASSIGNMENT((#15931));
#15931 = SURFACE_STYLE_USAGE(.BOTH.,#15932);
#15932 = SURFACE_SIDE_STYLE('',(#15933));
#15933 = SURFACE_STYLE_FILL_AREA(#15934);
#15934 = FILL_AREA_STYLE('',(#15935));
#15935 = FILL_AREA_STYLE_COLOUR('',#15872);
#15936 = STYLED_ITEM('color',(#15937),#7216);
#15937 = PRESENTATION_STYLE_ASSIGNMENT((#15938));
#15938 = SURFACE_STYLE_USAGE(.BOTH.,#15939);
#15939 = SURFACE_SIDE_STYLE('',(#15940));
#15940 = SURFACE_STYLE_FILL_AREA(#15941);
#15941 = FILL_AREA_STYLE('',(#15942));
#15942 = FILL_AREA_STYLE_COLOUR('',#15872);
#15943 = STYLED_ITEM('color',(#15944),#7265);
#15944 = PRESENTATION_STYLE_ASSIGNMENT((#15945));
#15945 = SURFACE_STYLE_USAGE(.BOTH.,#15946);
#15946 = SURFACE_SIDE_STYLE('',(#15947));
#15947 = SURFACE_STYLE_FILL_AREA(#15948);
#15948 = FILL_AREA_STYLE('',(#15949));
#15949 = FILL_AREA_STYLE_COLOUR('',#15872);
#15950 = STYLED_ITEM('color',(#15951),#7313);
#15951 = PRESENTATION_STYLE_ASSIGNMENT((#15952));
#15952 = SURFACE_STYLE_USAGE(.BOTH.,#15953);
#15953 = SURFACE_SIDE_STYLE('',(#15954));
#15954 = SURFACE_STYLE_FILL_AREA(#15955);
#15955 = FILL_AREA_STYLE('',(#15956));
#15956 = FILL_AREA_STYLE_COLOUR('',#15872);
#15957 = STYLED_ITEM('color',(#15958),#7372);
#15958 = PRESENTATION_STYLE_ASSIGNMENT((#15959));
#15959 = SURFACE_STYLE_USAGE(.BOTH.,#15960);
#15960 = SURFACE_SIDE_STYLE('',(#15961));
#15961 = SURFACE_STYLE_FILL_AREA(#15962);
#15962 = FILL_AREA_STYLE('',(#15963));
#15963 = FILL_AREA_STYLE_COLOUR('',#15872);
#15964 = STYLED_ITEM('color',(#15965),#7448);
#15965 = PRESENTATION_STYLE_ASSIGNMENT((#15966));
#15966 = SURFACE_STYLE_USAGE(.BOTH.,#15967);
#15967 = SURFACE_SIDE_STYLE('',(#15968));
#15968 = SURFACE_STYLE_FILL_AREA(#15969);
#15969 = FILL_AREA_STYLE('',(#15970));
#15970 = FILL_AREA_STYLE_COLOUR('',#15872);
#15971 = STYLED_ITEM('color',(#15972),#7497);
#15972 = PRESENTATION_STYLE_ASSIGNMENT((#15973));
#15973 = SURFACE_STYLE_USAGE(.BOTH.,#15974);
#15974 = SURFACE_SIDE_STYLE('',(#15975));
#15975 = SURFACE_STYLE_FILL_AREA(#15976);
#15976 = FILL_AREA_STYLE('',(#15977));
#15977 = FILL_AREA_STYLE_COLOUR('',#15872);
#15978 = STYLED_ITEM('color',(#15979),#7546);
#15979 = PRESENTATION_STYLE_ASSIGNMENT((#15980));
#15980 = SURFACE_STYLE_USAGE(.BOTH.,#15981);
#15981 = SURFACE_SIDE_STYLE('',(#15982));
#15982 = SURFACE_STYLE_FILL_AREA(#15983);
#15983 = FILL_AREA_STYLE('',(#15984));
#15984 = FILL_AREA_STYLE_COLOUR('',#15872);
#15985 = STYLED_ITEM('color',(#15986),#7595);
#15986 = PRESENTATION_STYLE_ASSIGNMENT((#15987));
#15987 = SURFACE_STYLE_USAGE(.BOTH.,#15988);
#15988 = SURFACE_SIDE_STYLE('',(#15989));
#15989 = SURFACE_STYLE_FILL_AREA(#15990);
#15990 = FILL_AREA_STYLE('',(#15991));
#15991 = FILL_AREA_STYLE_COLOUR('',#15872);
#15992 = STYLED_ITEM('color',(#15993),#7644);
#15993 = PRESENTATION_STYLE_ASSIGNMENT((#15994));
#15994 = SURFACE_STYLE_USAGE(.BOTH.,#15995);
#15995 = SURFACE_SIDE_STYLE('',(#15996));
#15996 = SURFACE_STYLE_FILL_AREA(#15997);
#15997 = FILL_AREA_STYLE('',(#15998));
#15998 = FILL_AREA_STYLE_COLOUR('',#15872);
#15999 = STYLED_ITEM('color',(#16000),#7693);
#16000 = PRESENTATION_STYLE_ASSIGNMENT((#16001));
#16001 = SURFACE_STYLE_USAGE(.BOTH.,#16002);
#16002 = SURFACE_SIDE_STYLE('',(#16003));
#16003 = SURFACE_STYLE_FILL_AREA(#16004);
#16004 = FILL_AREA_STYLE('',(#16005));
#16005 = FILL_AREA_STYLE_COLOUR('',#15872);
#16006 = STYLED_ITEM('color',(#16007),#7742);
#16007 = PRESENTATION_STYLE_ASSIGNMENT((#16008));
#16008 = SURFACE_STYLE_USAGE(.BOTH.,#16009);
#16009 = SURFACE_SIDE_STYLE('',(#16010));
#16010 = SURFACE_STYLE_FILL_AREA(#16011);
#16011 = FILL_AREA_STYLE('',(#16012));
#16012 = FILL_AREA_STYLE_COLOUR('',#15872);
#16013 = STYLED_ITEM('color',(#16014),#7791);
#16014 = PRESENTATION_STYLE_ASSIGNMENT((#16015));
#16015 = SURFACE_STYLE_USAGE(.BOTH.,#16016);
#16016 = SURFACE_SIDE_STYLE('',(#16017));
#16017 = SURFACE_STYLE_FILL_AREA(#16018);
#16018 = FILL_AREA_STYLE('',(#16019));
#16019 = FILL_AREA_STYLE_COLOUR('',#15872);
#16020 = STYLED_ITEM('color',(#16021),#7840);
#16021 = PRESENTATION_STYLE_ASSIGNMENT((#16022));
#16022 = SURFACE_STYLE_USAGE(.BOTH.,#16023);
#16023 = SURFACE_SIDE_STYLE('',(#16024));
#16024 = SURFACE_STYLE_FILL_AREA(#16025);
#16025 = FILL_AREA_STYLE('',(#16026));
#16026 = FILL_AREA_STYLE_COLOUR('',#15872);
#16027 = STYLED_ITEM('color',(#16028),#7889);
#16028 = PRESENTATION_STYLE_ASSIGNMENT((#16029));
#16029 = SURFACE_STYLE_USAGE(.BOTH.,#16030);
#16030 = SURFACE_SIDE_STYLE('',(#16031));
#16031 = SURFACE_STYLE_FILL_AREA(#16032);
#16032 = FILL_AREA_STYLE('',(#16033));
#16033 = FILL_AREA_STYLE_COLOUR('',#15872);
#16034 = STYLED_ITEM('color',(#16035),#7938);
#16035 = PRESENTATION_STYLE_ASSIGNMENT((#16036));
#16036 = SURFACE_STYLE_USAGE(.BOTH.,#16037);
#16037 = SURFACE_SIDE_STYLE('',(#16038));
#16038 = SURFACE_STYLE_FILL_AREA(#16039);
#16039 = FILL_AREA_STYLE('',(#16040));
#16040 = FILL_AREA_STYLE_COLOUR('',#15872);
#16041 = STYLED_ITEM('color',(#16042),#7965);
#16042 = PRESENTATION_STYLE_ASSIGNMENT((#16043));
#16043 = SURFACE_STYLE_USAGE(.BOTH.,#16044);
#16044 = SURFACE_SIDE_STYLE('',(#16045));
#16045 = SURFACE_STYLE_FILL_AREA(#16046);
#16046 = FILL_AREA_STYLE('',(#16047));
#16047 = FILL_AREA_STYLE_COLOUR('',#15872);
#16048 = STYLED_ITEM('color',(#16049),#8054);
#16049 = PRESENTATION_STYLE_ASSIGNMENT((#16050));
#16050 = SURFACE_STYLE_USAGE(.BOTH.,#16051);
#16051 = SURFACE_SIDE_STYLE('',(#16052));
#16052 = SURFACE_STYLE_FILL_AREA(#16053);
#16053 = FILL_AREA_STYLE('',(#16054));
#16054 = FILL_AREA_STYLE_COLOUR('',#15872);
#16055 = STYLED_ITEM('color',(#16056),#8102);
#16056 = PRESENTATION_STYLE_ASSIGNMENT((#16057));
#16057 = SURFACE_STYLE_USAGE(.BOTH.,#16058);
#16058 = SURFACE_SIDE_STYLE('',(#16059));
#16059 = SURFACE_STYLE_FILL_AREA(#16060);
#16060 = FILL_AREA_STYLE('',(#16061));
#16061 = FILL_AREA_STYLE_COLOUR('',#15872);
#16062 = STYLED_ITEM('color',(#16063),#8165);
#16063 = PRESENTATION_STYLE_ASSIGNMENT((#16064));
#16064 = SURFACE_STYLE_USAGE(.BOTH.,#16065);
#16065 = SURFACE_SIDE_STYLE('',(#16066));
#16066 = SURFACE_STYLE_FILL_AREA(#16067);
#16067 = FILL_AREA_STYLE('',(#16068));
#16068 = FILL_AREA_STYLE_COLOUR('',#15872);
#16069 = STYLED_ITEM('color',(#16070),#8244);
#16070 = PRESENTATION_STYLE_ASSIGNMENT((#16071));
#16071 = SURFACE_STYLE_USAGE(.BOTH.,#16072);
#16072 = SURFACE_SIDE_STYLE('',(#16073));
#16073 = SURFACE_STYLE_FILL_AREA(#16074);
#16074 = FILL_AREA_STYLE('',(#16075));
#16075 = FILL_AREA_STYLE_COLOUR('',#15872);
#16076 = STYLED_ITEM('color',(#16077),#8323);
#16077 = PRESENTATION_STYLE_ASSIGNMENT((#16078));
#16078 = SURFACE_STYLE_USAGE(.BOTH.,#16079);
#16079 = SURFACE_SIDE_STYLE('',(#16080));
#16080 = SURFACE_STYLE_FILL_AREA(#16081);
#16081 = FILL_AREA_STYLE('',(#16082));
#16082 = FILL_AREA_STYLE_COLOUR('',#15872);
#16083 = STYLED_ITEM('color',(#16084),#8387);
#16084 = PRESENTATION_STYLE_ASSIGNMENT((#16085));
#16085 = SURFACE_STYLE_USAGE(.BOTH.,#16086);
#16086 = SURFACE_SIDE_STYLE('',(#16087));
#16087 = SURFACE_STYLE_FILL_AREA(#16088);
#16088 = FILL_AREA_STYLE('',(#16089));
#16089 = FILL_AREA_STYLE_COLOUR('',#15872);
#16090 = STYLED_ITEM('color',(#16091),#8435);
#16091 = PRESENTATION_STYLE_ASSIGNMENT((#16092));
#16092 = SURFACE_STYLE_USAGE(.BOTH.,#16093);
#16093 = SURFACE_SIDE_STYLE('',(#16094));
#16094 = SURFACE_STYLE_FILL_AREA(#16095);
#16095 = FILL_AREA_STYLE('',(#16096));
#16096 = FILL_AREA_STYLE_COLOUR('',#15872);
#16097 = STYLED_ITEM('color',(#16098),#8498);
#16098 = PRESENTATION_STYLE_ASSIGNMENT((#16099));
#16099 = SURFACE_STYLE_USAGE(.BOTH.,#16100);
#16100 = SURFACE_SIDE_STYLE('',(#16101));
#16101 = SURFACE_STYLE_FILL_AREA(#16102);
#16102 = FILL_AREA_STYLE('',(#16103));
#16103 = FILL_AREA_STYLE_COLOUR('',#15872);
#16104 = STYLED_ITEM('color',(#16105),#8577);
#16105 = PRESENTATION_STYLE_ASSIGNMENT((#16106));
#16106 = SURFACE_STYLE_USAGE(.BOTH.,#16107);
#16107 = SURFACE_SIDE_STYLE('',(#16108));
#16108 = SURFACE_STYLE_FILL_AREA(#16109);
#16109 = FILL_AREA_STYLE('',(#16110));
#16110 = FILL_AREA_STYLE_COLOUR('',#15872);
#16111 = STYLED_ITEM('color',(#16112),#8636);
#16112 = PRESENTATION_STYLE_ASSIGNMENT((#16113));
#16113 = SURFACE_STYLE_USAGE(.BOTH.,#16114);
#16114 = SURFACE_SIDE_STYLE('',(#16115));
#16115 = SURFACE_STYLE_FILL_AREA(#16116);
#16116 = FILL_AREA_STYLE('',(#16117));
#16117 = FILL_AREA_STYLE_COLOUR('',#15872);
#16118 = STYLED_ITEM('color',(#16119),#8712);
#16119 = PRESENTATION_STYLE_ASSIGNMENT((#16120));
#16120 = SURFACE_STYLE_USAGE(.BOTH.,#16121);
#16121 = SURFACE_SIDE_STYLE('',(#16122));
#16122 = SURFACE_STYLE_FILL_AREA(#16123);
#16123 = FILL_AREA_STYLE('',(#16124));
#16124 = FILL_AREA_STYLE_COLOUR('',#15872);
#16125 = STYLED_ITEM('color',(#16126),#8761);
#16126 = PRESENTATION_STYLE_ASSIGNMENT((#16127));
#16127 = SURFACE_STYLE_USAGE(.BOTH.,#16128);
#16128 = SURFACE_SIDE_STYLE('',(#16129));
#16129 = SURFACE_STYLE_FILL_AREA(#16130);
#16130 = FILL_AREA_STYLE('',(#16131));
#16131 = FILL_AREA_STYLE_COLOUR('',#15872);
#16132 = STYLED_ITEM('color',(#16133),#8810);
#16133 = PRESENTATION_STYLE_ASSIGNMENT((#16134));
#16134 = SURFACE_STYLE_USAGE(.BOTH.,#16135);
#16135 = SURFACE_SIDE_STYLE('',(#16136));
#16136 = SURFACE_STYLE_FILL_AREA(#16137);
#16137 = FILL_AREA_STYLE('',(#16138));
#16138 = FILL_AREA_STYLE_COLOUR('',#15872);
#16139 = STYLED_ITEM('color',(#16140),#8859);
#16140 = PRESENTATION_STYLE_ASSIGNMENT((#16141));
#16141 = SURFACE_STYLE_USAGE(.BOTH.,#16142);
#16142 = SURFACE_SIDE_STYLE('',(#16143));
#16143 = SURFACE_STYLE_FILL_AREA(#16144);
#16144 = FILL_AREA_STYLE('',(#16145));
#16145 = FILL_AREA_STYLE_COLOUR('',#15872);
#16146 = STYLED_ITEM('color',(#16147),#8908);
#16147 = PRESENTATION_STYLE_ASSIGNMENT((#16148));
#16148 = SURFACE_STYLE_USAGE(.BOTH.,#16149);
#16149 = SURFACE_SIDE_STYLE('',(#16150));
#16150 = SURFACE_STYLE_FILL_AREA(#16151);
#16151 = FILL_AREA_STYLE('',(#16152));
#16152 = FILL_AREA_STYLE_COLOUR('',#15872);
#16153 = STYLED_ITEM('color',(#16154),#8935);
#16154 = PRESENTATION_STYLE_ASSIGNMENT((#16155));
#16155 = SURFACE_STYLE_USAGE(.BOTH.,#16156);
#16156 = SURFACE_SIDE_STYLE('',(#16157));
#16157 = SURFACE_STYLE_FILL_AREA(#16158);
#16158 = FILL_AREA_STYLE('',(#16159));
#16159 = FILL_AREA_STYLE_COLOUR('',#15872);
#16160 = STYLED_ITEM('color',(#16161),#9152);
#16161 = PRESENTATION_STYLE_ASSIGNMENT((#16162));
#16162 = SURFACE_STYLE_USAGE(.BOTH.,#16163);
#16163 = SURFACE_SIDE_STYLE('',(#16164));
#16164 = SURFACE_STYLE_FILL_AREA(#16165);
#16165 = FILL_AREA_STYLE('',(#16166));
#16166 = FILL_AREA_STYLE_COLOUR('',#15872);
#16167 = STYLED_ITEM('color',(#16168),#9434);
#16168 = PRESENTATION_STYLE_ASSIGNMENT((#16169));
#16169 = SURFACE_STYLE_USAGE(.BOTH.,#16170);
#16170 = SURFACE_SIDE_STYLE('',(#16171));
#16171 = SURFACE_STYLE_FILL_AREA(#16172);
#16172 = FILL_AREA_STYLE('',(#16173));
#16173 = FILL_AREA_STYLE_COLOUR('',#15872);
#16174 = STYLED_ITEM('color',(#16175),#9449);
#16175 = PRESENTATION_STYLE_ASSIGNMENT((#16176));
#16176 = SURFACE_STYLE_USAGE(.BOTH.,#16177);
#16177 = SURFACE_SIDE_STYLE('',(#16178));
#16178 = SURFACE_STYLE_FILL_AREA(#16179);
#16179 = FILL_AREA_STYLE('',(#16180));
#16180 = FILL_AREA_STYLE_COLOUR('',#15872);
#16181 = STYLED_ITEM('color',(#16182),#9462);
#16182 = PRESENTATION_STYLE_ASSIGNMENT((#16183));
#16183 = SURFACE_STYLE_USAGE(.BOTH.,#16184);
#16184 = SURFACE_SIDE_STYLE('',(#16185));
#16185 = SURFACE_STYLE_FILL_AREA(#16186);
#16186 = FILL_AREA_STYLE('',(#16187));
#16187 = FILL_AREA_STYLE_COLOUR('',#15872);
#16188 = STYLED_ITEM('color',(#16189),#9471);
#16189 = PRESENTATION_STYLE_ASSIGNMENT((#16190));
#16190 = SURFACE_STYLE_USAGE(.BOTH.,#16191);
#16191 = SURFACE_SIDE_STYLE('',(#16192));
#16192 = SURFACE_STYLE_FILL_AREA(#16193);
#16193 = FILL_AREA_STYLE('',(#16194));
#16194 = FILL_AREA_STYLE_COLOUR('',#15872);
#16195 = STYLED_ITEM('color',(#16196),#9547);
#16196 = PRESENTATION_STYLE_ASSIGNMENT((#16197));
#16197 = SURFACE_STYLE_USAGE(.BOTH.,#16198);
#16198 = SURFACE_SIDE_STYLE('',(#16199));
#16199 = SURFACE_STYLE_FILL_AREA(#16200);
#16200 = FILL_AREA_STYLE('',(#16201));
#16201 = FILL_AREA_STYLE_COLOUR('',#15872);
#16202 = STYLED_ITEM('color',(#16203),#9595);
#16203 = PRESENTATION_STYLE_ASSIGNMENT((#16204));
#16204 = SURFACE_STYLE_USAGE(.BOTH.,#16205);
#16205 = SURFACE_SIDE_STYLE('',(#16206));
#16206 = SURFACE_STYLE_FILL_AREA(#16207);
#16207 = FILL_AREA_STYLE('',(#16208));
#16208 = FILL_AREA_STYLE_COLOUR('',#15872);
#16209 = STYLED_ITEM('color',(#16210),#9651);
#16210 = PRESENTATION_STYLE_ASSIGNMENT((#16211));
#16211 = SURFACE_STYLE_USAGE(.BOTH.,#16212);
#16212 = SURFACE_SIDE_STYLE('',(#16213));
#16213 = SURFACE_STYLE_FILL_AREA(#16214);
#16214 = FILL_AREA_STYLE('',(#16215));
#16215 = FILL_AREA_STYLE_COLOUR('',#15872);
#16216 = STYLED_ITEM('color',(#16217),#9699);
#16217 = PRESENTATION_STYLE_ASSIGNMENT((#16218));
#16218 = SURFACE_STYLE_USAGE(.BOTH.,#16219);
#16219 = SURFACE_SIDE_STYLE('',(#16220));
#16220 = SURFACE_STYLE_FILL_AREA(#16221);
#16221 = FILL_AREA_STYLE('',(#16222));
#16222 = FILL_AREA_STYLE_COLOUR('',#15872);
#16223 = STYLED_ITEM('color',(#16224),#9755);
#16224 = PRESENTATION_STYLE_ASSIGNMENT((#16225));
#16225 = SURFACE_STYLE_USAGE(.BOTH.,#16226);
#16226 = SURFACE_SIDE_STYLE('',(#16227));
#16227 = SURFACE_STYLE_FILL_AREA(#16228);
#16228 = FILL_AREA_STYLE('',(#16229));
#16229 = FILL_AREA_STYLE_COLOUR('',#15872);
#16230 = STYLED_ITEM('color',(#16231),#9782);
#16231 = PRESENTATION_STYLE_ASSIGNMENT((#16232));
#16232 = SURFACE_STYLE_USAGE(.BOTH.,#16233);
#16233 = SURFACE_SIDE_STYLE('',(#16234));
#16234 = SURFACE_STYLE_FILL_AREA(#16235);
#16235 = FILL_AREA_STYLE('',(#16236));
#16236 = FILL_AREA_STYLE_COLOUR('',#15872);
#16237 = STYLED_ITEM('color',(#16238),#9887);
#16238 = PRESENTATION_STYLE_ASSIGNMENT((#16239));
#16239 = SURFACE_STYLE_USAGE(.BOTH.,#16240);
#16240 = SURFACE_SIDE_STYLE('',(#16241));
#16241 = SURFACE_STYLE_FILL_AREA(#16242);
#16242 = FILL_AREA_STYLE('',(#16243));
#16243 = FILL_AREA_STYLE_COLOUR('',#15872);
#16244 = STYLED_ITEM('color',(#16245),#9967);
#16245 = PRESENTATION_STYLE_ASSIGNMENT((#16246));
#16246 = SURFACE_STYLE_USAGE(.BOTH.,#16247);
#16247 = SURFACE_SIDE_STYLE('',(#16248));
#16248 = SURFACE_STYLE_FILL_AREA(#16249);
#16249 = FILL_AREA_STYLE('',(#16250));
#16250 = FILL_AREA_STYLE_COLOUR('',#15872);
#16251 = STYLED_ITEM('color',(#16252),#10016);
#16252 = PRESENTATION_STYLE_ASSIGNMENT((#16253));
#16253 = SURFACE_STYLE_USAGE(.BOTH.,#16254);
#16254 = SURFACE_SIDE_STYLE('',(#16255));
#16255 = SURFACE_STYLE_FILL_AREA(#16256);
#16256 = FILL_AREA_STYLE('',(#16257));
#16257 = FILL_AREA_STYLE_COLOUR('',#15872);
#16258 = STYLED_ITEM('color',(#16259),#10065);
#16259 = PRESENTATION_STYLE_ASSIGNMENT((#16260));
#16260 = SURFACE_STYLE_USAGE(.BOTH.,#16261);
#16261 = SURFACE_SIDE_STYLE('',(#16262));
#16262 = SURFACE_STYLE_FILL_AREA(#16263);
#16263 = FILL_AREA_STYLE('',(#16264));
#16264 = FILL_AREA_STYLE_COLOUR('',#15872);
#16265 = STYLED_ITEM('color',(#16266),#10092);
#16266 = PRESENTATION_STYLE_ASSIGNMENT((#16267));
#16267 = SURFACE_STYLE_USAGE(.BOTH.,#16268);
#16268 = SURFACE_SIDE_STYLE('',(#16269));
#16269 = SURFACE_STYLE_FILL_AREA(#16270);
#16270 = FILL_AREA_STYLE('',(#16271));
#16271 = FILL_AREA_STYLE_COLOUR('',#15458);
#16272 = STYLED_ITEM('color',(#16273),#10101);
#16273 = PRESENTATION_STYLE_ASSIGNMENT((#16274));
#16274 = SURFACE_STYLE_USAGE(.BOTH.,#16275);
#16275 = SURFACE_SIDE_STYLE('',(#16276));
#16276 = SURFACE_STYLE_FILL_AREA(#16277);
#16277 = FILL_AREA_STYLE('',(#16278));
#16278 = FILL_AREA_STYLE_COLOUR('',#15458);
#16279 = MECHANICAL_DESIGN_GEOMETRIC_PRESENTATION_REPRESENTATION('',(
    #16280,#16287,#16294),#14909);
#16280 = STYLED_ITEM('color',(#16281),#14813);
#16281 = PRESENTATION_STYLE_ASSIGNMENT((#16282));
#16282 = SURFACE_STYLE_USAGE(.BOTH.,#16283);
#16283 = SURFACE_SIDE_STYLE('',(#16284));
#16284 = SURFACE_STYLE_FILL_AREA(#16285);
#16285 = FILL_AREA_STYLE('',(#16286));
#16286 = FILL_AREA_STYLE_COLOUR('',#14923);
#16287 = STYLED_ITEM('color',(#16288),#14901);
#16288 = PRESENTATION_STYLE_ASSIGNMENT((#16289));
#16289 = SURFACE_STYLE_USAGE(.BOTH.,#16290);
#16290 = SURFACE_SIDE_STYLE('',(#16291));
#16291 = SURFACE_STYLE_FILL_AREA(#16292);
#16292 = FILL_AREA_STYLE('',(#16293));
#16293 = FILL_AREA_STYLE_COLOUR('',#14923);
#16294 = STYLED_ITEM('color',(#16295),#14905);
#16295 = PRESENTATION_STYLE_ASSIGNMENT((#16296));
#16296 = SURFACE_STYLE_USAGE(.BOTH.,#16297);
#16297 = SURFACE_SIDE_STYLE('',(#16298));
#16298 = SURFACE_STYLE_FILL_AREA(#16299);
#16299 = FILL_AREA_STYLE('',(#16300));
#16300 = FILL_AREA_STYLE_COLOUR('',#14923);
ENDSEC;
END-ISO-10303-21;
