#VRML V2.0 utf8
# Derived from JLCEDA/EasyEDA Official Library. U1 top logo removed; VTGEA upright; dot moved beside pin 1.
# Units: KiCad VRML units (2.54 mm).
Shape { appearance Appearance { material Material { diffuseColor 0.251056 0.251056 0.251056 specularColor 0.15 0.15 0.15 shininess 0.4 } } geometry IndexedFaceSet { solid FALSE creaseAngle 0.6 coord Coordinate { point [
-0.3740157 0.5787402 0.3188976,
-0.3740157 -0.5787402 0.3188976,
0.3740157 -0.5787402 0.3188976,
0.3740157 0.5787402 0.3188976,
0.3937008 -0.5905512 0.3188976,
0.3937008 0.5905512 0.3188976,
-0.3937008 -0.5905512 0.3188976,
-0.3937008 0.5905512 0.3188976,
-0.3740157 0.5787402 0.3188976,
0.3740157 0.5787402 0.3188976,
-0.3740157 -0.5787402 0.3188976,
0.3740157 -0.5787402 0.3188976,
0.3937008 -0.3346457 0.0039370,
0.3937008 -0.3346457 0.0787402,
0.3937008 -0.5905512 0.0039370,
0.3937008 -0.5905512 0.3188976,
0.3937008 0.5905512 0.3188976,
0.3937008 0.5905512 0.0039370,
0.3937008 0.3346457 0.0039370,
0.3937008 0.3346457 0.0787402,
0.3937008 0.2559055 0.0787402,
0.3937008 0.2559055 0.0039370,
0.3937008 0.1377953 0.0039370,
0.3937008 0.1377953 0.0787402,
0.3937008 0.0590551 0.0787402,
0.3937008 0.0590551 0.0039370,
0.3937008 -0.0590551 0.0039370,
0.3937008 -0.0590551 0.0787402,
0.3937008 -0.1377953 0.0787402,
0.3937008 -0.1377953 0.0039370,
0.3937008 -0.2559055 0.0039370,
0.3937008 -0.2559055 0.0787402,
-0.3937008 -0.5905512 0.3188976,
-0.3937008 -0.5905512 0.0039370,
0.3937008 -0.5905512 0.3188976,
0.3937008 -0.5905512 0.0039370,
0.3937008 0.5905512 0.3188976,
0.3937008 0.5905512 0.0039370,
-0.3937008 0.5905512 0.3188976,
-0.3937008 0.5905512 0.0039370,
-0.3937008 -0.2559055 0.0787402,
-0.3937008 -0.3346457 0.0787402,
-0.3937008 -0.2559055 0.0039370,
-0.3937008 -0.1377953 0.0039370,
-0.3937008 -0.1377953 0.0787402,
-0.3937008 -0.0590551 0.0787402,
-0.3937008 -0.0590551 0.0039370,
-0.3937008 0.0590551 0.0039370,
-0.3937008 0.0590551 0.0787402,
-0.3937008 0.1377953 0.0787402,
-0.3937008 0.1377953 0.0039370,
-0.3937008 0.2559055 0.0039370,
-0.3937008 0.2559055 0.0787402,
-0.3937008 0.3346457 0.0787402,
-0.3937008 0.3346457 0.0039370,
-0.3937008 0.5905512 0.0039370,
-0.3937008 0.5905512 0.3188976,
-0.3937008 -0.5905512 0.3188976,
-0.3937008 -0.5905512 0.0039370,
-0.3937008 -0.3346457 0.0039370,
0.2795276 -0.2559055 0.0039370,
0.3937008 -0.2559055 0.0039370,
0.2401575 -0.2952756 0.0039370,
0.2403073 -0.2918443 0.0039370,
0.2407556 -0.2884390 0.0039370,
0.2414990 -0.2850859 0.0039370,
0.2425318 -0.2818102 0.0039370,
0.2438462 -0.2786371 0.0039370,
0.2454321 -0.2755906 0.0039370,
0.2472775 -0.2726938 0.0039370,
0.2493683 -0.2699690 0.0039370,
0.2516887 -0.2674367 0.0039370,
0.2542210 -0.2651164 0.0039370,
0.2569458 -0.2630255 0.0039370,
0.2598425 -0.2611801 0.0039370,
0.2628890 -0.2595942 0.0039370,
0.2660622 -0.2582798 0.0039370,
0.2693378 -0.2572470 0.0039370,
0.2726910 -0.2565036 0.0039370,
0.2760962 -0.2560553 0.0039370,
0.2795276 -0.3346457 0.0039370,
0.2760962 -0.3344959 0.0039370,
0.2726910 -0.3340475 0.0039370,
0.2693378 -0.3333042 0.0039370,
0.2660622 -0.3322714 0.0039370,
0.2628890 -0.3309570 0.0039370,
0.2598425 -0.3293711 0.0039370,
0.2569458 -0.3275257 0.0039370,
0.2542210 -0.3254348 0.0039370,
0.2516887 -0.3231144 0.0039370,
0.2493683 -0.3205822 0.0039370,
0.2472775 -0.3178573 0.0039370,
0.2454321 -0.3149606 0.0039370,
0.2438462 -0.3119141 0.0039370,
0.2425318 -0.3087410 0.0039370,
0.2414990 -0.3054653 0.0039370,
0.2407556 -0.3021121 0.0039370,
0.2403073 -0.2987069 0.0039370,
0.3937008 -0.3346457 0.0039370,
0.3937008 -0.5905512 0.0039370,
-0.3937008 -0.5905512 0.0039370,
-0.3937008 -0.3346457 0.0039370,
-0.2795276 -0.3346457 0.0039370,
-0.2759985 -0.3344872 0.0039370,
-0.2724978 -0.3340130 0.0039370,
-0.2690537 -0.3332269 0.0039370,
-0.2656939 -0.3321352 0.0039370,
-0.2624455 -0.3307468 0.0039370,
-0.2593347 -0.3290728 0.0039370,
-0.2563864 -0.3271267 0.0039370,
-0.2536245 -0.3249241 0.0039370,
-0.2510711 -0.3224828 0.0039370,
-0.2487468 -0.3198224 0.0039370,
-0.2466703 -0.3169644 0.0039370,
-0.2448584 -0.3139318 0.0039370,
-0.2433257 -0.3107490 0.0039370,
-0.2420844 -0.3074416 0.0039370,
-0.2411446 -0.3040363 0.0039370,
-0.2405138 -0.3005604 0.0039370,
-0.2401971 -0.2970419 0.0039370,
-0.2401971 -0.2935093 0.0039370,
-0.2405138 -0.2899908 0.0039370,
-0.2411446 -0.2865149 0.0039370,
-0.2420844 -0.2831096 0.0039370,
-0.2433257 -0.2798022 0.0039370,
-0.2448584 -0.2766193 0.0039370,
-0.2466703 -0.2735867 0.0039370,
-0.2487468 -0.2707287 0.0039370,
-0.2510711 -0.2680684 0.0039370,
-0.2536245 -0.2656271 0.0039370,
-0.2563864 -0.2634245 0.0039370,
-0.2593347 -0.2614784 0.0039370,
-0.2624455 -0.2598044 0.0039370,
-0.2656939 -0.2584159 0.0039370,
-0.2690537 -0.2573243 0.0039370,
-0.2724978 -0.2565382 0.0039370,
-0.2759985 -0.2560640 0.0039370,
-0.2795276 -0.2559055 0.0039370,
-0.3937008 -0.2559055 0.0039370,
-0.3937008 -0.1377953 0.0039370,
-0.2795276 -0.1377953 0.0039370,
-0.2759985 -0.1376368 0.0039370,
-0.2724978 -0.1371626 0.0039370,
-0.2690537 -0.1363765 0.0039370,
-0.2656939 -0.1352848 0.0039370,
-0.2624455 -0.1338964 0.0039370,
-0.2593347 -0.1322224 0.0039370,
-0.2563864 -0.1302763 0.0039370,
-0.2536245 -0.1280737 0.0039370,
-0.2510711 -0.1256324 0.0039370,
-0.2487468 -0.1229720 0.0039370,
-0.2466703 -0.1201141 0.0039370,
-0.2448584 -0.1170814 0.0039370,
-0.2433257 -0.1138986 0.0039370,
-0.2420844 -0.1105912 0.0039370,
-0.2411446 -0.1071859 0.0039370,
-0.2405138 -0.1037100 0.0039370,
-0.2401971 -0.1001915 0.0039370,
-0.2401971 -0.0966589 0.0039370,
-0.2405138 -0.0931404 0.0039370,
-0.2411446 -0.0896645 0.0039370,
-0.2420844 -0.0862592 0.0039370,
-0.2433257 -0.0829518 0.0039370,
-0.2448584 -0.0797690 0.0039370,
-0.2466703 -0.0767363 0.0039370,
-0.2487468 -0.0738784 0.0039370,
-0.2510711 -0.0712180 0.0039370,
-0.2536245 -0.0687767 0.0039370,
-0.2563864 -0.0665741 0.0039370,
-0.2593347 -0.0646280 0.0039370,
-0.2624455 -0.0629540 0.0039370,
-0.2656939 -0.0615656 0.0039370,
-0.2690537 -0.0604739 0.0039370,
-0.2724978 -0.0596878 0.0039370,
-0.2759985 -0.0592136 0.0039370,
-0.2795276 -0.0590551 0.0039370,
-0.3937008 -0.0590551 0.0039370,
-0.3937008 0.0590551 0.0039370,
-0.2795276 0.0590551 0.0039370,
-0.2759985 0.0592136 0.0039370,
-0.2724978 0.0596878 0.0039370,
-0.2690537 0.0604739 0.0039370,
-0.2656939 0.0615656 0.0039370,
-0.2624455 0.0629540 0.0039370,
-0.2593347 0.0646280 0.0039370,
-0.2563864 0.0665741 0.0039370,
-0.2536245 0.0687767 0.0039370,
-0.2510711 0.0712180 0.0039370,
-0.2487468 0.0738784 0.0039370,
-0.2466703 0.0767363 0.0039370,
-0.2448584 0.0797690 0.0039370,
-0.2433257 0.0829518 0.0039370,
-0.2420844 0.0862592 0.0039370,
-0.2411446 0.0896645 0.0039370,
-0.2405138 0.0931404 0.0039370,
-0.2401971 0.0966589 0.0039370,
-0.2401971 0.1001915 0.0039370,
-0.2405138 0.1037100 0.0039370,
-0.2411446 0.1071859 0.0039370,
-0.2420844 0.1105912 0.0039370,
-0.2433257 0.1138986 0.0039370,
-0.2448584 0.1170814 0.0039370,
-0.2466703 0.1201141 0.0039370,
-0.2487468 0.1229720 0.0039370,
-0.2510711 0.1256324 0.0039370,
-0.2536245 0.1280737 0.0039370,
-0.2563864 0.1302763 0.0039370,
-0.2593347 0.1322224 0.0039370,
-0.2624455 0.1338964 0.0039370,
-0.2656939 0.1352848 0.0039370,
-0.2690537 0.1363765 0.0039370,
-0.2724978 0.1371626 0.0039370,
-0.2759985 0.1376368 0.0039370,
-0.2795276 0.1377953 0.0039370,
-0.3937008 0.1377953 0.0039370,
-0.3937008 0.2559055 0.0039370,
-0.2795276 0.2559055 0.0039370,
-0.2759985 0.2560640 0.0039370,
-0.2724978 0.2565382 0.0039370,
-0.2690537 0.2573243 0.0039370,
-0.2656939 0.2584159 0.0039370,
-0.2624455 0.2598044 0.0039370,
-0.2593347 0.2614784 0.0039370,
-0.2563864 0.2634245 0.0039370,
-0.2536245 0.2656271 0.0039370,
-0.2510711 0.2680684 0.0039370,
-0.2487468 0.2707287 0.0039370,
-0.2466703 0.2735867 0.0039370,
-0.2448584 0.2766193 0.0039370,
-0.2433257 0.2798022 0.0039370,
-0.2420844 0.2831096 0.0039370,
-0.2411446 0.2865149 0.0039370,
-0.2405138 0.2899908 0.0039370,
-0.2401971 0.2935093 0.0039370,
-0.2401971 0.2970419 0.0039370,
-0.2405138 0.3005604 0.0039370,
-0.2411446 0.3040363 0.0039370,
-0.2420844 0.3074416 0.0039370,
-0.2433257 0.3107490 0.0039370,
-0.2448584 0.3139318 0.0039370,
-0.2466703 0.3169644 0.0039370,
-0.2487468 0.3198224 0.0039370,
-0.2510711 0.3224828 0.0039370,
-0.2536245 0.3249241 0.0039370,
-0.2563864 0.3271267 0.0039370,
-0.2593347 0.3290728 0.0039370,
-0.2624455 0.3307468 0.0039370,
-0.2656939 0.3321352 0.0039370,
-0.2690537 0.3332269 0.0039370,
-0.2724978 0.3340130 0.0039370,
-0.2759985 0.3344872 0.0039370,
-0.2795276 0.3346457 0.0039370,
-0.3937008 0.3346457 0.0039370,
-0.3937008 0.5905512 0.0039370,
0.3937008 0.5905512 0.0039370,
0.3937008 0.3346457 0.0039370,
0.2795276 0.3346457 0.0039370,
0.2401575 0.2952756 0.0039370,
0.2403073 0.2987069 0.0039370,
0.2407556 0.3021121 0.0039370,
0.2414990 0.3054653 0.0039370,
0.2425318 0.3087410 0.0039370,
0.2438462 0.3119141 0.0039370,
0.2454321 0.3149606 0.0039370,
0.2472775 0.3178573 0.0039370,
0.2493683 0.3205822 0.0039370,
0.2516887 0.3231144 0.0039370,
0.2542210 0.3254348 0.0039370,
0.2569458 0.3275257 0.0039370,
0.2598425 0.3293711 0.0039370,
0.2628890 0.3309570 0.0039370,
0.2660622 0.3322714 0.0039370,
0.2693378 0.3333042 0.0039370,
0.2726910 0.3340475 0.0039370,
0.2760962 0.3344959 0.0039370,
0.2795276 0.2559055 0.0039370,
0.2760962 0.2560553 0.0039370,
0.2726910 0.2565036 0.0039370,
0.2693378 0.2572470 0.0039370,
0.2660622 0.2582798 0.0039370,
0.2628890 0.2595942 0.0039370,
0.2598425 0.2611801 0.0039370,
0.2569458 0.2630255 0.0039370,
0.2542210 0.2651164 0.0039370,
0.2516887 0.2674367 0.0039370,
0.2493683 0.2699690 0.0039370,
0.2472775 0.2726938 0.0039370,
0.2454321 0.2755906 0.0039370,
0.2438462 0.2786371 0.0039370,
0.2425318 0.2818102 0.0039370,
0.2414990 0.2850859 0.0039370,
0.2407556 0.2884390 0.0039370,
0.2403073 0.2918443 0.0039370,
0.3937008 0.2559055 0.0039370,
0.3937008 0.1377953 0.0039370,
0.2795276 0.1377953 0.0039370,
0.2401575 0.0984252 0.0039370,
0.2403073 0.1018565 0.0039370,
0.2407556 0.1052617 0.0039370,
0.2414990 0.1086149 0.0039370,
0.2425318 0.1118906 0.0039370,
0.2438462 0.1150637 0.0039370,
0.2454321 0.1181102 0.0039370,
0.2472775 0.1210069 0.0039370,
0.2493683 0.1237318 0.0039370,
0.2516887 0.1262640 0.0039370,
0.2542210 0.1285844 0.0039370,
0.2569458 0.1306753 0.0039370,
0.2598425 0.1325207 0.0039370,
0.2628890 0.1341066 0.0039370,
0.2660622 0.1354210 0.0039370,
0.2693378 0.1364538 0.0039370,
0.2726910 0.1371972 0.0039370,
0.2760962 0.1376455 0.0039370,
0.2795276 0.0590551 0.0039370,
0.2760962 0.0592049 0.0039370,
0.2726910 0.0596532 0.0039370,
0.2693378 0.0603966 0.0039370,
0.2660622 0.0614294 0.0039370,
0.2628890 0.0627438 0.0039370,
0.2598425 0.0643297 0.0039370,
0.2569458 0.0661751 0.0039370,
0.2542210 0.0682660 0.0039370,
0.2516887 0.0705863 0.0039370,
0.2493683 0.0731186 0.0039370,
0.2472775 0.0758434 0.0039370,
0.2454321 0.0787402 0.0039370,
0.2438462 0.0817867 0.0039370,
0.2425318 0.0849598 0.0039370,
0.2414990 0.0882355 0.0039370,
0.2407556 0.0915887 0.0039370,
0.2403073 0.0949939 0.0039370,
0.3937008 0.0590551 0.0039370,
0.3937008 -0.0590551 0.0039370,
0.2795276 -0.0590551 0.0039370,
0.2401575 -0.0984252 0.0039370,
0.2403073 -0.0949939 0.0039370,
0.2407556 -0.0915887 0.0039370,
0.2414990 -0.0882355 0.0039370,
0.2425318 -0.0849598 0.0039370,
0.2438462 -0.0817867 0.0039370,
0.2454321 -0.0787402 0.0039370,
0.2472775 -0.0758434 0.0039370,
0.2493683 -0.0731186 0.0039370,
0.2516887 -0.0705863 0.0039370,
0.2542210 -0.0682660 0.0039370,
0.2569458 -0.0661751 0.0039370,
0.2598425 -0.0643297 0.0039370,
0.2628890 -0.0627438 0.0039370,
0.2660622 -0.0614294 0.0039370,
0.2693378 -0.0603966 0.0039370,
0.2726910 -0.0596532 0.0039370,
0.2760962 -0.0592049 0.0039370,
0.2795276 -0.1377953 0.0039370,
0.2760962 -0.1376455 0.0039370,
0.2726910 -0.1371972 0.0039370,
0.2693378 -0.1364538 0.0039370,
0.2660622 -0.1354210 0.0039370,
0.2628890 -0.1341066 0.0039370,
0.2598425 -0.1325207 0.0039370,
0.2569458 -0.1306753 0.0039370,
0.2542210 -0.1285844 0.0039370,
0.2516887 -0.1262640 0.0039370,
0.2493683 -0.1237318 0.0039370,
0.2472775 -0.1210069 0.0039370,
0.2454321 -0.1181102 0.0039370,
0.2438462 -0.1150637 0.0039370,
0.2425318 -0.1118906 0.0039370,
0.2414990 -0.1086149 0.0039370,
0.2407556 -0.1052617 0.0039370,
0.2403073 -0.1018565 0.0039370,
0.3937008 -0.1377953 0.0039370,
-0.1514385 -0.3546849 0.0039370,
0.1514385 -0.3546849 0.0039370,
0.1514385 0.2759448 0.0039370,
0.0726984 0.3546849 0.0039370,
-0.1514385 0.3546849 0.0039370,
] } coordIndex [
3,0,1,-1,
3,1,2,-1,
11,10,6,-1,
4,11,6,-1,
4,5,9,-1,
11,4,9,-1,
6,10,8,-1,
6,8,7,-1,
9,5,7,-1,
8,9,7,-1,
14,12,13,-1,
15,14,13,-1,
15,13,31,-1,
30,29,28,-1,
31,30,28,-1,
15,31,28,-1,
15,28,27,-1,
26,25,24,-1,
27,26,24,-1,
22,21,20,-1,
23,22,20,-1,
19,18,17,-1,
20,19,16,-1,
24,23,16,-1,
27,24,16,-1,
23,20,16,-1,
15,27,16,-1,
19,17,16,-1,
32,33,34,-1,
33,35,34,-1,
38,36,37,-1,
39,38,37,-1,
58,57,41,-1,
58,41,59,-1,
41,57,40,-1,
40,57,44,-1,
42,40,43,-1,
40,44,43,-1,
44,57,45,-1,
46,45,47,-1,
45,48,47,-1,
50,49,51,-1,
49,52,51,-1,
49,48,56,-1,
53,52,56,-1,
48,45,56,-1,
45,57,56,-1,
52,49,56,-1,
54,53,55,-1,
53,56,55,-1,
80,98,99,-1,
81,80,99,-1,
82,81,99,-1,
373,63,62,-1,
373,64,63,-1,
373,65,64,-1,
373,66,65,-1,
373,67,66,-1,
373,68,67,-1,
373,82,99,-1,
373,83,82,-1,
373,84,83,-1,
373,85,84,-1,
373,86,85,-1,
373,87,86,-1,
373,88,87,-1,
373,89,88,-1,
373,90,89,-1,
373,91,90,-1,
373,92,91,-1,
373,93,92,-1,
373,94,93,-1,
373,95,94,-1,
373,96,95,-1,
373,97,96,-1,
373,62,97,-1,
353,61,60,-1,
353,371,61,-1,
354,60,79,-1,
354,353,60,-1,
355,79,78,-1,
355,354,79,-1,
356,355,78,-1,
356,78,77,-1,
357,76,75,-1,
357,77,76,-1,
357,356,77,-1,
358,357,75,-1,
359,75,74,-1,
359,358,75,-1,
360,359,74,-1,
360,74,73,-1,
361,72,71,-1,
361,73,72,-1,
361,360,73,-1,
362,361,71,-1,
363,71,70,-1,
363,362,71,-1,
364,70,69,-1,
364,363,70,-1,
365,69,68,-1,
365,364,69,-1,
365,68,373,-1,
366,365,373,-1,
367,366,373,-1,
368,367,373,-1,
369,368,373,-1,
314,332,333,-1,
314,333,334,-1,
315,314,334,-1,
315,334,352,-1,
316,315,352,-1,
316,352,351,-1,
317,350,349,-1,
317,351,350,-1,
317,316,351,-1,
318,317,349,-1,
319,349,348,-1,
319,318,349,-1,
100,372,373,-1,
100,373,99,-1,
320,348,347,-1,
320,319,348,-1,
321,347,346,-1,
321,320,347,-1,
322,321,346,-1,
322,345,344,-1,
322,346,345,-1,
323,322,344,-1,
324,323,344,-1,
324,344,343,-1,
325,324,343,-1,
325,343,342,-1,
326,325,342,-1,
326,342,341,-1,
327,326,341,-1,
327,341,340,-1,
328,327,340,-1,
328,340,339,-1,
110,111,372,-1,
112,372,111,-1,
109,110,372,-1,
113,372,112,-1,
108,109,372,-1,
114,372,113,-1,
107,108,372,-1,
115,372,114,-1,
106,107,372,-1,
116,372,115,-1,
105,106,372,-1,
117,372,116,-1,
104,372,100,-1,
104,105,372,-1,
118,372,117,-1,
103,104,100,-1,
119,372,118,-1,
102,103,100,-1,
120,372,119,-1,
121,372,120,-1,
122,372,121,-1,
123,372,122,-1,
124,372,123,-1,
125,372,124,-1,
275,293,294,-1,
275,294,295,-1,
276,275,295,-1,
276,295,313,-1,
277,276,313,-1,
277,313,312,-1,
278,277,312,-1,
278,311,310,-1,
278,312,311,-1,
279,278,310,-1,
280,279,310,-1,
280,310,309,-1,
281,280,309,-1,
281,309,308,-1,
282,281,308,-1,
282,308,307,-1,
283,282,307,-1,
283,307,306,-1,
101,102,100,-1,
374,263,262,-1,
374,264,263,-1,
374,284,283,-1,
374,285,284,-1,
374,286,285,-1,
374,287,286,-1,
374,288,287,-1,
374,289,288,-1,
374,290,289,-1,
374,291,290,-1,
374,292,291,-1,
374,257,292,-1,
374,297,296,-1,
374,298,297,-1,
374,299,298,-1,
374,300,299,-1,
374,301,300,-1,
374,302,301,-1,
374,303,302,-1,
374,304,303,-1,
374,305,304,-1,
374,306,305,-1,
374,283,306,-1,
374,258,257,-1,
374,259,258,-1,
374,260,259,-1,
374,261,260,-1,
374,262,261,-1,
148,128,129,-1,
148,149,128,-1,
150,127,128,-1,
150,128,149,-1,
147,129,130,-1,
147,130,131,-1,
147,148,129,-1,
151,127,150,-1,
151,126,127,-1,
146,131,132,-1,
146,147,131,-1,
152,126,151,-1,
152,125,126,-1,
152,372,125,-1,
145,146,132,-1,
153,372,152,-1,
144,145,132,-1,
144,132,133,-1,
154,372,153,-1,
143,144,133,-1,
143,133,134,-1,
143,134,135,-1,
155,372,154,-1,
142,143,135,-1,
141,142,135,-1,
141,135,136,-1,
141,136,137,-1,
140,141,137,-1,
254,272,271,-1,
254,273,272,-1,
254,274,273,-1,
254,256,274,-1,
254,255,256,-1,
139,140,137,-1,
139,137,138,-1,
375,265,264,-1,
375,266,265,-1,
375,267,266,-1,
375,268,267,-1,
375,269,268,-1,
375,270,269,-1,
375,271,270,-1,
375,254,271,-1,
375,264,374,-1,
186,166,167,-1,
186,187,166,-1,
188,165,166,-1,
188,166,187,-1,
185,167,168,-1,
185,186,167,-1,
189,164,165,-1,
189,165,188,-1,
184,168,169,-1,
184,169,170,-1,
184,185,168,-1,
190,162,163,-1,
190,163,164,-1,
190,164,189,-1,
183,184,170,-1,
191,162,190,-1,
182,170,171,-1,
182,171,172,-1,
182,183,170,-1,
192,161,162,-1,
192,162,191,-1,
181,182,172,-1,
180,181,172,-1,
180,172,173,-1,
180,173,174,-1,
179,174,175,-1,
179,180,174,-1,
178,175,176,-1,
178,179,175,-1,
177,178,176,-1,
376,199,200,-1,
376,200,201,-1,
225,203,204,-1,
224,204,205,-1,
224,225,204,-1,
226,203,225,-1,
223,205,206,-1,
223,224,205,-1,
227,202,203,-1,
227,203,226,-1,
222,206,207,-1,
222,223,206,-1,
228,202,227,-1,
228,201,202,-1,
228,376,201,-1,
221,207,208,-1,
221,222,207,-1,
229,376,228,-1,
220,208,209,-1,
220,221,208,-1,
230,376,229,-1,
219,209,210,-1,
219,220,209,-1,
231,376,230,-1,
218,210,211,-1,
218,219,210,-1,
232,376,231,-1,
217,211,212,-1,
217,212,213,-1,
217,218,211,-1,
233,376,232,-1,
216,217,213,-1,
216,213,214,-1,
234,376,233,-1,
235,376,234,-1,
236,376,235,-1,
237,376,236,-1,
238,376,237,-1,
239,376,238,-1,
240,376,239,-1,
241,376,240,-1,
242,376,241,-1,
243,376,242,-1,
244,376,243,-1,
245,376,244,-1,
246,376,245,-1,
247,376,246,-1,
248,376,247,-1,
249,376,248,-1,
215,216,214,-1,
253,375,376,-1,
253,376,249,-1,
253,249,250,-1,
253,250,251,-1,
253,251,252,-1,
253,254,375,-1,
373,374,296,-1,
373,296,331,-1,
373,331,330,-1,
373,330,329,-1,
373,329,328,-1,
373,328,337,-1,
337,328,338,-1,
338,328,339,-1,
373,337,336,-1,
373,336,335,-1,
373,335,370,-1,
373,370,369,-1,
376,372,158,-1,
158,372,157,-1,
157,372,156,-1,
156,372,155,-1,
376,158,159,-1,
376,159,160,-1,
376,160,161,-1,
376,161,193,-1,
193,161,192,-1,
376,193,194,-1,
376,194,195,-1,
376,195,196,-1,
376,196,197,-1,
376,197,198,-1,
376,198,199,-1,
] } }
Shape { appearance Appearance { material Material { diffuseColor 0.850996 0.850996 0.850996 specularColor 0.15 0.15 0.15 shininess 0.4 } } geometry IndexedFaceSet { solid FALSE creaseAngle 0.6 coord Coordinate { point [
0.3937008 -0.3346457 0.0787402,
0.3937008 -0.2559055 0.0787402,
0.3976378 -0.3346457 0.0787402,
0.3976378 -0.2559055 0.0787402,
0.2795276 -0.2559055 0.0039370,
0.2795276 -0.2559055 0.0000000,
0.3937008 -0.2559055 0.0039370,
0.3937008 -0.2559055 0.0787402,
0.3976378 -0.2559055 0.0787402,
0.3976378 -0.2559055 0.0000000,
0.3937008 -0.1377953 0.0039370,
0.3937008 -0.1377953 0.0787402,
0.2795276 -0.1377953 0.0039370,
0.2795276 -0.1377953 0.0000000,
0.3976378 -0.1377953 0.0000000,
0.3976378 -0.1377953 0.0787402,
0.3937008 -0.1377953 0.0787402,
0.3937008 -0.0590551 0.0787402,
0.3976378 -0.1377953 0.0787402,
0.3976378 -0.0590551 0.0787402,
0.2795276 -0.0590551 0.0039370,
0.2795276 -0.0590551 0.0000000,
0.3937008 -0.0590551 0.0039370,
0.3937008 -0.0590551 0.0787402,
0.3976378 -0.0590551 0.0787402,
0.3976378 -0.0590551 0.0000000,
0.3937008 0.0590551 0.0039370,
0.3937008 0.0590551 0.0787402,
0.2795276 0.0590551 0.0039370,
0.2795276 0.0590551 0.0000000,
0.3976378 0.0590551 0.0000000,
0.3976378 0.0590551 0.0787402,
0.3937008 0.0590551 0.0787402,
0.3937008 0.1377953 0.0787402,
0.3976378 0.0590551 0.0787402,
0.3976378 0.1377953 0.0787402,
0.2795276 0.1377953 0.0039370,
0.2795276 0.1377953 0.0000000,
0.3937008 0.1377953 0.0039370,
0.3937008 0.1377953 0.0787402,
0.3976378 0.1377953 0.0787402,
0.3976378 0.1377953 0.0000000,
0.3937008 0.2559055 0.0039370,
0.3937008 0.2559055 0.0787402,
0.2795276 0.2559055 0.0039370,
0.2795276 0.2559055 0.0000000,
0.3976378 0.2559055 0.0000000,
0.3976378 0.2559055 0.0787402,
0.3937008 0.2559055 0.0787402,
0.3937008 0.3346457 0.0787402,
0.3976378 0.2559055 0.0787402,
0.3976378 0.3346457 0.0787402,
0.2795276 0.3346457 0.0039370,
0.2795276 0.3346457 0.0000000,
0.3937008 0.3346457 0.0039370,
0.3937008 0.3346457 0.0787402,
0.3976378 0.3346457 0.0787402,
0.3976378 0.3346457 0.0000000,
0.3937008 -0.3346457 0.0039370,
0.3937008 -0.3346457 0.0787402,
0.2795276 -0.3346457 0.0039370,
0.2795276 -0.3346457 0.0000000,
0.3976378 -0.3346457 0.0000000,
0.3976378 -0.3346457 0.0787402,
-0.2795276 -0.3346457 0.0039370,
-0.2795276 -0.3346457 0.0000000,
-0.3976378 -0.3346457 0.0000000,
-0.3976378 -0.3346457 0.0787402,
-0.3937008 -0.3346457 0.0787402,
-0.3937008 -0.3346457 0.0039370,
-0.3976378 0.3346457 0.0787402,
-0.3976378 0.3346457 0.0000000,
-0.2795276 0.3346457 0.0000000,
-0.2795276 0.3346457 0.0039370,
-0.3937008 0.3346457 0.0039370,
-0.3937008 0.3346457 0.0787402,
-0.3937008 0.3346457 0.0787402,
-0.3937008 0.2559055 0.0787402,
-0.3976378 0.3346457 0.0787402,
-0.3976378 0.2559055 0.0787402,
-0.2795276 0.2559055 0.0039370,
-0.2795276 0.2559055 0.0000000,
-0.3976378 0.2559055 0.0000000,
-0.3976378 0.2559055 0.0787402,
-0.3937008 0.2559055 0.0787402,
-0.3937008 0.2559055 0.0039370,
-0.3976378 0.1377953 0.0787402,
-0.3976378 0.1377953 0.0000000,
-0.2795276 0.1377953 0.0000000,
-0.2795276 0.1377953 0.0039370,
-0.3937008 0.1377953 0.0039370,
-0.3937008 0.1377953 0.0787402,
-0.3937008 0.1377953 0.0787402,
-0.3937008 0.0590551 0.0787402,
-0.3976378 0.1377953 0.0787402,
-0.3976378 0.0590551 0.0787402,
-0.2795276 0.0590551 0.0039370,
-0.2795276 0.0590551 0.0000000,
-0.3976378 0.0590551 0.0000000,
-0.3976378 0.0590551 0.0787402,
-0.3937008 0.0590551 0.0787402,
-0.3937008 0.0590551 0.0039370,
-0.3976378 -0.0590551 0.0787402,
-0.3976378 -0.0590551 0.0000000,
-0.2795276 -0.0590551 0.0000000,
-0.2795276 -0.0590551 0.0039370,
-0.3937008 -0.0590551 0.0039370,
-0.3937008 -0.0590551 0.0787402,
-0.3937008 -0.0590551 0.0787402,
-0.3937008 -0.1377953 0.0787402,
-0.3976378 -0.0590551 0.0787402,
-0.3976378 -0.1377953 0.0787402,
-0.2795276 -0.1377953 0.0039370,
-0.2795276 -0.1377953 0.0000000,
-0.3976378 -0.1377953 0.0000000,
-0.3976378 -0.1377953 0.0787402,
-0.3937008 -0.1377953 0.0787402,
-0.3937008 -0.1377953 0.0039370,
-0.3976378 -0.2559055 0.0787402,
-0.3976378 -0.2559055 0.0000000,
-0.2795276 -0.2559055 0.0000000,
-0.2795276 -0.2559055 0.0039370,
-0.3937008 -0.2559055 0.0039370,
-0.3937008 -0.2559055 0.0787402,
-0.3937008 -0.2559055 0.0787402,
-0.3937008 -0.3346457 0.0787402,
-0.3976378 -0.2559055 0.0787402,
-0.3976378 -0.3346457 0.0787402,
0.3976378 -0.2559055 0.0000000,
0.3976378 -0.3346457 0.0000000,
0.3976378 -0.2559055 0.0787402,
0.3976378 -0.3346457 0.0787402,
0.2401575 -0.2952756 0.0039370,
0.2401575 -0.2952756 0.0000000,
0.2403073 -0.2918443 0.0039370,
0.2407556 -0.2884390 0.0039370,
0.2414990 -0.2850859 0.0039370,
0.2425318 -0.2818102 0.0039370,
0.2438462 -0.2786371 0.0039370,
0.2454321 -0.2755906 0.0039370,
0.2472775 -0.2726938 0.0039370,
0.2493683 -0.2699690 0.0039370,
0.2516887 -0.2674367 0.0039370,
0.2542210 -0.2651164 0.0039370,
0.2569458 -0.2630255 0.0039370,
0.2598425 -0.2611801 0.0039370,
0.2628890 -0.2595942 0.0039370,
0.2660622 -0.2582798 0.0039370,
0.2693378 -0.2572470 0.0039370,
0.2726910 -0.2565036 0.0039370,
0.2760962 -0.2560553 0.0039370,
0.2795276 -0.2559055 0.0039370,
0.2795276 -0.2559055 0.0000000,
0.2403073 -0.2918443 0.0000000,
0.2407556 -0.2884390 0.0000000,
0.2414990 -0.2850859 0.0000000,
0.2425318 -0.2818102 0.0000000,
0.2438462 -0.2786371 0.0000000,
0.2454321 -0.2755906 0.0000000,
0.2472775 -0.2726938 0.0000000,
0.2493683 -0.2699690 0.0000000,
0.2516887 -0.2674367 0.0000000,
0.2542210 -0.2651164 0.0000000,
0.2569458 -0.2630255 0.0000000,
0.2598425 -0.2611801 0.0000000,
0.2628890 -0.2595942 0.0000000,
0.2660622 -0.2582798 0.0000000,
0.2693378 -0.2572470 0.0000000,
0.2726910 -0.2565036 0.0000000,
0.2760962 -0.2560553 0.0000000,
0.2795276 -0.2559055 0.0000000,
0.3976378 -0.2559055 0.0000000,
0.2401575 -0.2952756 0.0000000,
0.2403073 -0.2918443 0.0000000,
0.2407556 -0.2884390 0.0000000,
0.2414990 -0.2850859 0.0000000,
0.2425318 -0.2818102 0.0000000,
0.2438462 -0.2786371 0.0000000,
0.2454321 -0.2755906 0.0000000,
0.2472775 -0.2726938 0.0000000,
0.2493683 -0.2699690 0.0000000,
0.2516887 -0.2674367 0.0000000,
0.2542210 -0.2651164 0.0000000,
0.2569458 -0.2630255 0.0000000,
0.2598425 -0.2611801 0.0000000,
0.2628890 -0.2595942 0.0000000,
0.2660622 -0.2582798 0.0000000,
0.2693378 -0.2572470 0.0000000,
0.2726910 -0.2565036 0.0000000,
0.2760962 -0.2560553 0.0000000,
0.2795276 -0.3346457 0.0000000,
0.2760962 -0.3344959 0.0000000,
0.2726910 -0.3340475 0.0000000,
0.2693378 -0.3333042 0.0000000,
0.2660622 -0.3322714 0.0000000,
0.2628890 -0.3309570 0.0000000,
0.2598425 -0.3293711 0.0000000,
0.2569458 -0.3275257 0.0000000,
0.2542210 -0.3254348 0.0000000,
0.2516887 -0.3231144 0.0000000,
0.2493683 -0.3205822 0.0000000,
0.2472775 -0.3178573 0.0000000,
0.2454321 -0.3149606 0.0000000,
0.2438462 -0.3119141 0.0000000,
0.2425318 -0.3087410 0.0000000,
0.2414990 -0.3054653 0.0000000,
0.2407556 -0.3021121 0.0000000,
0.2403073 -0.2987069 0.0000000,
0.3976378 -0.3346457 0.0000000,
0.2795276 -0.3346457 0.0039370,
0.2760962 -0.3344959 0.0039370,
0.2726910 -0.3340475 0.0039370,
0.2693378 -0.3333042 0.0039370,
0.2660622 -0.3322714 0.0039370,
0.2628890 -0.3309570 0.0039370,
0.2598425 -0.3293711 0.0039370,
0.2569458 -0.3275257 0.0039370,
0.2542210 -0.3254348 0.0039370,
0.2516887 -0.3231144 0.0039370,
0.2493683 -0.3205822 0.0039370,
0.2472775 -0.3178573 0.0039370,
0.2454321 -0.3149606 0.0039370,
0.2438462 -0.3119141 0.0039370,
0.2425318 -0.3087410 0.0039370,
0.2414990 -0.3054653 0.0039370,
0.2407556 -0.3021121 0.0039370,
0.2403073 -0.2987069 0.0039370,
0.2401575 -0.2952756 0.0039370,
0.2401575 -0.2952756 0.0000000,
0.2795276 -0.3346457 0.0000000,
0.2760962 -0.3344959 0.0000000,
0.2726910 -0.3340475 0.0000000,
0.2693378 -0.3333042 0.0000000,
0.2660622 -0.3322714 0.0000000,
0.2628890 -0.3309570 0.0000000,
0.2598425 -0.3293711 0.0000000,
0.2569458 -0.3275257 0.0000000,
0.2542210 -0.3254348 0.0000000,
0.2516887 -0.3231144 0.0000000,
0.2493683 -0.3205822 0.0000000,
0.2472775 -0.3178573 0.0000000,
0.2454321 -0.3149606 0.0000000,
0.2438462 -0.3119141 0.0000000,
0.2425318 -0.3087410 0.0000000,
0.2414990 -0.3054653 0.0000000,
0.2407556 -0.3021121 0.0000000,
0.2403073 -0.2987069 0.0000000,
-0.2795276 -0.3346457 0.0039370,
-0.2759985 -0.3344872 0.0039370,
-0.2724978 -0.3340130 0.0039370,
-0.2690537 -0.3332269 0.0039370,
-0.2656939 -0.3321352 0.0039370,
-0.2624455 -0.3307468 0.0039370,
-0.2593347 -0.3290728 0.0039370,
-0.2563864 -0.3271267 0.0039370,
-0.2536245 -0.3249241 0.0039370,
-0.2510711 -0.3224828 0.0039370,
-0.2487468 -0.3198224 0.0039370,
-0.2466703 -0.3169644 0.0039370,
-0.2448584 -0.3139318 0.0039370,
-0.2433257 -0.3107490 0.0039370,
-0.2420844 -0.3074416 0.0039370,
-0.2411446 -0.3040363 0.0039370,
-0.2405138 -0.3005604 0.0039370,
-0.2401971 -0.2970419 0.0039370,
-0.2401971 -0.2935093 0.0039370,
-0.2405138 -0.2899908 0.0039370,
-0.2411446 -0.2865149 0.0039370,
-0.2420844 -0.2831096 0.0039370,
-0.2433257 -0.2798022 0.0039370,
-0.2448584 -0.2766193 0.0039370,
-0.2466703 -0.2735867 0.0039370,
-0.2487468 -0.2707287 0.0039370,
-0.2510711 -0.2680684 0.0039370,
-0.2536245 -0.2656271 0.0039370,
-0.2563864 -0.2634245 0.0039370,
-0.2593347 -0.2614784 0.0039370,
-0.2624455 -0.2598044 0.0039370,
-0.2656939 -0.2584159 0.0039370,
-0.2690537 -0.2573243 0.0039370,
-0.2724978 -0.2565382 0.0039370,
-0.2759985 -0.2560640 0.0039370,
-0.2795276 -0.2559055 0.0039370,
-0.2795276 -0.3346457 0.0000000,
-0.2759985 -0.3344872 0.0000000,
-0.2724978 -0.3340130 0.0000000,
-0.2690537 -0.3332269 0.0000000,
-0.2656939 -0.3321352 0.0000000,
-0.2624455 -0.3307468 0.0000000,
-0.2593347 -0.3290728 0.0000000,
-0.2563864 -0.3271267 0.0000000,
-0.2536245 -0.3249241 0.0000000,
-0.2510711 -0.3224828 0.0000000,
-0.2487468 -0.3198224 0.0000000,
-0.2466703 -0.3169644 0.0000000,
-0.2448584 -0.3139318 0.0000000,
-0.2433257 -0.3107490 0.0000000,
-0.2420844 -0.3074416 0.0000000,
-0.2411446 -0.3040363 0.0000000,
-0.2405138 -0.3005604 0.0000000,
-0.2401971 -0.2970419 0.0000000,
-0.2401971 -0.2935093 0.0000000,
-0.2405138 -0.2899908 0.0000000,
-0.2411446 -0.2865149 0.0000000,
-0.2420844 -0.2831096 0.0000000,
-0.2433257 -0.2798022 0.0000000,
-0.2448584 -0.2766193 0.0000000,
-0.2466703 -0.2735867 0.0000000,
-0.2487468 -0.2707287 0.0000000,
-0.2510711 -0.2680684 0.0000000,
-0.2536245 -0.2656271 0.0000000,
-0.2563864 -0.2634245 0.0000000,
-0.2593347 -0.2614784 0.0000000,
-0.2624455 -0.2598044 0.0000000,
-0.2656939 -0.2584159 0.0000000,
-0.2690537 -0.2573243 0.0000000,
-0.2724978 -0.2565382 0.0000000,
-0.2759985 -0.2560640 0.0000000,
-0.2795276 -0.2559055 0.0000000,
-0.2795276 -0.1377953 0.0039370,
-0.2759985 -0.1376368 0.0039370,
-0.2724978 -0.1371626 0.0039370,
-0.2690537 -0.1363765 0.0039370,
-0.2656939 -0.1352848 0.0039370,
-0.2624455 -0.1338964 0.0039370,
-0.2593347 -0.1322224 0.0039370,
-0.2563864 -0.1302763 0.0039370,
-0.2536245 -0.1280737 0.0039370,
-0.2510711 -0.1256324 0.0039370,
-0.2487468 -0.1229720 0.0039370,
-0.2466703 -0.1201141 0.0039370,
-0.2448584 -0.1170814 0.0039370,
-0.2433257 -0.1138986 0.0039370,
-0.2420844 -0.1105912 0.0039370,
-0.2411446 -0.1071859 0.0039370,
-0.2405138 -0.1037100 0.0039370,
-0.2401971 -0.1001915 0.0039370,
-0.2401971 -0.0966589 0.0039370,
-0.2405138 -0.0931404 0.0039370,
-0.2411446 -0.0896645 0.0039370,
-0.2420844 -0.0862592 0.0039370,
-0.2433257 -0.0829518 0.0039370,
-0.2448584 -0.0797690 0.0039370,
-0.2466703 -0.0767363 0.0039370,
-0.2487468 -0.0738784 0.0039370,
-0.2510711 -0.0712180 0.0039370,
-0.2536245 -0.0687767 0.0039370,
-0.2563864 -0.0665741 0.0039370,
-0.2593347 -0.0646280 0.0039370,
-0.2624455 -0.0629540 0.0039370,
-0.2656939 -0.0615656 0.0039370,
-0.2690537 -0.0604739 0.0039370,
-0.2724978 -0.0596878 0.0039370,
-0.2759985 -0.0592136 0.0039370,
-0.2795276 -0.0590551 0.0039370,
-0.2795276 -0.1377953 0.0000000,
-0.2759985 -0.1376368 0.0000000,
-0.2724978 -0.1371626 0.0000000,
-0.2690537 -0.1363765 0.0000000,
-0.2656939 -0.1352848 0.0000000,
-0.2624455 -0.1338964 0.0000000,
-0.2593347 -0.1322224 0.0000000,
-0.2563864 -0.1302763 0.0000000,
-0.2536245 -0.1280737 0.0000000,
-0.2510711 -0.1256324 0.0000000,
-0.2487468 -0.1229720 0.0000000,
-0.2466703 -0.1201141 0.0000000,
-0.2448584 -0.1170814 0.0000000,
-0.2433257 -0.1138986 0.0000000,
-0.2420844 -0.1105912 0.0000000,
-0.2411446 -0.1071859 0.0000000,
-0.2405138 -0.1037100 0.0000000,
-0.2401971 -0.1001915 0.0000000,
-0.2401971 -0.0966589 0.0000000,
-0.2405138 -0.0931404 0.0000000,
-0.2411446 -0.0896645 0.0000000,
-0.2420844 -0.0862592 0.0000000,
-0.2433257 -0.0829518 0.0000000,
-0.2448584 -0.0797690 0.0000000,
-0.2466703 -0.0767363 0.0000000,
-0.2487468 -0.0738784 0.0000000,
-0.2510711 -0.0712180 0.0000000,
-0.2536245 -0.0687767 0.0000000,
-0.2563864 -0.0665741 0.0000000,
-0.2593347 -0.0646280 0.0000000,
-0.2624455 -0.0629540 0.0000000,
-0.2656939 -0.0615656 0.0000000,
-0.2690537 -0.0604739 0.0000000,
-0.2724978 -0.0596878 0.0000000,
-0.2759985 -0.0592136 0.0000000,
-0.2795276 -0.0590551 0.0000000,
-0.2795276 0.0590551 0.0039370,
-0.2759985 0.0592136 0.0039370,
-0.2724978 0.0596878 0.0039370,
-0.2690537 0.0604739 0.0039370,
-0.2656939 0.0615656 0.0039370,
-0.2624455 0.0629540 0.0039370,
-0.2593347 0.0646280 0.0039370,
-0.2563864 0.0665741 0.0039370,
-0.2536245 0.0687767 0.0039370,
-0.2510711 0.0712180 0.0039370,
-0.2487468 0.0738784 0.0039370,
-0.2466703 0.0767363 0.0039370,
-0.2448584 0.0797690 0.0039370,
-0.2433257 0.0829518 0.0039370,
-0.2420844 0.0862592 0.0039370,
-0.2411446 0.0896645 0.0039370,
-0.2405138 0.0931404 0.0039370,
-0.2401971 0.0966589 0.0039370,
-0.2401971 0.1001915 0.0039370,
-0.2405138 0.1037100 0.0039370,
-0.2411446 0.1071859 0.0039370,
-0.2420844 0.1105912 0.0039370,
-0.2433257 0.1138986 0.0039370,
-0.2448584 0.1170814 0.0039370,
-0.2466703 0.1201141 0.0039370,
-0.2487468 0.1229720 0.0039370,
-0.2510711 0.1256324 0.0039370,
-0.2536245 0.1280737 0.0039370,
-0.2563864 0.1302763 0.0039370,
-0.2593347 0.1322224 0.0039370,
-0.2624455 0.1338964 0.0039370,
-0.2656939 0.1352848 0.0039370,
-0.2690537 0.1363765 0.0039370,
-0.2724978 0.1371626 0.0039370,
-0.2759985 0.1376368 0.0039370,
-0.2795276 0.1377953 0.0039370,
-0.2795276 0.0590551 0.0000000,
-0.2759985 0.0592136 0.0000000,
-0.2724978 0.0596878 0.0000000,
-0.2690537 0.0604739 0.0000000,
-0.2656939 0.0615656 0.0000000,
-0.2624455 0.0629540 0.0000000,
-0.2593347 0.0646280 0.0000000,
-0.2563864 0.0665741 0.0000000,
-0.2536245 0.0687767 0.0000000,
-0.2510711 0.0712180 0.0000000,
-0.2487468 0.0738784 0.0000000,
-0.2466703 0.0767363 0.0000000,
-0.2448584 0.0797690 0.0000000,
-0.2433257 0.0829518 0.0000000,
-0.2420844 0.0862592 0.0000000,
-0.2411446 0.0896645 0.0000000,
-0.2405138 0.0931404 0.0000000,
-0.2401971 0.0966589 0.0000000,
-0.2401971 0.1001915 0.0000000,
-0.2405138 0.1037100 0.0000000,
-0.2411446 0.1071859 0.0000000,
-0.2420844 0.1105912 0.0000000,
-0.2433257 0.1138986 0.0000000,
-0.2448584 0.1170814 0.0000000,
-0.2466703 0.1201141 0.0000000,
-0.2487468 0.1229720 0.0000000,
-0.2510711 0.1256324 0.0000000,
-0.2536245 0.1280737 0.0000000,
-0.2563864 0.1302763 0.0000000,
-0.2593347 0.1322224 0.0000000,
-0.2624455 0.1338964 0.0000000,
-0.2656939 0.1352848 0.0000000,
-0.2690537 0.1363765 0.0000000,
-0.2724978 0.1371626 0.0000000,
-0.2759985 0.1376368 0.0000000,
-0.2795276 0.1377953 0.0000000,
-0.2795276 0.2559055 0.0039370,
-0.2759985 0.2560640 0.0039370,
-0.2724978 0.2565382 0.0039370,
-0.2690537 0.2573243 0.0039370,
-0.2656939 0.2584159 0.0039370,
-0.2624455 0.2598044 0.0039370,
-0.2593347 0.2614784 0.0039370,
-0.2563864 0.2634245 0.0039370,
-0.2536245 0.2656271 0.0039370,
-0.2510711 0.2680684 0.0039370,
-0.2487468 0.2707287 0.0039370,
-0.2466703 0.2735867 0.0039370,
-0.2448584 0.2766193 0.0039370,
-0.2433257 0.2798022 0.0039370,
-0.2420844 0.2831096 0.0039370,
-0.2411446 0.2865149 0.0039370,
-0.2405138 0.2899908 0.0039370,
-0.2401971 0.2935093 0.0039370,
-0.2401971 0.2970419 0.0039370,
-0.2405138 0.3005604 0.0039370,
-0.2411446 0.3040363 0.0039370,
-0.2420844 0.3074416 0.0039370,
-0.2433257 0.3107490 0.0039370,
-0.2448584 0.3139318 0.0039370,
-0.2466703 0.3169644 0.0039370,
-0.2487468 0.3198224 0.0039370,
-0.2510711 0.3224828 0.0039370,
-0.2536245 0.3249241 0.0039370,
-0.2563864 0.3271267 0.0039370,
-0.2593347 0.3290728 0.0039370,
-0.2624455 0.3307468 0.0039370,
-0.2656939 0.3321352 0.0039370,
-0.2690537 0.3332269 0.0039370,
-0.2724978 0.3340130 0.0039370,
-0.2759985 0.3344872 0.0039370,
-0.2795276 0.3346457 0.0039370,
-0.2795276 0.2559055 0.0000000,
-0.2759985 0.2560640 0.0000000,
-0.2724978 0.2565382 0.0000000,
-0.2690537 0.2573243 0.0000000,
-0.2656939 0.2584159 0.0000000,
-0.2624455 0.2598044 0.0000000,
-0.2593347 0.2614784 0.0000000,
-0.2563864 0.2634245 0.0000000,
-0.2536245 0.2656271 0.0000000,
-0.2510711 0.2680684 0.0000000,
-0.2487468 0.2707287 0.0000000,
-0.2466703 0.2735867 0.0000000,
-0.2448584 0.2766193 0.0000000,
-0.2433257 0.2798022 0.0000000,
-0.2420844 0.2831096 0.0000000,
-0.2411446 0.2865149 0.0000000,
-0.2405138 0.2899908 0.0000000,
-0.2401971 0.2935093 0.0000000,
-0.2401971 0.2970419 0.0000000,
-0.2405138 0.3005604 0.0000000,
-0.2411446 0.3040363 0.0000000,
-0.2420844 0.3074416 0.0000000,
-0.2433257 0.3107490 0.0000000,
-0.2448584 0.3139318 0.0000000,
-0.2466703 0.3169644 0.0000000,
-0.2487468 0.3198224 0.0000000,
-0.2510711 0.3224828 0.0000000,
-0.2536245 0.3249241 0.0000000,
-0.2563864 0.3271267 0.0000000,
-0.2593347 0.3290728 0.0000000,
-0.2624455 0.3307468 0.0000000,
-0.2656939 0.3321352 0.0000000,
-0.2690537 0.3332269 0.0000000,
-0.2724978 0.3340130 0.0000000,
-0.2759985 0.3344872 0.0000000,
-0.2795276 0.3346457 0.0000000,
0.2401575 0.2952756 0.0039370,
0.2401575 0.2952756 0.0000000,
0.2403073 0.2987069 0.0039370,
0.2407556 0.3021121 0.0039370,
0.2414990 0.3054653 0.0039370,
0.2425318 0.3087410 0.0039370,
0.2438462 0.3119141 0.0039370,
0.2454321 0.3149606 0.0039370,
0.2472775 0.3178573 0.0039370,
0.2493683 0.3205822 0.0039370,
0.2516887 0.3231144 0.0039370,
0.2542210 0.3254348 0.0039370,
0.2569458 0.3275257 0.0039370,
0.2598425 0.3293711 0.0039370,
0.2628890 0.3309570 0.0039370,
0.2660622 0.3322714 0.0039370,
0.2693378 0.3333042 0.0039370,
0.2726910 0.3340475 0.0039370,
0.2760962 0.3344959 0.0039370,
0.2795276 0.3346457 0.0039370,
0.2795276 0.3346457 0.0000000,
0.2403073 0.2987069 0.0000000,
0.2407556 0.3021121 0.0000000,
0.2414990 0.3054653 0.0000000,
0.2425318 0.3087410 0.0000000,
0.2438462 0.3119141 0.0000000,
0.2454321 0.3149606 0.0000000,
0.2472775 0.3178573 0.0000000,
0.2493683 0.3205822 0.0000000,
0.2516887 0.3231144 0.0000000,
0.2542210 0.3254348 0.0000000,
0.2569458 0.3275257 0.0000000,
0.2598425 0.3293711 0.0000000,
0.2628890 0.3309570 0.0000000,
0.2660622 0.3322714 0.0000000,
0.2693378 0.3333042 0.0000000,
0.2726910 0.3340475 0.0000000,
0.2760962 0.3344959 0.0000000,
0.2795276 0.2559055 0.0039370,
0.2760962 0.2560553 0.0039370,
0.2726910 0.2565036 0.0039370,
0.2693378 0.2572470 0.0039370,
0.2660622 0.2582798 0.0039370,
0.2628890 0.2595942 0.0039370,
0.2598425 0.2611801 0.0039370,
0.2569458 0.2630255 0.0039370,
0.2542210 0.2651164 0.0039370,
0.2516887 0.2674367 0.0039370,
0.2493683 0.2699690 0.0039370,
0.2472775 0.2726938 0.0039370,
0.2454321 0.2755906 0.0039370,
0.2438462 0.2786371 0.0039370,
0.2425318 0.2818102 0.0039370,
0.2414990 0.2850859 0.0039370,
0.2407556 0.2884390 0.0039370,
0.2403073 0.2918443 0.0039370,
0.2401575 0.2952756 0.0039370,
0.2401575 0.2952756 0.0000000,
0.2795276 0.2559055 0.0000000,
0.2760962 0.2560553 0.0000000,
0.2726910 0.2565036 0.0000000,
0.2693378 0.2572470 0.0000000,
0.2660622 0.2582798 0.0000000,
0.2628890 0.2595942 0.0000000,
0.2598425 0.2611801 0.0000000,
0.2569458 0.2630255 0.0000000,
0.2542210 0.2651164 0.0000000,
0.2516887 0.2674367 0.0000000,
0.2493683 0.2699690 0.0000000,
0.2472775 0.2726938 0.0000000,
0.2454321 0.2755906 0.0000000,
0.2438462 0.2786371 0.0000000,
0.2425318 0.2818102 0.0000000,
0.2414990 0.2850859 0.0000000,
0.2407556 0.2884390 0.0000000,
0.2403073 0.2918443 0.0000000,
0.2401575 0.0984252 0.0039370,
0.2401575 0.0984252 0.0000000,
0.2403073 0.1018565 0.0039370,
0.2407556 0.1052617 0.0039370,
0.2414990 0.1086149 0.0039370,
0.2425318 0.1118906 0.0039370,
0.2438462 0.1150637 0.0039370,
0.2454321 0.1181102 0.0039370,
0.2472775 0.1210069 0.0039370,
0.2493683 0.1237318 0.0039370,
0.2516887 0.1262640 0.0039370,
0.2542210 0.1285844 0.0039370,
0.2569458 0.1306753 0.0039370,
0.2598425 0.1325207 0.0039370,
0.2628890 0.1341066 0.0039370,
0.2660622 0.1354210 0.0039370,
0.2693378 0.1364538 0.0039370,
0.2726910 0.1371972 0.0039370,
0.2760962 0.1376455 0.0039370,
0.2795276 0.1377953 0.0039370,
0.2795276 0.1377953 0.0000000,
0.2403073 0.1018565 0.0000000,
0.2407556 0.1052617 0.0000000,
0.2414990 0.1086149 0.0000000,
0.2425318 0.1118906 0.0000000,
0.2438462 0.1150637 0.0000000,
0.2454321 0.1181102 0.0000000,
0.2472775 0.1210069 0.0000000,
0.2493683 0.1237318 0.0000000,
0.2516887 0.1262640 0.0000000,
0.2542210 0.1285844 0.0000000,
0.2569458 0.1306753 0.0000000,
0.2598425 0.1325207 0.0000000,
0.2628890 0.1341066 0.0000000,
0.2660622 0.1354210 0.0000000,
0.2693378 0.1364538 0.0000000,
0.2726910 0.1371972 0.0000000,
0.2760962 0.1376455 0.0000000,
0.2795276 0.0590551 0.0039370,
0.2760962 0.0592049 0.0039370,
0.2726910 0.0596532 0.0039370,
0.2693378 0.0603966 0.0039370,
0.2660622 0.0614294 0.0039370,
0.2628890 0.0627438 0.0039370,
0.2598425 0.0643297 0.0039370,
0.2569458 0.0661751 0.0039370,
0.2542210 0.0682660 0.0039370,
0.2516887 0.0705863 0.0039370,
0.2493683 0.0731186 0.0039370,
0.2472775 0.0758434 0.0039370,
0.2454321 0.0787402 0.0039370,
0.2438462 0.0817867 0.0039370,
0.2425318 0.0849598 0.0039370,
0.2414990 0.0882355 0.0039370,
0.2407556 0.0915887 0.0039370,
0.2403073 0.0949939 0.0039370,
0.2401575 0.0984252 0.0039370,
0.2401575 0.0984252 0.0000000,
0.2795276 0.0590551 0.0000000,
0.2760962 0.0592049 0.0000000,
0.2726910 0.0596532 0.0000000,
0.2693378 0.0603966 0.0000000,
0.2660622 0.0614294 0.0000000,
0.2628890 0.0627438 0.0000000,
0.2598425 0.0643297 0.0000000,
0.2569458 0.0661751 0.0000000,
0.2542210 0.0682660 0.0000000,
0.2516887 0.0705863 0.0000000,
0.2493683 0.0731186 0.0000000,
0.2472775 0.0758434 0.0000000,
0.2454321 0.0787402 0.0000000,
0.2438462 0.0817867 0.0000000,
0.2425318 0.0849598 0.0000000,
0.2414990 0.0882355 0.0000000,
0.2407556 0.0915887 0.0000000,
0.2403073 0.0949939 0.0000000,
0.2401575 -0.0984252 0.0039370,
0.2401575 -0.0984252 0.0000000,
0.2403073 -0.0949939 0.0039370,
0.2407556 -0.0915887 0.0039370,
0.2414990 -0.0882355 0.0039370,
0.2425318 -0.0849598 0.0039370,
0.2438462 -0.0817867 0.0039370,
0.2454321 -0.0787402 0.0039370,
0.2472775 -0.0758434 0.0039370,
0.2493683 -0.0731186 0.0039370,
0.2516887 -0.0705863 0.0039370,
0.2542210 -0.0682660 0.0039370,
0.2569458 -0.0661751 0.0039370,
0.2598425 -0.0643297 0.0039370,
0.2628890 -0.0627438 0.0039370,
0.2660622 -0.0614294 0.0039370,
0.2693378 -0.0603966 0.0039370,
0.2726910 -0.0596532 0.0039370,
0.2760962 -0.0592049 0.0039370,
0.2795276 -0.0590551 0.0039370,
0.2795276 -0.0590551 0.0000000,
0.2403073 -0.0949939 0.0000000,
0.2407556 -0.0915887 0.0000000,
0.2414990 -0.0882355 0.0000000,
0.2425318 -0.0849598 0.0000000,
0.2438462 -0.0817867 0.0000000,
0.2454321 -0.0787402 0.0000000,
0.2472775 -0.0758434 0.0000000,
0.2493683 -0.0731186 0.0000000,
0.2516887 -0.0705863 0.0000000,
0.2542210 -0.0682660 0.0000000,
0.2569458 -0.0661751 0.0000000,
0.2598425 -0.0643297 0.0000000,
0.2628890 -0.0627438 0.0000000,
0.2660622 -0.0614294 0.0000000,
0.2693378 -0.0603966 0.0000000,
0.2726910 -0.0596532 0.0000000,
0.2760962 -0.0592049 0.0000000,
0.2795276 -0.1377953 0.0039370,
0.2760962 -0.1376455 0.0039370,
0.2726910 -0.1371972 0.0039370,
0.2693378 -0.1364538 0.0039370,
0.2660622 -0.1354210 0.0039370,
0.2628890 -0.1341066 0.0039370,
0.2598425 -0.1325207 0.0039370,
0.2569458 -0.1306753 0.0039370,
0.2542210 -0.1285844 0.0039370,
0.2516887 -0.1262640 0.0039370,
0.2493683 -0.1237318 0.0039370,
0.2472775 -0.1210069 0.0039370,
0.2454321 -0.1181102 0.0039370,
0.2438462 -0.1150637 0.0039370,
0.2425318 -0.1118906 0.0039370,
0.2414990 -0.1086149 0.0039370,
0.2407556 -0.1052617 0.0039370,
0.2403073 -0.1018565 0.0039370,
0.2401575 -0.0984252 0.0039370,
0.2401575 -0.0984252 0.0000000,
0.2795276 -0.1377953 0.0000000,
0.2760962 -0.1376455 0.0000000,
0.2726910 -0.1371972 0.0000000,
0.2693378 -0.1364538 0.0000000,
0.2660622 -0.1354210 0.0000000,
0.2628890 -0.1341066 0.0000000,
0.2598425 -0.1325207 0.0000000,
0.2569458 -0.1306753 0.0000000,
0.2542210 -0.1285844 0.0000000,
0.2516887 -0.1262640 0.0000000,
0.2493683 -0.1237318 0.0000000,
0.2472775 -0.1210069 0.0000000,
0.2454321 -0.1181102 0.0000000,
0.2438462 -0.1150637 0.0000000,
0.2425318 -0.1118906 0.0000000,
0.2414990 -0.1086149 0.0000000,
0.2407556 -0.1052617 0.0000000,
0.2403073 -0.1018565 0.0000000,
0.1514385 -0.3546849 0.0039370,
0.1514385 -0.3546849 0.0000000,
-0.1514385 -0.3546849 0.0000000,
-0.1514385 -0.3546849 0.0039370,
0.1514385 -0.3546849 0.0039370,
0.1514385 -0.3546849 0.0000000,
0.1514385 0.2759448 0.0039370,
0.1514385 0.2759448 0.0000000,
0.0726984 0.3546849 0.0039370,
0.0726984 0.3546849 0.0000000,
0.1514385 0.2759448 0.0000000,
0.1514385 0.2759448 0.0039370,
-0.1514385 0.3546849 0.0039370,
-0.1514385 0.3546849 0.0000000,
0.0726984 0.3546849 0.0000000,
0.0726984 0.3546849 0.0039370,
-0.1514385 -0.3546849 0.0039370,
-0.1514385 -0.3546849 0.0000000,
-0.1514385 0.3546849 0.0000000,
-0.1514385 0.3546849 0.0039370,
0.2795276 -0.0590551 0.0000000,
0.3976378 -0.0590551 0.0000000,
0.2401575 -0.0984252 0.0000000,
0.2403073 -0.0949939 0.0000000,
0.2407556 -0.0915887 0.0000000,
0.2414990 -0.0882355 0.0000000,
0.2425318 -0.0849598 0.0000000,
0.2438462 -0.0817867 0.0000000,
0.2454321 -0.0787402 0.0000000,
0.2472775 -0.0758434 0.0000000,
0.2493683 -0.0731186 0.0000000,
0.2516887 -0.0705863 0.0000000,
0.2542210 -0.0682660 0.0000000,
0.2569458 -0.0661751 0.0000000,
0.2598425 -0.0643297 0.0000000,
0.2628890 -0.0627438 0.0000000,
0.2660622 -0.0614294 0.0000000,
0.2693378 -0.0603966 0.0000000,
0.2726910 -0.0596532 0.0000000,
0.2760962 -0.0592049 0.0000000,
0.2795276 -0.1377953 0.0000000,
0.2760962 -0.1376455 0.0000000,
0.2726910 -0.1371972 0.0000000,
0.2693378 -0.1364538 0.0000000,
0.2660622 -0.1354210 0.0000000,
0.2628890 -0.1341066 0.0000000,
0.2598425 -0.1325207 0.0000000,
0.2569458 -0.1306753 0.0000000,
0.2542210 -0.1285844 0.0000000,
0.2516887 -0.1262640 0.0000000,
0.2493683 -0.1237318 0.0000000,
0.2472775 -0.1210069 0.0000000,
0.2454321 -0.1181102 0.0000000,
0.2438462 -0.1150637 0.0000000,
0.2425318 -0.1118906 0.0000000,
0.2414990 -0.1086149 0.0000000,
0.2407556 -0.1052617 0.0000000,
0.2403073 -0.1018565 0.0000000,
0.3976378 -0.1377953 0.0000000,
0.3976378 -0.0590551 0.0000000,
0.3976378 -0.1377953 0.0000000,
0.3976378 -0.0590551 0.0787402,
0.3976378 -0.1377953 0.0787402,
0.2795276 0.1377953 0.0000000,
0.3976378 0.1377953 0.0000000,
0.2401575 0.0984252 0.0000000,
0.2403073 0.1018565 0.0000000,
0.2407556 0.1052617 0.0000000,
0.2414990 0.1086149 0.0000000,
0.2425318 0.1118906 0.0000000,
0.2438462 0.1150637 0.0000000,
0.2454321 0.1181102 0.0000000,
0.2472775 0.1210069 0.0000000,
0.2493683 0.1237318 0.0000000,
0.2516887 0.1262640 0.0000000,
0.2542210 0.1285844 0.0000000,
0.2569458 0.1306753 0.0000000,
0.2598425 0.1325207 0.0000000,
0.2628890 0.1341066 0.0000000,
0.2660622 0.1354210 0.0000000,
0.2693378 0.1364538 0.0000000,
0.2726910 0.1371972 0.0000000,
0.2760962 0.1376455 0.0000000,
0.2795276 0.0590551 0.0000000,
0.2760962 0.0592049 0.0000000,
0.2726910 0.0596532 0.0000000,
0.2693378 0.0603966 0.0000000,
0.2660622 0.0614294 0.0000000,
0.2628890 0.0627438 0.0000000,
0.2598425 0.0643297 0.0000000,
0.2569458 0.0661751 0.0000000,
0.2542210 0.0682660 0.0000000,
0.2516887 0.0705863 0.0000000,
0.2493683 0.0731186 0.0000000,
0.2472775 0.0758434 0.0000000,
0.2454321 0.0787402 0.0000000,
0.2438462 0.0817867 0.0000000,
0.2425318 0.0849598 0.0000000,
0.2414990 0.0882355 0.0000000,
0.2407556 0.0915887 0.0000000,
0.2403073 0.0949939 0.0000000,
0.3976378 0.0590551 0.0000000,
0.3976378 0.1377953 0.0000000,
0.3976378 0.0590551 0.0000000,
0.3976378 0.1377953 0.0787402,
0.3976378 0.0590551 0.0787402,
0.2795276 0.3346457 0.0000000,
0.3976378 0.3346457 0.0000000,
0.2401575 0.2952756 0.0000000,
0.2403073 0.2987069 0.0000000,
0.2407556 0.3021121 0.0000000,
0.2414990 0.3054653 0.0000000,
0.2425318 0.3087410 0.0000000,
0.2438462 0.3119141 0.0000000,
0.2454321 0.3149606 0.0000000,
0.2472775 0.3178573 0.0000000,
0.2493683 0.3205822 0.0000000,
0.2516887 0.3231144 0.0000000,
0.2542210 0.3254348 0.0000000,
0.2569458 0.3275257 0.0000000,
0.2598425 0.3293711 0.0000000,
0.2628890 0.3309570 0.0000000,
0.2660622 0.3322714 0.0000000,
0.2693378 0.3333042 0.0000000,
0.2726910 0.3340475 0.0000000,
0.2760962 0.3344959 0.0000000,
0.2795276 0.2559055 0.0000000,
0.2760962 0.2560553 0.0000000,
0.2726910 0.2565036 0.0000000,
0.2693378 0.2572470 0.0000000,
0.2660622 0.2582798 0.0000000,
0.2628890 0.2595942 0.0000000,
0.2598425 0.2611801 0.0000000,
0.2569458 0.2630255 0.0000000,
0.2542210 0.2651164 0.0000000,
0.2516887 0.2674367 0.0000000,
0.2493683 0.2699690 0.0000000,
0.2472775 0.2726938 0.0000000,
0.2454321 0.2755906 0.0000000,
0.2438462 0.2786371 0.0000000,
0.2425318 0.2818102 0.0000000,
0.2414990 0.2850859 0.0000000,
0.2407556 0.2884390 0.0000000,
0.2403073 0.2918443 0.0000000,
0.3976378 0.2559055 0.0000000,
0.3976378 0.3346457 0.0000000,
0.3976378 0.2559055 0.0000000,
0.3976378 0.3346457 0.0787402,
0.3976378 0.2559055 0.0787402,
-0.3976378 -0.2559055 0.0787402,
-0.3976378 -0.2559055 0.0000000,
-0.3976378 -0.3346457 0.0787402,
-0.3976378 -0.3346457 0.0000000,
-0.3976378 -0.3346457 0.0000000,
-0.2795276 -0.3346457 0.0000000,
-0.2759985 -0.3344872 0.0000000,
-0.2724978 -0.3340130 0.0000000,
-0.2690537 -0.3332269 0.0000000,
-0.2656939 -0.3321352 0.0000000,
-0.2624455 -0.3307468 0.0000000,
-0.2593347 -0.3290728 0.0000000,
-0.2563864 -0.3271267 0.0000000,
-0.2536245 -0.3249241 0.0000000,
-0.2510711 -0.3224828 0.0000000,
-0.2487468 -0.3198224 0.0000000,
-0.2466703 -0.3169644 0.0000000,
-0.2448584 -0.3139318 0.0000000,
-0.2433257 -0.3107490 0.0000000,
-0.2420844 -0.3074416 0.0000000,
-0.2411446 -0.3040363 0.0000000,
-0.2405138 -0.3005604 0.0000000,
-0.2401971 -0.2970419 0.0000000,
-0.2401971 -0.2935093 0.0000000,
-0.2405138 -0.2899908 0.0000000,
-0.2411446 -0.2865149 0.0000000,
-0.2420844 -0.2831096 0.0000000,
-0.2433257 -0.2798022 0.0000000,
-0.2448584 -0.2766193 0.0000000,
-0.2466703 -0.2735867 0.0000000,
-0.2487468 -0.2707287 0.0000000,
-0.2510711 -0.2680684 0.0000000,
-0.2536245 -0.2656271 0.0000000,
-0.2563864 -0.2634245 0.0000000,
-0.2593347 -0.2614784 0.0000000,
-0.2624455 -0.2598044 0.0000000,
-0.2656939 -0.2584159 0.0000000,
-0.2690537 -0.2573243 0.0000000,
-0.2724978 -0.2565382 0.0000000,
-0.2759985 -0.2560640 0.0000000,
-0.2795276 -0.2559055 0.0000000,
-0.3976378 -0.2559055 0.0000000,
-0.3976378 0.2559055 0.0000000,
-0.2795276 0.2559055 0.0000000,
-0.2759985 0.2560640 0.0000000,
-0.2724978 0.2565382 0.0000000,
-0.2690537 0.2573243 0.0000000,
-0.2656939 0.2584159 0.0000000,
-0.2624455 0.2598044 0.0000000,
-0.2593347 0.2614784 0.0000000,
-0.2563864 0.2634245 0.0000000,
-0.2536245 0.2656271 0.0000000,
-0.2510711 0.2680684 0.0000000,
-0.2487468 0.2707287 0.0000000,
-0.2466703 0.2735867 0.0000000,
-0.2448584 0.2766193 0.0000000,
-0.2433257 0.2798022 0.0000000,
-0.2420844 0.2831096 0.0000000,
-0.2411446 0.2865149 0.0000000,
-0.2405138 0.2899908 0.0000000,
-0.2401971 0.2935093 0.0000000,
-0.2401971 0.2970419 0.0000000,
-0.2405138 0.3005604 0.0000000,
-0.2411446 0.3040363 0.0000000,
-0.2420844 0.3074416 0.0000000,
-0.2433257 0.3107490 0.0000000,
-0.2448584 0.3139318 0.0000000,
-0.2466703 0.3169644 0.0000000,
-0.2487468 0.3198224 0.0000000,
-0.2510711 0.3224828 0.0000000,
-0.2536245 0.3249241 0.0000000,
-0.2563864 0.3271267 0.0000000,
-0.2593347 0.3290728 0.0000000,
-0.2624455 0.3307468 0.0000000,
-0.2656939 0.3321352 0.0000000,
-0.2690537 0.3332269 0.0000000,
-0.2724978 0.3340130 0.0000000,
-0.2759985 0.3344872 0.0000000,
-0.2795276 0.3346457 0.0000000,
-0.3976378 0.3346457 0.0000000,
-0.3976378 0.3346457 0.0787402,
-0.3976378 0.3346457 0.0000000,
-0.3976378 0.2559055 0.0787402,
-0.3976378 0.2559055 0.0000000,
-0.3976378 0.0590551 0.0000000,
-0.2795276 0.0590551 0.0000000,
-0.2759985 0.0592136 0.0000000,
-0.2724978 0.0596878 0.0000000,
-0.2690537 0.0604739 0.0000000,
-0.2656939 0.0615656 0.0000000,
-0.2624455 0.0629540 0.0000000,
-0.2593347 0.0646280 0.0000000,
-0.2563864 0.0665741 0.0000000,
-0.2536245 0.0687767 0.0000000,
-0.2510711 0.0712180 0.0000000,
-0.2487468 0.0738784 0.0000000,
-0.2466703 0.0767363 0.0000000,
-0.2448584 0.0797690 0.0000000,
-0.2433257 0.0829518 0.0000000,
-0.2420844 0.0862592 0.0000000,
-0.2411446 0.0896645 0.0000000,
-0.2405138 0.0931404 0.0000000,
-0.2401971 0.0966589 0.0000000,
-0.2401971 0.1001915 0.0000000,
-0.2405138 0.1037100 0.0000000,
-0.2411446 0.1071859 0.0000000,
-0.2420844 0.1105912 0.0000000,
-0.2433257 0.1138986 0.0000000,
-0.2448584 0.1170814 0.0000000,
-0.2466703 0.1201141 0.0000000,
-0.2487468 0.1229720 0.0000000,
-0.2510711 0.1256324 0.0000000,
-0.2536245 0.1280737 0.0000000,
-0.2563864 0.1302763 0.0000000,
-0.2593347 0.1322224 0.0000000,
-0.2624455 0.1338964 0.0000000,
-0.2656939 0.1352848 0.0000000,
-0.2690537 0.1363765 0.0000000,
-0.2724978 0.1371626 0.0000000,
-0.2759985 0.1376368 0.0000000,
-0.2795276 0.1377953 0.0000000,
-0.3976378 0.1377953 0.0000000,
-0.3976378 0.1377953 0.0787402,
-0.3976378 0.1377953 0.0000000,
-0.3976378 0.0590551 0.0787402,
-0.3976378 0.0590551 0.0000000,
-0.3976378 -0.1377953 0.0000000,
-0.2795276 -0.1377953 0.0000000,
-0.2759985 -0.1376368 0.0000000,
-0.2724978 -0.1371626 0.0000000,
-0.2690537 -0.1363765 0.0000000,
-0.2656939 -0.1352848 0.0000000,
-0.2624455 -0.1338964 0.0000000,
-0.2593347 -0.1322224 0.0000000,
-0.2563864 -0.1302763 0.0000000,
-0.2536245 -0.1280737 0.0000000,
-0.2510711 -0.1256324 0.0000000,
-0.2487468 -0.1229720 0.0000000,
-0.2466703 -0.1201141 0.0000000,
-0.2448584 -0.1170814 0.0000000,
-0.2433257 -0.1138986 0.0000000,
-0.2420844 -0.1105912 0.0000000,
-0.2411446 -0.1071859 0.0000000,
-0.2405138 -0.1037100 0.0000000,
-0.2401971 -0.1001915 0.0000000,
-0.2401971 -0.0966589 0.0000000,
-0.2405138 -0.0931404 0.0000000,
-0.2411446 -0.0896645 0.0000000,
-0.2420844 -0.0862592 0.0000000,
-0.2433257 -0.0829518 0.0000000,
-0.2448584 -0.0797690 0.0000000,
-0.2466703 -0.0767363 0.0000000,
-0.2487468 -0.0738784 0.0000000,
-0.2510711 -0.0712180 0.0000000,
-0.2536245 -0.0687767 0.0000000,
-0.2563864 -0.0665741 0.0000000,
-0.2593347 -0.0646280 0.0000000,
-0.2624455 -0.0629540 0.0000000,
-0.2656939 -0.0615656 0.0000000,
-0.2690537 -0.0604739 0.0000000,
-0.2724978 -0.0596878 0.0000000,
-0.2759985 -0.0592136 0.0000000,
-0.2795276 -0.0590551 0.0000000,
-0.3976378 -0.0590551 0.0000000,
-0.3976378 -0.0590551 0.0787402,
-0.3976378 -0.0590551 0.0000000,
-0.3976378 -0.1377953 0.0787402,
-0.3976378 -0.1377953 0.0000000,
0.0726984 0.3546849 0.0000000,
-0.1514385 0.3546849 0.0000000,
0.1514385 0.2759448 0.0000000,
0.1514385 -0.3546849 0.0000000,
-0.1514385 -0.3546849 0.0000000,
0.0292998 0.0933803 0.0000000,
0.0292998 0.1013023 0.0000000,
-0.0297553 0.1243482 0.0000000,
-0.0297553 0.1157060 0.0000000,
-0.0131911 0.1097307 0.0000000,
-0.0131911 0.0853345 0.0000000,
-0.0297553 0.0796968 0.0000000,
-0.0297553 0.0710546 0.0000000,
0.0005149 0.0667335 0.0000000,
-0.0035741 0.0665303 0.0000000,
-0.0065267 0.0660853 0.0000000,
-0.0092143 0.0654394 0.0000000,
-0.0115732 0.0646484 0.0000000,
-0.0136275 0.0637566 0.0000000,
-0.0154035 0.0628040 0.0000000,
-0.0171008 0.0617167 0.0000000,
-0.0187147 0.0605093 0.0000000,
-0.0202344 0.0591855 0.0000000,
-0.0216523 0.0577531 0.0000000,
-0.0229668 0.0562254 0.0000000,
-0.0241816 0.0546168 0.0000000,
-0.0252841 0.0529299 0.0000000,
-0.0262573 0.0511649 0.0000000,
-0.0271041 0.0493359 0.0000000,
-0.0278306 0.0474559 0.0000000,
-0.0284381 0.0455341 0.0000000,
-0.0289181 0.0435772 0.0000000,
-0.0292833 0.0415946 0.0000000,
-0.0295472 0.0395962 0.0000000,
-0.0296996 0.0374308 0.0000000,
-0.0297553 0.0352592 0.0000000,
-0.0297553 0.0192013 0.0000000,
0.0292998 0.0192013 0.0000000,
0.0292998 0.0358668 0.0000000,
0.0291204 0.0398143 0.0000000,
0.0287401 0.0426704 0.0000000,
0.0280980 0.0455640 0.0000000,
0.0272086 0.0483913 0.0000000,
0.0261827 0.0508539 0.0000000,
0.0250696 0.0529814 0.0000000,
0.0237860 0.0550106 0.0000000,
0.0223448 0.0569311 0.0000000,
0.0207535 0.0587294 0.0000000,
0.0191939 0.0602254 0.0000000,
0.0175637 0.0615503 0.0000000,
0.0158792 0.0627046 0.0000000,
0.0141555 0.0636883 0.0000000,
0.0122103 0.0645890 0.0000000,
0.0101961 0.0653222 0.0000000,
0.0081301 0.0658920 0.0000000,
0.0060276 0.0663116 0.0000000,
0.0039015 0.0665830 0.0000000,
0.0022101 0.0666867 0.0000000,
-0.0232737 -0.0160877 0.0000000,
-0.0232737 0.0076784 0.0000000,
-0.0297553 0.0076784 0.0000000,
-0.0297553 -0.0240097 0.0000000,
0.0292998 -0.0240097 0.0000000,
0.0292998 0.0062380 0.0000000,
0.0228181 0.0062380 0.0000000,
0.0228181 -0.0160877 0.0000000,
0.0033731 -0.0160877 0.0000000,
0.0033731 0.0047976 0.0000000,
-0.0031085 0.0047976 0.0000000,
-0.0031085 -0.0160877 0.0000000,
-0.0239939 -0.0506903 0.0000000,
-0.0239071 -0.0480573 0.0000000,
-0.0236208 -0.0454381 0.0000000,
-0.0231839 -0.0431079 0.0000000,
-0.0226334 -0.0410459 0.0000000,
-0.0219217 -0.0390342 0.0000000,
-0.0211381 -0.0372488 0.0000000,
-0.0202129 -0.0355327 0.0000000,
-0.0266946 -0.0355327 0.0000000,
-0.0273808 -0.0368051 0.0000000,
-0.0278521 -0.0377833 0.0000000,
-0.0286896 -0.0399025 0.0000000,
-0.0292887 -0.0418632 0.0000000,
-0.0297526 -0.0438609 0.0000000,
-0.0300922 -0.0458828 0.0000000,
-0.0303726 -0.0486027 0.0000000,
-0.0304485 -0.0501912 0.0000000,
-0.0304755 -0.0517819 0.0000000,
-0.0302898 -0.0555539 0.0000000,
-0.0299366 -0.0580073 0.0000000,
-0.0293598 -0.0604909 0.0000000,
-0.0286559 -0.0626754 0.0000000,
-0.0278532 -0.0645783 0.0000000,
-0.0268101 -0.0665507 0.0000000,
-0.0257499 -0.0681887 0.0000000,
-0.0244803 -0.0698181 0.0000000,
-0.0228797 -0.0715542 0.0000000,
-0.0213071 -0.0729831 0.0000000,
-0.0195991 -0.0742920 0.0000000,
-0.0177368 -0.0754883 0.0000000,
-0.0158109 -0.0765066 0.0000000,
-0.0137487 -0.0773843 0.0000000,
-0.0114219 -0.0781540 0.0000000,
-0.0086961 -0.0787981 0.0000000,
-0.0059265 -0.0792230 0.0000000,
-0.0036380 -0.0794034 0.0000000,
-0.0013418 -0.0794639 0.0000000,
0.0027187 -0.0792782 0.0000000,
0.0056569 -0.0788872 0.0000000,
0.0083395 -0.0783086 0.0000000,
0.0107029 -0.0775911 0.0000000,
0.0130033 -0.0766908 0.0000000,
0.0152190 -0.0756000 0.0000000,
0.0173298 -0.0743167 0.0000000,
0.0191264 -0.0730074 0.0000000,
0.0206475 -0.0717074 0.0000000,
0.0220736 -0.0703040 0.0000000,
0.0234048 -0.0688101 0.0000000,
0.0246376 -0.0672338 0.0000000,
0.0257481 -0.0655700 0.0000000,
0.0267299 -0.0638261 0.0000000,
0.0275904 -0.0620195 0.0000000,
0.0283144 -0.0601546 0.0000000,
0.0289010 -0.0582414 0.0000000,
0.0293604 -0.0562941 0.0000000,
0.0296982 -0.0543215 0.0000000,
0.0299356 -0.0518813 0.0000000,
0.0300200 -0.0494300 0.0000000,
0.0298554 -0.0451785 0.0000000,
0.0294910 -0.0420983 0.0000000,
0.0289934 -0.0395618 0.0000000,
0.0284224 -0.0375188 0.0000000,
0.0276794 -0.0355327 0.0000000,
0.0197573 -0.0355327 0.0000000,
0.0209154 -0.0376565 0.0000000,
0.0218662 -0.0398815 0.0000000,
0.0225413 -0.0419513 0.0000000,
0.0230345 -0.0440095 0.0000000,
0.0233751 -0.0462700 0.0000000,
0.0234989 -0.0478138 0.0000000,
0.0235383 -0.0493625 0.0000000,
0.0234008 -0.0521434 0.0000000,
0.0231017 -0.0541521 0.0000000,
0.0226813 -0.0559847 0.0000000,
0.0221139 -0.0576977 0.0000000,
0.0213472 -0.0594728 0.0000000,
0.0204787 -0.0610516 0.0000000,
0.0194269 -0.0625954 0.0000000,
0.0182092 -0.0640786 0.0000000,
0.0168558 -0.0654464 0.0000000,
0.0153727 -0.0667016 0.0000000,
0.0137774 -0.0678056 0.0000000,
0.0119807 -0.0688268 0.0000000,
0.0102652 -0.0696022 0.0000000,
0.0083112 -0.0702859 0.0000000,
0.0062514 -0.0708252 0.0000000,
0.0037019 -0.0712645 0.0000000,
0.0014260 -0.0714675 0.0000000,
-0.0008579 -0.0715419 0.0000000,
-0.0037804 -0.0714276 0.0000000,
-0.0063928 -0.0711025 0.0000000,
-0.0087099 -0.0706086 0.0000000,
-0.0105464 -0.0700511 0.0000000,
-0.0123064 -0.0693506 0.0000000,
-0.0140435 -0.0684717 0.0000000,
-0.0156928 -0.0674288 0.0000000,
-0.0170971 -0.0663453 0.0000000,
-0.0184120 -0.0651290 0.0000000,
-0.0196108 -0.0638015 0.0000000,
-0.0207477 -0.0622732 0.0000000,
-0.0216878 -0.0607022 0.0000000,
-0.0224261 -0.0591386 0.0000000,
-0.0230797 -0.0573065 0.0000000,
-0.0235188 -0.0555516 0.0000000,
-0.0238307 -0.0535950 0.0000000,
-0.0239452 -0.0521450 0.0000000,
-0.0232737 -0.1068309 0.0000000,
-0.0232737 -0.0845052 0.0000000,
-0.0297553 -0.0845052 0.0000000,
-0.0297553 -0.1147530 0.0000000,
0.0292998 -0.1147530 0.0000000,
0.0292998 -0.1068309 0.0000000,
0.0179569 0.0961373 0.0000000,
-0.0067094 0.0873263 0.0000000,
-0.0067094 0.1070751 0.0000000,
0.0179569 0.0981853 0.0000000,
0.0194923 0.0977674 0.0000000,
0.0220979 0.0972738 0.0000000,
0.0220979 0.0970825 0.0000000,
0.0200050 0.0967056 0.0000000,
0.0189801 0.0964571 0.0000000,
0.0003461 0.0588115 0.0000000,
0.0033869 0.0586854 0.0000000,
0.0058333 0.0583792 0.0000000,
0.0078435 0.0579540 0.0000000,
0.0097529 0.0573692 0.0000000,
0.0115516 0.0566382 0.0000000,
0.0132101 0.0557602 0.0000000,
0.0148070 0.0546777 0.0000000,
0.0161545 0.0535328 0.0000000,
0.0173786 0.0522507 0.0000000,
0.0184878 0.0508459 0.0000000,
0.0194743 0.0493553 0.0000000,
0.0203777 0.0476799 0.0000000,
0.0211641 0.0458404 0.0000000,
0.0218041 0.0438842 0.0000000,
0.0222682 0.0419127 0.0000000,
0.0225176 0.0404047 0.0000000,
0.0226878 0.0388859 0.0000000,
0.0228181 0.0358331 0.0000000,
0.0228181 0.0271233 0.0000000,
-0.0232737 0.0271233 0.0000000,
-0.0232737 0.0355067 0.0000000,
-0.0231351 0.0386433 0.0000000,
-0.0228007 0.0411648 0.0000000,
-0.0222931 0.0434644 0.0000000,
-0.0217212 0.0452844 0.0000000,
-0.0210020 0.0470129 0.0000000,
-0.0201008 0.0487308 0.0000000,
-0.0191234 0.0502357 0.0000000,
-0.0179717 0.0516761 0.0000000,
-0.0166809 0.0529995 0.0000000,
-0.0152598 0.0542100 0.0000000,
-0.0137335 0.0552806 0.0000000,
-0.0121801 0.0561636 0.0000000,
-0.0104148 0.0569635 0.0000000,
-0.0085246 0.0576211 0.0000000,
-0.0065301 0.0581327 0.0000000,
-0.0040636 0.0585499 0.0000000,
-0.0018624 0.0587405 0.0000000,
] } coordIndex [
0,2,3,-1,
0,3,1,-1,
6,5,4,-1,
6,9,5,-1,
8,6,7,-1,
8,9,6,-1,
10,12,13,-1,
10,13,14,-1,
15,11,10,-1,
15,10,14,-1,
16,18,19,-1,
16,19,17,-1,
22,21,20,-1,
22,25,21,-1,
24,22,23,-1,
24,25,22,-1,
26,28,29,-1,
26,29,30,-1,
31,27,26,-1,
31,26,30,-1,
32,34,35,-1,
32,35,33,-1,
38,37,36,-1,
38,41,37,-1,
40,38,39,-1,
40,41,38,-1,
42,44,45,-1,
42,45,46,-1,
47,43,42,-1,
47,42,46,-1,
48,50,51,-1,
48,51,49,-1,
54,53,52,-1,
54,57,53,-1,
56,54,55,-1,
56,57,54,-1,
58,60,61,-1,
62,58,61,-1,
63,59,58,-1,
63,58,62,-1,
65,64,69,-1,
65,69,66,-1,
69,68,67,-1,
66,69,67,-1,
70,75,74,-1,
70,74,71,-1,
74,73,72,-1,
71,74,72,-1,
76,78,79,-1,
76,79,77,-1,
81,80,85,-1,
82,81,85,-1,
85,84,83,-1,
82,85,83,-1,
86,91,90,-1,
86,90,87,-1,
90,89,88,-1,
87,90,88,-1,
92,94,95,-1,
92,95,93,-1,
97,96,101,-1,
98,97,101,-1,
101,100,99,-1,
98,101,99,-1,
102,107,106,-1,
102,106,103,-1,
106,105,104,-1,
103,106,104,-1,
108,110,111,-1,
108,111,109,-1,
113,112,117,-1,
114,113,117,-1,
117,116,115,-1,
114,117,115,-1,
118,123,122,-1,
118,122,119,-1,
122,121,120,-1,
119,122,120,-1,
124,126,127,-1,
124,127,125,-1,
128,130,131,-1,
128,131,129,-1,
153,133,132,-1,
153,132,134,-1,
154,134,135,-1,
154,153,134,-1,
155,135,136,-1,
155,154,135,-1,
156,136,137,-1,
156,155,136,-1,
157,137,138,-1,
157,156,137,-1,
158,138,139,-1,
158,157,138,-1,
159,139,140,-1,
159,158,139,-1,
160,140,141,-1,
160,159,140,-1,
161,141,142,-1,
161,160,141,-1,
162,142,143,-1,
162,161,142,-1,
163,143,144,-1,
163,162,143,-1,
164,144,145,-1,
164,163,144,-1,
165,145,146,-1,
165,164,145,-1,
166,146,147,-1,
166,165,146,-1,
167,166,147,-1,
167,147,148,-1,
168,167,148,-1,
168,148,149,-1,
169,168,149,-1,
169,149,150,-1,
152,169,150,-1,
152,150,151,-1,
188,189,187,-1,
185,186,184,-1,
186,187,184,-1,
182,183,181,-1,
183,184,180,-1,
181,183,180,-1,
178,179,177,-1,
179,180,177,-1,
175,176,174,-1,
170,171,190,-1,
171,208,190,-1,
206,207,205,-1,
193,194,195,-1,
203,204,202,-1,
204,205,202,-1,
195,196,197,-1,
172,173,199,-1,
173,174,199,-1,
176,177,199,-1,
189,170,199,-1,
190,191,199,-1,
191,192,199,-1,
192,193,199,-1,
197,198,199,-1,
200,201,199,-1,
201,202,199,-1,
207,172,199,-1,
187,189,199,-1,
180,184,199,-1,
184,187,199,-1,
177,180,199,-1,
193,195,199,-1,
174,176,199,-1,
170,190,199,-1,
205,207,199,-1,
202,205,199,-1,
195,197,199,-1,
230,209,210,-1,
230,229,209,-1,
231,210,211,-1,
231,230,210,-1,
232,211,212,-1,
232,231,211,-1,
233,212,213,-1,
233,232,212,-1,
234,213,214,-1,
234,233,213,-1,
235,214,215,-1,
235,234,214,-1,
236,215,216,-1,
236,235,215,-1,
237,216,217,-1,
237,236,216,-1,
238,217,218,-1,
238,237,217,-1,
239,218,219,-1,
239,238,218,-1,
240,219,220,-1,
240,239,219,-1,
241,220,221,-1,
241,240,220,-1,
242,221,222,-1,
242,241,221,-1,
243,222,223,-1,
243,242,222,-1,
244,243,223,-1,
244,223,224,-1,
245,244,224,-1,
245,224,225,-1,
246,245,225,-1,
246,225,226,-1,
228,246,226,-1,
228,226,227,-1,
317,282,281,-1,
317,318,282,-1,
316,281,280,-1,
316,317,281,-1,
315,280,279,-1,
315,316,280,-1,
314,279,278,-1,
314,315,279,-1,
313,278,277,-1,
313,314,278,-1,
312,313,277,-1,
312,277,276,-1,
311,312,276,-1,
311,276,275,-1,
310,311,275,-1,
310,275,274,-1,
309,310,274,-1,
309,274,273,-1,
308,309,273,-1,
308,273,272,-1,
307,308,272,-1,
307,272,271,-1,
306,271,270,-1,
306,307,271,-1,
305,270,269,-1,
305,306,270,-1,
304,269,268,-1,
304,305,269,-1,
303,268,267,-1,
303,304,268,-1,
302,267,266,-1,
302,303,267,-1,
301,266,265,-1,
301,302,266,-1,
300,265,264,-1,
300,301,265,-1,
299,264,263,-1,
299,300,264,-1,
298,263,262,-1,
298,299,263,-1,
297,262,261,-1,
297,298,262,-1,
296,261,260,-1,
296,297,261,-1,
295,260,259,-1,
295,296,260,-1,
294,259,258,-1,
294,295,259,-1,
293,258,257,-1,
293,294,258,-1,
292,257,256,-1,
292,293,257,-1,
291,256,255,-1,
291,292,256,-1,
290,255,254,-1,
290,291,255,-1,
289,254,253,-1,
289,290,254,-1,
288,253,252,-1,
288,289,253,-1,
287,252,251,-1,
287,288,252,-1,
286,287,251,-1,
286,251,250,-1,
285,286,250,-1,
285,250,249,-1,
284,249,248,-1,
284,285,249,-1,
283,248,247,-1,
283,284,248,-1,
389,354,353,-1,
389,390,354,-1,
388,353,352,-1,
388,389,353,-1,
387,352,351,-1,
387,388,352,-1,
386,351,350,-1,
386,387,351,-1,
385,350,349,-1,
385,386,350,-1,
384,385,349,-1,
384,349,348,-1,
383,384,348,-1,
383,348,347,-1,
382,383,347,-1,
382,347,346,-1,
381,382,346,-1,
381,346,345,-1,
380,381,345,-1,
380,345,344,-1,
379,380,344,-1,
379,344,343,-1,
378,343,342,-1,
378,379,343,-1,
377,342,341,-1,
377,378,342,-1,
376,341,340,-1,
376,377,341,-1,
375,340,339,-1,
375,376,340,-1,
374,339,338,-1,
374,375,339,-1,
373,338,337,-1,
373,374,338,-1,
372,337,336,-1,
372,373,337,-1,
371,336,335,-1,
371,372,336,-1,
370,335,334,-1,
370,371,335,-1,
369,334,333,-1,
369,370,334,-1,
368,333,332,-1,
368,369,333,-1,
367,332,331,-1,
367,368,332,-1,
366,331,330,-1,
366,367,331,-1,
365,330,329,-1,
365,366,330,-1,
364,329,328,-1,
364,365,329,-1,
363,328,327,-1,
363,364,328,-1,
362,327,326,-1,
362,363,327,-1,
361,326,325,-1,
361,362,326,-1,
360,325,324,-1,
360,361,325,-1,
359,324,323,-1,
359,360,324,-1,
358,359,323,-1,
358,323,322,-1,
357,358,322,-1,
357,322,321,-1,
356,321,320,-1,
356,357,321,-1,
355,320,319,-1,
355,356,320,-1,
461,426,425,-1,
461,462,426,-1,
460,425,424,-1,
460,461,425,-1,
459,424,423,-1,
459,460,424,-1,
458,423,422,-1,
458,459,423,-1,
457,422,421,-1,
457,458,422,-1,
456,457,421,-1,
456,421,420,-1,
455,456,420,-1,
455,420,419,-1,
454,455,419,-1,
454,419,418,-1,
453,454,418,-1,
453,418,417,-1,
452,453,417,-1,
452,417,416,-1,
451,452,416,-1,
451,416,415,-1,
450,415,414,-1,
450,451,415,-1,
449,414,413,-1,
449,450,414,-1,
448,413,412,-1,
448,449,413,-1,
447,412,411,-1,
447,448,412,-1,
446,411,410,-1,
446,447,411,-1,
445,410,409,-1,
445,446,410,-1,
444,409,408,-1,
444,445,409,-1,
443,408,407,-1,
443,444,408,-1,
442,407,406,-1,
442,443,407,-1,
441,406,405,-1,
441,442,406,-1,
440,405,404,-1,
440,441,405,-1,
439,404,403,-1,
439,440,404,-1,
438,403,402,-1,
438,439,403,-1,
437,402,401,-1,
437,438,402,-1,
436,401,400,-1,
436,437,401,-1,
435,400,399,-1,
435,436,400,-1,
434,399,398,-1,
434,435,399,-1,
433,398,397,-1,
433,434,398,-1,
432,397,396,-1,
432,433,397,-1,
431,396,395,-1,
431,432,396,-1,
430,431,395,-1,
430,395,394,-1,
429,430,394,-1,
429,394,393,-1,
428,393,392,-1,
428,429,393,-1,
427,392,391,-1,
427,428,392,-1,
533,498,497,-1,
533,534,498,-1,
532,497,496,-1,
532,533,497,-1,
531,496,495,-1,
531,532,496,-1,
530,495,494,-1,
530,531,495,-1,
529,494,493,-1,
529,530,494,-1,
528,529,493,-1,
528,493,492,-1,
527,528,492,-1,
527,492,491,-1,
526,527,491,-1,
526,491,490,-1,
525,526,490,-1,
525,490,489,-1,
524,525,489,-1,
524,489,488,-1,
523,524,488,-1,
523,488,487,-1,
522,487,486,-1,
522,523,487,-1,
521,486,485,-1,
521,522,486,-1,
520,485,484,-1,
520,521,485,-1,
519,484,483,-1,
519,520,484,-1,
518,483,482,-1,
518,519,483,-1,
517,482,481,-1,
517,518,482,-1,
516,481,480,-1,
516,517,481,-1,
515,480,479,-1,
515,516,480,-1,
514,479,478,-1,
514,515,479,-1,
513,478,477,-1,
513,514,478,-1,
512,477,476,-1,
512,513,477,-1,
511,476,475,-1,
511,512,476,-1,
510,475,474,-1,
510,511,475,-1,
509,474,473,-1,
509,510,474,-1,
508,473,472,-1,
508,509,473,-1,
507,472,471,-1,
507,508,472,-1,
506,471,470,-1,
506,507,471,-1,
505,470,469,-1,
505,506,470,-1,
504,469,468,-1,
504,505,469,-1,
503,468,467,-1,
503,504,468,-1,
502,503,467,-1,
502,467,466,-1,
501,502,466,-1,
501,466,465,-1,
500,465,464,-1,
500,501,465,-1,
499,464,463,-1,
499,500,464,-1,
556,536,535,-1,
556,535,537,-1,
557,537,538,-1,
557,556,537,-1,
558,538,539,-1,
558,557,538,-1,
559,539,540,-1,
559,558,539,-1,
560,540,541,-1,
560,559,540,-1,
561,541,542,-1,
561,560,541,-1,
562,542,543,-1,
562,561,542,-1,
563,543,544,-1,
563,562,543,-1,
564,544,545,-1,
564,563,544,-1,
565,545,546,-1,
565,564,545,-1,
566,546,547,-1,
566,565,546,-1,
567,547,548,-1,
567,566,547,-1,
568,548,549,-1,
568,567,548,-1,
569,549,550,-1,
569,568,549,-1,
570,569,550,-1,
570,550,551,-1,
571,570,551,-1,
571,551,552,-1,
572,571,552,-1,
572,552,553,-1,
555,572,553,-1,
555,553,554,-1,
594,573,574,-1,
594,593,573,-1,
595,574,575,-1,
595,594,574,-1,
596,575,576,-1,
596,595,575,-1,
597,576,577,-1,
597,596,576,-1,
598,577,578,-1,
598,597,577,-1,
599,578,579,-1,
599,598,578,-1,
600,579,580,-1,
600,599,579,-1,
601,580,581,-1,
601,600,580,-1,
602,581,582,-1,
602,601,581,-1,
603,582,583,-1,
603,602,582,-1,
604,583,584,-1,
604,603,583,-1,
605,584,585,-1,
605,604,584,-1,
606,585,586,-1,
606,605,585,-1,
607,586,587,-1,
607,606,586,-1,
608,607,587,-1,
608,587,588,-1,
609,608,588,-1,
609,588,589,-1,
610,609,589,-1,
610,589,590,-1,
592,610,590,-1,
592,590,591,-1,
632,612,611,-1,
632,611,613,-1,
633,613,614,-1,
633,632,613,-1,
634,614,615,-1,
634,633,614,-1,
635,615,616,-1,
635,634,615,-1,
636,616,617,-1,
636,635,616,-1,
637,617,618,-1,
637,636,617,-1,
638,618,619,-1,
638,637,618,-1,
639,619,620,-1,
639,638,619,-1,
640,620,621,-1,
640,639,620,-1,
641,621,622,-1,
641,640,621,-1,
642,622,623,-1,
642,641,622,-1,
643,623,624,-1,
643,642,623,-1,
644,624,625,-1,
644,643,624,-1,
645,625,626,-1,
645,644,625,-1,
646,645,626,-1,
646,626,627,-1,
647,646,627,-1,
647,627,628,-1,
648,647,628,-1,
648,628,629,-1,
631,648,629,-1,
631,629,630,-1,
670,649,650,-1,
670,669,649,-1,
671,650,651,-1,
671,670,650,-1,
672,651,652,-1,
672,671,651,-1,
673,652,653,-1,
673,672,652,-1,
674,653,654,-1,
674,673,653,-1,
675,654,655,-1,
675,674,654,-1,
676,655,656,-1,
676,675,655,-1,
677,656,657,-1,
677,676,656,-1,
678,657,658,-1,
678,677,657,-1,
679,658,659,-1,
679,678,658,-1,
680,659,660,-1,
680,679,659,-1,
681,660,661,-1,
681,680,660,-1,
682,661,662,-1,
682,681,661,-1,
683,662,663,-1,
683,682,662,-1,
684,683,663,-1,
684,663,664,-1,
685,684,664,-1,
685,664,665,-1,
686,685,665,-1,
686,665,666,-1,
668,686,666,-1,
668,666,667,-1,
708,688,687,-1,
708,687,689,-1,
709,689,690,-1,
709,708,689,-1,
710,690,691,-1,
710,709,690,-1,
711,691,692,-1,
711,710,691,-1,
712,692,693,-1,
712,711,692,-1,
713,693,694,-1,
713,712,693,-1,
714,694,695,-1,
714,713,694,-1,
715,695,696,-1,
715,714,695,-1,
716,696,697,-1,
716,715,696,-1,
717,697,698,-1,
717,716,697,-1,
718,698,699,-1,
718,717,698,-1,
719,699,700,-1,
719,718,699,-1,
720,700,701,-1,
720,719,700,-1,
721,701,702,-1,
721,720,701,-1,
722,721,702,-1,
722,702,703,-1,
723,722,703,-1,
723,703,704,-1,
724,723,704,-1,
724,704,705,-1,
707,724,705,-1,
707,705,706,-1,
746,725,726,-1,
746,745,725,-1,
747,726,727,-1,
747,746,726,-1,
748,727,728,-1,
748,747,727,-1,
749,728,729,-1,
749,748,728,-1,
750,729,730,-1,
750,749,729,-1,
751,730,731,-1,
751,750,730,-1,
752,731,732,-1,
752,751,731,-1,
753,732,733,-1,
753,752,732,-1,
754,733,734,-1,
754,753,733,-1,
755,734,735,-1,
755,754,734,-1,
756,735,736,-1,
756,755,735,-1,
757,736,737,-1,
757,756,736,-1,
758,737,738,-1,
758,757,737,-1,
759,738,739,-1,
759,758,738,-1,
760,759,739,-1,
760,739,740,-1,
761,760,740,-1,
761,740,741,-1,
762,761,741,-1,
762,741,742,-1,
744,762,742,-1,
744,742,743,-1,
765,764,763,-1,
766,765,763,-1,
767,768,769,-1,
768,770,769,-1,
772,771,773,-1,
771,774,773,-1,
776,775,777,-1,
775,778,777,-1,
780,779,781,-1,
779,782,781,-1,
801,802,800,-1,
798,799,797,-1,
799,800,797,-1,
795,796,794,-1,
796,797,793,-1,
794,796,793,-1,
791,792,790,-1,
792,793,790,-1,
788,789,787,-1,
783,784,803,-1,
784,821,803,-1,
819,820,818,-1,
806,807,808,-1,
816,817,815,-1,
817,818,815,-1,
808,809,810,-1,
785,786,812,-1,
786,787,812,-1,
789,790,812,-1,
802,783,812,-1,
803,804,812,-1,
804,805,812,-1,
805,806,812,-1,
810,811,812,-1,
813,814,812,-1,
814,815,812,-1,
820,785,812,-1,
800,802,812,-1,
793,797,812,-1,
797,800,812,-1,
790,793,812,-1,
806,808,812,-1,
787,789,812,-1,
783,803,812,-1,
818,820,812,-1,
815,818,812,-1,
808,810,812,-1,
822,824,825,-1,
822,825,823,-1,
844,845,843,-1,
842,843,841,-1,
840,841,839,-1,
838,839,837,-1,
834,835,833,-1,
835,836,833,-1,
826,827,846,-1,
827,864,846,-1,
849,850,851,-1,
859,860,858,-1,
860,861,858,-1,
852,853,854,-1,
828,829,855,-1,
829,830,855,-1,
849,851,855,-1,
858,861,855,-1,
830,831,855,-1,
831,832,855,-1,
832,833,855,-1,
836,837,855,-1,
845,826,855,-1,
846,847,855,-1,
847,848,855,-1,
848,849,855,-1,
851,852,855,-1,
856,857,855,-1,
857,858,855,-1,
861,862,855,-1,
862,863,855,-1,
863,828,855,-1,
843,845,855,-1,
839,841,855,-1,
841,843,855,-1,
837,839,855,-1,
826,846,855,-1,
833,836,855,-1,
852,854,855,-1,
865,867,868,-1,
865,868,866,-1,
887,888,886,-1,
884,885,883,-1,
885,886,883,-1,
881,882,880,-1,
882,883,879,-1,
880,882,879,-1,
877,878,876,-1,
878,879,876,-1,
874,875,873,-1,
869,870,889,-1,
870,907,889,-1,
905,906,904,-1,
892,893,894,-1,
902,903,901,-1,
903,904,901,-1,
894,895,896,-1,
871,872,898,-1,
872,873,898,-1,
875,876,898,-1,
888,869,898,-1,
889,890,898,-1,
890,891,898,-1,
891,892,898,-1,
896,897,898,-1,
899,900,898,-1,
900,901,898,-1,
906,871,898,-1,
886,888,898,-1,
879,883,898,-1,
883,886,898,-1,
876,879,898,-1,
892,894,898,-1,
873,875,898,-1,
869,889,898,-1,
904,906,898,-1,
901,904,898,-1,
894,896,898,-1,
908,910,911,-1,
908,911,909,-1,
914,912,913,-1,
915,914,913,-1,
922,921,923,-1,
923,921,924,-1,
924,921,925,-1,
925,921,926,-1,
917,916,952,-1,
916,953,952,-1,
934,933,935,-1,
952,951,950,-1,
950,949,948,-1,
937,936,939,-1,
938,937,939,-1,
940,939,941,-1,
936,935,942,-1,
939,936,942,-1,
941,939,942,-1,
918,917,943,-1,
919,918,943,-1,
920,919,943,-1,
921,920,943,-1,
942,935,943,-1,
927,926,943,-1,
928,927,943,-1,
929,928,943,-1,
930,929,943,-1,
931,930,943,-1,
932,931,943,-1,
933,932,943,-1,
945,944,943,-1,
946,945,943,-1,
947,946,943,-1,
948,947,943,-1,
926,921,943,-1,
952,950,943,-1,
950,948,943,-1,
917,952,943,-1,
935,933,943,-1,
960,959,961,-1,
961,959,962,-1,
962,959,963,-1,
963,959,964,-1,
955,954,990,-1,
954,991,990,-1,
972,971,973,-1,
989,988,987,-1,
975,974,977,-1,
976,975,977,-1,
987,986,985,-1,
978,977,979,-1,
974,973,980,-1,
979,977,980,-1,
977,974,980,-1,
956,955,981,-1,
957,956,981,-1,
958,957,981,-1,
959,958,981,-1,
980,973,981,-1,
965,964,981,-1,
966,965,981,-1,
967,966,981,-1,
968,967,981,-1,
969,968,981,-1,
970,969,981,-1,
971,970,981,-1,
983,982,981,-1,
984,983,981,-1,
985,984,981,-1,
990,989,981,-1,
964,959,981,-1,
955,990,981,-1,
973,971,981,-1,
989,987,981,-1,
987,985,981,-1,
994,992,993,-1,
995,994,993,-1,
998,997,999,-1,
999,997,1000,-1,
1001,1000,1003,-1,
1002,1001,1003,-1,
1004,1003,1005,-1,
1006,1005,1007,-1,
1005,1003,1007,-1,
1008,1007,1009,-1,
997,996,1032,-1,
996,1033,1032,-1,
1015,1014,1017,-1,
1016,1015,1017,-1,
1031,1030,1029,-1,
1029,1028,1027,-1,
1018,1017,1021,-1,
1019,1018,1021,-1,
1020,1019,1021,-1,
1021,1017,1023,-1,
1010,1009,1023,-1,
1011,1010,1023,-1,
1012,1011,1023,-1,
1013,1012,1023,-1,
1014,1013,1023,-1,
1022,1021,1023,-1,
1025,1024,1023,-1,
1026,1025,1023,-1,
1027,1026,1023,-1,
1032,1031,1023,-1,
1000,997,1023,-1,
1003,1000,1023,-1,
1009,1007,1023,-1,
1007,1003,1023,-1,
997,1032,1023,-1,
1017,1014,1023,-1,
1031,1029,1023,-1,
1029,1027,1023,-1,
1036,1034,1035,-1,
1037,1036,1035,-1,
1040,1039,1041,-1,
1041,1039,1042,-1,
1043,1042,1045,-1,
1044,1043,1045,-1,
1046,1045,1047,-1,
1048,1047,1049,-1,
1047,1045,1049,-1,
1050,1049,1051,-1,
1039,1038,1074,-1,
1038,1075,1074,-1,
1057,1056,1059,-1,
1058,1057,1059,-1,
1073,1072,1071,-1,
1071,1070,1069,-1,
1060,1059,1063,-1,
1061,1060,1063,-1,
1062,1061,1063,-1,
1063,1059,1065,-1,
1052,1051,1065,-1,
1053,1052,1065,-1,
1054,1053,1065,-1,
1055,1054,1065,-1,
1056,1055,1065,-1,
1064,1063,1065,-1,
1067,1066,1065,-1,
1068,1067,1065,-1,
1069,1068,1065,-1,
1074,1073,1065,-1,
1042,1039,1065,-1,
1045,1042,1065,-1,
1051,1049,1065,-1,
1049,1045,1065,-1,
1039,1074,1065,-1,
1059,1056,1065,-1,
1073,1071,1065,-1,
1071,1069,1065,-1,
1078,1076,1077,-1,
1079,1078,1077,-1,
1260,1083,1084,-1,
1261,1083,1260,-1,
1195,1196,1261,-1,
1197,1261,1196,-1,
1194,1195,1261,-1,
1198,1261,1197,-1,
1193,1194,1261,-1,
1199,1261,1198,-1,
1192,1193,1261,-1,
1200,1261,1199,-1,
1191,1192,1261,-1,
1201,1261,1200,-1,
1202,1261,1201,-1,
1190,1191,1261,-1,
1203,1261,1202,-1,
1189,1190,1261,-1,
1204,1261,1203,-1,
1259,1260,1084,-1,
1188,1189,1261,-1,
1205,1261,1204,-1,
1187,1188,1261,-1,
1187,1261,1256,-1,
1206,1261,1205,-1,
1206,1083,1261,-1,
1231,1229,1230,-1,
1225,1226,1227,-1,
1224,1225,1227,-1,
1207,1083,1206,-1,
1186,1187,1256,-1,
1222,1224,1227,-1,
1222,1223,1224,-1,
1222,1227,1228,-1,
1222,1228,1229,-1,
1222,1229,1231,-1,
1222,1231,1232,-1,
1222,1232,1233,-1,
1185,1186,1256,-1,
1221,1233,1234,-1,
1221,1222,1233,-1,
1184,1185,1256,-1,
1220,1234,1235,-1,
1220,1221,1234,-1,
1219,1235,1236,-1,
1219,1220,1235,-1,
1183,1184,1256,-1,
1218,1219,1236,-1,
1217,1236,1237,-1,
1217,1218,1236,-1,
1216,1217,1237,-1,
1215,1216,1237,-1,
1257,1181,1182,-1,
1257,1182,1183,-1,
1257,1183,1256,-1,
1180,1181,1257,-1,
1179,1180,1257,-1,
1258,1259,1084,-1,
1178,1179,1257,-1,
1142,1208,1209,-1,
1142,1209,1210,-1,
1142,1210,1211,-1,
1142,1211,1212,-1,
1142,1212,1213,-1,
1177,1178,1257,-1,
1177,1257,1258,-1,
1176,1177,1258,-1,
1175,1176,1258,-1,
1174,1175,1258,-1,
1173,1174,1258,-1,
1172,1173,1258,-1,
1251,1248,1249,-1,
1251,1249,1250,-1,
1252,1248,1251,-1,
1171,1172,1258,-1,
1253,1248,1252,-1,
1253,1244,1245,-1,
1253,1245,1246,-1,
1253,1246,1247,-1,
1253,1247,1248,-1,
1170,1171,1258,-1,
1254,1243,1244,-1,
1254,1244,1253,-1,
1255,1243,1254,-1,
1255,1241,1242,-1,
1255,1242,1243,-1,
1169,1170,1258,-1,
1150,1241,1255,-1,
1150,1240,1241,-1,
1168,1258,1084,-1,
1168,1169,1258,-1,
1151,1239,1240,-1,
1151,1240,1150,-1,
1152,1239,1151,-1,
1152,1238,1239,-1,
1167,1168,1084,-1,
1153,1238,1152,-1,
1153,1237,1238,-1,
1166,1167,1084,-1,
1154,1237,1153,-1,
1154,1214,1215,-1,
1154,1215,1237,-1,
1165,1166,1084,-1,
1155,1213,1214,-1,
1155,1214,1154,-1,
1156,1213,1155,-1,
1157,1213,1156,-1,
1117,1143,1144,-1,
1147,1117,1144,-1,
1147,1144,1145,-1,
1147,1145,1146,-1,
1141,1165,1084,-1,
1141,1157,1158,-1,
1141,1158,1159,-1,
1141,1159,1160,-1,
1141,1160,1161,-1,
1141,1161,1162,-1,
1141,1162,1163,-1,
1141,1163,1164,-1,
1141,1164,1165,-1,
1148,1149,1138,-1,
1139,1148,1138,-1,
1140,1141,1084,-1,
1116,1148,1139,-1,
1116,1139,1140,-1,
1085,1119,1120,-1,
1085,1120,1121,-1,
1085,1121,1122,-1,
1085,1122,1123,-1,
1085,1123,1124,-1,
1085,1124,1125,-1,
1085,1125,1126,-1,
1085,1126,1127,-1,
1085,1127,1128,-1,
1085,1128,1129,-1,
1085,1129,1130,-1,
1085,1130,1131,-1,
1085,1131,1132,-1,
1085,1132,1133,-1,
1085,1133,1134,-1,
1085,1134,1135,-1,
1092,1098,1099,-1,
1092,1099,1100,-1,
1092,1100,1101,-1,
1092,1101,1102,-1,
1092,1102,1103,-1,
1092,1103,1104,-1,
1092,1104,1105,-1,
1092,1105,1106,-1,
1092,1106,1107,-1,
1092,1107,1108,-1,
1092,1108,1109,-1,
1092,1109,1110,-1,
1092,1110,1111,-1,
1092,1111,1112,-1,
1092,1112,1113,-1,
1092,1113,1114,-1,
1089,1090,1091,-1,
1082,1208,1142,-1,
1082,1143,1117,-1,
1082,1085,1086,-1,
1082,1207,1208,-1,
1082,1117,1118,-1,
1082,1118,1119,-1,
1082,1119,1085,-1,
1082,1083,1207,-1,
1082,1142,1143,-1,
1088,1089,1091,-1,
1087,1082,1086,-1,
1080,1082,1087,-1,
1081,1087,1088,-1,
1081,1091,1092,-1,
1081,1114,1115,-1,
1081,1115,1116,-1,
1081,1080,1087,-1,
1081,1140,1084,-1,
1081,1116,1140,-1,
1081,1092,1114,-1,
1081,1088,1091,-1,
1092,1085,1097,-1,
1097,1085,1096,-1,
1096,1085,1095,-1,
1095,1085,1094,-1,
1094,1085,1093,-1,
1093,1085,1137,-1,
1137,1085,1136,-1,
1136,1085,1135,-1,
1092,1097,1098,-1,
1116,1117,1147,-1,
1116,1147,1148,-1,
1141,1142,1213,-1,
1141,1213,1157,-1,
1269,1267,1268,-1,
1266,1269,1270,-1,
1266,1267,1269,-1,
1265,1270,1262,-1,
1265,1266,1270,-1,
1263,1265,1262,-1,
1264,1265,1263,-1,
1278,1279,1280,-1,
1277,1278,1280,-1,
1276,1280,1281,-1,
1276,1277,1280,-1,
1275,1281,1282,-1,
1275,1276,1281,-1,
1274,1282,1283,-1,
1274,1283,1284,-1,
1274,1275,1282,-1,
1273,1284,1285,-1,
1273,1285,1286,-1,
1273,1274,1284,-1,
1272,1286,1287,-1,
1272,1287,1288,-1,
1272,1273,1286,-1,
1271,1288,1289,-1,
1271,1272,1288,-1,
1292,1289,1290,-1,
1292,1290,1291,-1,
1309,1271,1289,-1,
1309,1289,1292,-1,
1293,1309,1292,-1,
1308,1309,1293,-1,
1294,1308,1293,-1,
1307,1308,1294,-1,
1295,1307,1294,-1,
1306,1307,1295,-1,
1305,1306,1295,-1,
1305,1295,1296,-1,
1297,1305,1296,-1,
1304,1305,1297,-1,
1302,1304,1297,-1,
1302,1303,1304,-1,
1300,1298,1299,-1,
1301,1302,1297,-1,
1301,1298,1300,-1,
1301,1297,1298,-1,
] } }
Shape { appearance Appearance { material Material { diffuseColor 0.666683 0.666683 0.666683 specularColor 0.15 0.15 0.15 shininess 0.4 } } geometry IndexedFaceSet { solid FALSE creaseAngle 0.6 coord Coordinate { point [
0.0292998 0.0933803 0.0000000,
0.0292998 0.1013023 0.0000000,
0.0292998 0.0933803 0.0039370,
0.0292998 0.1013023 0.0039370,
0.0292998 0.1013023 0.0000000,
-0.0297553 0.1243482 0.0000000,
0.0292998 0.1013023 0.0039370,
-0.0297553 0.1243482 0.0039370,
-0.0297553 0.1243482 0.0000000,
-0.0297553 0.1157060 0.0000000,
-0.0297553 0.1243482 0.0039370,
-0.0297553 0.1157060 0.0039370,
-0.0297553 0.1157060 0.0000000,
-0.0131911 0.1097307 0.0000000,
-0.0297553 0.1157060 0.0039370,
-0.0131911 0.1097307 0.0039370,
-0.0131911 0.1097307 0.0000000,
-0.0131911 0.0853345 0.0000000,
-0.0131911 0.1097307 0.0039370,
-0.0131911 0.0853345 0.0039370,
-0.0131911 0.0853345 0.0000000,
-0.0297553 0.0796968 0.0000000,
-0.0131911 0.0853345 0.0039370,
-0.0297553 0.0796968 0.0039370,
-0.0297553 0.0796968 0.0000000,
-0.0297553 0.0710546 0.0000000,
-0.0297553 0.0796968 0.0039370,
-0.0297553 0.0710546 0.0039370,
-0.0297553 0.0710546 0.0000000,
0.0292998 0.0933803 0.0000000,
-0.0297553 0.0710546 0.0039370,
0.0292998 0.0933803 0.0039370,
0.0005149 0.0667335 0.0000000,
-0.0035741 0.0665303 0.0000000,
-0.0065267 0.0660853 0.0000000,
-0.0092143 0.0654394 0.0000000,
-0.0115732 0.0646484 0.0000000,
-0.0136275 0.0637566 0.0000000,
-0.0154035 0.0628040 0.0000000,
-0.0171008 0.0617167 0.0000000,
-0.0187147 0.0605093 0.0000000,
-0.0202344 0.0591855 0.0000000,
-0.0216523 0.0577531 0.0000000,
-0.0229668 0.0562254 0.0000000,
-0.0241816 0.0546168 0.0000000,
-0.0252841 0.0529299 0.0000000,
-0.0262573 0.0511649 0.0000000,
-0.0271041 0.0493359 0.0000000,
-0.0278306 0.0474559 0.0000000,
-0.0284381 0.0455341 0.0000000,
-0.0289181 0.0435772 0.0000000,
-0.0292833 0.0415946 0.0000000,
-0.0295472 0.0395962 0.0000000,
-0.0296996 0.0374308 0.0000000,
-0.0297553 0.0352592 0.0000000,
0.0005149 0.0667335 0.0039370,
-0.0035741 0.0665303 0.0039370,
-0.0065267 0.0660853 0.0039370,
-0.0092143 0.0654394 0.0039370,
-0.0115732 0.0646484 0.0039370,
-0.0136275 0.0637566 0.0039370,
-0.0154035 0.0628040 0.0039370,
-0.0171008 0.0617167 0.0039370,
-0.0187147 0.0605093 0.0039370,
-0.0202344 0.0591855 0.0039370,
-0.0216523 0.0577531 0.0039370,
-0.0229668 0.0562254 0.0039370,
-0.0241816 0.0546168 0.0039370,
-0.0252841 0.0529299 0.0039370,
-0.0262573 0.0511649 0.0039370,
-0.0271041 0.0493359 0.0039370,
-0.0278306 0.0474559 0.0039370,
-0.0284381 0.0455341 0.0039370,
-0.0289181 0.0435772 0.0039370,
-0.0292833 0.0415946 0.0039370,
-0.0295472 0.0395962 0.0039370,
-0.0296996 0.0374308 0.0039370,
-0.0297553 0.0352592 0.0039370,
-0.0297553 0.0352592 0.0000000,
-0.0297553 0.0192013 0.0000000,
-0.0297553 0.0352592 0.0039370,
-0.0297553 0.0192013 0.0039370,
-0.0297553 0.0192013 0.0000000,
0.0292998 0.0192013 0.0000000,
-0.0297553 0.0192013 0.0039370,
0.0292998 0.0192013 0.0039370,
0.0292998 0.0192013 0.0000000,
0.0292998 0.0358668 0.0000000,
0.0292998 0.0192013 0.0039370,
0.0292998 0.0358668 0.0039370,
0.0292998 0.0358668 0.0000000,
0.0291204 0.0398143 0.0000000,
0.0287401 0.0426704 0.0000000,
0.0280980 0.0455640 0.0000000,
0.0272086 0.0483913 0.0000000,
0.0261827 0.0508539 0.0000000,
0.0250696 0.0529814 0.0000000,
0.0237860 0.0550106 0.0000000,
0.0223448 0.0569311 0.0000000,
0.0207535 0.0587294 0.0000000,
0.0191939 0.0602254 0.0000000,
0.0175637 0.0615503 0.0000000,
0.0158792 0.0627046 0.0000000,
0.0141555 0.0636883 0.0000000,
0.0122103 0.0645890 0.0000000,
0.0101961 0.0653222 0.0000000,
0.0081301 0.0658920 0.0000000,
0.0060276 0.0663116 0.0000000,
0.0039015 0.0665830 0.0000000,
0.0022101 0.0666867 0.0000000,
0.0005149 0.0667335 0.0000000,
0.0292998 0.0358668 0.0039370,
0.0291204 0.0398143 0.0039370,
0.0287401 0.0426704 0.0039370,
0.0280980 0.0455640 0.0039370,
0.0272086 0.0483913 0.0039370,
0.0261827 0.0508539 0.0039370,
0.0250696 0.0529814 0.0039370,
0.0237860 0.0550106 0.0039370,
0.0223448 0.0569311 0.0039370,
0.0207535 0.0587294 0.0039370,
0.0191939 0.0602254 0.0039370,
0.0175637 0.0615503 0.0039370,
0.0158792 0.0627046 0.0039370,
0.0141555 0.0636883 0.0039370,
0.0122103 0.0645890 0.0039370,
0.0101961 0.0653222 0.0039370,
0.0081301 0.0658920 0.0039370,
0.0060276 0.0663116 0.0039370,
0.0039015 0.0665830 0.0039370,
0.0022101 0.0666867 0.0039370,
0.0005149 0.0667335 0.0039370,
-0.0232737 -0.0160877 0.0000000,
-0.0232737 0.0076784 0.0000000,
-0.0232737 -0.0160877 0.0039370,
-0.0232737 0.0076784 0.0039370,
-0.0232737 0.0076784 0.0000000,
-0.0297553 0.0076784 0.0000000,
-0.0232737 0.0076784 0.0039370,
-0.0297553 0.0076784 0.0039370,
-0.0297553 0.0076784 0.0000000,
-0.0297553 -0.0240097 0.0000000,
-0.0297553 0.0076784 0.0039370,
-0.0297553 -0.0240097 0.0039370,
-0.0297553 -0.0240097 0.0000000,
0.0292998 -0.0240097 0.0000000,
-0.0297553 -0.0240097 0.0039370,
0.0292998 -0.0240097 0.0039370,
0.0292998 -0.0240097 0.0000000,
0.0292998 0.0062380 0.0000000,
0.0292998 -0.0240097 0.0039370,
0.0292998 0.0062380 0.0039370,
0.0292998 0.0062380 0.0000000,
0.0228181 0.0062380 0.0000000,
0.0292998 0.0062380 0.0039370,
0.0228181 0.0062380 0.0039370,
0.0228181 0.0062380 0.0000000,
0.0228181 -0.0160877 0.0000000,
0.0228181 0.0062380 0.0039370,
0.0228181 -0.0160877 0.0039370,
0.0228181 -0.0160877 0.0000000,
0.0033731 -0.0160877 0.0000000,
0.0228181 -0.0160877 0.0039370,
0.0033731 -0.0160877 0.0039370,
0.0033731 -0.0160877 0.0000000,
0.0033731 0.0047976 0.0000000,
0.0033731 -0.0160877 0.0039370,
0.0033731 0.0047976 0.0039370,
0.0033731 0.0047976 0.0000000,
-0.0031085 0.0047976 0.0000000,
0.0033731 0.0047976 0.0039370,
-0.0031085 0.0047976 0.0039370,
-0.0031085 0.0047976 0.0000000,
-0.0031085 -0.0160877 0.0000000,
-0.0031085 0.0047976 0.0039370,
-0.0031085 -0.0160877 0.0039370,
-0.0031085 -0.0160877 0.0000000,
-0.0232737 -0.0160877 0.0000000,
-0.0031085 -0.0160877 0.0039370,
-0.0232737 -0.0160877 0.0039370,
-0.0239939 -0.0506903 0.0000000,
-0.0239071 -0.0480573 0.0000000,
-0.0236208 -0.0454381 0.0000000,
-0.0231839 -0.0431079 0.0000000,
-0.0226334 -0.0410459 0.0000000,
-0.0219217 -0.0390342 0.0000000,
-0.0211381 -0.0372488 0.0000000,
-0.0202129 -0.0355327 0.0000000,
-0.0239939 -0.0506903 0.0039370,
-0.0239071 -0.0480573 0.0039370,
-0.0236208 -0.0454381 0.0039370,
-0.0231839 -0.0431079 0.0039370,
-0.0226334 -0.0410459 0.0039370,
-0.0219217 -0.0390342 0.0039370,
-0.0211381 -0.0372488 0.0039370,
-0.0202129 -0.0355327 0.0039370,
-0.0202129 -0.0355327 0.0000000,
-0.0266946 -0.0355327 0.0000000,
-0.0202129 -0.0355327 0.0039370,
-0.0266946 -0.0355327 0.0039370,
-0.0266946 -0.0355327 0.0000000,
-0.0273808 -0.0368051 0.0000000,
-0.0278521 -0.0377833 0.0000000,
-0.0286896 -0.0399025 0.0000000,
-0.0292887 -0.0418632 0.0000000,
-0.0297526 -0.0438609 0.0000000,
-0.0300922 -0.0458828 0.0000000,
-0.0303726 -0.0486027 0.0000000,
-0.0304485 -0.0501912 0.0000000,
-0.0304755 -0.0517819 0.0000000,
-0.0266946 -0.0355327 0.0039370,
-0.0273808 -0.0368051 0.0039370,
-0.0278521 -0.0377833 0.0039370,
-0.0286896 -0.0399025 0.0039370,
-0.0292887 -0.0418632 0.0039370,
-0.0297526 -0.0438609 0.0039370,
-0.0300922 -0.0458828 0.0039370,
-0.0303726 -0.0486027 0.0039370,
-0.0304485 -0.0501912 0.0039370,
-0.0304755 -0.0517819 0.0039370,
-0.0304755 -0.0517819 0.0000000,
-0.0302898 -0.0555539 0.0000000,
-0.0299366 -0.0580073 0.0000000,
-0.0293598 -0.0604909 0.0000000,
-0.0286559 -0.0626754 0.0000000,
-0.0278532 -0.0645783 0.0000000,
-0.0268101 -0.0665507 0.0000000,
-0.0257499 -0.0681887 0.0000000,
-0.0244803 -0.0698181 0.0000000,
-0.0228797 -0.0715542 0.0000000,
-0.0213071 -0.0729831 0.0000000,
-0.0195991 -0.0742920 0.0000000,
-0.0177368 -0.0754883 0.0000000,
-0.0158109 -0.0765066 0.0000000,
-0.0137487 -0.0773843 0.0000000,
-0.0114219 -0.0781540 0.0000000,
-0.0086961 -0.0787981 0.0000000,
-0.0059265 -0.0792230 0.0000000,
-0.0036380 -0.0794034 0.0000000,
-0.0013418 -0.0794639 0.0000000,
-0.0304755 -0.0517819 0.0039370,
-0.0302898 -0.0555539 0.0039370,
-0.0299366 -0.0580073 0.0039370,
-0.0293598 -0.0604909 0.0039370,
-0.0286559 -0.0626754 0.0039370,
-0.0278532 -0.0645783 0.0039370,
-0.0268101 -0.0665507 0.0039370,
-0.0257499 -0.0681887 0.0039370,
-0.0244803 -0.0698181 0.0039370,
-0.0228797 -0.0715542 0.0039370,
-0.0213071 -0.0729831 0.0039370,
-0.0195991 -0.0742920 0.0039370,
-0.0177368 -0.0754883 0.0039370,
-0.0158109 -0.0765066 0.0039370,
-0.0137487 -0.0773843 0.0039370,
-0.0114219 -0.0781540 0.0039370,
-0.0086961 -0.0787981 0.0039370,
-0.0059265 -0.0792230 0.0039370,
-0.0036380 -0.0794034 0.0039370,
-0.0013418 -0.0794639 0.0039370,
-0.0013418 -0.0794639 0.0000000,
0.0027187 -0.0792782 0.0000000,
0.0056569 -0.0788872 0.0000000,
0.0083395 -0.0783086 0.0000000,
0.0107029 -0.0775911 0.0000000,
0.0130033 -0.0766908 0.0000000,
0.0152190 -0.0756000 0.0000000,
0.0173298 -0.0743167 0.0000000,
0.0191264 -0.0730074 0.0000000,
0.0206475 -0.0717074 0.0000000,
0.0220736 -0.0703040 0.0000000,
0.0234048 -0.0688101 0.0000000,
0.0246376 -0.0672338 0.0000000,
0.0257481 -0.0655700 0.0000000,
0.0267299 -0.0638261 0.0000000,
0.0275904 -0.0620195 0.0000000,
0.0283144 -0.0601546 0.0000000,
0.0289010 -0.0582414 0.0000000,
0.0293604 -0.0562941 0.0000000,
0.0296982 -0.0543215 0.0000000,
0.0299356 -0.0518813 0.0000000,
0.0300200 -0.0494300 0.0000000,
-0.0013418 -0.0794639 0.0039370,
0.0027187 -0.0792782 0.0039370,
0.0056569 -0.0788872 0.0039370,
0.0083395 -0.0783086 0.0039370,
0.0107029 -0.0775911 0.0039370,
0.0130033 -0.0766908 0.0039370,
0.0152190 -0.0756000 0.0039370,
0.0173298 -0.0743167 0.0039370,
0.0191264 -0.0730074 0.0039370,
0.0206475 -0.0717074 0.0039370,
0.0220736 -0.0703040 0.0039370,
0.0234048 -0.0688101 0.0039370,
0.0246376 -0.0672338 0.0039370,
0.0257481 -0.0655700 0.0039370,
0.0267299 -0.0638261 0.0039370,
0.0275904 -0.0620195 0.0039370,
0.0283144 -0.0601546 0.0039370,
0.0289010 -0.0582414 0.0039370,
0.0293604 -0.0562941 0.0039370,
0.0296982 -0.0543215 0.0039370,
0.0299356 -0.0518813 0.0039370,
0.0300200 -0.0494300 0.0039370,
0.0300200 -0.0494300 0.0000000,
0.0298554 -0.0451785 0.0000000,
0.0294910 -0.0420983 0.0000000,
0.0289934 -0.0395618 0.0000000,
0.0284224 -0.0375188 0.0000000,
0.0276794 -0.0355327 0.0000000,
0.0300200 -0.0494300 0.0039370,
0.0298554 -0.0451785 0.0039370,
0.0294910 -0.0420983 0.0039370,
0.0289934 -0.0395618 0.0039370,
0.0284224 -0.0375188 0.0039370,
0.0276794 -0.0355327 0.0039370,
0.0276794 -0.0355327 0.0000000,
0.0197573 -0.0355327 0.0000000,
0.0276794 -0.0355327 0.0039370,
0.0197573 -0.0355327 0.0039370,
0.0197573 -0.0355327 0.0000000,
0.0209154 -0.0376565 0.0000000,
0.0218662 -0.0398815 0.0000000,
0.0225413 -0.0419513 0.0000000,
0.0230345 -0.0440095 0.0000000,
0.0233751 -0.0462700 0.0000000,
0.0234989 -0.0478138 0.0000000,
0.0235383 -0.0493625 0.0000000,
0.0197573 -0.0355327 0.0039370,
0.0209154 -0.0376565 0.0039370,
0.0218662 -0.0398815 0.0039370,
0.0225413 -0.0419513 0.0039370,
0.0230345 -0.0440095 0.0039370,
0.0233751 -0.0462700 0.0039370,
0.0234989 -0.0478138 0.0039370,
0.0235383 -0.0493625 0.0039370,
0.0235383 -0.0493625 0.0000000,
0.0234008 -0.0521434 0.0000000,
0.0231017 -0.0541521 0.0000000,
0.0226813 -0.0559847 0.0000000,
0.0221139 -0.0576977 0.0000000,
0.0213472 -0.0594728 0.0000000,
0.0204787 -0.0610516 0.0000000,
0.0194269 -0.0625954 0.0000000,
0.0182092 -0.0640786 0.0000000,
0.0168558 -0.0654464 0.0000000,
0.0153727 -0.0667016 0.0000000,
0.0137774 -0.0678056 0.0000000,
0.0119807 -0.0688268 0.0000000,
0.0102652 -0.0696022 0.0000000,
0.0083112 -0.0702859 0.0000000,
0.0062514 -0.0708252 0.0000000,
0.0037019 -0.0712645 0.0000000,
0.0014260 -0.0714675 0.0000000,
-0.0008579 -0.0715419 0.0000000,
0.0235383 -0.0493625 0.0039370,
0.0234008 -0.0521434 0.0039370,
0.0231017 -0.0541521 0.0039370,
0.0226813 -0.0559847 0.0039370,
0.0221139 -0.0576977 0.0039370,
0.0213472 -0.0594728 0.0039370,
0.0204787 -0.0610516 0.0039370,
0.0194269 -0.0625954 0.0039370,
0.0182092 -0.0640786 0.0039370,
0.0168558 -0.0654464 0.0039370,
0.0153727 -0.0667016 0.0039370,
0.0137774 -0.0678056 0.0039370,
0.0119807 -0.0688268 0.0039370,
0.0102652 -0.0696022 0.0039370,
0.0083112 -0.0702859 0.0039370,
0.0062514 -0.0708252 0.0039370,
0.0037019 -0.0712645 0.0039370,
0.0014260 -0.0714675 0.0039370,
-0.0008579 -0.0715419 0.0039370,
-0.0008579 -0.0715419 0.0000000,
-0.0037804 -0.0714276 0.0000000,
-0.0063928 -0.0711025 0.0000000,
-0.0087099 -0.0706086 0.0000000,
-0.0105464 -0.0700511 0.0000000,
-0.0123064 -0.0693506 0.0000000,
-0.0140435 -0.0684717 0.0000000,
-0.0156928 -0.0674288 0.0000000,
-0.0170971 -0.0663453 0.0000000,
-0.0184120 -0.0651290 0.0000000,
-0.0196108 -0.0638015 0.0000000,
-0.0207477 -0.0622732 0.0000000,
-0.0216878 -0.0607022 0.0000000,
-0.0224261 -0.0591386 0.0000000,
-0.0230797 -0.0573065 0.0000000,
-0.0235188 -0.0555516 0.0000000,
-0.0238307 -0.0535950 0.0000000,
-0.0239452 -0.0521450 0.0000000,
-0.0239939 -0.0506903 0.0000000,
-0.0008579 -0.0715419 0.0039370,
-0.0037804 -0.0714276 0.0039370,
-0.0063928 -0.0711025 0.0039370,
-0.0087099 -0.0706086 0.0039370,
-0.0105464 -0.0700511 0.0039370,
-0.0123064 -0.0693506 0.0039370,
-0.0140435 -0.0684717 0.0039370,
-0.0156928 -0.0674288 0.0039370,
-0.0170971 -0.0663453 0.0039370,
-0.0184120 -0.0651290 0.0039370,
-0.0196108 -0.0638015 0.0039370,
-0.0207477 -0.0622732 0.0039370,
-0.0216878 -0.0607022 0.0039370,
-0.0224261 -0.0591386 0.0039370,
-0.0230797 -0.0573065 0.0039370,
-0.0235188 -0.0555516 0.0039370,
-0.0238307 -0.0535950 0.0039370,
-0.0239452 -0.0521450 0.0039370,
-0.0239939 -0.0506903 0.0039370,
-0.0232737 -0.1068309 0.0000000,
-0.0232737 -0.0845052 0.0000000,
-0.0232737 -0.1068309 0.0039370,
-0.0232737 -0.0845052 0.0039370,
-0.0232737 -0.0845052 0.0000000,
-0.0297553 -0.0845052 0.0000000,
-0.0232737 -0.0845052 0.0039370,
-0.0297553 -0.0845052 0.0039370,
-0.0297553 -0.0845052 0.0000000,
-0.0297553 -0.1147530 0.0000000,
-0.0297553 -0.0845052 0.0039370,
-0.0297553 -0.1147530 0.0039370,
-0.0297553 -0.1147530 0.0000000,
0.0292998 -0.1147530 0.0000000,
-0.0297553 -0.1147530 0.0039370,
0.0292998 -0.1147530 0.0039370,
0.0292998 -0.1147530 0.0000000,
0.0292998 -0.1068309 0.0000000,
0.0292998 -0.1147530 0.0039370,
0.0292998 -0.1068309 0.0039370,
0.0292998 -0.1068309 0.0000000,
-0.0232737 -0.1068309 0.0000000,
0.0292998 -0.1068309 0.0039370,
-0.0232737 -0.1068309 0.0039370,
-0.0297553 0.1243482 0.0039370,
-0.0297553 0.1157060 0.0039370,
-0.0131911 0.1097307 0.0039370,
-0.0131911 0.0853345 0.0039370,
-0.0297553 0.0796968 0.0039370,
-0.0297553 0.0710546 0.0039370,
0.0292998 0.0933803 0.0039370,
0.0292998 0.1013023 0.0039370,
-0.0067094 0.1070751 0.0039370,
0.0179569 0.0981853 0.0039370,
0.0194923 0.0977674 0.0039370,
0.0220979 0.0972738 0.0039370,
0.0220979 0.0970825 0.0039370,
0.0200050 0.0967056 0.0039370,
0.0189801 0.0964571 0.0039370,
0.0179569 0.0961373 0.0039370,
-0.0067094 0.0873263 0.0039370,
-0.0297553 0.0352592 0.0039370,
-0.0297553 0.0192013 0.0039370,
0.0005149 0.0667335 0.0039370,
-0.0035741 0.0665303 0.0039370,
-0.0065267 0.0660853 0.0039370,
-0.0092143 0.0654394 0.0039370,
-0.0115732 0.0646484 0.0039370,
-0.0136275 0.0637566 0.0039370,
-0.0154035 0.0628040 0.0039370,
-0.0171008 0.0617167 0.0039370,
-0.0187147 0.0605093 0.0039370,
-0.0202344 0.0591855 0.0039370,
-0.0216523 0.0577531 0.0039370,
-0.0229668 0.0562254 0.0039370,
-0.0241816 0.0546168 0.0039370,
-0.0252841 0.0529299 0.0039370,
-0.0262573 0.0511649 0.0039370,
-0.0271041 0.0493359 0.0039370,
-0.0278306 0.0474559 0.0039370,
-0.0284381 0.0455341 0.0039370,
-0.0289181 0.0435772 0.0039370,
-0.0292833 0.0415946 0.0039370,
-0.0295472 0.0395962 0.0039370,
-0.0296996 0.0374308 0.0039370,
0.0292998 0.0358668 0.0039370,
0.0291204 0.0398143 0.0039370,
0.0287401 0.0426704 0.0039370,
0.0280980 0.0455640 0.0039370,
0.0272086 0.0483913 0.0039370,
0.0261827 0.0508539 0.0039370,
0.0250696 0.0529814 0.0039370,
0.0237860 0.0550106 0.0039370,
0.0223448 0.0569311 0.0039370,
0.0207535 0.0587294 0.0039370,
0.0191939 0.0602254 0.0039370,
0.0175637 0.0615503 0.0039370,
0.0158792 0.0627046 0.0039370,
0.0141555 0.0636883 0.0039370,
0.0122103 0.0645890 0.0039370,
0.0101961 0.0653222 0.0039370,
0.0081301 0.0658920 0.0039370,
0.0060276 0.0663116 0.0039370,
0.0039015 0.0665830 0.0039370,
0.0022101 0.0666867 0.0039370,
0.0292998 0.0192013 0.0039370,
0.0003461 0.0588115 0.0039370,
0.0033869 0.0586854 0.0039370,
0.0058333 0.0583792 0.0039370,
0.0078435 0.0579540 0.0039370,
0.0097529 0.0573692 0.0039370,
0.0115516 0.0566382 0.0039370,
0.0132101 0.0557602 0.0039370,
0.0148070 0.0546777 0.0039370,
0.0161545 0.0535328 0.0039370,
0.0173786 0.0522507 0.0039370,
0.0184878 0.0508459 0.0039370,
0.0194743 0.0493553 0.0039370,
0.0203777 0.0476799 0.0039370,
0.0211641 0.0458404 0.0039370,
0.0218041 0.0438842 0.0039370,
0.0222682 0.0419127 0.0039370,
0.0225176 0.0404047 0.0039370,
0.0226878 0.0388859 0.0039370,
0.0228181 0.0358331 0.0039370,
-0.0232737 0.0355067 0.0039370,
-0.0231351 0.0386433 0.0039370,
-0.0228007 0.0411648 0.0039370,
-0.0222931 0.0434644 0.0039370,
-0.0217212 0.0452844 0.0039370,
-0.0210020 0.0470129 0.0039370,
-0.0201008 0.0487308 0.0039370,
-0.0191234 0.0502357 0.0039370,
-0.0179717 0.0516761 0.0039370,
-0.0166809 0.0529995 0.0039370,
-0.0152598 0.0542100 0.0039370,
-0.0137335 0.0552806 0.0039370,
-0.0121801 0.0561636 0.0039370,
-0.0104148 0.0569635 0.0039370,
-0.0085246 0.0576211 0.0039370,
-0.0065301 0.0581327 0.0039370,
-0.0040636 0.0585499 0.0039370,
-0.0018624 0.0587405 0.0039370,
-0.0232737 0.0271233 0.0039370,
0.0228181 0.0271233 0.0039370,
-0.0297553 0.0076784 0.0039370,
-0.0297553 -0.0240097 0.0039370,
0.0292998 -0.0240097 0.0039370,
0.0292998 0.0062380 0.0039370,
0.0228181 0.0062380 0.0039370,
0.0228181 -0.0160877 0.0039370,
0.0033731 -0.0160877 0.0039370,
0.0033731 0.0047976 0.0039370,
-0.0031085 0.0047976 0.0039370,
-0.0031085 -0.0160877 0.0039370,
-0.0232737 -0.0160877 0.0039370,
-0.0232737 0.0076784 0.0039370,
-0.0202129 -0.0355327 0.0039370,
-0.0266946 -0.0355327 0.0039370,
-0.0239939 -0.0506903 0.0039370,
-0.0239071 -0.0480573 0.0039370,
-0.0236208 -0.0454381 0.0039370,
-0.0231839 -0.0431079 0.0039370,
-0.0226334 -0.0410459 0.0039370,
-0.0219217 -0.0390342 0.0039370,
-0.0211381 -0.0372488 0.0039370,
-0.0008579 -0.0715419 0.0039370,
-0.0037804 -0.0714276 0.0039370,
-0.0063928 -0.0711025 0.0039370,
-0.0087099 -0.0706086 0.0039370,
-0.0105464 -0.0700511 0.0039370,
-0.0123064 -0.0693506 0.0039370,
-0.0140435 -0.0684717 0.0039370,
-0.0156928 -0.0674288 0.0039370,
-0.0170971 -0.0663453 0.0039370,
-0.0184120 -0.0651290 0.0039370,
-0.0196108 -0.0638015 0.0039370,
-0.0207477 -0.0622732 0.0039370,
-0.0216878 -0.0607022 0.0039370,
-0.0224261 -0.0591386 0.0039370,
-0.0230797 -0.0573065 0.0039370,
-0.0235188 -0.0555516 0.0039370,
-0.0238307 -0.0535950 0.0039370,
-0.0239452 -0.0521450 0.0039370,
0.0235383 -0.0493625 0.0039370,
0.0234008 -0.0521434 0.0039370,
0.0231017 -0.0541521 0.0039370,
0.0226813 -0.0559847 0.0039370,
0.0221139 -0.0576977 0.0039370,
0.0213472 -0.0594728 0.0039370,
0.0204787 -0.0610516 0.0039370,
0.0194269 -0.0625954 0.0039370,
0.0182092 -0.0640786 0.0039370,
0.0168558 -0.0654464 0.0039370,
0.0153727 -0.0667016 0.0039370,
0.0137774 -0.0678056 0.0039370,
0.0119807 -0.0688268 0.0039370,
0.0102652 -0.0696022 0.0039370,
0.0083112 -0.0702859 0.0039370,
0.0062514 -0.0708252 0.0039370,
0.0037019 -0.0712645 0.0039370,
0.0014260 -0.0714675 0.0039370,
0.0197573 -0.0355327 0.0039370,
0.0209154 -0.0376565 0.0039370,
0.0218662 -0.0398815 0.0039370,
0.0225413 -0.0419513 0.0039370,
0.0230345 -0.0440095 0.0039370,
0.0233751 -0.0462700 0.0039370,
0.0234989 -0.0478138 0.0039370,
0.0276794 -0.0355327 0.0039370,
0.0300200 -0.0494300 0.0039370,
0.0298554 -0.0451785 0.0039370,
0.0294910 -0.0420983 0.0039370,
0.0289934 -0.0395618 0.0039370,
0.0284224 -0.0375188 0.0039370,
-0.0013418 -0.0794639 0.0039370,
0.0027187 -0.0792782 0.0039370,
0.0056569 -0.0788872 0.0039370,
0.0083395 -0.0783086 0.0039370,
0.0107029 -0.0775911 0.0039370,
0.0130033 -0.0766908 0.0039370,
0.0152190 -0.0756000 0.0039370,
0.0173298 -0.0743167 0.0039370,
0.0191264 -0.0730074 0.0039370,
0.0206475 -0.0717074 0.0039370,
0.0220736 -0.0703040 0.0039370,
0.0234048 -0.0688101 0.0039370,
0.0246376 -0.0672338 0.0039370,
0.0257481 -0.0655700 0.0039370,
0.0267299 -0.0638261 0.0039370,
0.0275904 -0.0620195 0.0039370,
0.0283144 -0.0601546 0.0039370,
0.0289010 -0.0582414 0.0039370,
0.0293604 -0.0562941 0.0039370,
0.0296982 -0.0543215 0.0039370,
0.0299356 -0.0518813 0.0039370,
-0.0304755 -0.0517819 0.0039370,
-0.0302898 -0.0555539 0.0039370,
-0.0299366 -0.0580073 0.0039370,
-0.0293598 -0.0604909 0.0039370,
-0.0286559 -0.0626754 0.0039370,
-0.0278532 -0.0645783 0.0039370,
-0.0268101 -0.0665507 0.0039370,
-0.0257499 -0.0681887 0.0039370,
-0.0244803 -0.0698181 0.0039370,
-0.0228797 -0.0715542 0.0039370,
-0.0213071 -0.0729831 0.0039370,
-0.0195991 -0.0742920 0.0039370,
-0.0177368 -0.0754883 0.0039370,
-0.0158109 -0.0765066 0.0039370,
-0.0137487 -0.0773843 0.0039370,
-0.0114219 -0.0781540 0.0039370,
-0.0086961 -0.0787981 0.0039370,
-0.0059265 -0.0792230 0.0039370,
-0.0036380 -0.0794034 0.0039370,
-0.0273808 -0.0368051 0.0039370,
-0.0278521 -0.0377833 0.0039370,
-0.0286896 -0.0399025 0.0039370,
-0.0292887 -0.0418632 0.0039370,
-0.0297526 -0.0438609 0.0039370,
-0.0300922 -0.0458828 0.0039370,
-0.0303726 -0.0486027 0.0039370,
-0.0304485 -0.0501912 0.0039370,
-0.0297553 -0.0845052 0.0039370,
-0.0297553 -0.1147530 0.0039370,
0.0292998 -0.1147530 0.0039370,
0.0292998 -0.1068309 0.0039370,
-0.0232737 -0.1068309 0.0039370,
-0.0232737 -0.0845052 0.0039370,
-0.0067094 0.0873263 0.0000000,
-0.0067094 0.1070751 0.0000000,
-0.0067094 0.0873263 0.0039370,
-0.0067094 0.1070751 0.0039370,
0.0179569 0.0961373 0.0000000,
-0.0067094 0.0873263 0.0000000,
0.0179569 0.0961373 0.0039370,
-0.0067094 0.0873263 0.0039370,
0.0220979 0.0970825 0.0000000,
0.0200050 0.0967056 0.0000000,
0.0189801 0.0964571 0.0000000,
0.0179569 0.0961373 0.0000000,
0.0220979 0.0970825 0.0039370,
0.0200050 0.0967056 0.0039370,
0.0189801 0.0964571 0.0039370,
0.0179569 0.0961373 0.0039370,
0.0220979 0.0972738 0.0000000,
0.0220979 0.0970825 0.0000000,
0.0220979 0.0972738 0.0039370,
0.0220979 0.0970825 0.0039370,
0.0179569 0.0981853 0.0000000,
0.0194923 0.0977674 0.0000000,
0.0220979 0.0972738 0.0000000,
0.0179569 0.0981853 0.0039370,
0.0194923 0.0977674 0.0039370,
0.0220979 0.0972738 0.0039370,
-0.0067094 0.1070751 0.0000000,
0.0179569 0.0981853 0.0000000,
-0.0067094 0.1070751 0.0039370,
0.0179569 0.0981853 0.0039370,
0.0003461 0.0588115 0.0000000,
0.0033869 0.0586854 0.0000000,
0.0058333 0.0583792 0.0000000,
0.0078435 0.0579540 0.0000000,
0.0097529 0.0573692 0.0000000,
0.0115516 0.0566382 0.0000000,
0.0132101 0.0557602 0.0000000,
0.0148070 0.0546777 0.0000000,
0.0161545 0.0535328 0.0000000,
0.0173786 0.0522507 0.0000000,
0.0184878 0.0508459 0.0000000,
0.0194743 0.0493553 0.0000000,
0.0203777 0.0476799 0.0000000,
0.0211641 0.0458404 0.0000000,
0.0218041 0.0438842 0.0000000,
0.0222682 0.0419127 0.0000000,
0.0225176 0.0404047 0.0000000,
0.0226878 0.0388859 0.0000000,
0.0228181 0.0358331 0.0000000,
0.0003461 0.0588115 0.0039370,
0.0033869 0.0586854 0.0039370,
0.0058333 0.0583792 0.0039370,
0.0078435 0.0579540 0.0039370,
0.0097529 0.0573692 0.0039370,
0.0115516 0.0566382 0.0039370,
0.0132101 0.0557602 0.0039370,
0.0148070 0.0546777 0.0039370,
0.0161545 0.0535328 0.0039370,
0.0173786 0.0522507 0.0039370,
0.0184878 0.0508459 0.0039370,
0.0194743 0.0493553 0.0039370,
0.0203777 0.0476799 0.0039370,
0.0211641 0.0458404 0.0039370,
0.0218041 0.0438842 0.0039370,
0.0222682 0.0419127 0.0039370,
0.0225176 0.0404047 0.0039370,
0.0226878 0.0388859 0.0039370,
0.0228181 0.0358331 0.0039370,
-0.0232737 0.0355067 0.0000000,
-0.0231351 0.0386433 0.0000000,
-0.0228007 0.0411648 0.0000000,
-0.0222931 0.0434644 0.0000000,
-0.0217212 0.0452844 0.0000000,
-0.0210020 0.0470129 0.0000000,
-0.0201008 0.0487308 0.0000000,
-0.0191234 0.0502357 0.0000000,
-0.0179717 0.0516761 0.0000000,
-0.0166809 0.0529995 0.0000000,
-0.0152598 0.0542100 0.0000000,
-0.0137335 0.0552806 0.0000000,
-0.0121801 0.0561636 0.0000000,
-0.0104148 0.0569635 0.0000000,
-0.0085246 0.0576211 0.0000000,
-0.0065301 0.0581327 0.0000000,
-0.0040636 0.0585499 0.0000000,
-0.0018624 0.0587405 0.0000000,
0.0003461 0.0588115 0.0000000,
-0.0232737 0.0355067 0.0039370,
-0.0231351 0.0386433 0.0039370,
-0.0228007 0.0411648 0.0039370,
-0.0222931 0.0434644 0.0039370,
-0.0217212 0.0452844 0.0039370,
-0.0210020 0.0470129 0.0039370,
-0.0201008 0.0487308 0.0039370,
-0.0191234 0.0502357 0.0039370,
-0.0179717 0.0516761 0.0039370,
-0.0166809 0.0529995 0.0039370,
-0.0152598 0.0542100 0.0039370,
-0.0137335 0.0552806 0.0039370,
-0.0121801 0.0561636 0.0039370,
-0.0104148 0.0569635 0.0039370,
-0.0085246 0.0576211 0.0039370,
-0.0065301 0.0581327 0.0039370,
-0.0040636 0.0585499 0.0039370,
-0.0018624 0.0587405 0.0039370,
0.0003461 0.0588115 0.0039370,
-0.0232737 0.0271233 0.0000000,
-0.0232737 0.0355067 0.0000000,
-0.0232737 0.0271233 0.0039370,
-0.0232737 0.0355067 0.0039370,
0.0228181 0.0271233 0.0000000,
-0.0232737 0.0271233 0.0000000,
0.0228181 0.0271233 0.0039370,
-0.0232737 0.0271233 0.0039370,
0.0228181 0.0358331 0.0000000,
0.0228181 0.0271233 0.0000000,
0.0228181 0.0358331 0.0039370,
0.0228181 0.0271233 0.0039370,
] } coordIndex [
3,1,0,-1,
3,0,2,-1,
6,5,4,-1,
6,7,5,-1,
8,10,11,-1,
8,11,9,-1,
14,13,12,-1,
14,15,13,-1,
16,18,19,-1,
16,19,17,-1,
22,21,20,-1,
22,23,21,-1,
24,26,27,-1,
24,27,25,-1,
30,29,28,-1,
30,31,29,-1,
33,32,55,-1,
33,55,56,-1,
34,56,57,-1,
34,33,56,-1,
35,57,58,-1,
35,34,57,-1,
36,58,59,-1,
36,35,58,-1,
37,59,60,-1,
37,36,59,-1,
38,60,61,-1,
38,37,60,-1,
39,61,62,-1,
39,38,61,-1,
40,62,63,-1,
40,39,62,-1,
41,63,64,-1,
41,40,63,-1,
42,64,65,-1,
42,41,64,-1,
43,65,66,-1,
43,42,65,-1,
44,66,67,-1,
44,43,66,-1,
45,44,67,-1,
45,67,68,-1,
46,45,68,-1,
46,68,69,-1,
47,46,69,-1,
47,69,70,-1,
48,47,70,-1,
48,70,71,-1,
49,48,71,-1,
49,71,72,-1,
50,49,72,-1,
50,72,73,-1,
51,50,73,-1,
51,73,74,-1,
52,51,74,-1,
52,74,75,-1,
53,52,75,-1,
53,75,76,-1,
54,53,76,-1,
54,76,77,-1,
78,80,81,-1,
78,81,79,-1,
85,83,82,-1,
85,82,84,-1,
89,87,86,-1,
89,86,88,-1,
91,90,111,-1,
91,111,112,-1,
92,112,113,-1,
92,91,112,-1,
93,113,114,-1,
93,92,113,-1,
94,114,115,-1,
94,93,114,-1,
95,115,116,-1,
95,94,115,-1,
96,116,117,-1,
96,95,116,-1,
97,117,118,-1,
97,96,117,-1,
98,118,119,-1,
98,97,118,-1,
99,119,120,-1,
99,98,119,-1,
100,120,121,-1,
100,99,120,-1,
101,121,122,-1,
101,100,121,-1,
102,122,123,-1,
102,101,122,-1,
103,123,124,-1,
103,102,123,-1,
104,103,124,-1,
104,124,125,-1,
105,104,125,-1,
105,125,126,-1,
106,105,126,-1,
106,126,127,-1,
107,106,127,-1,
107,127,128,-1,
108,107,128,-1,
108,128,129,-1,
109,108,129,-1,
109,129,130,-1,
110,109,130,-1,
110,130,131,-1,
135,133,132,-1,
135,132,134,-1,
136,138,139,-1,
136,139,137,-1,
140,142,143,-1,
140,143,141,-1,
147,145,144,-1,
147,144,146,-1,
151,149,148,-1,
151,148,150,-1,
152,154,155,-1,
152,155,153,-1,
156,158,159,-1,
156,159,157,-1,
160,162,163,-1,
160,163,161,-1,
167,165,164,-1,
167,164,166,-1,
168,170,171,-1,
168,171,169,-1,
172,174,175,-1,
172,175,173,-1,
176,178,179,-1,
176,179,177,-1,
181,180,188,-1,
181,188,189,-1,
182,189,190,-1,
182,181,189,-1,
183,190,191,-1,
183,182,190,-1,
184,191,192,-1,
184,183,191,-1,
185,192,193,-1,
185,184,192,-1,
186,193,194,-1,
186,185,193,-1,
187,194,195,-1,
187,186,194,-1,
196,198,199,-1,
196,199,197,-1,
201,200,210,-1,
201,210,211,-1,
202,211,212,-1,
202,201,211,-1,
203,212,213,-1,
203,202,212,-1,
204,213,214,-1,
204,203,213,-1,
205,214,215,-1,
205,204,214,-1,
206,215,216,-1,
206,205,215,-1,
207,216,217,-1,
207,206,216,-1,
208,217,218,-1,
208,207,217,-1,
209,218,219,-1,
209,208,218,-1,
221,220,240,-1,
221,240,241,-1,
222,241,242,-1,
222,221,241,-1,
223,242,243,-1,
223,222,242,-1,
224,243,244,-1,
224,223,243,-1,
225,244,245,-1,
225,224,244,-1,
226,245,246,-1,
226,225,245,-1,
227,246,247,-1,
227,226,246,-1,
228,247,248,-1,
228,227,247,-1,
229,248,249,-1,
229,228,248,-1,
230,249,250,-1,
230,229,249,-1,
231,250,251,-1,
231,230,250,-1,
232,251,252,-1,
232,231,251,-1,
233,252,253,-1,
233,232,252,-1,
234,253,254,-1,
234,233,253,-1,
235,234,254,-1,
235,254,255,-1,
236,235,255,-1,
236,255,256,-1,
237,236,256,-1,
237,256,257,-1,
238,237,257,-1,
238,257,258,-1,
239,238,258,-1,
239,258,259,-1,
261,260,282,-1,
261,282,283,-1,
262,283,284,-1,
262,261,283,-1,
263,284,285,-1,
263,262,284,-1,
264,285,286,-1,
264,263,285,-1,
265,286,287,-1,
265,264,286,-1,
266,287,288,-1,
266,265,287,-1,
267,288,289,-1,
267,266,288,-1,
268,289,290,-1,
268,267,289,-1,
269,290,291,-1,
269,268,290,-1,
270,291,292,-1,
270,269,291,-1,
271,292,293,-1,
271,270,292,-1,
272,293,294,-1,
272,271,293,-1,
273,294,295,-1,
273,272,294,-1,
274,273,295,-1,
274,295,296,-1,
275,274,296,-1,
275,296,297,-1,
276,275,297,-1,
276,297,298,-1,
277,276,298,-1,
277,298,299,-1,
278,277,299,-1,
278,299,300,-1,
279,278,300,-1,
279,300,301,-1,
280,279,301,-1,
280,301,302,-1,
281,280,302,-1,
281,302,303,-1,
305,304,310,-1,
305,310,311,-1,
306,311,312,-1,
306,305,311,-1,
307,312,313,-1,
307,306,312,-1,
308,313,314,-1,
308,307,313,-1,
309,314,315,-1,
309,308,314,-1,
316,318,319,-1,
316,319,317,-1,
321,320,328,-1,
321,328,329,-1,
322,329,330,-1,
322,321,329,-1,
323,330,331,-1,
323,322,330,-1,
324,331,332,-1,
324,323,331,-1,
325,332,333,-1,
325,324,332,-1,
326,333,334,-1,
326,325,333,-1,
327,334,335,-1,
327,326,334,-1,
337,336,355,-1,
337,355,356,-1,
338,356,357,-1,
338,337,356,-1,
339,357,358,-1,
339,338,357,-1,
340,358,359,-1,
340,339,358,-1,
341,359,360,-1,
341,340,359,-1,
342,360,361,-1,
342,341,360,-1,
343,361,362,-1,
343,342,361,-1,
344,362,363,-1,
344,343,362,-1,
345,363,364,-1,
345,344,363,-1,
346,364,365,-1,
346,345,364,-1,
347,365,366,-1,
347,346,365,-1,
348,366,367,-1,
348,347,366,-1,
349,367,368,-1,
349,348,367,-1,
350,368,369,-1,
350,349,368,-1,
351,350,369,-1,
351,369,370,-1,
352,351,370,-1,
352,370,371,-1,
353,352,371,-1,
353,371,372,-1,
354,353,372,-1,
354,372,373,-1,
375,374,393,-1,
375,393,394,-1,
376,394,395,-1,
376,375,394,-1,
377,395,396,-1,
377,376,395,-1,
378,396,397,-1,
378,377,396,-1,
379,397,398,-1,
379,378,397,-1,
380,398,399,-1,
380,379,398,-1,
381,399,400,-1,
381,380,399,-1,
382,400,401,-1,
382,381,400,-1,
383,401,402,-1,
383,382,401,-1,
384,402,403,-1,
384,383,402,-1,
385,403,404,-1,
385,384,403,-1,
386,404,405,-1,
386,385,404,-1,
387,405,406,-1,
387,386,405,-1,
388,406,407,-1,
388,387,406,-1,
389,388,407,-1,
389,407,408,-1,
390,389,408,-1,
390,408,409,-1,
391,390,409,-1,
391,409,410,-1,
392,391,410,-1,
392,410,411,-1,
415,413,412,-1,
415,412,414,-1,
416,418,419,-1,
416,419,417,-1,
420,422,423,-1,
420,423,421,-1,
427,425,424,-1,
427,424,426,-1,
431,429,428,-1,
431,428,430,-1,
432,434,435,-1,
432,435,433,-1,
441,440,439,-1,
441,439,452,-1,
437,436,438,-1,
439,438,444,-1,
452,439,444,-1,
448,447,442,-1,
449,448,442,-1,
450,449,442,-1,
451,450,442,-1,
452,451,442,-1,
441,452,442,-1,
445,444,443,-1,
446,445,443,-1,
447,446,443,-1,
442,447,443,-1,
438,436,443,-1,
444,438,443,-1,
477,497,536,-1,
516,477,536,-1,
515,478,477,-1,
515,477,516,-1,
514,478,515,-1,
514,479,478,-1,
513,480,479,-1,
513,479,514,-1,
512,480,513,-1,
511,480,512,-1,
511,481,480,-1,
510,481,511,-1,
510,482,481,-1,
509,482,510,-1,
509,483,482,-1,
508,483,509,-1,
508,484,483,-1,
507,484,508,-1,
507,485,484,-1,
506,485,507,-1,
486,485,506,-1,
505,486,506,-1,
487,486,505,-1,
488,487,505,-1,
488,505,504,-1,
489,488,504,-1,
489,504,503,-1,
490,489,503,-1,
490,503,502,-1,
535,497,454,-1,
535,536,497,-1,
491,490,502,-1,
491,502,501,-1,
492,491,501,-1,
493,501,500,-1,
493,492,501,-1,
494,500,499,-1,
494,493,500,-1,
495,494,499,-1,
496,499,498,-1,
496,495,499,-1,
453,535,454,-1,
453,517,535,-1,
455,496,498,-1,
455,498,534,-1,
476,518,517,-1,
476,517,453,-1,
475,518,476,-1,
456,534,533,-1,
456,455,534,-1,
474,519,518,-1,
474,518,475,-1,
473,519,474,-1,
473,520,519,-1,
457,456,533,-1,
457,533,532,-1,
472,521,520,-1,
472,520,473,-1,
458,457,532,-1,
458,532,531,-1,
471,521,472,-1,
459,458,531,-1,
459,531,530,-1,
470,522,521,-1,
470,521,471,-1,
460,459,530,-1,
469,523,522,-1,
469,522,470,-1,
461,460,530,-1,
461,530,529,-1,
468,523,469,-1,
468,524,523,-1,
467,524,468,-1,
467,525,524,-1,
462,461,529,-1,
462,529,528,-1,
466,525,467,-1,
466,526,525,-1,
463,462,528,-1,
463,528,527,-1,
465,526,466,-1,
464,463,527,-1,
464,526,465,-1,
464,527,526,-1,
547,538,537,-1,
538,547,546,-1,
547,537,548,-1,
538,546,539,-1,
546,543,539,-1,
539,543,542,-1,
546,545,544,-1,
543,546,544,-1,
542,541,540,-1,
539,542,540,-1,
585,617,616,-1,
584,617,585,-1,
584,618,617,-1,
584,619,618,-1,
586,585,616,-1,
586,616,615,-1,
583,619,584,-1,
583,620,619,-1,
587,586,615,-1,
587,615,614,-1,
582,620,583,-1,
582,621,620,-1,
581,621,582,-1,
581,622,621,-1,
588,587,614,-1,
588,614,613,-1,
589,613,612,-1,
589,588,613,-1,
580,622,581,-1,
580,623,622,-1,
580,624,623,-1,
579,624,580,-1,
579,625,624,-1,
590,611,610,-1,
590,612,611,-1,
590,589,612,-1,
578,625,579,-1,
578,626,625,-1,
591,610,609,-1,
591,590,610,-1,
577,627,626,-1,
577,626,578,-1,
592,609,608,-1,
592,591,609,-1,
576,602,627,-1,
576,627,577,-1,
593,608,607,-1,
593,592,608,-1,
600,603,602,-1,
600,602,576,-1,
558,593,607,-1,
558,607,646,-1,
599,603,600,-1,
559,558,646,-1,
559,646,645,-1,
598,603,599,-1,
598,604,603,-1,
560,559,645,-1,
560,645,644,-1,
597,604,598,-1,
597,605,604,-1,
561,560,644,-1,
561,644,643,-1,
596,605,597,-1,
596,606,605,-1,
596,601,606,-1,
562,561,643,-1,
562,643,642,-1,
595,601,596,-1,
563,562,642,-1,
563,641,640,-1,
563,642,641,-1,
594,601,595,-1,
564,563,640,-1,
564,640,639,-1,
565,564,639,-1,
638,565,639,-1,
566,565,638,-1,
637,566,638,-1,
567,566,637,-1,
636,567,637,-1,
568,567,636,-1,
635,568,636,-1,
634,569,568,-1,
634,568,635,-1,
633,570,569,-1,
633,569,634,-1,
632,571,570,-1,
632,570,633,-1,
631,572,571,-1,
631,571,632,-1,
630,573,572,-1,
630,572,631,-1,
629,574,573,-1,
629,573,630,-1,
628,575,574,-1,
628,551,575,-1,
628,574,629,-1,
654,551,628,-1,
653,552,551,-1,
653,551,654,-1,
652,553,552,-1,
652,552,653,-1,
651,553,652,-1,
651,554,553,-1,
650,554,651,-1,
649,555,554,-1,
649,554,650,-1,
648,556,555,-1,
648,555,649,-1,
647,556,648,-1,
550,557,556,-1,
550,549,557,-1,
550,556,647,-1,
659,656,655,-1,
659,655,660,-1,
656,659,657,-1,
657,659,658,-1,
664,662,661,-1,
664,661,663,-1,
667,666,665,-1,
667,668,666,-1,
670,669,673,-1,
670,673,674,-1,
671,674,675,-1,
671,670,674,-1,
672,675,676,-1,
672,671,675,-1,
677,679,680,-1,
677,680,678,-1,
682,681,684,-1,
682,684,685,-1,
683,685,686,-1,
683,682,685,-1,
689,688,687,-1,
689,690,688,-1,
692,691,710,-1,
692,710,711,-1,
693,711,712,-1,
693,692,711,-1,
694,712,713,-1,
694,693,712,-1,
695,713,714,-1,
695,694,713,-1,
696,714,715,-1,
696,695,714,-1,
697,715,716,-1,
697,696,715,-1,
698,716,717,-1,
698,697,716,-1,
699,717,718,-1,
699,698,717,-1,
700,718,719,-1,
700,699,718,-1,
701,719,720,-1,
701,700,719,-1,
702,720,721,-1,
702,701,720,-1,
703,721,722,-1,
703,702,721,-1,
704,722,723,-1,
704,703,722,-1,
705,723,724,-1,
705,704,723,-1,
706,724,725,-1,
706,705,724,-1,
707,706,725,-1,
707,725,726,-1,
708,707,726,-1,
708,726,727,-1,
709,708,727,-1,
709,727,728,-1,
730,729,748,-1,
730,748,749,-1,
731,749,750,-1,
731,730,749,-1,
732,750,751,-1,
732,731,750,-1,
733,751,752,-1,
733,732,751,-1,
734,752,753,-1,
734,733,752,-1,
735,753,754,-1,
735,734,753,-1,
736,754,755,-1,
736,735,754,-1,
737,755,756,-1,
737,736,755,-1,
738,756,757,-1,
738,737,756,-1,
739,757,758,-1,
739,738,757,-1,
740,758,759,-1,
740,739,758,-1,
741,759,760,-1,
741,740,759,-1,
742,760,761,-1,
742,741,760,-1,
743,761,762,-1,
743,742,761,-1,
744,743,762,-1,
744,762,763,-1,
745,744,763,-1,
745,763,764,-1,
746,745,764,-1,
746,764,765,-1,
747,746,765,-1,
747,765,766,-1,
770,768,767,-1,
770,767,769,-1,
771,773,774,-1,
771,774,772,-1,
775,777,778,-1,
775,778,776,-1,
] } }
Shape { appearance Appearance { material Material { diffuseColor 0.826657 0.826657 0.826657 specularColor 0.15 0.15 0.15 shininess 0.4 } } geometry IndexedFaceSet { solid FALSE creaseAngle 0.6 coord Coordinate { point [
-0.2654746 -0.0613914 0.3188976,
-0.2654746 -0.0613914 0.3220472,
-0.2884026 -0.0613914 0.3220472,
-0.2884026 -0.0613914 0.3188976,
-0.2884026 -0.0613914 0.3188976,
-0.2884026 -0.0613914 0.3220472,
-0.3454724 0.0615561 0.3220472,
-0.3454724 0.0615561 0.3188976,
-0.3454724 0.0615561 0.3188976,
-0.3454724 0.0615561 0.3220472,
-0.3243466 0.0615561 0.3220472,
-0.3243466 0.0615561 0.3188976,
-0.3243466 0.0615561 0.3188976,
-0.3243466 0.0615561 0.3220472,
-0.2769887 -0.0419570 0.3220472,
-0.2769887 -0.0419570 0.3188976,
-0.2769887 -0.0419570 0.3188976,
-0.2769887 -0.0419570 0.3220472,
-0.2295307 0.0615561 0.3220472,
-0.2295307 0.0615561 0.3188976,
-0.2295307 0.0615561 0.3188976,
-0.2295307 0.0615561 0.3220472,
-0.2085049 0.0615561 0.3220472,
-0.2085049 0.0615561 0.3188976,
-0.2085049 0.0615561 0.3188976,
-0.2085049 0.0615561 0.3220472,
-0.2654746 -0.0613914 0.3220472,
-0.2654746 -0.0613914 0.3188976,
-0.2085049 0.0615561 0.3188976,
-0.2654746 -0.0613914 0.3188976,
-0.2295307 0.0615561 0.3188976,
-0.2769887 -0.0419570 0.3188976,
-0.3243466 0.0615561 0.3188976,
-0.3454724 0.0615561 0.3188976,
-0.2884026 -0.0613914 0.3188976,
-0.2085049 0.0615561 0.3220472,
-0.2654746 -0.0613914 0.3220472,
-0.2295307 0.0615561 0.3220472,
-0.2769887 -0.0419570 0.3220472,
-0.3243466 0.0615561 0.3220472,
-0.3454724 0.0615561 0.3220472,
-0.2884026 -0.0613914 0.3220472,
-0.2074036 0.0475567 0.3188976,
-0.2074036 0.0475567 0.3220472,
-0.2074036 0.0615561 0.3220472,
-0.2074036 0.0615561 0.3188976,
-0.2074036 0.0615561 0.3188976,
-0.2074036 0.0615561 0.3220472,
-0.0809490 0.0615561 0.3220472,
-0.0809490 0.0615561 0.3188976,
-0.0809490 0.0615561 0.3188976,
-0.0809490 0.0615561 0.3220472,
-0.0809490 0.0475567 0.3220472,
-0.0809490 0.0475567 0.3188976,
-0.0809490 0.0475567 0.3188976,
-0.0809490 0.0475567 0.3220472,
-0.1340139 0.0475567 0.3220472,
-0.1340139 0.0475567 0.3188976,
-0.1340139 0.0475567 0.3188976,
-0.1340139 0.0475567 0.3220472,
-0.1340139 -0.0613914 0.3220472,
-0.1340139 -0.0613914 0.3188976,
-0.1340139 -0.0613914 0.3188976,
-0.1340139 -0.0613914 0.3220472,
-0.1543387 -0.0613914 0.3220472,
-0.1543387 -0.0613914 0.3188976,
-0.1543387 -0.0613914 0.3188976,
-0.1543387 -0.0613914 0.3220472,
-0.1543387 0.0475567 0.3220472,
-0.1543387 0.0475567 0.3188976,
-0.1543387 0.0475567 0.3188976,
-0.1543387 0.0475567 0.3220472,
-0.2074036 0.0475567 0.3220472,
-0.2074036 0.0475567 0.3188976,
-0.1543387 0.0475567 0.3188976,
-0.2074036 0.0475567 0.3188976,
-0.1543387 -0.0613914 0.3188976,
-0.1340139 -0.0613914 0.3188976,
-0.1340139 0.0475567 0.3188976,
-0.0809490 0.0475567 0.3188976,
-0.0809490 0.0615561 0.3188976,
-0.2074036 0.0615561 0.3188976,
-0.1543387 0.0475567 0.3220472,
-0.2074036 0.0475567 0.3220472,
-0.1543387 -0.0613914 0.3220472,
-0.1340139 -0.0613914 0.3220472,
-0.1340139 0.0475567 0.3220472,
-0.0809490 0.0475567 0.3220472,
-0.0809490 0.0615561 0.3220472,
-0.2074036 0.0615561 0.3220472,
0.0404995 -0.0438510 0.3188976,
0.0404995 -0.0438510 0.3220472,
0.0404995 -0.0108289 0.3220472,
0.0404995 -0.0108289 0.3188976,
0.0404995 -0.0108289 0.3188976,
0.0404995 -0.0108289 0.3220472,
0.0074591 -0.0108289 0.3220472,
0.0074591 -0.0108289 0.3188976,
0.0074591 -0.0108289 0.3188976,
0.0074591 -0.0108289 0.3220472,
0.0074591 0.0028410 0.3220472,
0.0074591 0.0028410 0.3188976,
0.0074591 0.0028410 0.3188976,
0.0074591 0.0028410 0.3220472,
0.0605240 0.0028410 0.3220472,
0.0605240 0.0028410 0.3188976,
0.0605240 0.0028410 0.3188976,
0.0605240 0.0028410 0.3220472,
0.0605240 -0.0499448 0.3220472,
0.0605240 -0.0499448 0.3188976,
0.0605240 -0.0499448 0.3188976,
0.0605240 -0.0499448 0.3220472,
0.0532791 -0.0537457 0.3220472,
0.0456018 -0.0569462 0.3220472,
0.0402432 -0.0587463 0.3220472,
0.0346924 -0.0602797 0.3220472,
0.0346924 -0.0602797 0.3188976,
0.0532791 -0.0537457 0.3188976,
0.0456018 -0.0569462 0.3188976,
0.0402432 -0.0587463 0.3188976,
0.0482089 -0.0559460 0.3204724,
0.0346924 -0.0602797 0.3188976,
0.0346924 -0.0602797 0.3220472,
0.0250695 -0.0622240 0.3220472,
0.0150239 -0.0633906 0.3220472,
0.0045556 -0.0637795 0.3220472,
0.0045556 -0.0637795 0.3188976,
0.0250695 -0.0622240 0.3188976,
0.0150239 -0.0633906 0.3188976,
0.0200996 -0.0629045 0.3204724,
0.0045556 -0.0637795 0.3188976,
0.0045556 -0.0637795 0.3220472,
-0.0067012 -0.0633117 0.3220472,
-0.0161071 -0.0620908 0.3220472,
-0.0239850 -0.0603440 0.3220472,
-0.0305992 -0.0582471 0.3220472,
-0.0361665 -0.0559348 0.3220472,
-0.0413687 -0.0532197 0.3220472,
-0.0457385 -0.0504318 0.3220472,
-0.0480459 -0.0487361 0.3220472,
-0.0502615 -0.0469391 0.3220472,
-0.0502615 -0.0469391 0.3188976,
-0.0067012 -0.0633117 0.3188976,
-0.0161071 -0.0620908 0.3188976,
-0.0239850 -0.0603440 0.3188976,
-0.0305992 -0.0582471 0.3188976,
-0.0361665 -0.0559348 0.3188976,
-0.0413687 -0.0532197 0.3188976,
-0.0457385 -0.0504318 0.3188976,
-0.0480459 -0.0487361 0.3188976,
-0.0266701 -0.0595694 0.3204724,
-0.0502615 -0.0469391 0.3188976,
-0.0502615 -0.0469391 0.3220472,
-0.0534198 -0.0440406 0.3220472,
-0.0563036 -0.0409585 0.3220472,
-0.0589127 -0.0376928 0.3220472,
-0.0612471 -0.0342436 0.3220472,
-0.0633069 -0.0306108 0.3220472,
-0.0650921 -0.0267944 0.3220472,
-0.0666026 -0.0227944 0.3220472,
-0.0678385 -0.0186109 0.3220472,
-0.0687997 -0.0142439 0.3220472,
-0.0694864 -0.0096932 0.3220472,
-0.0698983 -0.0049590 0.3220472,
-0.0700356 -0.0000412 0.3220472,
-0.0700356 -0.0000412 0.3188976,
-0.0534198 -0.0440406 0.3188976,
-0.0563036 -0.0409585 0.3188976,
-0.0589127 -0.0376928 0.3188976,
-0.0612471 -0.0342436 0.3188976,
-0.0633069 -0.0306108 0.3188976,
-0.0650921 -0.0267944 0.3188976,
-0.0666026 -0.0227944 0.3188976,
-0.0678385 -0.0186109 0.3188976,
-0.0687997 -0.0142439 0.3188976,
-0.0694864 -0.0096932 0.3188976,
-0.0698983 -0.0049590 0.3188976,
-0.0650921 -0.0267944 0.3204724,
-0.0700356 -0.0000412 0.3188976,
-0.0700356 -0.0000412 0.3220472,
-0.0697437 0.0070865 0.3220472,
-0.0689818 0.0131656 0.3220472,
-0.0678918 0.0183649 0.3220472,
-0.0664187 0.0233066 0.3220472,
-0.0645626 0.0279907 0.3220472,
-0.0625646 0.0319861 0.3220472,
-0.0605011 0.0354035 0.3220472,
-0.0581863 0.0386519 0.3220472,
-0.0556202 0.0417313 0.3220472,
-0.0530465 0.0444062 0.3220472,
-0.0502615 0.0469391 0.3220472,
-0.0502615 0.0469391 0.3188976,
-0.0697437 0.0070865 0.3188976,
-0.0689818 0.0131656 0.3188976,
-0.0678918 0.0183649 0.3188976,
-0.0664187 0.0233066 0.3188976,
-0.0645626 0.0279907 0.3188976,
-0.0625646 0.0319861 0.3188976,
-0.0605011 0.0354035 0.3188976,
-0.0581863 0.0386519 0.3188976,
-0.0556202 0.0417313 0.3188976,
-0.0530465 0.0444062 0.3188976,
-0.0650921 0.0267738 0.3204724,
-0.0502615 0.0469391 0.3188976,
-0.0502615 0.0469391 0.3220472,
-0.0468597 0.0496289 0.3220472,
-0.0432459 0.0520848 0.3220472,
-0.0394201 0.0543068 0.3220472,
-0.0353822 0.0562949 0.3220472,
-0.0311322 0.0580491 0.3220472,
-0.0266701 0.0595694 0.3220472,
-0.0219960 0.0608558 0.3220472,
-0.0171098 0.0619084 0.3220472,
-0.0120116 0.0627270 0.3220472,
-0.0048840 0.0634547 0.3220472,
-0.0002379 0.0636983 0.3220472,
0.0045556 0.0637795 0.3220472,
0.0045556 0.0637795 0.3188976,
-0.0468597 0.0496289 0.3188976,
-0.0432459 0.0520848 0.3188976,
-0.0394201 0.0543068 0.3188976,
-0.0353822 0.0562949 0.3188976,
-0.0311322 0.0580491 0.3188976,
-0.0266701 0.0595694 0.3188976,
-0.0219960 0.0608558 0.3188976,
-0.0171098 0.0619084 0.3188976,
-0.0120116 0.0627270 0.3188976,
-0.0048840 0.0634547 0.3188976,
-0.0002379 0.0636983 0.3188976,
-0.0266701 0.0595694 0.3204724,
0.0045556 0.0637795 0.3188976,
0.0045556 0.0637795 0.3220472,
0.0141395 0.0634501 0.3220472,
0.0234008 0.0624619 0.3220472,
0.0323395 0.0608149 0.3220472,
0.0323395 0.0608149 0.3188976,
0.0141395 0.0634501 0.3188976,
0.0234008 0.0624619 0.3188976,
0.0188105 0.0630384 0.3204724,
0.0323395 0.0608149 0.3188976,
0.0323395 0.0608149 0.3220472,
0.0408889 0.0585275 0.3220472,
0.0489821 0.0556178 0.3220472,
0.0566192 0.0520859 0.3220472,
0.0566192 0.0520859 0.3188976,
0.0408889 0.0585275 0.3188976,
0.0489821 0.0556178 0.3188976,
0.0449925 0.0571504 0.3204724,
0.0566192 0.0520859 0.3188976,
0.0566192 0.0520859 0.3220472,
0.0566192 0.0343808 0.3220472,
0.0566192 0.0343808 0.3188976,
0.0566192 0.0343808 0.3188976,
0.0566192 0.0343808 0.3220472,
0.0497648 0.0387264 0.3220472,
0.0433802 0.0420417 0.3220472,
0.0381499 0.0442782 0.3220472,
0.0327901 0.0461568 0.3220472,
0.0327901 0.0461568 0.3188976,
0.0497648 0.0387264 0.3188976,
0.0433802 0.0420417 0.3188976,
0.0381499 0.0442782 0.3188976,
0.0450551 0.0412364 0.3204724,
0.0327901 0.0461568 0.3188976,
0.0327901 0.0461568 0.3220472,
0.0258829 0.0480031 0.3220472,
0.0187859 0.0492731 0.3220472,
0.0125906 0.0499004 0.3220472,
0.0062577 0.0501095 0.3220472,
0.0062577 0.0501095 0.3188976,
0.0258829 0.0480031 0.3188976,
0.0187859 0.0492731 0.3188976,
0.0125906 0.0499004 0.3188976,
0.0198493 0.0491213 0.3204724,
0.0062577 0.0501095 0.3188976,
0.0062577 0.0501095 0.3220472,
-0.0025072 0.0497595 0.3220472,
-0.0097465 0.0488461 0.3220472,
-0.0151594 0.0476906 0.3220472,
-0.0196861 0.0463325 0.3220472,
-0.0238859 0.0446732 0.3220472,
-0.0273863 0.0429222 0.3220472,
-0.0303103 0.0411376 0.3220472,
-0.0327098 0.0394006 0.3220472,
-0.0349427 0.0375101 0.3220472,
-0.0349427 0.0375101 0.3188976,
-0.0025072 0.0497595 0.3188976,
-0.0097465 0.0488461 0.3188976,
-0.0151594 0.0476906 0.3188976,
-0.0196861 0.0463325 0.3188976,
-0.0238859 0.0446732 0.3188976,
-0.0273863 0.0429222 0.3188976,
-0.0303103 0.0411376 0.3188976,
-0.0327098 0.0394006 0.3188976,
-0.0177592 0.0469597 0.3204724,
-0.0349427 0.0375101 0.3188976,
-0.0349427 0.0375101 0.3220472,
-0.0371416 0.0353244 0.3220472,
-0.0391493 0.0329672 0.3220472,
-0.0409657 0.0304383 0.3220472,
-0.0425910 0.0277380 0.3220472,
-0.0440250 0.0248660 0.3220472,
-0.0452679 0.0218226 0.3220472,
-0.0463195 0.0186075 0.3220472,
-0.0471799 0.0152209 0.3220472,
-0.0478491 0.0116627 0.3220472,
-0.0483271 0.0079330 0.3220472,
-0.0486140 0.0040317 0.3220472,
-0.0487096 -0.0000412 0.3220472,
-0.0487096 -0.0000412 0.3188976,
-0.0371416 0.0353244 0.3188976,
-0.0391493 0.0329672 0.3188976,
-0.0409657 0.0304383 0.3188976,
-0.0425910 0.0277380 0.3188976,
-0.0440250 0.0248660 0.3188976,
-0.0452679 0.0218226 0.3188976,
-0.0463195 0.0186075 0.3188976,
-0.0471799 0.0152209 0.3188976,
-0.0478491 0.0116627 0.3188976,
-0.0483271 0.0079330 0.3188976,
-0.0486140 0.0040317 0.3188976,
-0.0452679 0.0218226 0.3204724,
-0.0487096 -0.0000412 0.3188976,
-0.0487096 -0.0000412 0.3220472,
-0.0483998 -0.0072259 0.3220472,
-0.0476948 -0.0126408 0.3220472,
-0.0466796 -0.0173316 0.3220472,
-0.0454679 -0.0212878 0.3220472,
-0.0441361 -0.0246333 0.3220472,
-0.0425757 -0.0277749 0.3220472,
-0.0407866 -0.0307128 0.3220472,
-0.0387689 -0.0334470 0.3220472,
-0.0369335 -0.0355478 0.3220472,
-0.0349427 -0.0375101 0.3220472,
-0.0349427 -0.0375101 0.3188976,
-0.0483998 -0.0072259 0.3188976,
-0.0476948 -0.0126408 0.3188976,
-0.0466796 -0.0173316 0.3188976,
-0.0454679 -0.0212878 0.3188976,
-0.0441361 -0.0246333 0.3188976,
-0.0425757 -0.0277749 0.3188976,
-0.0407866 -0.0307128 0.3188976,
-0.0387689 -0.0334470 0.3188976,
-0.0369335 -0.0355478 0.3188976,
-0.0452679 -0.0218431 0.3204724,
-0.0349427 -0.0375101 0.3188976,
-0.0349427 -0.0375101 0.3220472,
-0.0325533 -0.0395225 0.3220472,
-0.0299742 -0.0413599 0.3220472,
-0.0272051 -0.0430223 0.3220472,
-0.0242463 -0.0445098 0.3220472,
-0.0210977 -0.0458222 0.3220472,
-0.0177592 -0.0469597 0.3220472,
-0.0142309 -0.0479221 0.3220472,
-0.0105129 -0.0487096 0.3220472,
-0.0066050 -0.0493221 0.3220472,
-0.0010991 -0.0498665 0.3220472,
0.0025133 -0.0500488 0.3220472,
0.0062577 -0.0501095 0.3220472,
0.0062577 -0.0501095 0.3188976,
-0.0325533 -0.0395225 0.3188976,
-0.0299742 -0.0413599 0.3188976,
-0.0272051 -0.0430223 0.3188976,
-0.0242463 -0.0445098 0.3188976,
-0.0210977 -0.0458222 0.3188976,
-0.0177592 -0.0469597 0.3188976,
-0.0142309 -0.0479221 0.3188976,
-0.0105129 -0.0487096 0.3188976,
-0.0066050 -0.0493221 0.3188976,
-0.0010991 -0.0498665 0.3188976,
0.0025133 -0.0500488 0.3188976,
-0.0177592 -0.0469597 0.3204724,
0.0062577 -0.0501095 0.3188976,
0.0062577 -0.0501095 0.3220472,
0.0131438 -0.0499403 0.3220472,
0.0195183 -0.0494324 0.3220472,
0.0253810 -0.0485861 0.3220472,
0.0253810 -0.0485861 0.3188976,
0.0131438 -0.0499403 0.3188976,
0.0195183 -0.0494324 0.3188976,
0.0163950 -0.0497287 0.3204724,
0.0253810 -0.0485861 0.3188976,
0.0253810 -0.0485861 0.3220472,
0.0307988 -0.0473829 0.3220472,
0.0358383 -0.0458045 0.3220472,
0.0382162 -0.0448746 0.3220472,
0.0404995 -0.0438510 0.3220472,
0.0404995 -0.0438510 0.3188976,
0.0307988 -0.0473829 0.3188976,
0.0358383 -0.0458045 0.3188976,
0.0382162 -0.0448746 0.3188976,
0.0333658 -0.0466406 0.3204724,
0.0253810 -0.0485861 0.3188976,
0.0307988 -0.0473829 0.3188976,
0.0358383 -0.0458045 0.3188976,
0.0382162 -0.0448746 0.3188976,
0.0404995 -0.0438510 0.3188976,
0.0062577 -0.0501095 0.3188976,
0.0131438 -0.0499403 0.3188976,
0.0195183 -0.0494324 0.3188976,
-0.0349427 -0.0375101 0.3188976,
-0.0325533 -0.0395225 0.3188976,
-0.0299742 -0.0413599 0.3188976,
-0.0272051 -0.0430223 0.3188976,
-0.0242463 -0.0445098 0.3188976,
-0.0210977 -0.0458222 0.3188976,
-0.0177592 -0.0469597 0.3188976,
-0.0142309 -0.0479221 0.3188976,
-0.0105129 -0.0487096 0.3188976,
-0.0066050 -0.0493221 0.3188976,
-0.0010991 -0.0498665 0.3188976,
0.0025133 -0.0500488 0.3188976,
-0.0487096 -0.0000412 0.3188976,
-0.0483998 -0.0072259 0.3188976,
-0.0476948 -0.0126408 0.3188976,
-0.0466796 -0.0173316 0.3188976,
-0.0454679 -0.0212878 0.3188976,
-0.0441361 -0.0246333 0.3188976,
-0.0425757 -0.0277749 0.3188976,
-0.0407866 -0.0307128 0.3188976,
-0.0387689 -0.0334470 0.3188976,
-0.0369335 -0.0355478 0.3188976,
-0.0349427 0.0375101 0.3188976,
-0.0371416 0.0353244 0.3188976,
-0.0391493 0.0329672 0.3188976,
-0.0409657 0.0304383 0.3188976,
-0.0425910 0.0277380 0.3188976,
-0.0440250 0.0248660 0.3188976,
-0.0452679 0.0218226 0.3188976,
-0.0463195 0.0186075 0.3188976,
-0.0471799 0.0152209 0.3188976,
-0.0478491 0.0116627 0.3188976,
-0.0483271 0.0079330 0.3188976,
-0.0486140 0.0040317 0.3188976,
0.0062577 0.0501095 0.3188976,
-0.0025072 0.0497595 0.3188976,
-0.0097465 0.0488461 0.3188976,
-0.0151594 0.0476906 0.3188976,
-0.0196861 0.0463325 0.3188976,
-0.0238859 0.0446732 0.3188976,
-0.0273863 0.0429222 0.3188976,
-0.0303103 0.0411376 0.3188976,
-0.0327098 0.0394006 0.3188976,
0.0327901 0.0461568 0.3188976,
0.0258829 0.0480031 0.3188976,
0.0187859 0.0492731 0.3188976,
0.0125906 0.0499004 0.3188976,
0.0566192 0.0343808 0.3188976,
0.0497648 0.0387264 0.3188976,
0.0433802 0.0420417 0.3188976,
0.0381499 0.0442782 0.3188976,
0.0566192 0.0520859 0.3188976,
0.0323395 0.0608149 0.3188976,
0.0408889 0.0585275 0.3188976,
0.0489821 0.0556178 0.3188976,
0.0045556 0.0637795 0.3188976,
0.0141395 0.0634501 0.3188976,
0.0234008 0.0624619 0.3188976,
-0.0502615 0.0469391 0.3188976,
-0.0468597 0.0496289 0.3188976,
-0.0432459 0.0520848 0.3188976,
-0.0394201 0.0543068 0.3188976,
-0.0353822 0.0562949 0.3188976,
-0.0311322 0.0580491 0.3188976,
-0.0266701 0.0595694 0.3188976,
-0.0219960 0.0608558 0.3188976,
-0.0171098 0.0619084 0.3188976,
-0.0120116 0.0627270 0.3188976,
-0.0048840 0.0634547 0.3188976,
-0.0002379 0.0636983 0.3188976,
-0.0700356 -0.0000412 0.3188976,
-0.0697437 0.0070865 0.3188976,
-0.0689818 0.0131656 0.3188976,
-0.0678918 0.0183649 0.3188976,
-0.0664187 0.0233066 0.3188976,
-0.0645626 0.0279907 0.3188976,
-0.0625646 0.0319861 0.3188976,
-0.0605011 0.0354035 0.3188976,
-0.0581863 0.0386519 0.3188976,
-0.0556202 0.0417313 0.3188976,
-0.0530465 0.0444062 0.3188976,
-0.0502615 -0.0469391 0.3188976,
-0.0534198 -0.0440406 0.3188976,
-0.0563036 -0.0409585 0.3188976,
-0.0589127 -0.0376928 0.3188976,
-0.0612471 -0.0342436 0.3188976,
-0.0633069 -0.0306108 0.3188976,
-0.0650921 -0.0267944 0.3188976,
-0.0666026 -0.0227944 0.3188976,
-0.0678385 -0.0186109 0.3188976,
-0.0687997 -0.0142439 0.3188976,
-0.0694864 -0.0096932 0.3188976,
-0.0698983 -0.0049590 0.3188976,
0.0045556 -0.0637795 0.3188976,
-0.0067012 -0.0633117 0.3188976,
-0.0161071 -0.0620908 0.3188976,
-0.0239850 -0.0603440 0.3188976,
-0.0305992 -0.0582471 0.3188976,
-0.0361665 -0.0559348 0.3188976,
-0.0413687 -0.0532197 0.3188976,
-0.0457385 -0.0504318 0.3188976,
-0.0480459 -0.0487361 0.3188976,
0.0346924 -0.0602797 0.3188976,
0.0250695 -0.0622240 0.3188976,
0.0150239 -0.0633906 0.3188976,
0.0605240 -0.0499448 0.3188976,
0.0532791 -0.0537457 0.3188976,
0.0456018 -0.0569462 0.3188976,
0.0402432 -0.0587463 0.3188976,
0.0605240 0.0028410 0.3188976,
0.0074591 0.0028410 0.3188976,
0.0074591 -0.0108289 0.3188976,
0.0404995 -0.0108289 0.3188976,
0.0253810 -0.0485861 0.3220472,
0.0307988 -0.0473829 0.3220472,
0.0358383 -0.0458045 0.3220472,
0.0382162 -0.0448746 0.3220472,
0.0404995 -0.0438510 0.3220472,
0.0062577 -0.0501095 0.3220472,
0.0131438 -0.0499403 0.3220472,
0.0195183 -0.0494324 0.3220472,
-0.0349427 -0.0375101 0.3220472,
-0.0325533 -0.0395225 0.3220472,
-0.0299742 -0.0413599 0.3220472,
-0.0272051 -0.0430223 0.3220472,
-0.0242463 -0.0445098 0.3220472,
-0.0210977 -0.0458222 0.3220472,
-0.0177592 -0.0469597 0.3220472,
-0.0142309 -0.0479221 0.3220472,
-0.0105129 -0.0487096 0.3220472,
-0.0066050 -0.0493221 0.3220472,
-0.0010991 -0.0498665 0.3220472,
0.0025133 -0.0500488 0.3220472,
-0.0487096 -0.0000412 0.3220472,
-0.0483998 -0.0072259 0.3220472,
-0.0476948 -0.0126408 0.3220472,
-0.0466796 -0.0173316 0.3220472,
-0.0454679 -0.0212878 0.3220472,
-0.0441361 -0.0246333 0.3220472,
-0.0425757 -0.0277749 0.3220472,
-0.0407866 -0.0307128 0.3220472,
-0.0387689 -0.0334470 0.3220472,
-0.0369335 -0.0355478 0.3220472,
-0.0349427 0.0375101 0.3220472,
-0.0371416 0.0353244 0.3220472,
-0.0391493 0.0329672 0.3220472,
-0.0409657 0.0304383 0.3220472,
-0.0425910 0.0277380 0.3220472,
-0.0440250 0.0248660 0.3220472,
-0.0452679 0.0218226 0.3220472,
-0.0463195 0.0186075 0.3220472,
-0.0471799 0.0152209 0.3220472,
-0.0478491 0.0116627 0.3220472,
-0.0483271 0.0079330 0.3220472,
-0.0486140 0.0040317 0.3220472,
0.0062577 0.0501095 0.3220472,
-0.0025072 0.0497595 0.3220472,
-0.0097465 0.0488461 0.3220472,
-0.0151594 0.0476906 0.3220472,
-0.0196861 0.0463325 0.3220472,
-0.0238859 0.0446732 0.3220472,
-0.0273863 0.0429222 0.3220472,
-0.0303103 0.0411376 0.3220472,
-0.0327098 0.0394006 0.3220472,
0.0327901 0.0461568 0.3220472,
0.0258829 0.0480031 0.3220472,
0.0187859 0.0492731 0.3220472,
0.0125906 0.0499004 0.3220472,
0.0566192 0.0343808 0.3220472,
0.0497648 0.0387264 0.3220472,
0.0433802 0.0420417 0.3220472,
0.0381499 0.0442782 0.3220472,
0.0566192 0.0520859 0.3220472,
0.0323395 0.0608149 0.3220472,
0.0408889 0.0585275 0.3220472,
0.0489821 0.0556178 0.3220472,
0.0045556 0.0637795 0.3220472,
0.0141395 0.0634501 0.3220472,
0.0234008 0.0624619 0.3220472,
-0.0502615 0.0469391 0.3220472,
-0.0468597 0.0496289 0.3220472,
-0.0432459 0.0520848 0.3220472,
-0.0394201 0.0543068 0.3220472,
-0.0353822 0.0562949 0.3220472,
-0.0311322 0.0580491 0.3220472,
-0.0266701 0.0595694 0.3220472,
-0.0219960 0.0608558 0.3220472,
-0.0171098 0.0619084 0.3220472,
-0.0120116 0.0627270 0.3220472,
-0.0048840 0.0634547 0.3220472,
-0.0002379 0.0636983 0.3220472,
-0.0700356 -0.0000412 0.3220472,
-0.0697437 0.0070865 0.3220472,
-0.0689818 0.0131656 0.3220472,
-0.0678918 0.0183649 0.3220472,
-0.0664187 0.0233066 0.3220472,
-0.0645626 0.0279907 0.3220472,
-0.0625646 0.0319861 0.3220472,
-0.0605011 0.0354035 0.3220472,
-0.0581863 0.0386519 0.3220472,
-0.0556202 0.0417313 0.3220472,
-0.0530465 0.0444062 0.3220472,
-0.0502615 -0.0469391 0.3220472,
-0.0534198 -0.0440406 0.3220472,
-0.0563036 -0.0409585 0.3220472,
-0.0589127 -0.0376928 0.3220472,
-0.0612471 -0.0342436 0.3220472,
-0.0633069 -0.0306108 0.3220472,
-0.0650921 -0.0267944 0.3220472,
-0.0666026 -0.0227944 0.3220472,
-0.0678385 -0.0186109 0.3220472,
-0.0687997 -0.0142439 0.3220472,
-0.0694864 -0.0096932 0.3220472,
-0.0698983 -0.0049590 0.3220472,
0.0045556 -0.0637795 0.3220472,
-0.0067012 -0.0633117 0.3220472,
-0.0161071 -0.0620908 0.3220472,
-0.0239850 -0.0603440 0.3220472,
-0.0305992 -0.0582471 0.3220472,
-0.0361665 -0.0559348 0.3220472,
-0.0413687 -0.0532197 0.3220472,
-0.0457385 -0.0504318 0.3220472,
-0.0480459 -0.0487361 0.3220472,
0.0346924 -0.0602797 0.3220472,
0.0250695 -0.0622240 0.3220472,
0.0150239 -0.0633906 0.3220472,
0.0605240 -0.0499448 0.3220472,
0.0532791 -0.0537457 0.3220472,
0.0456018 -0.0569462 0.3220472,
0.0402432 -0.0587463 0.3220472,
0.0605240 0.0028410 0.3220472,
0.0074591 0.0028410 0.3220472,
0.0074591 -0.0108289 0.3220472,
0.0404995 -0.0108289 0.3220472,
0.0974692 -0.0613914 0.3188976,
0.0974692 -0.0613914 0.3220472,
0.0974692 0.0615561 0.3220472,
0.0974692 0.0615561 0.3188976,
0.0974692 0.0615561 0.3188976,
0.0974692 0.0615561 0.3220472,
0.1919847 0.0615561 0.3220472,
0.1919847 0.0615561 0.3188976,
0.1919847 0.0615561 0.3188976,
0.1919847 0.0615561 0.3220472,
0.1919847 0.0475567 0.3220472,
0.1919847 0.0475567 0.3188976,
0.1919847 0.0475567 0.3188976,
0.1919847 0.0475567 0.3220472,
0.1176939 0.0475567 0.3220472,
0.1176939 0.0475567 0.3188976,
0.1176939 0.0475567 0.3188976,
0.1176939 0.0475567 0.3220472,
0.1176939 0.0111583 0.3220472,
0.1176939 0.0111583 0.3188976,
0.1176939 0.0111583 0.3188976,
0.1176939 0.0111583 0.3220472,
0.1888810 0.0111583 0.3220472,
0.1888810 0.0111583 0.3188976,
0.1888810 0.0111583 0.3188976,
0.1888810 0.0111583 0.3220472,
0.1888810 -0.0028410 0.3220472,
0.1888810 -0.0028410 0.3188976,
0.1888810 -0.0028410 0.3188976,
0.1888810 -0.0028410 0.3220472,
0.1176939 -0.0028410 0.3220472,
0.1176939 -0.0028410 0.3188976,
0.1176939 -0.0028410 0.3188976,
0.1176939 -0.0028410 0.3220472,
0.1176939 -0.0473920 0.3220472,
0.1176939 -0.0473920 0.3188976,
0.1176939 -0.0473920 0.3188976,
0.1176939 -0.0473920 0.3220472,
0.1937869 -0.0473920 0.3220472,
0.1937869 -0.0473920 0.3188976,
0.1937869 -0.0473920 0.3188976,
0.1937869 -0.0473920 0.3220472,
0.1937869 -0.0613914 0.3220472,
0.1937869 -0.0613914 0.3188976,
0.1937869 -0.0613914 0.3188976,
0.1937869 -0.0613914 0.3220472,
0.0974692 -0.0613914 0.3220472,
0.0974692 -0.0613914 0.3188976,
0.1937869 -0.0613914 0.3188976,
0.0974692 -0.0613914 0.3188976,
0.1937869 -0.0473920 0.3188976,
0.1176939 -0.0473920 0.3188976,
0.1176939 -0.0028410 0.3188976,
0.1888810 -0.0028410 0.3188976,
0.1888810 0.0111583 0.3188976,
0.1176939 0.0111583 0.3188976,
0.1176939 0.0475567 0.3188976,
0.1919847 0.0475567 0.3188976,
0.1919847 0.0615561 0.3188976,
0.0974692 0.0615561 0.3188976,
0.1937869 -0.0613914 0.3220472,
0.0974692 -0.0613914 0.3220472,
0.1937869 -0.0473920 0.3220472,
0.1176939 -0.0473920 0.3220472,
0.1176939 -0.0028410 0.3220472,
0.1888810 -0.0028410 0.3220472,
0.1888810 0.0111583 0.3220472,
0.1176939 0.0111583 0.3220472,
0.1176939 0.0475567 0.3220472,
0.1919847 0.0475567 0.3220472,
0.1919847 0.0615561 0.3220472,
0.0974692 0.0615561 0.3220472,
0.2085049 -0.0613914 0.3188976,
0.2085049 -0.0613914 0.3220472,
0.2655747 0.0615561 0.3220472,
0.2655747 0.0615561 0.3188976,
0.2655747 0.0615561 0.3188976,
0.2655747 0.0615561 0.3220472,
0.2885028 0.0615561 0.3220472,
0.2885028 0.0615561 0.3188976,
0.2885028 0.0615561 0.3188976,
0.2885028 0.0615561 0.3220472,
0.3454724 -0.0613914 0.3220472,
0.3454724 -0.0613914 0.3188976,
0.3454724 -0.0613914 0.3188976,
0.3454724 -0.0613914 0.3220472,
0.3244467 -0.0613914 0.3220472,
0.3244467 -0.0613914 0.3188976,
0.3244467 -0.0613914 0.3188976,
0.3244467 -0.0613914 0.3220472,
0.3108301 -0.0298516 0.3220472,
0.3108301 -0.0298516 0.3188976,
0.3108301 -0.0298516 0.3188976,
0.3108301 -0.0298516 0.3220472,
0.2434477 -0.0298516 0.3220472,
0.2434477 -0.0298516 0.3188976,
0.2434477 -0.0298516 0.3188976,
0.2434477 -0.0298516 0.3220472,
0.2298310 -0.0613914 0.3220472,
0.2298310 -0.0613914 0.3188976,
0.2298310 -0.0613914 0.3188976,
0.2298310 -0.0613914 0.3220472,
0.2085049 -0.0613914 0.3220472,
0.2085049 -0.0613914 0.3188976,
0.3045223 -0.0160169 0.3188976,
0.3045223 -0.0160169 0.3220472,
0.2769887 0.0451686 0.3220472,
0.2769887 0.0451686 0.3188976,
0.2769887 0.0451686 0.3188976,
0.2769887 0.0451686 0.3220472,
0.2495551 -0.0160169 0.3220472,
0.2495551 -0.0160169 0.3188976,
0.2495551 -0.0160169 0.3188976,
0.2495551 -0.0160169 0.3220472,
0.3045223 -0.0160169 0.3220472,
0.3045223 -0.0160169 0.3188976,
0.2298310 -0.0613914 0.3188976,
0.2085049 -0.0613914 0.3188976,
0.2434477 -0.0298516 0.3188976,
0.3108301 -0.0298516 0.3188976,
0.3244467 -0.0613914 0.3188976,
0.3454724 -0.0613914 0.3188976,
0.2885028 0.0615561 0.3188976,
0.2655747 0.0615561 0.3188976,
0.2495551 -0.0160169 0.3188976,
0.3045223 -0.0160169 0.3188976,
0.2769887 0.0451686 0.3188976,
0.2298310 -0.0613914 0.3220472,
0.2085049 -0.0613914 0.3220472,
0.2434477 -0.0298516 0.3220472,
0.3108301 -0.0298516 0.3220472,
0.3244467 -0.0613914 0.3220472,
0.3454724 -0.0613914 0.3220472,
0.2885028 0.0615561 0.3220472,
0.2655747 0.0615561 0.3220472,
0.2495551 -0.0160169 0.3220472,
0.3045223 -0.0160169 0.3220472,
0.2769887 0.0451686 0.3220472,
-0.2263780 -0.4724409 0.3216535,
-0.2265761 -0.4680296 0.3216535,
-0.2271688 -0.4636537 0.3216535,
-0.2281514 -0.4593486 0.3216535,
-0.2295160 -0.4551489 0.3216535,
-0.2312515 -0.4510884 0.3216535,
-0.2333441 -0.4471998 0.3216535,
-0.2357767 -0.4435145 0.3216535,
-0.2385299 -0.4400621 0.3216535,
-0.2415816 -0.4368703 0.3216535,
-0.2449070 -0.4339650 0.3216535,
-0.2484795 -0.4313694 0.3216535,
-0.2522702 -0.4291046 0.3216535,
-0.2562488 -0.4271886 0.3216535,
-0.2603830 -0.4256370 0.3216535,
-0.2646397 -0.4244622 0.3216535,
-0.2689846 -0.4236737 0.3216535,
-0.2733826 -0.4232779 0.3216535,
-0.2777985 -0.4232779 0.3216535,
-0.2821965 -0.4236737 0.3216535,
-0.2865414 -0.4244622 0.3216535,
-0.2907981 -0.4256370 0.3216535,
-0.2949323 -0.4271886 0.3216535,
-0.2989109 -0.4291046 0.3216535,
-0.3027016 -0.4313694 0.3216535,
-0.3062741 -0.4339650 0.3216535,
-0.3095995 -0.4368703 0.3216535,
-0.3126512 -0.4400621 0.3216535,
-0.3154044 -0.4435145 0.3216535,
-0.3178370 -0.4471998 0.3216535,
-0.3199296 -0.4510884 0.3216535,
-0.3216651 -0.4551489 0.3216535,
-0.3230297 -0.4593486 0.3216535,
-0.3240123 -0.4636537 0.3216535,
-0.3246050 -0.4680296 0.3216535,
-0.3248031 -0.4724409 0.3216535,
-0.3246050 -0.4768523 0.3216535,
-0.3240123 -0.4812282 0.3216535,
-0.3230297 -0.4855333 0.3216535,
-0.3216651 -0.4897330 0.3216535,
-0.3199296 -0.4937935 0.3216535,
-0.3178370 -0.4976821 0.3216535,
-0.3154044 -0.5013674 0.3216535,
-0.3126512 -0.5048198 0.3216535,
-0.3095995 -0.5080116 0.3216535,
-0.3062741 -0.5109169 0.3216535,
-0.3027016 -0.5135125 0.3216535,
-0.2989109 -0.5157773 0.3216535,
-0.2949323 -0.5176933 0.3216535,
-0.2907981 -0.5192449 0.3216535,
-0.2865414 -0.5204197 0.3216535,
-0.2821965 -0.5212082 0.3216535,
-0.2777985 -0.5216040 0.3216535,
-0.2733826 -0.5216040 0.3216535,
-0.2689846 -0.5212082 0.3216535,
-0.2646397 -0.5204197 0.3216535,
-0.2603830 -0.5192449 0.3216535,
-0.2562488 -0.5176933 0.3216535,
-0.2522702 -0.5157773 0.3216535,
-0.2484795 -0.5135125 0.3216535,
-0.2449070 -0.5109169 0.3216535,
-0.2415816 -0.5080116 0.3216535,
-0.2385299 -0.5048198 0.3216535,
-0.2357767 -0.5013674 0.3216535,
-0.2333441 -0.4976821 0.3216535,
-0.2312515 -0.4937935 0.3216535,
-0.2295160 -0.4897330 0.3216535,
-0.2281514 -0.4855333 0.3216535,
-0.2271688 -0.4812282 0.3216535,
-0.2265761 -0.4768523 0.3216535,
-0.2263780 -0.4724409 0.3216535,
-0.2263780 -0.4724409 0.3188976,
-0.2263780 -0.4724409 0.3188976,
-0.2265761 -0.4680296 0.3188976,
-0.2271688 -0.4636537 0.3188976,
-0.2281514 -0.4593486 0.3188976,
-0.2295160 -0.4551489 0.3188976,
-0.2312515 -0.4510884 0.3188976,
-0.2333441 -0.4471998 0.3188976,
-0.2357767 -0.4435145 0.3188976,
-0.2385299 -0.4400621 0.3188976,
-0.2415816 -0.4368703 0.3188976,
-0.2449070 -0.4339650 0.3188976,
-0.2484795 -0.4313694 0.3188976,
-0.2522702 -0.4291046 0.3188976,
-0.2562488 -0.4271886 0.3188976,
-0.2603830 -0.4256370 0.3188976,
-0.2646397 -0.4244622 0.3188976,
-0.2689846 -0.4236737 0.3188976,
-0.2733826 -0.4232779 0.3188976,
-0.2777985 -0.4232779 0.3188976,
-0.2821965 -0.4236737 0.3188976,
-0.2865414 -0.4244622 0.3188976,
-0.2907981 -0.4256370 0.3188976,
-0.2949323 -0.4271886 0.3188976,
-0.2989109 -0.4291046 0.3188976,
-0.3027016 -0.4313694 0.3188976,
-0.3062741 -0.4339650 0.3188976,
-0.3095995 -0.4368703 0.3188976,
-0.3126512 -0.4400621 0.3188976,
-0.3154044 -0.4435145 0.3188976,
-0.3178370 -0.4471998 0.3188976,
-0.3199296 -0.4510884 0.3188976,
-0.3216651 -0.4551489 0.3188976,
-0.3230297 -0.4593486 0.3188976,
-0.3240123 -0.4636537 0.3188976,
-0.3246050 -0.4680296 0.3188976,
-0.3248031 -0.4724409 0.3188976,
-0.3246050 -0.4768523 0.3188976,
-0.3240123 -0.4812282 0.3188976,
-0.3230297 -0.4855333 0.3188976,
-0.3216651 -0.4897330 0.3188976,
-0.3199296 -0.4937935 0.3188976,
-0.3178370 -0.4976821 0.3188976,
-0.3154044 -0.5013674 0.3188976,
-0.3126512 -0.5048198 0.3188976,
-0.3095995 -0.5080116 0.3188976,
-0.3062741 -0.5109169 0.3188976,
-0.3027016 -0.5135125 0.3188976,
-0.2989109 -0.5157773 0.3188976,
-0.2949323 -0.5176933 0.3188976,
-0.2907981 -0.5192449 0.3188976,
-0.2865414 -0.5204197 0.3188976,
-0.2821965 -0.5212082 0.3188976,
-0.2777985 -0.5216040 0.3188976,
-0.2733826 -0.5216040 0.3188976,
-0.2689846 -0.5212082 0.3188976,
-0.2646397 -0.5204197 0.3188976,
-0.2603830 -0.5192449 0.3188976,
-0.2562488 -0.5176933 0.3188976,
-0.2522702 -0.5157773 0.3188976,
-0.2484795 -0.5135125 0.3188976,
-0.2449070 -0.5109169 0.3188976,
-0.2415816 -0.5080116 0.3188976,
-0.2385299 -0.5048198 0.3188976,
-0.2357767 -0.5013674 0.3188976,
-0.2333441 -0.4976821 0.3188976,
-0.2312515 -0.4937935 0.3188976,
-0.2295160 -0.4897330 0.3188976,
-0.2281514 -0.4855333 0.3188976,
-0.2271688 -0.4812282 0.3188976,
-0.2265761 -0.4768523 0.3188976,
-0.2263780 -0.4724409 0.3216535,
-0.2265761 -0.4680296 0.3216535,
-0.2271688 -0.4636537 0.3216535,
-0.2281514 -0.4593486 0.3216535,
-0.2295160 -0.4551489 0.3216535,
-0.2312515 -0.4510884 0.3216535,
-0.2333441 -0.4471998 0.3216535,
-0.2357767 -0.4435145 0.3216535,
-0.2385299 -0.4400621 0.3216535,
-0.2415816 -0.4368703 0.3216535,
-0.2449070 -0.4339650 0.3216535,
-0.2484795 -0.4313694 0.3216535,
-0.2522702 -0.4291046 0.3216535,
-0.2562488 -0.4271886 0.3216535,
-0.2603830 -0.4256370 0.3216535,
-0.2646397 -0.4244622 0.3216535,
-0.2689846 -0.4236737 0.3216535,
-0.2733826 -0.4232779 0.3216535,
-0.2777985 -0.4232779 0.3216535,
-0.2821965 -0.4236737 0.3216535,
-0.2865414 -0.4244622 0.3216535,
-0.2907981 -0.4256370 0.3216535,
-0.2949323 -0.4271886 0.3216535,
-0.2989109 -0.4291046 0.3216535,
-0.3027016 -0.4313694 0.3216535,
-0.3062741 -0.4339650 0.3216535,
-0.3095995 -0.4368703 0.3216535,
-0.3126512 -0.4400621 0.3216535,
-0.3154044 -0.4435145 0.3216535,
-0.3178370 -0.4471998 0.3216535,
-0.3199296 -0.4510884 0.3216535,
-0.3216651 -0.4551489 0.3216535,
-0.3230297 -0.4593486 0.3216535,
-0.3240123 -0.4636537 0.3216535,
-0.3246050 -0.4680296 0.3216535,
-0.3248031 -0.4724409 0.3216535,
-0.3246050 -0.4768523 0.3216535,
-0.3240123 -0.4812282 0.3216535,
-0.3230297 -0.4855333 0.3216535,
-0.3216651 -0.4897330 0.3216535,
-0.3199296 -0.4937935 0.3216535,
-0.3178370 -0.4976821 0.3216535,
-0.3154044 -0.5013674 0.3216535,
-0.3126512 -0.5048198 0.3216535,
-0.3095995 -0.5080116 0.3216535,
-0.3062741 -0.5109169 0.3216535,
-0.3027016 -0.5135125 0.3216535,
-0.2989109 -0.5157773 0.3216535,
-0.2949323 -0.5176933 0.3216535,
-0.2907981 -0.5192449 0.3216535,
-0.2865414 -0.5204197 0.3216535,
-0.2821965 -0.5212082 0.3216535,
-0.2777985 -0.5216040 0.3216535,
-0.2733826 -0.5216040 0.3216535,
-0.2689846 -0.5212082 0.3216535,
-0.2646397 -0.5204197 0.3216535,
-0.2603830 -0.5192449 0.3216535,
-0.2562488 -0.5176933 0.3216535,
-0.2522702 -0.5157773 0.3216535,
-0.2484795 -0.5135125 0.3216535,
-0.2449070 -0.5109169 0.3216535,
-0.2415816 -0.5080116 0.3216535,
-0.2385299 -0.5048198 0.3216535,
-0.2357767 -0.5013674 0.3216535,
-0.2333441 -0.4976821 0.3216535,
-0.2312515 -0.4937935 0.3216535,
-0.2295160 -0.4897330 0.3216535,
-0.2281514 -0.4855333 0.3216535,
-0.2271688 -0.4812282 0.3216535,
-0.2265761 -0.4768523 0.3216535,
-0.2263780 -0.4724409 0.3188976,
-0.2265761 -0.4680296 0.3188976,
-0.2271688 -0.4636537 0.3188976,
-0.2281514 -0.4593486 0.3188976,
-0.2295160 -0.4551489 0.3188976,
-0.2312515 -0.4510884 0.3188976,
-0.2333441 -0.4471998 0.3188976,
-0.2357767 -0.4435145 0.3188976,
-0.2385299 -0.4400621 0.3188976,
-0.2415816 -0.4368703 0.3188976,
-0.2449070 -0.4339650 0.3188976,
-0.2484795 -0.4313694 0.3188976,
-0.2522702 -0.4291046 0.3188976,
-0.2562488 -0.4271886 0.3188976,
-0.2603830 -0.4256370 0.3188976,
-0.2646397 -0.4244622 0.3188976,
-0.2689846 -0.4236737 0.3188976,
-0.2733826 -0.4232779 0.3188976,
-0.2777985 -0.4232779 0.3188976,
-0.2821965 -0.4236737 0.3188976,
-0.2865414 -0.4244622 0.3188976,
-0.2907981 -0.4256370 0.3188976,
-0.2949323 -0.4271886 0.3188976,
-0.2989109 -0.4291046 0.3188976,
-0.3027016 -0.4313694 0.3188976,
-0.3062741 -0.4339650 0.3188976,
-0.3095995 -0.4368703 0.3188976,
-0.3126512 -0.4400621 0.3188976,
-0.3154044 -0.4435145 0.3188976,
-0.3178370 -0.4471998 0.3188976,
-0.3199296 -0.4510884 0.3188976,
-0.3216651 -0.4551489 0.3188976,
-0.3230297 -0.4593486 0.3188976,
-0.3240123 -0.4636537 0.3188976,
-0.3246050 -0.4680296 0.3188976,
-0.3248031 -0.4724409 0.3188976,
-0.3246050 -0.4768523 0.3188976,
-0.3240123 -0.4812282 0.3188976,
-0.3230297 -0.4855333 0.3188976,
-0.3216651 -0.4897330 0.3188976,
-0.3199296 -0.4937935 0.3188976,
-0.3178370 -0.4976821 0.3188976,
-0.3154044 -0.5013674 0.3188976,
-0.3126512 -0.5048198 0.3188976,
-0.3095995 -0.5080116 0.3188976,
-0.3062741 -0.5109169 0.3188976,
-0.3027016 -0.5135125 0.3188976,
-0.2989109 -0.5157773 0.3188976,
-0.2949323 -0.5176933 0.3188976,
-0.2907981 -0.5192449 0.3188976,
-0.2865414 -0.5204197 0.3188976,
-0.2821965 -0.5212082 0.3188976,
-0.2777985 -0.5216040 0.3188976,
-0.2733826 -0.5216040 0.3188976,
-0.2689846 -0.5212082 0.3188976,
-0.2646397 -0.5204197 0.3188976,
-0.2603830 -0.5192449 0.3188976,
-0.2562488 -0.5176933 0.3188976,
-0.2522702 -0.5157773 0.3188976,
-0.2484795 -0.5135125 0.3188976,
-0.2449070 -0.5109169 0.3188976,
-0.2415816 -0.5080116 0.3188976,
-0.2385299 -0.5048198 0.3188976,
-0.2357767 -0.5013674 0.3188976,
-0.2333441 -0.4976821 0.3188976,
-0.2312515 -0.4937935 0.3188976,
-0.2295160 -0.4897330 0.3188976,
-0.2281514 -0.4855333 0.3188976,
-0.2271688 -0.4812282 0.3188976,
-0.2265761 -0.4768523 0.3188976,
] } coordIndex [
3,0,1,-1,
3,1,2,-1,
7,4,5,-1,
7,5,6,-1,
11,8,9,-1,
11,9,10,-1,
15,12,13,-1,
15,13,14,-1,
19,16,17,-1,
19,17,18,-1,
23,20,21,-1,
23,21,22,-1,
27,24,25,-1,
27,25,26,-1,
29,34,31,-1,
31,34,33,-1,
31,33,32,-1,
31,30,28,-1,
29,31,28,-1,
38,41,36,-1,
40,41,38,-1,
39,40,38,-1,
35,37,38,-1,
35,38,36,-1,
45,42,43,-1,
45,43,44,-1,
49,46,47,-1,
49,47,48,-1,
53,50,51,-1,
53,51,52,-1,
57,54,55,-1,
57,55,56,-1,
61,58,59,-1,
61,59,60,-1,
65,62,63,-1,
65,63,64,-1,
69,66,67,-1,
69,67,68,-1,
73,70,71,-1,
73,71,72,-1,
75,81,74,-1,
76,74,78,-1,
77,76,78,-1,
79,78,80,-1,
74,81,80,-1,
78,74,80,-1,
82,89,83,-1,
86,82,84,-1,
86,84,85,-1,
88,86,87,-1,
88,89,82,-1,
88,82,86,-1,
93,90,91,-1,
93,91,92,-1,
97,94,95,-1,
97,95,96,-1,
101,98,99,-1,
101,99,100,-1,
105,102,103,-1,
105,103,104,-1,
109,106,107,-1,
109,107,108,-1,
117,110,111,-1,
117,111,112,-1,
119,113,114,-1,
119,118,113,-1,
116,114,115,-1,
116,119,114,-1,
120,112,113,-1,
120,118,117,-1,
120,117,112,-1,
120,113,118,-1,
127,121,122,-1,
127,122,123,-1,
126,124,125,-1,
126,128,124,-1,
129,123,124,-1,
129,128,127,-1,
129,127,123,-1,
129,124,128,-1,
142,130,131,-1,
142,131,132,-1,
143,132,133,-1,
143,142,132,-1,
144,133,134,-1,
144,143,133,-1,
146,135,136,-1,
146,145,135,-1,
147,136,137,-1,
147,146,136,-1,
148,137,138,-1,
148,147,137,-1,
149,138,139,-1,
149,148,138,-1,
141,139,140,-1,
141,149,139,-1,
150,134,135,-1,
150,145,144,-1,
150,144,134,-1,
150,135,145,-1,
166,151,152,-1,
166,152,153,-1,
167,153,154,-1,
167,166,153,-1,
168,154,155,-1,
168,167,154,-1,
169,155,156,-1,
169,168,155,-1,
170,156,157,-1,
170,169,156,-1,
173,159,160,-1,
173,172,159,-1,
174,160,161,-1,
174,173,160,-1,
175,161,162,-1,
175,174,161,-1,
176,162,163,-1,
176,175,162,-1,
165,163,164,-1,
165,176,163,-1,
177,157,158,-1,
177,158,159,-1,
177,171,170,-1,
177,172,171,-1,
177,170,157,-1,
177,159,172,-1,
192,178,179,-1,
192,179,180,-1,
193,180,181,-1,
193,192,180,-1,
194,181,182,-1,
194,193,181,-1,
195,182,183,-1,
195,194,182,-1,
197,184,185,-1,
197,196,184,-1,
198,185,186,-1,
198,197,185,-1,
199,186,187,-1,
199,198,186,-1,
200,187,188,-1,
200,199,187,-1,
201,188,189,-1,
201,200,188,-1,
191,189,190,-1,
191,201,189,-1,
202,183,184,-1,
202,196,195,-1,
202,195,183,-1,
202,184,196,-1,
218,203,204,-1,
218,204,205,-1,
219,205,206,-1,
219,218,205,-1,
220,206,207,-1,
220,219,206,-1,
221,207,208,-1,
221,220,207,-1,
222,208,209,-1,
222,221,208,-1,
225,211,212,-1,
225,224,211,-1,
226,212,213,-1,
226,225,212,-1,
227,213,214,-1,
227,226,213,-1,
228,214,215,-1,
228,227,214,-1,
217,215,216,-1,
217,228,215,-1,
229,209,210,-1,
229,210,211,-1,
229,223,222,-1,
229,224,223,-1,
229,222,209,-1,
229,211,224,-1,
236,230,231,-1,
236,231,232,-1,
235,233,234,-1,
235,237,233,-1,
238,232,233,-1,
238,237,236,-1,
238,236,232,-1,
238,233,237,-1,
245,239,240,-1,
245,240,241,-1,
244,242,243,-1,
244,246,242,-1,
247,241,242,-1,
247,246,245,-1,
247,245,241,-1,
247,242,246,-1,
251,248,249,-1,
251,249,250,-1,
259,252,253,-1,
259,253,254,-1,
261,255,256,-1,
261,260,255,-1,
258,256,257,-1,
258,261,256,-1,
262,254,255,-1,
262,260,259,-1,
262,259,254,-1,
262,255,260,-1,
270,263,264,-1,
270,264,265,-1,
272,266,267,-1,
272,271,266,-1,
269,267,268,-1,
269,272,267,-1,
273,265,266,-1,
273,271,270,-1,
273,270,265,-1,
273,266,271,-1,
286,274,275,-1,
286,275,276,-1,
287,276,277,-1,
287,286,276,-1,
288,277,278,-1,
288,287,277,-1,
290,279,280,-1,
290,289,279,-1,
291,280,281,-1,
291,290,280,-1,
292,281,282,-1,
292,291,281,-1,
293,282,283,-1,
293,292,282,-1,
285,283,284,-1,
285,293,283,-1,
294,278,279,-1,
294,289,288,-1,
294,288,278,-1,
294,279,289,-1,
310,295,296,-1,
310,296,297,-1,
311,297,298,-1,
311,310,297,-1,
312,298,299,-1,
312,311,298,-1,
313,299,300,-1,
313,312,299,-1,
314,300,301,-1,
314,313,300,-1,
317,303,304,-1,
317,316,303,-1,
318,304,305,-1,
318,317,304,-1,
319,305,306,-1,
319,318,305,-1,
320,306,307,-1,
320,319,306,-1,
309,307,308,-1,
309,320,307,-1,
321,301,302,-1,
321,302,303,-1,
321,315,314,-1,
321,316,315,-1,
321,314,301,-1,
321,303,316,-1,
335,322,323,-1,
335,323,324,-1,
336,324,325,-1,
336,335,324,-1,
337,325,326,-1,
337,336,325,-1,
338,326,327,-1,
338,337,326,-1,
340,328,329,-1,
340,339,328,-1,
341,329,330,-1,
341,340,329,-1,
342,330,331,-1,
342,341,330,-1,
343,331,332,-1,
343,342,331,-1,
334,332,333,-1,
334,343,332,-1,
344,327,328,-1,
344,339,338,-1,
344,338,327,-1,
344,328,339,-1,
360,345,346,-1,
360,346,347,-1,
361,347,348,-1,
361,360,347,-1,
362,348,349,-1,
362,361,348,-1,
363,349,350,-1,
363,362,349,-1,
364,350,351,-1,
364,363,350,-1,
367,353,354,-1,
367,366,353,-1,
368,354,355,-1,
368,367,354,-1,
369,355,356,-1,
369,368,355,-1,
370,356,357,-1,
370,369,356,-1,
359,357,358,-1,
359,370,357,-1,
371,351,352,-1,
371,352,353,-1,
371,365,364,-1,
371,366,365,-1,
371,364,351,-1,
371,353,366,-1,
378,372,373,-1,
378,373,374,-1,
377,375,376,-1,
377,379,375,-1,
380,374,375,-1,
380,379,378,-1,
380,378,374,-1,
380,375,379,-1,
388,381,382,-1,
388,382,383,-1,
390,384,385,-1,
390,389,384,-1,
387,385,386,-1,
387,390,385,-1,
391,383,384,-1,
391,389,388,-1,
391,388,383,-1,
391,384,389,-1,
501,481,421,-1,
500,501,400,-1,
501,421,400,-1,
421,481,420,-1,
481,482,420,-1,
499,500,401,-1,
500,400,401,-1,
420,482,419,-1,
482,483,419,-1,
498,499,402,-1,
499,401,402,-1,
419,483,418,-1,
483,484,418,-1,
484,485,418,-1,
497,498,403,-1,
498,402,403,-1,
418,485,417,-1,
485,486,417,-1,
497,403,404,-1,
496,497,405,-1,
497,404,405,-1,
417,486,416,-1,
486,487,416,-1,
495,496,406,-1,
496,405,406,-1,
416,487,415,-1,
487,488,415,-1,
488,489,415,-1,
495,406,407,-1,
415,489,414,-1,
489,490,414,-1,
494,495,408,-1,
495,407,408,-1,
494,408,409,-1,
414,490,413,-1,
490,491,413,-1,
491,492,413,-1,
493,494,410,-1,
494,409,410,-1,
413,492,412,-1,
492,470,412,-1,
493,410,411,-1,
412,470,433,-1,
470,471,433,-1,
504,493,397,-1,
493,411,397,-1,
433,471,432,-1,
471,472,432,-1,
504,397,398,-1,
432,472,431,-1,
472,473,431,-1,
431,473,430,-1,
473,474,430,-1,
503,504,399,-1,
504,398,399,-1,
430,474,429,-1,
474,475,429,-1,
429,475,428,-1,
475,476,428,-1,
502,503,392,-1,
503,399,392,-1,
428,476,427,-1,
476,477,427,-1,
502,392,393,-1,
427,477,426,-1,
477,478,426,-1,
426,478,425,-1,
478,479,425,-1,
508,502,394,-1,
502,393,394,-1,
425,479,480,-1,
507,508,395,-1,
508,394,395,-1,
425,480,424,-1,
507,395,396,-1,
424,480,458,-1,
424,458,423,-1,
507,396,506,-1,
422,423,459,-1,
423,458,459,-1,
442,422,460,-1,
422,459,460,-1,
506,396,505,-1,
441,442,461,-1,
442,460,461,-1,
440,441,462,-1,
441,461,462,-1,
440,462,463,-1,
439,440,463,-1,
511,510,512,-1,
505,396,512,-1,
439,463,464,-1,
438,439,464,-1,
438,464,465,-1,
437,438,465,-1,
437,465,466,-1,
436,437,466,-1,
436,466,467,-1,
436,467,468,-1,
435,436,468,-1,
505,512,509,-1,
435,468,469,-1,
434,435,469,-1,
434,469,455,-1,
434,455,456,-1,
445,446,456,-1,
446,434,456,-1,
445,456,457,-1,
444,445,457,-1,
444,457,452,-1,
443,444,452,-1,
443,452,453,-1,
450,443,453,-1,
449,450,454,-1,
450,453,454,-1,
447,448,451,-1,
448,449,451,-1,
449,454,451,-1,
512,510,509,-1,
542,602,622,-1,
521,622,621,-1,
521,542,622,-1,
541,602,542,-1,
541,603,602,-1,
522,621,620,-1,
522,521,621,-1,
540,603,541,-1,
540,604,603,-1,
523,620,619,-1,
523,522,620,-1,
539,604,540,-1,
539,605,604,-1,
539,606,605,-1,
524,619,618,-1,
524,523,619,-1,
538,606,539,-1,
538,607,606,-1,
525,524,618,-1,
526,618,617,-1,
526,525,618,-1,
537,607,538,-1,
537,608,607,-1,
527,617,616,-1,
527,526,617,-1,
536,608,537,-1,
536,609,608,-1,
536,610,609,-1,
528,527,616,-1,
535,610,536,-1,
535,611,610,-1,
529,616,615,-1,
529,528,616,-1,
530,529,615,-1,
534,611,535,-1,
534,612,611,-1,
534,613,612,-1,
531,615,614,-1,
531,530,615,-1,
533,613,534,-1,
533,591,613,-1,
532,531,614,-1,
554,591,533,-1,
554,592,591,-1,
518,614,625,-1,
518,532,614,-1,
553,592,554,-1,
553,593,592,-1,
519,518,625,-1,
552,593,553,-1,
552,594,593,-1,
551,594,552,-1,
551,595,594,-1,
520,625,624,-1,
520,519,625,-1,
550,595,551,-1,
550,596,595,-1,
549,596,550,-1,
549,597,596,-1,
513,624,623,-1,
513,520,624,-1,
548,597,549,-1,
548,598,597,-1,
514,513,623,-1,
547,598,548,-1,
547,599,598,-1,
546,599,547,-1,
546,600,599,-1,
515,623,629,-1,
515,514,623,-1,
601,600,546,-1,
516,629,628,-1,
516,515,629,-1,
545,601,546,-1,
517,516,628,-1,
579,601,545,-1,
544,579,545,-1,
627,517,628,-1,
580,544,543,-1,
580,579,544,-1,
581,543,563,-1,
581,580,543,-1,
626,517,627,-1,
582,563,562,-1,
582,581,563,-1,
583,562,561,-1,
583,582,562,-1,
584,583,561,-1,
584,561,560,-1,
633,631,632,-1,
633,517,626,-1,
585,584,560,-1,
585,560,559,-1,
586,585,559,-1,
586,559,558,-1,
587,586,558,-1,
587,558,557,-1,
588,587,557,-1,
589,588,557,-1,
589,557,556,-1,
630,633,626,-1,
590,589,556,-1,
590,556,555,-1,
576,590,555,-1,
577,576,555,-1,
577,567,566,-1,
577,555,567,-1,
578,577,566,-1,
578,566,565,-1,
573,578,565,-1,
573,565,564,-1,
574,573,564,-1,
574,564,571,-1,
575,571,570,-1,
575,574,571,-1,
572,569,568,-1,
572,570,569,-1,
572,575,570,-1,
630,631,633,-1,
637,634,635,-1,
637,635,636,-1,
641,638,639,-1,
641,639,640,-1,
645,642,643,-1,
645,643,644,-1,
649,646,647,-1,
649,647,648,-1,
653,650,651,-1,
653,651,652,-1,
657,654,655,-1,
657,655,656,-1,
661,658,659,-1,
661,659,660,-1,
665,662,663,-1,
665,663,664,-1,
669,666,667,-1,
669,667,668,-1,
673,670,671,-1,
673,671,672,-1,
677,674,675,-1,
677,675,676,-1,
681,678,679,-1,
681,679,680,-1,
685,683,686,-1,
683,685,682,-1,
682,685,684,-1,
686,683,693,-1,
689,686,693,-1,
689,693,690,-1,
687,686,688,-1,
686,689,688,-1,
691,690,692,-1,
690,693,692,-1,
698,695,697,-1,
694,697,695,-1,
696,697,694,-1,
705,695,698,-1,
705,698,701,-1,
702,705,701,-1,
700,698,699,-1,
700,701,698,-1,
704,702,703,-1,
704,705,702,-1,
709,706,707,-1,
709,707,708,-1,
713,710,711,-1,
713,711,712,-1,
717,714,715,-1,
717,715,716,-1,
721,718,719,-1,
721,719,720,-1,
725,722,723,-1,
725,723,724,-1,
729,726,727,-1,
729,727,728,-1,
733,730,731,-1,
733,731,732,-1,
737,734,735,-1,
737,735,736,-1,
741,738,739,-1,
741,739,740,-1,
745,742,743,-1,
745,743,744,-1,
749,746,747,-1,
749,747,748,-1,
750,751,752,-1,
752,751,758,-1,
754,753,755,-1,
753,752,759,-1,
752,758,759,-1,
755,753,759,-1,
760,758,757,-1,
758,751,757,-1,
759,760,756,-1,
760,757,756,-1,
755,759,756,-1,
763,762,761,-1,
769,762,763,-1,
766,764,765,-1,
770,763,764,-1,
770,769,763,-1,
770,764,766,-1,
768,769,771,-1,
768,762,769,-1,
767,771,770,-1,
767,768,771,-1,
767,770,766,-1,
773,772,843,-1,
773,843,845,-1,
774,773,845,-1,
774,845,846,-1,
775,774,846,-1,
775,846,847,-1,
776,775,847,-1,
776,847,848,-1,
777,776,848,-1,
777,848,849,-1,
778,777,849,-1,
778,849,850,-1,
779,778,850,-1,
779,850,851,-1,
780,779,851,-1,
780,851,852,-1,
781,852,853,-1,
781,780,852,-1,
782,853,854,-1,
782,781,853,-1,
783,854,855,-1,
783,782,854,-1,
784,855,856,-1,
784,783,855,-1,
785,856,857,-1,
785,784,856,-1,
786,785,857,-1,
786,857,858,-1,
787,786,858,-1,
787,858,859,-1,
788,787,859,-1,
788,859,860,-1,
789,788,860,-1,
789,860,861,-1,
790,789,861,-1,
790,861,862,-1,
791,790,862,-1,
791,862,863,-1,
792,791,863,-1,
792,863,864,-1,
793,792,864,-1,
793,864,865,-1,
794,793,865,-1,
794,865,866,-1,
795,794,866,-1,
795,866,867,-1,
796,795,867,-1,
796,867,868,-1,
797,796,868,-1,
797,868,869,-1,
798,797,869,-1,
798,869,870,-1,
799,798,870,-1,
799,870,871,-1,
800,799,871,-1,
800,871,872,-1,
801,800,872,-1,
801,872,873,-1,
802,873,874,-1,
802,801,873,-1,
803,874,875,-1,
803,802,874,-1,
804,875,876,-1,
804,803,875,-1,
805,876,877,-1,
805,804,876,-1,
806,877,878,-1,
806,805,877,-1,
807,878,879,-1,
807,806,878,-1,
808,879,880,-1,
808,807,879,-1,
809,880,881,-1,
809,808,880,-1,
810,881,882,-1,
810,809,881,-1,
811,810,882,-1,
811,882,883,-1,
812,811,883,-1,
812,883,884,-1,
813,812,884,-1,
813,884,885,-1,
814,885,886,-1,
814,813,885,-1,
815,814,886,-1,
815,886,887,-1,
816,887,888,-1,
816,815,887,-1,
817,888,889,-1,
817,816,888,-1,
818,889,890,-1,
818,817,889,-1,
819,890,891,-1,
819,818,890,-1,
820,891,892,-1,
820,819,891,-1,
821,892,893,-1,
821,820,892,-1,
822,893,894,-1,
822,821,893,-1,
823,894,895,-1,
823,822,894,-1,
824,895,896,-1,
824,823,895,-1,
825,896,897,-1,
825,824,896,-1,
826,897,898,-1,
826,825,897,-1,
827,898,899,-1,
827,826,898,-1,
828,899,900,-1,
828,827,899,-1,
829,900,901,-1,
829,828,900,-1,
830,901,902,-1,
830,829,901,-1,
831,902,903,-1,
831,830,902,-1,
832,903,904,-1,
832,831,903,-1,
833,904,905,-1,
833,832,904,-1,
834,905,906,-1,
834,833,905,-1,
835,906,907,-1,
835,834,906,-1,
836,907,908,-1,
836,835,907,-1,
837,836,908,-1,
837,908,909,-1,
838,837,909,-1,
838,909,910,-1,
839,838,910,-1,
839,910,911,-1,
840,839,911,-1,
840,911,912,-1,
841,840,912,-1,
841,912,913,-1,
842,841,913,-1,
842,913,844,-1,
978,976,977,-1,
914,981,982,-1,
914,982,983,-1,
922,920,921,-1,
923,914,915,-1,
923,915,916,-1,
923,920,922,-1,
923,916,917,-1,
923,917,918,-1,
923,918,919,-1,
923,919,920,-1,
923,924,925,-1,
923,925,926,-1,
923,926,927,-1,
923,927,928,-1,
923,928,929,-1,
923,929,930,-1,
923,930,931,-1,
923,931,932,-1,
923,932,933,-1,
923,933,934,-1,
923,934,935,-1,
923,935,936,-1,
923,936,937,-1,
923,937,938,-1,
923,938,939,-1,
923,939,940,-1,
923,940,941,-1,
923,941,942,-1,
923,942,943,-1,
923,943,944,-1,
923,944,945,-1,
923,945,946,-1,
923,946,947,-1,
923,947,948,-1,
923,948,949,-1,
923,949,950,-1,
923,950,951,-1,
923,951,952,-1,
923,952,953,-1,
923,953,954,-1,
923,954,955,-1,
923,955,956,-1,
923,956,957,-1,
923,957,958,-1,
923,958,959,-1,
923,959,960,-1,
923,960,961,-1,
923,961,962,-1,
923,962,963,-1,
923,963,964,-1,
923,964,965,-1,
923,965,966,-1,
923,966,967,-1,
923,976,978,-1,
923,967,968,-1,
923,968,969,-1,
923,969,970,-1,
923,970,971,-1,
923,971,972,-1,
923,972,973,-1,
923,981,914,-1,
923,973,974,-1,
923,974,975,-1,
923,975,976,-1,
923,978,979,-1,
923,979,980,-1,
923,980,981,-1,
1047,1046,1048,-1,
1052,1051,984,-1,
1053,1052,984,-1,
991,990,992,-1,
985,984,993,-1,
986,985,993,-1,
992,990,993,-1,
987,986,993,-1,
988,987,993,-1,
989,988,993,-1,
990,989,993,-1,
995,994,993,-1,
996,995,993,-1,
997,996,993,-1,
998,997,993,-1,
999,998,993,-1,
1000,999,993,-1,
1001,1000,993,-1,
1002,1001,993,-1,
1003,1002,993,-1,
1004,1003,993,-1,
1005,1004,993,-1,
1006,1005,993,-1,
1007,1006,993,-1,
1008,1007,993,-1,
1009,1008,993,-1,
1010,1009,993,-1,
1011,1010,993,-1,
1012,1011,993,-1,
1013,1012,993,-1,
1014,1013,993,-1,
1015,1014,993,-1,
1016,1015,993,-1,
1017,1016,993,-1,
1018,1017,993,-1,
1019,1018,993,-1,
1020,1019,993,-1,
1021,1020,993,-1,
1022,1021,993,-1,
1023,1022,993,-1,
1024,1023,993,-1,
1025,1024,993,-1,
1026,1025,993,-1,
1027,1026,993,-1,
1028,1027,993,-1,
1029,1028,993,-1,
1030,1029,993,-1,
1031,1030,993,-1,
1032,1031,993,-1,
1033,1032,993,-1,
1034,1033,993,-1,
1035,1034,993,-1,
1036,1035,993,-1,
1037,1036,993,-1,
1048,1046,993,-1,
1038,1037,993,-1,
1039,1038,993,-1,
1040,1039,993,-1,
1041,1040,993,-1,
1042,1041,993,-1,
1043,1042,993,-1,
984,1051,993,-1,
1044,1043,993,-1,
1045,1044,993,-1,
1046,1045,993,-1,
1049,1048,993,-1,
1050,1049,993,-1,
1051,1050,993,-1,
] } }
