ISO-10303-21;
HEADER;
FILE_DESCRIPTION(('Open CASCADE Model'),'2;1');
FILE_NAME('Open CASCADE Shape Model','2026-10-10T13:53:08',('Author'),(
    'Open CASCADE'),'Open CASCADE STEP processor 8.0','Open CASCADE 8.0'
  ,'Unknown');
FILE_SCHEMA(('AUTOMOTIVE_DESIGN { 1 0 10303 214 1 1 1 1 }'));
ENDSEC;
DATA;
#1 = APPLICATION_PROTOCOL_DEFINITION('international standard',
  'automotive_design',2000,#2);
#2 = APPLICATION_CONTEXT(
  'core data for automotive mechanical design processes');
#3 = SHAPE_DEFINITION_REPRESENTATION(#4,#10);
#4 = PRODUCT_DEFINITION_SHAPE('','',#5);
#5 = PRODUCT_DEFINITION('design','',#6,#9);
#6 = PRODUCT_DEFINITION_FORMATION('','',#7);
#7 = PRODUCT('SOLID','SOLID','',(#8));
#8 = PRODUCT_CONTEXT('',#2,'mechanical');
#9 = PRODUCT_DEFINITION_CONTEXT('part definition',#2,'design');
#10 = ADVANCED_BREP_SHAPE_REPRESENTATION('',(#11,#15),#9129);
#11 = AXIS2_PLACEMENT_3D('',#12,#13,#14);
#12 = CARTESIAN_POINT('',(0.,0.,0.));
#13 = DIRECTION('',(0.,0.,1.));
#14 = DIRECTION('',(1.,0.,-0.));
#15 = MANIFOLD_SOLID_BREP('',#16);
#16 = CLOSED_SHELL('',(#17,#143,#259,#371,#483,#595,#707,#819,#931,#1043
    ,#1155,#1308,#1418,#1494,#1570,#1641,#1688,#1718,#1748,#1901,#2011,
    #2087,#2163,#2234,#2281,#2311,#2341,#2595,#2672,#2726,#2979,#3052,
    #3101,#3207,#3256,#3306,#3355,#3450,#3504,#3532,#3581,#3631,#3680,
    #3786,#3835,#3864,#4476,#4525,#5482,#5509,#5592,#5641,#5728,#5800,
    #5850,#5972,#6022,#6099,#6181,#6230,#6282,#6358,#6407,#6456,#6506,
    #6555,#6604,#6653,#6681,#6709,#6737,#6765,#6793,#6821,#6849,#6877,
    #6905,#6981,#7031,#7080,#7130,#7179,#7229,#7278,#7306,#7355,#7405,
    #7432,#7481,#7531,#7558,#7586,#7657,#7689,#7738,#7792,#7841,#7895,
    #7944,#7976,#8070,#8147,#8241,#8318,#8329,#8334,#8339,#8344,#8349,
    #8354,#8359,#8364,#8369,#8380,#8385,#8397,#8530,#8648,#8675,#8702,
    #8835,#8884,#8980,#9007,#9034,#9061,#9068,#9095,#9122));
#17 = ADVANCED_FACE('',(#18),#32,.F.);
#18 = FACE_BOUND('',#19,.F.);
#19 = EDGE_LOOP('',(#20,#55,#88,#116));
#20 = ORIENTED_EDGE('',*,*,#21,.T.);
#21 = EDGE_CURVE('',#22,#24,#26,.T.);
#22 = VERTEX_POINT('',#23);
#23 = CARTESIAN_POINT('',(-0.337648704224,0.2,0.));
#24 = VERTEX_POINT('',#25);
#25 = CARTESIAN_POINT('',(-0.337648704224,0.2,1.E-02));
#26 = SURFACE_CURVE('',#27,(#31,#43),.PCURVE_S1.);
#27 = LINE('',#28,#29);
#28 = CARTESIAN_POINT('',(-0.337648704224,0.2,1.E-02));
#29 = VECTOR('',#30,1.);
#30 = DIRECTION('',(0.,0.,1.));
#31 = PCURVE('',#32,#37);
#32 = CYLINDRICAL_SURFACE('',#33,1.E-01);
#33 = AXIS2_PLACEMENT_3D('',#34,#35,#36);
#34 = CARTESIAN_POINT('',(-0.337648704224,0.1,1.E-02));
#35 = DIRECTION('',(0.,0.,1.));
#36 = DIRECTION('',(1.,0.,-0.));
#37 = DEFINITIONAL_REPRESENTATION('',(#38),#42);
#38 = LINE('',#39,#40);
#39 = CARTESIAN_POINT('',(1.570796326795,0.));
#40 = VECTOR('',#41,1.);
#41 = DIRECTION('',(0.,1.));
#42 = ( GEOMETRIC_REPRESENTATION_CONTEXT(2) 
PARAMETRIC_REPRESENTATION_CONTEXT() REPRESENTATION_CONTEXT('2D SPACE',''
  ) );
#43 = PCURVE('',#44,#49);
#44 = PLANE('',#45);
#45 = AXIS2_PLACEMENT_3D('',#46,#47,#48);
#46 = CARTESIAN_POINT('',(-0.2,0.2,1.E-02));
#47 = DIRECTION('',(6.023345402697E-17,-1.,0.));
#48 = DIRECTION('',(0.,0.,-1.));
#49 = DEFINITIONAL_REPRESENTATION('',(#50),#54);
#50 = LINE('',#51,#52);
#51 = CARTESIAN_POINT('',(0.,-0.137648704224));
#52 = VECTOR('',#53,1.);
#53 = DIRECTION('',(-1.,0.));
#54 = ( GEOMETRIC_REPRESENTATION_CONTEXT(2) 
PARAMETRIC_REPRESENTATION_CONTEXT() REPRESENTATION_CONTEXT('2D SPACE',''
  ) );
#55 = ORIENTED_EDGE('',*,*,#56,.T.);
#56 = EDGE_CURVE('',#24,#57,#59,.T.);
#57 = VERTEX_POINT('',#58);
#58 = CARTESIAN_POINT('',(-0.237648704224,0.1,1.E-02));
#59 = SURFACE_CURVE('',#60,(#65,#72),.PCURVE_S1.);
#60 = CIRCLE('',#61,1.E-01);
#61 = AXIS2_PLACEMENT_3D('',#62,#63,#64);
#62 = CARTESIAN_POINT('',(-0.337648704224,0.1,1.E-02));
#63 = DIRECTION('',(0.,0.,-1.));
#64 = DIRECTION('',(1.,0.,0.));
#65 = PCURVE('',#32,#66);
#66 = DEFINITIONAL_REPRESENTATION('',(#67),#71);
#67 = LINE('',#68,#69);
#68 = CARTESIAN_POINT('',(6.28318530718,0.));
#69 = VECTOR('',#70,1.);
#70 = DIRECTION('',(-1.,0.));
#71 = ( GEOMETRIC_REPRESENTATION_CONTEXT(2) 
PARAMETRIC_REPRESENTATION_CONTEXT() REPRESENTATION_CONTEXT('2D SPACE',''
  ) );
#72 = PCURVE('',#73,#78);
#73 = PLANE('',#74);
#74 = AXIS2_PLACEMENT_3D('',#75,#76,#77);
#75 = CARTESIAN_POINT('',(0.,0.,1.E-02));
#76 = DIRECTION('',(0.,0.,1.));
#77 = DIRECTION('',(1.,0.,-0.));
#78 = DEFINITIONAL_REPRESENTATION('',(#79),#87);
#79 = ( BOUNDED_CURVE() B_SPLINE_CURVE(2,(#80,#81,#82,#83,#84,#85,#86),
.UNSPECIFIED.,.T.,.F.) B_SPLINE_CURVE_WITH_KNOTS((1,2,2,2,2,1),(
    -2.094395102393,0.,2.094395102393,4.188790204786,6.28318530718,
8.377580409573),.UNSPECIFIED.) CURVE() GEOMETRIC_REPRESENTATION_ITEM() 
RATIONAL_B_SPLINE_CURVE((1.,0.5,1.,0.5,1.,0.5,1.)) REPRESENTATION_ITEM(
  '') );
#80 = CARTESIAN_POINT('',(-0.237648704224,0.1));
#81 = CARTESIAN_POINT('',(-0.237648704224,-7.320508075689E-02));
#82 = CARTESIAN_POINT('',(-0.387648704224,1.339745962156E-02));
#83 = CARTESIAN_POINT('',(-0.537648704224,1.E-01));
#84 = CARTESIAN_POINT('',(-0.387648704224,0.186602540378));
#85 = CARTESIAN_POINT('',(-0.237648704224,0.273205080757));
#86 = CARTESIAN_POINT('',(-0.237648704224,0.1));
#87 = ( GEOMETRIC_REPRESENTATION_CONTEXT(2) 
PARAMETRIC_REPRESENTATION_CONTEXT() REPRESENTATION_CONTEXT('2D SPACE',''
  ) );
#88 = ORIENTED_EDGE('',*,*,#89,.F.);
#89 = EDGE_CURVE('',#90,#57,#92,.T.);
#90 = VERTEX_POINT('',#91);
#91 = CARTESIAN_POINT('',(-0.237648704224,0.1,0.));
#92 = SURFACE_CURVE('',#93,(#97,#104),.PCURVE_S1.);
#93 = LINE('',#94,#95);
#94 = CARTESIAN_POINT('',(-0.237648704224,0.1,1.E-02));
#95 = VECTOR('',#96,1.);
#96 = DIRECTION('',(0.,0.,1.));
#97 = PCURVE('',#32,#98);
#98 = DEFINITIONAL_REPRESENTATION('',(#99),#103);
#99 = LINE('',#100,#101);
#100 = CARTESIAN_POINT('',(0.,0.));
#101 = VECTOR('',#102,1.);
#102 = DIRECTION('',(0.,1.));
#103 = ( GEOMETRIC_REPRESENTATION_CONTEXT(2) 
PARAMETRIC_REPRESENTATION_CONTEXT() REPRESENTATION_CONTEXT('2D SPACE',''
  ) );
#104 = PCURVE('',#105,#110);
#105 = CYLINDRICAL_SURFACE('',#106,1.E-01);
#106 = AXIS2_PLACEMENT_3D('',#107,#108,#109);
#107 = CARTESIAN_POINT('',(-0.337648704224,0.1,1.E-02));
#108 = DIRECTION('',(0.,0.,1.));
#109 = DIRECTION('',(1.,0.,-0.));
#110 = DEFINITIONAL_REPRESENTATION('',(#111),#115);
#111 = LINE('',#112,#113);
#112 = CARTESIAN_POINT('',(6.28318530718,0.));
#113 = VECTOR('',#114,1.);
#114 = DIRECTION('',(0.,1.));
#115 = ( GEOMETRIC_REPRESENTATION_CONTEXT(2) 
PARAMETRIC_REPRESENTATION_CONTEXT() REPRESENTATION_CONTEXT('2D SPACE',''
  ) );
#116 = ORIENTED_EDGE('',*,*,#117,.T.);
#117 = EDGE_CURVE('',#90,#22,#118,.T.);
#118 = SURFACE_CURVE('',#119,(#124,#131),.PCURVE_S1.);
#119 = CIRCLE('',#120,1.E-01);
#120 = AXIS2_PLACEMENT_3D('',#121,#122,#123);
#121 = CARTESIAN_POINT('',(-0.337648704224,0.1,0.));
#122 = DIRECTION('',(0.,0.,1.));
#123 = DIRECTION('',(1.,0.,-0.));
#124 = PCURVE('',#32,#125);
#125 = DEFINITIONAL_REPRESENTATION('',(#126),#130);
#126 = LINE('',#127,#128);
#127 = CARTESIAN_POINT('',(0.,-1.E-02));
#128 = VECTOR('',#129,1.);
#129 = DIRECTION('',(1.,0.));
#130 = ( GEOMETRIC_REPRESENTATION_CONTEXT(2) 
PARAMETRIC_REPRESENTATION_CONTEXT() REPRESENTATION_CONTEXT('2D SPACE',''
  ) );
#131 = PCURVE('',#132,#137);
#132 = PLANE('',#133);
#133 = AXIS2_PLACEMENT_3D('',#134,#135,#136);
#134 = CARTESIAN_POINT('',(0.,0.,0.));
#135 = DIRECTION('',(0.,0.,1.));
#136 = DIRECTION('',(1.,0.,-0.));
#137 = DEFINITIONAL_REPRESENTATION('',(#138),#142);
#138 = CIRCLE('',#139,1.E-01);
#139 = AXIS2_PLACEMENT_2D('',#140,#141);
#140 = CARTESIAN_POINT('',(-0.337648704224,0.1));
#141 = DIRECTION('',(1.,0.));
#142 = ( GEOMETRIC_REPRESENTATION_CONTEXT(2) 
PARAMETRIC_REPRESENTATION_CONTEXT() REPRESENTATION_CONTEXT('2D SPACE',''
  ) );
#143 = ADVANCED_FACE('',(#144),#158,.F.);
#144 = FACE_BOUND('',#145,.F.);
#145 = EDGE_LOOP('',(#146,#181,#209,#232));
#146 = ORIENTED_EDGE('',*,*,#147,.T.);
#147 = EDGE_CURVE('',#148,#150,#152,.T.);
#148 = VERTEX_POINT('',#149);
#149 = CARTESIAN_POINT('',(1.3,-2.609536585638E-17,1.E-02));
#150 = VERTEX_POINT('',#151);
#151 = CARTESIAN_POINT('',(1.3,-2.609536585638E-17,0.));
#152 = SURFACE_CURVE('',#153,(#157,#169),.PCURVE_S1.);
#153 = LINE('',#154,#155);
#154 = CARTESIAN_POINT('',(1.3,-2.609536585638E-17,1.E-02));
#155 = VECTOR('',#156,1.);
#156 = DIRECTION('',(0.,0.,-1.));
#157 = PCURVE('',#158,#163);
#158 = CYLINDRICAL_SURFACE('',#159,0.2);
#159 = AXIS2_PLACEMENT_3D('',#160,#161,#162);
#160 = CARTESIAN_POINT('',(1.5,-2.609536585638E-17,1.E-02));
#161 = DIRECTION('',(0.,0.,-1.));
#162 = DIRECTION('',(-1.,0.,0.));
#163 = DEFINITIONAL_REPRESENTATION('',(#164),#168);
#164 = LINE('',#165,#166);
#165 = CARTESIAN_POINT('',(6.28318530718,0.));
#166 = VECTOR('',#167,1.);
#167 = DIRECTION('',(0.,1.));
#168 = ( GEOMETRIC_REPRESENTATION_CONTEXT(2) 
PARAMETRIC_REPRESENTATION_CONTEXT() REPRESENTATION_CONTEXT('2D SPACE',''
  ) );
#169 = PCURVE('',#170,#175);
#170 = CYLINDRICAL_SURFACE('',#171,0.2);
#171 = AXIS2_PLACEMENT_3D('',#172,#173,#174);
#172 = CARTESIAN_POINT('',(1.5,-2.609536585638E-17,1.E-02));
#173 = DIRECTION('',(0.,0.,-1.));
#174 = DIRECTION('',(-1.,0.,0.));
#175 = DEFINITIONAL_REPRESENTATION('',(#176),#180);
#176 = LINE('',#177,#178);
#177 = CARTESIAN_POINT('',(0.,0.));
#178 = VECTOR('',#179,1.);
#179 = DIRECTION('',(0.,1.));
#180 = ( GEOMETRIC_REPRESENTATION_CONTEXT(2) 
PARAMETRIC_REPRESENTATION_CONTEXT() REPRESENTATION_CONTEXT('2D SPACE',''
  ) );
#181 = ORIENTED_EDGE('',*,*,#182,.F.);
#182 = EDGE_CURVE('',#183,#150,#185,.T.);
#183 = VERTEX_POINT('',#184);
#184 = CARTESIAN_POINT('',(1.7,-1.602429873435E-18,0.));
#185 = SURFACE_CURVE('',#186,(#191,#198),.PCURVE_S1.);
#186 = CIRCLE('',#187,0.2);
#187 = AXIS2_PLACEMENT_3D('',#188,#189,#190);
#188 = CARTESIAN_POINT('',(1.5,-2.609536585638E-17,0.));
#189 = DIRECTION('',(0.,0.,-1.));
#190 = DIRECTION('',(-1.,0.,0.));
#191 = PCURVE('',#158,#192);
#192 = DEFINITIONAL_REPRESENTATION('',(#193),#197);
#193 = LINE('',#194,#195);
#194 = CARTESIAN_POINT('',(0.,1.E-02));
#195 = VECTOR('',#196,1.);
#196 = DIRECTION('',(1.,0.));
#197 = ( GEOMETRIC_REPRESENTATION_CONTEXT(2) 
PARAMETRIC_REPRESENTATION_CONTEXT() REPRESENTATION_CONTEXT('2D SPACE',''
  ) );
#198 = PCURVE('',#132,#199);
#199 = DEFINITIONAL_REPRESENTATION('',(#200),#208);
#200 = ( BOUNDED_CURVE() B_SPLINE_CURVE(2,(#201,#202,#203,#204,#205,#206
,#207),.UNSPECIFIED.,.T.,.F.) B_SPLINE_CURVE_WITH_KNOTS((1,2,2,2,2,1),(
    -2.094395102393,0.,2.094395102393,4.188790204786,6.28318530718,
8.377580409573),.UNSPECIFIED.) CURVE() GEOMETRIC_REPRESENTATION_ITEM() 
RATIONAL_B_SPLINE_CURVE((1.,0.5,1.,0.5,1.,0.5,1.)) REPRESENTATION_ITEM(
  '') );
#201 = CARTESIAN_POINT('',(1.3,-2.609536585638E-17));
#202 = CARTESIAN_POINT('',(1.3,0.346410161514));
#203 = CARTESIAN_POINT('',(1.6,0.173205080757));
#204 = CARTESIAN_POINT('',(1.9,2.289050610951E-17));
#205 = CARTESIAN_POINT('',(1.6,-0.173205080757));
#206 = CARTESIAN_POINT('',(1.3,-0.346410161514));
#207 = CARTESIAN_POINT('',(1.3,-2.609536585638E-17));
#208 = ( GEOMETRIC_REPRESENTATION_CONTEXT(2) 
PARAMETRIC_REPRESENTATION_CONTEXT() REPRESENTATION_CONTEXT('2D SPACE',''
  ) );
#209 = ORIENTED_EDGE('',*,*,#210,.F.);
#210 = EDGE_CURVE('',#211,#183,#213,.T.);
#211 = VERTEX_POINT('',#212);
#212 = CARTESIAN_POINT('',(1.7,-1.602429873435E-18,1.E-02));
#213 = SURFACE_CURVE('',#214,(#218,#225),.PCURVE_S1.);
#214 = LINE('',#215,#216);
#215 = CARTESIAN_POINT('',(1.7,-1.602429873435E-18,1.E-02));
#216 = VECTOR('',#217,1.);
#217 = DIRECTION('',(0.,0.,-1.));
#218 = PCURVE('',#158,#219);
#219 = DEFINITIONAL_REPRESENTATION('',(#220),#224);
#220 = LINE('',#221,#222);
#221 = CARTESIAN_POINT('',(3.14159265359,0.));
#222 = VECTOR('',#223,1.);
#223 = DIRECTION('',(0.,1.));
#224 = ( GEOMETRIC_REPRESENTATION_CONTEXT(2) 
PARAMETRIC_REPRESENTATION_CONTEXT() REPRESENTATION_CONTEXT('2D SPACE',''
  ) );
#225 = PCURVE('',#170,#226);
#226 = DEFINITIONAL_REPRESENTATION('',(#227),#231);
#227 = LINE('',#228,#229);
#228 = CARTESIAN_POINT('',(3.14159265359,0.));
#229 = VECTOR('',#230,1.);
#230 = DIRECTION('',(0.,1.));
#231 = ( GEOMETRIC_REPRESENTATION_CONTEXT(2) 
PARAMETRIC_REPRESENTATION_CONTEXT() REPRESENTATION_CONTEXT('2D SPACE',''
  ) );
#232 = ORIENTED_EDGE('',*,*,#233,.T.);
#233 = EDGE_CURVE('',#211,#148,#234,.T.);
#234 = SURFACE_CURVE('',#235,(#240,#247),.PCURVE_S1.);
#235 = CIRCLE('',#236,0.2);
#236 = AXIS2_PLACEMENT_3D('',#237,#238,#239);
#237 = CARTESIAN_POINT('',(1.5,-2.609536585638E-17,1.E-02));
#238 = DIRECTION('',(0.,0.,-1.));
#239 = DIRECTION('',(-1.,0.,0.));
#240 = PCURVE('',#158,#241);
#241 = DEFINITIONAL_REPRESENTATION('',(#242),#246);
#242 = LINE('',#243,#244);
#243 = CARTESIAN_POINT('',(0.,0.));
#244 = VECTOR('',#245,1.);
#245 = DIRECTION('',(1.,0.));
#246 = ( GEOMETRIC_REPRESENTATION_CONTEXT(2) 
PARAMETRIC_REPRESENTATION_CONTEXT() REPRESENTATION_CONTEXT('2D SPACE',''
  ) );
#247 = PCURVE('',#248,#253);
#248 = PLANE('',#249);
#249 = AXIS2_PLACEMENT_3D('',#250,#251,#252);
#250 = CARTESIAN_POINT('',(1.5,-2.609536585638E-17,1.E-02));
#251 = DIRECTION('',(0.,0.,-1.));
#252 = DIRECTION('',(0.,-1.,0.));
#253 = DEFINITIONAL_REPRESENTATION('',(#254),#258);
#254 = CIRCLE('',#255,0.2);
#255 = AXIS2_PLACEMENT_2D('',#256,#257);
#256 = CARTESIAN_POINT('',(0.,0.));
#257 = DIRECTION('',(0.,1.));
#258 = ( GEOMETRIC_REPRESENTATION_CONTEXT(2) 
PARAMETRIC_REPRESENTATION_CONTEXT() REPRESENTATION_CONTEXT('2D SPACE',''
  ) );
#259 = ADVANCED_FACE('',(#260),#274,.F.);
#260 = FACE_BOUND('',#261,.F.);
#261 = EDGE_LOOP('',(#262,#297,#321,#344));
#262 = ORIENTED_EDGE('',*,*,#263,.T.);
#263 = EDGE_CURVE('',#264,#266,#268,.T.);
#264 = VERTEX_POINT('',#265);
#265 = CARTESIAN_POINT('',(-0.2,0.75,1.E-02));
#266 = VERTEX_POINT('',#267);
#267 = CARTESIAN_POINT('',(-0.2,0.75,0.));
#268 = SURFACE_CURVE('',#269,(#273,#285),.PCURVE_S1.);
#269 = LINE('',#270,#271);
#270 = CARTESIAN_POINT('',(-0.2,0.75,1.E-02));
#271 = VECTOR('',#272,1.);
#272 = DIRECTION('',(0.,0.,-1.));
#273 = PCURVE('',#274,#279);
#274 = CYLINDRICAL_SURFACE('',#275,0.2);
#275 = AXIS2_PLACEMENT_3D('',#276,#277,#278);
#276 = CARTESIAN_POINT('',(0.,0.75,1.E-02));
#277 = DIRECTION('',(0.,0.,-1.));
#278 = DIRECTION('',(-1.,0.,0.));
#279 = DEFINITIONAL_REPRESENTATION('',(#280),#284);
#280 = LINE('',#281,#282);
#281 = CARTESIAN_POINT('',(6.28318530718,0.));
#282 = VECTOR('',#283,1.);
#283 = DIRECTION('',(0.,1.));
#284 = ( GEOMETRIC_REPRESENTATION_CONTEXT(2) 
PARAMETRIC_REPRESENTATION_CONTEXT() REPRESENTATION_CONTEXT('2D SPACE',''
  ) );
#285 = PCURVE('',#286,#291);
#286 = CYLINDRICAL_SURFACE('',#287,0.2);
#287 = AXIS2_PLACEMENT_3D('',#288,#289,#290);
#288 = CARTESIAN_POINT('',(0.,0.75,1.E-02));
#289 = DIRECTION('',(0.,0.,-1.));
#290 = DIRECTION('',(-1.,0.,0.));
#291 = DEFINITIONAL_REPRESENTATION('',(#292),#296);
#292 = LINE('',#293,#294);
#293 = CARTESIAN_POINT('',(0.,0.));
#294 = VECTOR('',#295,1.);
#295 = DIRECTION('',(0.,1.));
#296 = ( GEOMETRIC_REPRESENTATION_CONTEXT(2) 
PARAMETRIC_REPRESENTATION_CONTEXT() REPRESENTATION_CONTEXT('2D SPACE',''
  ) );
#297 = ORIENTED_EDGE('',*,*,#298,.T.);
#298 = EDGE_CURVE('',#266,#299,#301,.T.);
#299 = VERTEX_POINT('',#300);
#300 = CARTESIAN_POINT('',(0.2,0.75,0.));
#301 = SURFACE_CURVE('',#302,(#307,#314),.PCURVE_S1.);
#302 = CIRCLE('',#303,0.2);
#303 = AXIS2_PLACEMENT_3D('',#304,#305,#306);
#304 = CARTESIAN_POINT('',(0.,0.75,0.));
#305 = DIRECTION('',(0.,0.,1.));
#306 = DIRECTION('',(-1.,0.,0.));
#307 = PCURVE('',#274,#308);
#308 = DEFINITIONAL_REPRESENTATION('',(#309),#313);
#309 = LINE('',#310,#311);
#310 = CARTESIAN_POINT('',(6.28318530718,1.E-02));
#311 = VECTOR('',#312,1.);
#312 = DIRECTION('',(-1.,0.));
#313 = ( GEOMETRIC_REPRESENTATION_CONTEXT(2) 
PARAMETRIC_REPRESENTATION_CONTEXT() REPRESENTATION_CONTEXT('2D SPACE',''
  ) );
#314 = PCURVE('',#132,#315);
#315 = DEFINITIONAL_REPRESENTATION('',(#316),#320);
#316 = CIRCLE('',#317,0.2);
#317 = AXIS2_PLACEMENT_2D('',#318,#319);
#318 = CARTESIAN_POINT('',(0.,0.75));
#319 = DIRECTION('',(-1.,0.));
#320 = ( GEOMETRIC_REPRESENTATION_CONTEXT(2) 
PARAMETRIC_REPRESENTATION_CONTEXT() REPRESENTATION_CONTEXT('2D SPACE',''
  ) );
#321 = ORIENTED_EDGE('',*,*,#322,.F.);
#322 = EDGE_CURVE('',#323,#299,#325,.T.);
#323 = VERTEX_POINT('',#324);
#324 = CARTESIAN_POINT('',(0.2,0.75,1.E-02));
#325 = SURFACE_CURVE('',#326,(#330,#337),.PCURVE_S1.);
#326 = LINE('',#327,#328);
#327 = CARTESIAN_POINT('',(0.2,0.75,1.E-02));
#328 = VECTOR('',#329,1.);
#329 = DIRECTION('',(0.,0.,-1.));
#330 = PCURVE('',#274,#331);
#331 = DEFINITIONAL_REPRESENTATION('',(#332),#336);
#332 = LINE('',#333,#334);
#333 = CARTESIAN_POINT('',(3.14159265359,0.));
#334 = VECTOR('',#335,1.);
#335 = DIRECTION('',(0.,1.));
#336 = ( GEOMETRIC_REPRESENTATION_CONTEXT(2) 
PARAMETRIC_REPRESENTATION_CONTEXT() REPRESENTATION_CONTEXT('2D SPACE',''
  ) );
#337 = PCURVE('',#286,#338);
#338 = DEFINITIONAL_REPRESENTATION('',(#339),#343);
#339 = LINE('',#340,#341);
#340 = CARTESIAN_POINT('',(3.14159265359,0.));
#341 = VECTOR('',#342,1.);
#342 = DIRECTION('',(0.,1.));
#343 = ( GEOMETRIC_REPRESENTATION_CONTEXT(2) 
PARAMETRIC_REPRESENTATION_CONTEXT() REPRESENTATION_CONTEXT('2D SPACE',''
  ) );
#344 = ORIENTED_EDGE('',*,*,#345,.F.);
#345 = EDGE_CURVE('',#264,#323,#346,.T.);
#346 = SURFACE_CURVE('',#347,(#352,#359),.PCURVE_S1.);
#347 = CIRCLE('',#348,0.2);
#348 = AXIS2_PLACEMENT_3D('',#349,#350,#351);
#349 = CARTESIAN_POINT('',(0.,0.75,1.E-02));
#350 = DIRECTION('',(0.,0.,1.));
#351 = DIRECTION('',(-1.,0.,0.));
#352 = PCURVE('',#274,#353);
#353 = DEFINITIONAL_REPRESENTATION('',(#354),#358);
#354 = LINE('',#355,#356);
#355 = CARTESIAN_POINT('',(6.28318530718,0.));
#356 = VECTOR('',#357,1.);
#357 = DIRECTION('',(-1.,0.));
#358 = ( GEOMETRIC_REPRESENTATION_CONTEXT(2) 
PARAMETRIC_REPRESENTATION_CONTEXT() REPRESENTATION_CONTEXT('2D SPACE',''
  ) );
#359 = PCURVE('',#360,#365);
#360 = PLANE('',#361);
#361 = AXIS2_PLACEMENT_3D('',#362,#363,#364);
#362 = CARTESIAN_POINT('',(0.,0.75,1.E-02));
#363 = DIRECTION('',(0.,0.,1.));
#364 = DIRECTION('',(1.,0.,-0.));
#365 = DEFINITIONAL_REPRESENTATION('',(#366),#370);
#366 = CIRCLE('',#367,0.2);
#367 = AXIS2_PLACEMENT_2D('',#368,#369);
#368 = CARTESIAN_POINT('',(0.,0.));
#369 = DIRECTION('',(-1.,0.));
#370 = ( GEOMETRIC_REPRESENTATION_CONTEXT(2) 
PARAMETRIC_REPRESENTATION_CONTEXT() REPRESENTATION_CONTEXT('2D SPACE',''
  ) );
#371 = ADVANCED_FACE('',(#372),#386,.F.);
#372 = FACE_BOUND('',#373,.F.);
#373 = EDGE_LOOP('',(#374,#409,#433,#456));
#374 = ORIENTED_EDGE('',*,*,#375,.T.);
#375 = EDGE_CURVE('',#376,#378,#380,.T.);
#376 = VERTEX_POINT('',#377);
#377 = CARTESIAN_POINT('',(-0.2,1.25,1.E-02));
#378 = VERTEX_POINT('',#379);
#379 = CARTESIAN_POINT('',(-0.2,1.25,0.));
#380 = SURFACE_CURVE('',#381,(#385,#397),.PCURVE_S1.);
#381 = LINE('',#382,#383);
#382 = CARTESIAN_POINT('',(-0.2,1.25,1.E-02));
#383 = VECTOR('',#384,1.);
#384 = DIRECTION('',(0.,0.,-1.));
#385 = PCURVE('',#386,#391);
#386 = CYLINDRICAL_SURFACE('',#387,0.2);
#387 = AXIS2_PLACEMENT_3D('',#388,#389,#390);
#388 = CARTESIAN_POINT('',(0.,1.25,1.E-02));
#389 = DIRECTION('',(0.,0.,-1.));
#390 = DIRECTION('',(-1.,0.,0.));
#391 = DEFINITIONAL_REPRESENTATION('',(#392),#396);
#392 = LINE('',#393,#394);
#393 = CARTESIAN_POINT('',(6.28318530718,0.));
#394 = VECTOR('',#395,1.);
#395 = DIRECTION('',(0.,1.));
#396 = ( GEOMETRIC_REPRESENTATION_CONTEXT(2) 
PARAMETRIC_REPRESENTATION_CONTEXT() REPRESENTATION_CONTEXT('2D SPACE',''
  ) );
#397 = PCURVE('',#398,#403);
#398 = CYLINDRICAL_SURFACE('',#399,0.2);
#399 = AXIS2_PLACEMENT_3D('',#400,#401,#402);
#400 = CARTESIAN_POINT('',(0.,1.25,1.E-02));
#401 = DIRECTION('',(0.,0.,-1.));
#402 = DIRECTION('',(-1.,0.,0.));
#403 = DEFINITIONAL_REPRESENTATION('',(#404),#408);
#404 = LINE('',#405,#406);
#405 = CARTESIAN_POINT('',(0.,0.));
#406 = VECTOR('',#407,1.);
#407 = DIRECTION('',(0.,1.));
#408 = ( GEOMETRIC_REPRESENTATION_CONTEXT(2) 
PARAMETRIC_REPRESENTATION_CONTEXT() REPRESENTATION_CONTEXT('2D SPACE',''
  ) );
#409 = ORIENTED_EDGE('',*,*,#410,.T.);
#410 = EDGE_CURVE('',#378,#411,#413,.T.);
#411 = VERTEX_POINT('',#412);
#412 = CARTESIAN_POINT('',(0.2,1.25,0.));
#413 = SURFACE_CURVE('',#414,(#419,#426),.PCURVE_S1.);
#414 = CIRCLE('',#415,0.2);
#415 = AXIS2_PLACEMENT_3D('',#416,#417,#418);
#416 = CARTESIAN_POINT('',(0.,1.25,0.));
#417 = DIRECTION('',(0.,0.,1.));
#418 = DIRECTION('',(-1.,0.,0.));
#419 = PCURVE('',#386,#420);
#420 = DEFINITIONAL_REPRESENTATION('',(#421),#425);
#421 = LINE('',#422,#423);
#422 = CARTESIAN_POINT('',(6.28318530718,1.E-02));
#423 = VECTOR('',#424,1.);
#424 = DIRECTION('',(-1.,0.));
#425 = ( GEOMETRIC_REPRESENTATION_CONTEXT(2) 
PARAMETRIC_REPRESENTATION_CONTEXT() REPRESENTATION_CONTEXT('2D SPACE',''
  ) );
#426 = PCURVE('',#132,#427);
#427 = DEFINITIONAL_REPRESENTATION('',(#428),#432);
#428 = CIRCLE('',#429,0.2);
#429 = AXIS2_PLACEMENT_2D('',#430,#431);
#430 = CARTESIAN_POINT('',(0.,1.25));
#431 = DIRECTION('',(-1.,0.));
#432 = ( GEOMETRIC_REPRESENTATION_CONTEXT(2) 
PARAMETRIC_REPRESENTATION_CONTEXT() REPRESENTATION_CONTEXT('2D SPACE',''
  ) );
#433 = ORIENTED_EDGE('',*,*,#434,.F.);
#434 = EDGE_CURVE('',#435,#411,#437,.T.);
#435 = VERTEX_POINT('',#436);
#436 = CARTESIAN_POINT('',(0.2,1.25,1.E-02));
#437 = SURFACE_CURVE('',#438,(#442,#449),.PCURVE_S1.);
#438 = LINE('',#439,#440);
#439 = CARTESIAN_POINT('',(0.2,1.25,1.E-02));
#440 = VECTOR('',#441,1.);
#441 = DIRECTION('',(0.,0.,-1.));
#442 = PCURVE('',#386,#443);
#443 = DEFINITIONAL_REPRESENTATION('',(#444),#448);
#444 = LINE('',#445,#446);
#445 = CARTESIAN_POINT('',(3.14159265359,0.));
#446 = VECTOR('',#447,1.);
#447 = DIRECTION('',(0.,1.));
#448 = ( GEOMETRIC_REPRESENTATION_CONTEXT(2) 
PARAMETRIC_REPRESENTATION_CONTEXT() REPRESENTATION_CONTEXT('2D SPACE',''
  ) );
#449 = PCURVE('',#398,#450);
#450 = DEFINITIONAL_REPRESENTATION('',(#451),#455);
#451 = LINE('',#452,#453);
#452 = CARTESIAN_POINT('',(3.14159265359,0.));
#453 = VECTOR('',#454,1.);
#454 = DIRECTION('',(0.,1.));
#455 = ( GEOMETRIC_REPRESENTATION_CONTEXT(2) 
PARAMETRIC_REPRESENTATION_CONTEXT() REPRESENTATION_CONTEXT('2D SPACE',''
  ) );
#456 = ORIENTED_EDGE('',*,*,#457,.F.);
#457 = EDGE_CURVE('',#376,#435,#458,.T.);
#458 = SURFACE_CURVE('',#459,(#464,#471),.PCURVE_S1.);
#459 = CIRCLE('',#460,0.2);
#460 = AXIS2_PLACEMENT_3D('',#461,#462,#463);
#461 = CARTESIAN_POINT('',(0.,1.25,1.E-02));
#462 = DIRECTION('',(0.,0.,1.));
#463 = DIRECTION('',(-1.,0.,0.));
#464 = PCURVE('',#386,#465);
#465 = DEFINITIONAL_REPRESENTATION('',(#466),#470);
#466 = LINE('',#467,#468);
#467 = CARTESIAN_POINT('',(6.28318530718,0.));
#468 = VECTOR('',#469,1.);
#469 = DIRECTION('',(-1.,0.));
#470 = ( GEOMETRIC_REPRESENTATION_CONTEXT(2) 
PARAMETRIC_REPRESENTATION_CONTEXT() REPRESENTATION_CONTEXT('2D SPACE',''
  ) );
#471 = PCURVE('',#472,#477);
#472 = PLANE('',#473);
#473 = AXIS2_PLACEMENT_3D('',#474,#475,#476);
#474 = CARTESIAN_POINT('',(0.,1.25,1.E-02));
#475 = DIRECTION('',(0.,0.,1.));
#476 = DIRECTION('',(1.,0.,-0.));
#477 = DEFINITIONAL_REPRESENTATION('',(#478),#482);
#478 = CIRCLE('',#479,0.2);
#479 = AXIS2_PLACEMENT_2D('',#480,#481);
#480 = CARTESIAN_POINT('',(0.,0.));
#481 = DIRECTION('',(-1.,0.));
#482 = ( GEOMETRIC_REPRESENTATION_CONTEXT(2) 
PARAMETRIC_REPRESENTATION_CONTEXT() REPRESENTATION_CONTEXT('2D SPACE',''
  ) );
#483 = ADVANCED_FACE('',(#484),#498,.F.);
#484 = FACE_BOUND('',#485,.F.);
#485 = EDGE_LOOP('',(#486,#521,#545,#568));
#486 = ORIENTED_EDGE('',*,*,#487,.T.);
#487 = EDGE_CURVE('',#488,#490,#492,.T.);
#488 = VERTEX_POINT('',#489);
#489 = CARTESIAN_POINT('',(-0.2,-1.25,1.E-02));
#490 = VERTEX_POINT('',#491);
#491 = CARTESIAN_POINT('',(-0.2,-1.25,0.));
#492 = SURFACE_CURVE('',#493,(#497,#509),.PCURVE_S1.);
#493 = LINE('',#494,#495);
#494 = CARTESIAN_POINT('',(-0.2,-1.25,1.E-02));
#495 = VECTOR('',#496,1.);
#496 = DIRECTION('',(0.,0.,-1.));
#497 = PCURVE('',#498,#503);
#498 = CYLINDRICAL_SURFACE('',#499,0.2);
#499 = AXIS2_PLACEMENT_3D('',#500,#501,#502);
#500 = CARTESIAN_POINT('',(-1.530808498934E-16,-1.25,1.E-02));
#501 = DIRECTION('',(0.,0.,-1.));
#502 = DIRECTION('',(-1.,0.,0.));
#503 = DEFINITIONAL_REPRESENTATION('',(#504),#508);
#504 = LINE('',#505,#506);
#505 = CARTESIAN_POINT('',(6.28318530718,0.));
#506 = VECTOR('',#507,1.);
#507 = DIRECTION('',(0.,1.));
#508 = ( GEOMETRIC_REPRESENTATION_CONTEXT(2) 
PARAMETRIC_REPRESENTATION_CONTEXT() REPRESENTATION_CONTEXT('2D SPACE',''
  ) );
#509 = PCURVE('',#510,#515);
#510 = CYLINDRICAL_SURFACE('',#511,0.2);
#511 = AXIS2_PLACEMENT_3D('',#512,#513,#514);
#512 = CARTESIAN_POINT('',(-1.530808498934E-16,-1.25,1.E-02));
#513 = DIRECTION('',(0.,0.,-1.));
#514 = DIRECTION('',(-1.,0.,0.));
#515 = DEFINITIONAL_REPRESENTATION('',(#516),#520);
#516 = LINE('',#517,#518);
#517 = CARTESIAN_POINT('',(0.,0.));
#518 = VECTOR('',#519,1.);
#519 = DIRECTION('',(0.,1.));
#520 = ( GEOMETRIC_REPRESENTATION_CONTEXT(2) 
PARAMETRIC_REPRESENTATION_CONTEXT() REPRESENTATION_CONTEXT('2D SPACE',''
  ) );
#521 = ORIENTED_EDGE('',*,*,#522,.T.);
#522 = EDGE_CURVE('',#490,#523,#525,.T.);
#523 = VERTEX_POINT('',#524);
#524 = CARTESIAN_POINT('',(0.2,-1.25,0.));
#525 = SURFACE_CURVE('',#526,(#531,#538),.PCURVE_S1.);
#526 = CIRCLE('',#527,0.2);
#527 = AXIS2_PLACEMENT_3D('',#528,#529,#530);
#528 = CARTESIAN_POINT('',(-1.530808498934E-16,-1.25,0.));
#529 = DIRECTION('',(0.,0.,1.));
#530 = DIRECTION('',(-1.,0.,0.));
#531 = PCURVE('',#498,#532);
#532 = DEFINITIONAL_REPRESENTATION('',(#533),#537);
#533 = LINE('',#534,#535);
#534 = CARTESIAN_POINT('',(6.28318530718,1.E-02));
#535 = VECTOR('',#536,1.);
#536 = DIRECTION('',(-1.,0.));
#537 = ( GEOMETRIC_REPRESENTATION_CONTEXT(2) 
PARAMETRIC_REPRESENTATION_CONTEXT() REPRESENTATION_CONTEXT('2D SPACE',''
  ) );
#538 = PCURVE('',#132,#539);
#539 = DEFINITIONAL_REPRESENTATION('',(#540),#544);
#540 = CIRCLE('',#541,0.2);
#541 = AXIS2_PLACEMENT_2D('',#542,#543);
#542 = CARTESIAN_POINT('',(-1.530808498934E-16,-1.25));
#543 = DIRECTION('',(-1.,0.));
#544 = ( GEOMETRIC_REPRESENTATION_CONTEXT(2) 
PARAMETRIC_REPRESENTATION_CONTEXT() REPRESENTATION_CONTEXT('2D SPACE',''
  ) );
#545 = ORIENTED_EDGE('',*,*,#546,.F.);
#546 = EDGE_CURVE('',#547,#523,#549,.T.);
#547 = VERTEX_POINT('',#548);
#548 = CARTESIAN_POINT('',(0.2,-1.25,1.E-02));
#549 = SURFACE_CURVE('',#550,(#554,#561),.PCURVE_S1.);
#550 = LINE('',#551,#552);
#551 = CARTESIAN_POINT('',(0.2,-1.25,1.E-02));
#552 = VECTOR('',#553,1.);
#553 = DIRECTION('',(0.,0.,-1.));
#554 = PCURVE('',#498,#555);
#555 = DEFINITIONAL_REPRESENTATION('',(#556),#560);
#556 = LINE('',#557,#558);
#557 = CARTESIAN_POINT('',(3.14159265359,0.));
#558 = VECTOR('',#559,1.);
#559 = DIRECTION('',(0.,1.));
#560 = ( GEOMETRIC_REPRESENTATION_CONTEXT(2) 
PARAMETRIC_REPRESENTATION_CONTEXT() REPRESENTATION_CONTEXT('2D SPACE',''
  ) );
#561 = PCURVE('',#510,#562);
#562 = DEFINITIONAL_REPRESENTATION('',(#563),#567);
#563 = LINE('',#564,#565);
#564 = CARTESIAN_POINT('',(3.14159265359,0.));
#565 = VECTOR('',#566,1.);
#566 = DIRECTION('',(0.,1.));
#567 = ( GEOMETRIC_REPRESENTATION_CONTEXT(2) 
PARAMETRIC_REPRESENTATION_CONTEXT() REPRESENTATION_CONTEXT('2D SPACE',''
  ) );
#568 = ORIENTED_EDGE('',*,*,#569,.F.);
#569 = EDGE_CURVE('',#488,#547,#570,.T.);
#570 = SURFACE_CURVE('',#571,(#576,#583),.PCURVE_S1.);
#571 = CIRCLE('',#572,0.2);
#572 = AXIS2_PLACEMENT_3D('',#573,#574,#575);
#573 = CARTESIAN_POINT('',(-1.530808498934E-16,-1.25,1.E-02));
#574 = DIRECTION('',(0.,0.,1.));
#575 = DIRECTION('',(-1.,0.,0.));
#576 = PCURVE('',#498,#577);
#577 = DEFINITIONAL_REPRESENTATION('',(#578),#582);
#578 = LINE('',#579,#580);
#579 = CARTESIAN_POINT('',(6.28318530718,0.));
#580 = VECTOR('',#581,1.);
#581 = DIRECTION('',(-1.,0.));
#582 = ( GEOMETRIC_REPRESENTATION_CONTEXT(2) 
PARAMETRIC_REPRESENTATION_CONTEXT() REPRESENTATION_CONTEXT('2D SPACE',''
  ) );
#583 = PCURVE('',#584,#589);
#584 = PLANE('',#585);
#585 = AXIS2_PLACEMENT_3D('',#586,#587,#588);
#586 = CARTESIAN_POINT('',(-1.530808498934E-16,-1.25,1.E-02));
#587 = DIRECTION('',(0.,0.,1.));
#588 = DIRECTION('',(1.,0.,-0.));
#589 = DEFINITIONAL_REPRESENTATION('',(#590),#594);
#590 = CIRCLE('',#591,0.2);
#591 = AXIS2_PLACEMENT_2D('',#592,#593);
#592 = CARTESIAN_POINT('',(0.,0.));
#593 = DIRECTION('',(-1.,0.));
#594 = ( GEOMETRIC_REPRESENTATION_CONTEXT(2) 
PARAMETRIC_REPRESENTATION_CONTEXT() REPRESENTATION_CONTEXT('2D SPACE',''
  ) );
#595 = ADVANCED_FACE('',(#596),#610,.F.);
#596 = FACE_BOUND('',#597,.F.);
#597 = EDGE_LOOP('',(#598,#633,#657,#680));
#598 = ORIENTED_EDGE('',*,*,#599,.T.);
#599 = EDGE_CURVE('',#600,#602,#604,.T.);
#600 = VERTEX_POINT('',#601);
#601 = CARTESIAN_POINT('',(-0.9,-1.38,1.E-02));
#602 = VERTEX_POINT('',#603);
#603 = CARTESIAN_POINT('',(-0.9,-1.38,0.));
#604 = SURFACE_CURVE('',#605,(#609,#621),.PCURVE_S1.);
#605 = LINE('',#606,#607);
#606 = CARTESIAN_POINT('',(-0.9,-1.38,1.E-02));
#607 = VECTOR('',#608,1.);
#608 = DIRECTION('',(0.,0.,-1.));
#609 = PCURVE('',#610,#615);
#610 = CYLINDRICAL_SURFACE('',#611,0.2);
#611 = AXIS2_PLACEMENT_3D('',#612,#613,#614);
#612 = CARTESIAN_POINT('',(-0.7,-1.38,1.E-02));
#613 = DIRECTION('',(0.,0.,-1.));
#614 = DIRECTION('',(-1.,0.,0.));
#615 = DEFINITIONAL_REPRESENTATION('',(#616),#620);
#616 = LINE('',#617,#618);
#617 = CARTESIAN_POINT('',(6.28318530718,0.));
#618 = VECTOR('',#619,1.);
#619 = DIRECTION('',(0.,1.));
#620 = ( GEOMETRIC_REPRESENTATION_CONTEXT(2) 
PARAMETRIC_REPRESENTATION_CONTEXT() REPRESENTATION_CONTEXT('2D SPACE',''
  ) );
#621 = PCURVE('',#622,#627);
#622 = CYLINDRICAL_SURFACE('',#623,0.2);
#623 = AXIS2_PLACEMENT_3D('',#624,#625,#626);
#624 = CARTESIAN_POINT('',(-0.7,-1.38,1.E-02));
#625 = DIRECTION('',(0.,0.,-1.));
#626 = DIRECTION('',(-1.,0.,0.));
#627 = DEFINITIONAL_REPRESENTATION('',(#628),#632);
#628 = LINE('',#629,#630);
#629 = CARTESIAN_POINT('',(0.,0.));
#630 = VECTOR('',#631,1.);
#631 = DIRECTION('',(0.,1.));
#632 = ( GEOMETRIC_REPRESENTATION_CONTEXT(2) 
PARAMETRIC_REPRESENTATION_CONTEXT() REPRESENTATION_CONTEXT('2D SPACE',''
  ) );
#633 = ORIENTED_EDGE('',*,*,#634,.T.);
#634 = EDGE_CURVE('',#602,#635,#637,.T.);
#635 = VERTEX_POINT('',#636);
#636 = CARTESIAN_POINT('',(-0.5,-1.38,0.));
#637 = SURFACE_CURVE('',#638,(#643,#650),.PCURVE_S1.);
#638 = CIRCLE('',#639,0.2);
#639 = AXIS2_PLACEMENT_3D('',#640,#641,#642);
#640 = CARTESIAN_POINT('',(-0.7,-1.38,0.));
#641 = DIRECTION('',(0.,0.,1.));
#642 = DIRECTION('',(-1.,0.,0.));
#643 = PCURVE('',#610,#644);
#644 = DEFINITIONAL_REPRESENTATION('',(#645),#649);
#645 = LINE('',#646,#647);
#646 = CARTESIAN_POINT('',(6.28318530718,1.E-02));
#647 = VECTOR('',#648,1.);
#648 = DIRECTION('',(-1.,0.));
#649 = ( GEOMETRIC_REPRESENTATION_CONTEXT(2) 
PARAMETRIC_REPRESENTATION_CONTEXT() REPRESENTATION_CONTEXT('2D SPACE',''
  ) );
#650 = PCURVE('',#132,#651);
#651 = DEFINITIONAL_REPRESENTATION('',(#652),#656);
#652 = CIRCLE('',#653,0.2);
#653 = AXIS2_PLACEMENT_2D('',#654,#655);
#654 = CARTESIAN_POINT('',(-0.7,-1.38));
#655 = DIRECTION('',(-1.,0.));
#656 = ( GEOMETRIC_REPRESENTATION_CONTEXT(2) 
PARAMETRIC_REPRESENTATION_CONTEXT() REPRESENTATION_CONTEXT('2D SPACE',''
  ) );
#657 = ORIENTED_EDGE('',*,*,#658,.F.);
#658 = EDGE_CURVE('',#659,#635,#661,.T.);
#659 = VERTEX_POINT('',#660);
#660 = CARTESIAN_POINT('',(-0.5,-1.38,1.E-02));
#661 = SURFACE_CURVE('',#662,(#666,#673),.PCURVE_S1.);
#662 = LINE('',#663,#664);
#663 = CARTESIAN_POINT('',(-0.5,-1.38,1.E-02));
#664 = VECTOR('',#665,1.);
#665 = DIRECTION('',(0.,0.,-1.));
#666 = PCURVE('',#610,#667);
#667 = DEFINITIONAL_REPRESENTATION('',(#668),#672);
#668 = LINE('',#669,#670);
#669 = CARTESIAN_POINT('',(3.14159265359,0.));
#670 = VECTOR('',#671,1.);
#671 = DIRECTION('',(0.,1.));
#672 = ( GEOMETRIC_REPRESENTATION_CONTEXT(2) 
PARAMETRIC_REPRESENTATION_CONTEXT() REPRESENTATION_CONTEXT('2D SPACE',''
  ) );
#673 = PCURVE('',#622,#674);
#674 = DEFINITIONAL_REPRESENTATION('',(#675),#679);
#675 = LINE('',#676,#677);
#676 = CARTESIAN_POINT('',(3.14159265359,0.));
#677 = VECTOR('',#678,1.);
#678 = DIRECTION('',(0.,1.));
#679 = ( GEOMETRIC_REPRESENTATION_CONTEXT(2) 
PARAMETRIC_REPRESENTATION_CONTEXT() REPRESENTATION_CONTEXT('2D SPACE',''
  ) );
#680 = ORIENTED_EDGE('',*,*,#681,.F.);
#681 = EDGE_CURVE('',#600,#659,#682,.T.);
#682 = SURFACE_CURVE('',#683,(#688,#695),.PCURVE_S1.);
#683 = CIRCLE('',#684,0.2);
#684 = AXIS2_PLACEMENT_3D('',#685,#686,#687);
#685 = CARTESIAN_POINT('',(-0.7,-1.38,1.E-02));
#686 = DIRECTION('',(0.,0.,1.));
#687 = DIRECTION('',(-1.,0.,0.));
#688 = PCURVE('',#610,#689);
#689 = DEFINITIONAL_REPRESENTATION('',(#690),#694);
#690 = LINE('',#691,#692);
#691 = CARTESIAN_POINT('',(6.28318530718,0.));
#692 = VECTOR('',#693,1.);
#693 = DIRECTION('',(-1.,0.));
#694 = ( GEOMETRIC_REPRESENTATION_CONTEXT(2) 
PARAMETRIC_REPRESENTATION_CONTEXT() REPRESENTATION_CONTEXT('2D SPACE',''
  ) );
#695 = PCURVE('',#696,#701);
#696 = PLANE('',#697);
#697 = AXIS2_PLACEMENT_3D('',#698,#699,#700);
#698 = CARTESIAN_POINT('',(-0.7,-1.38,1.E-02));
#699 = DIRECTION('',(0.,0.,1.));
#700 = DIRECTION('',(1.,0.,-0.));
#701 = DEFINITIONAL_REPRESENTATION('',(#702),#706);
#702 = CIRCLE('',#703,0.2);
#703 = AXIS2_PLACEMENT_2D('',#704,#705);
#704 = CARTESIAN_POINT('',(0.,0.));
#705 = DIRECTION('',(-1.,0.));
#706 = ( GEOMETRIC_REPRESENTATION_CONTEXT(2) 
PARAMETRIC_REPRESENTATION_CONTEXT() REPRESENTATION_CONTEXT('2D SPACE',''
  ) );
#707 = ADVANCED_FACE('',(#708),#722,.F.);
#708 = FACE_BOUND('',#709,.F.);
#709 = EDGE_LOOP('',(#710,#745,#769,#792));
#710 = ORIENTED_EDGE('',*,*,#711,.T.);
#711 = EDGE_CURVE('',#712,#714,#716,.T.);
#712 = VERTEX_POINT('',#713);
#713 = CARTESIAN_POINT('',(0.5,-1.38,1.E-02));
#714 = VERTEX_POINT('',#715);
#715 = CARTESIAN_POINT('',(0.5,-1.38,0.));
#716 = SURFACE_CURVE('',#717,(#721,#733),.PCURVE_S1.);
#717 = LINE('',#718,#719);
#718 = CARTESIAN_POINT('',(0.5,-1.38,1.E-02));
#719 = VECTOR('',#720,1.);
#720 = DIRECTION('',(0.,0.,-1.));
#721 = PCURVE('',#722,#727);
#722 = CYLINDRICAL_SURFACE('',#723,0.2);
#723 = AXIS2_PLACEMENT_3D('',#724,#725,#726);
#724 = CARTESIAN_POINT('',(0.7,-1.38,1.E-02));
#725 = DIRECTION('',(0.,0.,-1.));
#726 = DIRECTION('',(-1.,0.,0.));
#727 = DEFINITIONAL_REPRESENTATION('',(#728),#732);
#728 = LINE('',#729,#730);
#729 = CARTESIAN_POINT('',(6.28318530718,0.));
#730 = VECTOR('',#731,1.);
#731 = DIRECTION('',(0.,1.));
#732 = ( GEOMETRIC_REPRESENTATION_CONTEXT(2) 
PARAMETRIC_REPRESENTATION_CONTEXT() REPRESENTATION_CONTEXT('2D SPACE',''
  ) );
#733 = PCURVE('',#734,#739);
#734 = CYLINDRICAL_SURFACE('',#735,0.2);
#735 = AXIS2_PLACEMENT_3D('',#736,#737,#738);
#736 = CARTESIAN_POINT('',(0.7,-1.38,1.E-02));
#737 = DIRECTION('',(0.,0.,-1.));
#738 = DIRECTION('',(-1.,0.,0.));
#739 = DEFINITIONAL_REPRESENTATION('',(#740),#744);
#740 = LINE('',#741,#742);
#741 = CARTESIAN_POINT('',(0.,0.));
#742 = VECTOR('',#743,1.);
#743 = DIRECTION('',(0.,1.));
#744 = ( GEOMETRIC_REPRESENTATION_CONTEXT(2) 
PARAMETRIC_REPRESENTATION_CONTEXT() REPRESENTATION_CONTEXT('2D SPACE',''
  ) );
#745 = ORIENTED_EDGE('',*,*,#746,.T.);
#746 = EDGE_CURVE('',#714,#747,#749,.T.);
#747 = VERTEX_POINT('',#748);
#748 = CARTESIAN_POINT('',(0.9,-1.38,0.));
#749 = SURFACE_CURVE('',#750,(#755,#762),.PCURVE_S1.);
#750 = CIRCLE('',#751,0.2);
#751 = AXIS2_PLACEMENT_3D('',#752,#753,#754);
#752 = CARTESIAN_POINT('',(0.7,-1.38,0.));
#753 = DIRECTION('',(0.,0.,1.));
#754 = DIRECTION('',(-1.,0.,0.));
#755 = PCURVE('',#722,#756);
#756 = DEFINITIONAL_REPRESENTATION('',(#757),#761);
#757 = LINE('',#758,#759);
#758 = CARTESIAN_POINT('',(6.28318530718,1.E-02));
#759 = VECTOR('',#760,1.);
#760 = DIRECTION('',(-1.,0.));
#761 = ( GEOMETRIC_REPRESENTATION_CONTEXT(2) 
PARAMETRIC_REPRESENTATION_CONTEXT() REPRESENTATION_CONTEXT('2D SPACE',''
  ) );
#762 = PCURVE('',#132,#763);
#763 = DEFINITIONAL_REPRESENTATION('',(#764),#768);
#764 = CIRCLE('',#765,0.2);
#765 = AXIS2_PLACEMENT_2D('',#766,#767);
#766 = CARTESIAN_POINT('',(0.7,-1.38));
#767 = DIRECTION('',(-1.,0.));
#768 = ( GEOMETRIC_REPRESENTATION_CONTEXT(2) 
PARAMETRIC_REPRESENTATION_CONTEXT() REPRESENTATION_CONTEXT('2D SPACE',''
  ) );
#769 = ORIENTED_EDGE('',*,*,#770,.F.);
#770 = EDGE_CURVE('',#771,#747,#773,.T.);
#771 = VERTEX_POINT('',#772);
#772 = CARTESIAN_POINT('',(0.9,-1.38,1.E-02));
#773 = SURFACE_CURVE('',#774,(#778,#785),.PCURVE_S1.);
#774 = LINE('',#775,#776);
#775 = CARTESIAN_POINT('',(0.9,-1.38,1.E-02));
#776 = VECTOR('',#777,1.);
#777 = DIRECTION('',(0.,0.,-1.));
#778 = PCURVE('',#722,#779);
#779 = DEFINITIONAL_REPRESENTATION('',(#780),#784);
#780 = LINE('',#781,#782);
#781 = CARTESIAN_POINT('',(3.14159265359,0.));
#782 = VECTOR('',#783,1.);
#783 = DIRECTION('',(0.,1.));
#784 = ( GEOMETRIC_REPRESENTATION_CONTEXT(2) 
PARAMETRIC_REPRESENTATION_CONTEXT() REPRESENTATION_CONTEXT('2D SPACE',''
  ) );
#785 = PCURVE('',#734,#786);
#786 = DEFINITIONAL_REPRESENTATION('',(#787),#791);
#787 = LINE('',#788,#789);
#788 = CARTESIAN_POINT('',(3.14159265359,0.));
#789 = VECTOR('',#790,1.);
#790 = DIRECTION('',(0.,1.));
#791 = ( GEOMETRIC_REPRESENTATION_CONTEXT(2) 
PARAMETRIC_REPRESENTATION_CONTEXT() REPRESENTATION_CONTEXT('2D SPACE',''
  ) );
#792 = ORIENTED_EDGE('',*,*,#793,.F.);
#793 = EDGE_CURVE('',#712,#771,#794,.T.);
#794 = SURFACE_CURVE('',#795,(#800,#807),.PCURVE_S1.);
#795 = CIRCLE('',#796,0.2);
#796 = AXIS2_PLACEMENT_3D('',#797,#798,#799);
#797 = CARTESIAN_POINT('',(0.7,-1.38,1.E-02));
#798 = DIRECTION('',(0.,0.,1.));
#799 = DIRECTION('',(-1.,0.,0.));
#800 = PCURVE('',#722,#801);
#801 = DEFINITIONAL_REPRESENTATION('',(#802),#806);
#802 = LINE('',#803,#804);
#803 = CARTESIAN_POINT('',(6.28318530718,0.));
#804 = VECTOR('',#805,1.);
#805 = DIRECTION('',(-1.,0.));
#806 = ( GEOMETRIC_REPRESENTATION_CONTEXT(2) 
PARAMETRIC_REPRESENTATION_CONTEXT() REPRESENTATION_CONTEXT('2D SPACE',''
  ) );
#807 = PCURVE('',#808,#813);
#808 = PLANE('',#809);
#809 = AXIS2_PLACEMENT_3D('',#810,#811,#812);
#810 = CARTESIAN_POINT('',(0.7,-1.38,1.E-02));
#811 = DIRECTION('',(0.,0.,1.));
#812 = DIRECTION('',(1.,0.,-0.));
#813 = DEFINITIONAL_REPRESENTATION('',(#814),#818);
#814 = CIRCLE('',#815,0.2);
#815 = AXIS2_PLACEMENT_2D('',#816,#817);
#816 = CARTESIAN_POINT('',(0.,0.));
#817 = DIRECTION('',(-1.,0.));
#818 = ( GEOMETRIC_REPRESENTATION_CONTEXT(2) 
PARAMETRIC_REPRESENTATION_CONTEXT() REPRESENTATION_CONTEXT('2D SPACE',''
  ) );
#819 = ADVANCED_FACE('',(#820),#834,.F.);
#820 = FACE_BOUND('',#821,.F.);
#821 = EDGE_LOOP('',(#822,#857,#881,#904));
#822 = ORIENTED_EDGE('',*,*,#823,.T.);
#823 = EDGE_CURVE('',#824,#826,#828,.T.);
#824 = VERTEX_POINT('',#825);
#825 = CARTESIAN_POINT('',(0.45,1.3,1.E-02));
#826 = VERTEX_POINT('',#827);
#827 = CARTESIAN_POINT('',(0.45,1.3,0.));
#828 = SURFACE_CURVE('',#829,(#833,#845),.PCURVE_S1.);
#829 = LINE('',#830,#831);
#830 = CARTESIAN_POINT('',(0.45,1.3,1.E-02));
#831 = VECTOR('',#832,1.);
#832 = DIRECTION('',(0.,0.,-1.));
#833 = PCURVE('',#834,#839);
#834 = CYLINDRICAL_SURFACE('',#835,0.25);
#835 = AXIS2_PLACEMENT_3D('',#836,#837,#838);
#836 = CARTESIAN_POINT('',(0.7,1.3,1.E-02));
#837 = DIRECTION('',(0.,0.,-1.));
#838 = DIRECTION('',(-1.,0.,0.));
#839 = DEFINITIONAL_REPRESENTATION('',(#840),#844);
#840 = LINE('',#841,#842);
#841 = CARTESIAN_POINT('',(6.28318530718,0.));
#842 = VECTOR('',#843,1.);
#843 = DIRECTION('',(0.,1.));
#844 = ( GEOMETRIC_REPRESENTATION_CONTEXT(2) 
PARAMETRIC_REPRESENTATION_CONTEXT() REPRESENTATION_CONTEXT('2D SPACE',''
  ) );
#845 = PCURVE('',#846,#851);
#846 = CYLINDRICAL_SURFACE('',#847,0.25);
#847 = AXIS2_PLACEMENT_3D('',#848,#849,#850);
#848 = CARTESIAN_POINT('',(0.7,1.3,1.E-02));
#849 = DIRECTION('',(0.,0.,-1.));
#850 = DIRECTION('',(-1.,0.,0.));
#851 = DEFINITIONAL_REPRESENTATION('',(#852),#856);
#852 = LINE('',#853,#854);
#853 = CARTESIAN_POINT('',(0.,0.));
#854 = VECTOR('',#855,1.);
#855 = DIRECTION('',(0.,1.));
#856 = ( GEOMETRIC_REPRESENTATION_CONTEXT(2) 
PARAMETRIC_REPRESENTATION_CONTEXT() REPRESENTATION_CONTEXT('2D SPACE',''
  ) );
#857 = ORIENTED_EDGE('',*,*,#858,.T.);
#858 = EDGE_CURVE('',#826,#859,#861,.T.);
#859 = VERTEX_POINT('',#860);
#860 = CARTESIAN_POINT('',(0.95,1.3,0.));
#861 = SURFACE_CURVE('',#862,(#867,#874),.PCURVE_S1.);
#862 = CIRCLE('',#863,0.25);
#863 = AXIS2_PLACEMENT_3D('',#864,#865,#866);
#864 = CARTESIAN_POINT('',(0.7,1.3,0.));
#865 = DIRECTION('',(0.,0.,1.));
#866 = DIRECTION('',(-1.,0.,0.));
#867 = PCURVE('',#834,#868);
#868 = DEFINITIONAL_REPRESENTATION('',(#869),#873);
#869 = LINE('',#870,#871);
#870 = CARTESIAN_POINT('',(6.28318530718,1.E-02));
#871 = VECTOR('',#872,1.);
#872 = DIRECTION('',(-1.,0.));
#873 = ( GEOMETRIC_REPRESENTATION_CONTEXT(2) 
PARAMETRIC_REPRESENTATION_CONTEXT() REPRESENTATION_CONTEXT('2D SPACE',''
  ) );
#874 = PCURVE('',#132,#875);
#875 = DEFINITIONAL_REPRESENTATION('',(#876),#880);
#876 = CIRCLE('',#877,0.25);
#877 = AXIS2_PLACEMENT_2D('',#878,#879);
#878 = CARTESIAN_POINT('',(0.7,1.3));
#879 = DIRECTION('',(-1.,0.));
#880 = ( GEOMETRIC_REPRESENTATION_CONTEXT(2) 
PARAMETRIC_REPRESENTATION_CONTEXT() REPRESENTATION_CONTEXT('2D SPACE',''
  ) );
#881 = ORIENTED_EDGE('',*,*,#882,.F.);
#882 = EDGE_CURVE('',#883,#859,#885,.T.);
#883 = VERTEX_POINT('',#884);
#884 = CARTESIAN_POINT('',(0.95,1.3,1.E-02));
#885 = SURFACE_CURVE('',#886,(#890,#897),.PCURVE_S1.);
#886 = LINE('',#887,#888);
#887 = CARTESIAN_POINT('',(0.95,1.3,1.E-02));
#888 = VECTOR('',#889,1.);
#889 = DIRECTION('',(0.,0.,-1.));
#890 = PCURVE('',#834,#891);
#891 = DEFINITIONAL_REPRESENTATION('',(#892),#896);
#892 = LINE('',#893,#894);
#893 = CARTESIAN_POINT('',(3.14159265359,0.));
#894 = VECTOR('',#895,1.);
#895 = DIRECTION('',(0.,1.));
#896 = ( GEOMETRIC_REPRESENTATION_CONTEXT(2) 
PARAMETRIC_REPRESENTATION_CONTEXT() REPRESENTATION_CONTEXT('2D SPACE',''
  ) );
#897 = PCURVE('',#846,#898);
#898 = DEFINITIONAL_REPRESENTATION('',(#899),#903);
#899 = LINE('',#900,#901);
#900 = CARTESIAN_POINT('',(3.14159265359,0.));
#901 = VECTOR('',#902,1.);
#902 = DIRECTION('',(0.,1.));
#903 = ( GEOMETRIC_REPRESENTATION_CONTEXT(2) 
PARAMETRIC_REPRESENTATION_CONTEXT() REPRESENTATION_CONTEXT('2D SPACE',''
  ) );
#904 = ORIENTED_EDGE('',*,*,#905,.F.);
#905 = EDGE_CURVE('',#824,#883,#906,.T.);
#906 = SURFACE_CURVE('',#907,(#912,#919),.PCURVE_S1.);
#907 = CIRCLE('',#908,0.25);
#908 = AXIS2_PLACEMENT_3D('',#909,#910,#911);
#909 = CARTESIAN_POINT('',(0.7,1.3,1.E-02));
#910 = DIRECTION('',(0.,0.,1.));
#911 = DIRECTION('',(-1.,0.,0.));
#912 = PCURVE('',#834,#913);
#913 = DEFINITIONAL_REPRESENTATION('',(#914),#918);
#914 = LINE('',#915,#916);
#915 = CARTESIAN_POINT('',(6.28318530718,0.));
#916 = VECTOR('',#917,1.);
#917 = DIRECTION('',(-1.,0.));
#918 = ( GEOMETRIC_REPRESENTATION_CONTEXT(2) 
PARAMETRIC_REPRESENTATION_CONTEXT() REPRESENTATION_CONTEXT('2D SPACE',''
  ) );
#919 = PCURVE('',#920,#925);
#920 = PLANE('',#921);
#921 = AXIS2_PLACEMENT_3D('',#922,#923,#924);
#922 = CARTESIAN_POINT('',(0.7,1.3,1.E-02));
#923 = DIRECTION('',(0.,0.,1.));
#924 = DIRECTION('',(1.,0.,-0.));
#925 = DEFINITIONAL_REPRESENTATION('',(#926),#930);
#926 = CIRCLE('',#927,0.25);
#927 = AXIS2_PLACEMENT_2D('',#928,#929);
#928 = CARTESIAN_POINT('',(0.,0.));
#929 = DIRECTION('',(-1.,0.));
#930 = ( GEOMETRIC_REPRESENTATION_CONTEXT(2) 
PARAMETRIC_REPRESENTATION_CONTEXT() REPRESENTATION_CONTEXT('2D SPACE',''
  ) );
#931 = ADVANCED_FACE('',(#932),#946,.F.);
#932 = FACE_BOUND('',#933,.F.);
#933 = EDGE_LOOP('',(#934,#969,#993,#1016));
#934 = ORIENTED_EDGE('',*,*,#935,.T.);
#935 = EDGE_CURVE('',#936,#938,#940,.T.);
#936 = VERTEX_POINT('',#937);
#937 = CARTESIAN_POINT('',(-0.95,1.3,1.E-02));
#938 = VERTEX_POINT('',#939);
#939 = CARTESIAN_POINT('',(-0.95,1.3,0.));
#940 = SURFACE_CURVE('',#941,(#945,#957),.PCURVE_S1.);
#941 = LINE('',#942,#943);
#942 = CARTESIAN_POINT('',(-0.95,1.3,1.E-02));
#943 = VECTOR('',#944,1.);
#944 = DIRECTION('',(0.,0.,-1.));
#945 = PCURVE('',#946,#951);
#946 = CYLINDRICAL_SURFACE('',#947,0.25);
#947 = AXIS2_PLACEMENT_3D('',#948,#949,#950);
#948 = CARTESIAN_POINT('',(-0.7,1.3,1.E-02));
#949 = DIRECTION('',(0.,0.,-1.));
#950 = DIRECTION('',(-1.,0.,0.));
#951 = DEFINITIONAL_REPRESENTATION('',(#952),#956);
#952 = LINE('',#953,#954);
#953 = CARTESIAN_POINT('',(6.28318530718,0.));
#954 = VECTOR('',#955,1.);
#955 = DIRECTION('',(0.,1.));
#956 = ( GEOMETRIC_REPRESENTATION_CONTEXT(2) 
PARAMETRIC_REPRESENTATION_CONTEXT() REPRESENTATION_CONTEXT('2D SPACE',''
  ) );
#957 = PCURVE('',#958,#963);
#958 = CYLINDRICAL_SURFACE('',#959,0.25);
#959 = AXIS2_PLACEMENT_3D('',#960,#961,#962);
#960 = CARTESIAN_POINT('',(-0.7,1.3,1.E-02));
#961 = DIRECTION('',(0.,0.,-1.));
#962 = DIRECTION('',(-1.,0.,0.));
#963 = DEFINITIONAL_REPRESENTATION('',(#964),#968);
#964 = LINE('',#965,#966);
#965 = CARTESIAN_POINT('',(0.,0.));
#966 = VECTOR('',#967,1.);
#967 = DIRECTION('',(0.,1.));
#968 = ( GEOMETRIC_REPRESENTATION_CONTEXT(2) 
PARAMETRIC_REPRESENTATION_CONTEXT() REPRESENTATION_CONTEXT('2D SPACE',''
  ) );
#969 = ORIENTED_EDGE('',*,*,#970,.T.);
#970 = EDGE_CURVE('',#938,#971,#973,.T.);
#971 = VERTEX_POINT('',#972);
#972 = CARTESIAN_POINT('',(-0.45,1.3,0.));
#973 = SURFACE_CURVE('',#974,(#979,#986),.PCURVE_S1.);
#974 = CIRCLE('',#975,0.25);
#975 = AXIS2_PLACEMENT_3D('',#976,#977,#978);
#976 = CARTESIAN_POINT('',(-0.7,1.3,0.));
#977 = DIRECTION('',(0.,0.,1.));
#978 = DIRECTION('',(-1.,0.,0.));
#979 = PCURVE('',#946,#980);
#980 = DEFINITIONAL_REPRESENTATION('',(#981),#985);
#981 = LINE('',#982,#983);
#982 = CARTESIAN_POINT('',(6.28318530718,1.E-02));
#983 = VECTOR('',#984,1.);
#984 = DIRECTION('',(-1.,0.));
#985 = ( GEOMETRIC_REPRESENTATION_CONTEXT(2) 
PARAMETRIC_REPRESENTATION_CONTEXT() REPRESENTATION_CONTEXT('2D SPACE',''
  ) );
#986 = PCURVE('',#132,#987);
#987 = DEFINITIONAL_REPRESENTATION('',(#988),#992);
#988 = CIRCLE('',#989,0.25);
#989 = AXIS2_PLACEMENT_2D('',#990,#991);
#990 = CARTESIAN_POINT('',(-0.7,1.3));
#991 = DIRECTION('',(-1.,0.));
#992 = ( GEOMETRIC_REPRESENTATION_CONTEXT(2) 
PARAMETRIC_REPRESENTATION_CONTEXT() REPRESENTATION_CONTEXT('2D SPACE',''
  ) );
#993 = ORIENTED_EDGE('',*,*,#994,.F.);
#994 = EDGE_CURVE('',#995,#971,#997,.T.);
#995 = VERTEX_POINT('',#996);
#996 = CARTESIAN_POINT('',(-0.45,1.3,1.E-02));
#997 = SURFACE_CURVE('',#998,(#1002,#1009),.PCURVE_S1.);
#998 = LINE('',#999,#1000);
#999 = CARTESIAN_POINT('',(-0.45,1.3,1.E-02));
#1000 = VECTOR('',#1001,1.);
#1001 = DIRECTION('',(0.,0.,-1.));
#1002 = PCURVE('',#946,#1003);
#1003 = DEFINITIONAL_REPRESENTATION('',(#1004),#1008);
#1004 = LINE('',#1005,#1006);
#1005 = CARTESIAN_POINT('',(3.14159265359,0.));
#1006 = VECTOR('',#1007,1.);
#1007 = DIRECTION('',(0.,1.));
#1008 = ( GEOMETRIC_REPRESENTATION_CONTEXT(2) 
PARAMETRIC_REPRESENTATION_CONTEXT() REPRESENTATION_CONTEXT('2D SPACE',''
  ) );
#1009 = PCURVE('',#958,#1010);
#1010 = DEFINITIONAL_REPRESENTATION('',(#1011),#1015);
#1011 = LINE('',#1012,#1013);
#1012 = CARTESIAN_POINT('',(3.14159265359,0.));
#1013 = VECTOR('',#1014,1.);
#1014 = DIRECTION('',(0.,1.));
#1015 = ( GEOMETRIC_REPRESENTATION_CONTEXT(2) 
PARAMETRIC_REPRESENTATION_CONTEXT() REPRESENTATION_CONTEXT('2D SPACE',''
  ) );
#1016 = ORIENTED_EDGE('',*,*,#1017,.F.);
#1017 = EDGE_CURVE('',#936,#995,#1018,.T.);
#1018 = SURFACE_CURVE('',#1019,(#1024,#1031),.PCURVE_S1.);
#1019 = CIRCLE('',#1020,0.25);
#1020 = AXIS2_PLACEMENT_3D('',#1021,#1022,#1023);
#1021 = CARTESIAN_POINT('',(-0.7,1.3,1.E-02));
#1022 = DIRECTION('',(0.,0.,1.));
#1023 = DIRECTION('',(-1.,0.,0.));
#1024 = PCURVE('',#946,#1025);
#1025 = DEFINITIONAL_REPRESENTATION('',(#1026),#1030);
#1026 = LINE('',#1027,#1028);
#1027 = CARTESIAN_POINT('',(6.28318530718,0.));
#1028 = VECTOR('',#1029,1.);
#1029 = DIRECTION('',(-1.,0.));
#1030 = ( GEOMETRIC_REPRESENTATION_CONTEXT(2) 
PARAMETRIC_REPRESENTATION_CONTEXT() REPRESENTATION_CONTEXT('2D SPACE',''
  ) );
#1031 = PCURVE('',#1032,#1037);
#1032 = PLANE('',#1033);
#1033 = AXIS2_PLACEMENT_3D('',#1034,#1035,#1036);
#1034 = CARTESIAN_POINT('',(-0.7,1.3,1.E-02));
#1035 = DIRECTION('',(0.,0.,1.));
#1036 = DIRECTION('',(1.,0.,-0.));
#1037 = DEFINITIONAL_REPRESENTATION('',(#1038),#1042);
#1038 = CIRCLE('',#1039,0.25);
#1039 = AXIS2_PLACEMENT_2D('',#1040,#1041);
#1040 = CARTESIAN_POINT('',(0.,0.));
#1041 = DIRECTION('',(-1.,0.));
#1042 = ( GEOMETRIC_REPRESENTATION_CONTEXT(2) 
PARAMETRIC_REPRESENTATION_CONTEXT() REPRESENTATION_CONTEXT('2D SPACE',''
  ) );
#1043 = ADVANCED_FACE('',(#1044),#1058,.F.);
#1044 = FACE_BOUND('',#1045,.F.);
#1045 = EDGE_LOOP('',(#1046,#1081,#1105,#1128));
#1046 = ORIENTED_EDGE('',*,*,#1047,.T.);
#1047 = EDGE_CURVE('',#1048,#1050,#1052,.T.);
#1048 = VERTEX_POINT('',#1049);
#1049 = CARTESIAN_POINT('',(-1.7,-2.609536585638E-17,1.E-02));
#1050 = VERTEX_POINT('',#1051);
#1051 = CARTESIAN_POINT('',(-1.7,-2.609536585638E-17,0.));
#1052 = SURFACE_CURVE('',#1053,(#1057,#1069),.PCURVE_S1.);
#1053 = LINE('',#1054,#1055);
#1054 = CARTESIAN_POINT('',(-1.7,-2.609536585638E-17,1.E-02));
#1055 = VECTOR('',#1056,1.);
#1056 = DIRECTION('',(0.,0.,-1.));
#1057 = PCURVE('',#1058,#1063);
#1058 = CYLINDRICAL_SURFACE('',#1059,0.2);
#1059 = AXIS2_PLACEMENT_3D('',#1060,#1061,#1062);
#1060 = CARTESIAN_POINT('',(-1.5,-2.609536585638E-17,1.E-02));
#1061 = DIRECTION('',(0.,0.,-1.));
#1062 = DIRECTION('',(-1.,0.,0.));
#1063 = DEFINITIONAL_REPRESENTATION('',(#1064),#1068);
#1064 = LINE('',#1065,#1066);
#1065 = CARTESIAN_POINT('',(6.28318530718,0.));
#1066 = VECTOR('',#1067,1.);
#1067 = DIRECTION('',(0.,1.));
#1068 = ( GEOMETRIC_REPRESENTATION_CONTEXT(2) 
PARAMETRIC_REPRESENTATION_CONTEXT() REPRESENTATION_CONTEXT('2D SPACE',''
  ) );
#1069 = PCURVE('',#1070,#1075);
#1070 = CYLINDRICAL_SURFACE('',#1071,0.2);
#1071 = AXIS2_PLACEMENT_3D('',#1072,#1073,#1074);
#1072 = CARTESIAN_POINT('',(-1.5,-2.609536585638E-17,1.E-02));
#1073 = DIRECTION('',(0.,0.,-1.));
#1074 = DIRECTION('',(-1.,0.,0.));
#1075 = DEFINITIONAL_REPRESENTATION('',(#1076),#1080);
#1076 = LINE('',#1077,#1078);
#1077 = CARTESIAN_POINT('',(0.,0.));
#1078 = VECTOR('',#1079,1.);
#1079 = DIRECTION('',(0.,1.));
#1080 = ( GEOMETRIC_REPRESENTATION_CONTEXT(2) 
PARAMETRIC_REPRESENTATION_CONTEXT() REPRESENTATION_CONTEXT('2D SPACE',''
  ) );
#1081 = ORIENTED_EDGE('',*,*,#1082,.T.);
#1082 = EDGE_CURVE('',#1050,#1083,#1085,.T.);
#1083 = VERTEX_POINT('',#1084);
#1084 = CARTESIAN_POINT('',(-1.3,-1.602429873435E-18,0.));
#1085 = SURFACE_CURVE('',#1086,(#1091,#1098),.PCURVE_S1.);
#1086 = CIRCLE('',#1087,0.2);
#1087 = AXIS2_PLACEMENT_3D('',#1088,#1089,#1090);
#1088 = CARTESIAN_POINT('',(-1.5,-2.609536585638E-17,0.));
#1089 = DIRECTION('',(0.,0.,1.));
#1090 = DIRECTION('',(-1.,0.,0.));
#1091 = PCURVE('',#1058,#1092);
#1092 = DEFINITIONAL_REPRESENTATION('',(#1093),#1097);
#1093 = LINE('',#1094,#1095);
#1094 = CARTESIAN_POINT('',(6.28318530718,1.E-02));
#1095 = VECTOR('',#1096,1.);
#1096 = DIRECTION('',(-1.,0.));
#1097 = ( GEOMETRIC_REPRESENTATION_CONTEXT(2) 
PARAMETRIC_REPRESENTATION_CONTEXT() REPRESENTATION_CONTEXT('2D SPACE',''
  ) );
#1098 = PCURVE('',#132,#1099);
#1099 = DEFINITIONAL_REPRESENTATION('',(#1100),#1104);
#1100 = CIRCLE('',#1101,0.2);
#1101 = AXIS2_PLACEMENT_2D('',#1102,#1103);
#1102 = CARTESIAN_POINT('',(-1.5,-2.609536585638E-17));
#1103 = DIRECTION('',(-1.,0.));
#1104 = ( GEOMETRIC_REPRESENTATION_CONTEXT(2) 
PARAMETRIC_REPRESENTATION_CONTEXT() REPRESENTATION_CONTEXT('2D SPACE',''
  ) );
#1105 = ORIENTED_EDGE('',*,*,#1106,.F.);
#1106 = EDGE_CURVE('',#1107,#1083,#1109,.T.);
#1107 = VERTEX_POINT('',#1108);
#1108 = CARTESIAN_POINT('',(-1.3,-1.602429873435E-18,1.E-02));
#1109 = SURFACE_CURVE('',#1110,(#1114,#1121),.PCURVE_S1.);
#1110 = LINE('',#1111,#1112);
#1111 = CARTESIAN_POINT('',(-1.3,-1.602429873435E-18,1.E-02));
#1112 = VECTOR('',#1113,1.);
#1113 = DIRECTION('',(0.,0.,-1.));
#1114 = PCURVE('',#1058,#1115);
#1115 = DEFINITIONAL_REPRESENTATION('',(#1116),#1120);
#1116 = LINE('',#1117,#1118);
#1117 = CARTESIAN_POINT('',(3.14159265359,0.));
#1118 = VECTOR('',#1119,1.);
#1119 = DIRECTION('',(0.,1.));
#1120 = ( GEOMETRIC_REPRESENTATION_CONTEXT(2) 
PARAMETRIC_REPRESENTATION_CONTEXT() REPRESENTATION_CONTEXT('2D SPACE',''
  ) );
#1121 = PCURVE('',#1070,#1122);
#1122 = DEFINITIONAL_REPRESENTATION('',(#1123),#1127);
#1123 = LINE('',#1124,#1125);
#1124 = CARTESIAN_POINT('',(3.14159265359,0.));
#1125 = VECTOR('',#1126,1.);
#1126 = DIRECTION('',(0.,1.));
#1127 = ( GEOMETRIC_REPRESENTATION_CONTEXT(2) 
PARAMETRIC_REPRESENTATION_CONTEXT() REPRESENTATION_CONTEXT('2D SPACE',''
  ) );
#1128 = ORIENTED_EDGE('',*,*,#1129,.F.);
#1129 = EDGE_CURVE('',#1048,#1107,#1130,.T.);
#1130 = SURFACE_CURVE('',#1131,(#1136,#1143),.PCURVE_S1.);
#1131 = CIRCLE('',#1132,0.2);
#1132 = AXIS2_PLACEMENT_3D('',#1133,#1134,#1135);
#1133 = CARTESIAN_POINT('',(-1.5,-2.609536585638E-17,1.E-02));
#1134 = DIRECTION('',(0.,0.,1.));
#1135 = DIRECTION('',(-1.,0.,0.));
#1136 = PCURVE('',#1058,#1137);
#1137 = DEFINITIONAL_REPRESENTATION('',(#1138),#1142);
#1138 = LINE('',#1139,#1140);
#1139 = CARTESIAN_POINT('',(6.28318530718,0.));
#1140 = VECTOR('',#1141,1.);
#1141 = DIRECTION('',(-1.,0.));
#1142 = ( GEOMETRIC_REPRESENTATION_CONTEXT(2) 
PARAMETRIC_REPRESENTATION_CONTEXT() REPRESENTATION_CONTEXT('2D SPACE',''
  ) );
#1143 = PCURVE('',#1144,#1149);
#1144 = PLANE('',#1145);
#1145 = AXIS2_PLACEMENT_3D('',#1146,#1147,#1148);
#1146 = CARTESIAN_POINT('',(-1.5,-2.609536585638E-17,1.E-02));
#1147 = DIRECTION('',(0.,0.,1.));
#1148 = DIRECTION('',(1.,0.,-0.));
#1149 = DEFINITIONAL_REPRESENTATION('',(#1150),#1154);
#1150 = CIRCLE('',#1151,0.2);
#1151 = AXIS2_PLACEMENT_2D('',#1152,#1153);
#1152 = CARTESIAN_POINT('',(0.,0.));
#1153 = DIRECTION('',(-1.,0.));
#1154 = ( GEOMETRIC_REPRESENTATION_CONTEXT(2) 
PARAMETRIC_REPRESENTATION_CONTEXT() REPRESENTATION_CONTEXT('2D SPACE',''
  ) );
#1155 = ADVANCED_FACE('',(#1156),#1170,.F.);
#1156 = FACE_BOUND('',#1157,.T.);
#1157 = EDGE_LOOP('',(#1158,#1193,#1221,#1249,#1282));
#1158 = ORIENTED_EDGE('',*,*,#1159,.F.);
#1159 = EDGE_CURVE('',#1160,#1162,#1164,.T.);
#1160 = VERTEX_POINT('',#1161);
#1161 = CARTESIAN_POINT('',(-1.539127928665,1.575,3.E-02));
#1162 = VERTEX_POINT('',#1163);
#1163 = CARTESIAN_POINT('',(-1.535,1.575,3.E-02));
#1164 = SURFACE_CURVE('',#1165,(#1169,#1181),.PCURVE_S1.);
#1165 = LINE('',#1166,#1167);
#1166 = CARTESIAN_POINT('',(-1.11,1.575,3.E-02));
#1167 = VECTOR('',#1168,1.);
#1168 = DIRECTION('',(1.,0.,-6.316310941688E-17));
#1169 = PCURVE('',#1170,#1175);
#1170 = PLANE('',#1171);
#1171 = AXIS2_PLACEMENT_3D('',#1172,#1173,#1174);
#1172 = CARTESIAN_POINT('',(-1.11,1.175,3.E-02));
#1173 = DIRECTION('',(-6.316310941688E-17,0.,-1.));
#1174 = DIRECTION('',(-1.,0.,6.316310941688E-17));
#1175 = DEFINITIONAL_REPRESENTATION('',(#1176),#1180);
#1176 = LINE('',#1177,#1178);
#1177 = CARTESIAN_POINT('',(0.,0.4));
#1178 = VECTOR('',#1179,1.);
#1179 = DIRECTION('',(-1.,0.));
#1180 = ( GEOMETRIC_REPRESENTATION_CONTEXT(2) 
PARAMETRIC_REPRESENTATION_CONTEXT() REPRESENTATION_CONTEXT('2D SPACE',''
  ) );
#1181 = PCURVE('',#1182,#1187);
#1182 = PLANE('',#1183);
#1183 = AXIS2_PLACEMENT_3D('',#1184,#1185,#1186);
#1184 = CARTESIAN_POINT('',(0.,1.575,0.));
#1185 = DIRECTION('',(0.,-1.,0.));
#1186 = DIRECTION('',(0.,0.,-1.));
#1187 = DEFINITIONAL_REPRESENTATION('',(#1188),#1192);
#1188 = LINE('',#1189,#1190);
#1189 = CARTESIAN_POINT('',(-3.E-02,-1.11));
#1190 = VECTOR('',#1191,1.);
#1191 = DIRECTION('',(6.316310941688E-17,1.));
#1192 = ( GEOMETRIC_REPRESENTATION_CONTEXT(2) 
PARAMETRIC_REPRESENTATION_CONTEXT() REPRESENTATION_CONTEXT('2D SPACE',''
  ) );
#1193 = ORIENTED_EDGE('',*,*,#1194,.F.);
#1194 = EDGE_CURVE('',#1195,#1160,#1197,.T.);
#1195 = VERTEX_POINT('',#1196);
#1196 = CARTESIAN_POINT('',(-1.539127928665,1.175,3.E-02));
#1197 = SURFACE_CURVE('',#1198,(#1202,#1209),.PCURVE_S1.);
#1198 = LINE('',#1199,#1200);
#1199 = CARTESIAN_POINT('',(-1.539127928665,1.175,3.E-02));
#1200 = VECTOR('',#1201,1.);
#1201 = DIRECTION('',(0.,1.,0.));
#1202 = PCURVE('',#1170,#1203);
#1203 = DEFINITIONAL_REPRESENTATION('',(#1204),#1208);
#1204 = LINE('',#1205,#1206);
#1205 = CARTESIAN_POINT('',(0.429127928665,0.));
#1206 = VECTOR('',#1207,1.);
#1207 = DIRECTION('',(0.,1.));
#1208 = ( GEOMETRIC_REPRESENTATION_CONTEXT(2) 
PARAMETRIC_REPRESENTATION_CONTEXT() REPRESENTATION_CONTEXT('2D SPACE',''
  ) );
#1209 = PCURVE('',#1210,#1215);
#1210 = PLANE('',#1211);
#1211 = AXIS2_PLACEMENT_3D('',#1212,#1213,#1214);
#1212 = CARTESIAN_POINT('',(-1.539127928665,1.175,3.E-02));
#1213 = DIRECTION('',(-0.906307787037,0.,-0.422618261741));
#1214 = DIRECTION('',(-0.422618261741,0.,0.906307787037));
#1215 = DEFINITIONAL_REPRESENTATION('',(#1216),#1220);
#1216 = LINE('',#1217,#1218);
#1217 = CARTESIAN_POINT('',(0.,0.));
#1218 = VECTOR('',#1219,1.);
#1219 = DIRECTION('',(0.,1.));
#1220 = ( GEOMETRIC_REPRESENTATION_CONTEXT(2) 
PARAMETRIC_REPRESENTATION_CONTEXT() REPRESENTATION_CONTEXT('2D SPACE',''
  ) );
#1221 = ORIENTED_EDGE('',*,*,#1222,.T.);
#1222 = EDGE_CURVE('',#1195,#1223,#1225,.T.);
#1223 = VERTEX_POINT('',#1224);
#1224 = CARTESIAN_POINT('',(-1.53625108701,1.175,3.E-02));
#1225 = SURFACE_CURVE('',#1226,(#1230,#1237),.PCURVE_S1.);
#1226 = LINE('',#1227,#1228);
#1227 = CARTESIAN_POINT('',(-1.11,1.175,3.E-02));
#1228 = VECTOR('',#1229,1.);
#1229 = DIRECTION('',(1.,0.,-6.316310941688E-17));
#1230 = PCURVE('',#1170,#1231);
#1231 = DEFINITIONAL_REPRESENTATION('',(#1232),#1236);
#1232 = LINE('',#1233,#1234);
#1233 = CARTESIAN_POINT('',(0.,0.));
#1234 = VECTOR('',#1235,1.);
#1235 = DIRECTION('',(-1.,0.));
#1236 = ( GEOMETRIC_REPRESENTATION_CONTEXT(2) 
PARAMETRIC_REPRESENTATION_CONTEXT() REPRESENTATION_CONTEXT('2D SPACE',''
  ) );
#1237 = PCURVE('',#1238,#1243);
#1238 = PLANE('',#1239);
#1239 = AXIS2_PLACEMENT_3D('',#1240,#1241,#1242);
#1240 = CARTESIAN_POINT('',(0.,1.175,0.));
#1241 = DIRECTION('',(0.,-1.,0.));
#1242 = DIRECTION('',(0.,0.,-1.));
#1243 = DEFINITIONAL_REPRESENTATION('',(#1244),#1248);
#1244 = LINE('',#1245,#1246);
#1245 = CARTESIAN_POINT('',(-3.E-02,-1.11));
#1246 = VECTOR('',#1247,1.);
#1247 = DIRECTION('',(6.316310941688E-17,1.));
#1248 = ( GEOMETRIC_REPRESENTATION_CONTEXT(2) 
PARAMETRIC_REPRESENTATION_CONTEXT() REPRESENTATION_CONTEXT('2D SPACE',''
  ) );
#1249 = ORIENTED_EDGE('',*,*,#1250,.T.);
#1250 = EDGE_CURVE('',#1223,#1251,#1253,.T.);
#1251 = VERTEX_POINT('',#1252);
#1252 = CARTESIAN_POINT('',(-1.535,1.197335388633,3.E-02));
#1253 = SURFACE_CURVE('',#1254,(#1259,#1270),.PCURVE_S1.);
#1254 = CIRCLE('',#1255,0.2);
#1255 = AXIS2_PLACEMENT_3D('',#1256,#1257,#1258);
#1256 = CARTESIAN_POINT('',(-1.735,1.197335388633,3.E-02));
#1257 = DIRECTION('',(0.,0.,1.));
#1258 = DIRECTION('',(-1.,0.,0.));
#1259 = PCURVE('',#1170,#1260);
#1260 = DEFINITIONAL_REPRESENTATION('',(#1261),#1269);
#1261 = ( BOUNDED_CURVE() B_SPLINE_CURVE(2,(#1262,#1263,#1264,#1265,
#1266,#1267,#1268),.UNSPECIFIED.,.T.,.F.) B_SPLINE_CURVE_WITH_KNOTS((1,2
    ,2,2,2,1),(-2.094395102393,0.,2.094395102393,4.188790204786,
6.28318530718,8.377580409573),.UNSPECIFIED.) CURVE() 
GEOMETRIC_REPRESENTATION_ITEM() RATIONAL_B_SPLINE_CURVE((1.,0.5,1.,0.5,
1.,0.5,1.)) REPRESENTATION_ITEM('') );
#1262 = CARTESIAN_POINT('',(0.825,2.233538863266E-02));
#1263 = CARTESIAN_POINT('',(0.825,-0.324074772881));
#1264 = CARTESIAN_POINT('',(0.525,-0.150869692124));
#1265 = CARTESIAN_POINT('',(0.225,2.233538863266E-02));
#1266 = CARTESIAN_POINT('',(0.525,0.19554046939));
#1267 = CARTESIAN_POINT('',(0.825,0.368745550146));
#1268 = CARTESIAN_POINT('',(0.825,2.233538863266E-02));
#1269 = ( GEOMETRIC_REPRESENTATION_CONTEXT(2) 
PARAMETRIC_REPRESENTATION_CONTEXT() REPRESENTATION_CONTEXT('2D SPACE',''
  ) );
#1270 = PCURVE('',#1271,#1276);
#1271 = CYLINDRICAL_SURFACE('',#1272,0.2);
#1272 = AXIS2_PLACEMENT_3D('',#1273,#1274,#1275);
#1273 = CARTESIAN_POINT('',(-1.735,1.197335388633,0.28));
#1274 = DIRECTION('',(0.,0.,1.));
#1275 = DIRECTION('',(1.,0.,-0.));
#1276 = DEFINITIONAL_REPRESENTATION('',(#1277),#1281);
#1277 = LINE('',#1278,#1279);
#1278 = CARTESIAN_POINT('',(3.14159265359,-0.25));
#1279 = VECTOR('',#1280,1.);
#1280 = DIRECTION('',(1.,0.));
#1281 = ( GEOMETRIC_REPRESENTATION_CONTEXT(2) 
PARAMETRIC_REPRESENTATION_CONTEXT() REPRESENTATION_CONTEXT('2D SPACE',''
  ) );
#1282 = ORIENTED_EDGE('',*,*,#1283,.T.);
#1283 = EDGE_CURVE('',#1251,#1162,#1284,.T.);
#1284 = SURFACE_CURVE('',#1285,(#1289,#1296),.PCURVE_S1.);
#1285 = LINE('',#1286,#1287);
#1286 = CARTESIAN_POINT('',(-1.535,1.081865334795,3.E-02));
#1287 = VECTOR('',#1288,1.);
#1288 = DIRECTION('',(-5.645896333533E-16,1.,0.));
#1289 = PCURVE('',#1170,#1290);
#1290 = DEFINITIONAL_REPRESENTATION('',(#1291),#1295);
#1291 = LINE('',#1292,#1293);
#1292 = CARTESIAN_POINT('',(0.425,-9.313466520527E-02));
#1293 = VECTOR('',#1294,1.);
#1294 = DIRECTION('',(5.645896333533E-16,1.));
#1295 = ( GEOMETRIC_REPRESENTATION_CONTEXT(2) 
PARAMETRIC_REPRESENTATION_CONTEXT() REPRESENTATION_CONTEXT('2D SPACE',''
  ) );
#1296 = PCURVE('',#1297,#1302);
#1297 = PLANE('',#1298);
#1298 = AXIS2_PLACEMENT_3D('',#1299,#1300,#1301);
#1299 = CARTESIAN_POINT('',(-1.535,1.081865334795,0.28));
#1300 = DIRECTION('',(-1.,-5.645896333533E-16,0.));
#1301 = DIRECTION('',(-5.645896333533E-16,1.,0.));
#1302 = DEFINITIONAL_REPRESENTATION('',(#1303),#1307);
#1303 = LINE('',#1304,#1305);
#1304 = CARTESIAN_POINT('',(0.,0.25));
#1305 = VECTOR('',#1306,1.);
#1306 = DIRECTION('',(1.,0.));
#1307 = ( GEOMETRIC_REPRESENTATION_CONTEXT(2) 
PARAMETRIC_REPRESENTATION_CONTEXT() REPRESENTATION_CONTEXT('2D SPACE',''
  ) );
#1308 = ADVANCED_FACE('',(#1309),#1323,.F.);
#1309 = FACE_BOUND('',#1310,.T.);
#1310 = EDGE_LOOP('',(#1311,#1341,#1369,#1392));
#1311 = ORIENTED_EDGE('',*,*,#1312,.F.);
#1312 = EDGE_CURVE('',#1313,#1315,#1317,.T.);
#1313 = VERTEX_POINT('',#1314);
#1314 = CARTESIAN_POINT('',(-1.11,1.575,3.E-02));
#1315 = VERTEX_POINT('',#1316);
#1316 = CARTESIAN_POINT('',(-1.11,1.575,0.));
#1317 = SURFACE_CURVE('',#1318,(#1322,#1334),.PCURVE_S1.);
#1318 = LINE('',#1319,#1320);
#1319 = CARTESIAN_POINT('',(-1.11,1.575,3.E-02));
#1320 = VECTOR('',#1321,1.);
#1321 = DIRECTION('',(0.,0.,-1.));
#1322 = PCURVE('',#1323,#1328);
#1323 = PLANE('',#1324);
#1324 = AXIS2_PLACEMENT_3D('',#1325,#1326,#1327);
#1325 = CARTESIAN_POINT('',(-1.11,1.175,3.E-02));
#1326 = DIRECTION('',(-1.,0.,0.));
#1327 = DIRECTION('',(0.,0.,1.));
#1328 = DEFINITIONAL_REPRESENTATION('',(#1329),#1333);
#1329 = LINE('',#1330,#1331);
#1330 = CARTESIAN_POINT('',(0.,0.4));
#1331 = VECTOR('',#1332,1.);
#1332 = DIRECTION('',(-1.,0.));
#1333 = ( GEOMETRIC_REPRESENTATION_CONTEXT(2) 
PARAMETRIC_REPRESENTATION_CONTEXT() REPRESENTATION_CONTEXT('2D SPACE',''
  ) );
#1334 = PCURVE('',#1182,#1335);
#1335 = DEFINITIONAL_REPRESENTATION('',(#1336),#1340);
#1336 = LINE('',#1337,#1338);
#1337 = CARTESIAN_POINT('',(-3.E-02,-1.11));
#1338 = VECTOR('',#1339,1.);
#1339 = DIRECTION('',(1.,0.));
#1340 = ( GEOMETRIC_REPRESENTATION_CONTEXT(2) 
PARAMETRIC_REPRESENTATION_CONTEXT() REPRESENTATION_CONTEXT('2D SPACE',''
  ) );
#1341 = ORIENTED_EDGE('',*,*,#1342,.F.);
#1342 = EDGE_CURVE('',#1343,#1313,#1345,.T.);
#1343 = VERTEX_POINT('',#1344);
#1344 = CARTESIAN_POINT('',(-1.11,1.175,3.E-02));
#1345 = SURFACE_CURVE('',#1346,(#1350,#1357),.PCURVE_S1.);
#1346 = LINE('',#1347,#1348);
#1347 = CARTESIAN_POINT('',(-1.11,0.,3.E-02));
#1348 = VECTOR('',#1349,1.);
#1349 = DIRECTION('',(0.,1.,0.));
#1350 = PCURVE('',#1323,#1351);
#1351 = DEFINITIONAL_REPRESENTATION('',(#1352),#1356);
#1352 = LINE('',#1353,#1354);
#1353 = CARTESIAN_POINT('',(0.,-1.175));
#1354 = VECTOR('',#1355,1.);
#1355 = DIRECTION('',(0.,1.));
#1356 = ( GEOMETRIC_REPRESENTATION_CONTEXT(2) 
PARAMETRIC_REPRESENTATION_CONTEXT() REPRESENTATION_CONTEXT('2D SPACE',''
  ) );
#1357 = PCURVE('',#1358,#1363);
#1358 = PLANE('',#1359);
#1359 = AXIS2_PLACEMENT_3D('',#1360,#1361,#1362);
#1360 = CARTESIAN_POINT('',(0.,0.,3.E-02));
#1361 = DIRECTION('',(0.,0.,-1.));
#1362 = DIRECTION('',(0.,-1.,0.));
#1363 = DEFINITIONAL_REPRESENTATION('',(#1364),#1368);
#1364 = LINE('',#1365,#1366);
#1365 = CARTESIAN_POINT('',(0.,1.11));
#1366 = VECTOR('',#1367,1.);
#1367 = DIRECTION('',(-1.,-0.));
#1368 = ( GEOMETRIC_REPRESENTATION_CONTEXT(2) 
PARAMETRIC_REPRESENTATION_CONTEXT() REPRESENTATION_CONTEXT('2D SPACE',''
  ) );
#1369 = ORIENTED_EDGE('',*,*,#1370,.T.);
#1370 = EDGE_CURVE('',#1343,#1371,#1373,.T.);
#1371 = VERTEX_POINT('',#1372);
#1372 = CARTESIAN_POINT('',(-1.11,1.175,0.));
#1373 = SURFACE_CURVE('',#1374,(#1378,#1385),.PCURVE_S1.);
#1374 = LINE('',#1375,#1376);
#1375 = CARTESIAN_POINT('',(-1.11,1.175,3.E-02));
#1376 = VECTOR('',#1377,1.);
#1377 = DIRECTION('',(0.,0.,-1.));
#1378 = PCURVE('',#1323,#1379);
#1379 = DEFINITIONAL_REPRESENTATION('',(#1380),#1384);
#1380 = LINE('',#1381,#1382);
#1381 = CARTESIAN_POINT('',(0.,0.));
#1382 = VECTOR('',#1383,1.);
#1383 = DIRECTION('',(-1.,0.));
#1384 = ( GEOMETRIC_REPRESENTATION_CONTEXT(2) 
PARAMETRIC_REPRESENTATION_CONTEXT() REPRESENTATION_CONTEXT('2D SPACE',''
  ) );
#1385 = PCURVE('',#1238,#1386);
#1386 = DEFINITIONAL_REPRESENTATION('',(#1387),#1391);
#1387 = LINE('',#1388,#1389);
#1388 = CARTESIAN_POINT('',(-3.E-02,-1.11));
#1389 = VECTOR('',#1390,1.);
#1390 = DIRECTION('',(1.,0.));
#1391 = ( GEOMETRIC_REPRESENTATION_CONTEXT(2) 
PARAMETRIC_REPRESENTATION_CONTEXT() REPRESENTATION_CONTEXT('2D SPACE',''
  ) );
#1392 = ORIENTED_EDGE('',*,*,#1393,.T.);
#1393 = EDGE_CURVE('',#1371,#1315,#1394,.T.);
#1394 = SURFACE_CURVE('',#1395,(#1399,#1406),.PCURVE_S1.);
#1395 = LINE('',#1396,#1397);
#1396 = CARTESIAN_POINT('',(-1.11,1.175,0.));
#1397 = VECTOR('',#1398,1.);
#1398 = DIRECTION('',(0.,1.,0.));
#1399 = PCURVE('',#1323,#1400);
#1400 = DEFINITIONAL_REPRESENTATION('',(#1401),#1405);
#1401 = LINE('',#1402,#1403);
#1402 = CARTESIAN_POINT('',(-3.E-02,0.));
#1403 = VECTOR('',#1404,1.);
#1404 = DIRECTION('',(0.,1.));
#1405 = ( GEOMETRIC_REPRESENTATION_CONTEXT(2) 
PARAMETRIC_REPRESENTATION_CONTEXT() REPRESENTATION_CONTEXT('2D SPACE',''
  ) );
#1406 = PCURVE('',#1407,#1412);
#1407 = PLANE('',#1408);
#1408 = AXIS2_PLACEMENT_3D('',#1409,#1410,#1411);
#1409 = CARTESIAN_POINT('',(-1.11,1.175,0.));
#1410 = DIRECTION('',(0.,0.,1.));
#1411 = DIRECTION('',(1.,0.,-0.));
#1412 = DEFINITIONAL_REPRESENTATION('',(#1413),#1417);
#1413 = LINE('',#1414,#1415);
#1414 = CARTESIAN_POINT('',(0.,0.));
#1415 = VECTOR('',#1416,1.);
#1416 = DIRECTION('',(0.,1.));
#1417 = ( GEOMETRIC_REPRESENTATION_CONTEXT(2) 
PARAMETRIC_REPRESENTATION_CONTEXT() REPRESENTATION_CONTEXT('2D SPACE',''
  ) );
#1418 = ADVANCED_FACE('',(#1419),#1407,.F.);
#1419 = FACE_BOUND('',#1420,.T.);
#1420 = EDGE_LOOP('',(#1421,#1444,#1445,#1468));
#1421 = ORIENTED_EDGE('',*,*,#1422,.F.);
#1422 = EDGE_CURVE('',#1315,#1423,#1425,.T.);
#1423 = VERTEX_POINT('',#1424);
#1424 = CARTESIAN_POINT('',(-1.55824003649,1.575,0.));
#1425 = SURFACE_CURVE('',#1426,(#1430,#1437),.PCURVE_S1.);
#1426 = LINE('',#1427,#1428);
#1427 = CARTESIAN_POINT('',(-1.11,1.575,0.));
#1428 = VECTOR('',#1429,1.);
#1429 = DIRECTION('',(-1.,0.,0.));
#1430 = PCURVE('',#1407,#1431);
#1431 = DEFINITIONAL_REPRESENTATION('',(#1432),#1436);
#1432 = LINE('',#1433,#1434);
#1433 = CARTESIAN_POINT('',(0.,0.4));
#1434 = VECTOR('',#1435,1.);
#1435 = DIRECTION('',(-1.,0.));
#1436 = ( GEOMETRIC_REPRESENTATION_CONTEXT(2) 
PARAMETRIC_REPRESENTATION_CONTEXT() REPRESENTATION_CONTEXT('2D SPACE',''
  ) );
#1437 = PCURVE('',#1182,#1438);
#1438 = DEFINITIONAL_REPRESENTATION('',(#1439),#1443);
#1439 = LINE('',#1440,#1441);
#1440 = CARTESIAN_POINT('',(0.,-1.11));
#1441 = VECTOR('',#1442,1.);
#1442 = DIRECTION('',(0.,-1.));
#1443 = ( GEOMETRIC_REPRESENTATION_CONTEXT(2) 
PARAMETRIC_REPRESENTATION_CONTEXT() REPRESENTATION_CONTEXT('2D SPACE',''
  ) );
#1444 = ORIENTED_EDGE('',*,*,#1393,.F.);
#1445 = ORIENTED_EDGE('',*,*,#1446,.T.);
#1446 = EDGE_CURVE('',#1371,#1447,#1449,.T.);
#1447 = VERTEX_POINT('',#1448);
#1448 = CARTESIAN_POINT('',(-1.55824003649,1.175,0.));
#1449 = SURFACE_CURVE('',#1450,(#1454,#1461),.PCURVE_S1.);
#1450 = LINE('',#1451,#1452);
#1451 = CARTESIAN_POINT('',(-1.11,1.175,0.));
#1452 = VECTOR('',#1453,1.);
#1453 = DIRECTION('',(-1.,0.,0.));
#1454 = PCURVE('',#1407,#1455);
#1455 = DEFINITIONAL_REPRESENTATION('',(#1456),#1460);
#1456 = LINE('',#1457,#1458);
#1457 = CARTESIAN_POINT('',(0.,0.));
#1458 = VECTOR('',#1459,1.);
#1459 = DIRECTION('',(-1.,0.));
#1460 = ( GEOMETRIC_REPRESENTATION_CONTEXT(2) 
PARAMETRIC_REPRESENTATION_CONTEXT() REPRESENTATION_CONTEXT('2D SPACE',''
  ) );
#1461 = PCURVE('',#1238,#1462);
#1462 = DEFINITIONAL_REPRESENTATION('',(#1463),#1467);
#1463 = LINE('',#1464,#1465);
#1464 = CARTESIAN_POINT('',(0.,-1.11));
#1465 = VECTOR('',#1466,1.);
#1466 = DIRECTION('',(0.,-1.));
#1467 = ( GEOMETRIC_REPRESENTATION_CONTEXT(2) 
PARAMETRIC_REPRESENTATION_CONTEXT() REPRESENTATION_CONTEXT('2D SPACE',''
  ) );
#1468 = ORIENTED_EDGE('',*,*,#1469,.T.);
#1469 = EDGE_CURVE('',#1447,#1423,#1470,.T.);
#1470 = SURFACE_CURVE('',#1471,(#1475,#1482),.PCURVE_S1.);
#1471 = LINE('',#1472,#1473);
#1472 = CARTESIAN_POINT('',(-1.55824003649,1.175,0.));
#1473 = VECTOR('',#1474,1.);
#1474 = DIRECTION('',(0.,1.,0.));
#1475 = PCURVE('',#1407,#1476);
#1476 = DEFINITIONAL_REPRESENTATION('',(#1477),#1481);
#1477 = LINE('',#1478,#1479);
#1478 = CARTESIAN_POINT('',(-0.44824003649,0.));
#1479 = VECTOR('',#1480,1.);
#1480 = DIRECTION('',(0.,1.));
#1481 = ( GEOMETRIC_REPRESENTATION_CONTEXT(2) 
PARAMETRIC_REPRESENTATION_CONTEXT() REPRESENTATION_CONTEXT('2D SPACE',''
  ) );
#1482 = PCURVE('',#1483,#1488);
#1483 = PLANE('',#1484);
#1484 = AXIS2_PLACEMENT_3D('',#1485,#1486,#1487);
#1485 = CARTESIAN_POINT('',(-1.55824003649,1.175,0.));
#1486 = DIRECTION('',(0.906307787037,0.,0.422618261741));
#1487 = DIRECTION('',(0.,-1.,0.));
#1488 = DEFINITIONAL_REPRESENTATION('',(#1489),#1493);
#1489 = LINE('',#1490,#1491);
#1490 = CARTESIAN_POINT('',(0.,0.));
#1491 = VECTOR('',#1492,1.);
#1492 = DIRECTION('',(-1.,0.));
#1493 = ( GEOMETRIC_REPRESENTATION_CONTEXT(2) 
PARAMETRIC_REPRESENTATION_CONTEXT() REPRESENTATION_CONTEXT('2D SPACE',''
  ) );
#1494 = ADVANCED_FACE('',(#1495),#1483,.F.);
#1495 = FACE_BOUND('',#1496,.T.);
#1496 = EDGE_LOOP('',(#1497,#1520,#1521,#1544));
#1497 = ORIENTED_EDGE('',*,*,#1498,.F.);
#1498 = EDGE_CURVE('',#1423,#1499,#1501,.T.);
#1499 = VERTEX_POINT('',#1500);
#1500 = CARTESIAN_POINT('',(-1.652810881961,1.575,0.202807832592));
#1501 = SURFACE_CURVE('',#1502,(#1506,#1513),.PCURVE_S1.);
#1502 = LINE('',#1503,#1504);
#1503 = CARTESIAN_POINT('',(-1.55824003649,1.575,0.));
#1504 = VECTOR('',#1505,1.);
#1505 = DIRECTION('',(-0.422618261741,0.,0.906307787037));
#1506 = PCURVE('',#1483,#1507);
#1507 = DEFINITIONAL_REPRESENTATION('',(#1508),#1512);
#1508 = LINE('',#1509,#1510);
#1509 = CARTESIAN_POINT('',(-0.4,0.));
#1510 = VECTOR('',#1511,1.);
#1511 = DIRECTION('',(0.,-1.));
#1512 = ( GEOMETRIC_REPRESENTATION_CONTEXT(2) 
PARAMETRIC_REPRESENTATION_CONTEXT() REPRESENTATION_CONTEXT('2D SPACE',''
  ) );
#1513 = PCURVE('',#1182,#1514);
#1514 = DEFINITIONAL_REPRESENTATION('',(#1515),#1519);
#1515 = LINE('',#1516,#1517);
#1516 = CARTESIAN_POINT('',(0.,-1.55824003649));
#1517 = VECTOR('',#1518,1.);
#1518 = DIRECTION('',(-0.906307787037,-0.422618261741));
#1519 = ( GEOMETRIC_REPRESENTATION_CONTEXT(2) 
PARAMETRIC_REPRESENTATION_CONTEXT() REPRESENTATION_CONTEXT('2D SPACE',''
  ) );
#1520 = ORIENTED_EDGE('',*,*,#1469,.F.);
#1521 = ORIENTED_EDGE('',*,*,#1522,.T.);
#1522 = EDGE_CURVE('',#1447,#1523,#1525,.T.);
#1523 = VERTEX_POINT('',#1524);
#1524 = CARTESIAN_POINT('',(-1.652810881961,1.175,0.202807832592));
#1525 = SURFACE_CURVE('',#1526,(#1530,#1537),.PCURVE_S1.);
#1526 = LINE('',#1527,#1528);
#1527 = CARTESIAN_POINT('',(-1.55824003649,1.175,0.));
#1528 = VECTOR('',#1529,1.);
#1529 = DIRECTION('',(-0.422618261741,0.,0.906307787037));
#1530 = PCURVE('',#1483,#1531);
#1531 = DEFINITIONAL_REPRESENTATION('',(#1532),#1536);
#1532 = LINE('',#1533,#1534);
#1533 = CARTESIAN_POINT('',(0.,0.));
#1534 = VECTOR('',#1535,1.);
#1535 = DIRECTION('',(0.,-1.));
#1536 = ( GEOMETRIC_REPRESENTATION_CONTEXT(2) 
PARAMETRIC_REPRESENTATION_CONTEXT() REPRESENTATION_CONTEXT('2D SPACE',''
  ) );
#1537 = PCURVE('',#1238,#1538);
#1538 = DEFINITIONAL_REPRESENTATION('',(#1539),#1543);
#1539 = LINE('',#1540,#1541);
#1540 = CARTESIAN_POINT('',(0.,-1.55824003649));
#1541 = VECTOR('',#1542,1.);
#1542 = DIRECTION('',(-0.906307787037,-0.422618261741));
#1543 = ( GEOMETRIC_REPRESENTATION_CONTEXT(2) 
PARAMETRIC_REPRESENTATION_CONTEXT() REPRESENTATION_CONTEXT('2D SPACE',''
  ) );
#1544 = ORIENTED_EDGE('',*,*,#1545,.T.);
#1545 = EDGE_CURVE('',#1523,#1499,#1546,.T.);
#1546 = SURFACE_CURVE('',#1547,(#1551,#1558),.PCURVE_S1.);
#1547 = LINE('',#1548,#1549);
#1548 = CARTESIAN_POINT('',(-1.652810881961,1.175,0.202807832592));
#1549 = VECTOR('',#1550,1.);
#1550 = DIRECTION('',(0.,1.,0.));
#1551 = PCURVE('',#1483,#1552);
#1552 = DEFINITIONAL_REPRESENTATION('',(#1553),#1557);
#1553 = LINE('',#1554,#1555);
#1554 = CARTESIAN_POINT('',(0.,-0.223773684275));
#1555 = VECTOR('',#1556,1.);
#1556 = DIRECTION('',(-1.,0.));
#1557 = ( GEOMETRIC_REPRESENTATION_CONTEXT(2) 
PARAMETRIC_REPRESENTATION_CONTEXT() REPRESENTATION_CONTEXT('2D SPACE',''
  ) );
#1558 = PCURVE('',#1559,#1564);
#1559 = PLANE('',#1560);
#1560 = AXIS2_PLACEMENT_3D('',#1561,#1562,#1563);
#1561 = CARTESIAN_POINT('',(-1.652810881961,1.175,0.202807832592));
#1562 = DIRECTION('',(0.422618261741,0.,-0.906307787037));
#1563 = DIRECTION('',(0.,-1.,0.));
#1564 = DEFINITIONAL_REPRESENTATION('',(#1565),#1569);
#1565 = LINE('',#1566,#1567);
#1566 = CARTESIAN_POINT('',(0.,-0.));
#1567 = VECTOR('',#1568,1.);
#1568 = DIRECTION('',(-1.,-0.));
#1569 = ( GEOMETRIC_REPRESENTATION_CONTEXT(2) 
PARAMETRIC_REPRESENTATION_CONTEXT() REPRESENTATION_CONTEXT('2D SPACE',''
  ) );
#1570 = ADVANCED_FACE('',(#1571),#1559,.F.);
#1571 = FACE_BOUND('',#1572,.T.);
#1572 = EDGE_LOOP('',(#1573,#1596,#1597,#1620));
#1573 = ORIENTED_EDGE('',*,*,#1574,.F.);
#1574 = EDGE_CURVE('',#1499,#1575,#1577,.T.);
#1575 = VERTEX_POINT('',#1576);
#1576 = CARTESIAN_POINT('',(-1.62562164835,1.575,0.215486380444));
#1577 = SURFACE_CURVE('',#1578,(#1582,#1589),.PCURVE_S1.);
#1578 = LINE('',#1579,#1580);
#1579 = CARTESIAN_POINT('',(-1.652810881961,1.575,0.202807832592));
#1580 = VECTOR('',#1581,1.);
#1581 = DIRECTION('',(0.906307787037,0.,0.422618261741));
#1582 = PCURVE('',#1559,#1583);
#1583 = DEFINITIONAL_REPRESENTATION('',(#1584),#1588);
#1584 = LINE('',#1585,#1586);
#1585 = CARTESIAN_POINT('',(-0.4,-0.));
#1586 = VECTOR('',#1587,1.);
#1587 = DIRECTION('',(0.,-1.));
#1588 = ( GEOMETRIC_REPRESENTATION_CONTEXT(2) 
PARAMETRIC_REPRESENTATION_CONTEXT() REPRESENTATION_CONTEXT('2D SPACE',''
  ) );
#1589 = PCURVE('',#1182,#1590);
#1590 = DEFINITIONAL_REPRESENTATION('',(#1591),#1595);
#1591 = LINE('',#1592,#1593);
#1592 = CARTESIAN_POINT('',(-0.202807832592,-1.652810881961));
#1593 = VECTOR('',#1594,1.);
#1594 = DIRECTION('',(-0.422618261741,0.906307787037));
#1595 = ( GEOMETRIC_REPRESENTATION_CONTEXT(2) 
PARAMETRIC_REPRESENTATION_CONTEXT() REPRESENTATION_CONTEXT('2D SPACE',''
  ) );
#1596 = ORIENTED_EDGE('',*,*,#1545,.F.);
#1597 = ORIENTED_EDGE('',*,*,#1598,.T.);
#1598 = EDGE_CURVE('',#1523,#1599,#1601,.T.);
#1599 = VERTEX_POINT('',#1600);
#1600 = CARTESIAN_POINT('',(-1.62562164835,1.175,0.215486380444));
#1601 = SURFACE_CURVE('',#1602,(#1606,#1613),.PCURVE_S1.);
#1602 = LINE('',#1603,#1604);
#1603 = CARTESIAN_POINT('',(-1.652810881961,1.175,0.202807832592));
#1604 = VECTOR('',#1605,1.);
#1605 = DIRECTION('',(0.906307787037,0.,0.422618261741));
#1606 = PCURVE('',#1559,#1607);
#1607 = DEFINITIONAL_REPRESENTATION('',(#1608),#1612);
#1608 = LINE('',#1609,#1610);
#1609 = CARTESIAN_POINT('',(0.,-0.));
#1610 = VECTOR('',#1611,1.);
#1611 = DIRECTION('',(0.,-1.));
#1612 = ( GEOMETRIC_REPRESENTATION_CONTEXT(2) 
PARAMETRIC_REPRESENTATION_CONTEXT() REPRESENTATION_CONTEXT('2D SPACE',''
  ) );
#1613 = PCURVE('',#1238,#1614);
#1614 = DEFINITIONAL_REPRESENTATION('',(#1615),#1619);
#1615 = LINE('',#1616,#1617);
#1616 = CARTESIAN_POINT('',(-0.202807832592,-1.652810881961));
#1617 = VECTOR('',#1618,1.);
#1618 = DIRECTION('',(-0.422618261741,0.906307787037));
#1619 = ( GEOMETRIC_REPRESENTATION_CONTEXT(2) 
PARAMETRIC_REPRESENTATION_CONTEXT() REPRESENTATION_CONTEXT('2D SPACE',''
  ) );
#1620 = ORIENTED_EDGE('',*,*,#1621,.T.);
#1621 = EDGE_CURVE('',#1599,#1575,#1622,.T.);
#1622 = SURFACE_CURVE('',#1623,(#1627,#1634),.PCURVE_S1.);
#1623 = LINE('',#1624,#1625);
#1624 = CARTESIAN_POINT('',(-1.62562164835,1.175,0.215486380444));
#1625 = VECTOR('',#1626,1.);
#1626 = DIRECTION('',(0.,1.,0.));
#1627 = PCURVE('',#1559,#1628);
#1628 = DEFINITIONAL_REPRESENTATION('',(#1629),#1633);
#1629 = LINE('',#1630,#1631);
#1630 = CARTESIAN_POINT('',(0.,-3.E-02));
#1631 = VECTOR('',#1632,1.);
#1632 = DIRECTION('',(-1.,-0.));
#1633 = ( GEOMETRIC_REPRESENTATION_CONTEXT(2) 
PARAMETRIC_REPRESENTATION_CONTEXT() REPRESENTATION_CONTEXT('2D SPACE',''
  ) );
#1634 = PCURVE('',#1210,#1635);
#1635 = DEFINITIONAL_REPRESENTATION('',(#1636),#1640);
#1636 = LINE('',#1637,#1638);
#1637 = CARTESIAN_POINT('',(0.20466157645,0.));
#1638 = VECTOR('',#1639,1.);
#1639 = DIRECTION('',(0.,1.));
#1640 = ( GEOMETRIC_REPRESENTATION_CONTEXT(2) 
PARAMETRIC_REPRESENTATION_CONTEXT() REPRESENTATION_CONTEXT('2D SPACE',''
  ) );
#1641 = ADVANCED_FACE('',(#1642),#1210,.F.);
#1642 = FACE_BOUND('',#1643,.T.);
#1643 = EDGE_LOOP('',(#1644,#1665,#1666,#1687));
#1644 = ORIENTED_EDGE('',*,*,#1645,.F.);
#1645 = EDGE_CURVE('',#1575,#1160,#1646,.T.);
#1646 = SURFACE_CURVE('',#1647,(#1651,#1658),.PCURVE_S1.);
#1647 = LINE('',#1648,#1649);
#1648 = CARTESIAN_POINT('',(-1.539127928665,1.575,3.E-02));
#1649 = VECTOR('',#1650,1.);
#1650 = DIRECTION('',(0.422618261741,0.,-0.906307787037));
#1651 = PCURVE('',#1210,#1652);
#1652 = DEFINITIONAL_REPRESENTATION('',(#1653),#1657);
#1653 = LINE('',#1654,#1655);
#1654 = CARTESIAN_POINT('',(0.,0.4));
#1655 = VECTOR('',#1656,1.);
#1656 = DIRECTION('',(-1.,0.));
#1657 = ( GEOMETRIC_REPRESENTATION_CONTEXT(2) 
PARAMETRIC_REPRESENTATION_CONTEXT() REPRESENTATION_CONTEXT('2D SPACE',''
  ) );
#1658 = PCURVE('',#1182,#1659);
#1659 = DEFINITIONAL_REPRESENTATION('',(#1660),#1664);
#1660 = LINE('',#1661,#1662);
#1661 = CARTESIAN_POINT('',(-3.E-02,-1.539127928665));
#1662 = VECTOR('',#1663,1.);
#1663 = DIRECTION('',(0.906307787037,0.422618261741));
#1664 = ( GEOMETRIC_REPRESENTATION_CONTEXT(2) 
PARAMETRIC_REPRESENTATION_CONTEXT() REPRESENTATION_CONTEXT('2D SPACE',''
  ) );
#1665 = ORIENTED_EDGE('',*,*,#1621,.F.);
#1666 = ORIENTED_EDGE('',*,*,#1667,.T.);
#1667 = EDGE_CURVE('',#1599,#1195,#1668,.T.);
#1668 = SURFACE_CURVE('',#1669,(#1673,#1680),.PCURVE_S1.);
#1669 = LINE('',#1670,#1671);
#1670 = CARTESIAN_POINT('',(-1.539127928665,1.175,3.E-02));
#1671 = VECTOR('',#1672,1.);
#1672 = DIRECTION('',(0.422618261741,0.,-0.906307787037));
#1673 = PCURVE('',#1210,#1674);
#1674 = DEFINITIONAL_REPRESENTATION('',(#1675),#1679);
#1675 = LINE('',#1676,#1677);
#1676 = CARTESIAN_POINT('',(0.,0.));
#1677 = VECTOR('',#1678,1.);
#1678 = DIRECTION('',(-1.,0.));
#1679 = ( GEOMETRIC_REPRESENTATION_CONTEXT(2) 
PARAMETRIC_REPRESENTATION_CONTEXT() REPRESENTATION_CONTEXT('2D SPACE',''
  ) );
#1680 = PCURVE('',#1238,#1681);
#1681 = DEFINITIONAL_REPRESENTATION('',(#1682),#1686);
#1682 = LINE('',#1683,#1684);
#1683 = CARTESIAN_POINT('',(-3.E-02,-1.539127928665));
#1684 = VECTOR('',#1685,1.);
#1685 = DIRECTION('',(0.906307787037,0.422618261741));
#1686 = ( GEOMETRIC_REPRESENTATION_CONTEXT(2) 
PARAMETRIC_REPRESENTATION_CONTEXT() REPRESENTATION_CONTEXT('2D SPACE',''
  ) );
#1687 = ORIENTED_EDGE('',*,*,#1194,.T.);
#1688 = ADVANCED_FACE('',(#1689),#1238,.T.);
#1689 = FACE_BOUND('',#1690,.T.);
#1690 = EDGE_LOOP('',(#1691,#1692,#1713,#1714,#1715,#1716,#1717));
#1691 = ORIENTED_EDGE('',*,*,#1370,.F.);
#1692 = ORIENTED_EDGE('',*,*,#1693,.F.);
#1693 = EDGE_CURVE('',#1223,#1343,#1694,.T.);
#1694 = SURFACE_CURVE('',#1695,(#1699,#1706),.PCURVE_S1.);
#1695 = LINE('',#1696,#1697);
#1696 = CARTESIAN_POINT('',(-1.11,1.175,3.E-02));
#1697 = VECTOR('',#1698,1.);
#1698 = DIRECTION('',(1.,0.,-6.316310941688E-17));
#1699 = PCURVE('',#1238,#1700);
#1700 = DEFINITIONAL_REPRESENTATION('',(#1701),#1705);
#1701 = LINE('',#1702,#1703);
#1702 = CARTESIAN_POINT('',(-3.E-02,-1.11));
#1703 = VECTOR('',#1704,1.);
#1704 = DIRECTION('',(6.316310941688E-17,1.));
#1705 = ( GEOMETRIC_REPRESENTATION_CONTEXT(2) 
PARAMETRIC_REPRESENTATION_CONTEXT() REPRESENTATION_CONTEXT('2D SPACE',''
  ) );
#1706 = PCURVE('',#1358,#1707);
#1707 = DEFINITIONAL_REPRESENTATION('',(#1708),#1712);
#1708 = LINE('',#1709,#1710);
#1709 = CARTESIAN_POINT('',(-1.175,1.11));
#1710 = VECTOR('',#1711,1.);
#1711 = DIRECTION('',(0.,-1.));
#1712 = ( GEOMETRIC_REPRESENTATION_CONTEXT(2) 
PARAMETRIC_REPRESENTATION_CONTEXT() REPRESENTATION_CONTEXT('2D SPACE',''
  ) );
#1713 = ORIENTED_EDGE('',*,*,#1222,.F.);
#1714 = ORIENTED_EDGE('',*,*,#1667,.F.);
#1715 = ORIENTED_EDGE('',*,*,#1598,.F.);
#1716 = ORIENTED_EDGE('',*,*,#1522,.F.);
#1717 = ORIENTED_EDGE('',*,*,#1446,.F.);
#1718 = ADVANCED_FACE('',(#1719),#1182,.F.);
#1719 = FACE_BOUND('',#1720,.T.);
#1720 = EDGE_LOOP('',(#1721,#1722,#1723,#1724,#1725,#1726,#1727));
#1721 = ORIENTED_EDGE('',*,*,#1312,.T.);
#1722 = ORIENTED_EDGE('',*,*,#1422,.T.);
#1723 = ORIENTED_EDGE('',*,*,#1498,.T.);
#1724 = ORIENTED_EDGE('',*,*,#1574,.T.);
#1725 = ORIENTED_EDGE('',*,*,#1645,.T.);
#1726 = ORIENTED_EDGE('',*,*,#1159,.T.);
#1727 = ORIENTED_EDGE('',*,*,#1728,.T.);
#1728 = EDGE_CURVE('',#1162,#1313,#1729,.T.);
#1729 = SURFACE_CURVE('',#1730,(#1734,#1741),.PCURVE_S1.);
#1730 = LINE('',#1731,#1732);
#1731 = CARTESIAN_POINT('',(-1.11,1.575,3.E-02));
#1732 = VECTOR('',#1733,1.);
#1733 = DIRECTION('',(1.,0.,-6.316310941688E-17));
#1734 = PCURVE('',#1182,#1735);
#1735 = DEFINITIONAL_REPRESENTATION('',(#1736),#1740);
#1736 = LINE('',#1737,#1738);
#1737 = CARTESIAN_POINT('',(-3.E-02,-1.11));
#1738 = VECTOR('',#1739,1.);
#1739 = DIRECTION('',(6.316310941688E-17,1.));
#1740 = ( GEOMETRIC_REPRESENTATION_CONTEXT(2) 
PARAMETRIC_REPRESENTATION_CONTEXT() REPRESENTATION_CONTEXT('2D SPACE',''
  ) );
#1741 = PCURVE('',#1358,#1742);
#1742 = DEFINITIONAL_REPRESENTATION('',(#1743),#1747);
#1743 = LINE('',#1744,#1745);
#1744 = CARTESIAN_POINT('',(-1.575,1.11));
#1745 = VECTOR('',#1746,1.);
#1746 = DIRECTION('',(0.,-1.));
#1747 = ( GEOMETRIC_REPRESENTATION_CONTEXT(2) 
PARAMETRIC_REPRESENTATION_CONTEXT() REPRESENTATION_CONTEXT('2D SPACE',''
  ) );
#1748 = ADVANCED_FACE('',(#1749),#1763,.F.);
#1749 = FACE_BOUND('',#1750,.T.);
#1750 = EDGE_LOOP('',(#1751,#1786,#1814,#1847,#1875));
#1751 = ORIENTED_EDGE('',*,*,#1752,.T.);
#1752 = EDGE_CURVE('',#1753,#1755,#1757,.T.);
#1753 = VERTEX_POINT('',#1754);
#1754 = CARTESIAN_POINT('',(1.539127928665,1.575,3.E-02));
#1755 = VERTEX_POINT('',#1756);
#1756 = CARTESIAN_POINT('',(1.535,1.575,3.E-02));
#1757 = SURFACE_CURVE('',#1758,(#1762,#1774),.PCURVE_S1.);
#1758 = LINE('',#1759,#1760);
#1759 = CARTESIAN_POINT('',(1.11,1.575,3.E-02));
#1760 = VECTOR('',#1761,1.);
#1761 = DIRECTION('',(-1.,0.,-6.316310941688E-17));
#1762 = PCURVE('',#1763,#1768);
#1763 = PLANE('',#1764);
#1764 = AXIS2_PLACEMENT_3D('',#1765,#1766,#1767);
#1765 = CARTESIAN_POINT('',(1.11,1.175,3.E-02));
#1766 = DIRECTION('',(6.316310941688E-17,0.,-1.));
#1767 = DIRECTION('',(0.,-1.,0.));
#1768 = DEFINITIONAL_REPRESENTATION('',(#1769),#1773);
#1769 = LINE('',#1770,#1771);
#1770 = CARTESIAN_POINT('',(-0.4,-0.));
#1771 = VECTOR('',#1772,1.);
#1772 = DIRECTION('',(-0.,1.));
#1773 = ( GEOMETRIC_REPRESENTATION_CONTEXT(2) 
PARAMETRIC_REPRESENTATION_CONTEXT() REPRESENTATION_CONTEXT('2D SPACE',''
  ) );
#1774 = PCURVE('',#1775,#1780);
#1775 = PLANE('',#1776);
#1776 = AXIS2_PLACEMENT_3D('',#1777,#1778,#1779);
#1777 = CARTESIAN_POINT('',(0.,1.575,0.));
#1778 = DIRECTION('',(0.,-1.,0.));
#1779 = DIRECTION('',(0.,0.,-1.));
#1780 = DEFINITIONAL_REPRESENTATION('',(#1781),#1785);
#1781 = LINE('',#1782,#1783);
#1782 = CARTESIAN_POINT('',(-3.E-02,1.11));
#1783 = VECTOR('',#1784,1.);
#1784 = DIRECTION('',(6.316310941688E-17,-1.));
#1785 = ( GEOMETRIC_REPRESENTATION_CONTEXT(2) 
PARAMETRIC_REPRESENTATION_CONTEXT() REPRESENTATION_CONTEXT('2D SPACE',''
  ) );
#1786 = ORIENTED_EDGE('',*,*,#1787,.T.);
#1787 = EDGE_CURVE('',#1755,#1788,#1790,.T.);
#1788 = VERTEX_POINT('',#1789);
#1789 = CARTESIAN_POINT('',(1.535,1.197335388633,3.E-02));
#1790 = SURFACE_CURVE('',#1791,(#1795,#1802),.PCURVE_S1.);
#1791 = LINE('',#1792,#1793);
#1792 = CARTESIAN_POINT('',(1.535,1.85,3.E-02));
#1793 = VECTOR('',#1794,1.);
#1794 = DIRECTION('',(0.,-1.,0.));
#1795 = PCURVE('',#1763,#1796);
#1796 = DEFINITIONAL_REPRESENTATION('',(#1797),#1801);
#1797 = LINE('',#1798,#1799);
#1798 = CARTESIAN_POINT('',(-0.675,-0.425));
#1799 = VECTOR('',#1800,1.);
#1800 = DIRECTION('',(1.,0.));
#1801 = ( GEOMETRIC_REPRESENTATION_CONTEXT(2) 
PARAMETRIC_REPRESENTATION_CONTEXT() REPRESENTATION_CONTEXT('2D SPACE',''
  ) );
#1802 = PCURVE('',#1803,#1808);
#1803 = PLANE('',#1804);
#1804 = AXIS2_PLACEMENT_3D('',#1805,#1806,#1807);
#1805 = CARTESIAN_POINT('',(1.535,1.85,0.28));
#1806 = DIRECTION('',(1.,0.,0.));
#1807 = DIRECTION('',(-0.,1.,0.));
#1808 = DEFINITIONAL_REPRESENTATION('',(#1809),#1813);
#1809 = LINE('',#1810,#1811);
#1810 = CARTESIAN_POINT('',(0.,-0.25));
#1811 = VECTOR('',#1812,1.);
#1812 = DIRECTION('',(-1.,0.));
#1813 = ( GEOMETRIC_REPRESENTATION_CONTEXT(2) 
PARAMETRIC_REPRESENTATION_CONTEXT() REPRESENTATION_CONTEXT('2D SPACE',''
  ) );
#1814 = ORIENTED_EDGE('',*,*,#1815,.T.);
#1815 = EDGE_CURVE('',#1788,#1816,#1818,.T.);
#1816 = VERTEX_POINT('',#1817);
#1817 = CARTESIAN_POINT('',(1.53625108701,1.175,3.E-02));
#1818 = SURFACE_CURVE('',#1819,(#1824,#1835),.PCURVE_S1.);
#1819 = CIRCLE('',#1820,0.2);
#1820 = AXIS2_PLACEMENT_3D('',#1821,#1822,#1823);
#1821 = CARTESIAN_POINT('',(1.735,1.197335388633,3.E-02));
#1822 = DIRECTION('',(0.,0.,1.));
#1823 = DIRECTION('',(-1.,0.,0.));
#1824 = PCURVE('',#1763,#1825);
#1825 = DEFINITIONAL_REPRESENTATION('',(#1826),#1834);
#1826 = ( BOUNDED_CURVE() B_SPLINE_CURVE(2,(#1827,#1828,#1829,#1830,
#1831,#1832,#1833),.UNSPECIFIED.,.T.,.F.) B_SPLINE_CURVE_WITH_KNOTS((1,2
    ,2,2,2,1),(-2.094395102393,0.,2.094395102393,4.188790204786,
6.28318530718,8.377580409573),.UNSPECIFIED.) CURVE() 
GEOMETRIC_REPRESENTATION_ITEM() RATIONAL_B_SPLINE_CURVE((1.,0.5,1.,0.5,
1.,0.5,1.)) REPRESENTATION_ITEM('') );
#1827 = CARTESIAN_POINT('',(-2.233538863266E-02,-0.425));
#1828 = CARTESIAN_POINT('',(0.324074772881,-0.425));
#1829 = CARTESIAN_POINT('',(0.150869692124,-0.725));
#1830 = CARTESIAN_POINT('',(-2.233538863266E-02,-1.025));
#1831 = CARTESIAN_POINT('',(-0.19554046939,-0.725));
#1832 = CARTESIAN_POINT('',(-0.368745550146,-0.425));
#1833 = CARTESIAN_POINT('',(-2.233538863266E-02,-0.425));
#1834 = ( GEOMETRIC_REPRESENTATION_CONTEXT(2) 
PARAMETRIC_REPRESENTATION_CONTEXT() REPRESENTATION_CONTEXT('2D SPACE',''
  ) );
#1835 = PCURVE('',#1836,#1841);
#1836 = CYLINDRICAL_SURFACE('',#1837,0.2);
#1837 = AXIS2_PLACEMENT_3D('',#1838,#1839,#1840);
#1838 = CARTESIAN_POINT('',(1.735,1.197335388633,0.28));
#1839 = DIRECTION('',(0.,0.,1.));
#1840 = DIRECTION('',(1.,0.,-0.));
#1841 = DEFINITIONAL_REPRESENTATION('',(#1842),#1846);
#1842 = LINE('',#1843,#1844);
#1843 = CARTESIAN_POINT('',(3.14159265359,-0.25));
#1844 = VECTOR('',#1845,1.);
#1845 = DIRECTION('',(1.,0.));
#1846 = ( GEOMETRIC_REPRESENTATION_CONTEXT(2) 
PARAMETRIC_REPRESENTATION_CONTEXT() REPRESENTATION_CONTEXT('2D SPACE',''
  ) );
#1847 = ORIENTED_EDGE('',*,*,#1848,.F.);
#1848 = EDGE_CURVE('',#1849,#1816,#1851,.T.);
#1849 = VERTEX_POINT('',#1850);
#1850 = CARTESIAN_POINT('',(1.539127928665,1.175,3.E-02));
#1851 = SURFACE_CURVE('',#1852,(#1856,#1863),.PCURVE_S1.);
#1852 = LINE('',#1853,#1854);
#1853 = CARTESIAN_POINT('',(1.11,1.175,3.E-02));
#1854 = VECTOR('',#1855,1.);
#1855 = DIRECTION('',(-1.,0.,-6.316310941688E-17));
#1856 = PCURVE('',#1763,#1857);
#1857 = DEFINITIONAL_REPRESENTATION('',(#1858),#1862);
#1858 = LINE('',#1859,#1860);
#1859 = CARTESIAN_POINT('',(0.,-0.));
#1860 = VECTOR('',#1861,1.);
#1861 = DIRECTION('',(-0.,1.));
#1862 = ( GEOMETRIC_REPRESENTATION_CONTEXT(2) 
PARAMETRIC_REPRESENTATION_CONTEXT() REPRESENTATION_CONTEXT('2D SPACE',''
  ) );
#1863 = PCURVE('',#1864,#1869);
#1864 = PLANE('',#1865);
#1865 = AXIS2_PLACEMENT_3D('',#1866,#1867,#1868);
#1866 = CARTESIAN_POINT('',(0.,1.175,0.));
#1867 = DIRECTION('',(0.,-1.,0.));
#1868 = DIRECTION('',(0.,0.,-1.));
#1869 = DEFINITIONAL_REPRESENTATION('',(#1870),#1874);
#1870 = LINE('',#1871,#1872);
#1871 = CARTESIAN_POINT('',(-3.E-02,1.11));
#1872 = VECTOR('',#1873,1.);
#1873 = DIRECTION('',(6.316310941688E-17,-1.));
#1874 = ( GEOMETRIC_REPRESENTATION_CONTEXT(2) 
PARAMETRIC_REPRESENTATION_CONTEXT() REPRESENTATION_CONTEXT('2D SPACE',''
  ) );
#1875 = ORIENTED_EDGE('',*,*,#1876,.T.);
#1876 = EDGE_CURVE('',#1849,#1753,#1877,.T.);
#1877 = SURFACE_CURVE('',#1878,(#1882,#1889),.PCURVE_S1.);
#1878 = LINE('',#1879,#1880);
#1879 = CARTESIAN_POINT('',(1.539127928665,1.175,3.E-02));
#1880 = VECTOR('',#1881,1.);
#1881 = DIRECTION('',(0.,1.,0.));
#1882 = PCURVE('',#1763,#1883);
#1883 = DEFINITIONAL_REPRESENTATION('',(#1884),#1888);
#1884 = LINE('',#1885,#1886);
#1885 = CARTESIAN_POINT('',(0.,-0.429127928665));
#1886 = VECTOR('',#1887,1.);
#1887 = DIRECTION('',(-1.,-0.));
#1888 = ( GEOMETRIC_REPRESENTATION_CONTEXT(2) 
PARAMETRIC_REPRESENTATION_CONTEXT() REPRESENTATION_CONTEXT('2D SPACE',''
  ) );
#1889 = PCURVE('',#1890,#1895);
#1890 = PLANE('',#1891);
#1891 = AXIS2_PLACEMENT_3D('',#1892,#1893,#1894);
#1892 = CARTESIAN_POINT('',(1.539127928665,1.175,3.E-02));
#1893 = DIRECTION('',(0.906307787037,0.,-0.422618261741));
#1894 = DIRECTION('',(0.,-1.,0.));
#1895 = DEFINITIONAL_REPRESENTATION('',(#1896),#1900);
#1896 = LINE('',#1897,#1898);
#1897 = CARTESIAN_POINT('',(0.,-0.));
#1898 = VECTOR('',#1899,1.);
#1899 = DIRECTION('',(-1.,-0.));
#1900 = ( GEOMETRIC_REPRESENTATION_CONTEXT(2) 
PARAMETRIC_REPRESENTATION_CONTEXT() REPRESENTATION_CONTEXT('2D SPACE',''
  ) );
#1901 = ADVANCED_FACE('',(#1902),#1916,.F.);
#1902 = FACE_BOUND('',#1903,.T.);
#1903 = EDGE_LOOP('',(#1904,#1934,#1962,#1985));
#1904 = ORIENTED_EDGE('',*,*,#1905,.T.);
#1905 = EDGE_CURVE('',#1906,#1908,#1910,.T.);
#1906 = VERTEX_POINT('',#1907);
#1907 = CARTESIAN_POINT('',(1.11,1.575,3.E-02));
#1908 = VERTEX_POINT('',#1909);
#1909 = CARTESIAN_POINT('',(1.11,1.575,0.));
#1910 = SURFACE_CURVE('',#1911,(#1915,#1927),.PCURVE_S1.);
#1911 = LINE('',#1912,#1913);
#1912 = CARTESIAN_POINT('',(1.11,1.575,3.E-02));
#1913 = VECTOR('',#1914,1.);
#1914 = DIRECTION('',(0.,0.,-1.));
#1915 = PCURVE('',#1916,#1921);
#1916 = PLANE('',#1917);
#1917 = AXIS2_PLACEMENT_3D('',#1918,#1919,#1920);
#1918 = CARTESIAN_POINT('',(1.11,1.175,3.E-02));
#1919 = DIRECTION('',(1.,0.,0.));
#1920 = DIRECTION('',(-0.,1.,0.));
#1921 = DEFINITIONAL_REPRESENTATION('',(#1922),#1926);
#1922 = LINE('',#1923,#1924);
#1923 = CARTESIAN_POINT('',(0.4,0.));
#1924 = VECTOR('',#1925,1.);
#1925 = DIRECTION('',(0.,-1.));
#1926 = ( GEOMETRIC_REPRESENTATION_CONTEXT(2) 
PARAMETRIC_REPRESENTATION_CONTEXT() REPRESENTATION_CONTEXT('2D SPACE',''
  ) );
#1927 = PCURVE('',#1775,#1928);
#1928 = DEFINITIONAL_REPRESENTATION('',(#1929),#1933);
#1929 = LINE('',#1930,#1931);
#1930 = CARTESIAN_POINT('',(-3.E-02,1.11));
#1931 = VECTOR('',#1932,1.);
#1932 = DIRECTION('',(1.,0.));
#1933 = ( GEOMETRIC_REPRESENTATION_CONTEXT(2) 
PARAMETRIC_REPRESENTATION_CONTEXT() REPRESENTATION_CONTEXT('2D SPACE',''
  ) );
#1934 = ORIENTED_EDGE('',*,*,#1935,.F.);
#1935 = EDGE_CURVE('',#1936,#1908,#1938,.T.);
#1936 = VERTEX_POINT('',#1937);
#1937 = CARTESIAN_POINT('',(1.11,1.175,0.));
#1938 = SURFACE_CURVE('',#1939,(#1943,#1950),.PCURVE_S1.);
#1939 = LINE('',#1940,#1941);
#1940 = CARTESIAN_POINT('',(1.11,1.175,0.));
#1941 = VECTOR('',#1942,1.);
#1942 = DIRECTION('',(0.,1.,0.));
#1943 = PCURVE('',#1916,#1944);
#1944 = DEFINITIONAL_REPRESENTATION('',(#1945),#1949);
#1945 = LINE('',#1946,#1947);
#1946 = CARTESIAN_POINT('',(0.,-3.E-02));
#1947 = VECTOR('',#1948,1.);
#1948 = DIRECTION('',(1.,0.));
#1949 = ( GEOMETRIC_REPRESENTATION_CONTEXT(2) 
PARAMETRIC_REPRESENTATION_CONTEXT() REPRESENTATION_CONTEXT('2D SPACE',''
  ) );
#1950 = PCURVE('',#1951,#1956);
#1951 = PLANE('',#1952);
#1952 = AXIS2_PLACEMENT_3D('',#1953,#1954,#1955);
#1953 = CARTESIAN_POINT('',(1.11,1.175,0.));
#1954 = DIRECTION('',(0.,0.,1.));
#1955 = DIRECTION('',(1.,0.,-0.));
#1956 = DEFINITIONAL_REPRESENTATION('',(#1957),#1961);
#1957 = LINE('',#1958,#1959);
#1958 = CARTESIAN_POINT('',(0.,0.));
#1959 = VECTOR('',#1960,1.);
#1960 = DIRECTION('',(0.,1.));
#1961 = ( GEOMETRIC_REPRESENTATION_CONTEXT(2) 
PARAMETRIC_REPRESENTATION_CONTEXT() REPRESENTATION_CONTEXT('2D SPACE',''
  ) );
#1962 = ORIENTED_EDGE('',*,*,#1963,.F.);
#1963 = EDGE_CURVE('',#1964,#1936,#1966,.T.);
#1964 = VERTEX_POINT('',#1965);
#1965 = CARTESIAN_POINT('',(1.11,1.175,3.E-02));
#1966 = SURFACE_CURVE('',#1967,(#1971,#1978),.PCURVE_S1.);
#1967 = LINE('',#1968,#1969);
#1968 = CARTESIAN_POINT('',(1.11,1.175,3.E-02));
#1969 = VECTOR('',#1970,1.);
#1970 = DIRECTION('',(0.,0.,-1.));
#1971 = PCURVE('',#1916,#1972);
#1972 = DEFINITIONAL_REPRESENTATION('',(#1973),#1977);
#1973 = LINE('',#1974,#1975);
#1974 = CARTESIAN_POINT('',(0.,0.));
#1975 = VECTOR('',#1976,1.);
#1976 = DIRECTION('',(0.,-1.));
#1977 = ( GEOMETRIC_REPRESENTATION_CONTEXT(2) 
PARAMETRIC_REPRESENTATION_CONTEXT() REPRESENTATION_CONTEXT('2D SPACE',''
  ) );
#1978 = PCURVE('',#1864,#1979);
#1979 = DEFINITIONAL_REPRESENTATION('',(#1980),#1984);
#1980 = LINE('',#1981,#1982);
#1981 = CARTESIAN_POINT('',(-3.E-02,1.11));
#1982 = VECTOR('',#1983,1.);
#1983 = DIRECTION('',(1.,0.));
#1984 = ( GEOMETRIC_REPRESENTATION_CONTEXT(2) 
PARAMETRIC_REPRESENTATION_CONTEXT() REPRESENTATION_CONTEXT('2D SPACE',''
  ) );
#1985 = ORIENTED_EDGE('',*,*,#1986,.F.);
#1986 = EDGE_CURVE('',#1906,#1964,#1987,.T.);
#1987 = SURFACE_CURVE('',#1988,(#1992,#1999),.PCURVE_S1.);
#1988 = LINE('',#1989,#1990);
#1989 = CARTESIAN_POINT('',(1.11,0.,3.E-02));
#1990 = VECTOR('',#1991,1.);
#1991 = DIRECTION('',(0.,-1.,0.));
#1992 = PCURVE('',#1916,#1993);
#1993 = DEFINITIONAL_REPRESENTATION('',(#1994),#1998);
#1994 = LINE('',#1995,#1996);
#1995 = CARTESIAN_POINT('',(-1.175,0.));
#1996 = VECTOR('',#1997,1.);
#1997 = DIRECTION('',(-1.,0.));
#1998 = ( GEOMETRIC_REPRESENTATION_CONTEXT(2) 
PARAMETRIC_REPRESENTATION_CONTEXT() REPRESENTATION_CONTEXT('2D SPACE',''
  ) );
#1999 = PCURVE('',#2000,#2005);
#2000 = PLANE('',#2001);
#2001 = AXIS2_PLACEMENT_3D('',#2002,#2003,#2004);
#2002 = CARTESIAN_POINT('',(0.,0.,3.E-02));
#2003 = DIRECTION('',(0.,0.,-1.));
#2004 = DIRECTION('',(0.,-1.,0.));
#2005 = DEFINITIONAL_REPRESENTATION('',(#2006),#2010);
#2006 = LINE('',#2007,#2008);
#2007 = CARTESIAN_POINT('',(0.,-1.11));
#2008 = VECTOR('',#2009,1.);
#2009 = DIRECTION('',(1.,0.));
#2010 = ( GEOMETRIC_REPRESENTATION_CONTEXT(2) 
PARAMETRIC_REPRESENTATION_CONTEXT() REPRESENTATION_CONTEXT('2D SPACE',''
  ) );
#2011 = ADVANCED_FACE('',(#2012),#1951,.F.);
#2012 = FACE_BOUND('',#2013,.T.);
#2013 = EDGE_LOOP('',(#2014,#2037,#2065,#2086));
#2014 = ORIENTED_EDGE('',*,*,#2015,.T.);
#2015 = EDGE_CURVE('',#1908,#2016,#2018,.T.);
#2016 = VERTEX_POINT('',#2017);
#2017 = CARTESIAN_POINT('',(1.55824003649,1.575,0.));
#2018 = SURFACE_CURVE('',#2019,(#2023,#2030),.PCURVE_S1.);
#2019 = LINE('',#2020,#2021);
#2020 = CARTESIAN_POINT('',(1.11,1.575,0.));
#2021 = VECTOR('',#2022,1.);
#2022 = DIRECTION('',(1.,0.,0.));
#2023 = PCURVE('',#1951,#2024);
#2024 = DEFINITIONAL_REPRESENTATION('',(#2025),#2029);
#2025 = LINE('',#2026,#2027);
#2026 = CARTESIAN_POINT('',(0.,0.4));
#2027 = VECTOR('',#2028,1.);
#2028 = DIRECTION('',(1.,0.));
#2029 = ( GEOMETRIC_REPRESENTATION_CONTEXT(2) 
PARAMETRIC_REPRESENTATION_CONTEXT() REPRESENTATION_CONTEXT('2D SPACE',''
  ) );
#2030 = PCURVE('',#1775,#2031);
#2031 = DEFINITIONAL_REPRESENTATION('',(#2032),#2036);
#2032 = LINE('',#2033,#2034);
#2033 = CARTESIAN_POINT('',(0.,1.11));
#2034 = VECTOR('',#2035,1.);
#2035 = DIRECTION('',(0.,1.));
#2036 = ( GEOMETRIC_REPRESENTATION_CONTEXT(2) 
PARAMETRIC_REPRESENTATION_CONTEXT() REPRESENTATION_CONTEXT('2D SPACE',''
  ) );
#2037 = ORIENTED_EDGE('',*,*,#2038,.F.);
#2038 = EDGE_CURVE('',#2039,#2016,#2041,.T.);
#2039 = VERTEX_POINT('',#2040);
#2040 = CARTESIAN_POINT('',(1.55824003649,1.175,0.));
#2041 = SURFACE_CURVE('',#2042,(#2046,#2053),.PCURVE_S1.);
#2042 = LINE('',#2043,#2044);
#2043 = CARTESIAN_POINT('',(1.55824003649,1.175,0.));
#2044 = VECTOR('',#2045,1.);
#2045 = DIRECTION('',(0.,1.,0.));
#2046 = PCURVE('',#1951,#2047);
#2047 = DEFINITIONAL_REPRESENTATION('',(#2048),#2052);
#2048 = LINE('',#2049,#2050);
#2049 = CARTESIAN_POINT('',(0.44824003649,0.));
#2050 = VECTOR('',#2051,1.);
#2051 = DIRECTION('',(0.,1.));
#2052 = ( GEOMETRIC_REPRESENTATION_CONTEXT(2) 
PARAMETRIC_REPRESENTATION_CONTEXT() REPRESENTATION_CONTEXT('2D SPACE',''
  ) );
#2053 = PCURVE('',#2054,#2059);
#2054 = PLANE('',#2055);
#2055 = AXIS2_PLACEMENT_3D('',#2056,#2057,#2058);
#2056 = CARTESIAN_POINT('',(1.55824003649,1.175,0.));
#2057 = DIRECTION('',(-0.906307787037,0.,0.422618261741));
#2058 = DIRECTION('',(0.,1.,0.));
#2059 = DEFINITIONAL_REPRESENTATION('',(#2060),#2064);
#2060 = LINE('',#2061,#2062);
#2061 = CARTESIAN_POINT('',(0.,0.));
#2062 = VECTOR('',#2063,1.);
#2063 = DIRECTION('',(1.,0.));
#2064 = ( GEOMETRIC_REPRESENTATION_CONTEXT(2) 
PARAMETRIC_REPRESENTATION_CONTEXT() REPRESENTATION_CONTEXT('2D SPACE',''
  ) );
#2065 = ORIENTED_EDGE('',*,*,#2066,.F.);
#2066 = EDGE_CURVE('',#1936,#2039,#2067,.T.);
#2067 = SURFACE_CURVE('',#2068,(#2072,#2079),.PCURVE_S1.);
#2068 = LINE('',#2069,#2070);
#2069 = CARTESIAN_POINT('',(1.11,1.175,0.));
#2070 = VECTOR('',#2071,1.);
#2071 = DIRECTION('',(1.,0.,0.));
#2072 = PCURVE('',#1951,#2073);
#2073 = DEFINITIONAL_REPRESENTATION('',(#2074),#2078);
#2074 = LINE('',#2075,#2076);
#2075 = CARTESIAN_POINT('',(0.,0.));
#2076 = VECTOR('',#2077,1.);
#2077 = DIRECTION('',(1.,0.));
#2078 = ( GEOMETRIC_REPRESENTATION_CONTEXT(2) 
PARAMETRIC_REPRESENTATION_CONTEXT() REPRESENTATION_CONTEXT('2D SPACE',''
  ) );
#2079 = PCURVE('',#1864,#2080);
#2080 = DEFINITIONAL_REPRESENTATION('',(#2081),#2085);
#2081 = LINE('',#2082,#2083);
#2082 = CARTESIAN_POINT('',(0.,1.11));
#2083 = VECTOR('',#2084,1.);
#2084 = DIRECTION('',(0.,1.));
#2085 = ( GEOMETRIC_REPRESENTATION_CONTEXT(2) 
PARAMETRIC_REPRESENTATION_CONTEXT() REPRESENTATION_CONTEXT('2D SPACE',''
  ) );
#2086 = ORIENTED_EDGE('',*,*,#1935,.T.);
#2087 = ADVANCED_FACE('',(#2088),#2054,.F.);
#2088 = FACE_BOUND('',#2089,.T.);
#2089 = EDGE_LOOP('',(#2090,#2113,#2141,#2162));
#2090 = ORIENTED_EDGE('',*,*,#2091,.T.);
#2091 = EDGE_CURVE('',#2016,#2092,#2094,.T.);
#2092 = VERTEX_POINT('',#2093);
#2093 = CARTESIAN_POINT('',(1.652810881961,1.575,0.202807832592));
#2094 = SURFACE_CURVE('',#2095,(#2099,#2106),.PCURVE_S1.);
#2095 = LINE('',#2096,#2097);
#2096 = CARTESIAN_POINT('',(1.55824003649,1.575,0.));
#2097 = VECTOR('',#2098,1.);
#2098 = DIRECTION('',(0.422618261741,0.,0.906307787037));
#2099 = PCURVE('',#2054,#2100);
#2100 = DEFINITIONAL_REPRESENTATION('',(#2101),#2105);
#2101 = LINE('',#2102,#2103);
#2102 = CARTESIAN_POINT('',(0.4,0.));
#2103 = VECTOR('',#2104,1.);
#2104 = DIRECTION('',(0.,-1.));
#2105 = ( GEOMETRIC_REPRESENTATION_CONTEXT(2) 
PARAMETRIC_REPRESENTATION_CONTEXT() REPRESENTATION_CONTEXT('2D SPACE',''
  ) );
#2106 = PCURVE('',#1775,#2107);
#2107 = DEFINITIONAL_REPRESENTATION('',(#2108),#2112);
#2108 = LINE('',#2109,#2110);
#2109 = CARTESIAN_POINT('',(0.,1.55824003649));
#2110 = VECTOR('',#2111,1.);
#2111 = DIRECTION('',(-0.906307787037,0.422618261741));
#2112 = ( GEOMETRIC_REPRESENTATION_CONTEXT(2) 
PARAMETRIC_REPRESENTATION_CONTEXT() REPRESENTATION_CONTEXT('2D SPACE',''
  ) );
#2113 = ORIENTED_EDGE('',*,*,#2114,.F.);
#2114 = EDGE_CURVE('',#2115,#2092,#2117,.T.);
#2115 = VERTEX_POINT('',#2116);
#2116 = CARTESIAN_POINT('',(1.652810881961,1.175,0.202807832592));
#2117 = SURFACE_CURVE('',#2118,(#2122,#2129),.PCURVE_S1.);
#2118 = LINE('',#2119,#2120);
#2119 = CARTESIAN_POINT('',(1.652810881961,1.175,0.202807832592));
#2120 = VECTOR('',#2121,1.);
#2121 = DIRECTION('',(0.,1.,0.));
#2122 = PCURVE('',#2054,#2123);
#2123 = DEFINITIONAL_REPRESENTATION('',(#2124),#2128);
#2124 = LINE('',#2125,#2126);
#2125 = CARTESIAN_POINT('',(0.,-0.223773684275));
#2126 = VECTOR('',#2127,1.);
#2127 = DIRECTION('',(1.,0.));
#2128 = ( GEOMETRIC_REPRESENTATION_CONTEXT(2) 
PARAMETRIC_REPRESENTATION_CONTEXT() REPRESENTATION_CONTEXT('2D SPACE',''
  ) );
#2129 = PCURVE('',#2130,#2135);
#2130 = PLANE('',#2131);
#2131 = AXIS2_PLACEMENT_3D('',#2132,#2133,#2134);
#2132 = CARTESIAN_POINT('',(1.652810881961,1.175,0.202807832592));
#2133 = DIRECTION('',(-0.422618261741,0.,-0.906307787037));
#2134 = DIRECTION('',(-0.906307787037,0.,0.422618261741));
#2135 = DEFINITIONAL_REPRESENTATION('',(#2136),#2140);
#2136 = LINE('',#2137,#2138);
#2137 = CARTESIAN_POINT('',(0.,0.));
#2138 = VECTOR('',#2139,1.);
#2139 = DIRECTION('',(0.,1.));
#2140 = ( GEOMETRIC_REPRESENTATION_CONTEXT(2) 
PARAMETRIC_REPRESENTATION_CONTEXT() REPRESENTATION_CONTEXT('2D SPACE',''
  ) );
#2141 = ORIENTED_EDGE('',*,*,#2142,.F.);
#2142 = EDGE_CURVE('',#2039,#2115,#2143,.T.);
#2143 = SURFACE_CURVE('',#2144,(#2148,#2155),.PCURVE_S1.);
#2144 = LINE('',#2145,#2146);
#2145 = CARTESIAN_POINT('',(1.55824003649,1.175,0.));
#2146 = VECTOR('',#2147,1.);
#2147 = DIRECTION('',(0.422618261741,0.,0.906307787037));
#2148 = PCURVE('',#2054,#2149);
#2149 = DEFINITIONAL_REPRESENTATION('',(#2150),#2154);
#2150 = LINE('',#2151,#2152);
#2151 = CARTESIAN_POINT('',(0.,0.));
#2152 = VECTOR('',#2153,1.);
#2153 = DIRECTION('',(0.,-1.));
#2154 = ( GEOMETRIC_REPRESENTATION_CONTEXT(2) 
PARAMETRIC_REPRESENTATION_CONTEXT() REPRESENTATION_CONTEXT('2D SPACE',''
  ) );
#2155 = PCURVE('',#1864,#2156);
#2156 = DEFINITIONAL_REPRESENTATION('',(#2157),#2161);
#2157 = LINE('',#2158,#2159);
#2158 = CARTESIAN_POINT('',(0.,1.55824003649));
#2159 = VECTOR('',#2160,1.);
#2160 = DIRECTION('',(-0.906307787037,0.422618261741));
#2161 = ( GEOMETRIC_REPRESENTATION_CONTEXT(2) 
PARAMETRIC_REPRESENTATION_CONTEXT() REPRESENTATION_CONTEXT('2D SPACE',''
  ) );
#2162 = ORIENTED_EDGE('',*,*,#2038,.T.);
#2163 = ADVANCED_FACE('',(#2164),#2130,.F.);
#2164 = FACE_BOUND('',#2165,.T.);
#2165 = EDGE_LOOP('',(#2166,#2189,#2212,#2233));
#2166 = ORIENTED_EDGE('',*,*,#2167,.T.);
#2167 = EDGE_CURVE('',#2092,#2168,#2170,.T.);
#2168 = VERTEX_POINT('',#2169);
#2169 = CARTESIAN_POINT('',(1.62562164835,1.575,0.215486380444));
#2170 = SURFACE_CURVE('',#2171,(#2175,#2182),.PCURVE_S1.);
#2171 = LINE('',#2172,#2173);
#2172 = CARTESIAN_POINT('',(1.652810881961,1.575,0.202807832592));
#2173 = VECTOR('',#2174,1.);
#2174 = DIRECTION('',(-0.906307787037,0.,0.422618261741));
#2175 = PCURVE('',#2130,#2176);
#2176 = DEFINITIONAL_REPRESENTATION('',(#2177),#2181);
#2177 = LINE('',#2178,#2179);
#2178 = CARTESIAN_POINT('',(0.,0.4));
#2179 = VECTOR('',#2180,1.);
#2180 = DIRECTION('',(1.,0.));
#2181 = ( GEOMETRIC_REPRESENTATION_CONTEXT(2) 
PARAMETRIC_REPRESENTATION_CONTEXT() REPRESENTATION_CONTEXT('2D SPACE',''
  ) );
#2182 = PCURVE('',#1775,#2183);
#2183 = DEFINITIONAL_REPRESENTATION('',(#2184),#2188);
#2184 = LINE('',#2185,#2186);
#2185 = CARTESIAN_POINT('',(-0.202807832592,1.652810881961));
#2186 = VECTOR('',#2187,1.);
#2187 = DIRECTION('',(-0.422618261741,-0.906307787037));
#2188 = ( GEOMETRIC_REPRESENTATION_CONTEXT(2) 
PARAMETRIC_REPRESENTATION_CONTEXT() REPRESENTATION_CONTEXT('2D SPACE',''
  ) );
#2189 = ORIENTED_EDGE('',*,*,#2190,.F.);
#2190 = EDGE_CURVE('',#2191,#2168,#2193,.T.);
#2191 = VERTEX_POINT('',#2192);
#2192 = CARTESIAN_POINT('',(1.62562164835,1.175,0.215486380444));
#2193 = SURFACE_CURVE('',#2194,(#2198,#2205),.PCURVE_S1.);
#2194 = LINE('',#2195,#2196);
#2195 = CARTESIAN_POINT('',(1.62562164835,1.175,0.215486380444));
#2196 = VECTOR('',#2197,1.);
#2197 = DIRECTION('',(0.,1.,0.));
#2198 = PCURVE('',#2130,#2199);
#2199 = DEFINITIONAL_REPRESENTATION('',(#2200),#2204);
#2200 = LINE('',#2201,#2202);
#2201 = CARTESIAN_POINT('',(3.E-02,0.));
#2202 = VECTOR('',#2203,1.);
#2203 = DIRECTION('',(0.,1.));
#2204 = ( GEOMETRIC_REPRESENTATION_CONTEXT(2) 
PARAMETRIC_REPRESENTATION_CONTEXT() REPRESENTATION_CONTEXT('2D SPACE',''
  ) );
#2205 = PCURVE('',#1890,#2206);
#2206 = DEFINITIONAL_REPRESENTATION('',(#2207),#2211);
#2207 = LINE('',#2208,#2209);
#2208 = CARTESIAN_POINT('',(0.,-0.20466157645));
#2209 = VECTOR('',#2210,1.);
#2210 = DIRECTION('',(-1.,-0.));
#2211 = ( GEOMETRIC_REPRESENTATION_CONTEXT(2) 
PARAMETRIC_REPRESENTATION_CONTEXT() REPRESENTATION_CONTEXT('2D SPACE',''
  ) );
#2212 = ORIENTED_EDGE('',*,*,#2213,.F.);
#2213 = EDGE_CURVE('',#2115,#2191,#2214,.T.);
#2214 = SURFACE_CURVE('',#2215,(#2219,#2226),.PCURVE_S1.);
#2215 = LINE('',#2216,#2217);
#2216 = CARTESIAN_POINT('',(1.652810881961,1.175,0.202807832592));
#2217 = VECTOR('',#2218,1.);
#2218 = DIRECTION('',(-0.906307787037,0.,0.422618261741));
#2219 = PCURVE('',#2130,#2220);
#2220 = DEFINITIONAL_REPRESENTATION('',(#2221),#2225);
#2221 = LINE('',#2222,#2223);
#2222 = CARTESIAN_POINT('',(0.,0.));
#2223 = VECTOR('',#2224,1.);
#2224 = DIRECTION('',(1.,0.));
#2225 = ( GEOMETRIC_REPRESENTATION_CONTEXT(2) 
PARAMETRIC_REPRESENTATION_CONTEXT() REPRESENTATION_CONTEXT('2D SPACE',''
  ) );
#2226 = PCURVE('',#1864,#2227);
#2227 = DEFINITIONAL_REPRESENTATION('',(#2228),#2232);
#2228 = LINE('',#2229,#2230);
#2229 = CARTESIAN_POINT('',(-0.202807832592,1.652810881961));
#2230 = VECTOR('',#2231,1.);
#2231 = DIRECTION('',(-0.422618261741,-0.906307787037));
#2232 = ( GEOMETRIC_REPRESENTATION_CONTEXT(2) 
PARAMETRIC_REPRESENTATION_CONTEXT() REPRESENTATION_CONTEXT('2D SPACE',''
  ) );
#2233 = ORIENTED_EDGE('',*,*,#2114,.T.);
#2234 = ADVANCED_FACE('',(#2235),#1890,.F.);
#2235 = FACE_BOUND('',#2236,.T.);
#2236 = EDGE_LOOP('',(#2237,#2258,#2259,#2280));
#2237 = ORIENTED_EDGE('',*,*,#2238,.T.);
#2238 = EDGE_CURVE('',#2168,#1753,#2239,.T.);
#2239 = SURFACE_CURVE('',#2240,(#2244,#2251),.PCURVE_S1.);
#2240 = LINE('',#2241,#2242);
#2241 = CARTESIAN_POINT('',(1.539127928665,1.575,3.E-02));
#2242 = VECTOR('',#2243,1.);
#2243 = DIRECTION('',(-0.422618261741,0.,-0.906307787037));
#2244 = PCURVE('',#1890,#2245);
#2245 = DEFINITIONAL_REPRESENTATION('',(#2246),#2250);
#2246 = LINE('',#2247,#2248);
#2247 = CARTESIAN_POINT('',(-0.4,-0.));
#2248 = VECTOR('',#2249,1.);
#2249 = DIRECTION('',(-0.,1.));
#2250 = ( GEOMETRIC_REPRESENTATION_CONTEXT(2) 
PARAMETRIC_REPRESENTATION_CONTEXT() REPRESENTATION_CONTEXT('2D SPACE',''
  ) );
#2251 = PCURVE('',#1775,#2252);
#2252 = DEFINITIONAL_REPRESENTATION('',(#2253),#2257);
#2253 = LINE('',#2254,#2255);
#2254 = CARTESIAN_POINT('',(-3.E-02,1.539127928665));
#2255 = VECTOR('',#2256,1.);
#2256 = DIRECTION('',(0.906307787037,-0.422618261741));
#2257 = ( GEOMETRIC_REPRESENTATION_CONTEXT(2) 
PARAMETRIC_REPRESENTATION_CONTEXT() REPRESENTATION_CONTEXT('2D SPACE',''
  ) );
#2258 = ORIENTED_EDGE('',*,*,#1876,.F.);
#2259 = ORIENTED_EDGE('',*,*,#2260,.F.);
#2260 = EDGE_CURVE('',#2191,#1849,#2261,.T.);
#2261 = SURFACE_CURVE('',#2262,(#2266,#2273),.PCURVE_S1.);
#2262 = LINE('',#2263,#2264);
#2263 = CARTESIAN_POINT('',(1.539127928665,1.175,3.E-02));
#2264 = VECTOR('',#2265,1.);
#2265 = DIRECTION('',(-0.422618261741,0.,-0.906307787037));
#2266 = PCURVE('',#1890,#2267);
#2267 = DEFINITIONAL_REPRESENTATION('',(#2268),#2272);
#2268 = LINE('',#2269,#2270);
#2269 = CARTESIAN_POINT('',(0.,-0.));
#2270 = VECTOR('',#2271,1.);
#2271 = DIRECTION('',(-0.,1.));
#2272 = ( GEOMETRIC_REPRESENTATION_CONTEXT(2) 
PARAMETRIC_REPRESENTATION_CONTEXT() REPRESENTATION_CONTEXT('2D SPACE',''
  ) );
#2273 = PCURVE('',#1864,#2274);
#2274 = DEFINITIONAL_REPRESENTATION('',(#2275),#2279);
#2275 = LINE('',#2276,#2277);
#2276 = CARTESIAN_POINT('',(-3.E-02,1.539127928665));
#2277 = VECTOR('',#2278,1.);
#2278 = DIRECTION('',(0.906307787037,-0.422618261741));
#2279 = ( GEOMETRIC_REPRESENTATION_CONTEXT(2) 
PARAMETRIC_REPRESENTATION_CONTEXT() REPRESENTATION_CONTEXT('2D SPACE',''
  ) );
#2280 = ORIENTED_EDGE('',*,*,#2190,.T.);
#2281 = ADVANCED_FACE('',(#2282),#1775,.F.);
#2282 = FACE_BOUND('',#2283,.T.);
#2283 = EDGE_LOOP('',(#2284,#2285,#2306,#2307,#2308,#2309,#2310));
#2284 = ORIENTED_EDGE('',*,*,#1905,.F.);
#2285 = ORIENTED_EDGE('',*,*,#2286,.F.);
#2286 = EDGE_CURVE('',#1755,#1906,#2287,.T.);
#2287 = SURFACE_CURVE('',#2288,(#2292,#2299),.PCURVE_S1.);
#2288 = LINE('',#2289,#2290);
#2289 = CARTESIAN_POINT('',(1.11,1.575,3.E-02));
#2290 = VECTOR('',#2291,1.);
#2291 = DIRECTION('',(-1.,0.,-6.316310941688E-17));
#2292 = PCURVE('',#1775,#2293);
#2293 = DEFINITIONAL_REPRESENTATION('',(#2294),#2298);
#2294 = LINE('',#2295,#2296);
#2295 = CARTESIAN_POINT('',(-3.E-02,1.11));
#2296 = VECTOR('',#2297,1.);
#2297 = DIRECTION('',(6.316310941688E-17,-1.));
#2298 = ( GEOMETRIC_REPRESENTATION_CONTEXT(2) 
PARAMETRIC_REPRESENTATION_CONTEXT() REPRESENTATION_CONTEXT('2D SPACE',''
  ) );
#2299 = PCURVE('',#2000,#2300);
#2300 = DEFINITIONAL_REPRESENTATION('',(#2301),#2305);
#2301 = LINE('',#2302,#2303);
#2302 = CARTESIAN_POINT('',(-1.575,-1.11));
#2303 = VECTOR('',#2304,1.);
#2304 = DIRECTION('',(0.,1.));
#2305 = ( GEOMETRIC_REPRESENTATION_CONTEXT(2) 
PARAMETRIC_REPRESENTATION_CONTEXT() REPRESENTATION_CONTEXT('2D SPACE',''
  ) );
#2306 = ORIENTED_EDGE('',*,*,#1752,.F.);
#2307 = ORIENTED_EDGE('',*,*,#2238,.F.);
#2308 = ORIENTED_EDGE('',*,*,#2167,.F.);
#2309 = ORIENTED_EDGE('',*,*,#2091,.F.);
#2310 = ORIENTED_EDGE('',*,*,#2015,.F.);
#2311 = ADVANCED_FACE('',(#2312),#1864,.T.);
#2312 = FACE_BOUND('',#2313,.T.);
#2313 = EDGE_LOOP('',(#2314,#2315,#2316,#2317,#2318,#2319,#2320));
#2314 = ORIENTED_EDGE('',*,*,#1963,.T.);
#2315 = ORIENTED_EDGE('',*,*,#2066,.T.);
#2316 = ORIENTED_EDGE('',*,*,#2142,.T.);
#2317 = ORIENTED_EDGE('',*,*,#2213,.T.);
#2318 = ORIENTED_EDGE('',*,*,#2260,.T.);
#2319 = ORIENTED_EDGE('',*,*,#1848,.T.);
#2320 = ORIENTED_EDGE('',*,*,#2321,.T.);
#2321 = EDGE_CURVE('',#1816,#1964,#2322,.T.);
#2322 = SURFACE_CURVE('',#2323,(#2327,#2334),.PCURVE_S1.);
#2323 = LINE('',#2324,#2325);
#2324 = CARTESIAN_POINT('',(1.11,1.175,3.E-02));
#2325 = VECTOR('',#2326,1.);
#2326 = DIRECTION('',(-1.,0.,-6.316310941688E-17));
#2327 = PCURVE('',#1864,#2328);
#2328 = DEFINITIONAL_REPRESENTATION('',(#2329),#2333);
#2329 = LINE('',#2330,#2331);
#2330 = CARTESIAN_POINT('',(-3.E-02,1.11));
#2331 = VECTOR('',#2332,1.);
#2332 = DIRECTION('',(6.316310941688E-17,-1.));
#2333 = ( GEOMETRIC_REPRESENTATION_CONTEXT(2) 
PARAMETRIC_REPRESENTATION_CONTEXT() REPRESENTATION_CONTEXT('2D SPACE',''
  ) );
#2334 = PCURVE('',#2000,#2335);
#2335 = DEFINITIONAL_REPRESENTATION('',(#2336),#2340);
#2336 = LINE('',#2337,#2338);
#2337 = CARTESIAN_POINT('',(-1.175,-1.11));
#2338 = VECTOR('',#2339,1.);
#2339 = DIRECTION('',(0.,1.));
#2340 = ( GEOMETRIC_REPRESENTATION_CONTEXT(2) 
PARAMETRIC_REPRESENTATION_CONTEXT() REPRESENTATION_CONTEXT('2D SPACE',''
  ) );
#2341 = ADVANCED_FACE('',(#2342),#1358,.T.);
#2342 = FACE_BOUND('',#2343,.T.);
#2343 = EDGE_LOOP('',(#2344,#2345,#2368,#2397,#2425,#2453,#2482,#2510,
    #2539,#2567,#2593,#2594));
#2344 = ORIENTED_EDGE('',*,*,#1728,.F.);
#2345 = ORIENTED_EDGE('',*,*,#2346,.T.);
#2346 = EDGE_CURVE('',#1162,#2347,#2349,.T.);
#2347 = VERTEX_POINT('',#2348);
#2348 = CARTESIAN_POINT('',(-1.535,1.65,3.E-02));
#2349 = SURFACE_CURVE('',#2350,(#2354,#2361),.PCURVE_S1.);
#2350 = LINE('',#2351,#2352);
#2351 = CARTESIAN_POINT('',(-1.535,1.081865334795,3.E-02));
#2352 = VECTOR('',#2353,1.);
#2353 = DIRECTION('',(-5.645896333533E-16,1.,0.));
#2354 = PCURVE('',#1358,#2355);
#2355 = DEFINITIONAL_REPRESENTATION('',(#2356),#2360);
#2356 = LINE('',#2357,#2358);
#2357 = CARTESIAN_POINT('',(-1.081865334795,1.535));
#2358 = VECTOR('',#2359,1.);
#2359 = DIRECTION('',(-1.,5.645896333533E-16));
#2360 = ( GEOMETRIC_REPRESENTATION_CONTEXT(2) 
PARAMETRIC_REPRESENTATION_CONTEXT() REPRESENTATION_CONTEXT('2D SPACE',''
  ) );
#2361 = PCURVE('',#1297,#2362);
#2362 = DEFINITIONAL_REPRESENTATION('',(#2363),#2367);
#2363 = LINE('',#2364,#2365);
#2364 = CARTESIAN_POINT('',(0.,0.25));
#2365 = VECTOR('',#2366,1.);
#2366 = DIRECTION('',(1.,0.));
#2367 = ( GEOMETRIC_REPRESENTATION_CONTEXT(2) 
PARAMETRIC_REPRESENTATION_CONTEXT() REPRESENTATION_CONTEXT('2D SPACE',''
  ) );
#2368 = ORIENTED_EDGE('',*,*,#2369,.T.);
#2369 = EDGE_CURVE('',#2347,#2370,#2372,.T.);
#2370 = VERTEX_POINT('',#2371);
#2371 = CARTESIAN_POINT('',(-1.335,1.85,3.E-02));
#2372 = SURFACE_CURVE('',#2373,(#2378,#2385),.PCURVE_S1.);
#2373 = CIRCLE('',#2374,0.2);
#2374 = AXIS2_PLACEMENT_3D('',#2375,#2376,#2377);
#2375 = CARTESIAN_POINT('',(-1.335,1.65,3.E-02));
#2376 = DIRECTION('',(0.,0.,-1.));
#2377 = DIRECTION('',(-1.,0.,0.));
#2378 = PCURVE('',#1358,#2379);
#2379 = DEFINITIONAL_REPRESENTATION('',(#2380),#2384);
#2380 = CIRCLE('',#2381,0.2);
#2381 = AXIS2_PLACEMENT_2D('',#2382,#2383);
#2382 = CARTESIAN_POINT('',(-1.65,1.335));
#2383 = DIRECTION('',(0.,1.));
#2384 = ( GEOMETRIC_REPRESENTATION_CONTEXT(2) 
PARAMETRIC_REPRESENTATION_CONTEXT() REPRESENTATION_CONTEXT('2D SPACE',''
  ) );
#2385 = PCURVE('',#2386,#2391);
#2386 = CYLINDRICAL_SURFACE('',#2387,0.2);
#2387 = AXIS2_PLACEMENT_3D('',#2388,#2389,#2390);
#2388 = CARTESIAN_POINT('',(-1.335,1.65,0.28));
#2389 = DIRECTION('',(0.,0.,1.));
#2390 = DIRECTION('',(1.,0.,-0.));
#2391 = DEFINITIONAL_REPRESENTATION('',(#2392),#2396);
#2392 = LINE('',#2393,#2394);
#2393 = CARTESIAN_POINT('',(3.14159265359,-0.25));
#2394 = VECTOR('',#2395,1.);
#2395 = DIRECTION('',(-1.,0.));
#2396 = ( GEOMETRIC_REPRESENTATION_CONTEXT(2) 
PARAMETRIC_REPRESENTATION_CONTEXT() REPRESENTATION_CONTEXT('2D SPACE',''
  ) );
#2397 = ORIENTED_EDGE('',*,*,#2398,.T.);
#2398 = EDGE_CURVE('',#2370,#2399,#2401,.T.);
#2399 = VERTEX_POINT('',#2400);
#2400 = CARTESIAN_POINT('',(-1.1,1.85,3.E-02));
#2401 = SURFACE_CURVE('',#2402,(#2406,#2413),.PCURVE_S1.);
#2402 = LINE('',#2403,#2404);
#2403 = CARTESIAN_POINT('',(-1.535,1.85,3.E-02));
#2404 = VECTOR('',#2405,1.);
#2405 = DIRECTION('',(1.,2.118961900623E-16,0.));
#2406 = PCURVE('',#1358,#2407);
#2407 = DEFINITIONAL_REPRESENTATION('',(#2408),#2412);
#2408 = LINE('',#2409,#2410);
#2409 = CARTESIAN_POINT('',(-1.85,1.535));
#2410 = VECTOR('',#2411,1.);
#2411 = DIRECTION('',(-2.118961900623E-16,-1.));
#2412 = ( GEOMETRIC_REPRESENTATION_CONTEXT(2) 
PARAMETRIC_REPRESENTATION_CONTEXT() REPRESENTATION_CONTEXT('2D SPACE',''
  ) );
#2413 = PCURVE('',#2414,#2419);
#2414 = PLANE('',#2415);
#2415 = AXIS2_PLACEMENT_3D('',#2416,#2417,#2418);
#2416 = CARTESIAN_POINT('',(1.1,1.85,3.E-02));
#2417 = DIRECTION('',(0.,-1.,0.));
#2418 = DIRECTION('',(0.,0.,-1.));
#2419 = DEFINITIONAL_REPRESENTATION('',(#2420),#2424);
#2420 = LINE('',#2421,#2422);
#2421 = CARTESIAN_POINT('',(0.,-2.635));
#2422 = VECTOR('',#2423,1.);
#2423 = DIRECTION('',(0.,1.));
#2424 = ( GEOMETRIC_REPRESENTATION_CONTEXT(2) 
PARAMETRIC_REPRESENTATION_CONTEXT() REPRESENTATION_CONTEXT('2D SPACE',''
  ) );
#2425 = ORIENTED_EDGE('',*,*,#2426,.T.);
#2426 = EDGE_CURVE('',#2399,#2427,#2429,.T.);
#2427 = VERTEX_POINT('',#2428);
#2428 = CARTESIAN_POINT('',(-1.1,1.1,3.E-02));
#2429 = SURFACE_CURVE('',#2430,(#2434,#2441),.PCURVE_S1.);
#2430 = LINE('',#2431,#2432);
#2431 = CARTESIAN_POINT('',(-1.1,1.85,3.E-02));
#2432 = VECTOR('',#2433,1.);
#2433 = DIRECTION('',(0.,-1.,0.));
#2434 = PCURVE('',#1358,#2435);
#2435 = DEFINITIONAL_REPRESENTATION('',(#2436),#2440);
#2436 = LINE('',#2437,#2438);
#2437 = CARTESIAN_POINT('',(-1.85,1.1));
#2438 = VECTOR('',#2439,1.);
#2439 = DIRECTION('',(1.,0.));
#2440 = ( GEOMETRIC_REPRESENTATION_CONTEXT(2) 
PARAMETRIC_REPRESENTATION_CONTEXT() REPRESENTATION_CONTEXT('2D SPACE',''
  ) );
#2441 = PCURVE('',#2442,#2447);
#2442 = PLANE('',#2443);
#2443 = AXIS2_PLACEMENT_3D('',#2444,#2445,#2446);
#2444 = CARTESIAN_POINT('',(-1.1,1.85,3.E-02));
#2445 = DIRECTION('',(1.,0.,0.));
#2446 = DIRECTION('',(-0.,1.,0.));
#2447 = DEFINITIONAL_REPRESENTATION('',(#2448),#2452);
#2448 = LINE('',#2449,#2450);
#2449 = CARTESIAN_POINT('',(0.,0.));
#2450 = VECTOR('',#2451,1.);
#2451 = DIRECTION('',(-1.,0.));
#2452 = ( GEOMETRIC_REPRESENTATION_CONTEXT(2) 
PARAMETRIC_REPRESENTATION_CONTEXT() REPRESENTATION_CONTEXT('2D SPACE',''
  ) );
#2453 = ORIENTED_EDGE('',*,*,#2454,.T.);
#2454 = EDGE_CURVE('',#2427,#2455,#2457,.T.);
#2455 = VERTEX_POINT('',#2456);
#2456 = CARTESIAN_POINT('',(-1.3,0.9,3.E-02));
#2457 = SURFACE_CURVE('',#2458,(#2463,#2470),.PCURVE_S1.);
#2458 = CIRCLE('',#2459,0.2);
#2459 = AXIS2_PLACEMENT_3D('',#2460,#2461,#2462);
#2460 = CARTESIAN_POINT('',(-1.3,1.1,3.E-02));
#2461 = DIRECTION('',(0.,0.,-1.));
#2462 = DIRECTION('',(-1.,0.,0.));
#2463 = PCURVE('',#1358,#2464);
#2464 = DEFINITIONAL_REPRESENTATION('',(#2465),#2469);
#2465 = CIRCLE('',#2466,0.2);
#2466 = AXIS2_PLACEMENT_2D('',#2467,#2468);
#2467 = CARTESIAN_POINT('',(-1.1,1.3));
#2468 = DIRECTION('',(0.,1.));
#2469 = ( GEOMETRIC_REPRESENTATION_CONTEXT(2) 
PARAMETRIC_REPRESENTATION_CONTEXT() REPRESENTATION_CONTEXT('2D SPACE',''
  ) );
#2470 = PCURVE('',#2471,#2476);
#2471 = CYLINDRICAL_SURFACE('',#2472,0.2);
#2472 = AXIS2_PLACEMENT_3D('',#2473,#2474,#2475);
#2473 = CARTESIAN_POINT('',(-1.3,1.1,3.E-02));
#2474 = DIRECTION('',(0.,0.,1.));
#2475 = DIRECTION('',(1.,0.,-0.));
#2476 = DEFINITIONAL_REPRESENTATION('',(#2477),#2481);
#2477 = LINE('',#2478,#2479);
#2478 = CARTESIAN_POINT('',(9.424777960769,0.));
#2479 = VECTOR('',#2480,1.);
#2480 = DIRECTION('',(-1.,0.));
#2481 = ( GEOMETRIC_REPRESENTATION_CONTEXT(2) 
PARAMETRIC_REPRESENTATION_CONTEXT() REPRESENTATION_CONTEXT('2D SPACE',''
  ) );
#2482 = ORIENTED_EDGE('',*,*,#2483,.T.);
#2483 = EDGE_CURVE('',#2455,#2484,#2486,.T.);
#2484 = VERTEX_POINT('',#2485);
#2485 = CARTESIAN_POINT('',(-1.810546764899,0.9,3.E-02));
#2486 = SURFACE_CURVE('',#2487,(#2491,#2498),.PCURVE_S1.);
#2487 = LINE('',#2488,#2489);
#2488 = CARTESIAN_POINT('',(-1.1,0.9,3.E-02));
#2489 = VECTOR('',#2490,1.);
#2490 = DIRECTION('',(-1.,0.,0.));
#2491 = PCURVE('',#1358,#2492);
#2492 = DEFINITIONAL_REPRESENTATION('',(#2493),#2497);
#2493 = LINE('',#2494,#2495);
#2494 = CARTESIAN_POINT('',(-0.9,1.1));
#2495 = VECTOR('',#2496,1.);
#2496 = DIRECTION('',(0.,1.));
#2497 = ( GEOMETRIC_REPRESENTATION_CONTEXT(2) 
PARAMETRIC_REPRESENTATION_CONTEXT() REPRESENTATION_CONTEXT('2D SPACE',''
  ) );
#2498 = PCURVE('',#2499,#2504);
#2499 = PLANE('',#2500);
#2500 = AXIS2_PLACEMENT_3D('',#2501,#2502,#2503);
#2501 = CARTESIAN_POINT('',(-1.1,0.9,3.E-02));
#2502 = DIRECTION('',(0.,-1.,0.));
#2503 = DIRECTION('',(0.,0.,-1.));
#2504 = DEFINITIONAL_REPRESENTATION('',(#2505),#2509);
#2505 = LINE('',#2506,#2507);
#2506 = CARTESIAN_POINT('',(0.,0.));
#2507 = VECTOR('',#2508,1.);
#2508 = DIRECTION('',(0.,-1.));
#2509 = ( GEOMETRIC_REPRESENTATION_CONTEXT(2) 
PARAMETRIC_REPRESENTATION_CONTEXT() REPRESENTATION_CONTEXT('2D SPACE',''
  ) );
#2510 = ORIENTED_EDGE('',*,*,#2511,.T.);
#2511 = EDGE_CURVE('',#2484,#2512,#2514,.T.);
#2512 = VERTEX_POINT('',#2513);
#2513 = CARTESIAN_POINT('',(-1.7425,0.962065153938,3.E-02));
#2514 = SURFACE_CURVE('',#2515,(#2520,#2527),.PCURVE_S1.);
#2515 = CIRCLE('',#2516,0.215);
#2516 = AXIS2_PLACEMENT_3D('',#2517,#2518,#2519);
#2517 = CARTESIAN_POINT('',(-1.635,0.775869692124,3.E-02));
#2518 = DIRECTION('',(0.,0.,-1.));
#2519 = DIRECTION('',(-1.,0.,0.));
#2520 = PCURVE('',#1358,#2521);
#2521 = DEFINITIONAL_REPRESENTATION('',(#2522),#2526);
#2522 = CIRCLE('',#2523,0.215);
#2523 = AXIS2_PLACEMENT_2D('',#2524,#2525);
#2524 = CARTESIAN_POINT('',(-0.775869692124,1.635));
#2525 = DIRECTION('',(0.,1.));
#2526 = ( GEOMETRIC_REPRESENTATION_CONTEXT(2) 
PARAMETRIC_REPRESENTATION_CONTEXT() REPRESENTATION_CONTEXT('2D SPACE',''
  ) );
#2527 = PCURVE('',#2528,#2533);
#2528 = CYLINDRICAL_SURFACE('',#2529,0.215);
#2529 = AXIS2_PLACEMENT_3D('',#2530,#2531,#2532);
#2530 = CARTESIAN_POINT('',(-1.635,0.775869692124,-5.025794591765));
#2531 = DIRECTION('',(0.,0.,1.));
#2532 = DIRECTION('',(1.,0.,-0.));
#2533 = DEFINITIONAL_REPRESENTATION('',(#2534),#2538);
#2534 = LINE('',#2535,#2536);
#2535 = CARTESIAN_POINT('',(3.14159265359,5.055794591765));
#2536 = VECTOR('',#2537,1.);
#2537 = DIRECTION('',(-1.,0.));
#2538 = ( GEOMETRIC_REPRESENTATION_CONTEXT(2) 
PARAMETRIC_REPRESENTATION_CONTEXT() REPRESENTATION_CONTEXT('2D SPACE',''
  ) );
#2539 = ORIENTED_EDGE('',*,*,#2540,.T.);
#2540 = EDGE_CURVE('',#2512,#2541,#2543,.T.);
#2541 = VERTEX_POINT('',#2542);
#2542 = CARTESIAN_POINT('',(-1.635,1.024130307876,3.E-02));
#2543 = SURFACE_CURVE('',#2544,(#2548,#2555),.PCURVE_S1.);
#2544 = LINE('',#2545,#2546);
#2545 = CARTESIAN_POINT('',(-1.85,0.9,3.E-02));
#2546 = VECTOR('',#2547,1.);
#2547 = DIRECTION('',(0.866025403784,0.5,0.));
#2548 = PCURVE('',#1358,#2549);
#2549 = DEFINITIONAL_REPRESENTATION('',(#2550),#2554);
#2550 = LINE('',#2551,#2552);
#2551 = CARTESIAN_POINT('',(-0.9,1.85));
#2552 = VECTOR('',#2553,1.);
#2553 = DIRECTION('',(-0.5,-0.866025403784));
#2554 = ( GEOMETRIC_REPRESENTATION_CONTEXT(2) 
PARAMETRIC_REPRESENTATION_CONTEXT() REPRESENTATION_CONTEXT('2D SPACE',''
  ) );
#2555 = PCURVE('',#2556,#2561);
#2556 = PLANE('',#2557);
#2557 = AXIS2_PLACEMENT_3D('',#2558,#2559,#2560);
#2558 = CARTESIAN_POINT('',(-1.85,0.9,0.28));
#2559 = DIRECTION('',(-0.5,0.866025403784,0.));
#2560 = DIRECTION('',(0.,0.,1.));
#2561 = DEFINITIONAL_REPRESENTATION('',(#2562),#2566);
#2562 = LINE('',#2563,#2564);
#2563 = CARTESIAN_POINT('',(-0.25,0.));
#2564 = VECTOR('',#2565,1.);
#2565 = DIRECTION('',(0.,1.));
#2566 = ( GEOMETRIC_REPRESENTATION_CONTEXT(2) 
PARAMETRIC_REPRESENTATION_CONTEXT() REPRESENTATION_CONTEXT('2D SPACE',''
  ) );
#2567 = ORIENTED_EDGE('',*,*,#2568,.T.);
#2568 = EDGE_CURVE('',#2541,#1223,#2569,.T.);
#2569 = SURFACE_CURVE('',#2570,(#2575,#2586),.PCURVE_S1.);
#2570 = CIRCLE('',#2571,0.2);
#2571 = AXIS2_PLACEMENT_3D('',#2572,#2573,#2574);
#2572 = CARTESIAN_POINT('',(-1.735,1.197335388633,3.E-02));
#2573 = DIRECTION('',(0.,0.,1.));
#2574 = DIRECTION('',(-1.,0.,0.));
#2575 = PCURVE('',#1358,#2576);
#2576 = DEFINITIONAL_REPRESENTATION('',(#2577),#2585);
#2577 = ( BOUNDED_CURVE() B_SPLINE_CURVE(2,(#2578,#2579,#2580,#2581,
#2582,#2583,#2584),.UNSPECIFIED.,.T.,.F.) B_SPLINE_CURVE_WITH_KNOTS((1,2
    ,2,2,2,1),(-2.094395102393,0.,2.094395102393,4.188790204786,
6.28318530718,8.377580409573),.UNSPECIFIED.) CURVE() 
GEOMETRIC_REPRESENTATION_ITEM() RATIONAL_B_SPLINE_CURVE((1.,0.5,1.,0.5,
1.,0.5,1.)) REPRESENTATION_ITEM('') );
#2578 = CARTESIAN_POINT('',(-1.197335388633,1.935));
#2579 = CARTESIAN_POINT('',(-0.850925227119,1.935));
#2580 = CARTESIAN_POINT('',(-1.024130307876,1.635));
#2581 = CARTESIAN_POINT('',(-1.197335388633,1.335));
#2582 = CARTESIAN_POINT('',(-1.37054046939,1.635));
#2583 = CARTESIAN_POINT('',(-1.543745550146,1.935));
#2584 = CARTESIAN_POINT('',(-1.197335388633,1.935));
#2585 = ( GEOMETRIC_REPRESENTATION_CONTEXT(2) 
PARAMETRIC_REPRESENTATION_CONTEXT() REPRESENTATION_CONTEXT('2D SPACE',''
  ) );
#2586 = PCURVE('',#1271,#2587);
#2587 = DEFINITIONAL_REPRESENTATION('',(#2588),#2592);
#2588 = LINE('',#2589,#2590);
#2589 = CARTESIAN_POINT('',(3.14159265359,-0.25));
#2590 = VECTOR('',#2591,1.);
#2591 = DIRECTION('',(1.,0.));
#2592 = ( GEOMETRIC_REPRESENTATION_CONTEXT(2) 
PARAMETRIC_REPRESENTATION_CONTEXT() REPRESENTATION_CONTEXT('2D SPACE',''
  ) );
#2593 = ORIENTED_EDGE('',*,*,#1693,.T.);
#2594 = ORIENTED_EDGE('',*,*,#1342,.T.);
#2595 = ADVANCED_FACE('',(#2596),#1297,.T.);
#2596 = FACE_BOUND('',#2597,.T.);
#2597 = EDGE_LOOP('',(#2598,#2599,#2622,#2650,#2671));
#2598 = ORIENTED_EDGE('',*,*,#1283,.F.);
#2599 = ORIENTED_EDGE('',*,*,#2600,.T.);
#2600 = EDGE_CURVE('',#1251,#2601,#2603,.T.);
#2601 = VERTEX_POINT('',#2602);
#2602 = CARTESIAN_POINT('',(-1.535,1.197335388633,0.28));
#2603 = SURFACE_CURVE('',#2604,(#2608,#2615),.PCURVE_S1.);
#2604 = LINE('',#2605,#2606);
#2605 = CARTESIAN_POINT('',(-1.535,1.197335388633,0.28));
#2606 = VECTOR('',#2607,1.);
#2607 = DIRECTION('',(0.,0.,1.));
#2608 = PCURVE('',#1297,#2609);
#2609 = DEFINITIONAL_REPRESENTATION('',(#2610),#2614);
#2610 = LINE('',#2611,#2612);
#2611 = CARTESIAN_POINT('',(0.115470053838,0.));
#2612 = VECTOR('',#2613,1.);
#2613 = DIRECTION('',(0.,-1.));
#2614 = ( GEOMETRIC_REPRESENTATION_CONTEXT(2) 
PARAMETRIC_REPRESENTATION_CONTEXT() REPRESENTATION_CONTEXT('2D SPACE',''
  ) );
#2615 = PCURVE('',#1271,#2616);
#2616 = DEFINITIONAL_REPRESENTATION('',(#2617),#2621);
#2617 = LINE('',#2618,#2619);
#2618 = CARTESIAN_POINT('',(6.28318530718,0.));
#2619 = VECTOR('',#2620,1.);
#2620 = DIRECTION('',(0.,1.));
#2621 = ( GEOMETRIC_REPRESENTATION_CONTEXT(2) 
PARAMETRIC_REPRESENTATION_CONTEXT() REPRESENTATION_CONTEXT('2D SPACE',''
  ) );
#2622 = ORIENTED_EDGE('',*,*,#2623,.T.);
#2623 = EDGE_CURVE('',#2601,#2624,#2626,.T.);
#2624 = VERTEX_POINT('',#2625);
#2625 = CARTESIAN_POINT('',(-1.535,1.65,0.28));
#2626 = SURFACE_CURVE('',#2627,(#2631,#2638),.PCURVE_S1.);
#2627 = LINE('',#2628,#2629);
#2628 = CARTESIAN_POINT('',(-1.535,1.081865334795,0.28));
#2629 = VECTOR('',#2630,1.);
#2630 = DIRECTION('',(-5.645896333533E-16,1.,0.));
#2631 = PCURVE('',#1297,#2632);
#2632 = DEFINITIONAL_REPRESENTATION('',(#2633),#2637);
#2633 = LINE('',#2634,#2635);
#2634 = CARTESIAN_POINT('',(0.,0.));
#2635 = VECTOR('',#2636,1.);
#2636 = DIRECTION('',(1.,0.));
#2637 = ( GEOMETRIC_REPRESENTATION_CONTEXT(2) 
PARAMETRIC_REPRESENTATION_CONTEXT() REPRESENTATION_CONTEXT('2D SPACE',''
  ) );
#2638 = PCURVE('',#2639,#2644);
#2639 = PLANE('',#2640);
#2640 = AXIS2_PLACEMENT_3D('',#2641,#2642,#2643);
#2641 = CARTESIAN_POINT('',(0.,0.,0.28));
#2642 = DIRECTION('',(0.,0.,-1.));
#2643 = DIRECTION('',(0.,-1.,0.));
#2644 = DEFINITIONAL_REPRESENTATION('',(#2645),#2649);
#2645 = LINE('',#2646,#2647);
#2646 = CARTESIAN_POINT('',(-1.081865334795,1.535));
#2647 = VECTOR('',#2648,1.);
#2648 = DIRECTION('',(-1.,5.645896333533E-16));
#2649 = ( GEOMETRIC_REPRESENTATION_CONTEXT(2) 
PARAMETRIC_REPRESENTATION_CONTEXT() REPRESENTATION_CONTEXT('2D SPACE',''
  ) );
#2650 = ORIENTED_EDGE('',*,*,#2651,.T.);
#2651 = EDGE_CURVE('',#2624,#2347,#2652,.T.);
#2652 = SURFACE_CURVE('',#2653,(#2657,#2664),.PCURVE_S1.);
#2653 = LINE('',#2654,#2655);
#2654 = CARTESIAN_POINT('',(-1.535,1.65,3.E-02));
#2655 = VECTOR('',#2656,1.);
#2656 = DIRECTION('',(0.,0.,-1.));
#2657 = PCURVE('',#1297,#2658);
#2658 = DEFINITIONAL_REPRESENTATION('',(#2659),#2663);
#2659 = LINE('',#2660,#2661);
#2660 = CARTESIAN_POINT('',(0.568134665205,0.25));
#2661 = VECTOR('',#2662,1.);
#2662 = DIRECTION('',(0.,1.));
#2663 = ( GEOMETRIC_REPRESENTATION_CONTEXT(2) 
PARAMETRIC_REPRESENTATION_CONTEXT() REPRESENTATION_CONTEXT('2D SPACE',''
  ) );
#2664 = PCURVE('',#2386,#2665);
#2665 = DEFINITIONAL_REPRESENTATION('',(#2666),#2670);
#2666 = LINE('',#2667,#2668);
#2667 = CARTESIAN_POINT('',(3.14159265359,-0.25));
#2668 = VECTOR('',#2669,1.);
#2669 = DIRECTION('',(0.,-1.));
#2670 = ( GEOMETRIC_REPRESENTATION_CONTEXT(2) 
PARAMETRIC_REPRESENTATION_CONTEXT() REPRESENTATION_CONTEXT('2D SPACE',''
  ) );
#2671 = ORIENTED_EDGE('',*,*,#2346,.F.);
#2672 = ADVANCED_FACE('',(#2673),#2386,.T.);
#2673 = FACE_BOUND('',#2674,.T.);
#2674 = EDGE_LOOP('',(#2675,#2703,#2724,#2725));
#2675 = ORIENTED_EDGE('',*,*,#2676,.F.);
#2676 = EDGE_CURVE('',#2677,#2624,#2679,.T.);
#2677 = VERTEX_POINT('',#2678);
#2678 = CARTESIAN_POINT('',(-1.335,1.85,0.28));
#2679 = SURFACE_CURVE('',#2680,(#2685,#2692),.PCURVE_S1.);
#2680 = CIRCLE('',#2681,0.2);
#2681 = AXIS2_PLACEMENT_3D('',#2682,#2683,#2684);
#2682 = CARTESIAN_POINT('',(-1.335,1.65,0.28));
#2683 = DIRECTION('',(0.,0.,1.));
#2684 = DIRECTION('',(-1.,0.,0.));
#2685 = PCURVE('',#2386,#2686);
#2686 = DEFINITIONAL_REPRESENTATION('',(#2687),#2691);
#2687 = LINE('',#2688,#2689);
#2688 = CARTESIAN_POINT('',(-3.14159265359,0.));
#2689 = VECTOR('',#2690,1.);
#2690 = DIRECTION('',(1.,0.));
#2691 = ( GEOMETRIC_REPRESENTATION_CONTEXT(2) 
PARAMETRIC_REPRESENTATION_CONTEXT() REPRESENTATION_CONTEXT('2D SPACE',''
  ) );
#2692 = PCURVE('',#2639,#2693);
#2693 = DEFINITIONAL_REPRESENTATION('',(#2694),#2702);
#2694 = ( BOUNDED_CURVE() B_SPLINE_CURVE(2,(#2695,#2696,#2697,#2698,
#2699,#2700,#2701),.UNSPECIFIED.,.T.,.F.) B_SPLINE_CURVE_WITH_KNOTS((1,2
    ,2,2,2,1),(-2.094395102393,0.,2.094395102393,4.188790204786,
6.28318530718,8.377580409573),.UNSPECIFIED.) CURVE() 
GEOMETRIC_REPRESENTATION_ITEM() RATIONAL_B_SPLINE_CURVE((1.,0.5,1.,0.5,
1.,0.5,1.)) REPRESENTATION_ITEM('') );
#2695 = CARTESIAN_POINT('',(-1.65,1.535));
#2696 = CARTESIAN_POINT('',(-1.303589838486,1.535));
#2697 = CARTESIAN_POINT('',(-1.476794919243,1.235));
#2698 = CARTESIAN_POINT('',(-1.65,0.935));
#2699 = CARTESIAN_POINT('',(-1.823205080757,1.235));
#2700 = CARTESIAN_POINT('',(-1.996410161514,1.535));
#2701 = CARTESIAN_POINT('',(-1.65,1.535));
#2702 = ( GEOMETRIC_REPRESENTATION_CONTEXT(2) 
PARAMETRIC_REPRESENTATION_CONTEXT() REPRESENTATION_CONTEXT('2D SPACE',''
  ) );
#2703 = ORIENTED_EDGE('',*,*,#2704,.F.);
#2704 = EDGE_CURVE('',#2370,#2677,#2705,.T.);
#2705 = SURFACE_CURVE('',#2706,(#2710,#2717),.PCURVE_S1.);
#2706 = LINE('',#2707,#2708);
#2707 = CARTESIAN_POINT('',(-1.335,1.85,0.28));
#2708 = VECTOR('',#2709,1.);
#2709 = DIRECTION('',(0.,0.,1.));
#2710 = PCURVE('',#2386,#2711);
#2711 = DEFINITIONAL_REPRESENTATION('',(#2712),#2716);
#2712 = LINE('',#2713,#2714);
#2713 = CARTESIAN_POINT('',(1.570796326795,0.));
#2714 = VECTOR('',#2715,1.);
#2715 = DIRECTION('',(0.,1.));
#2716 = ( GEOMETRIC_REPRESENTATION_CONTEXT(2) 
PARAMETRIC_REPRESENTATION_CONTEXT() REPRESENTATION_CONTEXT('2D SPACE',''
  ) );
#2717 = PCURVE('',#2414,#2718);
#2718 = DEFINITIONAL_REPRESENTATION('',(#2719),#2723);
#2719 = LINE('',#2720,#2721);
#2720 = CARTESIAN_POINT('',(-0.25,-2.435));
#2721 = VECTOR('',#2722,1.);
#2722 = DIRECTION('',(-1.,0.));
#2723 = ( GEOMETRIC_REPRESENTATION_CONTEXT(2) 
PARAMETRIC_REPRESENTATION_CONTEXT() REPRESENTATION_CONTEXT('2D SPACE',''
  ) );
#2724 = ORIENTED_EDGE('',*,*,#2369,.F.);
#2725 = ORIENTED_EDGE('',*,*,#2651,.F.);
#2726 = ADVANCED_FACE('',(#2727),#2000,.T.);
#2727 = FACE_BOUND('',#2728,.T.);
#2728 = EDGE_LOOP('',(#2729,#2730,#2758,#2786,#2819,#2847,#2876,#2904,
    #2927,#2956,#2977,#2978));
#2729 = ORIENTED_EDGE('',*,*,#2321,.F.);
#2730 = ORIENTED_EDGE('',*,*,#2731,.T.);
#2731 = EDGE_CURVE('',#1816,#2732,#2734,.T.);
#2732 = VERTEX_POINT('',#2733);
#2733 = CARTESIAN_POINT('',(1.635,1.024130307876,3.E-02));
#2734 = SURFACE_CURVE('',#2735,(#2740,#2751),.PCURVE_S1.);
#2735 = CIRCLE('',#2736,0.2);
#2736 = AXIS2_PLACEMENT_3D('',#2737,#2738,#2739);
#2737 = CARTESIAN_POINT('',(1.735,1.197335388633,3.E-02));
#2738 = DIRECTION('',(0.,0.,1.));
#2739 = DIRECTION('',(-1.,0.,0.));
#2740 = PCURVE('',#2000,#2741);
#2741 = DEFINITIONAL_REPRESENTATION('',(#2742),#2750);
#2742 = ( BOUNDED_CURVE() B_SPLINE_CURVE(2,(#2743,#2744,#2745,#2746,
#2747,#2748,#2749),.UNSPECIFIED.,.T.,.F.) B_SPLINE_CURVE_WITH_KNOTS((1,2
    ,2,2,2,1),(-2.094395102393,0.,2.094395102393,4.188790204786,
6.28318530718,8.377580409573),.UNSPECIFIED.) CURVE() 
GEOMETRIC_REPRESENTATION_ITEM() RATIONAL_B_SPLINE_CURVE((1.,0.5,1.,0.5,
1.,0.5,1.)) REPRESENTATION_ITEM('') );
#2743 = CARTESIAN_POINT('',(-1.197335388633,-1.535));
#2744 = CARTESIAN_POINT('',(-0.850925227119,-1.535));
#2745 = CARTESIAN_POINT('',(-1.024130307876,-1.835));
#2746 = CARTESIAN_POINT('',(-1.197335388633,-2.135));
#2747 = CARTESIAN_POINT('',(-1.37054046939,-1.835));
#2748 = CARTESIAN_POINT('',(-1.543745550146,-1.535));
#2749 = CARTESIAN_POINT('',(-1.197335388633,-1.535));
#2750 = ( GEOMETRIC_REPRESENTATION_CONTEXT(2) 
PARAMETRIC_REPRESENTATION_CONTEXT() REPRESENTATION_CONTEXT('2D SPACE',''
  ) );
#2751 = PCURVE('',#1836,#2752);
#2752 = DEFINITIONAL_REPRESENTATION('',(#2753),#2757);
#2753 = LINE('',#2754,#2755);
#2754 = CARTESIAN_POINT('',(3.14159265359,-0.25));
#2755 = VECTOR('',#2756,1.);
#2756 = DIRECTION('',(1.,0.));
#2757 = ( GEOMETRIC_REPRESENTATION_CONTEXT(2) 
PARAMETRIC_REPRESENTATION_CONTEXT() REPRESENTATION_CONTEXT('2D SPACE',''
  ) );
#2758 = ORIENTED_EDGE('',*,*,#2759,.T.);
#2759 = EDGE_CURVE('',#2732,#2760,#2762,.T.);
#2760 = VERTEX_POINT('',#2761);
#2761 = CARTESIAN_POINT('',(1.7425,0.962065153938,3.E-02));
#2762 = SURFACE_CURVE('',#2763,(#2767,#2774),.PCURVE_S1.);
#2763 = LINE('',#2764,#2765);
#2764 = CARTESIAN_POINT('',(1.535,1.081865334795,3.E-02));
#2765 = VECTOR('',#2766,1.);
#2766 = DIRECTION('',(0.866025403784,-0.5,0.));
#2767 = PCURVE('',#2000,#2768);
#2768 = DEFINITIONAL_REPRESENTATION('',(#2769),#2773);
#2769 = LINE('',#2770,#2771);
#2770 = CARTESIAN_POINT('',(-1.081865334795,-1.535));
#2771 = VECTOR('',#2772,1.);
#2772 = DIRECTION('',(0.5,-0.866025403784));
#2773 = ( GEOMETRIC_REPRESENTATION_CONTEXT(2) 
PARAMETRIC_REPRESENTATION_CONTEXT() REPRESENTATION_CONTEXT('2D SPACE',''
  ) );
#2774 = PCURVE('',#2775,#2780);
#2775 = PLANE('',#2776);
#2776 = AXIS2_PLACEMENT_3D('',#2777,#2778,#2779);
#2777 = CARTESIAN_POINT('',(1.535,1.081865334795,0.28));
#2778 = DIRECTION('',(0.5,0.866025403784,0.));
#2779 = DIRECTION('',(0.,0.,-1.));
#2780 = DEFINITIONAL_REPRESENTATION('',(#2781),#2785);
#2781 = LINE('',#2782,#2783);
#2782 = CARTESIAN_POINT('',(0.25,0.));
#2783 = VECTOR('',#2784,1.);
#2784 = DIRECTION('',(0.,-1.));
#2785 = ( GEOMETRIC_REPRESENTATION_CONTEXT(2) 
PARAMETRIC_REPRESENTATION_CONTEXT() REPRESENTATION_CONTEXT('2D SPACE',''
  ) );
#2786 = ORIENTED_EDGE('',*,*,#2787,.F.);
#2787 = EDGE_CURVE('',#2788,#2760,#2790,.T.);
#2788 = VERTEX_POINT('',#2789);
#2789 = CARTESIAN_POINT('',(1.810546764899,0.9,3.E-02));
#2790 = SURFACE_CURVE('',#2791,(#2796,#2807),.PCURVE_S1.);
#2791 = CIRCLE('',#2792,0.215);
#2792 = AXIS2_PLACEMENT_3D('',#2793,#2794,#2795);
#2793 = CARTESIAN_POINT('',(1.635,0.775869692124,3.E-02));
#2794 = DIRECTION('',(0.,0.,1.));
#2795 = DIRECTION('',(-1.,0.,0.));
#2796 = PCURVE('',#2000,#2797);
#2797 = DEFINITIONAL_REPRESENTATION('',(#2798),#2806);
#2798 = ( BOUNDED_CURVE() B_SPLINE_CURVE(2,(#2799,#2800,#2801,#2802,
#2803,#2804,#2805),.UNSPECIFIED.,.T.,.F.) B_SPLINE_CURVE_WITH_KNOTS((1,2
    ,2,2,2,1),(-2.094395102393,0.,2.094395102393,4.188790204786,
6.28318530718,8.377580409573),.UNSPECIFIED.) CURVE() 
GEOMETRIC_REPRESENTATION_ITEM() RATIONAL_B_SPLINE_CURVE((1.,0.5,1.,0.5,
1.,0.5,1.)) REPRESENTATION_ITEM('') );
#2799 = CARTESIAN_POINT('',(-0.775869692124,-1.42));
#2800 = CARTESIAN_POINT('',(-0.403478768497,-1.42));
#2801 = CARTESIAN_POINT('',(-0.589674230311,-1.7425));
#2802 = CARTESIAN_POINT('',(-0.775869692124,-2.065));
#2803 = CARTESIAN_POINT('',(-0.962065153938,-1.7425));
#2804 = CARTESIAN_POINT('',(-1.148260615752,-1.42));
#2805 = CARTESIAN_POINT('',(-0.775869692124,-1.42));
#2806 = ( GEOMETRIC_REPRESENTATION_CONTEXT(2) 
PARAMETRIC_REPRESENTATION_CONTEXT() REPRESENTATION_CONTEXT('2D SPACE',''
  ) );
#2807 = PCURVE('',#2808,#2813);
#2808 = CYLINDRICAL_SURFACE('',#2809,0.215);
#2809 = AXIS2_PLACEMENT_3D('',#2810,#2811,#2812);
#2810 = CARTESIAN_POINT('',(1.635,0.775869692124,-5.025794591765));
#2811 = DIRECTION('',(0.,0.,1.));
#2812 = DIRECTION('',(1.,0.,-0.));
#2813 = DEFINITIONAL_REPRESENTATION('',(#2814),#2818);
#2814 = LINE('',#2815,#2816);
#2815 = CARTESIAN_POINT('',(-3.14159265359,5.055794591765));
#2816 = VECTOR('',#2817,1.);
#2817 = DIRECTION('',(1.,0.));
#2818 = ( GEOMETRIC_REPRESENTATION_CONTEXT(2) 
PARAMETRIC_REPRESENTATION_CONTEXT() REPRESENTATION_CONTEXT('2D SPACE',''
  ) );
#2819 = ORIENTED_EDGE('',*,*,#2820,.T.);
#2820 = EDGE_CURVE('',#2788,#2821,#2823,.T.);
#2821 = VERTEX_POINT('',#2822);
#2822 = CARTESIAN_POINT('',(1.3,0.9,3.E-02));
#2823 = SURFACE_CURVE('',#2824,(#2828,#2835),.PCURVE_S1.);
#2824 = LINE('',#2825,#2826);
#2825 = CARTESIAN_POINT('',(1.85,0.9,3.E-02));
#2826 = VECTOR('',#2827,1.);
#2827 = DIRECTION('',(-1.,0.,0.));
#2828 = PCURVE('',#2000,#2829);
#2829 = DEFINITIONAL_REPRESENTATION('',(#2830),#2834);
#2830 = LINE('',#2831,#2832);
#2831 = CARTESIAN_POINT('',(-0.9,-1.85));
#2832 = VECTOR('',#2833,1.);
#2833 = DIRECTION('',(0.,1.));
#2834 = ( GEOMETRIC_REPRESENTATION_CONTEXT(2) 
PARAMETRIC_REPRESENTATION_CONTEXT() REPRESENTATION_CONTEXT('2D SPACE',''
  ) );
#2835 = PCURVE('',#2836,#2841);
#2836 = PLANE('',#2837);
#2837 = AXIS2_PLACEMENT_3D('',#2838,#2839,#2840);
#2838 = CARTESIAN_POINT('',(1.85,0.9,3.E-02));
#2839 = DIRECTION('',(0.,-1.,0.));
#2840 = DIRECTION('',(0.,0.,-1.));
#2841 = DEFINITIONAL_REPRESENTATION('',(#2842),#2846);
#2842 = LINE('',#2843,#2844);
#2843 = CARTESIAN_POINT('',(0.,0.));
#2844 = VECTOR('',#2845,1.);
#2845 = DIRECTION('',(0.,-1.));
#2846 = ( GEOMETRIC_REPRESENTATION_CONTEXT(2) 
PARAMETRIC_REPRESENTATION_CONTEXT() REPRESENTATION_CONTEXT('2D SPACE',''
  ) );
#2847 = ORIENTED_EDGE('',*,*,#2848,.T.);
#2848 = EDGE_CURVE('',#2821,#2849,#2851,.T.);
#2849 = VERTEX_POINT('',#2850);
#2850 = CARTESIAN_POINT('',(1.1,1.1,3.E-02));
#2851 = SURFACE_CURVE('',#2852,(#2857,#2864),.PCURVE_S1.);
#2852 = CIRCLE('',#2853,0.2);
#2853 = AXIS2_PLACEMENT_3D('',#2854,#2855,#2856);
#2854 = CARTESIAN_POINT('',(1.3,1.1,3.E-02));
#2855 = DIRECTION('',(0.,0.,-1.));
#2856 = DIRECTION('',(-1.,0.,0.));
#2857 = PCURVE('',#2000,#2858);
#2858 = DEFINITIONAL_REPRESENTATION('',(#2859),#2863);
#2859 = CIRCLE('',#2860,0.2);
#2860 = AXIS2_PLACEMENT_2D('',#2861,#2862);
#2861 = CARTESIAN_POINT('',(-1.1,-1.3));
#2862 = DIRECTION('',(0.,1.));
#2863 = ( GEOMETRIC_REPRESENTATION_CONTEXT(2) 
PARAMETRIC_REPRESENTATION_CONTEXT() REPRESENTATION_CONTEXT('2D SPACE',''
  ) );
#2864 = PCURVE('',#2865,#2870);
#2865 = CYLINDRICAL_SURFACE('',#2866,0.2);
#2866 = AXIS2_PLACEMENT_3D('',#2867,#2868,#2869);
#2867 = CARTESIAN_POINT('',(1.3,1.1,3.E-02));
#2868 = DIRECTION('',(0.,0.,1.));
#2869 = DIRECTION('',(1.,0.,-0.));
#2870 = DEFINITIONAL_REPRESENTATION('',(#2871),#2875);
#2871 = LINE('',#2872,#2873);
#2872 = CARTESIAN_POINT('',(9.424777960769,0.));
#2873 = VECTOR('',#2874,1.);
#2874 = DIRECTION('',(-1.,0.));
#2875 = ( GEOMETRIC_REPRESENTATION_CONTEXT(2) 
PARAMETRIC_REPRESENTATION_CONTEXT() REPRESENTATION_CONTEXT('2D SPACE',''
  ) );
#2876 = ORIENTED_EDGE('',*,*,#2877,.T.);
#2877 = EDGE_CURVE('',#2849,#2878,#2880,.T.);
#2878 = VERTEX_POINT('',#2879);
#2879 = CARTESIAN_POINT('',(1.1,1.85,3.E-02));
#2880 = SURFACE_CURVE('',#2881,(#2885,#2892),.PCURVE_S1.);
#2881 = LINE('',#2882,#2883);
#2882 = CARTESIAN_POINT('',(1.1,0.9,3.E-02));
#2883 = VECTOR('',#2884,1.);
#2884 = DIRECTION('',(0.,1.,0.));
#2885 = PCURVE('',#2000,#2886);
#2886 = DEFINITIONAL_REPRESENTATION('',(#2887),#2891);
#2887 = LINE('',#2888,#2889);
#2888 = CARTESIAN_POINT('',(-0.9,-1.1));
#2889 = VECTOR('',#2890,1.);
#2890 = DIRECTION('',(-1.,-0.));
#2891 = ( GEOMETRIC_REPRESENTATION_CONTEXT(2) 
PARAMETRIC_REPRESENTATION_CONTEXT() REPRESENTATION_CONTEXT('2D SPACE',''
  ) );
#2892 = PCURVE('',#2893,#2898);
#2893 = PLANE('',#2894);
#2894 = AXIS2_PLACEMENT_3D('',#2895,#2896,#2897);
#2895 = CARTESIAN_POINT('',(1.1,0.9,3.E-02));
#2896 = DIRECTION('',(-1.,0.,0.));
#2897 = DIRECTION('',(0.,0.,1.));
#2898 = DEFINITIONAL_REPRESENTATION('',(#2899),#2903);
#2899 = LINE('',#2900,#2901);
#2900 = CARTESIAN_POINT('',(0.,0.));
#2901 = VECTOR('',#2902,1.);
#2902 = DIRECTION('',(0.,1.));
#2903 = ( GEOMETRIC_REPRESENTATION_CONTEXT(2) 
PARAMETRIC_REPRESENTATION_CONTEXT() REPRESENTATION_CONTEXT('2D SPACE',''
  ) );
#2904 = ORIENTED_EDGE('',*,*,#2905,.T.);
#2905 = EDGE_CURVE('',#2878,#2906,#2908,.T.);
#2906 = VERTEX_POINT('',#2907);
#2907 = CARTESIAN_POINT('',(1.335,1.85,3.E-02));
#2908 = SURFACE_CURVE('',#2909,(#2913,#2920),.PCURVE_S1.);
#2909 = LINE('',#2910,#2911);
#2910 = CARTESIAN_POINT('',(-1.535,1.85,3.E-02));
#2911 = VECTOR('',#2912,1.);
#2912 = DIRECTION('',(1.,2.118961900623E-16,0.));
#2913 = PCURVE('',#2000,#2914);
#2914 = DEFINITIONAL_REPRESENTATION('',(#2915),#2919);
#2915 = LINE('',#2916,#2917);
#2916 = CARTESIAN_POINT('',(-1.85,1.535));
#2917 = VECTOR('',#2918,1.);
#2918 = DIRECTION('',(-2.118961900623E-16,-1.));
#2919 = ( GEOMETRIC_REPRESENTATION_CONTEXT(2) 
PARAMETRIC_REPRESENTATION_CONTEXT() REPRESENTATION_CONTEXT('2D SPACE',''
  ) );
#2920 = PCURVE('',#2414,#2921);
#2921 = DEFINITIONAL_REPRESENTATION('',(#2922),#2926);
#2922 = LINE('',#2923,#2924);
#2923 = CARTESIAN_POINT('',(0.,-2.635));
#2924 = VECTOR('',#2925,1.);
#2925 = DIRECTION('',(0.,1.));
#2926 = ( GEOMETRIC_REPRESENTATION_CONTEXT(2) 
PARAMETRIC_REPRESENTATION_CONTEXT() REPRESENTATION_CONTEXT('2D SPACE',''
  ) );
#2927 = ORIENTED_EDGE('',*,*,#2928,.T.);
#2928 = EDGE_CURVE('',#2906,#2929,#2931,.T.);
#2929 = VERTEX_POINT('',#2930);
#2930 = CARTESIAN_POINT('',(1.535,1.65,3.E-02));
#2931 = SURFACE_CURVE('',#2932,(#2937,#2944),.PCURVE_S1.);
#2932 = CIRCLE('',#2933,0.2);
#2933 = AXIS2_PLACEMENT_3D('',#2934,#2935,#2936);
#2934 = CARTESIAN_POINT('',(1.335,1.65,3.E-02));
#2935 = DIRECTION('',(0.,0.,-1.));
#2936 = DIRECTION('',(-1.,0.,0.));
#2937 = PCURVE('',#2000,#2938);
#2938 = DEFINITIONAL_REPRESENTATION('',(#2939),#2943);
#2939 = CIRCLE('',#2940,0.2);
#2940 = AXIS2_PLACEMENT_2D('',#2941,#2942);
#2941 = CARTESIAN_POINT('',(-1.65,-1.335));
#2942 = DIRECTION('',(0.,1.));
#2943 = ( GEOMETRIC_REPRESENTATION_CONTEXT(2) 
PARAMETRIC_REPRESENTATION_CONTEXT() REPRESENTATION_CONTEXT('2D SPACE',''
  ) );
#2944 = PCURVE('',#2945,#2950);
#2945 = CYLINDRICAL_SURFACE('',#2946,0.2);
#2946 = AXIS2_PLACEMENT_3D('',#2947,#2948,#2949);
#2947 = CARTESIAN_POINT('',(1.335,1.65,3.E-02));
#2948 = DIRECTION('',(0.,0.,1.));
#2949 = DIRECTION('',(1.,0.,-0.));
#2950 = DEFINITIONAL_REPRESENTATION('',(#2951),#2955);
#2951 = LINE('',#2952,#2953);
#2952 = CARTESIAN_POINT('',(3.14159265359,0.));
#2953 = VECTOR('',#2954,1.);
#2954 = DIRECTION('',(-1.,0.));
#2955 = ( GEOMETRIC_REPRESENTATION_CONTEXT(2) 
PARAMETRIC_REPRESENTATION_CONTEXT() REPRESENTATION_CONTEXT('2D SPACE',''
  ) );
#2956 = ORIENTED_EDGE('',*,*,#2957,.T.);
#2957 = EDGE_CURVE('',#2929,#1755,#2958,.T.);
#2958 = SURFACE_CURVE('',#2959,(#2963,#2970),.PCURVE_S1.);
#2959 = LINE('',#2960,#2961);
#2960 = CARTESIAN_POINT('',(1.535,1.85,3.E-02));
#2961 = VECTOR('',#2962,1.);
#2962 = DIRECTION('',(0.,-1.,0.));
#2963 = PCURVE('',#2000,#2964);
#2964 = DEFINITIONAL_REPRESENTATION('',(#2965),#2969);
#2965 = LINE('',#2966,#2967);
#2966 = CARTESIAN_POINT('',(-1.85,-1.535));
#2967 = VECTOR('',#2968,1.);
#2968 = DIRECTION('',(1.,0.));
#2969 = ( GEOMETRIC_REPRESENTATION_CONTEXT(2) 
PARAMETRIC_REPRESENTATION_CONTEXT() REPRESENTATION_CONTEXT('2D SPACE',''
  ) );
#2970 = PCURVE('',#1803,#2971);
#2971 = DEFINITIONAL_REPRESENTATION('',(#2972),#2976);
#2972 = LINE('',#2973,#2974);
#2973 = CARTESIAN_POINT('',(0.,-0.25));
#2974 = VECTOR('',#2975,1.);
#2975 = DIRECTION('',(-1.,0.));
#2976 = ( GEOMETRIC_REPRESENTATION_CONTEXT(2) 
PARAMETRIC_REPRESENTATION_CONTEXT() REPRESENTATION_CONTEXT('2D SPACE',''
  ) );
#2977 = ORIENTED_EDGE('',*,*,#2286,.T.);
#2978 = ORIENTED_EDGE('',*,*,#1986,.T.);
#2979 = ADVANCED_FACE('',(#2980),#1836,.F.);
#2980 = FACE_BOUND('',#2981,.F.);
#2981 = EDGE_LOOP('',(#2982,#3005,#3006,#3007,#3030));
#2982 = ORIENTED_EDGE('',*,*,#2983,.T.);
#2983 = EDGE_CURVE('',#2984,#1788,#2986,.T.);
#2984 = VERTEX_POINT('',#2985);
#2985 = CARTESIAN_POINT('',(1.535,1.197335388633,0.28));
#2986 = SURFACE_CURVE('',#2987,(#2991,#2998),.PCURVE_S1.);
#2987 = LINE('',#2988,#2989);
#2988 = CARTESIAN_POINT('',(1.535,1.197335388633,3.E-02));
#2989 = VECTOR('',#2990,1.);
#2990 = DIRECTION('',(0.,0.,-1.));
#2991 = PCURVE('',#1836,#2992);
#2992 = DEFINITIONAL_REPRESENTATION('',(#2993),#2997);
#2993 = LINE('',#2994,#2995);
#2994 = CARTESIAN_POINT('',(3.14159265359,-0.25));
#2995 = VECTOR('',#2996,1.);
#2996 = DIRECTION('',(0.,-1.));
#2997 = ( GEOMETRIC_REPRESENTATION_CONTEXT(2) 
PARAMETRIC_REPRESENTATION_CONTEXT() REPRESENTATION_CONTEXT('2D SPACE',''
  ) );
#2998 = PCURVE('',#1803,#2999);
#2999 = DEFINITIONAL_REPRESENTATION('',(#3000),#3004);
#3000 = LINE('',#3001,#3002);
#3001 = CARTESIAN_POINT('',(-0.652664611367,-0.25));
#3002 = VECTOR('',#3003,1.);
#3003 = DIRECTION('',(0.,-1.));
#3004 = ( GEOMETRIC_REPRESENTATION_CONTEXT(2) 
PARAMETRIC_REPRESENTATION_CONTEXT() REPRESENTATION_CONTEXT('2D SPACE',''
  ) );
#3005 = ORIENTED_EDGE('',*,*,#1815,.T.);
#3006 = ORIENTED_EDGE('',*,*,#2731,.T.);
#3007 = ORIENTED_EDGE('',*,*,#3008,.T.);
#3008 = EDGE_CURVE('',#2732,#3009,#3011,.T.);
#3009 = VERTEX_POINT('',#3010);
#3010 = CARTESIAN_POINT('',(1.635,1.024130307876,0.28));
#3011 = SURFACE_CURVE('',#3012,(#3016,#3023),.PCURVE_S1.);
#3012 = LINE('',#3013,#3014);
#3013 = CARTESIAN_POINT('',(1.635,1.024130307876,0.28));
#3014 = VECTOR('',#3015,1.);
#3015 = DIRECTION('',(0.,0.,1.));
#3016 = PCURVE('',#1836,#3017);
#3017 = DEFINITIONAL_REPRESENTATION('',(#3018),#3022);
#3018 = LINE('',#3019,#3020);
#3019 = CARTESIAN_POINT('',(4.188790204786,0.));
#3020 = VECTOR('',#3021,1.);
#3021 = DIRECTION('',(0.,1.));
#3022 = ( GEOMETRIC_REPRESENTATION_CONTEXT(2) 
PARAMETRIC_REPRESENTATION_CONTEXT() REPRESENTATION_CONTEXT('2D SPACE',''
  ) );
#3023 = PCURVE('',#2775,#3024);
#3024 = DEFINITIONAL_REPRESENTATION('',(#3025),#3029);
#3025 = LINE('',#3026,#3027);
#3026 = CARTESIAN_POINT('',(0.,-0.115470053838));
#3027 = VECTOR('',#3028,1.);
#3028 = DIRECTION('',(-1.,0.));
#3029 = ( GEOMETRIC_REPRESENTATION_CONTEXT(2) 
PARAMETRIC_REPRESENTATION_CONTEXT() REPRESENTATION_CONTEXT('2D SPACE',''
  ) );
#3030 = ORIENTED_EDGE('',*,*,#3031,.T.);
#3031 = EDGE_CURVE('',#3009,#2984,#3032,.T.);
#3032 = SURFACE_CURVE('',#3033,(#3038,#3045),.PCURVE_S1.);
#3033 = CIRCLE('',#3034,0.2);
#3034 = AXIS2_PLACEMENT_3D('',#3035,#3036,#3037);
#3035 = CARTESIAN_POINT('',(1.735,1.197335388633,0.28));
#3036 = DIRECTION('',(0.,0.,-1.));
#3037 = DIRECTION('',(-1.,0.,0.));
#3038 = PCURVE('',#1836,#3039);
#3039 = DEFINITIONAL_REPRESENTATION('',(#3040),#3044);
#3040 = LINE('',#3041,#3042);
#3041 = CARTESIAN_POINT('',(9.424777960769,0.));
#3042 = VECTOR('',#3043,1.);
#3043 = DIRECTION('',(-1.,0.));
#3044 = ( GEOMETRIC_REPRESENTATION_CONTEXT(2) 
PARAMETRIC_REPRESENTATION_CONTEXT() REPRESENTATION_CONTEXT('2D SPACE',''
  ) );
#3045 = PCURVE('',#2639,#3046);
#3046 = DEFINITIONAL_REPRESENTATION('',(#3047),#3051);
#3047 = CIRCLE('',#3048,0.2);
#3048 = AXIS2_PLACEMENT_2D('',#3049,#3050);
#3049 = CARTESIAN_POINT('',(-1.197335388633,-1.735));
#3050 = DIRECTION('',(0.,1.));
#3051 = ( GEOMETRIC_REPRESENTATION_CONTEXT(2) 
PARAMETRIC_REPRESENTATION_CONTEXT() REPRESENTATION_CONTEXT('2D SPACE',''
  ) );
#3052 = ADVANCED_FACE('',(#3053),#2775,.T.);
#3053 = FACE_BOUND('',#3054,.T.);
#3054 = EDGE_LOOP('',(#3055,#3078,#3099,#3100));
#3055 = ORIENTED_EDGE('',*,*,#3056,.T.);
#3056 = EDGE_CURVE('',#3009,#3057,#3059,.T.);
#3057 = VERTEX_POINT('',#3058);
#3058 = CARTESIAN_POINT('',(1.7425,0.962065153938,0.28));
#3059 = SURFACE_CURVE('',#3060,(#3064,#3071),.PCURVE_S1.);
#3060 = LINE('',#3061,#3062);
#3061 = CARTESIAN_POINT('',(1.535,1.081865334795,0.28));
#3062 = VECTOR('',#3063,1.);
#3063 = DIRECTION('',(0.866025403784,-0.5,0.));
#3064 = PCURVE('',#2775,#3065);
#3065 = DEFINITIONAL_REPRESENTATION('',(#3066),#3070);
#3066 = LINE('',#3067,#3068);
#3067 = CARTESIAN_POINT('',(0.,0.));
#3068 = VECTOR('',#3069,1.);
#3069 = DIRECTION('',(0.,-1.));
#3070 = ( GEOMETRIC_REPRESENTATION_CONTEXT(2) 
PARAMETRIC_REPRESENTATION_CONTEXT() REPRESENTATION_CONTEXT('2D SPACE',''
  ) );
#3071 = PCURVE('',#2639,#3072);
#3072 = DEFINITIONAL_REPRESENTATION('',(#3073),#3077);
#3073 = LINE('',#3074,#3075);
#3074 = CARTESIAN_POINT('',(-1.081865334795,-1.535));
#3075 = VECTOR('',#3076,1.);
#3076 = DIRECTION('',(0.5,-0.866025403784));
#3077 = ( GEOMETRIC_REPRESENTATION_CONTEXT(2) 
PARAMETRIC_REPRESENTATION_CONTEXT() REPRESENTATION_CONTEXT('2D SPACE',''
  ) );
#3078 = ORIENTED_EDGE('',*,*,#3079,.T.);
#3079 = EDGE_CURVE('',#3057,#2760,#3080,.T.);
#3080 = SURFACE_CURVE('',#3081,(#3085,#3092),.PCURVE_S1.);
#3081 = LINE('',#3082,#3083);
#3082 = CARTESIAN_POINT('',(1.7425,0.962065153938,-5.025794591765));
#3083 = VECTOR('',#3084,1.);
#3084 = DIRECTION('',(0.,0.,-1.));
#3085 = PCURVE('',#2775,#3086);
#3086 = DEFINITIONAL_REPRESENTATION('',(#3087),#3091);
#3087 = LINE('',#3088,#3089);
#3088 = CARTESIAN_POINT('',(5.305794591765,-0.239600361714));
#3089 = VECTOR('',#3090,1.);
#3090 = DIRECTION('',(1.,0.));
#3091 = ( GEOMETRIC_REPRESENTATION_CONTEXT(2) 
PARAMETRIC_REPRESENTATION_CONTEXT() REPRESENTATION_CONTEXT('2D SPACE',''
  ) );
#3092 = PCURVE('',#2808,#3093);
#3093 = DEFINITIONAL_REPRESENTATION('',(#3094),#3098);
#3094 = LINE('',#3095,#3096);
#3095 = CARTESIAN_POINT('',(1.047197551197,0.));
#3096 = VECTOR('',#3097,1.);
#3097 = DIRECTION('',(0.,-1.));
#3098 = ( GEOMETRIC_REPRESENTATION_CONTEXT(2) 
PARAMETRIC_REPRESENTATION_CONTEXT() REPRESENTATION_CONTEXT('2D SPACE',''
  ) );
#3099 = ORIENTED_EDGE('',*,*,#2759,.F.);
#3100 = ORIENTED_EDGE('',*,*,#3008,.T.);
#3101 = ADVANCED_FACE('',(#3102),#2808,.T.);
#3102 = FACE_BOUND('',#3103,.T.);
#3103 = EDGE_LOOP('',(#3104,#3127,#3128,#3129,#3153,#3181));
#3104 = ORIENTED_EDGE('',*,*,#3105,.F.);
#3105 = EDGE_CURVE('',#2788,#3106,#3108,.T.);
#3106 = VERTEX_POINT('',#3107);
#3107 = CARTESIAN_POINT('',(1.810546764899,0.9,0.));
#3108 = SURFACE_CURVE('',#3109,(#3113,#3120),.PCURVE_S1.);
#3109 = LINE('',#3110,#3111);
#3110 = CARTESIAN_POINT('',(1.810546764899,0.9,-5.025794591765));
#3111 = VECTOR('',#3112,1.);
#3112 = DIRECTION('',(0.,0.,-1.));
#3113 = PCURVE('',#2808,#3114);
#3114 = DEFINITIONAL_REPRESENTATION('',(#3115),#3119);
#3115 = LINE('',#3116,#3117);
#3116 = CARTESIAN_POINT('',(0.61547970867,0.));
#3117 = VECTOR('',#3118,1.);
#3118 = DIRECTION('',(0.,-1.));
#3119 = ( GEOMETRIC_REPRESENTATION_CONTEXT(2) 
PARAMETRIC_REPRESENTATION_CONTEXT() REPRESENTATION_CONTEXT('2D SPACE',''
  ) );
#3120 = PCURVE('',#2836,#3121);
#3121 = DEFINITIONAL_REPRESENTATION('',(#3122),#3126);
#3122 = LINE('',#3123,#3124);
#3123 = CARTESIAN_POINT('',(5.055794591765,-3.945323510054E-02));
#3124 = VECTOR('',#3125,1.);
#3125 = DIRECTION('',(1.,0.));
#3126 = ( GEOMETRIC_REPRESENTATION_CONTEXT(2) 
PARAMETRIC_REPRESENTATION_CONTEXT() REPRESENTATION_CONTEXT('2D SPACE',''
  ) );
#3127 = ORIENTED_EDGE('',*,*,#2787,.T.);
#3128 = ORIENTED_EDGE('',*,*,#3079,.F.);
#3129 = ORIENTED_EDGE('',*,*,#3130,.T.);
#3130 = EDGE_CURVE('',#3057,#3131,#3133,.T.);
#3131 = VERTEX_POINT('',#3132);
#3132 = CARTESIAN_POINT('',(1.85,0.775869692124,0.28));
#3133 = SURFACE_CURVE('',#3134,(#3139,#3146),.PCURVE_S1.);
#3134 = CIRCLE('',#3135,0.215);
#3135 = AXIS2_PLACEMENT_3D('',#3136,#3137,#3138);
#3136 = CARTESIAN_POINT('',(1.635,0.775869692124,0.28));
#3137 = DIRECTION('',(0.,0.,-1.));
#3138 = DIRECTION('',(0.,1.,0.));
#3139 = PCURVE('',#2808,#3140);
#3140 = DEFINITIONAL_REPRESENTATION('',(#3141),#3145);
#3141 = LINE('',#3142,#3143);
#3142 = CARTESIAN_POINT('',(1.570796326795,5.305794591765));
#3143 = VECTOR('',#3144,1.);
#3144 = DIRECTION('',(-1.,0.));
#3145 = ( GEOMETRIC_REPRESENTATION_CONTEXT(2) 
PARAMETRIC_REPRESENTATION_CONTEXT() REPRESENTATION_CONTEXT('2D SPACE',''
  ) );
#3146 = PCURVE('',#2639,#3147);
#3147 = DEFINITIONAL_REPRESENTATION('',(#3148),#3152);
#3148 = CIRCLE('',#3149,0.215);
#3149 = AXIS2_PLACEMENT_2D('',#3150,#3151);
#3150 = CARTESIAN_POINT('',(-0.775869692124,-1.635));
#3151 = DIRECTION('',(-1.,-0.));
#3152 = ( GEOMETRIC_REPRESENTATION_CONTEXT(2) 
PARAMETRIC_REPRESENTATION_CONTEXT() REPRESENTATION_CONTEXT('2D SPACE',''
  ) );
#3153 = ORIENTED_EDGE('',*,*,#3154,.F.);
#3154 = EDGE_CURVE('',#3155,#3131,#3157,.T.);
#3155 = VERTEX_POINT('',#3156);
#3156 = CARTESIAN_POINT('',(1.85,0.775869692124,0.));
#3157 = SURFACE_CURVE('',#3158,(#3162,#3169),.PCURVE_S1.);
#3158 = LINE('',#3159,#3160);
#3159 = CARTESIAN_POINT('',(1.85,0.775869692124,-5.025794591765));
#3160 = VECTOR('',#3161,1.);
#3161 = DIRECTION('',(0.,0.,1.));
#3162 = PCURVE('',#2808,#3163);
#3163 = DEFINITIONAL_REPRESENTATION('',(#3164),#3168);
#3164 = LINE('',#3165,#3166);
#3165 = CARTESIAN_POINT('',(0.,0.));
#3166 = VECTOR('',#3167,1.);
#3167 = DIRECTION('',(0.,1.));
#3168 = ( GEOMETRIC_REPRESENTATION_CONTEXT(2) 
PARAMETRIC_REPRESENTATION_CONTEXT() REPRESENTATION_CONTEXT('2D SPACE',''
  ) );
#3169 = PCURVE('',#3170,#3175);
#3170 = PLANE('',#3171);
#3171 = AXIS2_PLACEMENT_3D('',#3172,#3173,#3174);
#3172 = CARTESIAN_POINT('',(1.85,-0.9,3.E-02));
#3173 = DIRECTION('',(-1.,-1.204669080539E-16,0.));
#3174 = DIRECTION('',(-1.204669080539E-16,1.,0.));
#3175 = DEFINITIONAL_REPRESENTATION('',(#3176),#3180);
#3176 = LINE('',#3177,#3178);
#3177 = CARTESIAN_POINT('',(1.675869692124,5.055794591765));
#3178 = VECTOR('',#3179,1.);
#3179 = DIRECTION('',(0.,-1.));
#3180 = ( GEOMETRIC_REPRESENTATION_CONTEXT(2) 
PARAMETRIC_REPRESENTATION_CONTEXT() REPRESENTATION_CONTEXT('2D SPACE',''
  ) );
#3181 = ORIENTED_EDGE('',*,*,#3182,.F.);
#3182 = EDGE_CURVE('',#3106,#3155,#3183,.T.);
#3183 = SURFACE_CURVE('',#3184,(#3189,#3196),.PCURVE_S1.);
#3184 = CIRCLE('',#3185,0.215);
#3185 = AXIS2_PLACEMENT_3D('',#3186,#3187,#3188);
#3186 = CARTESIAN_POINT('',(1.635,0.775869692124,0.));
#3187 = DIRECTION('',(0.,0.,-1.));
#3188 = DIRECTION('',(1.,0.,0.));
#3189 = PCURVE('',#2808,#3190);
#3190 = DEFINITIONAL_REPRESENTATION('',(#3191),#3195);
#3191 = LINE('',#3192,#3193);
#3192 = CARTESIAN_POINT('',(6.28318530718,5.025794591765));
#3193 = VECTOR('',#3194,1.);
#3194 = DIRECTION('',(-1.,0.));
#3195 = ( GEOMETRIC_REPRESENTATION_CONTEXT(2) 
PARAMETRIC_REPRESENTATION_CONTEXT() REPRESENTATION_CONTEXT('2D SPACE',''
  ) );
#3196 = PCURVE('',#132,#3197);
#3197 = DEFINITIONAL_REPRESENTATION('',(#3198),#3206);
#3198 = ( BOUNDED_CURVE() B_SPLINE_CURVE(2,(#3199,#3200,#3201,#3202,
#3203,#3204,#3205),.UNSPECIFIED.,.T.,.F.) B_SPLINE_CURVE_WITH_KNOTS((1,2
    ,2,2,2,1),(-2.094395102393,0.,2.094395102393,4.188790204786,
6.28318530718,8.377580409573),.UNSPECIFIED.) CURVE() 
GEOMETRIC_REPRESENTATION_ITEM() RATIONAL_B_SPLINE_CURVE((1.,0.5,1.,0.5,
1.,0.5,1.)) REPRESENTATION_ITEM('') );
#3199 = CARTESIAN_POINT('',(1.85,0.775869692124));
#3200 = CARTESIAN_POINT('',(1.85,0.403478768497));
#3201 = CARTESIAN_POINT('',(1.5275,0.589674230311));
#3202 = CARTESIAN_POINT('',(1.205,0.775869692124));
#3203 = CARTESIAN_POINT('',(1.5275,0.962065153938));
#3204 = CARTESIAN_POINT('',(1.85,1.148260615752));
#3205 = CARTESIAN_POINT('',(1.85,0.775869692124));
#3206 = ( GEOMETRIC_REPRESENTATION_CONTEXT(2) 
PARAMETRIC_REPRESENTATION_CONTEXT() REPRESENTATION_CONTEXT('2D SPACE',''
  ) );
#3207 = ADVANCED_FACE('',(#3208),#2836,.F.);
#3208 = FACE_BOUND('',#3209,.T.);
#3209 = EDGE_LOOP('',(#3210,#3211,#3212,#3235));
#3210 = ORIENTED_EDGE('',*,*,#2820,.F.);
#3211 = ORIENTED_EDGE('',*,*,#3105,.T.);
#3212 = ORIENTED_EDGE('',*,*,#3213,.T.);
#3213 = EDGE_CURVE('',#3106,#3214,#3216,.T.);
#3214 = VERTEX_POINT('',#3215);
#3215 = CARTESIAN_POINT('',(1.3,0.9,0.));
#3216 = SURFACE_CURVE('',#3217,(#3221,#3228),.PCURVE_S1.);
#3217 = LINE('',#3218,#3219);
#3218 = CARTESIAN_POINT('',(1.85,0.9,0.));
#3219 = VECTOR('',#3220,1.);
#3220 = DIRECTION('',(-1.,0.,0.));
#3221 = PCURVE('',#2836,#3222);
#3222 = DEFINITIONAL_REPRESENTATION('',(#3223),#3227);
#3223 = LINE('',#3224,#3225);
#3224 = CARTESIAN_POINT('',(3.E-02,0.));
#3225 = VECTOR('',#3226,1.);
#3226 = DIRECTION('',(0.,-1.));
#3227 = ( GEOMETRIC_REPRESENTATION_CONTEXT(2) 
PARAMETRIC_REPRESENTATION_CONTEXT() REPRESENTATION_CONTEXT('2D SPACE',''
  ) );
#3228 = PCURVE('',#132,#3229);
#3229 = DEFINITIONAL_REPRESENTATION('',(#3230),#3234);
#3230 = LINE('',#3231,#3232);
#3231 = CARTESIAN_POINT('',(1.85,0.9));
#3232 = VECTOR('',#3233,1.);
#3233 = DIRECTION('',(-1.,0.));
#3234 = ( GEOMETRIC_REPRESENTATION_CONTEXT(2) 
PARAMETRIC_REPRESENTATION_CONTEXT() REPRESENTATION_CONTEXT('2D SPACE',''
  ) );
#3235 = ORIENTED_EDGE('',*,*,#3236,.T.);
#3236 = EDGE_CURVE('',#3214,#2821,#3237,.T.);
#3237 = SURFACE_CURVE('',#3238,(#3242,#3249),.PCURVE_S1.);
#3238 = LINE('',#3239,#3240);
#3239 = CARTESIAN_POINT('',(1.3,0.9,3.E-02));
#3240 = VECTOR('',#3241,1.);
#3241 = DIRECTION('',(0.,0.,1.));
#3242 = PCURVE('',#2836,#3243);
#3243 = DEFINITIONAL_REPRESENTATION('',(#3244),#3248);
#3244 = LINE('',#3245,#3246);
#3245 = CARTESIAN_POINT('',(0.,-0.55));
#3246 = VECTOR('',#3247,1.);
#3247 = DIRECTION('',(-1.,0.));
#3248 = ( GEOMETRIC_REPRESENTATION_CONTEXT(2) 
PARAMETRIC_REPRESENTATION_CONTEXT() REPRESENTATION_CONTEXT('2D SPACE',''
  ) );
#3249 = PCURVE('',#2865,#3250);
#3250 = DEFINITIONAL_REPRESENTATION('',(#3251),#3255);
#3251 = LINE('',#3252,#3253);
#3252 = CARTESIAN_POINT('',(4.712388980385,0.));
#3253 = VECTOR('',#3254,1.);
#3254 = DIRECTION('',(0.,1.));
#3255 = ( GEOMETRIC_REPRESENTATION_CONTEXT(2) 
PARAMETRIC_REPRESENTATION_CONTEXT() REPRESENTATION_CONTEXT('2D SPACE',''
  ) );
#3256 = ADVANCED_FACE('',(#3257),#2865,.F.);
#3257 = FACE_BOUND('',#3258,.F.);
#3258 = EDGE_LOOP('',(#3259,#3282,#3304,#3305));
#3259 = ORIENTED_EDGE('',*,*,#3260,.T.);
#3260 = EDGE_CURVE('',#2849,#3261,#3263,.T.);
#3261 = VERTEX_POINT('',#3262);
#3262 = CARTESIAN_POINT('',(1.1,1.1,0.));
#3263 = SURFACE_CURVE('',#3264,(#3268,#3275),.PCURVE_S1.);
#3264 = LINE('',#3265,#3266);
#3265 = CARTESIAN_POINT('',(1.1,1.1,0.));
#3266 = VECTOR('',#3267,1.);
#3267 = DIRECTION('',(0.,0.,-1.));
#3268 = PCURVE('',#2865,#3269);
#3269 = DEFINITIONAL_REPRESENTATION('',(#3270),#3274);
#3270 = LINE('',#3271,#3272);
#3271 = CARTESIAN_POINT('',(3.14159265359,-3.E-02));
#3272 = VECTOR('',#3273,1.);
#3273 = DIRECTION('',(0.,-1.));
#3274 = ( GEOMETRIC_REPRESENTATION_CONTEXT(2) 
PARAMETRIC_REPRESENTATION_CONTEXT() REPRESENTATION_CONTEXT('2D SPACE',''
  ) );
#3275 = PCURVE('',#2893,#3276);
#3276 = DEFINITIONAL_REPRESENTATION('',(#3277),#3281);
#3277 = LINE('',#3278,#3279);
#3278 = CARTESIAN_POINT('',(-3.E-02,0.2));
#3279 = VECTOR('',#3280,1.);
#3280 = DIRECTION('',(-1.,0.));
#3281 = ( GEOMETRIC_REPRESENTATION_CONTEXT(2) 
PARAMETRIC_REPRESENTATION_CONTEXT() REPRESENTATION_CONTEXT('2D SPACE',''
  ) );
#3282 = ORIENTED_EDGE('',*,*,#3283,.T.);
#3283 = EDGE_CURVE('',#3261,#3214,#3284,.T.);
#3284 = SURFACE_CURVE('',#3285,(#3290,#3297),.PCURVE_S1.);
#3285 = CIRCLE('',#3286,0.2);
#3286 = AXIS2_PLACEMENT_3D('',#3287,#3288,#3289);
#3287 = CARTESIAN_POINT('',(1.3,1.1,0.));
#3288 = DIRECTION('',(0.,0.,1.));
#3289 = DIRECTION('',(1.,0.,-0.));
#3290 = PCURVE('',#2865,#3291);
#3291 = DEFINITIONAL_REPRESENTATION('',(#3292),#3296);
#3292 = LINE('',#3293,#3294);
#3293 = CARTESIAN_POINT('',(0.,-3.E-02));
#3294 = VECTOR('',#3295,1.);
#3295 = DIRECTION('',(1.,0.));
#3296 = ( GEOMETRIC_REPRESENTATION_CONTEXT(2) 
PARAMETRIC_REPRESENTATION_CONTEXT() REPRESENTATION_CONTEXT('2D SPACE',''
  ) );
#3297 = PCURVE('',#132,#3298);
#3298 = DEFINITIONAL_REPRESENTATION('',(#3299),#3303);
#3299 = CIRCLE('',#3300,0.2);
#3300 = AXIS2_PLACEMENT_2D('',#3301,#3302);
#3301 = CARTESIAN_POINT('',(1.3,1.1));
#3302 = DIRECTION('',(1.,0.));
#3303 = ( GEOMETRIC_REPRESENTATION_CONTEXT(2) 
PARAMETRIC_REPRESENTATION_CONTEXT() REPRESENTATION_CONTEXT('2D SPACE',''
  ) );
#3304 = ORIENTED_EDGE('',*,*,#3236,.T.);
#3305 = ORIENTED_EDGE('',*,*,#2848,.T.);
#3306 = ADVANCED_FACE('',(#3307),#2893,.F.);
#3307 = FACE_BOUND('',#3308,.T.);
#3308 = EDGE_LOOP('',(#3309,#3310,#3311,#3334));
#3309 = ORIENTED_EDGE('',*,*,#2877,.F.);
#3310 = ORIENTED_EDGE('',*,*,#3260,.T.);
#3311 = ORIENTED_EDGE('',*,*,#3312,.T.);
#3312 = EDGE_CURVE('',#3261,#3313,#3315,.T.);
#3313 = VERTEX_POINT('',#3314);
#3314 = CARTESIAN_POINT('',(1.1,1.85,0.));
#3315 = SURFACE_CURVE('',#3316,(#3320,#3327),.PCURVE_S1.);
#3316 = LINE('',#3317,#3318);
#3317 = CARTESIAN_POINT('',(1.1,0.9,0.));
#3318 = VECTOR('',#3319,1.);
#3319 = DIRECTION('',(0.,1.,0.));
#3320 = PCURVE('',#2893,#3321);
#3321 = DEFINITIONAL_REPRESENTATION('',(#3322),#3326);
#3322 = LINE('',#3323,#3324);
#3323 = CARTESIAN_POINT('',(-3.E-02,0.));
#3324 = VECTOR('',#3325,1.);
#3325 = DIRECTION('',(0.,1.));
#3326 = ( GEOMETRIC_REPRESENTATION_CONTEXT(2) 
PARAMETRIC_REPRESENTATION_CONTEXT() REPRESENTATION_CONTEXT('2D SPACE',''
  ) );
#3327 = PCURVE('',#132,#3328);
#3328 = DEFINITIONAL_REPRESENTATION('',(#3329),#3333);
#3329 = LINE('',#3330,#3331);
#3330 = CARTESIAN_POINT('',(1.1,0.9));
#3331 = VECTOR('',#3332,1.);
#3332 = DIRECTION('',(0.,1.));
#3333 = ( GEOMETRIC_REPRESENTATION_CONTEXT(2) 
PARAMETRIC_REPRESENTATION_CONTEXT() REPRESENTATION_CONTEXT('2D SPACE',''
  ) );
#3334 = ORIENTED_EDGE('',*,*,#3335,.F.);
#3335 = EDGE_CURVE('',#2878,#3313,#3336,.T.);
#3336 = SURFACE_CURVE('',#3337,(#3341,#3348),.PCURVE_S1.);
#3337 = LINE('',#3338,#3339);
#3338 = CARTESIAN_POINT('',(1.1,1.85,3.E-02));
#3339 = VECTOR('',#3340,1.);
#3340 = DIRECTION('',(0.,0.,-1.));
#3341 = PCURVE('',#2893,#3342);
#3342 = DEFINITIONAL_REPRESENTATION('',(#3343),#3347);
#3343 = LINE('',#3344,#3345);
#3344 = CARTESIAN_POINT('',(0.,0.95));
#3345 = VECTOR('',#3346,1.);
#3346 = DIRECTION('',(-1.,0.));
#3347 = ( GEOMETRIC_REPRESENTATION_CONTEXT(2) 
PARAMETRIC_REPRESENTATION_CONTEXT() REPRESENTATION_CONTEXT('2D SPACE',''
  ) );
#3348 = PCURVE('',#2414,#3349);
#3349 = DEFINITIONAL_REPRESENTATION('',(#3350),#3354);
#3350 = LINE('',#3351,#3352);
#3351 = CARTESIAN_POINT('',(0.,0.));
#3352 = VECTOR('',#3353,1.);
#3353 = DIRECTION('',(1.,0.));
#3354 = ( GEOMETRIC_REPRESENTATION_CONTEXT(2) 
PARAMETRIC_REPRESENTATION_CONTEXT() REPRESENTATION_CONTEXT('2D SPACE',''
  ) );
#3355 = ADVANCED_FACE('',(#3356),#2414,.F.);
#3356 = FACE_BOUND('',#3357,.T.);
#3357 = EDGE_LOOP('',(#3358,#3359,#3360,#3383,#3404,#3405,#3406,#3429));
#3358 = ORIENTED_EDGE('',*,*,#2398,.F.);
#3359 = ORIENTED_EDGE('',*,*,#2704,.T.);
#3360 = ORIENTED_EDGE('',*,*,#3361,.T.);
#3361 = EDGE_CURVE('',#2677,#3362,#3364,.T.);
#3362 = VERTEX_POINT('',#3363);
#3363 = CARTESIAN_POINT('',(1.335,1.85,0.28));
#3364 = SURFACE_CURVE('',#3365,(#3369,#3376),.PCURVE_S1.);
#3365 = LINE('',#3366,#3367);
#3366 = CARTESIAN_POINT('',(-1.535,1.85,0.28));
#3367 = VECTOR('',#3368,1.);
#3368 = DIRECTION('',(1.,2.118961900623E-16,0.));
#3369 = PCURVE('',#2414,#3370);
#3370 = DEFINITIONAL_REPRESENTATION('',(#3371),#3375);
#3371 = LINE('',#3372,#3373);
#3372 = CARTESIAN_POINT('',(-0.25,-2.635));
#3373 = VECTOR('',#3374,1.);
#3374 = DIRECTION('',(0.,1.));
#3375 = ( GEOMETRIC_REPRESENTATION_CONTEXT(2) 
PARAMETRIC_REPRESENTATION_CONTEXT() REPRESENTATION_CONTEXT('2D SPACE',''
  ) );
#3376 = PCURVE('',#2639,#3377);
#3377 = DEFINITIONAL_REPRESENTATION('',(#3378),#3382);
#3378 = LINE('',#3379,#3380);
#3379 = CARTESIAN_POINT('',(-1.85,1.535));
#3380 = VECTOR('',#3381,1.);
#3381 = DIRECTION('',(-2.118961900623E-16,-1.));
#3382 = ( GEOMETRIC_REPRESENTATION_CONTEXT(2) 
PARAMETRIC_REPRESENTATION_CONTEXT() REPRESENTATION_CONTEXT('2D SPACE',''
  ) );
#3383 = ORIENTED_EDGE('',*,*,#3384,.T.);
#3384 = EDGE_CURVE('',#3362,#2906,#3385,.T.);
#3385 = SURFACE_CURVE('',#3386,(#3390,#3397),.PCURVE_S1.);
#3386 = LINE('',#3387,#3388);
#3387 = CARTESIAN_POINT('',(1.335,1.85,3.E-02));
#3388 = VECTOR('',#3389,1.);
#3389 = DIRECTION('',(0.,0.,-1.));
#3390 = PCURVE('',#2414,#3391);
#3391 = DEFINITIONAL_REPRESENTATION('',(#3392),#3396);
#3392 = LINE('',#3393,#3394);
#3393 = CARTESIAN_POINT('',(0.,0.235));
#3394 = VECTOR('',#3395,1.);
#3395 = DIRECTION('',(1.,0.));
#3396 = ( GEOMETRIC_REPRESENTATION_CONTEXT(2) 
PARAMETRIC_REPRESENTATION_CONTEXT() REPRESENTATION_CONTEXT('2D SPACE',''
  ) );
#3397 = PCURVE('',#2945,#3398);
#3398 = DEFINITIONAL_REPRESENTATION('',(#3399),#3403);
#3399 = LINE('',#3400,#3401);
#3400 = CARTESIAN_POINT('',(1.570796326795,0.));
#3401 = VECTOR('',#3402,1.);
#3402 = DIRECTION('',(0.,-1.));
#3403 = ( GEOMETRIC_REPRESENTATION_CONTEXT(2) 
PARAMETRIC_REPRESENTATION_CONTEXT() REPRESENTATION_CONTEXT('2D SPACE',''
  ) );
#3404 = ORIENTED_EDGE('',*,*,#2905,.F.);
#3405 = ORIENTED_EDGE('',*,*,#3335,.T.);
#3406 = ORIENTED_EDGE('',*,*,#3407,.T.);
#3407 = EDGE_CURVE('',#3313,#3408,#3410,.T.);
#3408 = VERTEX_POINT('',#3409);
#3409 = CARTESIAN_POINT('',(-1.1,1.85,0.));
#3410 = SURFACE_CURVE('',#3411,(#3415,#3422),.PCURVE_S1.);
#3411 = LINE('',#3412,#3413);
#3412 = CARTESIAN_POINT('',(1.1,1.85,0.));
#3413 = VECTOR('',#3414,1.);
#3414 = DIRECTION('',(-1.,0.,0.));
#3415 = PCURVE('',#2414,#3416);
#3416 = DEFINITIONAL_REPRESENTATION('',(#3417),#3421);
#3417 = LINE('',#3418,#3419);
#3418 = CARTESIAN_POINT('',(3.E-02,0.));
#3419 = VECTOR('',#3420,1.);
#3420 = DIRECTION('',(0.,-1.));
#3421 = ( GEOMETRIC_REPRESENTATION_CONTEXT(2) 
PARAMETRIC_REPRESENTATION_CONTEXT() REPRESENTATION_CONTEXT('2D SPACE',''
  ) );
#3422 = PCURVE('',#132,#3423);
#3423 = DEFINITIONAL_REPRESENTATION('',(#3424),#3428);
#3424 = LINE('',#3425,#3426);
#3425 = CARTESIAN_POINT('',(1.1,1.85));
#3426 = VECTOR('',#3427,1.);
#3427 = DIRECTION('',(-1.,0.));
#3428 = ( GEOMETRIC_REPRESENTATION_CONTEXT(2) 
PARAMETRIC_REPRESENTATION_CONTEXT() REPRESENTATION_CONTEXT('2D SPACE',''
  ) );
#3429 = ORIENTED_EDGE('',*,*,#3430,.F.);
#3430 = EDGE_CURVE('',#2399,#3408,#3431,.T.);
#3431 = SURFACE_CURVE('',#3432,(#3436,#3443),.PCURVE_S1.);
#3432 = LINE('',#3433,#3434);
#3433 = CARTESIAN_POINT('',(-1.1,1.85,3.E-02));
#3434 = VECTOR('',#3435,1.);
#3435 = DIRECTION('',(0.,0.,-1.));
#3436 = PCURVE('',#2414,#3437);
#3437 = DEFINITIONAL_REPRESENTATION('',(#3438),#3442);
#3438 = LINE('',#3439,#3440);
#3439 = CARTESIAN_POINT('',(0.,-2.2));
#3440 = VECTOR('',#3441,1.);
#3441 = DIRECTION('',(1.,0.));
#3442 = ( GEOMETRIC_REPRESENTATION_CONTEXT(2) 
PARAMETRIC_REPRESENTATION_CONTEXT() REPRESENTATION_CONTEXT('2D SPACE',''
  ) );
#3443 = PCURVE('',#2442,#3444);
#3444 = DEFINITIONAL_REPRESENTATION('',(#3445),#3449);
#3445 = LINE('',#3446,#3447);
#3446 = CARTESIAN_POINT('',(0.,0.));
#3447 = VECTOR('',#3448,1.);
#3448 = DIRECTION('',(0.,-1.));
#3449 = ( GEOMETRIC_REPRESENTATION_CONTEXT(2) 
PARAMETRIC_REPRESENTATION_CONTEXT() REPRESENTATION_CONTEXT('2D SPACE',''
  ) );
#3450 = ADVANCED_FACE('',(#3451),#2945,.T.);
#3451 = FACE_BOUND('',#3452,.T.);
#3452 = EDGE_LOOP('',(#3453,#3481,#3502,#3503));
#3453 = ORIENTED_EDGE('',*,*,#3454,.F.);
#3454 = EDGE_CURVE('',#3455,#3362,#3457,.T.);
#3455 = VERTEX_POINT('',#3456);
#3456 = CARTESIAN_POINT('',(1.535,1.65,0.28));
#3457 = SURFACE_CURVE('',#3458,(#3463,#3470),.PCURVE_S1.);
#3458 = CIRCLE('',#3459,0.2);
#3459 = AXIS2_PLACEMENT_3D('',#3460,#3461,#3462);
#3460 = CARTESIAN_POINT('',(1.335,1.65,0.28));
#3461 = DIRECTION('',(0.,0.,1.));
#3462 = DIRECTION('',(-1.,0.,0.));
#3463 = PCURVE('',#2945,#3464);
#3464 = DEFINITIONAL_REPRESENTATION('',(#3465),#3469);
#3465 = LINE('',#3466,#3467);
#3466 = CARTESIAN_POINT('',(-3.14159265359,0.25));
#3467 = VECTOR('',#3468,1.);
#3468 = DIRECTION('',(1.,0.));
#3469 = ( GEOMETRIC_REPRESENTATION_CONTEXT(2) 
PARAMETRIC_REPRESENTATION_CONTEXT() REPRESENTATION_CONTEXT('2D SPACE',''
  ) );
#3470 = PCURVE('',#2639,#3471);
#3471 = DEFINITIONAL_REPRESENTATION('',(#3472),#3480);
#3472 = ( BOUNDED_CURVE() B_SPLINE_CURVE(2,(#3473,#3474,#3475,#3476,
#3477,#3478,#3479),.UNSPECIFIED.,.T.,.F.) B_SPLINE_CURVE_WITH_KNOTS((1,2
    ,2,2,2,1),(-2.094395102393,0.,2.094395102393,4.188790204786,
6.28318530718,8.377580409573),.UNSPECIFIED.) CURVE() 
GEOMETRIC_REPRESENTATION_ITEM() RATIONAL_B_SPLINE_CURVE((1.,0.5,1.,0.5,
1.,0.5,1.)) REPRESENTATION_ITEM('') );
#3473 = CARTESIAN_POINT('',(-1.65,-1.135));
#3474 = CARTESIAN_POINT('',(-1.303589838486,-1.135));
#3475 = CARTESIAN_POINT('',(-1.476794919243,-1.435));
#3476 = CARTESIAN_POINT('',(-1.65,-1.735));
#3477 = CARTESIAN_POINT('',(-1.823205080757,-1.435));
#3478 = CARTESIAN_POINT('',(-1.996410161514,-1.135));
#3479 = CARTESIAN_POINT('',(-1.65,-1.135));
#3480 = ( GEOMETRIC_REPRESENTATION_CONTEXT(2) 
PARAMETRIC_REPRESENTATION_CONTEXT() REPRESENTATION_CONTEXT('2D SPACE',''
  ) );
#3481 = ORIENTED_EDGE('',*,*,#3482,.F.);
#3482 = EDGE_CURVE('',#2929,#3455,#3483,.T.);
#3483 = SURFACE_CURVE('',#3484,(#3488,#3495),.PCURVE_S1.);
#3484 = LINE('',#3485,#3486);
#3485 = CARTESIAN_POINT('',(1.535,1.65,0.28));
#3486 = VECTOR('',#3487,1.);
#3487 = DIRECTION('',(0.,0.,1.));
#3488 = PCURVE('',#2945,#3489);
#3489 = DEFINITIONAL_REPRESENTATION('',(#3490),#3494);
#3490 = LINE('',#3491,#3492);
#3491 = CARTESIAN_POINT('',(0.,0.25));
#3492 = VECTOR('',#3493,1.);
#3493 = DIRECTION('',(0.,1.));
#3494 = ( GEOMETRIC_REPRESENTATION_CONTEXT(2) 
PARAMETRIC_REPRESENTATION_CONTEXT() REPRESENTATION_CONTEXT('2D SPACE',''
  ) );
#3495 = PCURVE('',#1803,#3496);
#3496 = DEFINITIONAL_REPRESENTATION('',(#3497),#3501);
#3497 = LINE('',#3498,#3499);
#3498 = CARTESIAN_POINT('',(-0.2,0.));
#3499 = VECTOR('',#3500,1.);
#3500 = DIRECTION('',(0.,1.));
#3501 = ( GEOMETRIC_REPRESENTATION_CONTEXT(2) 
PARAMETRIC_REPRESENTATION_CONTEXT() REPRESENTATION_CONTEXT('2D SPACE',''
  ) );
#3502 = ORIENTED_EDGE('',*,*,#2928,.F.);
#3503 = ORIENTED_EDGE('',*,*,#3384,.F.);
#3504 = ADVANCED_FACE('',(#3505),#1803,.T.);
#3505 = FACE_BOUND('',#3506,.T.);
#3506 = EDGE_LOOP('',(#3507,#3528,#3529,#3530,#3531));
#3507 = ORIENTED_EDGE('',*,*,#3508,.T.);
#3508 = EDGE_CURVE('',#3455,#2984,#3509,.T.);
#3509 = SURFACE_CURVE('',#3510,(#3514,#3521),.PCURVE_S1.);
#3510 = LINE('',#3511,#3512);
#3511 = CARTESIAN_POINT('',(1.535,1.85,0.28));
#3512 = VECTOR('',#3513,1.);
#3513 = DIRECTION('',(0.,-1.,0.));
#3514 = PCURVE('',#1803,#3515);
#3515 = DEFINITIONAL_REPRESENTATION('',(#3516),#3520);
#3516 = LINE('',#3517,#3518);
#3517 = CARTESIAN_POINT('',(0.,0.));
#3518 = VECTOR('',#3519,1.);
#3519 = DIRECTION('',(-1.,0.));
#3520 = ( GEOMETRIC_REPRESENTATION_CONTEXT(2) 
PARAMETRIC_REPRESENTATION_CONTEXT() REPRESENTATION_CONTEXT('2D SPACE',''
  ) );
#3521 = PCURVE('',#2639,#3522);
#3522 = DEFINITIONAL_REPRESENTATION('',(#3523),#3527);
#3523 = LINE('',#3524,#3525);
#3524 = CARTESIAN_POINT('',(-1.85,-1.535));
#3525 = VECTOR('',#3526,1.);
#3526 = DIRECTION('',(1.,0.));
#3527 = ( GEOMETRIC_REPRESENTATION_CONTEXT(2) 
PARAMETRIC_REPRESENTATION_CONTEXT() REPRESENTATION_CONTEXT('2D SPACE',''
  ) );
#3528 = ORIENTED_EDGE('',*,*,#2983,.T.);
#3529 = ORIENTED_EDGE('',*,*,#1787,.F.);
#3530 = ORIENTED_EDGE('',*,*,#2957,.F.);
#3531 = ORIENTED_EDGE('',*,*,#3482,.T.);
#3532 = ADVANCED_FACE('',(#3533),#2442,.F.);
#3533 = FACE_BOUND('',#3534,.T.);
#3534 = EDGE_LOOP('',(#3535,#3558,#3579,#3580));
#3535 = ORIENTED_EDGE('',*,*,#3536,.T.);
#3536 = EDGE_CURVE('',#3408,#3537,#3539,.T.);
#3537 = VERTEX_POINT('',#3538);
#3538 = CARTESIAN_POINT('',(-1.1,1.1,0.));
#3539 = SURFACE_CURVE('',#3540,(#3544,#3551),.PCURVE_S1.);
#3540 = LINE('',#3541,#3542);
#3541 = CARTESIAN_POINT('',(-1.1,1.85,0.));
#3542 = VECTOR('',#3543,1.);
#3543 = DIRECTION('',(0.,-1.,0.));
#3544 = PCURVE('',#2442,#3545);
#3545 = DEFINITIONAL_REPRESENTATION('',(#3546),#3550);
#3546 = LINE('',#3547,#3548);
#3547 = CARTESIAN_POINT('',(0.,-3.E-02));
#3548 = VECTOR('',#3549,1.);
#3549 = DIRECTION('',(-1.,0.));
#3550 = ( GEOMETRIC_REPRESENTATION_CONTEXT(2) 
PARAMETRIC_REPRESENTATION_CONTEXT() REPRESENTATION_CONTEXT('2D SPACE',''
  ) );
#3551 = PCURVE('',#132,#3552);
#3552 = DEFINITIONAL_REPRESENTATION('',(#3553),#3557);
#3553 = LINE('',#3554,#3555);
#3554 = CARTESIAN_POINT('',(-1.1,1.85));
#3555 = VECTOR('',#3556,1.);
#3556 = DIRECTION('',(0.,-1.));
#3557 = ( GEOMETRIC_REPRESENTATION_CONTEXT(2) 
PARAMETRIC_REPRESENTATION_CONTEXT() REPRESENTATION_CONTEXT('2D SPACE',''
  ) );
#3558 = ORIENTED_EDGE('',*,*,#3559,.T.);
#3559 = EDGE_CURVE('',#3537,#2427,#3560,.T.);
#3560 = SURFACE_CURVE('',#3561,(#3565,#3572),.PCURVE_S1.);
#3561 = LINE('',#3562,#3563);
#3562 = CARTESIAN_POINT('',(-1.1,1.1,3.E-02));
#3563 = VECTOR('',#3564,1.);
#3564 = DIRECTION('',(0.,0.,1.));
#3565 = PCURVE('',#2442,#3566);
#3566 = DEFINITIONAL_REPRESENTATION('',(#3567),#3571);
#3567 = LINE('',#3568,#3569);
#3568 = CARTESIAN_POINT('',(-0.75,0.));
#3569 = VECTOR('',#3570,1.);
#3570 = DIRECTION('',(0.,1.));
#3571 = ( GEOMETRIC_REPRESENTATION_CONTEXT(2) 
PARAMETRIC_REPRESENTATION_CONTEXT() REPRESENTATION_CONTEXT('2D SPACE',''
  ) );
#3572 = PCURVE('',#2471,#3573);
#3573 = DEFINITIONAL_REPRESENTATION('',(#3574),#3578);
#3574 = LINE('',#3575,#3576);
#3575 = CARTESIAN_POINT('',(6.28318530718,0.));
#3576 = VECTOR('',#3577,1.);
#3577 = DIRECTION('',(0.,1.));
#3578 = ( GEOMETRIC_REPRESENTATION_CONTEXT(2) 
PARAMETRIC_REPRESENTATION_CONTEXT() REPRESENTATION_CONTEXT('2D SPACE',''
  ) );
#3579 = ORIENTED_EDGE('',*,*,#2426,.F.);
#3580 = ORIENTED_EDGE('',*,*,#3430,.T.);
#3581 = ADVANCED_FACE('',(#3582),#2471,.F.);
#3582 = FACE_BOUND('',#3583,.F.);
#3583 = EDGE_LOOP('',(#3584,#3607,#3629,#3630));
#3584 = ORIENTED_EDGE('',*,*,#3585,.T.);
#3585 = EDGE_CURVE('',#2455,#3586,#3588,.T.);
#3586 = VERTEX_POINT('',#3587);
#3587 = CARTESIAN_POINT('',(-1.3,0.9,0.));
#3588 = SURFACE_CURVE('',#3589,(#3593,#3600),.PCURVE_S1.);
#3589 = LINE('',#3590,#3591);
#3590 = CARTESIAN_POINT('',(-1.3,0.9,0.));
#3591 = VECTOR('',#3592,1.);
#3592 = DIRECTION('',(0.,0.,-1.));
#3593 = PCURVE('',#2471,#3594);
#3594 = DEFINITIONAL_REPRESENTATION('',(#3595),#3599);
#3595 = LINE('',#3596,#3597);
#3596 = CARTESIAN_POINT('',(4.712388980385,-3.E-02));
#3597 = VECTOR('',#3598,1.);
#3598 = DIRECTION('',(0.,-1.));
#3599 = ( GEOMETRIC_REPRESENTATION_CONTEXT(2) 
PARAMETRIC_REPRESENTATION_CONTEXT() REPRESENTATION_CONTEXT('2D SPACE',''
  ) );
#3600 = PCURVE('',#2499,#3601);
#3601 = DEFINITIONAL_REPRESENTATION('',(#3602),#3606);
#3602 = LINE('',#3603,#3604);
#3603 = CARTESIAN_POINT('',(3.E-02,-0.2));
#3604 = VECTOR('',#3605,1.);
#3605 = DIRECTION('',(1.,0.));
#3606 = ( GEOMETRIC_REPRESENTATION_CONTEXT(2) 
PARAMETRIC_REPRESENTATION_CONTEXT() REPRESENTATION_CONTEXT('2D SPACE',''
  ) );
#3607 = ORIENTED_EDGE('',*,*,#3608,.T.);
#3608 = EDGE_CURVE('',#3586,#3537,#3609,.T.);
#3609 = SURFACE_CURVE('',#3610,(#3615,#3622),.PCURVE_S1.);
#3610 = CIRCLE('',#3611,0.2);
#3611 = AXIS2_PLACEMENT_3D('',#3612,#3613,#3614);
#3612 = CARTESIAN_POINT('',(-1.3,1.1,0.));
#3613 = DIRECTION('',(0.,0.,1.));
#3614 = DIRECTION('',(1.,0.,-0.));
#3615 = PCURVE('',#2471,#3616);
#3616 = DEFINITIONAL_REPRESENTATION('',(#3617),#3621);
#3617 = LINE('',#3618,#3619);
#3618 = CARTESIAN_POINT('',(0.,-3.E-02));
#3619 = VECTOR('',#3620,1.);
#3620 = DIRECTION('',(1.,0.));
#3621 = ( GEOMETRIC_REPRESENTATION_CONTEXT(2) 
PARAMETRIC_REPRESENTATION_CONTEXT() REPRESENTATION_CONTEXT('2D SPACE',''
  ) );
#3622 = PCURVE('',#132,#3623);
#3623 = DEFINITIONAL_REPRESENTATION('',(#3624),#3628);
#3624 = CIRCLE('',#3625,0.2);
#3625 = AXIS2_PLACEMENT_2D('',#3626,#3627);
#3626 = CARTESIAN_POINT('',(-1.3,1.1));
#3627 = DIRECTION('',(1.,0.));
#3628 = ( GEOMETRIC_REPRESENTATION_CONTEXT(2) 
PARAMETRIC_REPRESENTATION_CONTEXT() REPRESENTATION_CONTEXT('2D SPACE',''
  ) );
#3629 = ORIENTED_EDGE('',*,*,#3559,.T.);
#3630 = ORIENTED_EDGE('',*,*,#2454,.T.);
#3631 = ADVANCED_FACE('',(#3632),#2499,.F.);
#3632 = FACE_BOUND('',#3633,.T.);
#3633 = EDGE_LOOP('',(#3634,#3657,#3658,#3659));
#3634 = ORIENTED_EDGE('',*,*,#3635,.F.);
#3635 = EDGE_CURVE('',#2484,#3636,#3638,.T.);
#3636 = VERTEX_POINT('',#3637);
#3637 = CARTESIAN_POINT('',(-1.810546764899,0.9,0.));
#3638 = SURFACE_CURVE('',#3639,(#3643,#3650),.PCURVE_S1.);
#3639 = LINE('',#3640,#3641);
#3640 = CARTESIAN_POINT('',(-1.810546764899,0.9,-5.025794591765));
#3641 = VECTOR('',#3642,1.);
#3642 = DIRECTION('',(0.,0.,-1.));
#3643 = PCURVE('',#2499,#3644);
#3644 = DEFINITIONAL_REPRESENTATION('',(#3645),#3649);
#3645 = LINE('',#3646,#3647);
#3646 = CARTESIAN_POINT('',(5.055794591765,-0.710546764899));
#3647 = VECTOR('',#3648,1.);
#3648 = DIRECTION('',(1.,0.));
#3649 = ( GEOMETRIC_REPRESENTATION_CONTEXT(2) 
PARAMETRIC_REPRESENTATION_CONTEXT() REPRESENTATION_CONTEXT('2D SPACE',''
  ) );
#3650 = PCURVE('',#2528,#3651);
#3651 = DEFINITIONAL_REPRESENTATION('',(#3652),#3656);
#3652 = LINE('',#3653,#3654);
#3653 = CARTESIAN_POINT('',(2.526112944919,0.));
#3654 = VECTOR('',#3655,1.);
#3655 = DIRECTION('',(0.,-1.));
#3656 = ( GEOMETRIC_REPRESENTATION_CONTEXT(2) 
PARAMETRIC_REPRESENTATION_CONTEXT() REPRESENTATION_CONTEXT('2D SPACE',''
  ) );
#3657 = ORIENTED_EDGE('',*,*,#2483,.F.);
#3658 = ORIENTED_EDGE('',*,*,#3585,.T.);
#3659 = ORIENTED_EDGE('',*,*,#3660,.T.);
#3660 = EDGE_CURVE('',#3586,#3636,#3661,.T.);
#3661 = SURFACE_CURVE('',#3662,(#3666,#3673),.PCURVE_S1.);
#3662 = LINE('',#3663,#3664);
#3663 = CARTESIAN_POINT('',(-1.1,0.9,0.));
#3664 = VECTOR('',#3665,1.);
#3665 = DIRECTION('',(-1.,0.,0.));
#3666 = PCURVE('',#2499,#3667);
#3667 = DEFINITIONAL_REPRESENTATION('',(#3668),#3672);
#3668 = LINE('',#3669,#3670);
#3669 = CARTESIAN_POINT('',(3.E-02,0.));
#3670 = VECTOR('',#3671,1.);
#3671 = DIRECTION('',(0.,-1.));
#3672 = ( GEOMETRIC_REPRESENTATION_CONTEXT(2) 
PARAMETRIC_REPRESENTATION_CONTEXT() REPRESENTATION_CONTEXT('2D SPACE',''
  ) );
#3673 = PCURVE('',#132,#3674);
#3674 = DEFINITIONAL_REPRESENTATION('',(#3675),#3679);
#3675 = LINE('',#3676,#3677);
#3676 = CARTESIAN_POINT('',(-1.1,0.9));
#3677 = VECTOR('',#3678,1.);
#3678 = DIRECTION('',(-1.,0.));
#3679 = ( GEOMETRIC_REPRESENTATION_CONTEXT(2) 
PARAMETRIC_REPRESENTATION_CONTEXT() REPRESENTATION_CONTEXT('2D SPACE',''
  ) );
#3680 = ADVANCED_FACE('',(#3681),#2528,.T.);
#3681 = FACE_BOUND('',#3682,.T.);
#3682 = EDGE_LOOP('',(#3683,#3707,#3735,#3763,#3784,#3785));
#3683 = ORIENTED_EDGE('',*,*,#3684,.T.);
#3684 = EDGE_CURVE('',#3636,#3685,#3687,.T.);
#3685 = VERTEX_POINT('',#3686);
#3686 = CARTESIAN_POINT('',(-1.85,0.775869692124,0.));
#3687 = SURFACE_CURVE('',#3688,(#3693,#3700),.PCURVE_S1.);
#3688 = CIRCLE('',#3689,0.215);
#3689 = AXIS2_PLACEMENT_3D('',#3690,#3691,#3692);
#3690 = CARTESIAN_POINT('',(-1.635,0.775869692124,0.));
#3691 = DIRECTION('',(0.,0.,1.));
#3692 = DIRECTION('',(1.,0.,-0.));
#3693 = PCURVE('',#2528,#3694);
#3694 = DEFINITIONAL_REPRESENTATION('',(#3695),#3699);
#3695 = LINE('',#3696,#3697);
#3696 = CARTESIAN_POINT('',(-4.440892098501E-16,5.025794591765));
#3697 = VECTOR('',#3698,1.);
#3698 = DIRECTION('',(1.,0.));
#3699 = ( GEOMETRIC_REPRESENTATION_CONTEXT(2) 
PARAMETRIC_REPRESENTATION_CONTEXT() REPRESENTATION_CONTEXT('2D SPACE',''
  ) );
#3700 = PCURVE('',#132,#3701);
#3701 = DEFINITIONAL_REPRESENTATION('',(#3702),#3706);
#3702 = CIRCLE('',#3703,0.215);
#3703 = AXIS2_PLACEMENT_2D('',#3704,#3705);
#3704 = CARTESIAN_POINT('',(-1.635,0.775869692124));
#3705 = DIRECTION('',(1.,0.));
#3706 = ( GEOMETRIC_REPRESENTATION_CONTEXT(2) 
PARAMETRIC_REPRESENTATION_CONTEXT() REPRESENTATION_CONTEXT('2D SPACE',''
  ) );
#3707 = ORIENTED_EDGE('',*,*,#3708,.T.);
#3708 = EDGE_CURVE('',#3685,#3709,#3711,.T.);
#3709 = VERTEX_POINT('',#3710);
#3710 = CARTESIAN_POINT('',(-1.85,0.775869692124,0.28));
#3711 = SURFACE_CURVE('',#3712,(#3716,#3723),.PCURVE_S1.);
#3712 = LINE('',#3713,#3714);
#3713 = CARTESIAN_POINT('',(-1.85,0.775869692124,-5.025794591765));
#3714 = VECTOR('',#3715,1.);
#3715 = DIRECTION('',(0.,0.,1.));
#3716 = PCURVE('',#2528,#3717);
#3717 = DEFINITIONAL_REPRESENTATION('',(#3718),#3722);
#3718 = LINE('',#3719,#3720);
#3719 = CARTESIAN_POINT('',(3.14159265359,0.));
#3720 = VECTOR('',#3721,1.);
#3721 = DIRECTION('',(0.,1.));
#3722 = ( GEOMETRIC_REPRESENTATION_CONTEXT(2) 
PARAMETRIC_REPRESENTATION_CONTEXT() REPRESENTATION_CONTEXT('2D SPACE',''
  ) );
#3723 = PCURVE('',#3724,#3729);
#3724 = PLANE('',#3725);
#3725 = AXIS2_PLACEMENT_3D('',#3726,#3727,#3728);
#3726 = CARTESIAN_POINT('',(-1.85,0.9,3.E-02));
#3727 = DIRECTION('',(1.,1.204669080539E-16,0.));
#3728 = DIRECTION('',(-1.204669080539E-16,1.,0.));
#3729 = DEFINITIONAL_REPRESENTATION('',(#3730),#3734);
#3730 = LINE('',#3731,#3732);
#3731 = CARTESIAN_POINT('',(-0.124130307876,-5.055794591765));
#3732 = VECTOR('',#3733,1.);
#3733 = DIRECTION('',(0.,1.));
#3734 = ( GEOMETRIC_REPRESENTATION_CONTEXT(2) 
PARAMETRIC_REPRESENTATION_CONTEXT() REPRESENTATION_CONTEXT('2D SPACE',''
  ) );
#3735 = ORIENTED_EDGE('',*,*,#3736,.F.);
#3736 = EDGE_CURVE('',#3737,#3709,#3739,.T.);
#3737 = VERTEX_POINT('',#3738);
#3738 = CARTESIAN_POINT('',(-1.7425,0.962065153938,0.28));
#3739 = SURFACE_CURVE('',#3740,(#3745,#3752),.PCURVE_S1.);
#3740 = CIRCLE('',#3741,0.215);
#3741 = AXIS2_PLACEMENT_3D('',#3742,#3743,#3744);
#3742 = CARTESIAN_POINT('',(-1.635,0.775869692124,0.28));
#3743 = DIRECTION('',(0.,-0.,1.));
#3744 = DIRECTION('',(0.,1.,0.));
#3745 = PCURVE('',#2528,#3746);
#3746 = DEFINITIONAL_REPRESENTATION('',(#3747),#3751);
#3747 = LINE('',#3748,#3749);
#3748 = CARTESIAN_POINT('',(1.570796326795,5.305794591765));
#3749 = VECTOR('',#3750,1.);
#3750 = DIRECTION('',(1.,0.));
#3751 = ( GEOMETRIC_REPRESENTATION_CONTEXT(2) 
PARAMETRIC_REPRESENTATION_CONTEXT() REPRESENTATION_CONTEXT('2D SPACE',''
  ) );
#3752 = PCURVE('',#2639,#3753);
#3753 = DEFINITIONAL_REPRESENTATION('',(#3754),#3762);
#3754 = ( BOUNDED_CURVE() B_SPLINE_CURVE(2,(#3755,#3756,#3757,#3758,
#3759,#3760,#3761),.UNSPECIFIED.,.T.,.F.) B_SPLINE_CURVE_WITH_KNOTS((1,2
    ,2,2,2,1),(-2.094395102393,0.,2.094395102393,4.188790204786,
6.28318530718,8.377580409573),.UNSPECIFIED.) CURVE() 
GEOMETRIC_REPRESENTATION_ITEM() RATIONAL_B_SPLINE_CURVE((1.,0.5,1.,0.5,
1.,0.5,1.)) REPRESENTATION_ITEM('') );
#3755 = CARTESIAN_POINT('',(-0.990869692124,1.635));
#3756 = CARTESIAN_POINT('',(-0.990869692124,2.007390923627));
#3757 = CARTESIAN_POINT('',(-0.668369692124,1.821195461814));
#3758 = CARTESIAN_POINT('',(-0.345869692124,1.635));
#3759 = CARTESIAN_POINT('',(-0.668369692124,1.448804538186));
#3760 = CARTESIAN_POINT('',(-0.990869692124,1.262609076373));
#3761 = CARTESIAN_POINT('',(-0.990869692124,1.635));
#3762 = ( GEOMETRIC_REPRESENTATION_CONTEXT(2) 
PARAMETRIC_REPRESENTATION_CONTEXT() REPRESENTATION_CONTEXT('2D SPACE',''
  ) );
#3763 = ORIENTED_EDGE('',*,*,#3764,.F.);
#3764 = EDGE_CURVE('',#2512,#3737,#3765,.T.);
#3765 = SURFACE_CURVE('',#3766,(#3770,#3777),.PCURVE_S1.);
#3766 = LINE('',#3767,#3768);
#3767 = CARTESIAN_POINT('',(-1.7425,0.962065153938,-5.025794591765));
#3768 = VECTOR('',#3769,1.);
#3769 = DIRECTION('',(0.,0.,1.));
#3770 = PCURVE('',#2528,#3771);
#3771 = DEFINITIONAL_REPRESENTATION('',(#3772),#3776);
#3772 = LINE('',#3773,#3774);
#3773 = CARTESIAN_POINT('',(2.094395102393,0.));
#3774 = VECTOR('',#3775,1.);
#3775 = DIRECTION('',(0.,1.));
#3776 = ( GEOMETRIC_REPRESENTATION_CONTEXT(2) 
PARAMETRIC_REPRESENTATION_CONTEXT() REPRESENTATION_CONTEXT('2D SPACE',''
  ) );
#3777 = PCURVE('',#2556,#3778);
#3778 = DEFINITIONAL_REPRESENTATION('',(#3779),#3783);
#3779 = LINE('',#3780,#3781);
#3780 = CARTESIAN_POINT('',(-5.305794591765,0.124130307876));
#3781 = VECTOR('',#3782,1.);
#3782 = DIRECTION('',(1.,0.));
#3783 = ( GEOMETRIC_REPRESENTATION_CONTEXT(2) 
PARAMETRIC_REPRESENTATION_CONTEXT() REPRESENTATION_CONTEXT('2D SPACE',''
  ) );
#3784 = ORIENTED_EDGE('',*,*,#2511,.F.);
#3785 = ORIENTED_EDGE('',*,*,#3635,.T.);
#3786 = ADVANCED_FACE('',(#3787),#2556,.T.);
#3787 = FACE_BOUND('',#3788,.T.);
#3788 = EDGE_LOOP('',(#3789,#3790,#3791,#3814));
#3789 = ORIENTED_EDGE('',*,*,#2540,.F.);
#3790 = ORIENTED_EDGE('',*,*,#3764,.T.);
#3791 = ORIENTED_EDGE('',*,*,#3792,.T.);
#3792 = EDGE_CURVE('',#3737,#3793,#3795,.T.);
#3793 = VERTEX_POINT('',#3794);
#3794 = CARTESIAN_POINT('',(-1.635,1.024130307876,0.28));
#3795 = SURFACE_CURVE('',#3796,(#3800,#3807),.PCURVE_S1.);
#3796 = LINE('',#3797,#3798);
#3797 = CARTESIAN_POINT('',(-1.85,0.9,0.28));
#3798 = VECTOR('',#3799,1.);
#3799 = DIRECTION('',(0.866025403784,0.5,0.));
#3800 = PCURVE('',#2556,#3801);
#3801 = DEFINITIONAL_REPRESENTATION('',(#3802),#3806);
#3802 = LINE('',#3803,#3804);
#3803 = CARTESIAN_POINT('',(0.,0.));
#3804 = VECTOR('',#3805,1.);
#3805 = DIRECTION('',(0.,1.));
#3806 = ( GEOMETRIC_REPRESENTATION_CONTEXT(2) 
PARAMETRIC_REPRESENTATION_CONTEXT() REPRESENTATION_CONTEXT('2D SPACE',''
  ) );
#3807 = PCURVE('',#2639,#3808);
#3808 = DEFINITIONAL_REPRESENTATION('',(#3809),#3813);
#3809 = LINE('',#3810,#3811);
#3810 = CARTESIAN_POINT('',(-0.9,1.85));
#3811 = VECTOR('',#3812,1.);
#3812 = DIRECTION('',(-0.5,-0.866025403784));
#3813 = ( GEOMETRIC_REPRESENTATION_CONTEXT(2) 
PARAMETRIC_REPRESENTATION_CONTEXT() REPRESENTATION_CONTEXT('2D SPACE',''
  ) );
#3814 = ORIENTED_EDGE('',*,*,#3815,.T.);
#3815 = EDGE_CURVE('',#3793,#2541,#3816,.T.);
#3816 = SURFACE_CURVE('',#3817,(#3821,#3828),.PCURVE_S1.);
#3817 = LINE('',#3818,#3819);
#3818 = CARTESIAN_POINT('',(-1.635,1.024130307876,3.E-02));
#3819 = VECTOR('',#3820,1.);
#3820 = DIRECTION('',(0.,0.,-1.));
#3821 = PCURVE('',#2556,#3822);
#3822 = DEFINITIONAL_REPRESENTATION('',(#3823),#3827);
#3823 = LINE('',#3824,#3825);
#3824 = CARTESIAN_POINT('',(-0.25,0.248260615752));
#3825 = VECTOR('',#3826,1.);
#3826 = DIRECTION('',(-1.,0.));
#3827 = ( GEOMETRIC_REPRESENTATION_CONTEXT(2) 
PARAMETRIC_REPRESENTATION_CONTEXT() REPRESENTATION_CONTEXT('2D SPACE',''
  ) );
#3828 = PCURVE('',#1271,#3829);
#3829 = DEFINITIONAL_REPRESENTATION('',(#3830),#3834);
#3830 = LINE('',#3831,#3832);
#3831 = CARTESIAN_POINT('',(5.235987755983,-0.25));
#3832 = VECTOR('',#3833,1.);
#3833 = DIRECTION('',(0.,-1.));
#3834 = ( GEOMETRIC_REPRESENTATION_CONTEXT(2) 
PARAMETRIC_REPRESENTATION_CONTEXT() REPRESENTATION_CONTEXT('2D SPACE',''
  ) );
#3835 = ADVANCED_FACE('',(#3836),#1271,.F.);
#3836 = FACE_BOUND('',#3837,.F.);
#3837 = EDGE_LOOP('',(#3838,#3839,#3840,#3841,#3842));
#3838 = ORIENTED_EDGE('',*,*,#3815,.T.);
#3839 = ORIENTED_EDGE('',*,*,#2568,.T.);
#3840 = ORIENTED_EDGE('',*,*,#1250,.T.);
#3841 = ORIENTED_EDGE('',*,*,#2600,.T.);
#3842 = ORIENTED_EDGE('',*,*,#3843,.T.);
#3843 = EDGE_CURVE('',#2601,#3793,#3844,.T.);
#3844 = SURFACE_CURVE('',#3845,(#3850,#3857),.PCURVE_S1.);
#3845 = CIRCLE('',#3846,0.2);
#3846 = AXIS2_PLACEMENT_3D('',#3847,#3848,#3849);
#3847 = CARTESIAN_POINT('',(-1.735,1.197335388633,0.28));
#3848 = DIRECTION('',(0.,0.,-1.));
#3849 = DIRECTION('',(-1.,0.,0.));
#3850 = PCURVE('',#1271,#3851);
#3851 = DEFINITIONAL_REPRESENTATION('',(#3852),#3856);
#3852 = LINE('',#3853,#3854);
#3853 = CARTESIAN_POINT('',(9.424777960769,0.));
#3854 = VECTOR('',#3855,1.);
#3855 = DIRECTION('',(-1.,0.));
#3856 = ( GEOMETRIC_REPRESENTATION_CONTEXT(2) 
PARAMETRIC_REPRESENTATION_CONTEXT() REPRESENTATION_CONTEXT('2D SPACE',''
  ) );
#3857 = PCURVE('',#2639,#3858);
#3858 = DEFINITIONAL_REPRESENTATION('',(#3859),#3863);
#3859 = CIRCLE('',#3860,0.2);
#3860 = AXIS2_PLACEMENT_2D('',#3861,#3862);
#3861 = CARTESIAN_POINT('',(-1.197335388633,1.735));
#3862 = DIRECTION('',(0.,1.));
#3863 = ( GEOMETRIC_REPRESENTATION_CONTEXT(2) 
PARAMETRIC_REPRESENTATION_CONTEXT() REPRESENTATION_CONTEXT('2D SPACE',''
  ) );
#3864 = ADVANCED_FACE('',(#3865,#4093),#2639,.F.);
#3865 = FACE_BOUND('',#3866,.T.);
#3866 = EDGE_LOOP('',(#3867,#3897,#3925,#3953,#3982,#4010,#4038,#4066));
#3867 = ORIENTED_EDGE('',*,*,#3868,.T.);
#3868 = EDGE_CURVE('',#3869,#3871,#3873,.T.);
#3869 = VERTEX_POINT('',#3870);
#3870 = CARTESIAN_POINT('',(1.374772708487,0.6,0.28));
#3871 = VERTEX_POINT('',#3872);
#3872 = CARTESIAN_POINT('',(1.6,0.6,0.28));
#3873 = SURFACE_CURVE('',#3874,(#3878,#3885),.PCURVE_S1.);
#3874 = LINE('',#3875,#3876);
#3875 = CARTESIAN_POINT('',(1.374772708487,0.6,0.28));
#3876 = VECTOR('',#3877,1.);
#3877 = DIRECTION('',(1.,0.,0.));
#3878 = PCURVE('',#2639,#3879);
#3879 = DEFINITIONAL_REPRESENTATION('',(#3880),#3884);
#3880 = LINE('',#3881,#3882);
#3881 = CARTESIAN_POINT('',(-0.6,-1.374772708487));
#3882 = VECTOR('',#3883,1.);
#3883 = DIRECTION('',(0.,-1.));
#3884 = ( GEOMETRIC_REPRESENTATION_CONTEXT(2) 
PARAMETRIC_REPRESENTATION_CONTEXT() REPRESENTATION_CONTEXT('2D SPACE',''
  ) );
#3885 = PCURVE('',#3886,#3891);
#3886 = PLANE('',#3887);
#3887 = AXIS2_PLACEMENT_3D('',#3888,#3889,#3890);
#3888 = CARTESIAN_POINT('',(1.374772708487,0.6,0.2));
#3889 = DIRECTION('',(0.,-1.,0.));
#3890 = DIRECTION('',(0.,0.,-1.));
#3891 = DEFINITIONAL_REPRESENTATION('',(#3892),#3896);
#3892 = LINE('',#3893,#3894);
#3893 = CARTESIAN_POINT('',(-8.E-02,0.));
#3894 = VECTOR('',#3895,1.);
#3895 = DIRECTION('',(0.,1.));
#3896 = ( GEOMETRIC_REPRESENTATION_CONTEXT(2) 
PARAMETRIC_REPRESENTATION_CONTEXT() REPRESENTATION_CONTEXT('2D SPACE',''
  ) );
#3897 = ORIENTED_EDGE('',*,*,#3898,.T.);
#3898 = EDGE_CURVE('',#3871,#3899,#3901,.T.);
#3899 = VERTEX_POINT('',#3900);
#3900 = CARTESIAN_POINT('',(1.6,-0.6,0.28));
#3901 = SURFACE_CURVE('',#3902,(#3906,#3913),.PCURVE_S1.);
#3902 = LINE('',#3903,#3904);
#3903 = CARTESIAN_POINT('',(1.6,0.6,0.28));
#3904 = VECTOR('',#3905,1.);
#3905 = DIRECTION('',(0.,-1.,0.));
#3906 = PCURVE('',#2639,#3907);
#3907 = DEFINITIONAL_REPRESENTATION('',(#3908),#3912);
#3908 = LINE('',#3909,#3910);
#3909 = CARTESIAN_POINT('',(-0.6,-1.6));
#3910 = VECTOR('',#3911,1.);
#3911 = DIRECTION('',(1.,0.));
#3912 = ( GEOMETRIC_REPRESENTATION_CONTEXT(2) 
PARAMETRIC_REPRESENTATION_CONTEXT() REPRESENTATION_CONTEXT('2D SPACE',''
  ) );
#3913 = PCURVE('',#3914,#3919);
#3914 = PLANE('',#3915);
#3915 = AXIS2_PLACEMENT_3D('',#3916,#3917,#3918);
#3916 = CARTESIAN_POINT('',(1.6,0.6,0.2));
#3917 = DIRECTION('',(-1.,0.,0.));
#3918 = DIRECTION('',(0.,0.,1.));
#3919 = DEFINITIONAL_REPRESENTATION('',(#3920),#3924);
#3920 = LINE('',#3921,#3922);
#3921 = CARTESIAN_POINT('',(8.E-02,0.));
#3922 = VECTOR('',#3923,1.);
#3923 = DIRECTION('',(0.,-1.));
#3924 = ( GEOMETRIC_REPRESENTATION_CONTEXT(2) 
PARAMETRIC_REPRESENTATION_CONTEXT() REPRESENTATION_CONTEXT('2D SPACE',''
  ) );
#3925 = ORIENTED_EDGE('',*,*,#3926,.T.);
#3926 = EDGE_CURVE('',#3899,#3927,#3929,.T.);
#3927 = VERTEX_POINT('',#3928);
#3928 = CARTESIAN_POINT('',(1.374772708487,-0.6,0.28));
#3929 = SURFACE_CURVE('',#3930,(#3934,#3941),.PCURVE_S1.);
#3930 = LINE('',#3931,#3932);
#3931 = CARTESIAN_POINT('',(1.6,-0.6,0.28));
#3932 = VECTOR('',#3933,1.);
#3933 = DIRECTION('',(-1.,0.,0.));
#3934 = PCURVE('',#2639,#3935);
#3935 = DEFINITIONAL_REPRESENTATION('',(#3936),#3940);
#3936 = LINE('',#3937,#3938);
#3937 = CARTESIAN_POINT('',(0.6,-1.6));
#3938 = VECTOR('',#3939,1.);
#3939 = DIRECTION('',(0.,1.));
#3940 = ( GEOMETRIC_REPRESENTATION_CONTEXT(2) 
PARAMETRIC_REPRESENTATION_CONTEXT() REPRESENTATION_CONTEXT('2D SPACE',''
  ) );
#3941 = PCURVE('',#3942,#3947);
#3942 = PLANE('',#3943);
#3943 = AXIS2_PLACEMENT_3D('',#3944,#3945,#3946);
#3944 = CARTESIAN_POINT('',(1.6,-0.6,0.2));
#3945 = DIRECTION('',(-0.,1.,0.));
#3946 = DIRECTION('',(1.,0.,0.));
#3947 = DEFINITIONAL_REPRESENTATION('',(#3948),#3952);
#3948 = LINE('',#3949,#3950);
#3949 = CARTESIAN_POINT('',(0.,-8.E-02));
#3950 = VECTOR('',#3951,1.);
#3951 = DIRECTION('',(-1.,0.));
#3952 = ( GEOMETRIC_REPRESENTATION_CONTEXT(2) 
PARAMETRIC_REPRESENTATION_CONTEXT() REPRESENTATION_CONTEXT('2D SPACE',''
  ) );
#3953 = ORIENTED_EDGE('',*,*,#3954,.T.);
#3954 = EDGE_CURVE('',#3927,#3955,#3957,.T.);
#3955 = VERTEX_POINT('',#3956);
#3956 = CARTESIAN_POINT('',(-1.374772708487,-0.6,0.28));
#3957 = SURFACE_CURVE('',#3958,(#3963,#3970),.PCURVE_S1.);
#3958 = CIRCLE('',#3959,1.5);
#3959 = AXIS2_PLACEMENT_3D('',#3960,#3961,#3962);
#3960 = CARTESIAN_POINT('',(0.,0.,0.28));
#3961 = DIRECTION('',(0.,0.,-1.));
#3962 = DIRECTION('',(-1.,0.,0.));
#3963 = PCURVE('',#2639,#3964);
#3964 = DEFINITIONAL_REPRESENTATION('',(#3965),#3969);
#3965 = CIRCLE('',#3966,1.5);
#3966 = AXIS2_PLACEMENT_2D('',#3967,#3968);
#3967 = CARTESIAN_POINT('',(0.,0.));
#3968 = DIRECTION('',(0.,1.));
#3969 = ( GEOMETRIC_REPRESENTATION_CONTEXT(2) 
PARAMETRIC_REPRESENTATION_CONTEXT() REPRESENTATION_CONTEXT('2D SPACE',''
  ) );
#3970 = PCURVE('',#3971,#3976);
#3971 = CYLINDRICAL_SURFACE('',#3972,1.5);
#3972 = AXIS2_PLACEMENT_3D('',#3973,#3974,#3975);
#3973 = CARTESIAN_POINT('',(0.,0.,0.2));
#3974 = DIRECTION('',(0.,0.,1.));
#3975 = DIRECTION('',(1.,0.,-0.));
#3976 = DEFINITIONAL_REPRESENTATION('',(#3977),#3981);
#3977 = LINE('',#3978,#3979);
#3978 = CARTESIAN_POINT('',(9.424777960769,8.E-02));
#3979 = VECTOR('',#3980,1.);
#3980 = DIRECTION('',(-1.,0.));
#3981 = ( GEOMETRIC_REPRESENTATION_CONTEXT(2) 
PARAMETRIC_REPRESENTATION_CONTEXT() REPRESENTATION_CONTEXT('2D SPACE',''
  ) );
#3982 = ORIENTED_EDGE('',*,*,#3983,.T.);
#3983 = EDGE_CURVE('',#3955,#3984,#3986,.T.);
#3984 = VERTEX_POINT('',#3985);
#3985 = CARTESIAN_POINT('',(-1.6,-0.6,0.28));
#3986 = SURFACE_CURVE('',#3987,(#3991,#3998),.PCURVE_S1.);
#3987 = LINE('',#3988,#3989);
#3988 = CARTESIAN_POINT('',(-1.374772708487,-0.6,0.28));
#3989 = VECTOR('',#3990,1.);
#3990 = DIRECTION('',(-1.,0.,0.));
#3991 = PCURVE('',#2639,#3992);
#3992 = DEFINITIONAL_REPRESENTATION('',(#3993),#3997);
#3993 = LINE('',#3994,#3995);
#3994 = CARTESIAN_POINT('',(0.6,1.374772708487));
#3995 = VECTOR('',#3996,1.);
#3996 = DIRECTION('',(0.,1.));
#3997 = ( GEOMETRIC_REPRESENTATION_CONTEXT(2) 
PARAMETRIC_REPRESENTATION_CONTEXT() REPRESENTATION_CONTEXT('2D SPACE',''
  ) );
#3998 = PCURVE('',#3999,#4004);
#3999 = PLANE('',#4000);
#4000 = AXIS2_PLACEMENT_3D('',#4001,#4002,#4003);
#4001 = CARTESIAN_POINT('',(-1.374772708487,-0.6,0.2));
#4002 = DIRECTION('',(-0.,1.,0.));
#4003 = DIRECTION('',(1.,0.,0.));
#4004 = DEFINITIONAL_REPRESENTATION('',(#4005),#4009);
#4005 = LINE('',#4006,#4007);
#4006 = CARTESIAN_POINT('',(0.,-8.E-02));
#4007 = VECTOR('',#4008,1.);
#4008 = DIRECTION('',(-1.,0.));
#4009 = ( GEOMETRIC_REPRESENTATION_CONTEXT(2) 
PARAMETRIC_REPRESENTATION_CONTEXT() REPRESENTATION_CONTEXT('2D SPACE',''
  ) );
#4010 = ORIENTED_EDGE('',*,*,#4011,.T.);
#4011 = EDGE_CURVE('',#3984,#4012,#4014,.T.);
#4012 = VERTEX_POINT('',#4013);
#4013 = CARTESIAN_POINT('',(-1.6,0.6,0.28));
#4014 = SURFACE_CURVE('',#4015,(#4019,#4026),.PCURVE_S1.);
#4015 = LINE('',#4016,#4017);
#4016 = CARTESIAN_POINT('',(-1.6,-0.6,0.28));
#4017 = VECTOR('',#4018,1.);
#4018 = DIRECTION('',(0.,1.,0.));
#4019 = PCURVE('',#2639,#4020);
#4020 = DEFINITIONAL_REPRESENTATION('',(#4021),#4025);
#4021 = LINE('',#4022,#4023);
#4022 = CARTESIAN_POINT('',(0.6,1.6));
#4023 = VECTOR('',#4024,1.);
#4024 = DIRECTION('',(-1.,-0.));
#4025 = ( GEOMETRIC_REPRESENTATION_CONTEXT(2) 
PARAMETRIC_REPRESENTATION_CONTEXT() REPRESENTATION_CONTEXT('2D SPACE',''
  ) );
#4026 = PCURVE('',#4027,#4032);
#4027 = PLANE('',#4028);
#4028 = AXIS2_PLACEMENT_3D('',#4029,#4030,#4031);
#4029 = CARTESIAN_POINT('',(-1.6,-0.6,0.2));
#4030 = DIRECTION('',(1.,0.,0.));
#4031 = DIRECTION('',(-0.,1.,0.));
#4032 = DEFINITIONAL_REPRESENTATION('',(#4033),#4037);
#4033 = LINE('',#4034,#4035);
#4034 = CARTESIAN_POINT('',(0.,8.E-02));
#4035 = VECTOR('',#4036,1.);
#4036 = DIRECTION('',(1.,0.));
#4037 = ( GEOMETRIC_REPRESENTATION_CONTEXT(2) 
PARAMETRIC_REPRESENTATION_CONTEXT() REPRESENTATION_CONTEXT('2D SPACE',''
  ) );
#4038 = ORIENTED_EDGE('',*,*,#4039,.T.);
#4039 = EDGE_CURVE('',#4012,#4040,#4042,.T.);
#4040 = VERTEX_POINT('',#4041);
#4041 = CARTESIAN_POINT('',(-1.374772708487,0.6,0.28));
#4042 = SURFACE_CURVE('',#4043,(#4047,#4054),.PCURVE_S1.);
#4043 = LINE('',#4044,#4045);
#4044 = CARTESIAN_POINT('',(-1.6,0.6,0.28));
#4045 = VECTOR('',#4046,1.);
#4046 = DIRECTION('',(1.,0.,0.));
#4047 = PCURVE('',#2639,#4048);
#4048 = DEFINITIONAL_REPRESENTATION('',(#4049),#4053);
#4049 = LINE('',#4050,#4051);
#4050 = CARTESIAN_POINT('',(-0.6,1.6));
#4051 = VECTOR('',#4052,1.);
#4052 = DIRECTION('',(0.,-1.));
#4053 = ( GEOMETRIC_REPRESENTATION_CONTEXT(2) 
PARAMETRIC_REPRESENTATION_CONTEXT() REPRESENTATION_CONTEXT('2D SPACE',''
  ) );
#4054 = PCURVE('',#4055,#4060);
#4055 = PLANE('',#4056);
#4056 = AXIS2_PLACEMENT_3D('',#4057,#4058,#4059);
#4057 = CARTESIAN_POINT('',(-1.6,0.6,0.2));
#4058 = DIRECTION('',(0.,-1.,0.));
#4059 = DIRECTION('',(0.,0.,-1.));
#4060 = DEFINITIONAL_REPRESENTATION('',(#4061),#4065);
#4061 = LINE('',#4062,#4063);
#4062 = CARTESIAN_POINT('',(-8.E-02,0.));
#4063 = VECTOR('',#4064,1.);
#4064 = DIRECTION('',(0.,1.));
#4065 = ( GEOMETRIC_REPRESENTATION_CONTEXT(2) 
PARAMETRIC_REPRESENTATION_CONTEXT() REPRESENTATION_CONTEXT('2D SPACE',''
  ) );
#4066 = ORIENTED_EDGE('',*,*,#4067,.T.);
#4067 = EDGE_CURVE('',#4040,#3869,#4068,.T.);
#4068 = SURFACE_CURVE('',#4069,(#4074,#4081),.PCURVE_S1.);
#4069 = CIRCLE('',#4070,1.5);
#4070 = AXIS2_PLACEMENT_3D('',#4071,#4072,#4073);
#4071 = CARTESIAN_POINT('',(0.,0.,0.28));
#4072 = DIRECTION('',(0.,0.,-1.));
#4073 = DIRECTION('',(-1.,0.,0.));
#4074 = PCURVE('',#2639,#4075);
#4075 = DEFINITIONAL_REPRESENTATION('',(#4076),#4080);
#4076 = CIRCLE('',#4077,1.5);
#4077 = AXIS2_PLACEMENT_2D('',#4078,#4079);
#4078 = CARTESIAN_POINT('',(0.,0.));
#4079 = DIRECTION('',(0.,1.));
#4080 = ( GEOMETRIC_REPRESENTATION_CONTEXT(2) 
PARAMETRIC_REPRESENTATION_CONTEXT() REPRESENTATION_CONTEXT('2D SPACE',''
  ) );
#4081 = PCURVE('',#4082,#4087);
#4082 = CYLINDRICAL_SURFACE('',#4083,1.5);
#4083 = AXIS2_PLACEMENT_3D('',#4084,#4085,#4086);
#4084 = CARTESIAN_POINT('',(0.,0.,0.2));
#4085 = DIRECTION('',(0.,0.,1.));
#4086 = DIRECTION('',(1.,0.,-0.));
#4087 = DEFINITIONAL_REPRESENTATION('',(#4088),#4092);
#4088 = LINE('',#4089,#4090);
#4089 = CARTESIAN_POINT('',(3.14159265359,8.E-02));
#4090 = VECTOR('',#4091,1.);
#4091 = DIRECTION('',(-1.,0.));
#4092 = ( GEOMETRIC_REPRESENTATION_CONTEXT(2) 
PARAMETRIC_REPRESENTATION_CONTEXT() REPRESENTATION_CONTEXT('2D SPACE',''
  ) );
#4093 = FACE_BOUND('',#4094,.T.);
#4094 = EDGE_LOOP('',(#4095,#4118,#4119,#4120,#4121,#4122,#4123,#4124,
    #4125,#4126,#4127,#4128,#4129,#4152,#4181,#4209,#4238,#4266,#4299,
    #4327,#4360,#4388,#4417,#4445));
#4095 = ORIENTED_EDGE('',*,*,#4096,.F.);
#4096 = EDGE_CURVE('',#3131,#4097,#4099,.T.);
#4097 = VERTEX_POINT('',#4098);
#4098 = CARTESIAN_POINT('',(1.85,-0.775869692124,0.28));
#4099 = SURFACE_CURVE('',#4100,(#4104,#4111),.PCURVE_S1.);
#4100 = LINE('',#4101,#4102);
#4101 = CARTESIAN_POINT('',(1.85,0.9,0.28));
#4102 = VECTOR('',#4103,1.);
#4103 = DIRECTION('',(1.204669080539E-16,-1.,0.));
#4104 = PCURVE('',#2639,#4105);
#4105 = DEFINITIONAL_REPRESENTATION('',(#4106),#4110);
#4106 = LINE('',#4107,#4108);
#4107 = CARTESIAN_POINT('',(-0.9,-1.85));
#4108 = VECTOR('',#4109,1.);
#4109 = DIRECTION('',(1.,-1.204669080539E-16));
#4110 = ( GEOMETRIC_REPRESENTATION_CONTEXT(2) 
PARAMETRIC_REPRESENTATION_CONTEXT() REPRESENTATION_CONTEXT('2D SPACE',''
  ) );
#4111 = PCURVE('',#3170,#4112);
#4112 = DEFINITIONAL_REPRESENTATION('',(#4113),#4117);
#4113 = LINE('',#4114,#4115);
#4114 = CARTESIAN_POINT('',(1.8,-0.25));
#4115 = VECTOR('',#4116,1.);
#4116 = DIRECTION('',(-1.,-0.));
#4117 = ( GEOMETRIC_REPRESENTATION_CONTEXT(2) 
PARAMETRIC_REPRESENTATION_CONTEXT() REPRESENTATION_CONTEXT('2D SPACE',''
  ) );
#4118 = ORIENTED_EDGE('',*,*,#3130,.F.);
#4119 = ORIENTED_EDGE('',*,*,#3056,.F.);
#4120 = ORIENTED_EDGE('',*,*,#3031,.T.);
#4121 = ORIENTED_EDGE('',*,*,#3508,.F.);
#4122 = ORIENTED_EDGE('',*,*,#3454,.T.);
#4123 = ORIENTED_EDGE('',*,*,#3361,.F.);
#4124 = ORIENTED_EDGE('',*,*,#2676,.T.);
#4125 = ORIENTED_EDGE('',*,*,#2623,.F.);
#4126 = ORIENTED_EDGE('',*,*,#3843,.T.);
#4127 = ORIENTED_EDGE('',*,*,#3792,.F.);
#4128 = ORIENTED_EDGE('',*,*,#3736,.T.);
#4129 = ORIENTED_EDGE('',*,*,#4130,.F.);
#4130 = EDGE_CURVE('',#4131,#3709,#4133,.T.);
#4131 = VERTEX_POINT('',#4132);
#4132 = CARTESIAN_POINT('',(-1.85,-0.775869692124,0.28));
#4133 = SURFACE_CURVE('',#4134,(#4138,#4145),.PCURVE_S1.);
#4134 = LINE('',#4135,#4136);
#4135 = CARTESIAN_POINT('',(-1.85,-0.9,0.28));
#4136 = VECTOR('',#4137,1.);
#4137 = DIRECTION('',(-1.204669080539E-16,1.,0.));
#4138 = PCURVE('',#2639,#4139);
#4139 = DEFINITIONAL_REPRESENTATION('',(#4140),#4144);
#4140 = LINE('',#4141,#4142);
#4141 = CARTESIAN_POINT('',(0.9,1.85));
#4142 = VECTOR('',#4143,1.);
#4143 = DIRECTION('',(-1.,1.204669080539E-16));
#4144 = ( GEOMETRIC_REPRESENTATION_CONTEXT(2) 
PARAMETRIC_REPRESENTATION_CONTEXT() REPRESENTATION_CONTEXT('2D SPACE',''
  ) );
#4145 = PCURVE('',#3724,#4146);
#4146 = DEFINITIONAL_REPRESENTATION('',(#4147),#4151);
#4147 = LINE('',#4148,#4149);
#4148 = CARTESIAN_POINT('',(-1.8,0.25));
#4149 = VECTOR('',#4150,1.);
#4150 = DIRECTION('',(1.,0.));
#4151 = ( GEOMETRIC_REPRESENTATION_CONTEXT(2) 
PARAMETRIC_REPRESENTATION_CONTEXT() REPRESENTATION_CONTEXT('2D SPACE',''
  ) );
#4152 = ORIENTED_EDGE('',*,*,#4153,.F.);
#4153 = EDGE_CURVE('',#4154,#4131,#4156,.T.);
#4154 = VERTEX_POINT('',#4155);
#4155 = CARTESIAN_POINT('',(-1.7425,-0.962065153938,0.28));
#4156 = SURFACE_CURVE('',#4157,(#4162,#4169),.PCURVE_S1.);
#4157 = CIRCLE('',#4158,0.215);
#4158 = AXIS2_PLACEMENT_3D('',#4159,#4160,#4161);
#4159 = CARTESIAN_POINT('',(-1.635,-0.775869692124,0.28));
#4160 = DIRECTION('',(0.,0.,-1.));
#4161 = DIRECTION('',(0.,1.,0.));
#4162 = PCURVE('',#2639,#4163);
#4163 = DEFINITIONAL_REPRESENTATION('',(#4164),#4168);
#4164 = CIRCLE('',#4165,0.215);
#4165 = AXIS2_PLACEMENT_2D('',#4166,#4167);
#4166 = CARTESIAN_POINT('',(0.775869692124,1.635));
#4167 = DIRECTION('',(-1.,-0.));
#4168 = ( GEOMETRIC_REPRESENTATION_CONTEXT(2) 
PARAMETRIC_REPRESENTATION_CONTEXT() REPRESENTATION_CONTEXT('2D SPACE',''
  ) );
#4169 = PCURVE('',#4170,#4175);
#4170 = CYLINDRICAL_SURFACE('',#4171,0.215);
#4171 = AXIS2_PLACEMENT_3D('',#4172,#4173,#4174);
#4172 = CARTESIAN_POINT('',(-1.635,-0.775869692124,-5.025794591765));
#4173 = DIRECTION('',(0.,0.,1.));
#4174 = DIRECTION('',(1.,0.,-0.));
#4175 = DEFINITIONAL_REPRESENTATION('',(#4176),#4180);
#4176 = LINE('',#4177,#4178);
#4177 = CARTESIAN_POINT('',(7.853981633974,5.305794591765));
#4178 = VECTOR('',#4179,1.);
#4179 = DIRECTION('',(-1.,0.));
#4180 = ( GEOMETRIC_REPRESENTATION_CONTEXT(2) 
PARAMETRIC_REPRESENTATION_CONTEXT() REPRESENTATION_CONTEXT('2D SPACE',''
  ) );
#4181 = ORIENTED_EDGE('',*,*,#4182,.F.);
#4182 = EDGE_CURVE('',#4183,#4154,#4185,.T.);
#4183 = VERTEX_POINT('',#4184);
#4184 = CARTESIAN_POINT('',(-1.635,-1.024130307876,0.28));
#4185 = SURFACE_CURVE('',#4186,(#4190,#4197),.PCURVE_S1.);
#4186 = LINE('',#4187,#4188);
#4187 = CARTESIAN_POINT('',(-1.85,-0.9,0.28));
#4188 = VECTOR('',#4189,1.);
#4189 = DIRECTION('',(-0.866025403784,0.5,0.));
#4190 = PCURVE('',#2639,#4191);
#4191 = DEFINITIONAL_REPRESENTATION('',(#4192),#4196);
#4192 = LINE('',#4193,#4194);
#4193 = CARTESIAN_POINT('',(0.9,1.85));
#4194 = VECTOR('',#4195,1.);
#4195 = DIRECTION('',(-0.5,0.866025403784));
#4196 = ( GEOMETRIC_REPRESENTATION_CONTEXT(2) 
PARAMETRIC_REPRESENTATION_CONTEXT() REPRESENTATION_CONTEXT('2D SPACE',''
  ) );
#4197 = PCURVE('',#4198,#4203);
#4198 = PLANE('',#4199);
#4199 = AXIS2_PLACEMENT_3D('',#4200,#4201,#4202);
#4200 = CARTESIAN_POINT('',(-1.85,-0.9,0.28));
#4201 = DIRECTION('',(-0.5,-0.866025403784,0.));
#4202 = DIRECTION('',(-0.866025403784,0.5,0.));
#4203 = DEFINITIONAL_REPRESENTATION('',(#4204),#4208);
#4204 = LINE('',#4205,#4206);
#4205 = CARTESIAN_POINT('',(0.,0.));
#4206 = VECTOR('',#4207,1.);
#4207 = DIRECTION('',(1.,0.));
#4208 = ( GEOMETRIC_REPRESENTATION_CONTEXT(2) 
PARAMETRIC_REPRESENTATION_CONTEXT() REPRESENTATION_CONTEXT('2D SPACE',''
  ) );
#4209 = ORIENTED_EDGE('',*,*,#4210,.T.);
#4210 = EDGE_CURVE('',#4183,#4211,#4213,.T.);
#4211 = VERTEX_POINT('',#4212);
#4212 = CARTESIAN_POINT('',(-1.535,-1.197335388633,0.28));
#4213 = SURFACE_CURVE('',#4214,(#4219,#4226),.PCURVE_S1.);
#4214 = CIRCLE('',#4215,0.2);
#4215 = AXIS2_PLACEMENT_3D('',#4216,#4217,#4218);
#4216 = CARTESIAN_POINT('',(-1.735,-1.197335388633,0.28));
#4217 = DIRECTION('',(0.,0.,-1.));
#4218 = DIRECTION('',(-1.,0.,0.));
#4219 = PCURVE('',#2639,#4220);
#4220 = DEFINITIONAL_REPRESENTATION('',(#4221),#4225);
#4221 = CIRCLE('',#4222,0.2);
#4222 = AXIS2_PLACEMENT_2D('',#4223,#4224);
#4223 = CARTESIAN_POINT('',(1.197335388633,1.735));
#4224 = DIRECTION('',(0.,1.));
#4225 = ( GEOMETRIC_REPRESENTATION_CONTEXT(2) 
PARAMETRIC_REPRESENTATION_CONTEXT() REPRESENTATION_CONTEXT('2D SPACE',''
  ) );
#4226 = PCURVE('',#4227,#4232);
#4227 = CYLINDRICAL_SURFACE('',#4228,0.2);
#4228 = AXIS2_PLACEMENT_3D('',#4229,#4230,#4231);
#4229 = CARTESIAN_POINT('',(-1.735,-1.197335388633,0.28));
#4230 = DIRECTION('',(0.,0.,1.));
#4231 = DIRECTION('',(1.,0.,-0.));
#4232 = DEFINITIONAL_REPRESENTATION('',(#4233),#4237);
#4233 = LINE('',#4234,#4235);
#4234 = CARTESIAN_POINT('',(3.14159265359,0.));
#4235 = VECTOR('',#4236,1.);
#4236 = DIRECTION('',(-1.,0.));
#4237 = ( GEOMETRIC_REPRESENTATION_CONTEXT(2) 
PARAMETRIC_REPRESENTATION_CONTEXT() REPRESENTATION_CONTEXT('2D SPACE',''
  ) );
#4238 = ORIENTED_EDGE('',*,*,#4239,.F.);
#4239 = EDGE_CURVE('',#4240,#4211,#4242,.T.);
#4240 = VERTEX_POINT('',#4241);
#4241 = CARTESIAN_POINT('',(-1.535,-1.65,0.28));
#4242 = SURFACE_CURVE('',#4243,(#4247,#4254),.PCURVE_S1.);
#4243 = LINE('',#4244,#4245);
#4244 = CARTESIAN_POINT('',(-1.535,-1.85,0.28));
#4245 = VECTOR('',#4246,1.);
#4246 = DIRECTION('',(0.,1.,0.));
#4247 = PCURVE('',#2639,#4248);
#4248 = DEFINITIONAL_REPRESENTATION('',(#4249),#4253);
#4249 = LINE('',#4250,#4251);
#4250 = CARTESIAN_POINT('',(1.85,1.535));
#4251 = VECTOR('',#4252,1.);
#4252 = DIRECTION('',(-1.,-0.));
#4253 = ( GEOMETRIC_REPRESENTATION_CONTEXT(2) 
PARAMETRIC_REPRESENTATION_CONTEXT() REPRESENTATION_CONTEXT('2D SPACE',''
  ) );
#4254 = PCURVE('',#4255,#4260);
#4255 = PLANE('',#4256);
#4256 = AXIS2_PLACEMENT_3D('',#4257,#4258,#4259);
#4257 = CARTESIAN_POINT('',(-1.535,-1.85,0.28));
#4258 = DIRECTION('',(-1.,0.,0.));
#4259 = DIRECTION('',(0.,0.,1.));
#4260 = DEFINITIONAL_REPRESENTATION('',(#4261),#4265);
#4261 = LINE('',#4262,#4263);
#4262 = CARTESIAN_POINT('',(0.,0.));
#4263 = VECTOR('',#4264,1.);
#4264 = DIRECTION('',(0.,1.));
#4265 = ( GEOMETRIC_REPRESENTATION_CONTEXT(2) 
PARAMETRIC_REPRESENTATION_CONTEXT() REPRESENTATION_CONTEXT('2D SPACE',''
  ) );
#4266 = ORIENTED_EDGE('',*,*,#4267,.T.);
#4267 = EDGE_CURVE('',#4240,#4268,#4270,.T.);
#4268 = VERTEX_POINT('',#4269);
#4269 = CARTESIAN_POINT('',(-1.335,-1.85,0.28));
#4270 = SURFACE_CURVE('',#4271,(#4276,#4287),.PCURVE_S1.);
#4271 = CIRCLE('',#4272,0.2);
#4272 = AXIS2_PLACEMENT_3D('',#4273,#4274,#4275);
#4273 = CARTESIAN_POINT('',(-1.335,-1.65,0.28));
#4274 = DIRECTION('',(0.,0.,1.));
#4275 = DIRECTION('',(-1.,0.,0.));
#4276 = PCURVE('',#2639,#4277);
#4277 = DEFINITIONAL_REPRESENTATION('',(#4278),#4286);
#4278 = ( BOUNDED_CURVE() B_SPLINE_CURVE(2,(#4279,#4280,#4281,#4282,
#4283,#4284,#4285),.UNSPECIFIED.,.T.,.F.) B_SPLINE_CURVE_WITH_KNOTS((1,2
    ,2,2,2,1),(-2.094395102393,0.,2.094395102393,4.188790204786,
6.28318530718,8.377580409573),.UNSPECIFIED.) CURVE() 
GEOMETRIC_REPRESENTATION_ITEM() RATIONAL_B_SPLINE_CURVE((1.,0.5,1.,0.5,
1.,0.5,1.)) REPRESENTATION_ITEM('') );
#4279 = CARTESIAN_POINT('',(1.65,1.535));
#4280 = CARTESIAN_POINT('',(1.996410161514,1.535));
#4281 = CARTESIAN_POINT('',(1.823205080757,1.235));
#4282 = CARTESIAN_POINT('',(1.65,0.935));
#4283 = CARTESIAN_POINT('',(1.476794919243,1.235));
#4284 = CARTESIAN_POINT('',(1.303589838486,1.535));
#4285 = CARTESIAN_POINT('',(1.65,1.535));
#4286 = ( GEOMETRIC_REPRESENTATION_CONTEXT(2) 
PARAMETRIC_REPRESENTATION_CONTEXT() REPRESENTATION_CONTEXT('2D SPACE',''
  ) );
#4287 = PCURVE('',#4288,#4293);
#4288 = CYLINDRICAL_SURFACE('',#4289,0.2);
#4289 = AXIS2_PLACEMENT_3D('',#4290,#4291,#4292);
#4290 = CARTESIAN_POINT('',(-1.335,-1.65,3.E-02));
#4291 = DIRECTION('',(0.,0.,1.));
#4292 = DIRECTION('',(1.,0.,-0.));
#4293 = DEFINITIONAL_REPRESENTATION('',(#4294),#4298);
#4294 = LINE('',#4295,#4296);
#4295 = CARTESIAN_POINT('',(3.14159265359,0.25));
#4296 = VECTOR('',#4297,1.);
#4297 = DIRECTION('',(1.,0.));
#4298 = ( GEOMETRIC_REPRESENTATION_CONTEXT(2) 
PARAMETRIC_REPRESENTATION_CONTEXT() REPRESENTATION_CONTEXT('2D SPACE',''
  ) );
#4299 = ORIENTED_EDGE('',*,*,#4300,.F.);
#4300 = EDGE_CURVE('',#4301,#4268,#4303,.T.);
#4301 = VERTEX_POINT('',#4302);
#4302 = CARTESIAN_POINT('',(1.335,-1.85,0.28));
#4303 = SURFACE_CURVE('',#4304,(#4308,#4315),.PCURVE_S1.);
#4304 = LINE('',#4305,#4306);
#4305 = CARTESIAN_POINT('',(1.535,-1.85,0.28));
#4306 = VECTOR('',#4307,1.);
#4307 = DIRECTION('',(-1.,0.,0.));
#4308 = PCURVE('',#2639,#4309);
#4309 = DEFINITIONAL_REPRESENTATION('',(#4310),#4314);
#4310 = LINE('',#4311,#4312);
#4311 = CARTESIAN_POINT('',(1.85,-1.535));
#4312 = VECTOR('',#4313,1.);
#4313 = DIRECTION('',(0.,1.));
#4314 = ( GEOMETRIC_REPRESENTATION_CONTEXT(2) 
PARAMETRIC_REPRESENTATION_CONTEXT() REPRESENTATION_CONTEXT('2D SPACE',''
  ) );
#4315 = PCURVE('',#4316,#4321);
#4316 = PLANE('',#4317);
#4317 = AXIS2_PLACEMENT_3D('',#4318,#4319,#4320);
#4318 = CARTESIAN_POINT('',(-1.1,-1.85,3.E-02));
#4319 = DIRECTION('',(-0.,1.,0.));
#4320 = DIRECTION('',(1.,0.,0.));
#4321 = DEFINITIONAL_REPRESENTATION('',(#4322),#4326);
#4322 = LINE('',#4323,#4324);
#4323 = CARTESIAN_POINT('',(2.635,-0.25));
#4324 = VECTOR('',#4325,1.);
#4325 = DIRECTION('',(-1.,0.));
#4326 = ( GEOMETRIC_REPRESENTATION_CONTEXT(2) 
PARAMETRIC_REPRESENTATION_CONTEXT() REPRESENTATION_CONTEXT('2D SPACE',''
  ) );
#4327 = ORIENTED_EDGE('',*,*,#4328,.T.);
#4328 = EDGE_CURVE('',#4301,#4329,#4331,.T.);
#4329 = VERTEX_POINT('',#4330);
#4330 = CARTESIAN_POINT('',(1.535,-1.65,0.28));
#4331 = SURFACE_CURVE('',#4332,(#4337,#4348),.PCURVE_S1.);
#4332 = CIRCLE('',#4333,0.2);
#4333 = AXIS2_PLACEMENT_3D('',#4334,#4335,#4336);
#4334 = CARTESIAN_POINT('',(1.335,-1.65,0.28));
#4335 = DIRECTION('',(0.,0.,1.));
#4336 = DIRECTION('',(-1.,0.,0.));
#4337 = PCURVE('',#2639,#4338);
#4338 = DEFINITIONAL_REPRESENTATION('',(#4339),#4347);
#4339 = ( BOUNDED_CURVE() B_SPLINE_CURVE(2,(#4340,#4341,#4342,#4343,
#4344,#4345,#4346),.UNSPECIFIED.,.T.,.F.) B_SPLINE_CURVE_WITH_KNOTS((1,2
    ,2,2,2,1),(-2.094395102393,0.,2.094395102393,4.188790204786,
6.28318530718,8.377580409573),.UNSPECIFIED.) CURVE() 
GEOMETRIC_REPRESENTATION_ITEM() RATIONAL_B_SPLINE_CURVE((1.,0.5,1.,0.5,
1.,0.5,1.)) REPRESENTATION_ITEM('') );
#4340 = CARTESIAN_POINT('',(1.65,-1.135));
#4341 = CARTESIAN_POINT('',(1.996410161514,-1.135));
#4342 = CARTESIAN_POINT('',(1.823205080757,-1.435));
#4343 = CARTESIAN_POINT('',(1.65,-1.735));
#4344 = CARTESIAN_POINT('',(1.476794919243,-1.435));
#4345 = CARTESIAN_POINT('',(1.303589838486,-1.135));
#4346 = CARTESIAN_POINT('',(1.65,-1.135));
#4347 = ( GEOMETRIC_REPRESENTATION_CONTEXT(2) 
PARAMETRIC_REPRESENTATION_CONTEXT() REPRESENTATION_CONTEXT('2D SPACE',''
  ) );
#4348 = PCURVE('',#4349,#4354);
#4349 = CYLINDRICAL_SURFACE('',#4350,0.2);
#4350 = AXIS2_PLACEMENT_3D('',#4351,#4352,#4353);
#4351 = CARTESIAN_POINT('',(1.335,-1.65,0.28));
#4352 = DIRECTION('',(0.,0.,1.));
#4353 = DIRECTION('',(1.,0.,-0.));
#4354 = DEFINITIONAL_REPRESENTATION('',(#4355),#4359);
#4355 = LINE('',#4356,#4357);
#4356 = CARTESIAN_POINT('',(3.14159265359,0.));
#4357 = VECTOR('',#4358,1.);
#4358 = DIRECTION('',(1.,0.));
#4359 = ( GEOMETRIC_REPRESENTATION_CONTEXT(2) 
PARAMETRIC_REPRESENTATION_CONTEXT() REPRESENTATION_CONTEXT('2D SPACE',''
  ) );
#4360 = ORIENTED_EDGE('',*,*,#4361,.F.);
#4361 = EDGE_CURVE('',#4362,#4329,#4364,.T.);
#4362 = VERTEX_POINT('',#4363);
#4363 = CARTESIAN_POINT('',(1.535,-1.197335388633,0.28));
#4364 = SURFACE_CURVE('',#4365,(#4369,#4376),.PCURVE_S1.);
#4365 = LINE('',#4366,#4367);
#4366 = CARTESIAN_POINT('',(1.535,-1.081865334795,0.28));
#4367 = VECTOR('',#4368,1.);
#4368 = DIRECTION('',(-5.645896333533E-16,-1.,0.));
#4369 = PCURVE('',#2639,#4370);
#4370 = DEFINITIONAL_REPRESENTATION('',(#4371),#4375);
#4371 = LINE('',#4372,#4373);
#4372 = CARTESIAN_POINT('',(1.081865334795,-1.535));
#4373 = VECTOR('',#4374,1.);
#4374 = DIRECTION('',(1.,5.645896333533E-16));
#4375 = ( GEOMETRIC_REPRESENTATION_CONTEXT(2) 
PARAMETRIC_REPRESENTATION_CONTEXT() REPRESENTATION_CONTEXT('2D SPACE',''
  ) );
#4376 = PCURVE('',#4377,#4382);
#4377 = PLANE('',#4378);
#4378 = AXIS2_PLACEMENT_3D('',#4379,#4380,#4381);
#4379 = CARTESIAN_POINT('',(1.535,-1.081865334795,0.28));
#4380 = DIRECTION('',(1.,-5.645896333533E-16,0.));
#4381 = DIRECTION('',(-5.645896333533E-16,-1.,0.));
#4382 = DEFINITIONAL_REPRESENTATION('',(#4383),#4387);
#4383 = LINE('',#4384,#4385);
#4384 = CARTESIAN_POINT('',(0.,0.));
#4385 = VECTOR('',#4386,1.);
#4386 = DIRECTION('',(1.,0.));
#4387 = ( GEOMETRIC_REPRESENTATION_CONTEXT(2) 
PARAMETRIC_REPRESENTATION_CONTEXT() REPRESENTATION_CONTEXT('2D SPACE',''
  ) );
#4388 = ORIENTED_EDGE('',*,*,#4389,.T.);
#4389 = EDGE_CURVE('',#4362,#4390,#4392,.T.);
#4390 = VERTEX_POINT('',#4391);
#4391 = CARTESIAN_POINT('',(1.635,-1.024130307876,0.28));
#4392 = SURFACE_CURVE('',#4393,(#4398,#4405),.PCURVE_S1.);
#4393 = CIRCLE('',#4394,0.2);
#4394 = AXIS2_PLACEMENT_3D('',#4395,#4396,#4397);
#4395 = CARTESIAN_POINT('',(1.735,-1.197335388633,0.28));
#4396 = DIRECTION('',(0.,0.,-1.));
#4397 = DIRECTION('',(-1.,0.,0.));
#4398 = PCURVE('',#2639,#4399);
#4399 = DEFINITIONAL_REPRESENTATION('',(#4400),#4404);
#4400 = CIRCLE('',#4401,0.2);
#4401 = AXIS2_PLACEMENT_2D('',#4402,#4403);
#4402 = CARTESIAN_POINT('',(1.197335388633,-1.735));
#4403 = DIRECTION('',(0.,1.));
#4404 = ( GEOMETRIC_REPRESENTATION_CONTEXT(2) 
PARAMETRIC_REPRESENTATION_CONTEXT() REPRESENTATION_CONTEXT('2D SPACE',''
  ) );
#4405 = PCURVE('',#4406,#4411);
#4406 = CYLINDRICAL_SURFACE('',#4407,0.2);
#4407 = AXIS2_PLACEMENT_3D('',#4408,#4409,#4410);
#4408 = CARTESIAN_POINT('',(1.735,-1.197335388633,0.28));
#4409 = DIRECTION('',(0.,0.,1.));
#4410 = DIRECTION('',(1.,0.,-0.));
#4411 = DEFINITIONAL_REPRESENTATION('',(#4412),#4416);
#4412 = LINE('',#4413,#4414);
#4413 = CARTESIAN_POINT('',(3.14159265359,0.));
#4414 = VECTOR('',#4415,1.);
#4415 = DIRECTION('',(-1.,0.));
#4416 = ( GEOMETRIC_REPRESENTATION_CONTEXT(2) 
PARAMETRIC_REPRESENTATION_CONTEXT() REPRESENTATION_CONTEXT('2D SPACE',''
  ) );
#4417 = ORIENTED_EDGE('',*,*,#4418,.F.);
#4418 = EDGE_CURVE('',#4419,#4390,#4421,.T.);
#4419 = VERTEX_POINT('',#4420);
#4420 = CARTESIAN_POINT('',(1.7425,-0.962065153938,0.28));
#4421 = SURFACE_CURVE('',#4422,(#4426,#4433),.PCURVE_S1.);
#4422 = LINE('',#4423,#4424);
#4423 = CARTESIAN_POINT('',(1.85,-0.9,0.28));
#4424 = VECTOR('',#4425,1.);
#4425 = DIRECTION('',(-0.866025403784,-0.5,0.));
#4426 = PCURVE('',#2639,#4427);
#4427 = DEFINITIONAL_REPRESENTATION('',(#4428),#4432);
#4428 = LINE('',#4429,#4430);
#4429 = CARTESIAN_POINT('',(0.9,-1.85));
#4430 = VECTOR('',#4431,1.);
#4431 = DIRECTION('',(0.5,0.866025403784));
#4432 = ( GEOMETRIC_REPRESENTATION_CONTEXT(2) 
PARAMETRIC_REPRESENTATION_CONTEXT() REPRESENTATION_CONTEXT('2D SPACE',''
  ) );
#4433 = PCURVE('',#4434,#4439);
#4434 = PLANE('',#4435);
#4435 = AXIS2_PLACEMENT_3D('',#4436,#4437,#4438);
#4436 = CARTESIAN_POINT('',(1.85,-0.9,0.28));
#4437 = DIRECTION('',(0.5,-0.866025403784,0.));
#4438 = DIRECTION('',(0.,0.,-1.));
#4439 = DEFINITIONAL_REPRESENTATION('',(#4440),#4444);
#4440 = LINE('',#4441,#4442);
#4441 = CARTESIAN_POINT('',(0.,0.));
#4442 = VECTOR('',#4443,1.);
#4443 = DIRECTION('',(-0.,-1.));
#4444 = ( GEOMETRIC_REPRESENTATION_CONTEXT(2) 
PARAMETRIC_REPRESENTATION_CONTEXT() REPRESENTATION_CONTEXT('2D SPACE',''
  ) );
#4445 = ORIENTED_EDGE('',*,*,#4446,.T.);
#4446 = EDGE_CURVE('',#4419,#4097,#4447,.T.);
#4447 = SURFACE_CURVE('',#4448,(#4453,#4464),.PCURVE_S1.);
#4448 = CIRCLE('',#4449,0.215);
#4449 = AXIS2_PLACEMENT_3D('',#4450,#4451,#4452);
#4450 = CARTESIAN_POINT('',(1.635,-0.775869692124,0.28));
#4451 = DIRECTION('',(0.,-0.,1.));
#4452 = DIRECTION('',(0.,1.,0.));
#4453 = PCURVE('',#2639,#4454);
#4454 = DEFINITIONAL_REPRESENTATION('',(#4455),#4463);
#4455 = ( BOUNDED_CURVE() B_SPLINE_CURVE(2,(#4456,#4457,#4458,#4459,
#4460,#4461,#4462),.UNSPECIFIED.,.T.,.F.) B_SPLINE_CURVE_WITH_KNOTS((1,2
    ,2,2,2,1),(-2.094395102393,0.,2.094395102393,4.188790204786,
6.28318530718,8.377580409573),.UNSPECIFIED.) CURVE() 
GEOMETRIC_REPRESENTATION_ITEM() RATIONAL_B_SPLINE_CURVE((1.,0.5,1.,0.5,
1.,0.5,1.)) REPRESENTATION_ITEM('') );
#4456 = CARTESIAN_POINT('',(0.560869692124,-1.635));
#4457 = CARTESIAN_POINT('',(0.560869692124,-1.262609076373));
#4458 = CARTESIAN_POINT('',(0.883369692124,-1.448804538186));
#4459 = CARTESIAN_POINT('',(1.205869692124,-1.635));
#4460 = CARTESIAN_POINT('',(0.883369692124,-1.821195461814));
#4461 = CARTESIAN_POINT('',(0.560869692124,-2.007390923627));
#4462 = CARTESIAN_POINT('',(0.560869692124,-1.635));
#4463 = ( GEOMETRIC_REPRESENTATION_CONTEXT(2) 
PARAMETRIC_REPRESENTATION_CONTEXT() REPRESENTATION_CONTEXT('2D SPACE',''
  ) );
#4464 = PCURVE('',#4465,#4470);
#4465 = CYLINDRICAL_SURFACE('',#4466,0.215);
#4466 = AXIS2_PLACEMENT_3D('',#4467,#4468,#4469);
#4467 = CARTESIAN_POINT('',(1.635,-0.775869692124,-5.025794591765));
#4468 = DIRECTION('',(0.,0.,1.));
#4469 = DIRECTION('',(1.,0.,-0.));
#4470 = DEFINITIONAL_REPRESENTATION('',(#4471),#4475);
#4471 = LINE('',#4472,#4473);
#4472 = CARTESIAN_POINT('',(1.570796326795,5.305794591765));
#4473 = VECTOR('',#4474,1.);
#4474 = DIRECTION('',(1.,0.));
#4475 = ( GEOMETRIC_REPRESENTATION_CONTEXT(2) 
PARAMETRIC_REPRESENTATION_CONTEXT() REPRESENTATION_CONTEXT('2D SPACE',''
  ) );
#4476 = ADVANCED_FACE('',(#4477),#3170,.F.);
#4477 = FACE_BOUND('',#4478,.T.);
#4478 = EDGE_LOOP('',(#4479,#4502,#4503,#4504));
#4479 = ORIENTED_EDGE('',*,*,#4480,.T.);
#4480 = EDGE_CURVE('',#4481,#3155,#4483,.T.);
#4481 = VERTEX_POINT('',#4482);
#4482 = CARTESIAN_POINT('',(1.85,-0.775869692124,0.));
#4483 = SURFACE_CURVE('',#4484,(#4488,#4495),.PCURVE_S1.);
#4484 = LINE('',#4485,#4486);
#4485 = CARTESIAN_POINT('',(1.85,-0.9,0.));
#4486 = VECTOR('',#4487,1.);
#4487 = DIRECTION('',(-1.204669080539E-16,1.,0.));
#4488 = PCURVE('',#3170,#4489);
#4489 = DEFINITIONAL_REPRESENTATION('',(#4490),#4494);
#4490 = LINE('',#4491,#4492);
#4491 = CARTESIAN_POINT('',(0.,3.E-02));
#4492 = VECTOR('',#4493,1.);
#4493 = DIRECTION('',(1.,0.));
#4494 = ( GEOMETRIC_REPRESENTATION_CONTEXT(2) 
PARAMETRIC_REPRESENTATION_CONTEXT() REPRESENTATION_CONTEXT('2D SPACE',''
  ) );
#4495 = PCURVE('',#132,#4496);
#4496 = DEFINITIONAL_REPRESENTATION('',(#4497),#4501);
#4497 = LINE('',#4498,#4499);
#4498 = CARTESIAN_POINT('',(1.85,-0.9));
#4499 = VECTOR('',#4500,1.);
#4500 = DIRECTION('',(-1.204669080539E-16,1.));
#4501 = ( GEOMETRIC_REPRESENTATION_CONTEXT(2) 
PARAMETRIC_REPRESENTATION_CONTEXT() REPRESENTATION_CONTEXT('2D SPACE',''
  ) );
#4502 = ORIENTED_EDGE('',*,*,#3154,.T.);
#4503 = ORIENTED_EDGE('',*,*,#4096,.T.);
#4504 = ORIENTED_EDGE('',*,*,#4505,.F.);
#4505 = EDGE_CURVE('',#4481,#4097,#4506,.T.);
#4506 = SURFACE_CURVE('',#4507,(#4511,#4518),.PCURVE_S1.);
#4507 = LINE('',#4508,#4509);
#4508 = CARTESIAN_POINT('',(1.85,-0.775869692124,-5.025794591765));
#4509 = VECTOR('',#4510,1.);
#4510 = DIRECTION('',(0.,0.,1.));
#4511 = PCURVE('',#3170,#4512);
#4512 = DEFINITIONAL_REPRESENTATION('',(#4513),#4517);
#4513 = LINE('',#4514,#4515);
#4514 = CARTESIAN_POINT('',(0.124130307876,5.055794591765));
#4515 = VECTOR('',#4516,1.);
#4516 = DIRECTION('',(0.,-1.));
#4517 = ( GEOMETRIC_REPRESENTATION_CONTEXT(2) 
PARAMETRIC_REPRESENTATION_CONTEXT() REPRESENTATION_CONTEXT('2D SPACE',''
  ) );
#4518 = PCURVE('',#4465,#4519);
#4519 = DEFINITIONAL_REPRESENTATION('',(#4520),#4524);
#4520 = LINE('',#4521,#4522);
#4521 = CARTESIAN_POINT('',(6.28318530718,0.));
#4522 = VECTOR('',#4523,1.);
#4523 = DIRECTION('',(0.,1.));
#4524 = ( GEOMETRIC_REPRESENTATION_CONTEXT(2) 
PARAMETRIC_REPRESENTATION_CONTEXT() REPRESENTATION_CONTEXT('2D SPACE',''
  ) );
#4525 = ADVANCED_FACE('',(#4526,#4745,#4774,#5052,#5282,#5307,#5332,
    #5357,#5382,#5407,#5432,#5457),#132,.F.);
#4526 = FACE_BOUND('',#4527,.T.);
#4527 = EDGE_LOOP('',(#4528,#4558,#4580,#4581,#4604,#4633,#4661,#4690,
    #4718));
#4528 = ORIENTED_EDGE('',*,*,#4529,.T.);
#4529 = EDGE_CURVE('',#4530,#4532,#4534,.T.);
#4530 = VERTEX_POINT('',#4531);
#4531 = CARTESIAN_POINT('',(-0.307545297351,-0.130908607234,0.));
#4532 = VERTEX_POINT('',#4533);
#4533 = CARTESIAN_POINT('',(-0.242545297351,6.909139276624E-02,0.));
#4534 = SURFACE_CURVE('',#4535,(#4539,#4546),.PCURVE_S1.);
#4535 = LINE('',#4536,#4537);
#4536 = CARTESIAN_POINT('',(-0.33,-0.2,0.));
#4537 = VECTOR('',#4538,1.);
#4538 = DIRECTION('',(0.309086072338,0.951034068731,0.));
#4539 = PCURVE('',#132,#4540);
#4540 = DEFINITIONAL_REPRESENTATION('',(#4541),#4545);
#4541 = LINE('',#4542,#4543);
#4542 = CARTESIAN_POINT('',(-0.33,-0.2));
#4543 = VECTOR('',#4544,1.);
#4544 = DIRECTION('',(0.309086072338,0.951034068731));
#4545 = ( GEOMETRIC_REPRESENTATION_CONTEXT(2) 
PARAMETRIC_REPRESENTATION_CONTEXT() REPRESENTATION_CONTEXT('2D SPACE',''
  ) );
#4546 = PCURVE('',#4547,#4552);
#4547 = PLANE('',#4548);
#4548 = AXIS2_PLACEMENT_3D('',#4549,#4550,#4551);
#4549 = CARTESIAN_POINT('',(-0.33,-0.2,1.E-02));
#4550 = DIRECTION('',(-0.951034068731,0.309086072338,0.));
#4551 = DIRECTION('',(0.,0.,1.));
#4552 = DEFINITIONAL_REPRESENTATION('',(#4553),#4557);
#4553 = LINE('',#4554,#4555);
#4554 = CARTESIAN_POINT('',(-1.E-02,0.));
#4555 = VECTOR('',#4556,1.);
#4556 = DIRECTION('',(0.,1.));
#4557 = ( GEOMETRIC_REPRESENTATION_CONTEXT(2) 
PARAMETRIC_REPRESENTATION_CONTEXT() REPRESENTATION_CONTEXT('2D SPACE',''
  ) );
#4558 = ORIENTED_EDGE('',*,*,#4559,.T.);
#4559 = EDGE_CURVE('',#4532,#90,#4560,.T.);
#4560 = SURFACE_CURVE('',#4561,(#4566,#4573),.PCURVE_S1.);
#4561 = CIRCLE('',#4562,1.E-01);
#4562 = AXIS2_PLACEMENT_3D('',#4563,#4564,#4565);
#4563 = CARTESIAN_POINT('',(-0.337648704224,0.1,0.));
#4564 = DIRECTION('',(0.,0.,1.));
#4565 = DIRECTION('',(1.,0.,-0.));
#4566 = PCURVE('',#132,#4567);
#4567 = DEFINITIONAL_REPRESENTATION('',(#4568),#4572);
#4568 = CIRCLE('',#4569,1.E-01);
#4569 = AXIS2_PLACEMENT_2D('',#4570,#4571);
#4570 = CARTESIAN_POINT('',(-0.337648704224,0.1));
#4571 = DIRECTION('',(1.,0.));
#4572 = ( GEOMETRIC_REPRESENTATION_CONTEXT(2) 
PARAMETRIC_REPRESENTATION_CONTEXT() REPRESENTATION_CONTEXT('2D SPACE',''
  ) );
#4573 = PCURVE('',#105,#4574);
#4574 = DEFINITIONAL_REPRESENTATION('',(#4575),#4579);
#4575 = LINE('',#4576,#4577);
#4576 = CARTESIAN_POINT('',(0.,-1.E-02));
#4577 = VECTOR('',#4578,1.);
#4578 = DIRECTION('',(1.,0.));
#4579 = ( GEOMETRIC_REPRESENTATION_CONTEXT(2) 
PARAMETRIC_REPRESENTATION_CONTEXT() REPRESENTATION_CONTEXT('2D SPACE',''
  ) );
#4580 = ORIENTED_EDGE('',*,*,#117,.T.);
#4581 = ORIENTED_EDGE('',*,*,#4582,.T.);
#4582 = EDGE_CURVE('',#22,#4583,#4585,.T.);
#4583 = VERTEX_POINT('',#4584);
#4584 = CARTESIAN_POINT('',(-0.55,0.2,0.));
#4585 = SURFACE_CURVE('',#4586,(#4590,#4597),.PCURVE_S1.);
#4586 = LINE('',#4587,#4588);
#4587 = CARTESIAN_POINT('',(-0.2,0.2,0.));
#4588 = VECTOR('',#4589,1.);
#4589 = DIRECTION('',(-1.,-6.023345402697E-17,0.));
#4590 = PCURVE('',#132,#4591);
#4591 = DEFINITIONAL_REPRESENTATION('',(#4592),#4596);
#4592 = LINE('',#4593,#4594);
#4593 = CARTESIAN_POINT('',(-0.2,0.2));
#4594 = VECTOR('',#4595,1.);
#4595 = DIRECTION('',(-1.,-6.023345402697E-17));
#4596 = ( GEOMETRIC_REPRESENTATION_CONTEXT(2) 
PARAMETRIC_REPRESENTATION_CONTEXT() REPRESENTATION_CONTEXT('2D SPACE',''
  ) );
#4597 = PCURVE('',#44,#4598);
#4598 = DEFINITIONAL_REPRESENTATION('',(#4599),#4603);
#4599 = LINE('',#4600,#4601);
#4600 = CARTESIAN_POINT('',(1.E-02,0.));
#4601 = VECTOR('',#4602,1.);
#4602 = DIRECTION('',(-0.,-1.));
#4603 = ( GEOMETRIC_REPRESENTATION_CONTEXT(2) 
PARAMETRIC_REPRESENTATION_CONTEXT() REPRESENTATION_CONTEXT('2D SPACE',''
  ) );
#4604 = ORIENTED_EDGE('',*,*,#4605,.T.);
#4605 = EDGE_CURVE('',#4583,#4606,#4608,.T.);
#4606 = VERTEX_POINT('',#4607);
#4607 = CARTESIAN_POINT('',(-0.65,0.1,0.));
#4608 = SURFACE_CURVE('',#4609,(#4614,#4621),.PCURVE_S1.);
#4609 = CIRCLE('',#4610,1.E-01);
#4610 = AXIS2_PLACEMENT_3D('',#4611,#4612,#4613);
#4611 = CARTESIAN_POINT('',(-0.55,0.1,0.));
#4612 = DIRECTION('',(0.,0.,1.));
#4613 = DIRECTION('',(1.,0.,-0.));
#4614 = PCURVE('',#132,#4615);
#4615 = DEFINITIONAL_REPRESENTATION('',(#4616),#4620);
#4616 = CIRCLE('',#4617,1.E-01);
#4617 = AXIS2_PLACEMENT_2D('',#4618,#4619);
#4618 = CARTESIAN_POINT('',(-0.55,0.1));
#4619 = DIRECTION('',(1.,0.));
#4620 = ( GEOMETRIC_REPRESENTATION_CONTEXT(2) 
PARAMETRIC_REPRESENTATION_CONTEXT() REPRESENTATION_CONTEXT('2D SPACE',''
  ) );
#4621 = PCURVE('',#4622,#4627);
#4622 = CYLINDRICAL_SURFACE('',#4623,1.E-01);
#4623 = AXIS2_PLACEMENT_3D('',#4624,#4625,#4626);
#4624 = CARTESIAN_POINT('',(-0.55,0.1,1.E-02));
#4625 = DIRECTION('',(0.,0.,1.));
#4626 = DIRECTION('',(1.,0.,-0.));
#4627 = DEFINITIONAL_REPRESENTATION('',(#4628),#4632);
#4628 = LINE('',#4629,#4630);
#4629 = CARTESIAN_POINT('',(0.,-1.E-02));
#4630 = VECTOR('',#4631,1.);
#4631 = DIRECTION('',(1.,0.));
#4632 = ( GEOMETRIC_REPRESENTATION_CONTEXT(2) 
PARAMETRIC_REPRESENTATION_CONTEXT() REPRESENTATION_CONTEXT('2D SPACE',''
  ) );
#4633 = ORIENTED_EDGE('',*,*,#4634,.T.);
#4634 = EDGE_CURVE('',#4606,#4635,#4637,.T.);
#4635 = VERTEX_POINT('',#4636);
#4636 = CARTESIAN_POINT('',(-0.65,-0.1,0.));
#4637 = SURFACE_CURVE('',#4638,(#4642,#4649),.PCURVE_S1.);
#4638 = LINE('',#4639,#4640);
#4639 = CARTESIAN_POINT('',(-0.65,0.2,0.));
#4640 = VECTOR('',#4641,1.);
#4641 = DIRECTION('',(2.710505431214E-16,-1.,0.));
#4642 = PCURVE('',#132,#4643);
#4643 = DEFINITIONAL_REPRESENTATION('',(#4644),#4648);
#4644 = LINE('',#4645,#4646);
#4645 = CARTESIAN_POINT('',(-0.65,0.2));
#4646 = VECTOR('',#4647,1.);
#4647 = DIRECTION('',(2.710505431214E-16,-1.));
#4648 = ( GEOMETRIC_REPRESENTATION_CONTEXT(2) 
PARAMETRIC_REPRESENTATION_CONTEXT() REPRESENTATION_CONTEXT('2D SPACE',''
  ) );
#4649 = PCURVE('',#4650,#4655);
#4650 = PLANE('',#4651);
#4651 = AXIS2_PLACEMENT_3D('',#4652,#4653,#4654);
#4652 = CARTESIAN_POINT('',(-0.65,0.2,1.E-02));
#4653 = DIRECTION('',(1.,2.710505431214E-16,0.));
#4654 = DIRECTION('',(-2.710505431214E-16,1.,0.));
#4655 = DEFINITIONAL_REPRESENTATION('',(#4656),#4660);
#4656 = LINE('',#4657,#4658);
#4657 = CARTESIAN_POINT('',(0.,-1.E-02));
#4658 = VECTOR('',#4659,1.);
#4659 = DIRECTION('',(-1.,0.));
#4660 = ( GEOMETRIC_REPRESENTATION_CONTEXT(2) 
PARAMETRIC_REPRESENTATION_CONTEXT() REPRESENTATION_CONTEXT('2D SPACE',''
  ) );
#4661 = ORIENTED_EDGE('',*,*,#4662,.T.);
#4662 = EDGE_CURVE('',#4635,#4663,#4665,.T.);
#4663 = VERTEX_POINT('',#4664);
#4664 = CARTESIAN_POINT('',(-0.55,-0.2,0.));
#4665 = SURFACE_CURVE('',#4666,(#4671,#4678),.PCURVE_S1.);
#4666 = CIRCLE('',#4667,1.E-01);
#4667 = AXIS2_PLACEMENT_3D('',#4668,#4669,#4670);
#4668 = CARTESIAN_POINT('',(-0.55,-0.1,0.));
#4669 = DIRECTION('',(0.,0.,1.));
#4670 = DIRECTION('',(1.,0.,-0.));
#4671 = PCURVE('',#132,#4672);
#4672 = DEFINITIONAL_REPRESENTATION('',(#4673),#4677);
#4673 = CIRCLE('',#4674,1.E-01);
#4674 = AXIS2_PLACEMENT_2D('',#4675,#4676);
#4675 = CARTESIAN_POINT('',(-0.55,-0.1));
#4676 = DIRECTION('',(1.,0.));
#4677 = ( GEOMETRIC_REPRESENTATION_CONTEXT(2) 
PARAMETRIC_REPRESENTATION_CONTEXT() REPRESENTATION_CONTEXT('2D SPACE',''
  ) );
#4678 = PCURVE('',#4679,#4684);
#4679 = CYLINDRICAL_SURFACE('',#4680,1.E-01);
#4680 = AXIS2_PLACEMENT_3D('',#4681,#4682,#4683);
#4681 = CARTESIAN_POINT('',(-0.55,-0.1,1.E-02));
#4682 = DIRECTION('',(0.,0.,1.));
#4683 = DIRECTION('',(1.,0.,-0.));
#4684 = DEFINITIONAL_REPRESENTATION('',(#4685),#4689);
#4685 = LINE('',#4686,#4687);
#4686 = CARTESIAN_POINT('',(0.,-1.E-02));
#4687 = VECTOR('',#4688,1.);
#4688 = DIRECTION('',(1.,0.));
#4689 = ( GEOMETRIC_REPRESENTATION_CONTEXT(2) 
PARAMETRIC_REPRESENTATION_CONTEXT() REPRESENTATION_CONTEXT('2D SPACE',''
  ) );
#4690 = ORIENTED_EDGE('',*,*,#4691,.T.);
#4691 = EDGE_CURVE('',#4663,#4692,#4694,.T.);
#4692 = VERTEX_POINT('',#4693);
#4693 = CARTESIAN_POINT('',(-0.402648704224,-0.2,0.));
#4694 = SURFACE_CURVE('',#4695,(#4699,#4706),.PCURVE_S1.);
#4695 = LINE('',#4696,#4697);
#4696 = CARTESIAN_POINT('',(-0.65,-0.2,0.));
#4697 = VECTOR('',#4698,1.);
#4698 = DIRECTION('',(1.,3.388131789017E-16,0.));
#4699 = PCURVE('',#132,#4700);
#4700 = DEFINITIONAL_REPRESENTATION('',(#4701),#4705);
#4701 = LINE('',#4702,#4703);
#4702 = CARTESIAN_POINT('',(-0.65,-0.2));
#4703 = VECTOR('',#4704,1.);
#4704 = DIRECTION('',(1.,3.388131789017E-16));
#4705 = ( GEOMETRIC_REPRESENTATION_CONTEXT(2) 
PARAMETRIC_REPRESENTATION_CONTEXT() REPRESENTATION_CONTEXT('2D SPACE',''
  ) );
#4706 = PCURVE('',#4707,#4712);
#4707 = PLANE('',#4708);
#4708 = AXIS2_PLACEMENT_3D('',#4709,#4710,#4711);
#4709 = CARTESIAN_POINT('',(-0.65,-0.2,1.E-02));
#4710 = DIRECTION('',(-3.388131789017E-16,1.,0.));
#4711 = DIRECTION('',(1.,3.388131789017E-16,0.));
#4712 = DEFINITIONAL_REPRESENTATION('',(#4713),#4717);
#4713 = LINE('',#4714,#4715);
#4714 = CARTESIAN_POINT('',(0.,1.E-02));
#4715 = VECTOR('',#4716,1.);
#4716 = DIRECTION('',(1.,0.));
#4717 = ( GEOMETRIC_REPRESENTATION_CONTEXT(2) 
PARAMETRIC_REPRESENTATION_CONTEXT() REPRESENTATION_CONTEXT('2D SPACE',''
  ) );
#4718 = ORIENTED_EDGE('',*,*,#4719,.T.);
#4719 = EDGE_CURVE('',#4692,#4530,#4720,.T.);
#4720 = SURFACE_CURVE('',#4721,(#4726,#4733),.PCURVE_S1.);
#4721 = CIRCLE('',#4722,1.E-01);
#4722 = AXIS2_PLACEMENT_3D('',#4723,#4724,#4725);
#4723 = CARTESIAN_POINT('',(-0.402648704224,-0.1,0.));
#4724 = DIRECTION('',(0.,0.,1.));
#4725 = DIRECTION('',(1.,0.,-0.));
#4726 = PCURVE('',#132,#4727);
#4727 = DEFINITIONAL_REPRESENTATION('',(#4728),#4732);
#4728 = CIRCLE('',#4729,1.E-01);
#4729 = AXIS2_PLACEMENT_2D('',#4730,#4731);
#4730 = CARTESIAN_POINT('',(-0.402648704224,-0.1));
#4731 = DIRECTION('',(1.,0.));
#4732 = ( GEOMETRIC_REPRESENTATION_CONTEXT(2) 
PARAMETRIC_REPRESENTATION_CONTEXT() REPRESENTATION_CONTEXT('2D SPACE',''
  ) );
#4733 = PCURVE('',#4734,#4739);
#4734 = CYLINDRICAL_SURFACE('',#4735,1.E-01);
#4735 = AXIS2_PLACEMENT_3D('',#4736,#4737,#4738);
#4736 = CARTESIAN_POINT('',(-0.402648704224,-0.1,1.E-02));
#4737 = DIRECTION('',(0.,0.,1.));
#4738 = DIRECTION('',(1.,0.,-0.));
#4739 = DEFINITIONAL_REPRESENTATION('',(#4740),#4744);
#4740 = LINE('',#4741,#4742);
#4741 = CARTESIAN_POINT('',(0.,-1.E-02));
#4742 = VECTOR('',#4743,1.);
#4743 = DIRECTION('',(1.,0.));
#4744 = ( GEOMETRIC_REPRESENTATION_CONTEXT(2) 
PARAMETRIC_REPRESENTATION_CONTEXT() REPRESENTATION_CONTEXT('2D SPACE',''
  ) );
#4745 = FACE_BOUND('',#4746,.T.);
#4746 = EDGE_LOOP('',(#4747,#4773));
#4747 = ORIENTED_EDGE('',*,*,#4748,.F.);
#4748 = EDGE_CURVE('',#150,#183,#4749,.T.);
#4749 = SURFACE_CURVE('',#4750,(#4755,#4766),.PCURVE_S1.);
#4750 = CIRCLE('',#4751,0.2);
#4751 = AXIS2_PLACEMENT_3D('',#4752,#4753,#4754);
#4752 = CARTESIAN_POINT('',(1.5,-2.609536585638E-17,0.));
#4753 = DIRECTION('',(0.,0.,-1.));
#4754 = DIRECTION('',(-1.,0.,0.));
#4755 = PCURVE('',#132,#4756);
#4756 = DEFINITIONAL_REPRESENTATION('',(#4757),#4765);
#4757 = ( BOUNDED_CURVE() B_SPLINE_CURVE(2,(#4758,#4759,#4760,#4761,
#4762,#4763,#4764),.UNSPECIFIED.,.T.,.F.) B_SPLINE_CURVE_WITH_KNOTS((1,2
    ,2,2,2,1),(-2.094395102393,0.,2.094395102393,4.188790204786,
6.28318530718,8.377580409573),.UNSPECIFIED.) CURVE() 
GEOMETRIC_REPRESENTATION_ITEM() RATIONAL_B_SPLINE_CURVE((1.,0.5,1.,0.5,
1.,0.5,1.)) REPRESENTATION_ITEM('') );
#4758 = CARTESIAN_POINT('',(1.3,-2.609536585638E-17));
#4759 = CARTESIAN_POINT('',(1.3,0.346410161514));
#4760 = CARTESIAN_POINT('',(1.6,0.173205080757));
#4761 = CARTESIAN_POINT('',(1.9,2.289050610951E-17));
#4762 = CARTESIAN_POINT('',(1.6,-0.173205080757));
#4763 = CARTESIAN_POINT('',(1.3,-0.346410161514));
#4764 = CARTESIAN_POINT('',(1.3,-2.609536585638E-17));
#4765 = ( GEOMETRIC_REPRESENTATION_CONTEXT(2) 
PARAMETRIC_REPRESENTATION_CONTEXT() REPRESENTATION_CONTEXT('2D SPACE',''
  ) );
#4766 = PCURVE('',#170,#4767);
#4767 = DEFINITIONAL_REPRESENTATION('',(#4768),#4772);
#4768 = LINE('',#4769,#4770);
#4769 = CARTESIAN_POINT('',(0.,1.E-02));
#4770 = VECTOR('',#4771,1.);
#4771 = DIRECTION('',(1.,0.));
#4772 = ( GEOMETRIC_REPRESENTATION_CONTEXT(2) 
PARAMETRIC_REPRESENTATION_CONTEXT() REPRESENTATION_CONTEXT('2D SPACE',''
  ) );
#4773 = ORIENTED_EDGE('',*,*,#182,.F.);
#4774 = FACE_BOUND('',#4775,.T.);
#4775 = EDGE_LOOP('',(#4776,#4777,#4778,#4779,#4803,#4831,#4860,#4888,
    #4911,#4939,#4968,#4996,#5024,#5045,#5046,#5047,#5048,#5049,#5050,
    #5051));
#4776 = ORIENTED_EDGE('',*,*,#3213,.F.);
#4777 = ORIENTED_EDGE('',*,*,#3182,.T.);
#4778 = ORIENTED_EDGE('',*,*,#4480,.F.);
#4779 = ORIENTED_EDGE('',*,*,#4780,.F.);
#4780 = EDGE_CURVE('',#4781,#4481,#4783,.T.);
#4781 = VERTEX_POINT('',#4782);
#4782 = CARTESIAN_POINT('',(1.810546764899,-0.9,0.));
#4783 = SURFACE_CURVE('',#4784,(#4789,#4796),.PCURVE_S1.);
#4784 = CIRCLE('',#4785,0.215);
#4785 = AXIS2_PLACEMENT_3D('',#4786,#4787,#4788);
#4786 = CARTESIAN_POINT('',(1.635,-0.775869692124,0.));
#4787 = DIRECTION('',(0.,0.,1.));
#4788 = DIRECTION('',(1.,0.,-0.));
#4789 = PCURVE('',#132,#4790);
#4790 = DEFINITIONAL_REPRESENTATION('',(#4791),#4795);
#4791 = CIRCLE('',#4792,0.215);
#4792 = AXIS2_PLACEMENT_2D('',#4793,#4794);
#4793 = CARTESIAN_POINT('',(1.635,-0.775869692124));
#4794 = DIRECTION('',(1.,0.));
#4795 = ( GEOMETRIC_REPRESENTATION_CONTEXT(2) 
PARAMETRIC_REPRESENTATION_CONTEXT() REPRESENTATION_CONTEXT('2D SPACE',''
  ) );
#4796 = PCURVE('',#4465,#4797);
#4797 = DEFINITIONAL_REPRESENTATION('',(#4798),#4802);
#4798 = LINE('',#4799,#4800);
#4799 = CARTESIAN_POINT('',(-8.881784197001E-16,5.025794591765));
#4800 = VECTOR('',#4801,1.);
#4801 = DIRECTION('',(1.,0.));
#4802 = ( GEOMETRIC_REPRESENTATION_CONTEXT(2) 
PARAMETRIC_REPRESENTATION_CONTEXT() REPRESENTATION_CONTEXT('2D SPACE',''
  ) );
#4803 = ORIENTED_EDGE('',*,*,#4804,.F.);
#4804 = EDGE_CURVE('',#4805,#4781,#4807,.T.);
#4805 = VERTEX_POINT('',#4806);
#4806 = CARTESIAN_POINT('',(1.3,-0.9,0.));
#4807 = SURFACE_CURVE('',#4808,(#4812,#4819),.PCURVE_S1.);
#4808 = LINE('',#4809,#4810);
#4809 = CARTESIAN_POINT('',(1.1,-0.9,0.));
#4810 = VECTOR('',#4811,1.);
#4811 = DIRECTION('',(1.,0.,0.));
#4812 = PCURVE('',#132,#4813);
#4813 = DEFINITIONAL_REPRESENTATION('',(#4814),#4818);
#4814 = LINE('',#4815,#4816);
#4815 = CARTESIAN_POINT('',(1.1,-0.9));
#4816 = VECTOR('',#4817,1.);
#4817 = DIRECTION('',(1.,0.));
#4818 = ( GEOMETRIC_REPRESENTATION_CONTEXT(2) 
PARAMETRIC_REPRESENTATION_CONTEXT() REPRESENTATION_CONTEXT('2D SPACE',''
  ) );
#4819 = PCURVE('',#4820,#4825);
#4820 = PLANE('',#4821);
#4821 = AXIS2_PLACEMENT_3D('',#4822,#4823,#4824);
#4822 = CARTESIAN_POINT('',(1.1,-0.9,3.E-02));
#4823 = DIRECTION('',(-0.,1.,0.));
#4824 = DIRECTION('',(1.,0.,0.));
#4825 = DEFINITIONAL_REPRESENTATION('',(#4826),#4830);
#4826 = LINE('',#4827,#4828);
#4827 = CARTESIAN_POINT('',(0.,3.E-02));
#4828 = VECTOR('',#4829,1.);
#4829 = DIRECTION('',(1.,0.));
#4830 = ( GEOMETRIC_REPRESENTATION_CONTEXT(2) 
PARAMETRIC_REPRESENTATION_CONTEXT() REPRESENTATION_CONTEXT('2D SPACE',''
  ) );
#4831 = ORIENTED_EDGE('',*,*,#4832,.T.);
#4832 = EDGE_CURVE('',#4805,#4833,#4835,.T.);
#4833 = VERTEX_POINT('',#4834);
#4834 = CARTESIAN_POINT('',(1.1,-1.1,0.));
#4835 = SURFACE_CURVE('',#4836,(#4841,#4848),.PCURVE_S1.);
#4836 = CIRCLE('',#4837,0.2);
#4837 = AXIS2_PLACEMENT_3D('',#4838,#4839,#4840);
#4838 = CARTESIAN_POINT('',(1.3,-1.1,0.));
#4839 = DIRECTION('',(0.,0.,1.));
#4840 = DIRECTION('',(1.,0.,-0.));
#4841 = PCURVE('',#132,#4842);
#4842 = DEFINITIONAL_REPRESENTATION('',(#4843),#4847);
#4843 = CIRCLE('',#4844,0.2);
#4844 = AXIS2_PLACEMENT_2D('',#4845,#4846);
#4845 = CARTESIAN_POINT('',(1.3,-1.1));
#4846 = DIRECTION('',(1.,0.));
#4847 = ( GEOMETRIC_REPRESENTATION_CONTEXT(2) 
PARAMETRIC_REPRESENTATION_CONTEXT() REPRESENTATION_CONTEXT('2D SPACE',''
  ) );
#4848 = PCURVE('',#4849,#4854);
#4849 = CYLINDRICAL_SURFACE('',#4850,0.2);
#4850 = AXIS2_PLACEMENT_3D('',#4851,#4852,#4853);
#4851 = CARTESIAN_POINT('',(1.3,-1.1,3.E-02));
#4852 = DIRECTION('',(0.,0.,1.));
#4853 = DIRECTION('',(1.,0.,-0.));
#4854 = DEFINITIONAL_REPRESENTATION('',(#4855),#4859);
#4855 = LINE('',#4856,#4857);
#4856 = CARTESIAN_POINT('',(0.,-3.E-02));
#4857 = VECTOR('',#4858,1.);
#4858 = DIRECTION('',(1.,0.));
#4859 = ( GEOMETRIC_REPRESENTATION_CONTEXT(2) 
PARAMETRIC_REPRESENTATION_CONTEXT() REPRESENTATION_CONTEXT('2D SPACE',''
  ) );
#4860 = ORIENTED_EDGE('',*,*,#4861,.F.);
#4861 = EDGE_CURVE('',#4862,#4833,#4864,.T.);
#4862 = VERTEX_POINT('',#4863);
#4863 = CARTESIAN_POINT('',(1.1,-1.85,0.));
#4864 = SURFACE_CURVE('',#4865,(#4869,#4876),.PCURVE_S1.);
#4865 = LINE('',#4866,#4867);
#4866 = CARTESIAN_POINT('',(1.1,-1.85,0.));
#4867 = VECTOR('',#4868,1.);
#4868 = DIRECTION('',(0.,1.,0.));
#4869 = PCURVE('',#132,#4870);
#4870 = DEFINITIONAL_REPRESENTATION('',(#4871),#4875);
#4871 = LINE('',#4872,#4873);
#4872 = CARTESIAN_POINT('',(1.1,-1.85));
#4873 = VECTOR('',#4874,1.);
#4874 = DIRECTION('',(0.,1.));
#4875 = ( GEOMETRIC_REPRESENTATION_CONTEXT(2) 
PARAMETRIC_REPRESENTATION_CONTEXT() REPRESENTATION_CONTEXT('2D SPACE',''
  ) );
#4876 = PCURVE('',#4877,#4882);
#4877 = PLANE('',#4878);
#4878 = AXIS2_PLACEMENT_3D('',#4879,#4880,#4881);
#4879 = CARTESIAN_POINT('',(1.1,-1.85,3.E-02));
#4880 = DIRECTION('',(-1.,0.,0.));
#4881 = DIRECTION('',(0.,0.,1.));
#4882 = DEFINITIONAL_REPRESENTATION('',(#4883),#4887);
#4883 = LINE('',#4884,#4885);
#4884 = CARTESIAN_POINT('',(-3.E-02,0.));
#4885 = VECTOR('',#4886,1.);
#4886 = DIRECTION('',(0.,1.));
#4887 = ( GEOMETRIC_REPRESENTATION_CONTEXT(2) 
PARAMETRIC_REPRESENTATION_CONTEXT() REPRESENTATION_CONTEXT('2D SPACE',''
  ) );
#4888 = ORIENTED_EDGE('',*,*,#4889,.F.);
#4889 = EDGE_CURVE('',#4890,#4862,#4892,.T.);
#4890 = VERTEX_POINT('',#4891);
#4891 = CARTESIAN_POINT('',(-1.1,-1.85,0.));
#4892 = SURFACE_CURVE('',#4893,(#4897,#4904),.PCURVE_S1.);
#4893 = LINE('',#4894,#4895);
#4894 = CARTESIAN_POINT('',(-1.1,-1.85,0.));
#4895 = VECTOR('',#4896,1.);
#4896 = DIRECTION('',(1.,0.,0.));
#4897 = PCURVE('',#132,#4898);
#4898 = DEFINITIONAL_REPRESENTATION('',(#4899),#4903);
#4899 = LINE('',#4900,#4901);
#4900 = CARTESIAN_POINT('',(-1.1,-1.85));
#4901 = VECTOR('',#4902,1.);
#4902 = DIRECTION('',(1.,0.));
#4903 = ( GEOMETRIC_REPRESENTATION_CONTEXT(2) 
PARAMETRIC_REPRESENTATION_CONTEXT() REPRESENTATION_CONTEXT('2D SPACE',''
  ) );
#4904 = PCURVE('',#4316,#4905);
#4905 = DEFINITIONAL_REPRESENTATION('',(#4906),#4910);
#4906 = LINE('',#4907,#4908);
#4907 = CARTESIAN_POINT('',(0.,3.E-02));
#4908 = VECTOR('',#4909,1.);
#4909 = DIRECTION('',(1.,0.));
#4910 = ( GEOMETRIC_REPRESENTATION_CONTEXT(2) 
PARAMETRIC_REPRESENTATION_CONTEXT() REPRESENTATION_CONTEXT('2D SPACE',''
  ) );
#4911 = ORIENTED_EDGE('',*,*,#4912,.F.);
#4912 = EDGE_CURVE('',#4913,#4890,#4915,.T.);
#4913 = VERTEX_POINT('',#4914);
#4914 = CARTESIAN_POINT('',(-1.1,-1.1,0.));
#4915 = SURFACE_CURVE('',#4916,(#4920,#4927),.PCURVE_S1.);
#4916 = LINE('',#4917,#4918);
#4917 = CARTESIAN_POINT('',(-1.1,-0.9,0.));
#4918 = VECTOR('',#4919,1.);
#4919 = DIRECTION('',(0.,-1.,0.));
#4920 = PCURVE('',#132,#4921);
#4921 = DEFINITIONAL_REPRESENTATION('',(#4922),#4926);
#4922 = LINE('',#4923,#4924);
#4923 = CARTESIAN_POINT('',(-1.1,-0.9));
#4924 = VECTOR('',#4925,1.);
#4925 = DIRECTION('',(0.,-1.));
#4926 = ( GEOMETRIC_REPRESENTATION_CONTEXT(2) 
PARAMETRIC_REPRESENTATION_CONTEXT() REPRESENTATION_CONTEXT('2D SPACE',''
  ) );
#4927 = PCURVE('',#4928,#4933);
#4928 = PLANE('',#4929);
#4929 = AXIS2_PLACEMENT_3D('',#4930,#4931,#4932);
#4930 = CARTESIAN_POINT('',(-1.1,-0.9,3.E-02));
#4931 = DIRECTION('',(1.,0.,0.));
#4932 = DIRECTION('',(-0.,1.,0.));
#4933 = DEFINITIONAL_REPRESENTATION('',(#4934),#4938);
#4934 = LINE('',#4935,#4936);
#4935 = CARTESIAN_POINT('',(0.,-3.E-02));
#4936 = VECTOR('',#4937,1.);
#4937 = DIRECTION('',(-1.,0.));
#4938 = ( GEOMETRIC_REPRESENTATION_CONTEXT(2) 
PARAMETRIC_REPRESENTATION_CONTEXT() REPRESENTATION_CONTEXT('2D SPACE',''
  ) );
#4939 = ORIENTED_EDGE('',*,*,#4940,.T.);
#4940 = EDGE_CURVE('',#4913,#4941,#4943,.T.);
#4941 = VERTEX_POINT('',#4942);
#4942 = CARTESIAN_POINT('',(-1.3,-0.9,0.));
#4943 = SURFACE_CURVE('',#4944,(#4949,#4956),.PCURVE_S1.);
#4944 = CIRCLE('',#4945,0.2);
#4945 = AXIS2_PLACEMENT_3D('',#4946,#4947,#4948);
#4946 = CARTESIAN_POINT('',(-1.3,-1.1,0.));
#4947 = DIRECTION('',(0.,0.,1.));
#4948 = DIRECTION('',(1.,0.,-0.));
#4949 = PCURVE('',#132,#4950);
#4950 = DEFINITIONAL_REPRESENTATION('',(#4951),#4955);
#4951 = CIRCLE('',#4952,0.2);
#4952 = AXIS2_PLACEMENT_2D('',#4953,#4954);
#4953 = CARTESIAN_POINT('',(-1.3,-1.1));
#4954 = DIRECTION('',(1.,0.));
#4955 = ( GEOMETRIC_REPRESENTATION_CONTEXT(2) 
PARAMETRIC_REPRESENTATION_CONTEXT() REPRESENTATION_CONTEXT('2D SPACE',''
  ) );
#4956 = PCURVE('',#4957,#4962);
#4957 = CYLINDRICAL_SURFACE('',#4958,0.2);
#4958 = AXIS2_PLACEMENT_3D('',#4959,#4960,#4961);
#4959 = CARTESIAN_POINT('',(-1.3,-1.1,3.E-02));
#4960 = DIRECTION('',(0.,0.,1.));
#4961 = DIRECTION('',(1.,0.,-0.));
#4962 = DEFINITIONAL_REPRESENTATION('',(#4963),#4967);
#4963 = LINE('',#4964,#4965);
#4964 = CARTESIAN_POINT('',(0.,-3.E-02));
#4965 = VECTOR('',#4966,1.);
#4966 = DIRECTION('',(1.,0.));
#4967 = ( GEOMETRIC_REPRESENTATION_CONTEXT(2) 
PARAMETRIC_REPRESENTATION_CONTEXT() REPRESENTATION_CONTEXT('2D SPACE',''
  ) );
#4968 = ORIENTED_EDGE('',*,*,#4969,.F.);
#4969 = EDGE_CURVE('',#4970,#4941,#4972,.T.);
#4970 = VERTEX_POINT('',#4971);
#4971 = CARTESIAN_POINT('',(-1.810546764899,-0.9,0.));
#4972 = SURFACE_CURVE('',#4973,(#4977,#4984),.PCURVE_S1.);
#4973 = LINE('',#4974,#4975);
#4974 = CARTESIAN_POINT('',(-1.85,-0.9,0.));
#4975 = VECTOR('',#4976,1.);
#4976 = DIRECTION('',(1.,0.,0.));
#4977 = PCURVE('',#132,#4978);
#4978 = DEFINITIONAL_REPRESENTATION('',(#4979),#4983);
#4979 = LINE('',#4980,#4981);
#4980 = CARTESIAN_POINT('',(-1.85,-0.9));
#4981 = VECTOR('',#4982,1.);
#4982 = DIRECTION('',(1.,0.));
#4983 = ( GEOMETRIC_REPRESENTATION_CONTEXT(2) 
PARAMETRIC_REPRESENTATION_CONTEXT() REPRESENTATION_CONTEXT('2D SPACE',''
  ) );
#4984 = PCURVE('',#4985,#4990);
#4985 = PLANE('',#4986);
#4986 = AXIS2_PLACEMENT_3D('',#4987,#4988,#4989);
#4987 = CARTESIAN_POINT('',(-1.85,-0.9,3.E-02));
#4988 = DIRECTION('',(-0.,1.,0.));
#4989 = DIRECTION('',(1.,0.,0.));
#4990 = DEFINITIONAL_REPRESENTATION('',(#4991),#4995);
#4991 = LINE('',#4992,#4993);
#4992 = CARTESIAN_POINT('',(0.,3.E-02));
#4993 = VECTOR('',#4994,1.);
#4994 = DIRECTION('',(1.,0.));
#4995 = ( GEOMETRIC_REPRESENTATION_CONTEXT(2) 
PARAMETRIC_REPRESENTATION_CONTEXT() REPRESENTATION_CONTEXT('2D SPACE',''
  ) );
#4996 = ORIENTED_EDGE('',*,*,#4997,.T.);
#4997 = EDGE_CURVE('',#4970,#4998,#5000,.T.);
#4998 = VERTEX_POINT('',#4999);
#4999 = CARTESIAN_POINT('',(-1.85,-0.775869692124,0.));
#5000 = SURFACE_CURVE('',#5001,(#5006,#5017),.PCURVE_S1.);
#5001 = CIRCLE('',#5002,0.215);
#5002 = AXIS2_PLACEMENT_3D('',#5003,#5004,#5005);
#5003 = CARTESIAN_POINT('',(-1.635,-0.775869692124,0.));
#5004 = DIRECTION('',(0.,0.,-1.));
#5005 = DIRECTION('',(1.,0.,0.));
#5006 = PCURVE('',#132,#5007);
#5007 = DEFINITIONAL_REPRESENTATION('',(#5008),#5016);
#5008 = ( BOUNDED_CURVE() B_SPLINE_CURVE(2,(#5009,#5010,#5011,#5012,
#5013,#5014,#5015),.UNSPECIFIED.,.T.,.F.) B_SPLINE_CURVE_WITH_KNOTS((1,2
    ,2,2,2,1),(-2.094395102393,0.,2.094395102393,4.188790204786,
6.28318530718,8.377580409573),.UNSPECIFIED.) CURVE() 
GEOMETRIC_REPRESENTATION_ITEM() RATIONAL_B_SPLINE_CURVE((1.,0.5,1.,0.5,
1.,0.5,1.)) REPRESENTATION_ITEM('') );
#5009 = CARTESIAN_POINT('',(-1.42,-0.775869692124));
#5010 = CARTESIAN_POINT('',(-1.42,-1.148260615752));
#5011 = CARTESIAN_POINT('',(-1.7425,-0.962065153938));
#5012 = CARTESIAN_POINT('',(-2.065,-0.775869692124));
#5013 = CARTESIAN_POINT('',(-1.7425,-0.589674230311));
#5014 = CARTESIAN_POINT('',(-1.42,-0.403478768497));
#5015 = CARTESIAN_POINT('',(-1.42,-0.775869692124));
#5016 = ( GEOMETRIC_REPRESENTATION_CONTEXT(2) 
PARAMETRIC_REPRESENTATION_CONTEXT() REPRESENTATION_CONTEXT('2D SPACE',''
  ) );
#5017 = PCURVE('',#4170,#5018);
#5018 = DEFINITIONAL_REPRESENTATION('',(#5019),#5023);
#5019 = LINE('',#5020,#5021);
#5020 = CARTESIAN_POINT('',(6.28318530718,5.025794591765));
#5021 = VECTOR('',#5022,1.);
#5022 = DIRECTION('',(-1.,0.));
#5023 = ( GEOMETRIC_REPRESENTATION_CONTEXT(2) 
PARAMETRIC_REPRESENTATION_CONTEXT() REPRESENTATION_CONTEXT('2D SPACE',''
  ) );
#5024 = ORIENTED_EDGE('',*,*,#5025,.F.);
#5025 = EDGE_CURVE('',#3685,#4998,#5026,.T.);
#5026 = SURFACE_CURVE('',#5027,(#5031,#5038),.PCURVE_S1.);
#5027 = LINE('',#5028,#5029);
#5028 = CARTESIAN_POINT('',(-1.85,0.9,0.));
#5029 = VECTOR('',#5030,1.);
#5030 = DIRECTION('',(1.204669080539E-16,-1.,0.));
#5031 = PCURVE('',#132,#5032);
#5032 = DEFINITIONAL_REPRESENTATION('',(#5033),#5037);
#5033 = LINE('',#5034,#5035);
#5034 = CARTESIAN_POINT('',(-1.85,0.9));
#5035 = VECTOR('',#5036,1.);
#5036 = DIRECTION('',(1.204669080539E-16,-1.));
#5037 = ( GEOMETRIC_REPRESENTATION_CONTEXT(2) 
PARAMETRIC_REPRESENTATION_CONTEXT() REPRESENTATION_CONTEXT('2D SPACE',''
  ) );
#5038 = PCURVE('',#3724,#5039);
#5039 = DEFINITIONAL_REPRESENTATION('',(#5040),#5044);
#5040 = LINE('',#5041,#5042);
#5041 = CARTESIAN_POINT('',(0.,-3.E-02));
#5042 = VECTOR('',#5043,1.);
#5043 = DIRECTION('',(-1.,0.));
#5044 = ( GEOMETRIC_REPRESENTATION_CONTEXT(2) 
PARAMETRIC_REPRESENTATION_CONTEXT() REPRESENTATION_CONTEXT('2D SPACE',''
  ) );
#5045 = ORIENTED_EDGE('',*,*,#3684,.F.);
#5046 = ORIENTED_EDGE('',*,*,#3660,.F.);
#5047 = ORIENTED_EDGE('',*,*,#3608,.T.);
#5048 = ORIENTED_EDGE('',*,*,#3536,.F.);
#5049 = ORIENTED_EDGE('',*,*,#3407,.F.);
#5050 = ORIENTED_EDGE('',*,*,#3312,.F.);
#5051 = ORIENTED_EDGE('',*,*,#3283,.T.);
#5052 = FACE_BOUND('',#5053,.T.);
#5053 = EDGE_LOOP('',(#5054,#5084,#5113,#5141,#5170,#5198,#5227,#5255));
#5054 = ORIENTED_EDGE('',*,*,#5055,.F.);
#5055 = EDGE_CURVE('',#5056,#5058,#5060,.T.);
#5056 = VERTEX_POINT('',#5057);
#5057 = CARTESIAN_POINT('',(0.337648704224,0.2,0.));
#5058 = VERTEX_POINT('',#5059);
#5059 = CARTESIAN_POINT('',(0.55,0.2,0.));
#5060 = SURFACE_CURVE('',#5061,(#5065,#5072),.PCURVE_S1.);
#5061 = LINE('',#5062,#5063);
#5062 = CARTESIAN_POINT('',(0.2,0.2,0.));
#5063 = VECTOR('',#5064,1.);
#5064 = DIRECTION('',(1.,-6.023345402697E-17,0.));
#5065 = PCURVE('',#132,#5066);
#5066 = DEFINITIONAL_REPRESENTATION('',(#5067),#5071);
#5067 = LINE('',#5068,#5069);
#5068 = CARTESIAN_POINT('',(0.2,0.2));
#5069 = VECTOR('',#5070,1.);
#5070 = DIRECTION('',(1.,-6.023345402697E-17));
#5071 = ( GEOMETRIC_REPRESENTATION_CONTEXT(2) 
PARAMETRIC_REPRESENTATION_CONTEXT() REPRESENTATION_CONTEXT('2D SPACE',''
  ) );
#5072 = PCURVE('',#5073,#5078);
#5073 = PLANE('',#5074);
#5074 = AXIS2_PLACEMENT_3D('',#5075,#5076,#5077);
#5075 = CARTESIAN_POINT('',(0.2,0.2,1.E-02));
#5076 = DIRECTION('',(6.023345402697E-17,1.,0.));
#5077 = DIRECTION('',(1.,-6.023345402697E-17,0.));
#5078 = DEFINITIONAL_REPRESENTATION('',(#5079),#5083);
#5079 = LINE('',#5080,#5081);
#5080 = CARTESIAN_POINT('',(0.,1.E-02));
#5081 = VECTOR('',#5082,1.);
#5082 = DIRECTION('',(1.,0.));
#5083 = ( GEOMETRIC_REPRESENTATION_CONTEXT(2) 
PARAMETRIC_REPRESENTATION_CONTEXT() REPRESENTATION_CONTEXT('2D SPACE',''
  ) );
#5084 = ORIENTED_EDGE('',*,*,#5085,.T.);
#5085 = EDGE_CURVE('',#5056,#5086,#5088,.T.);
#5086 = VERTEX_POINT('',#5087);
#5087 = CARTESIAN_POINT('',(0.242545297351,6.909139276624E-02,0.));
#5088 = SURFACE_CURVE('',#5089,(#5094,#5101),.PCURVE_S1.);
#5089 = CIRCLE('',#5090,1.E-01);
#5090 = AXIS2_PLACEMENT_3D('',#5091,#5092,#5093);
#5091 = CARTESIAN_POINT('',(0.337648704224,0.1,0.));
#5092 = DIRECTION('',(0.,0.,1.));
#5093 = DIRECTION('',(1.,0.,-0.));
#5094 = PCURVE('',#132,#5095);
#5095 = DEFINITIONAL_REPRESENTATION('',(#5096),#5100);
#5096 = CIRCLE('',#5097,1.E-01);
#5097 = AXIS2_PLACEMENT_2D('',#5098,#5099);
#5098 = CARTESIAN_POINT('',(0.337648704224,0.1));
#5099 = DIRECTION('',(1.,0.));
#5100 = ( GEOMETRIC_REPRESENTATION_CONTEXT(2) 
PARAMETRIC_REPRESENTATION_CONTEXT() REPRESENTATION_CONTEXT('2D SPACE',''
  ) );
#5101 = PCURVE('',#5102,#5107);
#5102 = CYLINDRICAL_SURFACE('',#5103,1.E-01);
#5103 = AXIS2_PLACEMENT_3D('',#5104,#5105,#5106);
#5104 = CARTESIAN_POINT('',(0.337648704224,0.1,1.E-02));
#5105 = DIRECTION('',(0.,0.,1.));
#5106 = DIRECTION('',(1.,0.,-0.));
#5107 = DEFINITIONAL_REPRESENTATION('',(#5108),#5112);
#5108 = LINE('',#5109,#5110);
#5109 = CARTESIAN_POINT('',(0.,-1.E-02));
#5110 = VECTOR('',#5111,1.);
#5111 = DIRECTION('',(1.,0.));
#5112 = ( GEOMETRIC_REPRESENTATION_CONTEXT(2) 
PARAMETRIC_REPRESENTATION_CONTEXT() REPRESENTATION_CONTEXT('2D SPACE',''
  ) );
#5113 = ORIENTED_EDGE('',*,*,#5114,.F.);
#5114 = EDGE_CURVE('',#5115,#5086,#5117,.T.);
#5115 = VERTEX_POINT('',#5116);
#5116 = CARTESIAN_POINT('',(0.307545297351,-0.130908607234,0.));
#5117 = SURFACE_CURVE('',#5118,(#5122,#5129),.PCURVE_S1.);
#5118 = LINE('',#5119,#5120);
#5119 = CARTESIAN_POINT('',(0.33,-0.2,0.));
#5120 = VECTOR('',#5121,1.);
#5121 = DIRECTION('',(-0.309086072338,0.951034068731,0.));
#5122 = PCURVE('',#132,#5123);
#5123 = DEFINITIONAL_REPRESENTATION('',(#5124),#5128);
#5124 = LINE('',#5125,#5126);
#5125 = CARTESIAN_POINT('',(0.33,-0.2));
#5126 = VECTOR('',#5127,1.);
#5127 = DIRECTION('',(-0.309086072338,0.951034068731));
#5128 = ( GEOMETRIC_REPRESENTATION_CONTEXT(2) 
PARAMETRIC_REPRESENTATION_CONTEXT() REPRESENTATION_CONTEXT('2D SPACE',''
  ) );
#5129 = PCURVE('',#5130,#5135);
#5130 = PLANE('',#5131);
#5131 = AXIS2_PLACEMENT_3D('',#5132,#5133,#5134);
#5132 = CARTESIAN_POINT('',(0.33,-0.2,1.E-02));
#5133 = DIRECTION('',(-0.951034068731,-0.309086072338,0.));
#5134 = DIRECTION('',(-0.309086072338,0.951034068731,0.));
#5135 = DEFINITIONAL_REPRESENTATION('',(#5136),#5140);
#5136 = LINE('',#5137,#5138);
#5137 = CARTESIAN_POINT('',(0.,1.E-02));
#5138 = VECTOR('',#5139,1.);
#5139 = DIRECTION('',(1.,0.));
#5140 = ( GEOMETRIC_REPRESENTATION_CONTEXT(2) 
PARAMETRIC_REPRESENTATION_CONTEXT() REPRESENTATION_CONTEXT('2D SPACE',''
  ) );
#5141 = ORIENTED_EDGE('',*,*,#5142,.T.);
#5142 = EDGE_CURVE('',#5115,#5143,#5145,.T.);
#5143 = VERTEX_POINT('',#5144);
#5144 = CARTESIAN_POINT('',(0.402648704224,-0.2,0.));
#5145 = SURFACE_CURVE('',#5146,(#5151,#5158),.PCURVE_S1.);
#5146 = CIRCLE('',#5147,1.E-01);
#5147 = AXIS2_PLACEMENT_3D('',#5148,#5149,#5150);
#5148 = CARTESIAN_POINT('',(0.402648704224,-0.1,0.));
#5149 = DIRECTION('',(0.,0.,1.));
#5150 = DIRECTION('',(1.,0.,-0.));
#5151 = PCURVE('',#132,#5152);
#5152 = DEFINITIONAL_REPRESENTATION('',(#5153),#5157);
#5153 = CIRCLE('',#5154,1.E-01);
#5154 = AXIS2_PLACEMENT_2D('',#5155,#5156);
#5155 = CARTESIAN_POINT('',(0.402648704224,-0.1));
#5156 = DIRECTION('',(1.,0.));
#5157 = ( GEOMETRIC_REPRESENTATION_CONTEXT(2) 
PARAMETRIC_REPRESENTATION_CONTEXT() REPRESENTATION_CONTEXT('2D SPACE',''
  ) );
#5158 = PCURVE('',#5159,#5164);
#5159 = CYLINDRICAL_SURFACE('',#5160,1.E-01);
#5160 = AXIS2_PLACEMENT_3D('',#5161,#5162,#5163);
#5161 = CARTESIAN_POINT('',(0.402648704224,-0.1,1.E-02));
#5162 = DIRECTION('',(0.,0.,1.));
#5163 = DIRECTION('',(1.,0.,-0.));
#5164 = DEFINITIONAL_REPRESENTATION('',(#5165),#5169);
#5165 = LINE('',#5166,#5167);
#5166 = CARTESIAN_POINT('',(0.,-1.E-02));
#5167 = VECTOR('',#5168,1.);
#5168 = DIRECTION('',(1.,0.));
#5169 = ( GEOMETRIC_REPRESENTATION_CONTEXT(2) 
PARAMETRIC_REPRESENTATION_CONTEXT() REPRESENTATION_CONTEXT('2D SPACE',''
  ) );
#5170 = ORIENTED_EDGE('',*,*,#5171,.F.);
#5171 = EDGE_CURVE('',#5172,#5143,#5174,.T.);
#5172 = VERTEX_POINT('',#5173);
#5173 = CARTESIAN_POINT('',(0.55,-0.2,0.));
#5174 = SURFACE_CURVE('',#5175,(#5179,#5186),.PCURVE_S1.);
#5175 = LINE('',#5176,#5177);
#5176 = CARTESIAN_POINT('',(0.65,-0.2,0.));
#5177 = VECTOR('',#5178,1.);
#5178 = DIRECTION('',(-1.,3.388131789017E-16,0.));
#5179 = PCURVE('',#132,#5180);
#5180 = DEFINITIONAL_REPRESENTATION('',(#5181),#5185);
#5181 = LINE('',#5182,#5183);
#5182 = CARTESIAN_POINT('',(0.65,-0.2));
#5183 = VECTOR('',#5184,1.);
#5184 = DIRECTION('',(-1.,3.388131789017E-16));
#5185 = ( GEOMETRIC_REPRESENTATION_CONTEXT(2) 
PARAMETRIC_REPRESENTATION_CONTEXT() REPRESENTATION_CONTEXT('2D SPACE',''
  ) );
#5186 = PCURVE('',#5187,#5192);
#5187 = PLANE('',#5188);
#5188 = AXIS2_PLACEMENT_3D('',#5189,#5190,#5191);
#5189 = CARTESIAN_POINT('',(0.65,-0.2,1.E-02));
#5190 = DIRECTION('',(-3.388131789017E-16,-1.,0.));
#5191 = DIRECTION('',(-1.,3.388131789017E-16,0.));
#5192 = DEFINITIONAL_REPRESENTATION('',(#5193),#5197);
#5193 = LINE('',#5194,#5195);
#5194 = CARTESIAN_POINT('',(0.,1.E-02));
#5195 = VECTOR('',#5196,1.);
#5196 = DIRECTION('',(1.,0.));
#5197 = ( GEOMETRIC_REPRESENTATION_CONTEXT(2) 
PARAMETRIC_REPRESENTATION_CONTEXT() REPRESENTATION_CONTEXT('2D SPACE',''
  ) );
#5198 = ORIENTED_EDGE('',*,*,#5199,.T.);
#5199 = EDGE_CURVE('',#5172,#5200,#5202,.T.);
#5200 = VERTEX_POINT('',#5201);
#5201 = CARTESIAN_POINT('',(0.65,-0.1,0.));
#5202 = SURFACE_CURVE('',#5203,(#5208,#5215),.PCURVE_S1.);
#5203 = CIRCLE('',#5204,0.1);
#5204 = AXIS2_PLACEMENT_3D('',#5205,#5206,#5207);
#5205 = CARTESIAN_POINT('',(0.55,-0.1,0.));
#5206 = DIRECTION('',(0.,0.,1.));
#5207 = DIRECTION('',(1.,0.,-0.));
#5208 = PCURVE('',#132,#5209);
#5209 = DEFINITIONAL_REPRESENTATION('',(#5210),#5214);
#5210 = CIRCLE('',#5211,0.1);
#5211 = AXIS2_PLACEMENT_2D('',#5212,#5213);
#5212 = CARTESIAN_POINT('',(0.55,-0.1));
#5213 = DIRECTION('',(1.,0.));
#5214 = ( GEOMETRIC_REPRESENTATION_CONTEXT(2) 
PARAMETRIC_REPRESENTATION_CONTEXT() REPRESENTATION_CONTEXT('2D SPACE',''
  ) );
#5215 = PCURVE('',#5216,#5221);
#5216 = CYLINDRICAL_SURFACE('',#5217,0.1);
#5217 = AXIS2_PLACEMENT_3D('',#5218,#5219,#5220);
#5218 = CARTESIAN_POINT('',(0.55,-0.1,1.E-02));
#5219 = DIRECTION('',(0.,0.,1.));
#5220 = DIRECTION('',(1.,0.,-0.));
#5221 = DEFINITIONAL_REPRESENTATION('',(#5222),#5226);
#5222 = LINE('',#5223,#5224);
#5223 = CARTESIAN_POINT('',(0.,-1.E-02));
#5224 = VECTOR('',#5225,1.);
#5225 = DIRECTION('',(1.,0.));
#5226 = ( GEOMETRIC_REPRESENTATION_CONTEXT(2) 
PARAMETRIC_REPRESENTATION_CONTEXT() REPRESENTATION_CONTEXT('2D SPACE',''
  ) );
#5227 = ORIENTED_EDGE('',*,*,#5228,.F.);
#5228 = EDGE_CURVE('',#5229,#5200,#5231,.T.);
#5229 = VERTEX_POINT('',#5230);
#5230 = CARTESIAN_POINT('',(0.65,0.1,0.));
#5231 = SURFACE_CURVE('',#5232,(#5236,#5243),.PCURVE_S1.);
#5232 = LINE('',#5233,#5234);
#5233 = CARTESIAN_POINT('',(0.65,0.2,0.));
#5234 = VECTOR('',#5235,1.);
#5235 = DIRECTION('',(-2.710505431214E-16,-1.,0.));
#5236 = PCURVE('',#132,#5237);
#5237 = DEFINITIONAL_REPRESENTATION('',(#5238),#5242);
#5238 = LINE('',#5239,#5240);
#5239 = CARTESIAN_POINT('',(0.65,0.2));
#5240 = VECTOR('',#5241,1.);
#5241 = DIRECTION('',(-2.710505431214E-16,-1.));
#5242 = ( GEOMETRIC_REPRESENTATION_CONTEXT(2) 
PARAMETRIC_REPRESENTATION_CONTEXT() REPRESENTATION_CONTEXT('2D SPACE',''
  ) );
#5243 = PCURVE('',#5244,#5249);
#5244 = PLANE('',#5245);
#5245 = AXIS2_PLACEMENT_3D('',#5246,#5247,#5248);
#5246 = CARTESIAN_POINT('',(0.65,0.2,1.E-02));
#5247 = DIRECTION('',(1.,-2.710505431214E-16,0.));
#5248 = DIRECTION('',(-2.710505431214E-16,-1.,0.));
#5249 = DEFINITIONAL_REPRESENTATION('',(#5250),#5254);
#5250 = LINE('',#5251,#5252);
#5251 = CARTESIAN_POINT('',(-0.,1.E-02));
#5252 = VECTOR('',#5253,1.);
#5253 = DIRECTION('',(1.,0.));
#5254 = ( GEOMETRIC_REPRESENTATION_CONTEXT(2) 
PARAMETRIC_REPRESENTATION_CONTEXT() REPRESENTATION_CONTEXT('2D SPACE',''
  ) );
#5255 = ORIENTED_EDGE('',*,*,#5256,.T.);
#5256 = EDGE_CURVE('',#5229,#5058,#5257,.T.);
#5257 = SURFACE_CURVE('',#5258,(#5263,#5270),.PCURVE_S1.);
#5258 = CIRCLE('',#5259,0.1);
#5259 = AXIS2_PLACEMENT_3D('',#5260,#5261,#5262);
#5260 = CARTESIAN_POINT('',(0.55,0.1,0.));
#5261 = DIRECTION('',(0.,0.,1.));
#5262 = DIRECTION('',(1.,0.,-0.));
#5263 = PCURVE('',#132,#5264);
#5264 = DEFINITIONAL_REPRESENTATION('',(#5265),#5269);
#5265 = CIRCLE('',#5266,0.1);
#5266 = AXIS2_PLACEMENT_2D('',#5267,#5268);
#5267 = CARTESIAN_POINT('',(0.55,0.1));
#5268 = DIRECTION('',(1.,0.));
#5269 = ( GEOMETRIC_REPRESENTATION_CONTEXT(2) 
PARAMETRIC_REPRESENTATION_CONTEXT() REPRESENTATION_CONTEXT('2D SPACE',''
  ) );
#5270 = PCURVE('',#5271,#5276);
#5271 = CYLINDRICAL_SURFACE('',#5272,0.1);
#5272 = AXIS2_PLACEMENT_3D('',#5273,#5274,#5275);
#5273 = CARTESIAN_POINT('',(0.55,0.1,1.E-02));
#5274 = DIRECTION('',(0.,0.,1.));
#5275 = DIRECTION('',(1.,0.,-0.));
#5276 = DEFINITIONAL_REPRESENTATION('',(#5277),#5281);
#5277 = LINE('',#5278,#5279);
#5278 = CARTESIAN_POINT('',(0.,-1.E-02));
#5279 = VECTOR('',#5280,1.);
#5280 = DIRECTION('',(1.,0.));
#5281 = ( GEOMETRIC_REPRESENTATION_CONTEXT(2) 
PARAMETRIC_REPRESENTATION_CONTEXT() REPRESENTATION_CONTEXT('2D SPACE',''
  ) );
#5282 = FACE_BOUND('',#5283,.T.);
#5283 = EDGE_LOOP('',(#5284,#5285));
#5284 = ORIENTED_EDGE('',*,*,#298,.T.);
#5285 = ORIENTED_EDGE('',*,*,#5286,.T.);
#5286 = EDGE_CURVE('',#299,#266,#5287,.T.);
#5287 = SURFACE_CURVE('',#5288,(#5293,#5300),.PCURVE_S1.);
#5288 = CIRCLE('',#5289,0.2);
#5289 = AXIS2_PLACEMENT_3D('',#5290,#5291,#5292);
#5290 = CARTESIAN_POINT('',(0.,0.75,0.));
#5291 = DIRECTION('',(0.,0.,1.));
#5292 = DIRECTION('',(-1.,0.,0.));
#5293 = PCURVE('',#132,#5294);
#5294 = DEFINITIONAL_REPRESENTATION('',(#5295),#5299);
#5295 = CIRCLE('',#5296,0.2);
#5296 = AXIS2_PLACEMENT_2D('',#5297,#5298);
#5297 = CARTESIAN_POINT('',(0.,0.75));
#5298 = DIRECTION('',(-1.,0.));
#5299 = ( GEOMETRIC_REPRESENTATION_CONTEXT(2) 
PARAMETRIC_REPRESENTATION_CONTEXT() REPRESENTATION_CONTEXT('2D SPACE',''
  ) );
#5300 = PCURVE('',#286,#5301);
#5301 = DEFINITIONAL_REPRESENTATION('',(#5302),#5306);
#5302 = LINE('',#5303,#5304);
#5303 = CARTESIAN_POINT('',(6.28318530718,1.E-02));
#5304 = VECTOR('',#5305,1.);
#5305 = DIRECTION('',(-1.,0.));
#5306 = ( GEOMETRIC_REPRESENTATION_CONTEXT(2) 
PARAMETRIC_REPRESENTATION_CONTEXT() REPRESENTATION_CONTEXT('2D SPACE',''
  ) );
#5307 = FACE_BOUND('',#5308,.T.);
#5308 = EDGE_LOOP('',(#5309,#5310));
#5309 = ORIENTED_EDGE('',*,*,#410,.T.);
#5310 = ORIENTED_EDGE('',*,*,#5311,.T.);
#5311 = EDGE_CURVE('',#411,#378,#5312,.T.);
#5312 = SURFACE_CURVE('',#5313,(#5318,#5325),.PCURVE_S1.);
#5313 = CIRCLE('',#5314,0.2);
#5314 = AXIS2_PLACEMENT_3D('',#5315,#5316,#5317);
#5315 = CARTESIAN_POINT('',(0.,1.25,0.));
#5316 = DIRECTION('',(0.,0.,1.));
#5317 = DIRECTION('',(-1.,0.,0.));
#5318 = PCURVE('',#132,#5319);
#5319 = DEFINITIONAL_REPRESENTATION('',(#5320),#5324);
#5320 = CIRCLE('',#5321,0.2);
#5321 = AXIS2_PLACEMENT_2D('',#5322,#5323);
#5322 = CARTESIAN_POINT('',(0.,1.25));
#5323 = DIRECTION('',(-1.,0.));
#5324 = ( GEOMETRIC_REPRESENTATION_CONTEXT(2) 
PARAMETRIC_REPRESENTATION_CONTEXT() REPRESENTATION_CONTEXT('2D SPACE',''
  ) );
#5325 = PCURVE('',#398,#5326);
#5326 = DEFINITIONAL_REPRESENTATION('',(#5327),#5331);
#5327 = LINE('',#5328,#5329);
#5328 = CARTESIAN_POINT('',(6.28318530718,1.E-02));
#5329 = VECTOR('',#5330,1.);
#5330 = DIRECTION('',(-1.,0.));
#5331 = ( GEOMETRIC_REPRESENTATION_CONTEXT(2) 
PARAMETRIC_REPRESENTATION_CONTEXT() REPRESENTATION_CONTEXT('2D SPACE',''
  ) );
#5332 = FACE_BOUND('',#5333,.T.);
#5333 = EDGE_LOOP('',(#5334,#5335));
#5334 = ORIENTED_EDGE('',*,*,#522,.T.);
#5335 = ORIENTED_EDGE('',*,*,#5336,.T.);
#5336 = EDGE_CURVE('',#523,#490,#5337,.T.);
#5337 = SURFACE_CURVE('',#5338,(#5343,#5350),.PCURVE_S1.);
#5338 = CIRCLE('',#5339,0.2);
#5339 = AXIS2_PLACEMENT_3D('',#5340,#5341,#5342);
#5340 = CARTESIAN_POINT('',(-1.530808498934E-16,-1.25,0.));
#5341 = DIRECTION('',(0.,0.,1.));
#5342 = DIRECTION('',(-1.,0.,0.));
#5343 = PCURVE('',#132,#5344);
#5344 = DEFINITIONAL_REPRESENTATION('',(#5345),#5349);
#5345 = CIRCLE('',#5346,0.2);
#5346 = AXIS2_PLACEMENT_2D('',#5347,#5348);
#5347 = CARTESIAN_POINT('',(-1.530808498934E-16,-1.25));
#5348 = DIRECTION('',(-1.,0.));
#5349 = ( GEOMETRIC_REPRESENTATION_CONTEXT(2) 
PARAMETRIC_REPRESENTATION_CONTEXT() REPRESENTATION_CONTEXT('2D SPACE',''
  ) );
#5350 = PCURVE('',#510,#5351);
#5351 = DEFINITIONAL_REPRESENTATION('',(#5352),#5356);
#5352 = LINE('',#5353,#5354);
#5353 = CARTESIAN_POINT('',(6.28318530718,1.E-02));
#5354 = VECTOR('',#5355,1.);
#5355 = DIRECTION('',(-1.,0.));
#5356 = ( GEOMETRIC_REPRESENTATION_CONTEXT(2) 
PARAMETRIC_REPRESENTATION_CONTEXT() REPRESENTATION_CONTEXT('2D SPACE',''
  ) );
#5357 = FACE_BOUND('',#5358,.T.);
#5358 = EDGE_LOOP('',(#5359,#5360));
#5359 = ORIENTED_EDGE('',*,*,#634,.T.);
#5360 = ORIENTED_EDGE('',*,*,#5361,.T.);
#5361 = EDGE_CURVE('',#635,#602,#5362,.T.);
#5362 = SURFACE_CURVE('',#5363,(#5368,#5375),.PCURVE_S1.);
#5363 = CIRCLE('',#5364,0.2);
#5364 = AXIS2_PLACEMENT_3D('',#5365,#5366,#5367);
#5365 = CARTESIAN_POINT('',(-0.7,-1.38,0.));
#5366 = DIRECTION('',(0.,0.,1.));
#5367 = DIRECTION('',(-1.,0.,0.));
#5368 = PCURVE('',#132,#5369);
#5369 = DEFINITIONAL_REPRESENTATION('',(#5370),#5374);
#5370 = CIRCLE('',#5371,0.2);
#5371 = AXIS2_PLACEMENT_2D('',#5372,#5373);
#5372 = CARTESIAN_POINT('',(-0.7,-1.38));
#5373 = DIRECTION('',(-1.,0.));
#5374 = ( GEOMETRIC_REPRESENTATION_CONTEXT(2) 
PARAMETRIC_REPRESENTATION_CONTEXT() REPRESENTATION_CONTEXT('2D SPACE',''
  ) );
#5375 = PCURVE('',#622,#5376);
#5376 = DEFINITIONAL_REPRESENTATION('',(#5377),#5381);
#5377 = LINE('',#5378,#5379);
#5378 = CARTESIAN_POINT('',(6.28318530718,1.E-02));
#5379 = VECTOR('',#5380,1.);
#5380 = DIRECTION('',(-1.,0.));
#5381 = ( GEOMETRIC_REPRESENTATION_CONTEXT(2) 
PARAMETRIC_REPRESENTATION_CONTEXT() REPRESENTATION_CONTEXT('2D SPACE',''
  ) );
#5382 = FACE_BOUND('',#5383,.T.);
#5383 = EDGE_LOOP('',(#5384,#5385));
#5384 = ORIENTED_EDGE('',*,*,#746,.T.);
#5385 = ORIENTED_EDGE('',*,*,#5386,.T.);
#5386 = EDGE_CURVE('',#747,#714,#5387,.T.);
#5387 = SURFACE_CURVE('',#5388,(#5393,#5400),.PCURVE_S1.);
#5388 = CIRCLE('',#5389,0.2);
#5389 = AXIS2_PLACEMENT_3D('',#5390,#5391,#5392);
#5390 = CARTESIAN_POINT('',(0.7,-1.38,0.));
#5391 = DIRECTION('',(0.,0.,1.));
#5392 = DIRECTION('',(-1.,0.,0.));
#5393 = PCURVE('',#132,#5394);
#5394 = DEFINITIONAL_REPRESENTATION('',(#5395),#5399);
#5395 = CIRCLE('',#5396,0.2);
#5396 = AXIS2_PLACEMENT_2D('',#5397,#5398);
#5397 = CARTESIAN_POINT('',(0.7,-1.38));
#5398 = DIRECTION('',(-1.,0.));
#5399 = ( GEOMETRIC_REPRESENTATION_CONTEXT(2) 
PARAMETRIC_REPRESENTATION_CONTEXT() REPRESENTATION_CONTEXT('2D SPACE',''
  ) );
#5400 = PCURVE('',#734,#5401);
#5401 = DEFINITIONAL_REPRESENTATION('',(#5402),#5406);
#5402 = LINE('',#5403,#5404);
#5403 = CARTESIAN_POINT('',(6.28318530718,1.E-02));
#5404 = VECTOR('',#5405,1.);
#5405 = DIRECTION('',(-1.,0.));
#5406 = ( GEOMETRIC_REPRESENTATION_CONTEXT(2) 
PARAMETRIC_REPRESENTATION_CONTEXT() REPRESENTATION_CONTEXT('2D SPACE',''
  ) );
#5407 = FACE_BOUND('',#5408,.T.);
#5408 = EDGE_LOOP('',(#5409,#5410));
#5409 = ORIENTED_EDGE('',*,*,#858,.T.);
#5410 = ORIENTED_EDGE('',*,*,#5411,.T.);
#5411 = EDGE_CURVE('',#859,#826,#5412,.T.);
#5412 = SURFACE_CURVE('',#5413,(#5418,#5425),.PCURVE_S1.);
#5413 = CIRCLE('',#5414,0.25);
#5414 = AXIS2_PLACEMENT_3D('',#5415,#5416,#5417);
#5415 = CARTESIAN_POINT('',(0.7,1.3,0.));
#5416 = DIRECTION('',(0.,0.,1.));
#5417 = DIRECTION('',(-1.,0.,0.));
#5418 = PCURVE('',#132,#5419);
#5419 = DEFINITIONAL_REPRESENTATION('',(#5420),#5424);
#5420 = CIRCLE('',#5421,0.25);
#5421 = AXIS2_PLACEMENT_2D('',#5422,#5423);
#5422 = CARTESIAN_POINT('',(0.7,1.3));
#5423 = DIRECTION('',(-1.,0.));
#5424 = ( GEOMETRIC_REPRESENTATION_CONTEXT(2) 
PARAMETRIC_REPRESENTATION_CONTEXT() REPRESENTATION_CONTEXT('2D SPACE',''
  ) );
#5425 = PCURVE('',#846,#5426);
#5426 = DEFINITIONAL_REPRESENTATION('',(#5427),#5431);
#5427 = LINE('',#5428,#5429);
#5428 = CARTESIAN_POINT('',(6.28318530718,1.E-02));
#5429 = VECTOR('',#5430,1.);
#5430 = DIRECTION('',(-1.,0.));
#5431 = ( GEOMETRIC_REPRESENTATION_CONTEXT(2) 
PARAMETRIC_REPRESENTATION_CONTEXT() REPRESENTATION_CONTEXT('2D SPACE',''
  ) );
#5432 = FACE_BOUND('',#5433,.T.);
#5433 = EDGE_LOOP('',(#5434,#5435));
#5434 = ORIENTED_EDGE('',*,*,#970,.T.);
#5435 = ORIENTED_EDGE('',*,*,#5436,.T.);
#5436 = EDGE_CURVE('',#971,#938,#5437,.T.);
#5437 = SURFACE_CURVE('',#5438,(#5443,#5450),.PCURVE_S1.);
#5438 = CIRCLE('',#5439,0.25);
#5439 = AXIS2_PLACEMENT_3D('',#5440,#5441,#5442);
#5440 = CARTESIAN_POINT('',(-0.7,1.3,0.));
#5441 = DIRECTION('',(0.,0.,1.));
#5442 = DIRECTION('',(-1.,0.,0.));
#5443 = PCURVE('',#132,#5444);
#5444 = DEFINITIONAL_REPRESENTATION('',(#5445),#5449);
#5445 = CIRCLE('',#5446,0.25);
#5446 = AXIS2_PLACEMENT_2D('',#5447,#5448);
#5447 = CARTESIAN_POINT('',(-0.7,1.3));
#5448 = DIRECTION('',(-1.,0.));
#5449 = ( GEOMETRIC_REPRESENTATION_CONTEXT(2) 
PARAMETRIC_REPRESENTATION_CONTEXT() REPRESENTATION_CONTEXT('2D SPACE',''
  ) );
#5450 = PCURVE('',#958,#5451);
#5451 = DEFINITIONAL_REPRESENTATION('',(#5452),#5456);
#5452 = LINE('',#5453,#5454);
#5453 = CARTESIAN_POINT('',(6.28318530718,1.E-02));
#5454 = VECTOR('',#5455,1.);
#5455 = DIRECTION('',(-1.,0.));
#5456 = ( GEOMETRIC_REPRESENTATION_CONTEXT(2) 
PARAMETRIC_REPRESENTATION_CONTEXT() REPRESENTATION_CONTEXT('2D SPACE',''
  ) );
#5457 = FACE_BOUND('',#5458,.T.);
#5458 = EDGE_LOOP('',(#5459,#5460));
#5459 = ORIENTED_EDGE('',*,*,#1082,.T.);
#5460 = ORIENTED_EDGE('',*,*,#5461,.T.);
#5461 = EDGE_CURVE('',#1083,#1050,#5462,.T.);
#5462 = SURFACE_CURVE('',#5463,(#5468,#5475),.PCURVE_S1.);
#5463 = CIRCLE('',#5464,0.2);
#5464 = AXIS2_PLACEMENT_3D('',#5465,#5466,#5467);
#5465 = CARTESIAN_POINT('',(-1.5,-2.609536585638E-17,0.));
#5466 = DIRECTION('',(0.,0.,1.));
#5467 = DIRECTION('',(-1.,0.,0.));
#5468 = PCURVE('',#132,#5469);
#5469 = DEFINITIONAL_REPRESENTATION('',(#5470),#5474);
#5470 = CIRCLE('',#5471,0.2);
#5471 = AXIS2_PLACEMENT_2D('',#5472,#5473);
#5472 = CARTESIAN_POINT('',(-1.5,-2.609536585638E-17));
#5473 = DIRECTION('',(-1.,0.));
#5474 = ( GEOMETRIC_REPRESENTATION_CONTEXT(2) 
PARAMETRIC_REPRESENTATION_CONTEXT() REPRESENTATION_CONTEXT('2D SPACE',''
  ) );
#5475 = PCURVE('',#1070,#5476);
#5476 = DEFINITIONAL_REPRESENTATION('',(#5477),#5481);
#5477 = LINE('',#5478,#5479);
#5478 = CARTESIAN_POINT('',(6.28318530718,1.E-02));
#5479 = VECTOR('',#5480,1.);
#5480 = DIRECTION('',(-1.,0.));
#5481 = ( GEOMETRIC_REPRESENTATION_CONTEXT(2) 
PARAMETRIC_REPRESENTATION_CONTEXT() REPRESENTATION_CONTEXT('2D SPACE',''
  ) );
#5482 = ADVANCED_FACE('',(#5483),#3724,.F.);
#5483 = FACE_BOUND('',#5484,.T.);
#5484 = EDGE_LOOP('',(#5485,#5486,#5487,#5508));
#5485 = ORIENTED_EDGE('',*,*,#3708,.F.);
#5486 = ORIENTED_EDGE('',*,*,#5025,.T.);
#5487 = ORIENTED_EDGE('',*,*,#5488,.T.);
#5488 = EDGE_CURVE('',#4998,#4131,#5489,.T.);
#5489 = SURFACE_CURVE('',#5490,(#5494,#5501),.PCURVE_S1.);
#5490 = LINE('',#5491,#5492);
#5491 = CARTESIAN_POINT('',(-1.85,-0.775869692124,-5.025794591765));
#5492 = VECTOR('',#5493,1.);
#5493 = DIRECTION('',(0.,0.,1.));
#5494 = PCURVE('',#3724,#5495);
#5495 = DEFINITIONAL_REPRESENTATION('',(#5496),#5500);
#5496 = LINE('',#5497,#5498);
#5497 = CARTESIAN_POINT('',(-1.675869692124,-5.055794591765));
#5498 = VECTOR('',#5499,1.);
#5499 = DIRECTION('',(0.,1.));
#5500 = ( GEOMETRIC_REPRESENTATION_CONTEXT(2) 
PARAMETRIC_REPRESENTATION_CONTEXT() REPRESENTATION_CONTEXT('2D SPACE',''
  ) );
#5501 = PCURVE('',#4170,#5502);
#5502 = DEFINITIONAL_REPRESENTATION('',(#5503),#5507);
#5503 = LINE('',#5504,#5505);
#5504 = CARTESIAN_POINT('',(3.14159265359,0.));
#5505 = VECTOR('',#5506,1.);
#5506 = DIRECTION('',(0.,1.));
#5507 = ( GEOMETRIC_REPRESENTATION_CONTEXT(2) 
PARAMETRIC_REPRESENTATION_CONTEXT() REPRESENTATION_CONTEXT('2D SPACE',''
  ) );
#5508 = ORIENTED_EDGE('',*,*,#4130,.T.);
#5509 = ADVANCED_FACE('',(#5510),#4170,.T.);
#5510 = FACE_BOUND('',#5511,.T.);
#5511 = EDGE_LOOP('',(#5512,#5535,#5568,#5589,#5590,#5591));
#5512 = ORIENTED_EDGE('',*,*,#5513,.F.);
#5513 = EDGE_CURVE('',#5514,#4970,#5516,.T.);
#5514 = VERTEX_POINT('',#5515);
#5515 = CARTESIAN_POINT('',(-1.810546764899,-0.9,3.E-02));
#5516 = SURFACE_CURVE('',#5517,(#5521,#5528),.PCURVE_S1.);
#5517 = LINE('',#5518,#5519);
#5518 = CARTESIAN_POINT('',(-1.810546764899,-0.9,-5.025794591765));
#5519 = VECTOR('',#5520,1.);
#5520 = DIRECTION('',(0.,0.,-1.));
#5521 = PCURVE('',#4170,#5522);
#5522 = DEFINITIONAL_REPRESENTATION('',(#5523),#5527);
#5523 = LINE('',#5524,#5525);
#5524 = CARTESIAN_POINT('',(3.75707236226,0.));
#5525 = VECTOR('',#5526,1.);
#5526 = DIRECTION('',(0.,-1.));
#5527 = ( GEOMETRIC_REPRESENTATION_CONTEXT(2) 
PARAMETRIC_REPRESENTATION_CONTEXT() REPRESENTATION_CONTEXT('2D SPACE',''
  ) );
#5528 = PCURVE('',#4985,#5529);
#5529 = DEFINITIONAL_REPRESENTATION('',(#5530),#5534);
#5530 = LINE('',#5531,#5532);
#5531 = CARTESIAN_POINT('',(3.945323510054E-02,5.055794591765));
#5532 = VECTOR('',#5533,1.);
#5533 = DIRECTION('',(0.,1.));
#5534 = ( GEOMETRIC_REPRESENTATION_CONTEXT(2) 
PARAMETRIC_REPRESENTATION_CONTEXT() REPRESENTATION_CONTEXT('2D SPACE',''
  ) );
#5535 = ORIENTED_EDGE('',*,*,#5536,.T.);
#5536 = EDGE_CURVE('',#5514,#5537,#5539,.T.);
#5537 = VERTEX_POINT('',#5538);
#5538 = CARTESIAN_POINT('',(-1.7425,-0.962065153938,3.E-02));
#5539 = SURFACE_CURVE('',#5540,(#5545,#5552),.PCURVE_S1.);
#5540 = CIRCLE('',#5541,0.215);
#5541 = AXIS2_PLACEMENT_3D('',#5542,#5543,#5544);
#5542 = CARTESIAN_POINT('',(-1.635,-0.775869692124,3.E-02));
#5543 = DIRECTION('',(0.,0.,1.));
#5544 = DIRECTION('',(-1.,0.,0.));
#5545 = PCURVE('',#4170,#5546);
#5546 = DEFINITIONAL_REPRESENTATION('',(#5547),#5551);
#5547 = LINE('',#5548,#5549);
#5548 = CARTESIAN_POINT('',(3.14159265359,5.055794591765));
#5549 = VECTOR('',#5550,1.);
#5550 = DIRECTION('',(1.,0.));
#5551 = ( GEOMETRIC_REPRESENTATION_CONTEXT(2) 
PARAMETRIC_REPRESENTATION_CONTEXT() REPRESENTATION_CONTEXT('2D SPACE',''
  ) );
#5552 = PCURVE('',#5553,#5558);
#5553 = PLANE('',#5554);
#5554 = AXIS2_PLACEMENT_3D('',#5555,#5556,#5557);
#5555 = CARTESIAN_POINT('',(0.,0.,3.E-02));
#5556 = DIRECTION('',(0.,0.,-1.));
#5557 = DIRECTION('',(0.,-1.,0.));
#5558 = DEFINITIONAL_REPRESENTATION('',(#5559),#5567);
#5559 = ( BOUNDED_CURVE() B_SPLINE_CURVE(2,(#5560,#5561,#5562,#5563,
#5564,#5565,#5566),.UNSPECIFIED.,.T.,.F.) B_SPLINE_CURVE_WITH_KNOTS((1,2
    ,2,2,2,1),(-2.094395102393,0.,2.094395102393,4.188790204786,
6.28318530718,8.377580409573),.UNSPECIFIED.) CURVE() 
GEOMETRIC_REPRESENTATION_ITEM() RATIONAL_B_SPLINE_CURVE((1.,0.5,1.,0.5,
1.,0.5,1.)) REPRESENTATION_ITEM('') );
#5560 = CARTESIAN_POINT('',(0.775869692124,1.85));
#5561 = CARTESIAN_POINT('',(1.148260615752,1.85));
#5562 = CARTESIAN_POINT('',(0.962065153938,1.5275));
#5563 = CARTESIAN_POINT('',(0.775869692124,1.205));
#5564 = CARTESIAN_POINT('',(0.589674230311,1.5275));
#5565 = CARTESIAN_POINT('',(0.403478768497,1.85));
#5566 = CARTESIAN_POINT('',(0.775869692124,1.85));
#5567 = ( GEOMETRIC_REPRESENTATION_CONTEXT(2) 
PARAMETRIC_REPRESENTATION_CONTEXT() REPRESENTATION_CONTEXT('2D SPACE',''
  ) );
#5568 = ORIENTED_EDGE('',*,*,#5569,.T.);
#5569 = EDGE_CURVE('',#5537,#4154,#5570,.T.);
#5570 = SURFACE_CURVE('',#5571,(#5575,#5582),.PCURVE_S1.);
#5571 = LINE('',#5572,#5573);
#5572 = CARTESIAN_POINT('',(-1.7425,-0.962065153938,-5.025794591765));
#5573 = VECTOR('',#5574,1.);
#5574 = DIRECTION('',(0.,0.,1.));
#5575 = PCURVE('',#4170,#5576);
#5576 = DEFINITIONAL_REPRESENTATION('',(#5577),#5581);
#5577 = LINE('',#5578,#5579);
#5578 = CARTESIAN_POINT('',(4.188790204786,0.));
#5579 = VECTOR('',#5580,1.);
#5580 = DIRECTION('',(0.,1.));
#5581 = ( GEOMETRIC_REPRESENTATION_CONTEXT(2) 
PARAMETRIC_REPRESENTATION_CONTEXT() REPRESENTATION_CONTEXT('2D SPACE',''
  ) );
#5582 = PCURVE('',#4198,#5583);
#5583 = DEFINITIONAL_REPRESENTATION('',(#5584),#5588);
#5584 = LINE('',#5585,#5586);
#5585 = CARTESIAN_POINT('',(-0.124130307876,5.305794591765));
#5586 = VECTOR('',#5587,1.);
#5587 = DIRECTION('',(0.,-1.));
#5588 = ( GEOMETRIC_REPRESENTATION_CONTEXT(2) 
PARAMETRIC_REPRESENTATION_CONTEXT() REPRESENTATION_CONTEXT('2D SPACE',''
  ) );
#5589 = ORIENTED_EDGE('',*,*,#4153,.T.);
#5590 = ORIENTED_EDGE('',*,*,#5488,.F.);
#5591 = ORIENTED_EDGE('',*,*,#4997,.F.);
#5592 = ADVANCED_FACE('',(#5593),#4198,.T.);
#5593 = FACE_BOUND('',#5594,.T.);
#5594 = EDGE_LOOP('',(#5595,#5596,#5597,#5620));
#5595 = ORIENTED_EDGE('',*,*,#4182,.T.);
#5596 = ORIENTED_EDGE('',*,*,#5569,.F.);
#5597 = ORIENTED_EDGE('',*,*,#5598,.F.);
#5598 = EDGE_CURVE('',#5599,#5537,#5601,.T.);
#5599 = VERTEX_POINT('',#5600);
#5600 = CARTESIAN_POINT('',(-1.635,-1.024130307876,3.E-02));
#5601 = SURFACE_CURVE('',#5602,(#5606,#5613),.PCURVE_S1.);
#5602 = LINE('',#5603,#5604);
#5603 = CARTESIAN_POINT('',(-1.85,-0.9,3.E-02));
#5604 = VECTOR('',#5605,1.);
#5605 = DIRECTION('',(-0.866025403784,0.5,0.));
#5606 = PCURVE('',#4198,#5607);
#5607 = DEFINITIONAL_REPRESENTATION('',(#5608),#5612);
#5608 = LINE('',#5609,#5610);
#5609 = CARTESIAN_POINT('',(0.,0.25));
#5610 = VECTOR('',#5611,1.);
#5611 = DIRECTION('',(1.,0.));
#5612 = ( GEOMETRIC_REPRESENTATION_CONTEXT(2) 
PARAMETRIC_REPRESENTATION_CONTEXT() REPRESENTATION_CONTEXT('2D SPACE',''
  ) );
#5613 = PCURVE('',#5553,#5614);
#5614 = DEFINITIONAL_REPRESENTATION('',(#5615),#5619);
#5615 = LINE('',#5616,#5617);
#5616 = CARTESIAN_POINT('',(0.9,1.85));
#5617 = VECTOR('',#5618,1.);
#5618 = DIRECTION('',(-0.5,0.866025403784));
#5619 = ( GEOMETRIC_REPRESENTATION_CONTEXT(2) 
PARAMETRIC_REPRESENTATION_CONTEXT() REPRESENTATION_CONTEXT('2D SPACE',''
  ) );
#5620 = ORIENTED_EDGE('',*,*,#5621,.T.);
#5621 = EDGE_CURVE('',#5599,#4183,#5622,.T.);
#5622 = SURFACE_CURVE('',#5623,(#5627,#5634),.PCURVE_S1.);
#5623 = LINE('',#5624,#5625);
#5624 = CARTESIAN_POINT('',(-1.635,-1.024130307876,0.28));
#5625 = VECTOR('',#5626,1.);
#5626 = DIRECTION('',(0.,0.,1.));
#5627 = PCURVE('',#4198,#5628);
#5628 = DEFINITIONAL_REPRESENTATION('',(#5629),#5633);
#5629 = LINE('',#5630,#5631);
#5630 = CARTESIAN_POINT('',(-0.248260615752,-0.));
#5631 = VECTOR('',#5632,1.);
#5632 = DIRECTION('',(0.,-1.));
#5633 = ( GEOMETRIC_REPRESENTATION_CONTEXT(2) 
PARAMETRIC_REPRESENTATION_CONTEXT() REPRESENTATION_CONTEXT('2D SPACE',''
  ) );
#5634 = PCURVE('',#4227,#5635);
#5635 = DEFINITIONAL_REPRESENTATION('',(#5636),#5640);
#5636 = LINE('',#5637,#5638);
#5637 = CARTESIAN_POINT('',(1.047197551197,0.));
#5638 = VECTOR('',#5639,1.);
#5639 = DIRECTION('',(0.,1.));
#5640 = ( GEOMETRIC_REPRESENTATION_CONTEXT(2) 
PARAMETRIC_REPRESENTATION_CONTEXT() REPRESENTATION_CONTEXT('2D SPACE',''
  ) );
#5641 = ADVANCED_FACE('',(#5642),#4227,.F.);
#5642 = FACE_BOUND('',#5643,.F.);
#5643 = EDGE_LOOP('',(#5644,#5667,#5700,#5726,#5727));
#5644 = ORIENTED_EDGE('',*,*,#5645,.T.);
#5645 = EDGE_CURVE('',#4211,#5646,#5648,.T.);
#5646 = VERTEX_POINT('',#5647);
#5647 = CARTESIAN_POINT('',(-1.535,-1.197335388633,3.E-02));
#5648 = SURFACE_CURVE('',#5649,(#5653,#5660),.PCURVE_S1.);
#5649 = LINE('',#5650,#5651);
#5650 = CARTESIAN_POINT('',(-1.535,-1.197335388633,3.E-02));
#5651 = VECTOR('',#5652,1.);
#5652 = DIRECTION('',(0.,0.,-1.));
#5653 = PCURVE('',#4227,#5654);
#5654 = DEFINITIONAL_REPRESENTATION('',(#5655),#5659);
#5655 = LINE('',#5656,#5657);
#5656 = CARTESIAN_POINT('',(0.,-0.25));
#5657 = VECTOR('',#5658,1.);
#5658 = DIRECTION('',(0.,-1.));
#5659 = ( GEOMETRIC_REPRESENTATION_CONTEXT(2) 
PARAMETRIC_REPRESENTATION_CONTEXT() REPRESENTATION_CONTEXT('2D SPACE',''
  ) );
#5660 = PCURVE('',#4255,#5661);
#5661 = DEFINITIONAL_REPRESENTATION('',(#5662),#5666);
#5662 = LINE('',#5663,#5664);
#5663 = CARTESIAN_POINT('',(-0.25,0.652664611367));
#5664 = VECTOR('',#5665,1.);
#5665 = DIRECTION('',(-1.,0.));
#5666 = ( GEOMETRIC_REPRESENTATION_CONTEXT(2) 
PARAMETRIC_REPRESENTATION_CONTEXT() REPRESENTATION_CONTEXT('2D SPACE',''
  ) );
#5667 = ORIENTED_EDGE('',*,*,#5668,.T.);
#5668 = EDGE_CURVE('',#5646,#5669,#5671,.T.);
#5669 = VERTEX_POINT('',#5670);
#5670 = CARTESIAN_POINT('',(-1.53625108701,-1.175,3.E-02));
#5671 = SURFACE_CURVE('',#5672,(#5677,#5684),.PCURVE_S1.);
#5672 = CIRCLE('',#5673,0.2);
#5673 = AXIS2_PLACEMENT_3D('',#5674,#5675,#5676);
#5674 = CARTESIAN_POINT('',(-1.735,-1.197335388633,3.E-02));
#5675 = DIRECTION('',(0.,0.,1.));
#5676 = DIRECTION('',(-1.,0.,0.));
#5677 = PCURVE('',#4227,#5678);
#5678 = DEFINITIONAL_REPRESENTATION('',(#5679),#5683);
#5679 = LINE('',#5680,#5681);
#5680 = CARTESIAN_POINT('',(-3.14159265359,-0.25));
#5681 = VECTOR('',#5682,1.);
#5682 = DIRECTION('',(1.,0.));
#5683 = ( GEOMETRIC_REPRESENTATION_CONTEXT(2) 
PARAMETRIC_REPRESENTATION_CONTEXT() REPRESENTATION_CONTEXT('2D SPACE',''
  ) );
#5684 = PCURVE('',#5685,#5690);
#5685 = PLANE('',#5686);
#5686 = AXIS2_PLACEMENT_3D('',#5687,#5688,#5689);
#5687 = CARTESIAN_POINT('',(-1.11,-1.175,3.E-02));
#5688 = DIRECTION('',(-6.316310941688E-17,0.,-1.));
#5689 = DIRECTION('',(-1.,0.,6.316310941688E-17));
#5690 = DEFINITIONAL_REPRESENTATION('',(#5691),#5699);
#5691 = ( BOUNDED_CURVE() B_SPLINE_CURVE(2,(#5692,#5693,#5694,#5695,
#5696,#5697,#5698),.UNSPECIFIED.,.T.,.F.) B_SPLINE_CURVE_WITH_KNOTS((1,2
    ,2,2,2,1),(-2.094395102393,0.,2.094395102393,4.188790204786,
6.28318530718,8.377580409573),.UNSPECIFIED.) CURVE() 
GEOMETRIC_REPRESENTATION_ITEM() RATIONAL_B_SPLINE_CURVE((1.,0.5,1.,0.5,
1.,0.5,1.)) REPRESENTATION_ITEM('') );
#5692 = CARTESIAN_POINT('',(0.825,-2.233538863266E-02));
#5693 = CARTESIAN_POINT('',(0.825,-0.368745550146));
#5694 = CARTESIAN_POINT('',(0.525,-0.19554046939));
#5695 = CARTESIAN_POINT('',(0.225,-2.233538863266E-02));
#5696 = CARTESIAN_POINT('',(0.525,0.150869692124));
#5697 = CARTESIAN_POINT('',(0.825,0.324074772881));
#5698 = CARTESIAN_POINT('',(0.825,-2.233538863266E-02));
#5699 = ( GEOMETRIC_REPRESENTATION_CONTEXT(2) 
PARAMETRIC_REPRESENTATION_CONTEXT() REPRESENTATION_CONTEXT('2D SPACE',''
  ) );
#5700 = ORIENTED_EDGE('',*,*,#5701,.T.);
#5701 = EDGE_CURVE('',#5669,#5599,#5702,.T.);
#5702 = SURFACE_CURVE('',#5703,(#5708,#5715),.PCURVE_S1.);
#5703 = CIRCLE('',#5704,0.2);
#5704 = AXIS2_PLACEMENT_3D('',#5705,#5706,#5707);
#5705 = CARTESIAN_POINT('',(-1.735,-1.197335388633,3.E-02));
#5706 = DIRECTION('',(0.,0.,1.));
#5707 = DIRECTION('',(-1.,0.,0.));
#5708 = PCURVE('',#4227,#5709);
#5709 = DEFINITIONAL_REPRESENTATION('',(#5710),#5714);
#5710 = LINE('',#5711,#5712);
#5711 = CARTESIAN_POINT('',(-3.14159265359,-0.25));
#5712 = VECTOR('',#5713,1.);
#5713 = DIRECTION('',(1.,0.));
#5714 = ( GEOMETRIC_REPRESENTATION_CONTEXT(2) 
PARAMETRIC_REPRESENTATION_CONTEXT() REPRESENTATION_CONTEXT('2D SPACE',''
  ) );
#5715 = PCURVE('',#5553,#5716);
#5716 = DEFINITIONAL_REPRESENTATION('',(#5717),#5725);
#5717 = ( BOUNDED_CURVE() B_SPLINE_CURVE(2,(#5718,#5719,#5720,#5721,
#5722,#5723,#5724),.UNSPECIFIED.,.T.,.F.) B_SPLINE_CURVE_WITH_KNOTS((1,2
    ,2,2,2,1),(-2.094395102393,0.,2.094395102393,4.188790204786,
6.28318530718,8.377580409573),.UNSPECIFIED.) CURVE() 
GEOMETRIC_REPRESENTATION_ITEM() RATIONAL_B_SPLINE_CURVE((1.,0.5,1.,0.5,
1.,0.5,1.)) REPRESENTATION_ITEM('') );
#5718 = CARTESIAN_POINT('',(1.197335388633,1.935));
#5719 = CARTESIAN_POINT('',(1.543745550146,1.935));
#5720 = CARTESIAN_POINT('',(1.37054046939,1.635));
#5721 = CARTESIAN_POINT('',(1.197335388633,1.335));
#5722 = CARTESIAN_POINT('',(1.024130307876,1.635));
#5723 = CARTESIAN_POINT('',(0.850925227119,1.935));
#5724 = CARTESIAN_POINT('',(1.197335388633,1.935));
#5725 = ( GEOMETRIC_REPRESENTATION_CONTEXT(2) 
PARAMETRIC_REPRESENTATION_CONTEXT() REPRESENTATION_CONTEXT('2D SPACE',''
  ) );
#5726 = ORIENTED_EDGE('',*,*,#5621,.T.);
#5727 = ORIENTED_EDGE('',*,*,#4210,.T.);
#5728 = ADVANCED_FACE('',(#5729),#4255,.T.);
#5729 = FACE_BOUND('',#5730,.T.);
#5730 = EDGE_LOOP('',(#5731,#5732,#5733,#5756,#5779));
#5731 = ORIENTED_EDGE('',*,*,#4239,.T.);
#5732 = ORIENTED_EDGE('',*,*,#5645,.T.);
#5733 = ORIENTED_EDGE('',*,*,#5734,.F.);
#5734 = EDGE_CURVE('',#5735,#5646,#5737,.T.);
#5735 = VERTEX_POINT('',#5736);
#5736 = CARTESIAN_POINT('',(-1.535,-1.575,3.E-02));
#5737 = SURFACE_CURVE('',#5738,(#5742,#5749),.PCURVE_S1.);
#5738 = LINE('',#5739,#5740);
#5739 = CARTESIAN_POINT('',(-1.535,-1.85,3.E-02));
#5740 = VECTOR('',#5741,1.);
#5741 = DIRECTION('',(0.,1.,0.));
#5742 = PCURVE('',#4255,#5743);
#5743 = DEFINITIONAL_REPRESENTATION('',(#5744),#5748);
#5744 = LINE('',#5745,#5746);
#5745 = CARTESIAN_POINT('',(-0.25,0.));
#5746 = VECTOR('',#5747,1.);
#5747 = DIRECTION('',(0.,1.));
#5748 = ( GEOMETRIC_REPRESENTATION_CONTEXT(2) 
PARAMETRIC_REPRESENTATION_CONTEXT() REPRESENTATION_CONTEXT('2D SPACE',''
  ) );
#5749 = PCURVE('',#5685,#5750);
#5750 = DEFINITIONAL_REPRESENTATION('',(#5751),#5755);
#5751 = LINE('',#5752,#5753);
#5752 = CARTESIAN_POINT('',(0.425,-0.675));
#5753 = VECTOR('',#5754,1.);
#5754 = DIRECTION('',(0.,1.));
#5755 = ( GEOMETRIC_REPRESENTATION_CONTEXT(2) 
PARAMETRIC_REPRESENTATION_CONTEXT() REPRESENTATION_CONTEXT('2D SPACE',''
  ) );
#5756 = ORIENTED_EDGE('',*,*,#5757,.F.);
#5757 = EDGE_CURVE('',#5758,#5735,#5760,.T.);
#5758 = VERTEX_POINT('',#5759);
#5759 = CARTESIAN_POINT('',(-1.535,-1.65,3.E-02));
#5760 = SURFACE_CURVE('',#5761,(#5765,#5772),.PCURVE_S1.);
#5761 = LINE('',#5762,#5763);
#5762 = CARTESIAN_POINT('',(-1.535,-1.85,3.E-02));
#5763 = VECTOR('',#5764,1.);
#5764 = DIRECTION('',(0.,1.,0.));
#5765 = PCURVE('',#4255,#5766);
#5766 = DEFINITIONAL_REPRESENTATION('',(#5767),#5771);
#5767 = LINE('',#5768,#5769);
#5768 = CARTESIAN_POINT('',(-0.25,0.));
#5769 = VECTOR('',#5770,1.);
#5770 = DIRECTION('',(0.,1.));
#5771 = ( GEOMETRIC_REPRESENTATION_CONTEXT(2) 
PARAMETRIC_REPRESENTATION_CONTEXT() REPRESENTATION_CONTEXT('2D SPACE',''
  ) );
#5772 = PCURVE('',#5553,#5773);
#5773 = DEFINITIONAL_REPRESENTATION('',(#5774),#5778);
#5774 = LINE('',#5775,#5776);
#5775 = CARTESIAN_POINT('',(1.85,1.535));
#5776 = VECTOR('',#5777,1.);
#5777 = DIRECTION('',(-1.,-0.));
#5778 = ( GEOMETRIC_REPRESENTATION_CONTEXT(2) 
PARAMETRIC_REPRESENTATION_CONTEXT() REPRESENTATION_CONTEXT('2D SPACE',''
  ) );
#5779 = ORIENTED_EDGE('',*,*,#5780,.T.);
#5780 = EDGE_CURVE('',#5758,#4240,#5781,.T.);
#5781 = SURFACE_CURVE('',#5782,(#5786,#5793),.PCURVE_S1.);
#5782 = LINE('',#5783,#5784);
#5783 = CARTESIAN_POINT('',(-1.535,-1.65,0.28));
#5784 = VECTOR('',#5785,1.);
#5785 = DIRECTION('',(0.,0.,1.));
#5786 = PCURVE('',#4255,#5787);
#5787 = DEFINITIONAL_REPRESENTATION('',(#5788),#5792);
#5788 = LINE('',#5789,#5790);
#5789 = CARTESIAN_POINT('',(0.,0.2));
#5790 = VECTOR('',#5791,1.);
#5791 = DIRECTION('',(1.,0.));
#5792 = ( GEOMETRIC_REPRESENTATION_CONTEXT(2) 
PARAMETRIC_REPRESENTATION_CONTEXT() REPRESENTATION_CONTEXT('2D SPACE',''
  ) );
#5793 = PCURVE('',#4288,#5794);
#5794 = DEFINITIONAL_REPRESENTATION('',(#5795),#5799);
#5795 = LINE('',#5796,#5797);
#5796 = CARTESIAN_POINT('',(3.14159265359,0.25));
#5797 = VECTOR('',#5798,1.);
#5798 = DIRECTION('',(0.,1.));
#5799 = ( GEOMETRIC_REPRESENTATION_CONTEXT(2) 
PARAMETRIC_REPRESENTATION_CONTEXT() REPRESENTATION_CONTEXT('2D SPACE',''
  ) );
#5800 = ADVANCED_FACE('',(#5801),#4288,.T.);
#5801 = FACE_BOUND('',#5802,.T.);
#5802 = EDGE_LOOP('',(#5803,#5804,#5805,#5829));
#5803 = ORIENTED_EDGE('',*,*,#4267,.F.);
#5804 = ORIENTED_EDGE('',*,*,#5780,.F.);
#5805 = ORIENTED_EDGE('',*,*,#5806,.F.);
#5806 = EDGE_CURVE('',#5807,#5758,#5809,.T.);
#5807 = VERTEX_POINT('',#5808);
#5808 = CARTESIAN_POINT('',(-1.335,-1.85,3.E-02));
#5809 = SURFACE_CURVE('',#5810,(#5815,#5822),.PCURVE_S1.);
#5810 = CIRCLE('',#5811,0.2);
#5811 = AXIS2_PLACEMENT_3D('',#5812,#5813,#5814);
#5812 = CARTESIAN_POINT('',(-1.335,-1.65,3.E-02));
#5813 = DIRECTION('',(0.,0.,-1.));
#5814 = DIRECTION('',(-1.,0.,0.));
#5815 = PCURVE('',#4288,#5816);
#5816 = DEFINITIONAL_REPRESENTATION('',(#5817),#5821);
#5817 = LINE('',#5818,#5819);
#5818 = CARTESIAN_POINT('',(9.424777960769,0.));
#5819 = VECTOR('',#5820,1.);
#5820 = DIRECTION('',(-1.,0.));
#5821 = ( GEOMETRIC_REPRESENTATION_CONTEXT(2) 
PARAMETRIC_REPRESENTATION_CONTEXT() REPRESENTATION_CONTEXT('2D SPACE',''
  ) );
#5822 = PCURVE('',#5553,#5823);
#5823 = DEFINITIONAL_REPRESENTATION('',(#5824),#5828);
#5824 = CIRCLE('',#5825,0.2);
#5825 = AXIS2_PLACEMENT_2D('',#5826,#5827);
#5826 = CARTESIAN_POINT('',(1.65,1.335));
#5827 = DIRECTION('',(0.,1.));
#5828 = ( GEOMETRIC_REPRESENTATION_CONTEXT(2) 
PARAMETRIC_REPRESENTATION_CONTEXT() REPRESENTATION_CONTEXT('2D SPACE',''
  ) );
#5829 = ORIENTED_EDGE('',*,*,#5830,.F.);
#5830 = EDGE_CURVE('',#4268,#5807,#5831,.T.);
#5831 = SURFACE_CURVE('',#5832,(#5836,#5843),.PCURVE_S1.);
#5832 = LINE('',#5833,#5834);
#5833 = CARTESIAN_POINT('',(-1.335,-1.85,3.E-02));
#5834 = VECTOR('',#5835,1.);
#5835 = DIRECTION('',(0.,0.,-1.));
#5836 = PCURVE('',#4288,#5837);
#5837 = DEFINITIONAL_REPRESENTATION('',(#5838),#5842);
#5838 = LINE('',#5839,#5840);
#5839 = CARTESIAN_POINT('',(4.712388980385,0.));
#5840 = VECTOR('',#5841,1.);
#5841 = DIRECTION('',(0.,-1.));
#5842 = ( GEOMETRIC_REPRESENTATION_CONTEXT(2) 
PARAMETRIC_REPRESENTATION_CONTEXT() REPRESENTATION_CONTEXT('2D SPACE',''
  ) );
#5843 = PCURVE('',#4316,#5844);
#5844 = DEFINITIONAL_REPRESENTATION('',(#5845),#5849);
#5845 = LINE('',#5846,#5847);
#5846 = CARTESIAN_POINT('',(-0.235,0.));
#5847 = VECTOR('',#5848,1.);
#5848 = DIRECTION('',(0.,1.));
#5849 = ( GEOMETRIC_REPRESENTATION_CONTEXT(2) 
PARAMETRIC_REPRESENTATION_CONTEXT() REPRESENTATION_CONTEXT('2D SPACE',''
  ) );
#5850 = ADVANCED_FACE('',(#5851),#4316,.F.);
#5851 = FACE_BOUND('',#5852,.T.);
#5852 = EDGE_LOOP('',(#5853,#5883,#5904,#5905,#5906,#5929,#5950,#5951));
#5853 = ORIENTED_EDGE('',*,*,#5854,.F.);
#5854 = EDGE_CURVE('',#5855,#5857,#5859,.T.);
#5855 = VERTEX_POINT('',#5856);
#5856 = CARTESIAN_POINT('',(1.335,-1.85,3.E-02));
#5857 = VERTEX_POINT('',#5858);
#5858 = CARTESIAN_POINT('',(1.1,-1.85,3.E-02));
#5859 = SURFACE_CURVE('',#5860,(#5864,#5871),.PCURVE_S1.);
#5860 = LINE('',#5861,#5862);
#5861 = CARTESIAN_POINT('',(1.535,-1.85,3.E-02));
#5862 = VECTOR('',#5863,1.);
#5863 = DIRECTION('',(-1.,0.,0.));
#5864 = PCURVE('',#4316,#5865);
#5865 = DEFINITIONAL_REPRESENTATION('',(#5866),#5870);
#5866 = LINE('',#5867,#5868);
#5867 = CARTESIAN_POINT('',(2.635,0.));
#5868 = VECTOR('',#5869,1.);
#5869 = DIRECTION('',(-1.,0.));
#5870 = ( GEOMETRIC_REPRESENTATION_CONTEXT(2) 
PARAMETRIC_REPRESENTATION_CONTEXT() REPRESENTATION_CONTEXT('2D SPACE',''
  ) );
#5871 = PCURVE('',#5872,#5877);
#5872 = PLANE('',#5873);
#5873 = AXIS2_PLACEMENT_3D('',#5874,#5875,#5876);
#5874 = CARTESIAN_POINT('',(0.,0.,3.E-02));
#5875 = DIRECTION('',(0.,0.,-1.));
#5876 = DIRECTION('',(0.,-1.,0.));
#5877 = DEFINITIONAL_REPRESENTATION('',(#5878),#5882);
#5878 = LINE('',#5879,#5880);
#5879 = CARTESIAN_POINT('',(1.85,-1.535));
#5880 = VECTOR('',#5881,1.);
#5881 = DIRECTION('',(0.,1.));
#5882 = ( GEOMETRIC_REPRESENTATION_CONTEXT(2) 
PARAMETRIC_REPRESENTATION_CONTEXT() REPRESENTATION_CONTEXT('2D SPACE',''
  ) );
#5883 = ORIENTED_EDGE('',*,*,#5884,.T.);
#5884 = EDGE_CURVE('',#5855,#4301,#5885,.T.);
#5885 = SURFACE_CURVE('',#5886,(#5890,#5897),.PCURVE_S1.);
#5886 = LINE('',#5887,#5888);
#5887 = CARTESIAN_POINT('',(1.335,-1.85,0.28));
#5888 = VECTOR('',#5889,1.);
#5889 = DIRECTION('',(0.,0.,1.));
#5890 = PCURVE('',#4316,#5891);
#5891 = DEFINITIONAL_REPRESENTATION('',(#5892),#5896);
#5892 = LINE('',#5893,#5894);
#5893 = CARTESIAN_POINT('',(2.435,-0.25));
#5894 = VECTOR('',#5895,1.);
#5895 = DIRECTION('',(0.,-1.));
#5896 = ( GEOMETRIC_REPRESENTATION_CONTEXT(2) 
PARAMETRIC_REPRESENTATION_CONTEXT() REPRESENTATION_CONTEXT('2D SPACE',''
  ) );
#5897 = PCURVE('',#4349,#5898);
#5898 = DEFINITIONAL_REPRESENTATION('',(#5899),#5903);
#5899 = LINE('',#5900,#5901);
#5900 = CARTESIAN_POINT('',(4.712388980385,0.));
#5901 = VECTOR('',#5902,1.);
#5902 = DIRECTION('',(0.,1.));
#5903 = ( GEOMETRIC_REPRESENTATION_CONTEXT(2) 
PARAMETRIC_REPRESENTATION_CONTEXT() REPRESENTATION_CONTEXT('2D SPACE',''
  ) );
#5904 = ORIENTED_EDGE('',*,*,#4300,.T.);
#5905 = ORIENTED_EDGE('',*,*,#5830,.T.);
#5906 = ORIENTED_EDGE('',*,*,#5907,.F.);
#5907 = EDGE_CURVE('',#5908,#5807,#5910,.T.);
#5908 = VERTEX_POINT('',#5909);
#5909 = CARTESIAN_POINT('',(-1.1,-1.85,3.E-02));
#5910 = SURFACE_CURVE('',#5911,(#5915,#5922),.PCURVE_S1.);
#5911 = LINE('',#5912,#5913);
#5912 = CARTESIAN_POINT('',(1.535,-1.85,3.E-02));
#5913 = VECTOR('',#5914,1.);
#5914 = DIRECTION('',(-1.,0.,0.));
#5915 = PCURVE('',#4316,#5916);
#5916 = DEFINITIONAL_REPRESENTATION('',(#5917),#5921);
#5917 = LINE('',#5918,#5919);
#5918 = CARTESIAN_POINT('',(2.635,0.));
#5919 = VECTOR('',#5920,1.);
#5920 = DIRECTION('',(-1.,0.));
#5921 = ( GEOMETRIC_REPRESENTATION_CONTEXT(2) 
PARAMETRIC_REPRESENTATION_CONTEXT() REPRESENTATION_CONTEXT('2D SPACE',''
  ) );
#5922 = PCURVE('',#5553,#5923);
#5923 = DEFINITIONAL_REPRESENTATION('',(#5924),#5928);
#5924 = LINE('',#5925,#5926);
#5925 = CARTESIAN_POINT('',(1.85,-1.535));
#5926 = VECTOR('',#5927,1.);
#5927 = DIRECTION('',(0.,1.));
#5928 = ( GEOMETRIC_REPRESENTATION_CONTEXT(2) 
PARAMETRIC_REPRESENTATION_CONTEXT() REPRESENTATION_CONTEXT('2D SPACE',''
  ) );
#5929 = ORIENTED_EDGE('',*,*,#5930,.T.);
#5930 = EDGE_CURVE('',#5908,#4890,#5931,.T.);
#5931 = SURFACE_CURVE('',#5932,(#5936,#5943),.PCURVE_S1.);
#5932 = LINE('',#5933,#5934);
#5933 = CARTESIAN_POINT('',(-1.1,-1.85,3.E-02));
#5934 = VECTOR('',#5935,1.);
#5935 = DIRECTION('',(0.,0.,-1.));
#5936 = PCURVE('',#4316,#5937);
#5937 = DEFINITIONAL_REPRESENTATION('',(#5938),#5942);
#5938 = LINE('',#5939,#5940);
#5939 = CARTESIAN_POINT('',(0.,0.));
#5940 = VECTOR('',#5941,1.);
#5941 = DIRECTION('',(0.,1.));
#5942 = ( GEOMETRIC_REPRESENTATION_CONTEXT(2) 
PARAMETRIC_REPRESENTATION_CONTEXT() REPRESENTATION_CONTEXT('2D SPACE',''
  ) );
#5943 = PCURVE('',#4928,#5944);
#5944 = DEFINITIONAL_REPRESENTATION('',(#5945),#5949);
#5945 = LINE('',#5946,#5947);
#5946 = CARTESIAN_POINT('',(-0.95,0.));
#5947 = VECTOR('',#5948,1.);
#5948 = DIRECTION('',(0.,-1.));
#5949 = ( GEOMETRIC_REPRESENTATION_CONTEXT(2) 
PARAMETRIC_REPRESENTATION_CONTEXT() REPRESENTATION_CONTEXT('2D SPACE',''
  ) );
#5950 = ORIENTED_EDGE('',*,*,#4889,.T.);
#5951 = ORIENTED_EDGE('',*,*,#5952,.F.);
#5952 = EDGE_CURVE('',#5857,#4862,#5953,.T.);
#5953 = SURFACE_CURVE('',#5954,(#5958,#5965),.PCURVE_S1.);
#5954 = LINE('',#5955,#5956);
#5955 = CARTESIAN_POINT('',(1.1,-1.85,3.E-02));
#5956 = VECTOR('',#5957,1.);
#5957 = DIRECTION('',(0.,0.,-1.));
#5958 = PCURVE('',#4316,#5959);
#5959 = DEFINITIONAL_REPRESENTATION('',(#5960),#5964);
#5960 = LINE('',#5961,#5962);
#5961 = CARTESIAN_POINT('',(2.2,0.));
#5962 = VECTOR('',#5963,1.);
#5963 = DIRECTION('',(0.,1.));
#5964 = ( GEOMETRIC_REPRESENTATION_CONTEXT(2) 
PARAMETRIC_REPRESENTATION_CONTEXT() REPRESENTATION_CONTEXT('2D SPACE',''
  ) );
#5965 = PCURVE('',#4877,#5966);
#5966 = DEFINITIONAL_REPRESENTATION('',(#5967),#5971);
#5967 = LINE('',#5968,#5969);
#5968 = CARTESIAN_POINT('',(0.,0.));
#5969 = VECTOR('',#5970,1.);
#5970 = DIRECTION('',(-1.,0.));
#5971 = ( GEOMETRIC_REPRESENTATION_CONTEXT(2) 
PARAMETRIC_REPRESENTATION_CONTEXT() REPRESENTATION_CONTEXT('2D SPACE',''
  ) );
#5972 = ADVANCED_FACE('',(#5973),#4349,.T.);
#5973 = FACE_BOUND('',#5974,.T.);
#5974 = EDGE_LOOP('',(#5975,#5976,#5977,#6001));
#5975 = ORIENTED_EDGE('',*,*,#4328,.F.);
#5976 = ORIENTED_EDGE('',*,*,#5884,.F.);
#5977 = ORIENTED_EDGE('',*,*,#5978,.F.);
#5978 = EDGE_CURVE('',#5979,#5855,#5981,.T.);
#5979 = VERTEX_POINT('',#5980);
#5980 = CARTESIAN_POINT('',(1.535,-1.65,3.E-02));
#5981 = SURFACE_CURVE('',#5982,(#5987,#5994),.PCURVE_S1.);
#5982 = CIRCLE('',#5983,0.2);
#5983 = AXIS2_PLACEMENT_3D('',#5984,#5985,#5986);
#5984 = CARTESIAN_POINT('',(1.335,-1.65,3.E-02));
#5985 = DIRECTION('',(0.,0.,-1.));
#5986 = DIRECTION('',(-1.,0.,0.));
#5987 = PCURVE('',#4349,#5988);
#5988 = DEFINITIONAL_REPRESENTATION('',(#5989),#5993);
#5989 = LINE('',#5990,#5991);
#5990 = CARTESIAN_POINT('',(9.424777960769,-0.25));
#5991 = VECTOR('',#5992,1.);
#5992 = DIRECTION('',(-1.,0.));
#5993 = ( GEOMETRIC_REPRESENTATION_CONTEXT(2) 
PARAMETRIC_REPRESENTATION_CONTEXT() REPRESENTATION_CONTEXT('2D SPACE',''
  ) );
#5994 = PCURVE('',#5872,#5995);
#5995 = DEFINITIONAL_REPRESENTATION('',(#5996),#6000);
#5996 = CIRCLE('',#5997,0.2);
#5997 = AXIS2_PLACEMENT_2D('',#5998,#5999);
#5998 = CARTESIAN_POINT('',(1.65,-1.335));
#5999 = DIRECTION('',(0.,1.));
#6000 = ( GEOMETRIC_REPRESENTATION_CONTEXT(2) 
PARAMETRIC_REPRESENTATION_CONTEXT() REPRESENTATION_CONTEXT('2D SPACE',''
  ) );
#6001 = ORIENTED_EDGE('',*,*,#6002,.F.);
#6002 = EDGE_CURVE('',#4329,#5979,#6003,.T.);
#6003 = SURFACE_CURVE('',#6004,(#6008,#6015),.PCURVE_S1.);
#6004 = LINE('',#6005,#6006);
#6005 = CARTESIAN_POINT('',(1.535,-1.65,3.E-02));
#6006 = VECTOR('',#6007,1.);
#6007 = DIRECTION('',(0.,0.,-1.));
#6008 = PCURVE('',#4349,#6009);
#6009 = DEFINITIONAL_REPRESENTATION('',(#6010),#6014);
#6010 = LINE('',#6011,#6012);
#6011 = CARTESIAN_POINT('',(6.28318530718,-0.25));
#6012 = VECTOR('',#6013,1.);
#6013 = DIRECTION('',(0.,-1.));
#6014 = ( GEOMETRIC_REPRESENTATION_CONTEXT(2) 
PARAMETRIC_REPRESENTATION_CONTEXT() REPRESENTATION_CONTEXT('2D SPACE',''
  ) );
#6015 = PCURVE('',#4377,#6016);
#6016 = DEFINITIONAL_REPRESENTATION('',(#6017),#6021);
#6017 = LINE('',#6018,#6019);
#6018 = CARTESIAN_POINT('',(0.568134665205,0.25));
#6019 = VECTOR('',#6020,1.);
#6020 = DIRECTION('',(-0.,1.));
#6021 = ( GEOMETRIC_REPRESENTATION_CONTEXT(2) 
PARAMETRIC_REPRESENTATION_CONTEXT() REPRESENTATION_CONTEXT('2D SPACE',''
  ) );
#6022 = ADVANCED_FACE('',(#6023),#4377,.T.);
#6023 = FACE_BOUND('',#6024,.T.);
#6024 = EDGE_LOOP('',(#6025,#6055,#6076,#6077,#6078));
#6025 = ORIENTED_EDGE('',*,*,#6026,.F.);
#6026 = EDGE_CURVE('',#6027,#6029,#6031,.T.);
#6027 = VERTEX_POINT('',#6028);
#6028 = CARTESIAN_POINT('',(1.535,-1.197335388633,3.E-02));
#6029 = VERTEX_POINT('',#6030);
#6030 = CARTESIAN_POINT('',(1.535,-1.575,3.E-02));
#6031 = SURFACE_CURVE('',#6032,(#6036,#6043),.PCURVE_S1.);
#6032 = LINE('',#6033,#6034);
#6033 = CARTESIAN_POINT('',(1.535,-1.081865334795,3.E-02));
#6034 = VECTOR('',#6035,1.);
#6035 = DIRECTION('',(-5.645896333533E-16,-1.,0.));
#6036 = PCURVE('',#4377,#6037);
#6037 = DEFINITIONAL_REPRESENTATION('',(#6038),#6042);
#6038 = LINE('',#6039,#6040);
#6039 = CARTESIAN_POINT('',(-0.,0.25));
#6040 = VECTOR('',#6041,1.);
#6041 = DIRECTION('',(1.,0.));
#6042 = ( GEOMETRIC_REPRESENTATION_CONTEXT(2) 
PARAMETRIC_REPRESENTATION_CONTEXT() REPRESENTATION_CONTEXT('2D SPACE',''
  ) );
#6043 = PCURVE('',#6044,#6049);
#6044 = PLANE('',#6045);
#6045 = AXIS2_PLACEMENT_3D('',#6046,#6047,#6048);
#6046 = CARTESIAN_POINT('',(1.11,-1.175,3.E-02));
#6047 = DIRECTION('',(6.316310941688E-17,0.,-1.));
#6048 = DIRECTION('',(0.,-1.,0.));
#6049 = DEFINITIONAL_REPRESENTATION('',(#6050),#6054);
#6050 = LINE('',#6051,#6052);
#6051 = CARTESIAN_POINT('',(-9.313466520527E-02,-0.425));
#6052 = VECTOR('',#6053,1.);
#6053 = DIRECTION('',(1.,5.645896333533E-16));
#6054 = ( GEOMETRIC_REPRESENTATION_CONTEXT(2) 
PARAMETRIC_REPRESENTATION_CONTEXT() REPRESENTATION_CONTEXT('2D SPACE',''
  ) );
#6055 = ORIENTED_EDGE('',*,*,#6056,.T.);
#6056 = EDGE_CURVE('',#6027,#4362,#6057,.T.);
#6057 = SURFACE_CURVE('',#6058,(#6062,#6069),.PCURVE_S1.);
#6058 = LINE('',#6059,#6060);
#6059 = CARTESIAN_POINT('',(1.535,-1.197335388633,0.28));
#6060 = VECTOR('',#6061,1.);
#6061 = DIRECTION('',(0.,0.,1.));
#6062 = PCURVE('',#4377,#6063);
#6063 = DEFINITIONAL_REPRESENTATION('',(#6064),#6068);
#6064 = LINE('',#6065,#6066);
#6065 = CARTESIAN_POINT('',(0.115470053838,0.));
#6066 = VECTOR('',#6067,1.);
#6067 = DIRECTION('',(0.,-1.));
#6068 = ( GEOMETRIC_REPRESENTATION_CONTEXT(2) 
PARAMETRIC_REPRESENTATION_CONTEXT() REPRESENTATION_CONTEXT('2D SPACE',''
  ) );
#6069 = PCURVE('',#4406,#6070);
#6070 = DEFINITIONAL_REPRESENTATION('',(#6071),#6075);
#6071 = LINE('',#6072,#6073);
#6072 = CARTESIAN_POINT('',(3.14159265359,0.));
#6073 = VECTOR('',#6074,1.);
#6074 = DIRECTION('',(0.,1.));
#6075 = ( GEOMETRIC_REPRESENTATION_CONTEXT(2) 
PARAMETRIC_REPRESENTATION_CONTEXT() REPRESENTATION_CONTEXT('2D SPACE',''
  ) );
#6076 = ORIENTED_EDGE('',*,*,#4361,.T.);
#6077 = ORIENTED_EDGE('',*,*,#6002,.T.);
#6078 = ORIENTED_EDGE('',*,*,#6079,.F.);
#6079 = EDGE_CURVE('',#6029,#5979,#6080,.T.);
#6080 = SURFACE_CURVE('',#6081,(#6085,#6092),.PCURVE_S1.);
#6081 = LINE('',#6082,#6083);
#6082 = CARTESIAN_POINT('',(1.535,-1.081865334795,3.E-02));
#6083 = VECTOR('',#6084,1.);
#6084 = DIRECTION('',(-5.645896333533E-16,-1.,0.));
#6085 = PCURVE('',#4377,#6086);
#6086 = DEFINITIONAL_REPRESENTATION('',(#6087),#6091);
#6087 = LINE('',#6088,#6089);
#6088 = CARTESIAN_POINT('',(-0.,0.25));
#6089 = VECTOR('',#6090,1.);
#6090 = DIRECTION('',(1.,0.));
#6091 = ( GEOMETRIC_REPRESENTATION_CONTEXT(2) 
PARAMETRIC_REPRESENTATION_CONTEXT() REPRESENTATION_CONTEXT('2D SPACE',''
  ) );
#6092 = PCURVE('',#5872,#6093);
#6093 = DEFINITIONAL_REPRESENTATION('',(#6094),#6098);
#6094 = LINE('',#6095,#6096);
#6095 = CARTESIAN_POINT('',(1.081865334795,-1.535));
#6096 = VECTOR('',#6097,1.);
#6097 = DIRECTION('',(1.,5.645896333533E-16));
#6098 = ( GEOMETRIC_REPRESENTATION_CONTEXT(2) 
PARAMETRIC_REPRESENTATION_CONTEXT() REPRESENTATION_CONTEXT('2D SPACE',''
  ) );
#6099 = ADVANCED_FACE('',(#6100),#4406,.F.);
#6100 = FACE_BOUND('',#6101,.F.);
#6101 = EDGE_LOOP('',(#6102,#6125,#6153,#6179,#6180));
#6102 = ORIENTED_EDGE('',*,*,#6103,.T.);
#6103 = EDGE_CURVE('',#4390,#6104,#6106,.T.);
#6104 = VERTEX_POINT('',#6105);
#6105 = CARTESIAN_POINT('',(1.635,-1.024130307876,3.E-02));
#6106 = SURFACE_CURVE('',#6107,(#6111,#6118),.PCURVE_S1.);
#6107 = LINE('',#6108,#6109);
#6108 = CARTESIAN_POINT('',(1.635,-1.024130307876,3.E-02));
#6109 = VECTOR('',#6110,1.);
#6110 = DIRECTION('',(0.,0.,-1.));
#6111 = PCURVE('',#4406,#6112);
#6112 = DEFINITIONAL_REPRESENTATION('',(#6113),#6117);
#6113 = LINE('',#6114,#6115);
#6114 = CARTESIAN_POINT('',(2.094395102393,-0.25));
#6115 = VECTOR('',#6116,1.);
#6116 = DIRECTION('',(0.,-1.));
#6117 = ( GEOMETRIC_REPRESENTATION_CONTEXT(2) 
PARAMETRIC_REPRESENTATION_CONTEXT() REPRESENTATION_CONTEXT('2D SPACE',''
  ) );
#6118 = PCURVE('',#4434,#6119);
#6119 = DEFINITIONAL_REPRESENTATION('',(#6120),#6124);
#6120 = LINE('',#6121,#6122);
#6121 = CARTESIAN_POINT('',(0.25,-0.248260615752));
#6122 = VECTOR('',#6123,1.);
#6123 = DIRECTION('',(1.,0.));
#6124 = ( GEOMETRIC_REPRESENTATION_CONTEXT(2) 
PARAMETRIC_REPRESENTATION_CONTEXT() REPRESENTATION_CONTEXT('2D SPACE',''
  ) );
#6125 = ORIENTED_EDGE('',*,*,#6126,.T.);
#6126 = EDGE_CURVE('',#6104,#6127,#6129,.T.);
#6127 = VERTEX_POINT('',#6128);
#6128 = CARTESIAN_POINT('',(1.53625108701,-1.175,3.E-02));
#6129 = SURFACE_CURVE('',#6130,(#6135,#6142),.PCURVE_S1.);
#6130 = CIRCLE('',#6131,0.2);
#6131 = AXIS2_PLACEMENT_3D('',#6132,#6133,#6134);
#6132 = CARTESIAN_POINT('',(1.735,-1.197335388633,3.E-02));
#6133 = DIRECTION('',(0.,0.,1.));
#6134 = DIRECTION('',(-1.,0.,0.));
#6135 = PCURVE('',#4406,#6136);
#6136 = DEFINITIONAL_REPRESENTATION('',(#6137),#6141);
#6137 = LINE('',#6138,#6139);
#6138 = CARTESIAN_POINT('',(-3.14159265359,-0.25));
#6139 = VECTOR('',#6140,1.);
#6140 = DIRECTION('',(1.,0.));
#6141 = ( GEOMETRIC_REPRESENTATION_CONTEXT(2) 
PARAMETRIC_REPRESENTATION_CONTEXT() REPRESENTATION_CONTEXT('2D SPACE',''
  ) );
#6142 = PCURVE('',#5872,#6143);
#6143 = DEFINITIONAL_REPRESENTATION('',(#6144),#6152);
#6144 = ( BOUNDED_CURVE() B_SPLINE_CURVE(2,(#6145,#6146,#6147,#6148,
#6149,#6150,#6151),.UNSPECIFIED.,.T.,.F.) B_SPLINE_CURVE_WITH_KNOTS((1,2
    ,2,2,2,1),(-2.094395102393,0.,2.094395102393,4.188790204786,
6.28318530718,8.377580409573),.UNSPECIFIED.) CURVE() 
GEOMETRIC_REPRESENTATION_ITEM() RATIONAL_B_SPLINE_CURVE((1.,0.5,1.,0.5,
1.,0.5,1.)) REPRESENTATION_ITEM('') );
#6145 = CARTESIAN_POINT('',(1.197335388633,-1.535));
#6146 = CARTESIAN_POINT('',(1.543745550146,-1.535));
#6147 = CARTESIAN_POINT('',(1.37054046939,-1.835));
#6148 = CARTESIAN_POINT('',(1.197335388633,-2.135));
#6149 = CARTESIAN_POINT('',(1.024130307876,-1.835));
#6150 = CARTESIAN_POINT('',(0.850925227119,-1.535));
#6151 = CARTESIAN_POINT('',(1.197335388633,-1.535));
#6152 = ( GEOMETRIC_REPRESENTATION_CONTEXT(2) 
PARAMETRIC_REPRESENTATION_CONTEXT() REPRESENTATION_CONTEXT('2D SPACE',''
  ) );
#6153 = ORIENTED_EDGE('',*,*,#6154,.T.);
#6154 = EDGE_CURVE('',#6127,#6027,#6155,.T.);
#6155 = SURFACE_CURVE('',#6156,(#6161,#6168),.PCURVE_S1.);
#6156 = CIRCLE('',#6157,0.2);
#6157 = AXIS2_PLACEMENT_3D('',#6158,#6159,#6160);
#6158 = CARTESIAN_POINT('',(1.735,-1.197335388633,3.E-02));
#6159 = DIRECTION('',(0.,0.,1.));
#6160 = DIRECTION('',(-1.,0.,0.));
#6161 = PCURVE('',#4406,#6162);
#6162 = DEFINITIONAL_REPRESENTATION('',(#6163),#6167);
#6163 = LINE('',#6164,#6165);
#6164 = CARTESIAN_POINT('',(-3.14159265359,-0.25));
#6165 = VECTOR('',#6166,1.);
#6166 = DIRECTION('',(1.,0.));
#6167 = ( GEOMETRIC_REPRESENTATION_CONTEXT(2) 
PARAMETRIC_REPRESENTATION_CONTEXT() REPRESENTATION_CONTEXT('2D SPACE',''
  ) );
#6168 = PCURVE('',#6044,#6169);
#6169 = DEFINITIONAL_REPRESENTATION('',(#6170),#6178);
#6170 = ( BOUNDED_CURVE() B_SPLINE_CURVE(2,(#6171,#6172,#6173,#6174,
#6175,#6176,#6177),.UNSPECIFIED.,.T.,.F.) B_SPLINE_CURVE_WITH_KNOTS((1,2
    ,2,2,2,1),(-2.094395102393,0.,2.094395102393,4.188790204786,
6.28318530718,8.377580409573),.UNSPECIFIED.) CURVE() 
GEOMETRIC_REPRESENTATION_ITEM() RATIONAL_B_SPLINE_CURVE((1.,0.5,1.,0.5,
1.,0.5,1.)) REPRESENTATION_ITEM('') );
#6171 = CARTESIAN_POINT('',(2.233538863266E-02,-0.425));
#6172 = CARTESIAN_POINT('',(0.368745550146,-0.425));
#6173 = CARTESIAN_POINT('',(0.19554046939,-0.725));
#6174 = CARTESIAN_POINT('',(2.233538863266E-02,-1.025));
#6175 = CARTESIAN_POINT('',(-0.150869692124,-0.725));
#6176 = CARTESIAN_POINT('',(-0.324074772881,-0.425));
#6177 = CARTESIAN_POINT('',(2.233538863266E-02,-0.425));
#6178 = ( GEOMETRIC_REPRESENTATION_CONTEXT(2) 
PARAMETRIC_REPRESENTATION_CONTEXT() REPRESENTATION_CONTEXT('2D SPACE',''
  ) );
#6179 = ORIENTED_EDGE('',*,*,#6056,.T.);
#6180 = ORIENTED_EDGE('',*,*,#4389,.T.);
#6181 = ADVANCED_FACE('',(#6182),#4434,.T.);
#6182 = FACE_BOUND('',#6183,.T.);
#6183 = EDGE_LOOP('',(#6184,#6207,#6228,#6229));
#6184 = ORIENTED_EDGE('',*,*,#6185,.F.);
#6185 = EDGE_CURVE('',#6186,#6104,#6188,.T.);
#6186 = VERTEX_POINT('',#6187);
#6187 = CARTESIAN_POINT('',(1.7425,-0.962065153938,3.E-02));
#6188 = SURFACE_CURVE('',#6189,(#6193,#6200),.PCURVE_S1.);
#6189 = LINE('',#6190,#6191);
#6190 = CARTESIAN_POINT('',(1.85,-0.9,3.E-02));
#6191 = VECTOR('',#6192,1.);
#6192 = DIRECTION('',(-0.866025403784,-0.5,0.));
#6193 = PCURVE('',#4434,#6194);
#6194 = DEFINITIONAL_REPRESENTATION('',(#6195),#6199);
#6195 = LINE('',#6196,#6197);
#6196 = CARTESIAN_POINT('',(0.25,0.));
#6197 = VECTOR('',#6198,1.);
#6198 = DIRECTION('',(-0.,-1.));
#6199 = ( GEOMETRIC_REPRESENTATION_CONTEXT(2) 
PARAMETRIC_REPRESENTATION_CONTEXT() REPRESENTATION_CONTEXT('2D SPACE',''
  ) );
#6200 = PCURVE('',#5872,#6201);
#6201 = DEFINITIONAL_REPRESENTATION('',(#6202),#6206);
#6202 = LINE('',#6203,#6204);
#6203 = CARTESIAN_POINT('',(0.9,-1.85));
#6204 = VECTOR('',#6205,1.);
#6205 = DIRECTION('',(0.5,0.866025403784));
#6206 = ( GEOMETRIC_REPRESENTATION_CONTEXT(2) 
PARAMETRIC_REPRESENTATION_CONTEXT() REPRESENTATION_CONTEXT('2D SPACE',''
  ) );
#6207 = ORIENTED_EDGE('',*,*,#6208,.T.);
#6208 = EDGE_CURVE('',#6186,#4419,#6209,.T.);
#6209 = SURFACE_CURVE('',#6210,(#6214,#6221),.PCURVE_S1.);
#6210 = LINE('',#6211,#6212);
#6211 = CARTESIAN_POINT('',(1.7425,-0.962065153938,-5.025794591765));
#6212 = VECTOR('',#6213,1.);
#6213 = DIRECTION('',(0.,0.,1.));
#6214 = PCURVE('',#4434,#6215);
#6215 = DEFINITIONAL_REPRESENTATION('',(#6216),#6220);
#6216 = LINE('',#6217,#6218);
#6217 = CARTESIAN_POINT('',(5.305794591765,-0.124130307876));
#6218 = VECTOR('',#6219,1.);
#6219 = DIRECTION('',(-1.,0.));
#6220 = ( GEOMETRIC_REPRESENTATION_CONTEXT(2) 
PARAMETRIC_REPRESENTATION_CONTEXT() REPRESENTATION_CONTEXT('2D SPACE',''
  ) );
#6221 = PCURVE('',#4465,#6222);
#6222 = DEFINITIONAL_REPRESENTATION('',(#6223),#6227);
#6223 = LINE('',#6224,#6225);
#6224 = CARTESIAN_POINT('',(5.235987755983,0.));
#6225 = VECTOR('',#6226,1.);
#6226 = DIRECTION('',(0.,1.));
#6227 = ( GEOMETRIC_REPRESENTATION_CONTEXT(2) 
PARAMETRIC_REPRESENTATION_CONTEXT() REPRESENTATION_CONTEXT('2D SPACE',''
  ) );
#6228 = ORIENTED_EDGE('',*,*,#4418,.T.);
#6229 = ORIENTED_EDGE('',*,*,#6103,.T.);
#6230 = ADVANCED_FACE('',(#6231),#4465,.T.);
#6231 = FACE_BOUND('',#6232,.T.);
#6232 = EDGE_LOOP('',(#6233,#6234,#6235,#6236,#6237,#6261));
#6233 = ORIENTED_EDGE('',*,*,#4780,.T.);
#6234 = ORIENTED_EDGE('',*,*,#4505,.T.);
#6235 = ORIENTED_EDGE('',*,*,#4446,.F.);
#6236 = ORIENTED_EDGE('',*,*,#6208,.F.);
#6237 = ORIENTED_EDGE('',*,*,#6238,.F.);
#6238 = EDGE_CURVE('',#6239,#6186,#6241,.T.);
#6239 = VERTEX_POINT('',#6240);
#6240 = CARTESIAN_POINT('',(1.810546764899,-0.9,3.E-02));
#6241 = SURFACE_CURVE('',#6242,(#6247,#6254),.PCURVE_S1.);
#6242 = CIRCLE('',#6243,0.215);
#6243 = AXIS2_PLACEMENT_3D('',#6244,#6245,#6246);
#6244 = CARTESIAN_POINT('',(1.635,-0.775869692124,3.E-02));
#6245 = DIRECTION('',(0.,0.,-1.));
#6246 = DIRECTION('',(-1.,0.,0.));
#6247 = PCURVE('',#4465,#6248);
#6248 = DEFINITIONAL_REPRESENTATION('',(#6249),#6253);
#6249 = LINE('',#6250,#6251);
#6250 = CARTESIAN_POINT('',(9.424777960769,5.055794591765));
#6251 = VECTOR('',#6252,1.);
#6252 = DIRECTION('',(-1.,0.));
#6253 = ( GEOMETRIC_REPRESENTATION_CONTEXT(2) 
PARAMETRIC_REPRESENTATION_CONTEXT() REPRESENTATION_CONTEXT('2D SPACE',''
  ) );
#6254 = PCURVE('',#5872,#6255);
#6255 = DEFINITIONAL_REPRESENTATION('',(#6256),#6260);
#6256 = CIRCLE('',#6257,0.215);
#6257 = AXIS2_PLACEMENT_2D('',#6258,#6259);
#6258 = CARTESIAN_POINT('',(0.775869692124,-1.635));
#6259 = DIRECTION('',(0.,1.));
#6260 = ( GEOMETRIC_REPRESENTATION_CONTEXT(2) 
PARAMETRIC_REPRESENTATION_CONTEXT() REPRESENTATION_CONTEXT('2D SPACE',''
  ) );
#6261 = ORIENTED_EDGE('',*,*,#6262,.T.);
#6262 = EDGE_CURVE('',#6239,#4781,#6263,.T.);
#6263 = SURFACE_CURVE('',#6264,(#6268,#6275),.PCURVE_S1.);
#6264 = LINE('',#6265,#6266);
#6265 = CARTESIAN_POINT('',(1.810546764899,-0.9,-5.025794591765));
#6266 = VECTOR('',#6267,1.);
#6267 = DIRECTION('',(0.,0.,-1.));
#6268 = PCURVE('',#4465,#6269);
#6269 = DEFINITIONAL_REPRESENTATION('',(#6270),#6274);
#6270 = LINE('',#6271,#6272);
#6271 = CARTESIAN_POINT('',(5.667705598509,0.));
#6272 = VECTOR('',#6273,1.);
#6273 = DIRECTION('',(0.,-1.));
#6274 = ( GEOMETRIC_REPRESENTATION_CONTEXT(2) 
PARAMETRIC_REPRESENTATION_CONTEXT() REPRESENTATION_CONTEXT('2D SPACE',''
  ) );
#6275 = PCURVE('',#4820,#6276);
#6276 = DEFINITIONAL_REPRESENTATION('',(#6277),#6281);
#6277 = LINE('',#6278,#6279);
#6278 = CARTESIAN_POINT('',(0.710546764899,5.055794591765));
#6279 = VECTOR('',#6280,1.);
#6280 = DIRECTION('',(0.,1.));
#6281 = ( GEOMETRIC_REPRESENTATION_CONTEXT(2) 
PARAMETRIC_REPRESENTATION_CONTEXT() REPRESENTATION_CONTEXT('2D SPACE',''
  ) );
#6282 = ADVANCED_FACE('',(#6283),#3886,.T.);
#6283 = FACE_BOUND('',#6284,.T.);
#6284 = EDGE_LOOP('',(#6285,#6286,#6309,#6337));
#6285 = ORIENTED_EDGE('',*,*,#3868,.F.);
#6286 = ORIENTED_EDGE('',*,*,#6287,.F.);
#6287 = EDGE_CURVE('',#6288,#3869,#6290,.T.);
#6288 = VERTEX_POINT('',#6289);
#6289 = CARTESIAN_POINT('',(1.374772708487,0.6,0.2));
#6290 = SURFACE_CURVE('',#6291,(#6295,#6302),.PCURVE_S1.);
#6291 = LINE('',#6292,#6293);
#6292 = CARTESIAN_POINT('',(1.374772708487,0.6,0.2));
#6293 = VECTOR('',#6294,1.);
#6294 = DIRECTION('',(0.,0.,1.));
#6295 = PCURVE('',#3886,#6296);
#6296 = DEFINITIONAL_REPRESENTATION('',(#6297),#6301);
#6297 = LINE('',#6298,#6299);
#6298 = CARTESIAN_POINT('',(0.,0.));
#6299 = VECTOR('',#6300,1.);
#6300 = DIRECTION('',(-1.,0.));
#6301 = ( GEOMETRIC_REPRESENTATION_CONTEXT(2) 
PARAMETRIC_REPRESENTATION_CONTEXT() REPRESENTATION_CONTEXT('2D SPACE',''
  ) );
#6302 = PCURVE('',#4082,#6303);
#6303 = DEFINITIONAL_REPRESENTATION('',(#6304),#6308);
#6304 = LINE('',#6305,#6306);
#6305 = CARTESIAN_POINT('',(0.411516846067,0.));
#6306 = VECTOR('',#6307,1.);
#6307 = DIRECTION('',(0.,1.));
#6308 = ( GEOMETRIC_REPRESENTATION_CONTEXT(2) 
PARAMETRIC_REPRESENTATION_CONTEXT() REPRESENTATION_CONTEXT('2D SPACE',''
  ) );
#6309 = ORIENTED_EDGE('',*,*,#6310,.T.);
#6310 = EDGE_CURVE('',#6288,#6311,#6313,.T.);
#6311 = VERTEX_POINT('',#6312);
#6312 = CARTESIAN_POINT('',(1.6,0.6,0.2));
#6313 = SURFACE_CURVE('',#6314,(#6318,#6325),.PCURVE_S1.);
#6314 = LINE('',#6315,#6316);
#6315 = CARTESIAN_POINT('',(1.374772708487,0.6,0.2));
#6316 = VECTOR('',#6317,1.);
#6317 = DIRECTION('',(1.,0.,0.));
#6318 = PCURVE('',#3886,#6319);
#6319 = DEFINITIONAL_REPRESENTATION('',(#6320),#6324);
#6320 = LINE('',#6321,#6322);
#6321 = CARTESIAN_POINT('',(0.,0.));
#6322 = VECTOR('',#6323,1.);
#6323 = DIRECTION('',(0.,1.));
#6324 = ( GEOMETRIC_REPRESENTATION_CONTEXT(2) 
PARAMETRIC_REPRESENTATION_CONTEXT() REPRESENTATION_CONTEXT('2D SPACE',''
  ) );
#6325 = PCURVE('',#6326,#6331);
#6326 = PLANE('',#6327);
#6327 = AXIS2_PLACEMENT_3D('',#6328,#6329,#6330);
#6328 = CARTESIAN_POINT('',(0.,0.,0.2));
#6329 = DIRECTION('',(0.,0.,-1.));
#6330 = DIRECTION('',(0.,-1.,0.));
#6331 = DEFINITIONAL_REPRESENTATION('',(#6332),#6336);
#6332 = LINE('',#6333,#6334);
#6333 = CARTESIAN_POINT('',(-0.6,-1.374772708487));
#6334 = VECTOR('',#6335,1.);
#6335 = DIRECTION('',(0.,-1.));
#6336 = ( GEOMETRIC_REPRESENTATION_CONTEXT(2) 
PARAMETRIC_REPRESENTATION_CONTEXT() REPRESENTATION_CONTEXT('2D SPACE',''
  ) );
#6337 = ORIENTED_EDGE('',*,*,#6338,.T.);
#6338 = EDGE_CURVE('',#6311,#3871,#6339,.T.);
#6339 = SURFACE_CURVE('',#6340,(#6344,#6351),.PCURVE_S1.);
#6340 = LINE('',#6341,#6342);
#6341 = CARTESIAN_POINT('',(1.6,0.6,0.2));
#6342 = VECTOR('',#6343,1.);
#6343 = DIRECTION('',(0.,0.,1.));
#6344 = PCURVE('',#3886,#6345);
#6345 = DEFINITIONAL_REPRESENTATION('',(#6346),#6350);
#6346 = LINE('',#6347,#6348);
#6347 = CARTESIAN_POINT('',(0.,0.225227291513));
#6348 = VECTOR('',#6349,1.);
#6349 = DIRECTION('',(-1.,0.));
#6350 = ( GEOMETRIC_REPRESENTATION_CONTEXT(2) 
PARAMETRIC_REPRESENTATION_CONTEXT() REPRESENTATION_CONTEXT('2D SPACE',''
  ) );
#6351 = PCURVE('',#3914,#6352);
#6352 = DEFINITIONAL_REPRESENTATION('',(#6353),#6357);
#6353 = LINE('',#6354,#6355);
#6354 = CARTESIAN_POINT('',(0.,0.));
#6355 = VECTOR('',#6356,1.);
#6356 = DIRECTION('',(1.,0.));
#6357 = ( GEOMETRIC_REPRESENTATION_CONTEXT(2) 
PARAMETRIC_REPRESENTATION_CONTEXT() REPRESENTATION_CONTEXT('2D SPACE',''
  ) );
#6358 = ADVANCED_FACE('',(#6359),#3914,.T.);
#6359 = FACE_BOUND('',#6360,.T.);
#6360 = EDGE_LOOP('',(#6361,#6362,#6363,#6386));
#6361 = ORIENTED_EDGE('',*,*,#3898,.F.);
#6362 = ORIENTED_EDGE('',*,*,#6338,.F.);
#6363 = ORIENTED_EDGE('',*,*,#6364,.T.);
#6364 = EDGE_CURVE('',#6311,#6365,#6367,.T.);
#6365 = VERTEX_POINT('',#6366);
#6366 = CARTESIAN_POINT('',(1.6,-0.6,0.2));
#6367 = SURFACE_CURVE('',#6368,(#6372,#6379),.PCURVE_S1.);
#6368 = LINE('',#6369,#6370);
#6369 = CARTESIAN_POINT('',(1.6,0.6,0.2));
#6370 = VECTOR('',#6371,1.);
#6371 = DIRECTION('',(0.,-1.,0.));
#6372 = PCURVE('',#3914,#6373);
#6373 = DEFINITIONAL_REPRESENTATION('',(#6374),#6378);
#6374 = LINE('',#6375,#6376);
#6375 = CARTESIAN_POINT('',(0.,0.));
#6376 = VECTOR('',#6377,1.);
#6377 = DIRECTION('',(0.,-1.));
#6378 = ( GEOMETRIC_REPRESENTATION_CONTEXT(2) 
PARAMETRIC_REPRESENTATION_CONTEXT() REPRESENTATION_CONTEXT('2D SPACE',''
  ) );
#6379 = PCURVE('',#6326,#6380);
#6380 = DEFINITIONAL_REPRESENTATION('',(#6381),#6385);
#6381 = LINE('',#6382,#6383);
#6382 = CARTESIAN_POINT('',(-0.6,-1.6));
#6383 = VECTOR('',#6384,1.);
#6384 = DIRECTION('',(1.,0.));
#6385 = ( GEOMETRIC_REPRESENTATION_CONTEXT(2) 
PARAMETRIC_REPRESENTATION_CONTEXT() REPRESENTATION_CONTEXT('2D SPACE',''
  ) );
#6386 = ORIENTED_EDGE('',*,*,#6387,.T.);
#6387 = EDGE_CURVE('',#6365,#3899,#6388,.T.);
#6388 = SURFACE_CURVE('',#6389,(#6393,#6400),.PCURVE_S1.);
#6389 = LINE('',#6390,#6391);
#6390 = CARTESIAN_POINT('',(1.6,-0.6,0.2));
#6391 = VECTOR('',#6392,1.);
#6392 = DIRECTION('',(0.,0.,1.));
#6393 = PCURVE('',#3914,#6394);
#6394 = DEFINITIONAL_REPRESENTATION('',(#6395),#6399);
#6395 = LINE('',#6396,#6397);
#6396 = CARTESIAN_POINT('',(0.,-1.2));
#6397 = VECTOR('',#6398,1.);
#6398 = DIRECTION('',(1.,0.));
#6399 = ( GEOMETRIC_REPRESENTATION_CONTEXT(2) 
PARAMETRIC_REPRESENTATION_CONTEXT() REPRESENTATION_CONTEXT('2D SPACE',''
  ) );
#6400 = PCURVE('',#3942,#6401);
#6401 = DEFINITIONAL_REPRESENTATION('',(#6402),#6406);
#6402 = LINE('',#6403,#6404);
#6403 = CARTESIAN_POINT('',(0.,0.));
#6404 = VECTOR('',#6405,1.);
#6405 = DIRECTION('',(0.,-1.));
#6406 = ( GEOMETRIC_REPRESENTATION_CONTEXT(2) 
PARAMETRIC_REPRESENTATION_CONTEXT() REPRESENTATION_CONTEXT('2D SPACE',''
  ) );
#6407 = ADVANCED_FACE('',(#6408),#3942,.T.);
#6408 = FACE_BOUND('',#6409,.T.);
#6409 = EDGE_LOOP('',(#6410,#6411,#6412,#6435));
#6410 = ORIENTED_EDGE('',*,*,#3926,.F.);
#6411 = ORIENTED_EDGE('',*,*,#6387,.F.);
#6412 = ORIENTED_EDGE('',*,*,#6413,.T.);
#6413 = EDGE_CURVE('',#6365,#6414,#6416,.T.);
#6414 = VERTEX_POINT('',#6415);
#6415 = CARTESIAN_POINT('',(1.374772708487,-0.6,0.2));
#6416 = SURFACE_CURVE('',#6417,(#6421,#6428),.PCURVE_S1.);
#6417 = LINE('',#6418,#6419);
#6418 = CARTESIAN_POINT('',(1.6,-0.6,0.2));
#6419 = VECTOR('',#6420,1.);
#6420 = DIRECTION('',(-1.,0.,0.));
#6421 = PCURVE('',#3942,#6422);
#6422 = DEFINITIONAL_REPRESENTATION('',(#6423),#6427);
#6423 = LINE('',#6424,#6425);
#6424 = CARTESIAN_POINT('',(0.,0.));
#6425 = VECTOR('',#6426,1.);
#6426 = DIRECTION('',(-1.,0.));
#6427 = ( GEOMETRIC_REPRESENTATION_CONTEXT(2) 
PARAMETRIC_REPRESENTATION_CONTEXT() REPRESENTATION_CONTEXT('2D SPACE',''
  ) );
#6428 = PCURVE('',#6326,#6429);
#6429 = DEFINITIONAL_REPRESENTATION('',(#6430),#6434);
#6430 = LINE('',#6431,#6432);
#6431 = CARTESIAN_POINT('',(0.6,-1.6));
#6432 = VECTOR('',#6433,1.);
#6433 = DIRECTION('',(0.,1.));
#6434 = ( GEOMETRIC_REPRESENTATION_CONTEXT(2) 
PARAMETRIC_REPRESENTATION_CONTEXT() REPRESENTATION_CONTEXT('2D SPACE',''
  ) );
#6435 = ORIENTED_EDGE('',*,*,#6436,.T.);
#6436 = EDGE_CURVE('',#6414,#3927,#6437,.T.);
#6437 = SURFACE_CURVE('',#6438,(#6442,#6449),.PCURVE_S1.);
#6438 = LINE('',#6439,#6440);
#6439 = CARTESIAN_POINT('',(1.374772708487,-0.6,0.2));
#6440 = VECTOR('',#6441,1.);
#6441 = DIRECTION('',(0.,0.,1.));
#6442 = PCURVE('',#3942,#6443);
#6443 = DEFINITIONAL_REPRESENTATION('',(#6444),#6448);
#6444 = LINE('',#6445,#6446);
#6445 = CARTESIAN_POINT('',(-0.225227291513,0.));
#6446 = VECTOR('',#6447,1.);
#6447 = DIRECTION('',(0.,-1.));
#6448 = ( GEOMETRIC_REPRESENTATION_CONTEXT(2) 
PARAMETRIC_REPRESENTATION_CONTEXT() REPRESENTATION_CONTEXT('2D SPACE',''
  ) );
#6449 = PCURVE('',#3971,#6450);
#6450 = DEFINITIONAL_REPRESENTATION('',(#6451),#6455);
#6451 = LINE('',#6452,#6453);
#6452 = CARTESIAN_POINT('',(5.871668461112,0.));
#6453 = VECTOR('',#6454,1.);
#6454 = DIRECTION('',(0.,1.));
#6455 = ( GEOMETRIC_REPRESENTATION_CONTEXT(2) 
PARAMETRIC_REPRESENTATION_CONTEXT() REPRESENTATION_CONTEXT('2D SPACE',''
  ) );
#6456 = ADVANCED_FACE('',(#6457),#3971,.F.);
#6457 = FACE_BOUND('',#6458,.F.);
#6458 = EDGE_LOOP('',(#6459,#6482,#6504,#6505));
#6459 = ORIENTED_EDGE('',*,*,#6460,.F.);
#6460 = EDGE_CURVE('',#6461,#3955,#6463,.T.);
#6461 = VERTEX_POINT('',#6462);
#6462 = CARTESIAN_POINT('',(-1.374772708487,-0.6,0.2));
#6463 = SURFACE_CURVE('',#6464,(#6468,#6475),.PCURVE_S1.);
#6464 = LINE('',#6465,#6466);
#6465 = CARTESIAN_POINT('',(-1.374772708487,-0.6,0.2));
#6466 = VECTOR('',#6467,1.);
#6467 = DIRECTION('',(0.,0.,1.));
#6468 = PCURVE('',#3971,#6469);
#6469 = DEFINITIONAL_REPRESENTATION('',(#6470),#6474);
#6470 = LINE('',#6471,#6472);
#6471 = CARTESIAN_POINT('',(3.553109499657,0.));
#6472 = VECTOR('',#6473,1.);
#6473 = DIRECTION('',(0.,1.));
#6474 = ( GEOMETRIC_REPRESENTATION_CONTEXT(2) 
PARAMETRIC_REPRESENTATION_CONTEXT() REPRESENTATION_CONTEXT('2D SPACE',''
  ) );
#6475 = PCURVE('',#3999,#6476);
#6476 = DEFINITIONAL_REPRESENTATION('',(#6477),#6481);
#6477 = LINE('',#6478,#6479);
#6478 = CARTESIAN_POINT('',(0.,0.));
#6479 = VECTOR('',#6480,1.);
#6480 = DIRECTION('',(0.,-1.));
#6481 = ( GEOMETRIC_REPRESENTATION_CONTEXT(2) 
PARAMETRIC_REPRESENTATION_CONTEXT() REPRESENTATION_CONTEXT('2D SPACE',''
  ) );
#6482 = ORIENTED_EDGE('',*,*,#6483,.F.);
#6483 = EDGE_CURVE('',#6414,#6461,#6484,.T.);
#6484 = SURFACE_CURVE('',#6485,(#6490,#6497),.PCURVE_S1.);
#6485 = CIRCLE('',#6486,1.5);
#6486 = AXIS2_PLACEMENT_3D('',#6487,#6488,#6489);
#6487 = CARTESIAN_POINT('',(0.,0.,0.2));
#6488 = DIRECTION('',(0.,0.,-1.));
#6489 = DIRECTION('',(-1.,0.,0.));
#6490 = PCURVE('',#3971,#6491);
#6491 = DEFINITIONAL_REPRESENTATION('',(#6492),#6496);
#6492 = LINE('',#6493,#6494);
#6493 = CARTESIAN_POINT('',(9.424777960769,0.));
#6494 = VECTOR('',#6495,1.);
#6495 = DIRECTION('',(-1.,0.));
#6496 = ( GEOMETRIC_REPRESENTATION_CONTEXT(2) 
PARAMETRIC_REPRESENTATION_CONTEXT() REPRESENTATION_CONTEXT('2D SPACE',''
  ) );
#6497 = PCURVE('',#6326,#6498);
#6498 = DEFINITIONAL_REPRESENTATION('',(#6499),#6503);
#6499 = CIRCLE('',#6500,1.5);
#6500 = AXIS2_PLACEMENT_2D('',#6501,#6502);
#6501 = CARTESIAN_POINT('',(0.,0.));
#6502 = DIRECTION('',(0.,1.));
#6503 = ( GEOMETRIC_REPRESENTATION_CONTEXT(2) 
PARAMETRIC_REPRESENTATION_CONTEXT() REPRESENTATION_CONTEXT('2D SPACE',''
  ) );
#6504 = ORIENTED_EDGE('',*,*,#6436,.T.);
#6505 = ORIENTED_EDGE('',*,*,#3954,.T.);
#6506 = ADVANCED_FACE('',(#6507),#3999,.T.);
#6507 = FACE_BOUND('',#6508,.T.);
#6508 = EDGE_LOOP('',(#6509,#6510,#6511,#6534));
#6509 = ORIENTED_EDGE('',*,*,#3983,.F.);
#6510 = ORIENTED_EDGE('',*,*,#6460,.F.);
#6511 = ORIENTED_EDGE('',*,*,#6512,.T.);
#6512 = EDGE_CURVE('',#6461,#6513,#6515,.T.);
#6513 = VERTEX_POINT('',#6514);
#6514 = CARTESIAN_POINT('',(-1.6,-0.6,0.2));
#6515 = SURFACE_CURVE('',#6516,(#6520,#6527),.PCURVE_S1.);
#6516 = LINE('',#6517,#6518);
#6517 = CARTESIAN_POINT('',(-1.374772708487,-0.6,0.2));
#6518 = VECTOR('',#6519,1.);
#6519 = DIRECTION('',(-1.,0.,0.));
#6520 = PCURVE('',#3999,#6521);
#6521 = DEFINITIONAL_REPRESENTATION('',(#6522),#6526);
#6522 = LINE('',#6523,#6524);
#6523 = CARTESIAN_POINT('',(0.,0.));
#6524 = VECTOR('',#6525,1.);
#6525 = DIRECTION('',(-1.,0.));
#6526 = ( GEOMETRIC_REPRESENTATION_CONTEXT(2) 
PARAMETRIC_REPRESENTATION_CONTEXT() REPRESENTATION_CONTEXT('2D SPACE',''
  ) );
#6527 = PCURVE('',#6326,#6528);
#6528 = DEFINITIONAL_REPRESENTATION('',(#6529),#6533);
#6529 = LINE('',#6530,#6531);
#6530 = CARTESIAN_POINT('',(0.6,1.374772708487));
#6531 = VECTOR('',#6532,1.);
#6532 = DIRECTION('',(0.,1.));
#6533 = ( GEOMETRIC_REPRESENTATION_CONTEXT(2) 
PARAMETRIC_REPRESENTATION_CONTEXT() REPRESENTATION_CONTEXT('2D SPACE',''
  ) );
#6534 = ORIENTED_EDGE('',*,*,#6535,.T.);
#6535 = EDGE_CURVE('',#6513,#3984,#6536,.T.);
#6536 = SURFACE_CURVE('',#6537,(#6541,#6548),.PCURVE_S1.);
#6537 = LINE('',#6538,#6539);
#6538 = CARTESIAN_POINT('',(-1.6,-0.6,0.2));
#6539 = VECTOR('',#6540,1.);
#6540 = DIRECTION('',(0.,0.,1.));
#6541 = PCURVE('',#3999,#6542);
#6542 = DEFINITIONAL_REPRESENTATION('',(#6543),#6547);
#6543 = LINE('',#6544,#6545);
#6544 = CARTESIAN_POINT('',(-0.225227291513,0.));
#6545 = VECTOR('',#6546,1.);
#6546 = DIRECTION('',(0.,-1.));
#6547 = ( GEOMETRIC_REPRESENTATION_CONTEXT(2) 
PARAMETRIC_REPRESENTATION_CONTEXT() REPRESENTATION_CONTEXT('2D SPACE',''
  ) );
#6548 = PCURVE('',#4027,#6549);
#6549 = DEFINITIONAL_REPRESENTATION('',(#6550),#6554);
#6550 = LINE('',#6551,#6552);
#6551 = CARTESIAN_POINT('',(0.,0.));
#6552 = VECTOR('',#6553,1.);
#6553 = DIRECTION('',(0.,1.));
#6554 = ( GEOMETRIC_REPRESENTATION_CONTEXT(2) 
PARAMETRIC_REPRESENTATION_CONTEXT() REPRESENTATION_CONTEXT('2D SPACE',''
  ) );
#6555 = ADVANCED_FACE('',(#6556),#4027,.T.);
#6556 = FACE_BOUND('',#6557,.T.);
#6557 = EDGE_LOOP('',(#6558,#6559,#6560,#6583));
#6558 = ORIENTED_EDGE('',*,*,#4011,.F.);
#6559 = ORIENTED_EDGE('',*,*,#6535,.F.);
#6560 = ORIENTED_EDGE('',*,*,#6561,.T.);
#6561 = EDGE_CURVE('',#6513,#6562,#6564,.T.);
#6562 = VERTEX_POINT('',#6563);
#6563 = CARTESIAN_POINT('',(-1.6,0.6,0.2));
#6564 = SURFACE_CURVE('',#6565,(#6569,#6576),.PCURVE_S1.);
#6565 = LINE('',#6566,#6567);
#6566 = CARTESIAN_POINT('',(-1.6,-0.6,0.2));
#6567 = VECTOR('',#6568,1.);
#6568 = DIRECTION('',(0.,1.,0.));
#6569 = PCURVE('',#4027,#6570);
#6570 = DEFINITIONAL_REPRESENTATION('',(#6571),#6575);
#6571 = LINE('',#6572,#6573);
#6572 = CARTESIAN_POINT('',(0.,0.));
#6573 = VECTOR('',#6574,1.);
#6574 = DIRECTION('',(1.,0.));
#6575 = ( GEOMETRIC_REPRESENTATION_CONTEXT(2) 
PARAMETRIC_REPRESENTATION_CONTEXT() REPRESENTATION_CONTEXT('2D SPACE',''
  ) );
#6576 = PCURVE('',#6326,#6577);
#6577 = DEFINITIONAL_REPRESENTATION('',(#6578),#6582);
#6578 = LINE('',#6579,#6580);
#6579 = CARTESIAN_POINT('',(0.6,1.6));
#6580 = VECTOR('',#6581,1.);
#6581 = DIRECTION('',(-1.,-0.));
#6582 = ( GEOMETRIC_REPRESENTATION_CONTEXT(2) 
PARAMETRIC_REPRESENTATION_CONTEXT() REPRESENTATION_CONTEXT('2D SPACE',''
  ) );
#6583 = ORIENTED_EDGE('',*,*,#6584,.T.);
#6584 = EDGE_CURVE('',#6562,#4012,#6585,.T.);
#6585 = SURFACE_CURVE('',#6586,(#6590,#6597),.PCURVE_S1.);
#6586 = LINE('',#6587,#6588);
#6587 = CARTESIAN_POINT('',(-1.6,0.6,0.2));
#6588 = VECTOR('',#6589,1.);
#6589 = DIRECTION('',(0.,0.,1.));
#6590 = PCURVE('',#4027,#6591);
#6591 = DEFINITIONAL_REPRESENTATION('',(#6592),#6596);
#6592 = LINE('',#6593,#6594);
#6593 = CARTESIAN_POINT('',(1.2,0.));
#6594 = VECTOR('',#6595,1.);
#6595 = DIRECTION('',(0.,1.));
#6596 = ( GEOMETRIC_REPRESENTATION_CONTEXT(2) 
PARAMETRIC_REPRESENTATION_CONTEXT() REPRESENTATION_CONTEXT('2D SPACE',''
  ) );
#6597 = PCURVE('',#4055,#6598);
#6598 = DEFINITIONAL_REPRESENTATION('',(#6599),#6603);
#6599 = LINE('',#6600,#6601);
#6600 = CARTESIAN_POINT('',(0.,0.));
#6601 = VECTOR('',#6602,1.);
#6602 = DIRECTION('',(-1.,0.));
#6603 = ( GEOMETRIC_REPRESENTATION_CONTEXT(2) 
PARAMETRIC_REPRESENTATION_CONTEXT() REPRESENTATION_CONTEXT('2D SPACE',''
  ) );
#6604 = ADVANCED_FACE('',(#6605),#4055,.T.);
#6605 = FACE_BOUND('',#6606,.T.);
#6606 = EDGE_LOOP('',(#6607,#6608,#6609,#6632));
#6607 = ORIENTED_EDGE('',*,*,#4039,.F.);
#6608 = ORIENTED_EDGE('',*,*,#6584,.F.);
#6609 = ORIENTED_EDGE('',*,*,#6610,.T.);
#6610 = EDGE_CURVE('',#6562,#6611,#6613,.T.);
#6611 = VERTEX_POINT('',#6612);
#6612 = CARTESIAN_POINT('',(-1.374772708487,0.6,0.2));
#6613 = SURFACE_CURVE('',#6614,(#6618,#6625),.PCURVE_S1.);
#6614 = LINE('',#6615,#6616);
#6615 = CARTESIAN_POINT('',(-1.6,0.6,0.2));
#6616 = VECTOR('',#6617,1.);
#6617 = DIRECTION('',(1.,0.,0.));
#6618 = PCURVE('',#4055,#6619);
#6619 = DEFINITIONAL_REPRESENTATION('',(#6620),#6624);
#6620 = LINE('',#6621,#6622);
#6621 = CARTESIAN_POINT('',(0.,0.));
#6622 = VECTOR('',#6623,1.);
#6623 = DIRECTION('',(0.,1.));
#6624 = ( GEOMETRIC_REPRESENTATION_CONTEXT(2) 
PARAMETRIC_REPRESENTATION_CONTEXT() REPRESENTATION_CONTEXT('2D SPACE',''
  ) );
#6625 = PCURVE('',#6326,#6626);
#6626 = DEFINITIONAL_REPRESENTATION('',(#6627),#6631);
#6627 = LINE('',#6628,#6629);
#6628 = CARTESIAN_POINT('',(-0.6,1.6));
#6629 = VECTOR('',#6630,1.);
#6630 = DIRECTION('',(0.,-1.));
#6631 = ( GEOMETRIC_REPRESENTATION_CONTEXT(2) 
PARAMETRIC_REPRESENTATION_CONTEXT() REPRESENTATION_CONTEXT('2D SPACE',''
  ) );
#6632 = ORIENTED_EDGE('',*,*,#6633,.T.);
#6633 = EDGE_CURVE('',#6611,#4040,#6634,.T.);
#6634 = SURFACE_CURVE('',#6635,(#6639,#6646),.PCURVE_S1.);
#6635 = LINE('',#6636,#6637);
#6636 = CARTESIAN_POINT('',(-1.374772708487,0.6,0.2));
#6637 = VECTOR('',#6638,1.);
#6638 = DIRECTION('',(0.,0.,1.));
#6639 = PCURVE('',#4055,#6640);
#6640 = DEFINITIONAL_REPRESENTATION('',(#6641),#6645);
#6641 = LINE('',#6642,#6643);
#6642 = CARTESIAN_POINT('',(0.,0.225227291513));
#6643 = VECTOR('',#6644,1.);
#6644 = DIRECTION('',(-1.,0.));
#6645 = ( GEOMETRIC_REPRESENTATION_CONTEXT(2) 
PARAMETRIC_REPRESENTATION_CONTEXT() REPRESENTATION_CONTEXT('2D SPACE',''
  ) );
#6646 = PCURVE('',#4082,#6647);
#6647 = DEFINITIONAL_REPRESENTATION('',(#6648),#6652);
#6648 = LINE('',#6649,#6650);
#6649 = CARTESIAN_POINT('',(2.730075807522,0.));
#6650 = VECTOR('',#6651,1.);
#6651 = DIRECTION('',(0.,1.));
#6652 = ( GEOMETRIC_REPRESENTATION_CONTEXT(2) 
PARAMETRIC_REPRESENTATION_CONTEXT() REPRESENTATION_CONTEXT('2D SPACE',''
  ) );
#6653 = ADVANCED_FACE('',(#6654),#4082,.F.);
#6654 = FACE_BOUND('',#6655,.F.);
#6655 = EDGE_LOOP('',(#6656,#6657,#6658,#6659));
#6656 = ORIENTED_EDGE('',*,*,#6633,.T.);
#6657 = ORIENTED_EDGE('',*,*,#4067,.T.);
#6658 = ORIENTED_EDGE('',*,*,#6287,.F.);
#6659 = ORIENTED_EDGE('',*,*,#6660,.F.);
#6660 = EDGE_CURVE('',#6611,#6288,#6661,.T.);
#6661 = SURFACE_CURVE('',#6662,(#6667,#6674),.PCURVE_S1.);
#6662 = CIRCLE('',#6663,1.5);
#6663 = AXIS2_PLACEMENT_3D('',#6664,#6665,#6666);
#6664 = CARTESIAN_POINT('',(0.,0.,0.2));
#6665 = DIRECTION('',(0.,0.,-1.));
#6666 = DIRECTION('',(-1.,0.,0.));
#6667 = PCURVE('',#4082,#6668);
#6668 = DEFINITIONAL_REPRESENTATION('',(#6669),#6673);
#6669 = LINE('',#6670,#6671);
#6670 = CARTESIAN_POINT('',(3.14159265359,0.));
#6671 = VECTOR('',#6672,1.);
#6672 = DIRECTION('',(-1.,0.));
#6673 = ( GEOMETRIC_REPRESENTATION_CONTEXT(2) 
PARAMETRIC_REPRESENTATION_CONTEXT() REPRESENTATION_CONTEXT('2D SPACE',''
  ) );
#6674 = PCURVE('',#6326,#6675);
#6675 = DEFINITIONAL_REPRESENTATION('',(#6676),#6680);
#6676 = CIRCLE('',#6677,1.5);
#6677 = AXIS2_PLACEMENT_2D('',#6678,#6679);
#6678 = CARTESIAN_POINT('',(0.,0.));
#6679 = DIRECTION('',(0.,1.));
#6680 = ( GEOMETRIC_REPRESENTATION_CONTEXT(2) 
PARAMETRIC_REPRESENTATION_CONTEXT() REPRESENTATION_CONTEXT('2D SPACE',''
  ) );
#6681 = ADVANCED_FACE('',(#6682),#1070,.F.);
#6682 = FACE_BOUND('',#6683,.F.);
#6683 = EDGE_LOOP('',(#6684,#6685,#6686,#6708));
#6684 = ORIENTED_EDGE('',*,*,#5461,.T.);
#6685 = ORIENTED_EDGE('',*,*,#1047,.F.);
#6686 = ORIENTED_EDGE('',*,*,#6687,.F.);
#6687 = EDGE_CURVE('',#1107,#1048,#6688,.T.);
#6688 = SURFACE_CURVE('',#6689,(#6694,#6701),.PCURVE_S1.);
#6689 = CIRCLE('',#6690,0.2);
#6690 = AXIS2_PLACEMENT_3D('',#6691,#6692,#6693);
#6691 = CARTESIAN_POINT('',(-1.5,-2.609536585638E-17,1.E-02));
#6692 = DIRECTION('',(0.,0.,1.));
#6693 = DIRECTION('',(-1.,0.,0.));
#6694 = PCURVE('',#1070,#6695);
#6695 = DEFINITIONAL_REPRESENTATION('',(#6696),#6700);
#6696 = LINE('',#6697,#6698);
#6697 = CARTESIAN_POINT('',(6.28318530718,0.));
#6698 = VECTOR('',#6699,1.);
#6699 = DIRECTION('',(-1.,0.));
#6700 = ( GEOMETRIC_REPRESENTATION_CONTEXT(2) 
PARAMETRIC_REPRESENTATION_CONTEXT() REPRESENTATION_CONTEXT('2D SPACE',''
  ) );
#6701 = PCURVE('',#1144,#6702);
#6702 = DEFINITIONAL_REPRESENTATION('',(#6703),#6707);
#6703 = CIRCLE('',#6704,0.2);
#6704 = AXIS2_PLACEMENT_2D('',#6705,#6706);
#6705 = CARTESIAN_POINT('',(0.,0.));
#6706 = DIRECTION('',(-1.,0.));
#6707 = ( GEOMETRIC_REPRESENTATION_CONTEXT(2) 
PARAMETRIC_REPRESENTATION_CONTEXT() REPRESENTATION_CONTEXT('2D SPACE',''
  ) );
#6708 = ORIENTED_EDGE('',*,*,#1106,.T.);
#6709 = ADVANCED_FACE('',(#6710),#958,.F.);
#6710 = FACE_BOUND('',#6711,.F.);
#6711 = EDGE_LOOP('',(#6712,#6713,#6714,#6736));
#6712 = ORIENTED_EDGE('',*,*,#5436,.T.);
#6713 = ORIENTED_EDGE('',*,*,#935,.F.);
#6714 = ORIENTED_EDGE('',*,*,#6715,.F.);
#6715 = EDGE_CURVE('',#995,#936,#6716,.T.);
#6716 = SURFACE_CURVE('',#6717,(#6722,#6729),.PCURVE_S1.);
#6717 = CIRCLE('',#6718,0.25);
#6718 = AXIS2_PLACEMENT_3D('',#6719,#6720,#6721);
#6719 = CARTESIAN_POINT('',(-0.7,1.3,1.E-02));
#6720 = DIRECTION('',(0.,0.,1.));
#6721 = DIRECTION('',(-1.,0.,0.));
#6722 = PCURVE('',#958,#6723);
#6723 = DEFINITIONAL_REPRESENTATION('',(#6724),#6728);
#6724 = LINE('',#6725,#6726);
#6725 = CARTESIAN_POINT('',(6.28318530718,0.));
#6726 = VECTOR('',#6727,1.);
#6727 = DIRECTION('',(-1.,0.));
#6728 = ( GEOMETRIC_REPRESENTATION_CONTEXT(2) 
PARAMETRIC_REPRESENTATION_CONTEXT() REPRESENTATION_CONTEXT('2D SPACE',''
  ) );
#6729 = PCURVE('',#1032,#6730);
#6730 = DEFINITIONAL_REPRESENTATION('',(#6731),#6735);
#6731 = CIRCLE('',#6732,0.25);
#6732 = AXIS2_PLACEMENT_2D('',#6733,#6734);
#6733 = CARTESIAN_POINT('',(0.,0.));
#6734 = DIRECTION('',(-1.,0.));
#6735 = ( GEOMETRIC_REPRESENTATION_CONTEXT(2) 
PARAMETRIC_REPRESENTATION_CONTEXT() REPRESENTATION_CONTEXT('2D SPACE',''
  ) );
#6736 = ORIENTED_EDGE('',*,*,#994,.T.);
#6737 = ADVANCED_FACE('',(#6738),#846,.F.);
#6738 = FACE_BOUND('',#6739,.F.);
#6739 = EDGE_LOOP('',(#6740,#6741,#6742,#6764));
#6740 = ORIENTED_EDGE('',*,*,#5411,.T.);
#6741 = ORIENTED_EDGE('',*,*,#823,.F.);
#6742 = ORIENTED_EDGE('',*,*,#6743,.F.);
#6743 = EDGE_CURVE('',#883,#824,#6744,.T.);
#6744 = SURFACE_CURVE('',#6745,(#6750,#6757),.PCURVE_S1.);
#6745 = CIRCLE('',#6746,0.25);
#6746 = AXIS2_PLACEMENT_3D('',#6747,#6748,#6749);
#6747 = CARTESIAN_POINT('',(0.7,1.3,1.E-02));
#6748 = DIRECTION('',(0.,0.,1.));
#6749 = DIRECTION('',(-1.,0.,0.));
#6750 = PCURVE('',#846,#6751);
#6751 = DEFINITIONAL_REPRESENTATION('',(#6752),#6756);
#6752 = LINE('',#6753,#6754);
#6753 = CARTESIAN_POINT('',(6.28318530718,0.));
#6754 = VECTOR('',#6755,1.);
#6755 = DIRECTION('',(-1.,0.));
#6756 = ( GEOMETRIC_REPRESENTATION_CONTEXT(2) 
PARAMETRIC_REPRESENTATION_CONTEXT() REPRESENTATION_CONTEXT('2D SPACE',''
  ) );
#6757 = PCURVE('',#920,#6758);
#6758 = DEFINITIONAL_REPRESENTATION('',(#6759),#6763);
#6759 = CIRCLE('',#6760,0.25);
#6760 = AXIS2_PLACEMENT_2D('',#6761,#6762);
#6761 = CARTESIAN_POINT('',(0.,0.));
#6762 = DIRECTION('',(-1.,0.));
#6763 = ( GEOMETRIC_REPRESENTATION_CONTEXT(2) 
PARAMETRIC_REPRESENTATION_CONTEXT() REPRESENTATION_CONTEXT('2D SPACE',''
  ) );
#6764 = ORIENTED_EDGE('',*,*,#882,.T.);
#6765 = ADVANCED_FACE('',(#6766),#734,.F.);
#6766 = FACE_BOUND('',#6767,.F.);
#6767 = EDGE_LOOP('',(#6768,#6769,#6770,#6792));
#6768 = ORIENTED_EDGE('',*,*,#5386,.T.);
#6769 = ORIENTED_EDGE('',*,*,#711,.F.);
#6770 = ORIENTED_EDGE('',*,*,#6771,.F.);
#6771 = EDGE_CURVE('',#771,#712,#6772,.T.);
#6772 = SURFACE_CURVE('',#6773,(#6778,#6785),.PCURVE_S1.);
#6773 = CIRCLE('',#6774,0.2);
#6774 = AXIS2_PLACEMENT_3D('',#6775,#6776,#6777);
#6775 = CARTESIAN_POINT('',(0.7,-1.38,1.E-02));
#6776 = DIRECTION('',(0.,0.,1.));
#6777 = DIRECTION('',(-1.,0.,0.));
#6778 = PCURVE('',#734,#6779);
#6779 = DEFINITIONAL_REPRESENTATION('',(#6780),#6784);
#6780 = LINE('',#6781,#6782);
#6781 = CARTESIAN_POINT('',(6.28318530718,0.));
#6782 = VECTOR('',#6783,1.);
#6783 = DIRECTION('',(-1.,0.));
#6784 = ( GEOMETRIC_REPRESENTATION_CONTEXT(2) 
PARAMETRIC_REPRESENTATION_CONTEXT() REPRESENTATION_CONTEXT('2D SPACE',''
  ) );
#6785 = PCURVE('',#808,#6786);
#6786 = DEFINITIONAL_REPRESENTATION('',(#6787),#6791);
#6787 = CIRCLE('',#6788,0.2);
#6788 = AXIS2_PLACEMENT_2D('',#6789,#6790);
#6789 = CARTESIAN_POINT('',(0.,0.));
#6790 = DIRECTION('',(-1.,0.));
#6791 = ( GEOMETRIC_REPRESENTATION_CONTEXT(2) 
PARAMETRIC_REPRESENTATION_CONTEXT() REPRESENTATION_CONTEXT('2D SPACE',''
  ) );
#6792 = ORIENTED_EDGE('',*,*,#770,.T.);
#6793 = ADVANCED_FACE('',(#6794),#622,.F.);
#6794 = FACE_BOUND('',#6795,.F.);
#6795 = EDGE_LOOP('',(#6796,#6797,#6798,#6820));
#6796 = ORIENTED_EDGE('',*,*,#5361,.T.);
#6797 = ORIENTED_EDGE('',*,*,#599,.F.);
#6798 = ORIENTED_EDGE('',*,*,#6799,.F.);
#6799 = EDGE_CURVE('',#659,#600,#6800,.T.);
#6800 = SURFACE_CURVE('',#6801,(#6806,#6813),.PCURVE_S1.);
#6801 = CIRCLE('',#6802,0.2);
#6802 = AXIS2_PLACEMENT_3D('',#6803,#6804,#6805);
#6803 = CARTESIAN_POINT('',(-0.7,-1.38,1.E-02));
#6804 = DIRECTION('',(0.,0.,1.));
#6805 = DIRECTION('',(-1.,0.,0.));
#6806 = PCURVE('',#622,#6807);
#6807 = DEFINITIONAL_REPRESENTATION('',(#6808),#6812);
#6808 = LINE('',#6809,#6810);
#6809 = CARTESIAN_POINT('',(6.28318530718,0.));
#6810 = VECTOR('',#6811,1.);
#6811 = DIRECTION('',(-1.,0.));
#6812 = ( GEOMETRIC_REPRESENTATION_CONTEXT(2) 
PARAMETRIC_REPRESENTATION_CONTEXT() REPRESENTATION_CONTEXT('2D SPACE',''
  ) );
#6813 = PCURVE('',#696,#6814);
#6814 = DEFINITIONAL_REPRESENTATION('',(#6815),#6819);
#6815 = CIRCLE('',#6816,0.2);
#6816 = AXIS2_PLACEMENT_2D('',#6817,#6818);
#6817 = CARTESIAN_POINT('',(0.,0.));
#6818 = DIRECTION('',(-1.,0.));
#6819 = ( GEOMETRIC_REPRESENTATION_CONTEXT(2) 
PARAMETRIC_REPRESENTATION_CONTEXT() REPRESENTATION_CONTEXT('2D SPACE',''
  ) );
#6820 = ORIENTED_EDGE('',*,*,#658,.T.);
#6821 = ADVANCED_FACE('',(#6822),#510,.F.);
#6822 = FACE_BOUND('',#6823,.F.);
#6823 = EDGE_LOOP('',(#6824,#6825,#6826,#6848));
#6824 = ORIENTED_EDGE('',*,*,#5336,.T.);
#6825 = ORIENTED_EDGE('',*,*,#487,.F.);
#6826 = ORIENTED_EDGE('',*,*,#6827,.F.);
#6827 = EDGE_CURVE('',#547,#488,#6828,.T.);
#6828 = SURFACE_CURVE('',#6829,(#6834,#6841),.PCURVE_S1.);
#6829 = CIRCLE('',#6830,0.2);
#6830 = AXIS2_PLACEMENT_3D('',#6831,#6832,#6833);
#6831 = CARTESIAN_POINT('',(-1.530808498934E-16,-1.25,1.E-02));
#6832 = DIRECTION('',(0.,0.,1.));
#6833 = DIRECTION('',(-1.,0.,0.));
#6834 = PCURVE('',#510,#6835);
#6835 = DEFINITIONAL_REPRESENTATION('',(#6836),#6840);
#6836 = LINE('',#6837,#6838);
#6837 = CARTESIAN_POINT('',(6.28318530718,0.));
#6838 = VECTOR('',#6839,1.);
#6839 = DIRECTION('',(-1.,0.));
#6840 = ( GEOMETRIC_REPRESENTATION_CONTEXT(2) 
PARAMETRIC_REPRESENTATION_CONTEXT() REPRESENTATION_CONTEXT('2D SPACE',''
  ) );
#6841 = PCURVE('',#584,#6842);
#6842 = DEFINITIONAL_REPRESENTATION('',(#6843),#6847);
#6843 = CIRCLE('',#6844,0.2);
#6844 = AXIS2_PLACEMENT_2D('',#6845,#6846);
#6845 = CARTESIAN_POINT('',(0.,0.));
#6846 = DIRECTION('',(-1.,0.));
#6847 = ( GEOMETRIC_REPRESENTATION_CONTEXT(2) 
PARAMETRIC_REPRESENTATION_CONTEXT() REPRESENTATION_CONTEXT('2D SPACE',''
  ) );
#6848 = ORIENTED_EDGE('',*,*,#546,.T.);
#6849 = ADVANCED_FACE('',(#6850),#398,.F.);
#6850 = FACE_BOUND('',#6851,.F.);
#6851 = EDGE_LOOP('',(#6852,#6853,#6854,#6876));
#6852 = ORIENTED_EDGE('',*,*,#5311,.T.);
#6853 = ORIENTED_EDGE('',*,*,#375,.F.);
#6854 = ORIENTED_EDGE('',*,*,#6855,.F.);
#6855 = EDGE_CURVE('',#435,#376,#6856,.T.);
#6856 = SURFACE_CURVE('',#6857,(#6862,#6869),.PCURVE_S1.);
#6857 = CIRCLE('',#6858,0.2);
#6858 = AXIS2_PLACEMENT_3D('',#6859,#6860,#6861);
#6859 = CARTESIAN_POINT('',(0.,1.25,1.E-02));
#6860 = DIRECTION('',(0.,0.,1.));
#6861 = DIRECTION('',(-1.,0.,0.));
#6862 = PCURVE('',#398,#6863);
#6863 = DEFINITIONAL_REPRESENTATION('',(#6864),#6868);
#6864 = LINE('',#6865,#6866);
#6865 = CARTESIAN_POINT('',(6.28318530718,0.));
#6866 = VECTOR('',#6867,1.);
#6867 = DIRECTION('',(-1.,0.));
#6868 = ( GEOMETRIC_REPRESENTATION_CONTEXT(2) 
PARAMETRIC_REPRESENTATION_CONTEXT() REPRESENTATION_CONTEXT('2D SPACE',''
  ) );
#6869 = PCURVE('',#472,#6870);
#6870 = DEFINITIONAL_REPRESENTATION('',(#6871),#6875);
#6871 = CIRCLE('',#6872,0.2);
#6872 = AXIS2_PLACEMENT_2D('',#6873,#6874);
#6873 = CARTESIAN_POINT('',(0.,0.));
#6874 = DIRECTION('',(-1.,0.));
#6875 = ( GEOMETRIC_REPRESENTATION_CONTEXT(2) 
PARAMETRIC_REPRESENTATION_CONTEXT() REPRESENTATION_CONTEXT('2D SPACE',''
  ) );
#6876 = ORIENTED_EDGE('',*,*,#434,.T.);
#6877 = ADVANCED_FACE('',(#6878),#286,.F.);
#6878 = FACE_BOUND('',#6879,.F.);
#6879 = EDGE_LOOP('',(#6880,#6881,#6882,#6904));
#6880 = ORIENTED_EDGE('',*,*,#5286,.T.);
#6881 = ORIENTED_EDGE('',*,*,#263,.F.);
#6882 = ORIENTED_EDGE('',*,*,#6883,.F.);
#6883 = EDGE_CURVE('',#323,#264,#6884,.T.);
#6884 = SURFACE_CURVE('',#6885,(#6890,#6897),.PCURVE_S1.);
#6885 = CIRCLE('',#6886,0.2);
#6886 = AXIS2_PLACEMENT_3D('',#6887,#6888,#6889);
#6887 = CARTESIAN_POINT('',(0.,0.75,1.E-02));
#6888 = DIRECTION('',(0.,0.,1.));
#6889 = DIRECTION('',(-1.,0.,0.));
#6890 = PCURVE('',#286,#6891);
#6891 = DEFINITIONAL_REPRESENTATION('',(#6892),#6896);
#6892 = LINE('',#6893,#6894);
#6893 = CARTESIAN_POINT('',(6.28318530718,0.));
#6894 = VECTOR('',#6895,1.);
#6895 = DIRECTION('',(-1.,0.));
#6896 = ( GEOMETRIC_REPRESENTATION_CONTEXT(2) 
PARAMETRIC_REPRESENTATION_CONTEXT() REPRESENTATION_CONTEXT('2D SPACE',''
  ) );
#6897 = PCURVE('',#360,#6898);
#6898 = DEFINITIONAL_REPRESENTATION('',(#6899),#6903);
#6899 = CIRCLE('',#6900,0.2);
#6900 = AXIS2_PLACEMENT_2D('',#6901,#6902);
#6901 = CARTESIAN_POINT('',(0.,0.));
#6902 = DIRECTION('',(-1.,0.));
#6903 = ( GEOMETRIC_REPRESENTATION_CONTEXT(2) 
PARAMETRIC_REPRESENTATION_CONTEXT() REPRESENTATION_CONTEXT('2D SPACE',''
  ) );
#6904 = ORIENTED_EDGE('',*,*,#322,.T.);
#6905 = ADVANCED_FACE('',(#6906),#5073,.F.);
#6906 = FACE_BOUND('',#6907,.T.);
#6907 = EDGE_LOOP('',(#6908,#6938,#6959,#6960));
#6908 = ORIENTED_EDGE('',*,*,#6909,.F.);
#6909 = EDGE_CURVE('',#6910,#6912,#6914,.T.);
#6910 = VERTEX_POINT('',#6911);
#6911 = CARTESIAN_POINT('',(0.337648704224,0.2,1.E-02));
#6912 = VERTEX_POINT('',#6913);
#6913 = CARTESIAN_POINT('',(0.55,0.2,1.E-02));
#6914 = SURFACE_CURVE('',#6915,(#6919,#6926),.PCURVE_S1.);
#6915 = LINE('',#6916,#6917);
#6916 = CARTESIAN_POINT('',(0.2,0.2,1.E-02));
#6917 = VECTOR('',#6918,1.);
#6918 = DIRECTION('',(1.,-6.023345402697E-17,0.));
#6919 = PCURVE('',#5073,#6920);
#6920 = DEFINITIONAL_REPRESENTATION('',(#6921),#6925);
#6921 = LINE('',#6922,#6923);
#6922 = CARTESIAN_POINT('',(0.,0.));
#6923 = VECTOR('',#6924,1.);
#6924 = DIRECTION('',(1.,0.));
#6925 = ( GEOMETRIC_REPRESENTATION_CONTEXT(2) 
PARAMETRIC_REPRESENTATION_CONTEXT() REPRESENTATION_CONTEXT('2D SPACE',''
  ) );
#6926 = PCURVE('',#6927,#6932);
#6927 = PLANE('',#6928);
#6928 = AXIS2_PLACEMENT_3D('',#6929,#6930,#6931);
#6929 = CARTESIAN_POINT('',(0.,0.,1.E-02));
#6930 = DIRECTION('',(0.,0.,-1.));
#6931 = DIRECTION('',(0.,-1.,0.));
#6932 = DEFINITIONAL_REPRESENTATION('',(#6933),#6937);
#6933 = LINE('',#6934,#6935);
#6934 = CARTESIAN_POINT('',(-0.2,-0.2));
#6935 = VECTOR('',#6936,1.);
#6936 = DIRECTION('',(6.023345402697E-17,-1.));
#6937 = ( GEOMETRIC_REPRESENTATION_CONTEXT(2) 
PARAMETRIC_REPRESENTATION_CONTEXT() REPRESENTATION_CONTEXT('2D SPACE',''
  ) );
#6938 = ORIENTED_EDGE('',*,*,#6939,.T.);
#6939 = EDGE_CURVE('',#6910,#5056,#6940,.T.);
#6940 = SURFACE_CURVE('',#6941,(#6945,#6952),.PCURVE_S1.);
#6941 = LINE('',#6942,#6943);
#6942 = CARTESIAN_POINT('',(0.337648704224,0.2,0.));
#6943 = VECTOR('',#6944,1.);
#6944 = DIRECTION('',(0.,0.,-1.));
#6945 = PCURVE('',#5073,#6946);
#6946 = DEFINITIONAL_REPRESENTATION('',(#6947),#6951);
#6947 = LINE('',#6948,#6949);
#6948 = CARTESIAN_POINT('',(0.137648704224,1.E-02));
#6949 = VECTOR('',#6950,1.);
#6950 = DIRECTION('',(0.,1.));
#6951 = ( GEOMETRIC_REPRESENTATION_CONTEXT(2) 
PARAMETRIC_REPRESENTATION_CONTEXT() REPRESENTATION_CONTEXT('2D SPACE',''
  ) );
#6952 = PCURVE('',#5102,#6953);
#6953 = DEFINITIONAL_REPRESENTATION('',(#6954),#6958);
#6954 = LINE('',#6955,#6956);
#6955 = CARTESIAN_POINT('',(1.570796326795,-1.E-02));
#6956 = VECTOR('',#6957,1.);
#6957 = DIRECTION('',(0.,-1.));
#6958 = ( GEOMETRIC_REPRESENTATION_CONTEXT(2) 
PARAMETRIC_REPRESENTATION_CONTEXT() REPRESENTATION_CONTEXT('2D SPACE',''
  ) );
#6959 = ORIENTED_EDGE('',*,*,#5055,.T.);
#6960 = ORIENTED_EDGE('',*,*,#6961,.T.);
#6961 = EDGE_CURVE('',#5058,#6912,#6962,.T.);
#6962 = SURFACE_CURVE('',#6963,(#6967,#6974),.PCURVE_S1.);
#6963 = LINE('',#6964,#6965);
#6964 = CARTESIAN_POINT('',(0.55,0.2,1.E-02));
#6965 = VECTOR('',#6966,1.);
#6966 = DIRECTION('',(0.,0.,1.));
#6967 = PCURVE('',#5073,#6968);
#6968 = DEFINITIONAL_REPRESENTATION('',(#6969),#6973);
#6969 = LINE('',#6970,#6971);
#6970 = CARTESIAN_POINT('',(0.35,0.));
#6971 = VECTOR('',#6972,1.);
#6972 = DIRECTION('',(0.,-1.));
#6973 = ( GEOMETRIC_REPRESENTATION_CONTEXT(2) 
PARAMETRIC_REPRESENTATION_CONTEXT() REPRESENTATION_CONTEXT('2D SPACE',''
  ) );
#6974 = PCURVE('',#5271,#6975);
#6975 = DEFINITIONAL_REPRESENTATION('',(#6976),#6980);
#6976 = LINE('',#6977,#6978);
#6977 = CARTESIAN_POINT('',(1.570796326795,0.));
#6978 = VECTOR('',#6979,1.);
#6979 = DIRECTION('',(0.,1.));
#6980 = ( GEOMETRIC_REPRESENTATION_CONTEXT(2) 
PARAMETRIC_REPRESENTATION_CONTEXT() REPRESENTATION_CONTEXT('2D SPACE',''
  ) );
#6981 = ADVANCED_FACE('',(#6982),#5102,.F.);
#6982 = FACE_BOUND('',#6983,.F.);
#6983 = EDGE_LOOP('',(#6984,#6985,#6986,#7009));
#6984 = ORIENTED_EDGE('',*,*,#6939,.T.);
#6985 = ORIENTED_EDGE('',*,*,#5085,.T.);
#6986 = ORIENTED_EDGE('',*,*,#6987,.T.);
#6987 = EDGE_CURVE('',#5086,#6988,#6990,.T.);
#6988 = VERTEX_POINT('',#6989);
#6989 = CARTESIAN_POINT('',(0.242545297351,6.909139276624E-02,1.E-02));
#6990 = SURFACE_CURVE('',#6991,(#6995,#7002),.PCURVE_S1.);
#6991 = LINE('',#6992,#6993);
#6992 = CARTESIAN_POINT('',(0.242545297351,6.909139276624E-02,1.E-02));
#6993 = VECTOR('',#6994,1.);
#6994 = DIRECTION('',(0.,0.,1.));
#6995 = PCURVE('',#5102,#6996);
#6996 = DEFINITIONAL_REPRESENTATION('',(#6997),#7001);
#6997 = LINE('',#6998,#6999);
#6998 = CARTESIAN_POINT('',(3.455824552674,0.));
#6999 = VECTOR('',#7000,1.);
#7000 = DIRECTION('',(0.,1.));
#7001 = ( GEOMETRIC_REPRESENTATION_CONTEXT(2) 
PARAMETRIC_REPRESENTATION_CONTEXT() REPRESENTATION_CONTEXT('2D SPACE',''
  ) );
#7002 = PCURVE('',#5130,#7003);
#7003 = DEFINITIONAL_REPRESENTATION('',(#7004),#7008);
#7004 = LINE('',#7005,#7006);
#7005 = CARTESIAN_POINT('',(0.282946112672,0.));
#7006 = VECTOR('',#7007,1.);
#7007 = DIRECTION('',(0.,-1.));
#7008 = ( GEOMETRIC_REPRESENTATION_CONTEXT(2) 
PARAMETRIC_REPRESENTATION_CONTEXT() REPRESENTATION_CONTEXT('2D SPACE',''
  ) );
#7009 = ORIENTED_EDGE('',*,*,#7010,.T.);
#7010 = EDGE_CURVE('',#6988,#6910,#7011,.T.);
#7011 = SURFACE_CURVE('',#7012,(#7017,#7024),.PCURVE_S1.);
#7012 = CIRCLE('',#7013,1.E-01);
#7013 = AXIS2_PLACEMENT_3D('',#7014,#7015,#7016);
#7014 = CARTESIAN_POINT('',(0.337648704224,0.1,1.E-02));
#7015 = DIRECTION('',(0.,0.,-1.));
#7016 = DIRECTION('',(-1.,0.,0.));
#7017 = PCURVE('',#5102,#7018);
#7018 = DEFINITIONAL_REPRESENTATION('',(#7019),#7023);
#7019 = LINE('',#7020,#7021);
#7020 = CARTESIAN_POINT('',(9.424777960769,0.));
#7021 = VECTOR('',#7022,1.);
#7022 = DIRECTION('',(-1.,0.));
#7023 = ( GEOMETRIC_REPRESENTATION_CONTEXT(2) 
PARAMETRIC_REPRESENTATION_CONTEXT() REPRESENTATION_CONTEXT('2D SPACE',''
  ) );
#7024 = PCURVE('',#6927,#7025);
#7025 = DEFINITIONAL_REPRESENTATION('',(#7026),#7030);
#7026 = CIRCLE('',#7027,1.E-01);
#7027 = AXIS2_PLACEMENT_2D('',#7028,#7029);
#7028 = CARTESIAN_POINT('',(-0.1,-0.337648704224));
#7029 = DIRECTION('',(0.,1.));
#7030 = ( GEOMETRIC_REPRESENTATION_CONTEXT(2) 
PARAMETRIC_REPRESENTATION_CONTEXT() REPRESENTATION_CONTEXT('2D SPACE',''
  ) );
#7031 = ADVANCED_FACE('',(#7032),#5130,.F.);
#7032 = FACE_BOUND('',#7033,.T.);
#7033 = EDGE_LOOP('',(#7034,#7035,#7036,#7059));
#7034 = ORIENTED_EDGE('',*,*,#5114,.T.);
#7035 = ORIENTED_EDGE('',*,*,#6987,.T.);
#7036 = ORIENTED_EDGE('',*,*,#7037,.F.);
#7037 = EDGE_CURVE('',#7038,#6988,#7040,.T.);
#7038 = VERTEX_POINT('',#7039);
#7039 = CARTESIAN_POINT('',(0.307545297351,-0.130908607234,1.E-02));
#7040 = SURFACE_CURVE('',#7041,(#7045,#7052),.PCURVE_S1.);
#7041 = LINE('',#7042,#7043);
#7042 = CARTESIAN_POINT('',(0.33,-0.2,1.E-02));
#7043 = VECTOR('',#7044,1.);
#7044 = DIRECTION('',(-0.309086072338,0.951034068731,0.));
#7045 = PCURVE('',#5130,#7046);
#7046 = DEFINITIONAL_REPRESENTATION('',(#7047),#7051);
#7047 = LINE('',#7048,#7049);
#7048 = CARTESIAN_POINT('',(0.,0.));
#7049 = VECTOR('',#7050,1.);
#7050 = DIRECTION('',(1.,0.));
#7051 = ( GEOMETRIC_REPRESENTATION_CONTEXT(2) 
PARAMETRIC_REPRESENTATION_CONTEXT() REPRESENTATION_CONTEXT('2D SPACE',''
  ) );
#7052 = PCURVE('',#6927,#7053);
#7053 = DEFINITIONAL_REPRESENTATION('',(#7054),#7058);
#7054 = LINE('',#7055,#7056);
#7055 = CARTESIAN_POINT('',(0.2,-0.33));
#7056 = VECTOR('',#7057,1.);
#7057 = DIRECTION('',(-0.951034068731,0.309086072338));
#7058 = ( GEOMETRIC_REPRESENTATION_CONTEXT(2) 
PARAMETRIC_REPRESENTATION_CONTEXT() REPRESENTATION_CONTEXT('2D SPACE',''
  ) );
#7059 = ORIENTED_EDGE('',*,*,#7060,.T.);
#7060 = EDGE_CURVE('',#7038,#5115,#7061,.T.);
#7061 = SURFACE_CURVE('',#7062,(#7066,#7073),.PCURVE_S1.);
#7062 = LINE('',#7063,#7064);
#7063 = CARTESIAN_POINT('',(0.307545297351,-0.130908607234,0.));
#7064 = VECTOR('',#7065,1.);
#7065 = DIRECTION('',(0.,0.,-1.));
#7066 = PCURVE('',#5130,#7067);
#7067 = DEFINITIONAL_REPRESENTATION('',(#7068),#7072);
#7068 = LINE('',#7069,#7070);
#7069 = CARTESIAN_POINT('',(7.264870422407E-02,1.E-02));
#7070 = VECTOR('',#7071,1.);
#7071 = DIRECTION('',(0.,1.));
#7072 = ( GEOMETRIC_REPRESENTATION_CONTEXT(2) 
PARAMETRIC_REPRESENTATION_CONTEXT() REPRESENTATION_CONTEXT('2D SPACE',''
  ) );
#7073 = PCURVE('',#5159,#7074);
#7074 = DEFINITIONAL_REPRESENTATION('',(#7075),#7079);
#7075 = LINE('',#7076,#7077);
#7076 = CARTESIAN_POINT('',(3.455824552674,-1.E-02));
#7077 = VECTOR('',#7078,1.);
#7078 = DIRECTION('',(0.,-1.));
#7079 = ( GEOMETRIC_REPRESENTATION_CONTEXT(2) 
PARAMETRIC_REPRESENTATION_CONTEXT() REPRESENTATION_CONTEXT('2D SPACE',''
  ) );
#7080 = ADVANCED_FACE('',(#7081),#5159,.F.);
#7081 = FACE_BOUND('',#7082,.F.);
#7082 = EDGE_LOOP('',(#7083,#7084,#7085,#7108));
#7083 = ORIENTED_EDGE('',*,*,#7060,.T.);
#7084 = ORIENTED_EDGE('',*,*,#5142,.T.);
#7085 = ORIENTED_EDGE('',*,*,#7086,.T.);
#7086 = EDGE_CURVE('',#5143,#7087,#7089,.T.);
#7087 = VERTEX_POINT('',#7088);
#7088 = CARTESIAN_POINT('',(0.402648704224,-0.2,1.E-02));
#7089 = SURFACE_CURVE('',#7090,(#7094,#7101),.PCURVE_S1.);
#7090 = LINE('',#7091,#7092);
#7091 = CARTESIAN_POINT('',(0.402648704224,-0.2,1.E-02));
#7092 = VECTOR('',#7093,1.);
#7093 = DIRECTION('',(0.,0.,1.));
#7094 = PCURVE('',#5159,#7095);
#7095 = DEFINITIONAL_REPRESENTATION('',(#7096),#7100);
#7096 = LINE('',#7097,#7098);
#7097 = CARTESIAN_POINT('',(4.712388980385,0.));
#7098 = VECTOR('',#7099,1.);
#7099 = DIRECTION('',(0.,1.));
#7100 = ( GEOMETRIC_REPRESENTATION_CONTEXT(2) 
PARAMETRIC_REPRESENTATION_CONTEXT() REPRESENTATION_CONTEXT('2D SPACE',''
  ) );
#7101 = PCURVE('',#5187,#7102);
#7102 = DEFINITIONAL_REPRESENTATION('',(#7103),#7107);
#7103 = LINE('',#7104,#7105);
#7104 = CARTESIAN_POINT('',(0.247351295776,0.));
#7105 = VECTOR('',#7106,1.);
#7106 = DIRECTION('',(0.,-1.));
#7107 = ( GEOMETRIC_REPRESENTATION_CONTEXT(2) 
PARAMETRIC_REPRESENTATION_CONTEXT() REPRESENTATION_CONTEXT('2D SPACE',''
  ) );
#7108 = ORIENTED_EDGE('',*,*,#7109,.T.);
#7109 = EDGE_CURVE('',#7087,#7038,#7110,.T.);
#7110 = SURFACE_CURVE('',#7111,(#7116,#7123),.PCURVE_S1.);
#7111 = CIRCLE('',#7112,1.E-01);
#7112 = AXIS2_PLACEMENT_3D('',#7113,#7114,#7115);
#7113 = CARTESIAN_POINT('',(0.402648704224,-0.1,1.E-02));
#7114 = DIRECTION('',(0.,0.,-1.));
#7115 = DIRECTION('',(-1.,0.,0.));
#7116 = PCURVE('',#5159,#7117);
#7117 = DEFINITIONAL_REPRESENTATION('',(#7118),#7122);
#7118 = LINE('',#7119,#7120);
#7119 = CARTESIAN_POINT('',(9.424777960769,0.));
#7120 = VECTOR('',#7121,1.);
#7121 = DIRECTION('',(-1.,0.));
#7122 = ( GEOMETRIC_REPRESENTATION_CONTEXT(2) 
PARAMETRIC_REPRESENTATION_CONTEXT() REPRESENTATION_CONTEXT('2D SPACE',''
  ) );
#7123 = PCURVE('',#6927,#7124);
#7124 = DEFINITIONAL_REPRESENTATION('',(#7125),#7129);
#7125 = CIRCLE('',#7126,1.E-01);
#7126 = AXIS2_PLACEMENT_2D('',#7127,#7128);
#7127 = CARTESIAN_POINT('',(0.1,-0.402648704224));
#7128 = DIRECTION('',(0.,1.));
#7129 = ( GEOMETRIC_REPRESENTATION_CONTEXT(2) 
PARAMETRIC_REPRESENTATION_CONTEXT() REPRESENTATION_CONTEXT('2D SPACE',''
  ) );
#7130 = ADVANCED_FACE('',(#7131),#5187,.F.);
#7131 = FACE_BOUND('',#7132,.T.);
#7132 = EDGE_LOOP('',(#7133,#7134,#7135,#7158));
#7133 = ORIENTED_EDGE('',*,*,#5171,.T.);
#7134 = ORIENTED_EDGE('',*,*,#7086,.T.);
#7135 = ORIENTED_EDGE('',*,*,#7136,.F.);
#7136 = EDGE_CURVE('',#7137,#7087,#7139,.T.);
#7137 = VERTEX_POINT('',#7138);
#7138 = CARTESIAN_POINT('',(0.55,-0.2,1.E-02));
#7139 = SURFACE_CURVE('',#7140,(#7144,#7151),.PCURVE_S1.);
#7140 = LINE('',#7141,#7142);
#7141 = CARTESIAN_POINT('',(0.65,-0.2,1.E-02));
#7142 = VECTOR('',#7143,1.);
#7143 = DIRECTION('',(-1.,3.388131789017E-16,0.));
#7144 = PCURVE('',#5187,#7145);
#7145 = DEFINITIONAL_REPRESENTATION('',(#7146),#7150);
#7146 = LINE('',#7147,#7148);
#7147 = CARTESIAN_POINT('',(0.,0.));
#7148 = VECTOR('',#7149,1.);
#7149 = DIRECTION('',(1.,0.));
#7150 = ( GEOMETRIC_REPRESENTATION_CONTEXT(2) 
PARAMETRIC_REPRESENTATION_CONTEXT() REPRESENTATION_CONTEXT('2D SPACE',''
  ) );
#7151 = PCURVE('',#6927,#7152);
#7152 = DEFINITIONAL_REPRESENTATION('',(#7153),#7157);
#7153 = LINE('',#7154,#7155);
#7154 = CARTESIAN_POINT('',(0.2,-0.65));
#7155 = VECTOR('',#7156,1.);
#7156 = DIRECTION('',(-3.388131789017E-16,1.));
#7157 = ( GEOMETRIC_REPRESENTATION_CONTEXT(2) 
PARAMETRIC_REPRESENTATION_CONTEXT() REPRESENTATION_CONTEXT('2D SPACE',''
  ) );
#7158 = ORIENTED_EDGE('',*,*,#7159,.T.);
#7159 = EDGE_CURVE('',#7137,#5172,#7160,.T.);
#7160 = SURFACE_CURVE('',#7161,(#7165,#7172),.PCURVE_S1.);
#7161 = LINE('',#7162,#7163);
#7162 = CARTESIAN_POINT('',(0.55,-0.2,0.));
#7163 = VECTOR('',#7164,1.);
#7164 = DIRECTION('',(0.,0.,-1.));
#7165 = PCURVE('',#5187,#7166);
#7166 = DEFINITIONAL_REPRESENTATION('',(#7167),#7171);
#7167 = LINE('',#7168,#7169);
#7168 = CARTESIAN_POINT('',(1.E-01,1.E-02));
#7169 = VECTOR('',#7170,1.);
#7170 = DIRECTION('',(0.,1.));
#7171 = ( GEOMETRIC_REPRESENTATION_CONTEXT(2) 
PARAMETRIC_REPRESENTATION_CONTEXT() REPRESENTATION_CONTEXT('2D SPACE',''
  ) );
#7172 = PCURVE('',#5216,#7173);
#7173 = DEFINITIONAL_REPRESENTATION('',(#7174),#7178);
#7174 = LINE('',#7175,#7176);
#7175 = CARTESIAN_POINT('',(4.712388980385,-1.E-02));
#7176 = VECTOR('',#7177,1.);
#7177 = DIRECTION('',(0.,-1.));
#7178 = ( GEOMETRIC_REPRESENTATION_CONTEXT(2) 
PARAMETRIC_REPRESENTATION_CONTEXT() REPRESENTATION_CONTEXT('2D SPACE',''
  ) );
#7179 = ADVANCED_FACE('',(#7180),#5216,.F.);
#7180 = FACE_BOUND('',#7181,.F.);
#7181 = EDGE_LOOP('',(#7182,#7183,#7184,#7207));
#7182 = ORIENTED_EDGE('',*,*,#7159,.T.);
#7183 = ORIENTED_EDGE('',*,*,#5199,.T.);
#7184 = ORIENTED_EDGE('',*,*,#7185,.T.);
#7185 = EDGE_CURVE('',#5200,#7186,#7188,.T.);
#7186 = VERTEX_POINT('',#7187);
#7187 = CARTESIAN_POINT('',(0.65,-0.1,1.E-02));
#7188 = SURFACE_CURVE('',#7189,(#7193,#7200),.PCURVE_S1.);
#7189 = LINE('',#7190,#7191);
#7190 = CARTESIAN_POINT('',(0.65,-0.1,1.E-02));
#7191 = VECTOR('',#7192,1.);
#7192 = DIRECTION('',(0.,0.,1.));
#7193 = PCURVE('',#5216,#7194);
#7194 = DEFINITIONAL_REPRESENTATION('',(#7195),#7199);
#7195 = LINE('',#7196,#7197);
#7196 = CARTESIAN_POINT('',(6.28318530718,0.));
#7197 = VECTOR('',#7198,1.);
#7198 = DIRECTION('',(0.,1.));
#7199 = ( GEOMETRIC_REPRESENTATION_CONTEXT(2) 
PARAMETRIC_REPRESENTATION_CONTEXT() REPRESENTATION_CONTEXT('2D SPACE',''
  ) );
#7200 = PCURVE('',#5244,#7201);
#7201 = DEFINITIONAL_REPRESENTATION('',(#7202),#7206);
#7202 = LINE('',#7203,#7204);
#7203 = CARTESIAN_POINT('',(0.3,0.));
#7204 = VECTOR('',#7205,1.);
#7205 = DIRECTION('',(0.,-1.));
#7206 = ( GEOMETRIC_REPRESENTATION_CONTEXT(2) 
PARAMETRIC_REPRESENTATION_CONTEXT() REPRESENTATION_CONTEXT('2D SPACE',''
  ) );
#7207 = ORIENTED_EDGE('',*,*,#7208,.T.);
#7208 = EDGE_CURVE('',#7186,#7137,#7209,.T.);
#7209 = SURFACE_CURVE('',#7210,(#7215,#7222),.PCURVE_S1.);
#7210 = CIRCLE('',#7211,1.E-01);
#7211 = AXIS2_PLACEMENT_3D('',#7212,#7213,#7214);
#7212 = CARTESIAN_POINT('',(0.55,-0.1,1.E-02));
#7213 = DIRECTION('',(0.,0.,-1.));
#7214 = DIRECTION('',(-1.,0.,0.));
#7215 = PCURVE('',#5216,#7216);
#7216 = DEFINITIONAL_REPRESENTATION('',(#7217),#7221);
#7217 = LINE('',#7218,#7219);
#7218 = CARTESIAN_POINT('',(9.424777960769,0.));
#7219 = VECTOR('',#7220,1.);
#7220 = DIRECTION('',(-1.,0.));
#7221 = ( GEOMETRIC_REPRESENTATION_CONTEXT(2) 
PARAMETRIC_REPRESENTATION_CONTEXT() REPRESENTATION_CONTEXT('2D SPACE',''
  ) );
#7222 = PCURVE('',#6927,#7223);
#7223 = DEFINITIONAL_REPRESENTATION('',(#7224),#7228);
#7224 = CIRCLE('',#7225,1.E-01);
#7225 = AXIS2_PLACEMENT_2D('',#7226,#7227);
#7226 = CARTESIAN_POINT('',(0.1,-0.55));
#7227 = DIRECTION('',(0.,1.));
#7228 = ( GEOMETRIC_REPRESENTATION_CONTEXT(2) 
PARAMETRIC_REPRESENTATION_CONTEXT() REPRESENTATION_CONTEXT('2D SPACE',''
  ) );
#7229 = ADVANCED_FACE('',(#7230),#5244,.F.);
#7230 = FACE_BOUND('',#7231,.T.);
#7231 = EDGE_LOOP('',(#7232,#7233,#7234,#7257));
#7232 = ORIENTED_EDGE('',*,*,#5228,.T.);
#7233 = ORIENTED_EDGE('',*,*,#7185,.T.);
#7234 = ORIENTED_EDGE('',*,*,#7235,.F.);
#7235 = EDGE_CURVE('',#7236,#7186,#7238,.T.);
#7236 = VERTEX_POINT('',#7237);
#7237 = CARTESIAN_POINT('',(0.65,0.1,1.E-02));
#7238 = SURFACE_CURVE('',#7239,(#7243,#7250),.PCURVE_S1.);
#7239 = LINE('',#7240,#7241);
#7240 = CARTESIAN_POINT('',(0.65,0.2,1.E-02));
#7241 = VECTOR('',#7242,1.);
#7242 = DIRECTION('',(-2.710505431214E-16,-1.,0.));
#7243 = PCURVE('',#5244,#7244);
#7244 = DEFINITIONAL_REPRESENTATION('',(#7245),#7249);
#7245 = LINE('',#7246,#7247);
#7246 = CARTESIAN_POINT('',(0.,0.));
#7247 = VECTOR('',#7248,1.);
#7248 = DIRECTION('',(1.,0.));
#7249 = ( GEOMETRIC_REPRESENTATION_CONTEXT(2) 
PARAMETRIC_REPRESENTATION_CONTEXT() REPRESENTATION_CONTEXT('2D SPACE',''
  ) );
#7250 = PCURVE('',#6927,#7251);
#7251 = DEFINITIONAL_REPRESENTATION('',(#7252),#7256);
#7252 = LINE('',#7253,#7254);
#7253 = CARTESIAN_POINT('',(-0.2,-0.65));
#7254 = VECTOR('',#7255,1.);
#7255 = DIRECTION('',(1.,2.710505431214E-16));
#7256 = ( GEOMETRIC_REPRESENTATION_CONTEXT(2) 
PARAMETRIC_REPRESENTATION_CONTEXT() REPRESENTATION_CONTEXT('2D SPACE',''
  ) );
#7257 = ORIENTED_EDGE('',*,*,#7258,.T.);
#7258 = EDGE_CURVE('',#7236,#5229,#7259,.T.);
#7259 = SURFACE_CURVE('',#7260,(#7264,#7271),.PCURVE_S1.);
#7260 = LINE('',#7261,#7262);
#7261 = CARTESIAN_POINT('',(0.65,0.1,0.));
#7262 = VECTOR('',#7263,1.);
#7263 = DIRECTION('',(0.,0.,-1.));
#7264 = PCURVE('',#5244,#7265);
#7265 = DEFINITIONAL_REPRESENTATION('',(#7266),#7270);
#7266 = LINE('',#7267,#7268);
#7267 = CARTESIAN_POINT('',(0.1,1.E-02));
#7268 = VECTOR('',#7269,1.);
#7269 = DIRECTION('',(-0.,1.));
#7270 = ( GEOMETRIC_REPRESENTATION_CONTEXT(2) 
PARAMETRIC_REPRESENTATION_CONTEXT() REPRESENTATION_CONTEXT('2D SPACE',''
  ) );
#7271 = PCURVE('',#5271,#7272);
#7272 = DEFINITIONAL_REPRESENTATION('',(#7273),#7277);
#7273 = LINE('',#7274,#7275);
#7274 = CARTESIAN_POINT('',(0.,-1.E-02));
#7275 = VECTOR('',#7276,1.);
#7276 = DIRECTION('',(0.,-1.));
#7277 = ( GEOMETRIC_REPRESENTATION_CONTEXT(2) 
PARAMETRIC_REPRESENTATION_CONTEXT() REPRESENTATION_CONTEXT('2D SPACE',''
  ) );
#7278 = ADVANCED_FACE('',(#7279),#5271,.F.);
#7279 = FACE_BOUND('',#7280,.F.);
#7280 = EDGE_LOOP('',(#7281,#7282,#7283,#7284));
#7281 = ORIENTED_EDGE('',*,*,#7258,.T.);
#7282 = ORIENTED_EDGE('',*,*,#5256,.T.);
#7283 = ORIENTED_EDGE('',*,*,#6961,.T.);
#7284 = ORIENTED_EDGE('',*,*,#7285,.T.);
#7285 = EDGE_CURVE('',#6912,#7236,#7286,.T.);
#7286 = SURFACE_CURVE('',#7287,(#7292,#7299),.PCURVE_S1.);
#7287 = CIRCLE('',#7288,1.E-01);
#7288 = AXIS2_PLACEMENT_3D('',#7289,#7290,#7291);
#7289 = CARTESIAN_POINT('',(0.55,0.1,1.E-02));
#7290 = DIRECTION('',(0.,0.,-1.));
#7291 = DIRECTION('',(-1.,0.,0.));
#7292 = PCURVE('',#5271,#7293);
#7293 = DEFINITIONAL_REPRESENTATION('',(#7294),#7298);
#7294 = LINE('',#7295,#7296);
#7295 = CARTESIAN_POINT('',(3.14159265359,0.));
#7296 = VECTOR('',#7297,1.);
#7297 = DIRECTION('',(-1.,0.));
#7298 = ( GEOMETRIC_REPRESENTATION_CONTEXT(2) 
PARAMETRIC_REPRESENTATION_CONTEXT() REPRESENTATION_CONTEXT('2D SPACE',''
  ) );
#7299 = PCURVE('',#6927,#7300);
#7300 = DEFINITIONAL_REPRESENTATION('',(#7301),#7305);
#7301 = CIRCLE('',#7302,1.E-01);
#7302 = AXIS2_PLACEMENT_2D('',#7303,#7304);
#7303 = CARTESIAN_POINT('',(-0.1,-0.55));
#7304 = DIRECTION('',(0.,1.));
#7305 = ( GEOMETRIC_REPRESENTATION_CONTEXT(2) 
PARAMETRIC_REPRESENTATION_CONTEXT() REPRESENTATION_CONTEXT('2D SPACE',''
  ) );
#7306 = ADVANCED_FACE('',(#7307),#4820,.F.);
#7307 = FACE_BOUND('',#7308,.T.);
#7308 = EDGE_LOOP('',(#7309,#7310,#7333,#7354));
#7309 = ORIENTED_EDGE('',*,*,#6262,.F.);
#7310 = ORIENTED_EDGE('',*,*,#7311,.F.);
#7311 = EDGE_CURVE('',#7312,#6239,#7314,.T.);
#7312 = VERTEX_POINT('',#7313);
#7313 = CARTESIAN_POINT('',(1.3,-0.9,3.E-02));
#7314 = SURFACE_CURVE('',#7315,(#7319,#7326),.PCURVE_S1.);
#7315 = LINE('',#7316,#7317);
#7316 = CARTESIAN_POINT('',(1.1,-0.9,3.E-02));
#7317 = VECTOR('',#7318,1.);
#7318 = DIRECTION('',(1.,0.,0.));
#7319 = PCURVE('',#4820,#7320);
#7320 = DEFINITIONAL_REPRESENTATION('',(#7321),#7325);
#7321 = LINE('',#7322,#7323);
#7322 = CARTESIAN_POINT('',(0.,0.));
#7323 = VECTOR('',#7324,1.);
#7324 = DIRECTION('',(1.,0.));
#7325 = ( GEOMETRIC_REPRESENTATION_CONTEXT(2) 
PARAMETRIC_REPRESENTATION_CONTEXT() REPRESENTATION_CONTEXT('2D SPACE',''
  ) );
#7326 = PCURVE('',#5872,#7327);
#7327 = DEFINITIONAL_REPRESENTATION('',(#7328),#7332);
#7328 = LINE('',#7329,#7330);
#7329 = CARTESIAN_POINT('',(0.9,-1.1));
#7330 = VECTOR('',#7331,1.);
#7331 = DIRECTION('',(0.,-1.));
#7332 = ( GEOMETRIC_REPRESENTATION_CONTEXT(2) 
PARAMETRIC_REPRESENTATION_CONTEXT() REPRESENTATION_CONTEXT('2D SPACE',''
  ) );
#7333 = ORIENTED_EDGE('',*,*,#7334,.T.);
#7334 = EDGE_CURVE('',#7312,#4805,#7335,.T.);
#7335 = SURFACE_CURVE('',#7336,(#7340,#7347),.PCURVE_S1.);
#7336 = LINE('',#7337,#7338);
#7337 = CARTESIAN_POINT('',(1.3,-0.9,0.));
#7338 = VECTOR('',#7339,1.);
#7339 = DIRECTION('',(0.,0.,-1.));
#7340 = PCURVE('',#4820,#7341);
#7341 = DEFINITIONAL_REPRESENTATION('',(#7342),#7346);
#7342 = LINE('',#7343,#7344);
#7343 = CARTESIAN_POINT('',(0.2,3.E-02));
#7344 = VECTOR('',#7345,1.);
#7345 = DIRECTION('',(0.,1.));
#7346 = ( GEOMETRIC_REPRESENTATION_CONTEXT(2) 
PARAMETRIC_REPRESENTATION_CONTEXT() REPRESENTATION_CONTEXT('2D SPACE',''
  ) );
#7347 = PCURVE('',#4849,#7348);
#7348 = DEFINITIONAL_REPRESENTATION('',(#7349),#7353);
#7349 = LINE('',#7350,#7351);
#7350 = CARTESIAN_POINT('',(1.570796326795,-3.E-02));
#7351 = VECTOR('',#7352,1.);
#7352 = DIRECTION('',(0.,-1.));
#7353 = ( GEOMETRIC_REPRESENTATION_CONTEXT(2) 
PARAMETRIC_REPRESENTATION_CONTEXT() REPRESENTATION_CONTEXT('2D SPACE',''
  ) );
#7354 = ORIENTED_EDGE('',*,*,#4804,.T.);
#7355 = ADVANCED_FACE('',(#7356),#4849,.F.);
#7356 = FACE_BOUND('',#7357,.F.);
#7357 = EDGE_LOOP('',(#7358,#7359,#7360,#7383));
#7358 = ORIENTED_EDGE('',*,*,#7334,.T.);
#7359 = ORIENTED_EDGE('',*,*,#4832,.T.);
#7360 = ORIENTED_EDGE('',*,*,#7361,.T.);
#7361 = EDGE_CURVE('',#4833,#7362,#7364,.T.);
#7362 = VERTEX_POINT('',#7363);
#7363 = CARTESIAN_POINT('',(1.1,-1.1,3.E-02));
#7364 = SURFACE_CURVE('',#7365,(#7369,#7376),.PCURVE_S1.);
#7365 = LINE('',#7366,#7367);
#7366 = CARTESIAN_POINT('',(1.1,-1.1,3.E-02));
#7367 = VECTOR('',#7368,1.);
#7368 = DIRECTION('',(0.,0.,1.));
#7369 = PCURVE('',#4849,#7370);
#7370 = DEFINITIONAL_REPRESENTATION('',(#7371),#7375);
#7371 = LINE('',#7372,#7373);
#7372 = CARTESIAN_POINT('',(3.14159265359,0.));
#7373 = VECTOR('',#7374,1.);
#7374 = DIRECTION('',(0.,1.));
#7375 = ( GEOMETRIC_REPRESENTATION_CONTEXT(2) 
PARAMETRIC_REPRESENTATION_CONTEXT() REPRESENTATION_CONTEXT('2D SPACE',''
  ) );
#7376 = PCURVE('',#4877,#7377);
#7377 = DEFINITIONAL_REPRESENTATION('',(#7378),#7382);
#7378 = LINE('',#7379,#7380);
#7379 = CARTESIAN_POINT('',(0.,0.75));
#7380 = VECTOR('',#7381,1.);
#7381 = DIRECTION('',(1.,0.));
#7382 = ( GEOMETRIC_REPRESENTATION_CONTEXT(2) 
PARAMETRIC_REPRESENTATION_CONTEXT() REPRESENTATION_CONTEXT('2D SPACE',''
  ) );
#7383 = ORIENTED_EDGE('',*,*,#7384,.T.);
#7384 = EDGE_CURVE('',#7362,#7312,#7385,.T.);
#7385 = SURFACE_CURVE('',#7386,(#7391,#7398),.PCURVE_S1.);
#7386 = CIRCLE('',#7387,0.2);
#7387 = AXIS2_PLACEMENT_3D('',#7388,#7389,#7390);
#7388 = CARTESIAN_POINT('',(1.3,-1.1,3.E-02));
#7389 = DIRECTION('',(0.,0.,-1.));
#7390 = DIRECTION('',(-1.,0.,0.));
#7391 = PCURVE('',#4849,#7392);
#7392 = DEFINITIONAL_REPRESENTATION('',(#7393),#7397);
#7393 = LINE('',#7394,#7395);
#7394 = CARTESIAN_POINT('',(3.14159265359,0.));
#7395 = VECTOR('',#7396,1.);
#7396 = DIRECTION('',(-1.,0.));
#7397 = ( GEOMETRIC_REPRESENTATION_CONTEXT(2) 
PARAMETRIC_REPRESENTATION_CONTEXT() REPRESENTATION_CONTEXT('2D SPACE',''
  ) );
#7398 = PCURVE('',#5872,#7399);
#7399 = DEFINITIONAL_REPRESENTATION('',(#7400),#7404);
#7400 = CIRCLE('',#7401,0.2);
#7401 = AXIS2_PLACEMENT_2D('',#7402,#7403);
#7402 = CARTESIAN_POINT('',(1.1,-1.3));
#7403 = DIRECTION('',(0.,1.));
#7404 = ( GEOMETRIC_REPRESENTATION_CONTEXT(2) 
PARAMETRIC_REPRESENTATION_CONTEXT() REPRESENTATION_CONTEXT('2D SPACE',''
  ) );
#7405 = ADVANCED_FACE('',(#7406),#4877,.F.);
#7406 = FACE_BOUND('',#7407,.T.);
#7407 = EDGE_LOOP('',(#7408,#7409,#7410,#7431));
#7408 = ORIENTED_EDGE('',*,*,#4861,.T.);
#7409 = ORIENTED_EDGE('',*,*,#7361,.T.);
#7410 = ORIENTED_EDGE('',*,*,#7411,.F.);
#7411 = EDGE_CURVE('',#5857,#7362,#7412,.T.);
#7412 = SURFACE_CURVE('',#7413,(#7417,#7424),.PCURVE_S1.);
#7413 = LINE('',#7414,#7415);
#7414 = CARTESIAN_POINT('',(1.1,-1.85,3.E-02));
#7415 = VECTOR('',#7416,1.);
#7416 = DIRECTION('',(0.,1.,0.));
#7417 = PCURVE('',#4877,#7418);
#7418 = DEFINITIONAL_REPRESENTATION('',(#7419),#7423);
#7419 = LINE('',#7420,#7421);
#7420 = CARTESIAN_POINT('',(0.,0.));
#7421 = VECTOR('',#7422,1.);
#7422 = DIRECTION('',(0.,1.));
#7423 = ( GEOMETRIC_REPRESENTATION_CONTEXT(2) 
PARAMETRIC_REPRESENTATION_CONTEXT() REPRESENTATION_CONTEXT('2D SPACE',''
  ) );
#7424 = PCURVE('',#5872,#7425);
#7425 = DEFINITIONAL_REPRESENTATION('',(#7426),#7430);
#7426 = LINE('',#7427,#7428);
#7427 = CARTESIAN_POINT('',(1.85,-1.1));
#7428 = VECTOR('',#7429,1.);
#7429 = DIRECTION('',(-1.,-0.));
#7430 = ( GEOMETRIC_REPRESENTATION_CONTEXT(2) 
PARAMETRIC_REPRESENTATION_CONTEXT() REPRESENTATION_CONTEXT('2D SPACE',''
  ) );
#7431 = ORIENTED_EDGE('',*,*,#5952,.T.);
#7432 = ADVANCED_FACE('',(#7433),#4928,.F.);
#7433 = FACE_BOUND('',#7434,.T.);
#7434 = EDGE_LOOP('',(#7435,#7458,#7479,#7480));
#7435 = ORIENTED_EDGE('',*,*,#7436,.F.);
#7436 = EDGE_CURVE('',#7437,#5908,#7439,.T.);
#7437 = VERTEX_POINT('',#7438);
#7438 = CARTESIAN_POINT('',(-1.1,-1.1,3.E-02));
#7439 = SURFACE_CURVE('',#7440,(#7444,#7451),.PCURVE_S1.);
#7440 = LINE('',#7441,#7442);
#7441 = CARTESIAN_POINT('',(-1.1,-0.9,3.E-02));
#7442 = VECTOR('',#7443,1.);
#7443 = DIRECTION('',(0.,-1.,0.));
#7444 = PCURVE('',#4928,#7445);
#7445 = DEFINITIONAL_REPRESENTATION('',(#7446),#7450);
#7446 = LINE('',#7447,#7448);
#7447 = CARTESIAN_POINT('',(0.,0.));
#7448 = VECTOR('',#7449,1.);
#7449 = DIRECTION('',(-1.,0.));
#7450 = ( GEOMETRIC_REPRESENTATION_CONTEXT(2) 
PARAMETRIC_REPRESENTATION_CONTEXT() REPRESENTATION_CONTEXT('2D SPACE',''
  ) );
#7451 = PCURVE('',#5553,#7452);
#7452 = DEFINITIONAL_REPRESENTATION('',(#7453),#7457);
#7453 = LINE('',#7454,#7455);
#7454 = CARTESIAN_POINT('',(0.9,1.1));
#7455 = VECTOR('',#7456,1.);
#7456 = DIRECTION('',(1.,0.));
#7457 = ( GEOMETRIC_REPRESENTATION_CONTEXT(2) 
PARAMETRIC_REPRESENTATION_CONTEXT() REPRESENTATION_CONTEXT('2D SPACE',''
  ) );
#7458 = ORIENTED_EDGE('',*,*,#7459,.T.);
#7459 = EDGE_CURVE('',#7437,#4913,#7460,.T.);
#7460 = SURFACE_CURVE('',#7461,(#7465,#7472),.PCURVE_S1.);
#7461 = LINE('',#7462,#7463);
#7462 = CARTESIAN_POINT('',(-1.1,-1.1,0.));
#7463 = VECTOR('',#7464,1.);
#7464 = DIRECTION('',(0.,0.,-1.));
#7465 = PCURVE('',#4928,#7466);
#7466 = DEFINITIONAL_REPRESENTATION('',(#7467),#7471);
#7467 = LINE('',#7468,#7469);
#7468 = CARTESIAN_POINT('',(-0.2,-3.E-02));
#7469 = VECTOR('',#7470,1.);
#7470 = DIRECTION('',(0.,-1.));
#7471 = ( GEOMETRIC_REPRESENTATION_CONTEXT(2) 
PARAMETRIC_REPRESENTATION_CONTEXT() REPRESENTATION_CONTEXT('2D SPACE',''
  ) );
#7472 = PCURVE('',#4957,#7473);
#7473 = DEFINITIONAL_REPRESENTATION('',(#7474),#7478);
#7474 = LINE('',#7475,#7476);
#7475 = CARTESIAN_POINT('',(0.,-3.E-02));
#7476 = VECTOR('',#7477,1.);
#7477 = DIRECTION('',(0.,-1.));
#7478 = ( GEOMETRIC_REPRESENTATION_CONTEXT(2) 
PARAMETRIC_REPRESENTATION_CONTEXT() REPRESENTATION_CONTEXT('2D SPACE',''
  ) );
#7479 = ORIENTED_EDGE('',*,*,#4912,.T.);
#7480 = ORIENTED_EDGE('',*,*,#5930,.F.);
#7481 = ADVANCED_FACE('',(#7482),#4957,.F.);
#7482 = FACE_BOUND('',#7483,.F.);
#7483 = EDGE_LOOP('',(#7484,#7485,#7486,#7509));
#7484 = ORIENTED_EDGE('',*,*,#7459,.T.);
#7485 = ORIENTED_EDGE('',*,*,#4940,.T.);
#7486 = ORIENTED_EDGE('',*,*,#7487,.T.);
#7487 = EDGE_CURVE('',#4941,#7488,#7490,.T.);
#7488 = VERTEX_POINT('',#7489);
#7489 = CARTESIAN_POINT('',(-1.3,-0.9,3.E-02));
#7490 = SURFACE_CURVE('',#7491,(#7495,#7502),.PCURVE_S1.);
#7491 = LINE('',#7492,#7493);
#7492 = CARTESIAN_POINT('',(-1.3,-0.9,3.E-02));
#7493 = VECTOR('',#7494,1.);
#7494 = DIRECTION('',(0.,0.,1.));
#7495 = PCURVE('',#4957,#7496);
#7496 = DEFINITIONAL_REPRESENTATION('',(#7497),#7501);
#7497 = LINE('',#7498,#7499);
#7498 = CARTESIAN_POINT('',(1.570796326795,0.));
#7499 = VECTOR('',#7500,1.);
#7500 = DIRECTION('',(0.,1.));
#7501 = ( GEOMETRIC_REPRESENTATION_CONTEXT(2) 
PARAMETRIC_REPRESENTATION_CONTEXT() REPRESENTATION_CONTEXT('2D SPACE',''
  ) );
#7502 = PCURVE('',#4985,#7503);
#7503 = DEFINITIONAL_REPRESENTATION('',(#7504),#7508);
#7504 = LINE('',#7505,#7506);
#7505 = CARTESIAN_POINT('',(0.55,0.));
#7506 = VECTOR('',#7507,1.);
#7507 = DIRECTION('',(0.,-1.));
#7508 = ( GEOMETRIC_REPRESENTATION_CONTEXT(2) 
PARAMETRIC_REPRESENTATION_CONTEXT() REPRESENTATION_CONTEXT('2D SPACE',''
  ) );
#7509 = ORIENTED_EDGE('',*,*,#7510,.T.);
#7510 = EDGE_CURVE('',#7488,#7437,#7511,.T.);
#7511 = SURFACE_CURVE('',#7512,(#7517,#7524),.PCURVE_S1.);
#7512 = CIRCLE('',#7513,0.2);
#7513 = AXIS2_PLACEMENT_3D('',#7514,#7515,#7516);
#7514 = CARTESIAN_POINT('',(-1.3,-1.1,3.E-02));
#7515 = DIRECTION('',(0.,0.,-1.));
#7516 = DIRECTION('',(-1.,0.,0.));
#7517 = PCURVE('',#4957,#7518);
#7518 = DEFINITIONAL_REPRESENTATION('',(#7519),#7523);
#7519 = LINE('',#7520,#7521);
#7520 = CARTESIAN_POINT('',(3.14159265359,0.));
#7521 = VECTOR('',#7522,1.);
#7522 = DIRECTION('',(-1.,0.));
#7523 = ( GEOMETRIC_REPRESENTATION_CONTEXT(2) 
PARAMETRIC_REPRESENTATION_CONTEXT() REPRESENTATION_CONTEXT('2D SPACE',''
  ) );
#7524 = PCURVE('',#5553,#7525);
#7525 = DEFINITIONAL_REPRESENTATION('',(#7526),#7530);
#7526 = CIRCLE('',#7527,0.2);
#7527 = AXIS2_PLACEMENT_2D('',#7528,#7529);
#7528 = CARTESIAN_POINT('',(1.1,1.3));
#7529 = DIRECTION('',(0.,1.));
#7530 = ( GEOMETRIC_REPRESENTATION_CONTEXT(2) 
PARAMETRIC_REPRESENTATION_CONTEXT() REPRESENTATION_CONTEXT('2D SPACE',''
  ) );
#7531 = ADVANCED_FACE('',(#7532),#4985,.F.);
#7532 = FACE_BOUND('',#7533,.T.);
#7533 = EDGE_LOOP('',(#7534,#7555,#7556,#7557));
#7534 = ORIENTED_EDGE('',*,*,#7535,.F.);
#7535 = EDGE_CURVE('',#5514,#7488,#7536,.T.);
#7536 = SURFACE_CURVE('',#7537,(#7541,#7548),.PCURVE_S1.);
#7537 = LINE('',#7538,#7539);
#7538 = CARTESIAN_POINT('',(-1.85,-0.9,3.E-02));
#7539 = VECTOR('',#7540,1.);
#7540 = DIRECTION('',(1.,0.,0.));
#7541 = PCURVE('',#4985,#7542);
#7542 = DEFINITIONAL_REPRESENTATION('',(#7543),#7547);
#7543 = LINE('',#7544,#7545);
#7544 = CARTESIAN_POINT('',(0.,0.));
#7545 = VECTOR('',#7546,1.);
#7546 = DIRECTION('',(1.,0.));
#7547 = ( GEOMETRIC_REPRESENTATION_CONTEXT(2) 
PARAMETRIC_REPRESENTATION_CONTEXT() REPRESENTATION_CONTEXT('2D SPACE',''
  ) );
#7548 = PCURVE('',#5553,#7549);
#7549 = DEFINITIONAL_REPRESENTATION('',(#7550),#7554);
#7550 = LINE('',#7551,#7552);
#7551 = CARTESIAN_POINT('',(0.9,1.85));
#7552 = VECTOR('',#7553,1.);
#7553 = DIRECTION('',(0.,-1.));
#7554 = ( GEOMETRIC_REPRESENTATION_CONTEXT(2) 
PARAMETRIC_REPRESENTATION_CONTEXT() REPRESENTATION_CONTEXT('2D SPACE',''
  ) );
#7555 = ORIENTED_EDGE('',*,*,#5513,.T.);
#7556 = ORIENTED_EDGE('',*,*,#4969,.T.);
#7557 = ORIENTED_EDGE('',*,*,#7487,.T.);
#7558 = ADVANCED_FACE('',(#7559),#170,.F.);
#7559 = FACE_BOUND('',#7560,.F.);
#7560 = EDGE_LOOP('',(#7561,#7562,#7563,#7585));
#7561 = ORIENTED_EDGE('',*,*,#4748,.F.);
#7562 = ORIENTED_EDGE('',*,*,#147,.F.);
#7563 = ORIENTED_EDGE('',*,*,#7564,.T.);
#7564 = EDGE_CURVE('',#148,#211,#7565,.T.);
#7565 = SURFACE_CURVE('',#7566,(#7571,#7578),.PCURVE_S1.);
#7566 = CIRCLE('',#7567,0.2);
#7567 = AXIS2_PLACEMENT_3D('',#7568,#7569,#7570);
#7568 = CARTESIAN_POINT('',(1.5,-2.609536585638E-17,1.E-02));
#7569 = DIRECTION('',(0.,0.,-1.));
#7570 = DIRECTION('',(-1.,0.,0.));
#7571 = PCURVE('',#170,#7572);
#7572 = DEFINITIONAL_REPRESENTATION('',(#7573),#7577);
#7573 = LINE('',#7574,#7575);
#7574 = CARTESIAN_POINT('',(0.,0.));
#7575 = VECTOR('',#7576,1.);
#7576 = DIRECTION('',(1.,0.));
#7577 = ( GEOMETRIC_REPRESENTATION_CONTEXT(2) 
PARAMETRIC_REPRESENTATION_CONTEXT() REPRESENTATION_CONTEXT('2D SPACE',''
  ) );
#7578 = PCURVE('',#248,#7579);
#7579 = DEFINITIONAL_REPRESENTATION('',(#7580),#7584);
#7580 = CIRCLE('',#7581,0.2);
#7581 = AXIS2_PLACEMENT_2D('',#7582,#7583);
#7582 = CARTESIAN_POINT('',(0.,0.));
#7583 = DIRECTION('',(0.,1.));
#7584 = ( GEOMETRIC_REPRESENTATION_CONTEXT(2) 
PARAMETRIC_REPRESENTATION_CONTEXT() REPRESENTATION_CONTEXT('2D SPACE',''
  ) );
#7585 = ORIENTED_EDGE('',*,*,#210,.T.);
#7586 = ADVANCED_FACE('',(#7587),#4547,.T.);
#7587 = FACE_BOUND('',#7588,.T.);
#7588 = EDGE_LOOP('',(#7589,#7614,#7635,#7636));
#7589 = ORIENTED_EDGE('',*,*,#7590,.T.);
#7590 = EDGE_CURVE('',#7591,#7593,#7595,.T.);
#7591 = VERTEX_POINT('',#7592);
#7592 = CARTESIAN_POINT('',(-0.307545297351,-0.130908607234,1.E-02));
#7593 = VERTEX_POINT('',#7594);
#7594 = CARTESIAN_POINT('',(-0.242545297351,6.909139276624E-02,1.E-02));
#7595 = SURFACE_CURVE('',#7596,(#7600,#7607),.PCURVE_S1.);
#7596 = LINE('',#7597,#7598);
#7597 = CARTESIAN_POINT('',(-0.33,-0.2,1.E-02));
#7598 = VECTOR('',#7599,1.);
#7599 = DIRECTION('',(0.309086072338,0.951034068731,0.));
#7600 = PCURVE('',#4547,#7601);
#7601 = DEFINITIONAL_REPRESENTATION('',(#7602),#7606);
#7602 = LINE('',#7603,#7604);
#7603 = CARTESIAN_POINT('',(0.,0.));
#7604 = VECTOR('',#7605,1.);
#7605 = DIRECTION('',(0.,1.));
#7606 = ( GEOMETRIC_REPRESENTATION_CONTEXT(2) 
PARAMETRIC_REPRESENTATION_CONTEXT() REPRESENTATION_CONTEXT('2D SPACE',''
  ) );
#7607 = PCURVE('',#73,#7608);
#7608 = DEFINITIONAL_REPRESENTATION('',(#7609),#7613);
#7609 = LINE('',#7610,#7611);
#7610 = CARTESIAN_POINT('',(-0.33,-0.2));
#7611 = VECTOR('',#7612,1.);
#7612 = DIRECTION('',(0.309086072338,0.951034068731));
#7613 = ( GEOMETRIC_REPRESENTATION_CONTEXT(2) 
PARAMETRIC_REPRESENTATION_CONTEXT() REPRESENTATION_CONTEXT('2D SPACE',''
  ) );
#7614 = ORIENTED_EDGE('',*,*,#7615,.T.);
#7615 = EDGE_CURVE('',#7593,#4532,#7616,.T.);
#7616 = SURFACE_CURVE('',#7617,(#7621,#7628),.PCURVE_S1.);
#7617 = LINE('',#7618,#7619);
#7618 = CARTESIAN_POINT('',(-0.242545297351,6.909139276624E-02,0.));
#7619 = VECTOR('',#7620,1.);
#7620 = DIRECTION('',(0.,0.,-1.));
#7621 = PCURVE('',#4547,#7622);
#7622 = DEFINITIONAL_REPRESENTATION('',(#7623),#7627);
#7623 = LINE('',#7624,#7625);
#7624 = CARTESIAN_POINT('',(-1.E-02,0.282946112672));
#7625 = VECTOR('',#7626,1.);
#7626 = DIRECTION('',(-1.,0.));
#7627 = ( GEOMETRIC_REPRESENTATION_CONTEXT(2) 
PARAMETRIC_REPRESENTATION_CONTEXT() REPRESENTATION_CONTEXT('2D SPACE',''
  ) );
#7628 = PCURVE('',#105,#7629);
#7629 = DEFINITIONAL_REPRESENTATION('',(#7630),#7634);
#7630 = LINE('',#7631,#7632);
#7631 = CARTESIAN_POINT('',(5.968953408095,-1.E-02));
#7632 = VECTOR('',#7633,1.);
#7633 = DIRECTION('',(0.,-1.));
#7634 = ( GEOMETRIC_REPRESENTATION_CONTEXT(2) 
PARAMETRIC_REPRESENTATION_CONTEXT() REPRESENTATION_CONTEXT('2D SPACE',''
  ) );
#7635 = ORIENTED_EDGE('',*,*,#4529,.F.);
#7636 = ORIENTED_EDGE('',*,*,#7637,.T.);
#7637 = EDGE_CURVE('',#4530,#7591,#7638,.T.);
#7638 = SURFACE_CURVE('',#7639,(#7643,#7650),.PCURVE_S1.);
#7639 = LINE('',#7640,#7641);
#7640 = CARTESIAN_POINT('',(-0.307545297351,-0.130908607234,1.E-02));
#7641 = VECTOR('',#7642,1.);
#7642 = DIRECTION('',(0.,0.,1.));
#7643 = PCURVE('',#4547,#7644);
#7644 = DEFINITIONAL_REPRESENTATION('',(#7645),#7649);
#7645 = LINE('',#7646,#7647);
#7646 = CARTESIAN_POINT('',(0.,7.264870422407E-02));
#7647 = VECTOR('',#7648,1.);
#7648 = DIRECTION('',(1.,0.));
#7649 = ( GEOMETRIC_REPRESENTATION_CONTEXT(2) 
PARAMETRIC_REPRESENTATION_CONTEXT() REPRESENTATION_CONTEXT('2D SPACE',''
  ) );
#7650 = PCURVE('',#4734,#7651);
#7651 = DEFINITIONAL_REPRESENTATION('',(#7652),#7656);
#7652 = LINE('',#7653,#7654);
#7653 = CARTESIAN_POINT('',(5.968953408095,0.));
#7654 = VECTOR('',#7655,1.);
#7655 = DIRECTION('',(0.,1.));
#7656 = ( GEOMETRIC_REPRESENTATION_CONTEXT(2) 
PARAMETRIC_REPRESENTATION_CONTEXT() REPRESENTATION_CONTEXT('2D SPACE',''
  ) );
#7657 = ADVANCED_FACE('',(#7658),#105,.F.);
#7658 = FACE_BOUND('',#7659,.F.);
#7659 = EDGE_LOOP('',(#7660,#7686,#7687,#7688));
#7660 = ORIENTED_EDGE('',*,*,#7661,.T.);
#7661 = EDGE_CURVE('',#57,#7593,#7662,.T.);
#7662 = SURFACE_CURVE('',#7663,(#7668,#7675),.PCURVE_S1.);
#7663 = CIRCLE('',#7664,1.E-01);
#7664 = AXIS2_PLACEMENT_3D('',#7665,#7666,#7667);
#7665 = CARTESIAN_POINT('',(-0.337648704224,0.1,1.E-02));
#7666 = DIRECTION('',(0.,0.,-1.));
#7667 = DIRECTION('',(1.,0.,0.));
#7668 = PCURVE('',#105,#7669);
#7669 = DEFINITIONAL_REPRESENTATION('',(#7670),#7674);
#7670 = LINE('',#7671,#7672);
#7671 = CARTESIAN_POINT('',(6.28318530718,0.));
#7672 = VECTOR('',#7673,1.);
#7673 = DIRECTION('',(-1.,0.));
#7674 = ( GEOMETRIC_REPRESENTATION_CONTEXT(2) 
PARAMETRIC_REPRESENTATION_CONTEXT() REPRESENTATION_CONTEXT('2D SPACE',''
  ) );
#7675 = PCURVE('',#73,#7676);
#7676 = DEFINITIONAL_REPRESENTATION('',(#7677),#7685);
#7677 = ( BOUNDED_CURVE() B_SPLINE_CURVE(2,(#7678,#7679,#7680,#7681,
#7682,#7683,#7684),.UNSPECIFIED.,.T.,.F.) B_SPLINE_CURVE_WITH_KNOTS((1,2
    ,2,2,2,1),(-2.094395102393,0.,2.094395102393,4.188790204786,
6.28318530718,8.377580409573),.UNSPECIFIED.) CURVE() 
GEOMETRIC_REPRESENTATION_ITEM() RATIONAL_B_SPLINE_CURVE((1.,0.5,1.,0.5,
1.,0.5,1.)) REPRESENTATION_ITEM('') );
#7678 = CARTESIAN_POINT('',(-0.237648704224,0.1));
#7679 = CARTESIAN_POINT('',(-0.237648704224,-7.320508075689E-02));
#7680 = CARTESIAN_POINT('',(-0.387648704224,1.339745962156E-02));
#7681 = CARTESIAN_POINT('',(-0.537648704224,1.E-01));
#7682 = CARTESIAN_POINT('',(-0.387648704224,0.186602540378));
#7683 = CARTESIAN_POINT('',(-0.237648704224,0.273205080757));
#7684 = CARTESIAN_POINT('',(-0.237648704224,0.1));
#7685 = ( GEOMETRIC_REPRESENTATION_CONTEXT(2) 
PARAMETRIC_REPRESENTATION_CONTEXT() REPRESENTATION_CONTEXT('2D SPACE',''
  ) );
#7686 = ORIENTED_EDGE('',*,*,#7615,.T.);
#7687 = ORIENTED_EDGE('',*,*,#4559,.T.);
#7688 = ORIENTED_EDGE('',*,*,#89,.T.);
#7689 = ADVANCED_FACE('',(#7690),#44,.T.);
#7690 = FACE_BOUND('',#7691,.T.);
#7691 = EDGE_LOOP('',(#7692,#7693,#7694,#7717));
#7692 = ORIENTED_EDGE('',*,*,#4582,.F.);
#7693 = ORIENTED_EDGE('',*,*,#21,.T.);
#7694 = ORIENTED_EDGE('',*,*,#7695,.T.);
#7695 = EDGE_CURVE('',#24,#7696,#7698,.T.);
#7696 = VERTEX_POINT('',#7697);
#7697 = CARTESIAN_POINT('',(-0.55,0.2,1.E-02));
#7698 = SURFACE_CURVE('',#7699,(#7703,#7710),.PCURVE_S1.);
#7699 = LINE('',#7700,#7701);
#7700 = CARTESIAN_POINT('',(-0.2,0.2,1.E-02));
#7701 = VECTOR('',#7702,1.);
#7702 = DIRECTION('',(-1.,-6.023345402697E-17,0.));
#7703 = PCURVE('',#44,#7704);
#7704 = DEFINITIONAL_REPRESENTATION('',(#7705),#7709);
#7705 = LINE('',#7706,#7707);
#7706 = CARTESIAN_POINT('',(0.,0.));
#7707 = VECTOR('',#7708,1.);
#7708 = DIRECTION('',(-0.,-1.));
#7709 = ( GEOMETRIC_REPRESENTATION_CONTEXT(2) 
PARAMETRIC_REPRESENTATION_CONTEXT() REPRESENTATION_CONTEXT('2D SPACE',''
  ) );
#7710 = PCURVE('',#73,#7711);
#7711 = DEFINITIONAL_REPRESENTATION('',(#7712),#7716);
#7712 = LINE('',#7713,#7714);
#7713 = CARTESIAN_POINT('',(-0.2,0.2));
#7714 = VECTOR('',#7715,1.);
#7715 = DIRECTION('',(-1.,-6.023345402697E-17));
#7716 = ( GEOMETRIC_REPRESENTATION_CONTEXT(2) 
PARAMETRIC_REPRESENTATION_CONTEXT() REPRESENTATION_CONTEXT('2D SPACE',''
  ) );
#7717 = ORIENTED_EDGE('',*,*,#7718,.T.);
#7718 = EDGE_CURVE('',#7696,#4583,#7719,.T.);
#7719 = SURFACE_CURVE('',#7720,(#7724,#7731),.PCURVE_S1.);
#7720 = LINE('',#7721,#7722);
#7721 = CARTESIAN_POINT('',(-0.55,0.2,0.));
#7722 = VECTOR('',#7723,1.);
#7723 = DIRECTION('',(0.,0.,-1.));
#7724 = PCURVE('',#44,#7725);
#7725 = DEFINITIONAL_REPRESENTATION('',(#7726),#7730);
#7726 = LINE('',#7727,#7728);
#7727 = CARTESIAN_POINT('',(1.E-02,-0.35));
#7728 = VECTOR('',#7729,1.);
#7729 = DIRECTION('',(1.,0.));
#7730 = ( GEOMETRIC_REPRESENTATION_CONTEXT(2) 
PARAMETRIC_REPRESENTATION_CONTEXT() REPRESENTATION_CONTEXT('2D SPACE',''
  ) );
#7731 = PCURVE('',#4622,#7732);
#7732 = DEFINITIONAL_REPRESENTATION('',(#7733),#7737);
#7733 = LINE('',#7734,#7735);
#7734 = CARTESIAN_POINT('',(1.570796326795,-1.E-02));
#7735 = VECTOR('',#7736,1.);
#7736 = DIRECTION('',(0.,-1.));
#7737 = ( GEOMETRIC_REPRESENTATION_CONTEXT(2) 
PARAMETRIC_REPRESENTATION_CONTEXT() REPRESENTATION_CONTEXT('2D SPACE',''
  ) );
#7738 = ADVANCED_FACE('',(#7739),#4622,.F.);
#7739 = FACE_BOUND('',#7740,.F.);
#7740 = EDGE_LOOP('',(#7741,#7742,#7743,#7766));
#7741 = ORIENTED_EDGE('',*,*,#7718,.T.);
#7742 = ORIENTED_EDGE('',*,*,#4605,.T.);
#7743 = ORIENTED_EDGE('',*,*,#7744,.T.);
#7744 = EDGE_CURVE('',#4606,#7745,#7747,.T.);
#7745 = VERTEX_POINT('',#7746);
#7746 = CARTESIAN_POINT('',(-0.65,0.1,1.E-02));
#7747 = SURFACE_CURVE('',#7748,(#7752,#7759),.PCURVE_S1.);
#7748 = LINE('',#7749,#7750);
#7749 = CARTESIAN_POINT('',(-0.65,0.1,1.E-02));
#7750 = VECTOR('',#7751,1.);
#7751 = DIRECTION('',(0.,0.,1.));
#7752 = PCURVE('',#4622,#7753);
#7753 = DEFINITIONAL_REPRESENTATION('',(#7754),#7758);
#7754 = LINE('',#7755,#7756);
#7755 = CARTESIAN_POINT('',(3.14159265359,0.));
#7756 = VECTOR('',#7757,1.);
#7757 = DIRECTION('',(0.,1.));
#7758 = ( GEOMETRIC_REPRESENTATION_CONTEXT(2) 
PARAMETRIC_REPRESENTATION_CONTEXT() REPRESENTATION_CONTEXT('2D SPACE',''
  ) );
#7759 = PCURVE('',#4650,#7760);
#7760 = DEFINITIONAL_REPRESENTATION('',(#7761),#7765);
#7761 = LINE('',#7762,#7763);
#7762 = CARTESIAN_POINT('',(-0.1,0.));
#7763 = VECTOR('',#7764,1.);
#7764 = DIRECTION('',(0.,1.));
#7765 = ( GEOMETRIC_REPRESENTATION_CONTEXT(2) 
PARAMETRIC_REPRESENTATION_CONTEXT() REPRESENTATION_CONTEXT('2D SPACE',''
  ) );
#7766 = ORIENTED_EDGE('',*,*,#7767,.T.);
#7767 = EDGE_CURVE('',#7745,#7696,#7768,.T.);
#7768 = SURFACE_CURVE('',#7769,(#7774,#7781),.PCURVE_S1.);
#7769 = CIRCLE('',#7770,1.E-01);
#7770 = AXIS2_PLACEMENT_3D('',#7771,#7772,#7773);
#7771 = CARTESIAN_POINT('',(-0.55,0.1,1.E-02));
#7772 = DIRECTION('',(0.,0.,-1.));
#7773 = DIRECTION('',(1.,0.,0.));
#7774 = PCURVE('',#4622,#7775);
#7775 = DEFINITIONAL_REPRESENTATION('',(#7776),#7780);
#7776 = LINE('',#7777,#7778);
#7777 = CARTESIAN_POINT('',(6.28318530718,0.));
#7778 = VECTOR('',#7779,1.);
#7779 = DIRECTION('',(-1.,0.));
#7780 = ( GEOMETRIC_REPRESENTATION_CONTEXT(2) 
PARAMETRIC_REPRESENTATION_CONTEXT() REPRESENTATION_CONTEXT('2D SPACE',''
  ) );
#7781 = PCURVE('',#73,#7782);
#7782 = DEFINITIONAL_REPRESENTATION('',(#7783),#7791);
#7783 = ( BOUNDED_CURVE() B_SPLINE_CURVE(2,(#7784,#7785,#7786,#7787,
#7788,#7789,#7790),.UNSPECIFIED.,.T.,.F.) B_SPLINE_CURVE_WITH_KNOTS((1,2
    ,2,2,2,1),(-2.094395102393,0.,2.094395102393,4.188790204786,
6.28318530718,8.377580409573),.UNSPECIFIED.) CURVE() 
GEOMETRIC_REPRESENTATION_ITEM() RATIONAL_B_SPLINE_CURVE((1.,0.5,1.,0.5,
1.,0.5,1.)) REPRESENTATION_ITEM('') );
#7784 = CARTESIAN_POINT('',(-0.45,0.1));
#7785 = CARTESIAN_POINT('',(-0.45,-7.320508075689E-02));
#7786 = CARTESIAN_POINT('',(-0.6,1.339745962156E-02));
#7787 = CARTESIAN_POINT('',(-0.75,1.E-01));
#7788 = CARTESIAN_POINT('',(-0.6,0.186602540378));
#7789 = CARTESIAN_POINT('',(-0.45,0.273205080757));
#7790 = CARTESIAN_POINT('',(-0.45,0.1));
#7791 = ( GEOMETRIC_REPRESENTATION_CONTEXT(2) 
PARAMETRIC_REPRESENTATION_CONTEXT() REPRESENTATION_CONTEXT('2D SPACE',''
  ) );
#7792 = ADVANCED_FACE('',(#7793),#4650,.T.);
#7793 = FACE_BOUND('',#7794,.T.);
#7794 = EDGE_LOOP('',(#7795,#7796,#7797,#7820));
#7795 = ORIENTED_EDGE('',*,*,#4634,.F.);
#7796 = ORIENTED_EDGE('',*,*,#7744,.T.);
#7797 = ORIENTED_EDGE('',*,*,#7798,.T.);
#7798 = EDGE_CURVE('',#7745,#7799,#7801,.T.);
#7799 = VERTEX_POINT('',#7800);
#7800 = CARTESIAN_POINT('',(-0.65,-0.1,1.E-02));
#7801 = SURFACE_CURVE('',#7802,(#7806,#7813),.PCURVE_S1.);
#7802 = LINE('',#7803,#7804);
#7803 = CARTESIAN_POINT('',(-0.65,0.2,1.E-02));
#7804 = VECTOR('',#7805,1.);
#7805 = DIRECTION('',(2.710505431214E-16,-1.,0.));
#7806 = PCURVE('',#4650,#7807);
#7807 = DEFINITIONAL_REPRESENTATION('',(#7808),#7812);
#7808 = LINE('',#7809,#7810);
#7809 = CARTESIAN_POINT('',(0.,0.));
#7810 = VECTOR('',#7811,1.);
#7811 = DIRECTION('',(-1.,0.));
#7812 = ( GEOMETRIC_REPRESENTATION_CONTEXT(2) 
PARAMETRIC_REPRESENTATION_CONTEXT() REPRESENTATION_CONTEXT('2D SPACE',''
  ) );
#7813 = PCURVE('',#73,#7814);
#7814 = DEFINITIONAL_REPRESENTATION('',(#7815),#7819);
#7815 = LINE('',#7816,#7817);
#7816 = CARTESIAN_POINT('',(-0.65,0.2));
#7817 = VECTOR('',#7818,1.);
#7818 = DIRECTION('',(2.710505431214E-16,-1.));
#7819 = ( GEOMETRIC_REPRESENTATION_CONTEXT(2) 
PARAMETRIC_REPRESENTATION_CONTEXT() REPRESENTATION_CONTEXT('2D SPACE',''
  ) );
#7820 = ORIENTED_EDGE('',*,*,#7821,.T.);
#7821 = EDGE_CURVE('',#7799,#4635,#7822,.T.);
#7822 = SURFACE_CURVE('',#7823,(#7827,#7834),.PCURVE_S1.);
#7823 = LINE('',#7824,#7825);
#7824 = CARTESIAN_POINT('',(-0.65,-0.1,0.));
#7825 = VECTOR('',#7826,1.);
#7826 = DIRECTION('',(0.,0.,-1.));
#7827 = PCURVE('',#4650,#7828);
#7828 = DEFINITIONAL_REPRESENTATION('',(#7829),#7833);
#7829 = LINE('',#7830,#7831);
#7830 = CARTESIAN_POINT('',(-0.3,-1.E-02));
#7831 = VECTOR('',#7832,1.);
#7832 = DIRECTION('',(0.,-1.));
#7833 = ( GEOMETRIC_REPRESENTATION_CONTEXT(2) 
PARAMETRIC_REPRESENTATION_CONTEXT() REPRESENTATION_CONTEXT('2D SPACE',''
  ) );
#7834 = PCURVE('',#4679,#7835);
#7835 = DEFINITIONAL_REPRESENTATION('',(#7836),#7840);
#7836 = LINE('',#7837,#7838);
#7837 = CARTESIAN_POINT('',(3.14159265359,-1.E-02));
#7838 = VECTOR('',#7839,1.);
#7839 = DIRECTION('',(0.,-1.));
#7840 = ( GEOMETRIC_REPRESENTATION_CONTEXT(2) 
PARAMETRIC_REPRESENTATION_CONTEXT() REPRESENTATION_CONTEXT('2D SPACE',''
  ) );
#7841 = ADVANCED_FACE('',(#7842),#4679,.F.);
#7842 = FACE_BOUND('',#7843,.F.);
#7843 = EDGE_LOOP('',(#7844,#7845,#7846,#7869));
#7844 = ORIENTED_EDGE('',*,*,#7821,.T.);
#7845 = ORIENTED_EDGE('',*,*,#4662,.T.);
#7846 = ORIENTED_EDGE('',*,*,#7847,.T.);
#7847 = EDGE_CURVE('',#4663,#7848,#7850,.T.);
#7848 = VERTEX_POINT('',#7849);
#7849 = CARTESIAN_POINT('',(-0.55,-0.2,1.E-02));
#7850 = SURFACE_CURVE('',#7851,(#7855,#7862),.PCURVE_S1.);
#7851 = LINE('',#7852,#7853);
#7852 = CARTESIAN_POINT('',(-0.55,-0.2,1.E-02));
#7853 = VECTOR('',#7854,1.);
#7854 = DIRECTION('',(0.,0.,1.));
#7855 = PCURVE('',#4679,#7856);
#7856 = DEFINITIONAL_REPRESENTATION('',(#7857),#7861);
#7857 = LINE('',#7858,#7859);
#7858 = CARTESIAN_POINT('',(4.712388980385,0.));
#7859 = VECTOR('',#7860,1.);
#7860 = DIRECTION('',(0.,1.));
#7861 = ( GEOMETRIC_REPRESENTATION_CONTEXT(2) 
PARAMETRIC_REPRESENTATION_CONTEXT() REPRESENTATION_CONTEXT('2D SPACE',''
  ) );
#7862 = PCURVE('',#4707,#7863);
#7863 = DEFINITIONAL_REPRESENTATION('',(#7864),#7868);
#7864 = LINE('',#7865,#7866);
#7865 = CARTESIAN_POINT('',(1.E-01,0.));
#7866 = VECTOR('',#7867,1.);
#7867 = DIRECTION('',(0.,-1.));
#7868 = ( GEOMETRIC_REPRESENTATION_CONTEXT(2) 
PARAMETRIC_REPRESENTATION_CONTEXT() REPRESENTATION_CONTEXT('2D SPACE',''
  ) );
#7869 = ORIENTED_EDGE('',*,*,#7870,.T.);
#7870 = EDGE_CURVE('',#7848,#7799,#7871,.T.);
#7871 = SURFACE_CURVE('',#7872,(#7877,#7884),.PCURVE_S1.);
#7872 = CIRCLE('',#7873,1.E-01);
#7873 = AXIS2_PLACEMENT_3D('',#7874,#7875,#7876);
#7874 = CARTESIAN_POINT('',(-0.55,-0.1,1.E-02));
#7875 = DIRECTION('',(0.,0.,-1.));
#7876 = DIRECTION('',(1.,0.,0.));
#7877 = PCURVE('',#4679,#7878);
#7878 = DEFINITIONAL_REPRESENTATION('',(#7879),#7883);
#7879 = LINE('',#7880,#7881);
#7880 = CARTESIAN_POINT('',(6.28318530718,0.));
#7881 = VECTOR('',#7882,1.);
#7882 = DIRECTION('',(-1.,0.));
#7883 = ( GEOMETRIC_REPRESENTATION_CONTEXT(2) 
PARAMETRIC_REPRESENTATION_CONTEXT() REPRESENTATION_CONTEXT('2D SPACE',''
  ) );
#7884 = PCURVE('',#73,#7885);
#7885 = DEFINITIONAL_REPRESENTATION('',(#7886),#7894);
#7886 = ( BOUNDED_CURVE() B_SPLINE_CURVE(2,(#7887,#7888,#7889,#7890,
#7891,#7892,#7893),.UNSPECIFIED.,.T.,.F.) B_SPLINE_CURVE_WITH_KNOTS((1,2
    ,2,2,2,1),(-2.094395102393,0.,2.094395102393,4.188790204786,
6.28318530718,8.377580409573),.UNSPECIFIED.) CURVE() 
GEOMETRIC_REPRESENTATION_ITEM() RATIONAL_B_SPLINE_CURVE((1.,0.5,1.,0.5,
1.,0.5,1.)) REPRESENTATION_ITEM('') );
#7887 = CARTESIAN_POINT('',(-0.45,-0.1));
#7888 = CARTESIAN_POINT('',(-0.45,-0.273205080757));
#7889 = CARTESIAN_POINT('',(-0.6,-0.186602540378));
#7890 = CARTESIAN_POINT('',(-0.75,-0.1));
#7891 = CARTESIAN_POINT('',(-0.6,-1.339745962156E-02));
#7892 = CARTESIAN_POINT('',(-0.45,7.320508075689E-02));
#7893 = CARTESIAN_POINT('',(-0.45,-0.1));
#7894 = ( GEOMETRIC_REPRESENTATION_CONTEXT(2) 
PARAMETRIC_REPRESENTATION_CONTEXT() REPRESENTATION_CONTEXT('2D SPACE',''
  ) );
#7895 = ADVANCED_FACE('',(#7896),#4707,.T.);
#7896 = FACE_BOUND('',#7897,.T.);
#7897 = EDGE_LOOP('',(#7898,#7899,#7900,#7923));
#7898 = ORIENTED_EDGE('',*,*,#4691,.F.);
#7899 = ORIENTED_EDGE('',*,*,#7847,.T.);
#7900 = ORIENTED_EDGE('',*,*,#7901,.T.);
#7901 = EDGE_CURVE('',#7848,#7902,#7904,.T.);
#7902 = VERTEX_POINT('',#7903);
#7903 = CARTESIAN_POINT('',(-0.402648704224,-0.2,1.E-02));
#7904 = SURFACE_CURVE('',#7905,(#7909,#7916),.PCURVE_S1.);
#7905 = LINE('',#7906,#7907);
#7906 = CARTESIAN_POINT('',(-0.65,-0.2,1.E-02));
#7907 = VECTOR('',#7908,1.);
#7908 = DIRECTION('',(1.,3.388131789017E-16,0.));
#7909 = PCURVE('',#4707,#7910);
#7910 = DEFINITIONAL_REPRESENTATION('',(#7911),#7915);
#7911 = LINE('',#7912,#7913);
#7912 = CARTESIAN_POINT('',(0.,0.));
#7913 = VECTOR('',#7914,1.);
#7914 = DIRECTION('',(1.,0.));
#7915 = ( GEOMETRIC_REPRESENTATION_CONTEXT(2) 
PARAMETRIC_REPRESENTATION_CONTEXT() REPRESENTATION_CONTEXT('2D SPACE',''
  ) );
#7916 = PCURVE('',#73,#7917);
#7917 = DEFINITIONAL_REPRESENTATION('',(#7918),#7922);
#7918 = LINE('',#7919,#7920);
#7919 = CARTESIAN_POINT('',(-0.65,-0.2));
#7920 = VECTOR('',#7921,1.);
#7921 = DIRECTION('',(1.,3.388131789017E-16));
#7922 = ( GEOMETRIC_REPRESENTATION_CONTEXT(2) 
PARAMETRIC_REPRESENTATION_CONTEXT() REPRESENTATION_CONTEXT('2D SPACE',''
  ) );
#7923 = ORIENTED_EDGE('',*,*,#7924,.T.);
#7924 = EDGE_CURVE('',#7902,#4692,#7925,.T.);
#7925 = SURFACE_CURVE('',#7926,(#7930,#7937),.PCURVE_S1.);
#7926 = LINE('',#7927,#7928);
#7927 = CARTESIAN_POINT('',(-0.402648704224,-0.2,0.));
#7928 = VECTOR('',#7929,1.);
#7929 = DIRECTION('',(0.,0.,-1.));
#7930 = PCURVE('',#4707,#7931);
#7931 = DEFINITIONAL_REPRESENTATION('',(#7932),#7936);
#7932 = LINE('',#7933,#7934);
#7933 = CARTESIAN_POINT('',(0.247351295776,1.E-02));
#7934 = VECTOR('',#7935,1.);
#7935 = DIRECTION('',(0.,1.));
#7936 = ( GEOMETRIC_REPRESENTATION_CONTEXT(2) 
PARAMETRIC_REPRESENTATION_CONTEXT() REPRESENTATION_CONTEXT('2D SPACE',''
  ) );
#7937 = PCURVE('',#4734,#7938);
#7938 = DEFINITIONAL_REPRESENTATION('',(#7939),#7943);
#7939 = LINE('',#7940,#7941);
#7940 = CARTESIAN_POINT('',(4.712388980385,-1.E-02));
#7941 = VECTOR('',#7942,1.);
#7942 = DIRECTION('',(0.,-1.));
#7943 = ( GEOMETRIC_REPRESENTATION_CONTEXT(2) 
PARAMETRIC_REPRESENTATION_CONTEXT() REPRESENTATION_CONTEXT('2D SPACE',''
  ) );
#7944 = ADVANCED_FACE('',(#7945),#4734,.F.);
#7945 = FACE_BOUND('',#7946,.F.);
#7946 = EDGE_LOOP('',(#7947,#7948,#7949,#7950));
#7947 = ORIENTED_EDGE('',*,*,#7924,.T.);
#7948 = ORIENTED_EDGE('',*,*,#4719,.T.);
#7949 = ORIENTED_EDGE('',*,*,#7637,.T.);
#7950 = ORIENTED_EDGE('',*,*,#7951,.T.);
#7951 = EDGE_CURVE('',#7591,#7902,#7952,.T.);
#7952 = SURFACE_CURVE('',#7953,(#7958,#7965),.PCURVE_S1.);
#7953 = CIRCLE('',#7954,1.E-01);
#7954 = AXIS2_PLACEMENT_3D('',#7955,#7956,#7957);
#7955 = CARTESIAN_POINT('',(-0.402648704224,-0.1,1.E-02));
#7956 = DIRECTION('',(0.,0.,-1.));
#7957 = DIRECTION('',(1.,0.,0.));
#7958 = PCURVE('',#4734,#7959);
#7959 = DEFINITIONAL_REPRESENTATION('',(#7960),#7964);
#7960 = LINE('',#7961,#7962);
#7961 = CARTESIAN_POINT('',(6.28318530718,0.));
#7962 = VECTOR('',#7963,1.);
#7963 = DIRECTION('',(-1.,0.));
#7964 = ( GEOMETRIC_REPRESENTATION_CONTEXT(2) 
PARAMETRIC_REPRESENTATION_CONTEXT() REPRESENTATION_CONTEXT('2D SPACE',''
  ) );
#7965 = PCURVE('',#73,#7966);
#7966 = DEFINITIONAL_REPRESENTATION('',(#7967),#7975);
#7967 = ( BOUNDED_CURVE() B_SPLINE_CURVE(2,(#7968,#7969,#7970,#7971,
#7972,#7973,#7974),.UNSPECIFIED.,.T.,.F.) B_SPLINE_CURVE_WITH_KNOTS((1,2
    ,2,2,2,1),(-2.094395102393,0.,2.094395102393,4.188790204786,
6.28318530718,8.377580409573),.UNSPECIFIED.) CURVE() 
GEOMETRIC_REPRESENTATION_ITEM() RATIONAL_B_SPLINE_CURVE((1.,0.5,1.,0.5,
1.,0.5,1.)) REPRESENTATION_ITEM('') );
#7968 = CARTESIAN_POINT('',(-0.302648704224,-0.1));
#7969 = CARTESIAN_POINT('',(-0.302648704224,-0.273205080757));
#7970 = CARTESIAN_POINT('',(-0.452648704224,-0.186602540378));
#7971 = CARTESIAN_POINT('',(-0.602648704224,-0.1));
#7972 = CARTESIAN_POINT('',(-0.452648704224,-1.339745962156E-02));
#7973 = CARTESIAN_POINT('',(-0.302648704224,7.320508075689E-02));
#7974 = CARTESIAN_POINT('',(-0.302648704224,-0.1));
#7975 = ( GEOMETRIC_REPRESENTATION_CONTEXT(2) 
PARAMETRIC_REPRESENTATION_CONTEXT() REPRESENTATION_CONTEXT('2D SPACE',''
  ) );
#7976 = ADVANCED_FACE('',(#7977),#5553,.T.);
#7977 = FACE_BOUND('',#7978,.T.);
#7978 = EDGE_LOOP('',(#7979,#8007,#8008,#8009,#8010,#8011,#8012,#8013,
    #8014,#8015,#8016,#8044));
#7979 = ORIENTED_EDGE('',*,*,#7980,.F.);
#7980 = EDGE_CURVE('',#5669,#7981,#7983,.T.);
#7981 = VERTEX_POINT('',#7982);
#7982 = CARTESIAN_POINT('',(-1.11,-1.175,3.E-02));
#7983 = SURFACE_CURVE('',#7984,(#7988,#7995),.PCURVE_S1.);
#7984 = LINE('',#7985,#7986);
#7985 = CARTESIAN_POINT('',(-1.11,-1.175,3.E-02));
#7986 = VECTOR('',#7987,1.);
#7987 = DIRECTION('',(1.,0.,-6.316310941688E-17));
#7988 = PCURVE('',#5553,#7989);
#7989 = DEFINITIONAL_REPRESENTATION('',(#7990),#7994);
#7990 = LINE('',#7991,#7992);
#7991 = CARTESIAN_POINT('',(1.175,1.11));
#7992 = VECTOR('',#7993,1.);
#7993 = DIRECTION('',(0.,-1.));
#7994 = ( GEOMETRIC_REPRESENTATION_CONTEXT(2) 
PARAMETRIC_REPRESENTATION_CONTEXT() REPRESENTATION_CONTEXT('2D SPACE',''
  ) );
#7995 = PCURVE('',#7996,#8001);
#7996 = PLANE('',#7997);
#7997 = AXIS2_PLACEMENT_3D('',#7998,#7999,#8000);
#7998 = CARTESIAN_POINT('',(0.,-1.175,0.));
#7999 = DIRECTION('',(-0.,1.,0.));
#8000 = DIRECTION('',(1.,0.,0.));
#8001 = DEFINITIONAL_REPRESENTATION('',(#8002),#8006);
#8002 = LINE('',#8003,#8004);
#8003 = CARTESIAN_POINT('',(-1.11,-3.E-02));
#8004 = VECTOR('',#8005,1.);
#8005 = DIRECTION('',(1.,6.316310941688E-17));
#8006 = ( GEOMETRIC_REPRESENTATION_CONTEXT(2) 
PARAMETRIC_REPRESENTATION_CONTEXT() REPRESENTATION_CONTEXT('2D SPACE',''
  ) );
#8007 = ORIENTED_EDGE('',*,*,#5701,.T.);
#8008 = ORIENTED_EDGE('',*,*,#5598,.T.);
#8009 = ORIENTED_EDGE('',*,*,#5536,.F.);
#8010 = ORIENTED_EDGE('',*,*,#7535,.T.);
#8011 = ORIENTED_EDGE('',*,*,#7510,.T.);
#8012 = ORIENTED_EDGE('',*,*,#7436,.T.);
#8013 = ORIENTED_EDGE('',*,*,#5907,.T.);
#8014 = ORIENTED_EDGE('',*,*,#5806,.T.);
#8015 = ORIENTED_EDGE('',*,*,#5757,.T.);
#8016 = ORIENTED_EDGE('',*,*,#8017,.T.);
#8017 = EDGE_CURVE('',#5735,#8018,#8020,.T.);
#8018 = VERTEX_POINT('',#8019);
#8019 = CARTESIAN_POINT('',(-1.11,-1.575,3.E-02));
#8020 = SURFACE_CURVE('',#8021,(#8025,#8032),.PCURVE_S1.);
#8021 = LINE('',#8022,#8023);
#8022 = CARTESIAN_POINT('',(-1.11,-1.575,3.E-02));
#8023 = VECTOR('',#8024,1.);
#8024 = DIRECTION('',(1.,0.,-6.316310941688E-17));
#8025 = PCURVE('',#5553,#8026);
#8026 = DEFINITIONAL_REPRESENTATION('',(#8027),#8031);
#8027 = LINE('',#8028,#8029);
#8028 = CARTESIAN_POINT('',(1.575,1.11));
#8029 = VECTOR('',#8030,1.);
#8030 = DIRECTION('',(0.,-1.));
#8031 = ( GEOMETRIC_REPRESENTATION_CONTEXT(2) 
PARAMETRIC_REPRESENTATION_CONTEXT() REPRESENTATION_CONTEXT('2D SPACE',''
  ) );
#8032 = PCURVE('',#8033,#8038);
#8033 = PLANE('',#8034);
#8034 = AXIS2_PLACEMENT_3D('',#8035,#8036,#8037);
#8035 = CARTESIAN_POINT('',(0.,-1.575,0.));
#8036 = DIRECTION('',(-0.,1.,0.));
#8037 = DIRECTION('',(1.,0.,0.));
#8038 = DEFINITIONAL_REPRESENTATION('',(#8039),#8043);
#8039 = LINE('',#8040,#8041);
#8040 = CARTESIAN_POINT('',(-1.11,-3.E-02));
#8041 = VECTOR('',#8042,1.);
#8042 = DIRECTION('',(1.,6.316310941688E-17));
#8043 = ( GEOMETRIC_REPRESENTATION_CONTEXT(2) 
PARAMETRIC_REPRESENTATION_CONTEXT() REPRESENTATION_CONTEXT('2D SPACE',''
  ) );
#8044 = ORIENTED_EDGE('',*,*,#8045,.F.);
#8045 = EDGE_CURVE('',#7981,#8018,#8046,.T.);
#8046 = SURFACE_CURVE('',#8047,(#8051,#8058),.PCURVE_S1.);
#8047 = LINE('',#8048,#8049);
#8048 = CARTESIAN_POINT('',(-1.11,-1.175,3.E-02));
#8049 = VECTOR('',#8050,1.);
#8050 = DIRECTION('',(0.,-1.,0.));
#8051 = PCURVE('',#5553,#8052);
#8052 = DEFINITIONAL_REPRESENTATION('',(#8053),#8057);
#8053 = LINE('',#8054,#8055);
#8054 = CARTESIAN_POINT('',(1.175,1.11));
#8055 = VECTOR('',#8056,1.);
#8056 = DIRECTION('',(1.,0.));
#8057 = ( GEOMETRIC_REPRESENTATION_CONTEXT(2) 
PARAMETRIC_REPRESENTATION_CONTEXT() REPRESENTATION_CONTEXT('2D SPACE',''
  ) );
#8058 = PCURVE('',#8059,#8064);
#8059 = PLANE('',#8060);
#8060 = AXIS2_PLACEMENT_3D('',#8061,#8062,#8063);
#8061 = CARTESIAN_POINT('',(-1.11,-1.175,3.E-02));
#8062 = DIRECTION('',(-1.,0.,0.));
#8063 = DIRECTION('',(0.,0.,1.));
#8064 = DEFINITIONAL_REPRESENTATION('',(#8065),#8069);
#8065 = LINE('',#8066,#8067);
#8066 = CARTESIAN_POINT('',(0.,0.));
#8067 = VECTOR('',#8068,1.);
#8068 = DIRECTION('',(0.,-1.));
#8069 = ( GEOMETRIC_REPRESENTATION_CONTEXT(2) 
PARAMETRIC_REPRESENTATION_CONTEXT() REPRESENTATION_CONTEXT('2D SPACE',''
  ) );
#8070 = ADVANCED_FACE('',(#8071),#5685,.F.);
#8071 = FACE_BOUND('',#8072,.T.);
#8072 = EDGE_LOOP('',(#8073,#8096,#8097,#8098,#8121));
#8073 = ORIENTED_EDGE('',*,*,#8074,.T.);
#8074 = EDGE_CURVE('',#8075,#5735,#8077,.T.);
#8075 = VERTEX_POINT('',#8076);
#8076 = CARTESIAN_POINT('',(-1.539127928665,-1.575,3.E-02));
#8077 = SURFACE_CURVE('',#8078,(#8082,#8089),.PCURVE_S1.);
#8078 = LINE('',#8079,#8080);
#8079 = CARTESIAN_POINT('',(-1.11,-1.575,3.E-02));
#8080 = VECTOR('',#8081,1.);
#8081 = DIRECTION('',(1.,0.,-6.316310941688E-17));
#8082 = PCURVE('',#5685,#8083);
#8083 = DEFINITIONAL_REPRESENTATION('',(#8084),#8088);
#8084 = LINE('',#8085,#8086);
#8085 = CARTESIAN_POINT('',(0.,-0.4));
#8086 = VECTOR('',#8087,1.);
#8087 = DIRECTION('',(-1.,0.));
#8088 = ( GEOMETRIC_REPRESENTATION_CONTEXT(2) 
PARAMETRIC_REPRESENTATION_CONTEXT() REPRESENTATION_CONTEXT('2D SPACE',''
  ) );
#8089 = PCURVE('',#8033,#8090);
#8090 = DEFINITIONAL_REPRESENTATION('',(#8091),#8095);
#8091 = LINE('',#8092,#8093);
#8092 = CARTESIAN_POINT('',(-1.11,-3.E-02));
#8093 = VECTOR('',#8094,1.);
#8094 = DIRECTION('',(1.,6.316310941688E-17));
#8095 = ( GEOMETRIC_REPRESENTATION_CONTEXT(2) 
PARAMETRIC_REPRESENTATION_CONTEXT() REPRESENTATION_CONTEXT('2D SPACE',''
  ) );
#8096 = ORIENTED_EDGE('',*,*,#5734,.T.);
#8097 = ORIENTED_EDGE('',*,*,#5668,.T.);
#8098 = ORIENTED_EDGE('',*,*,#8099,.F.);
#8099 = EDGE_CURVE('',#8100,#5669,#8102,.T.);
#8100 = VERTEX_POINT('',#8101);
#8101 = CARTESIAN_POINT('',(-1.539127928665,-1.175,3.E-02));
#8102 = SURFACE_CURVE('',#8103,(#8107,#8114),.PCURVE_S1.);
#8103 = LINE('',#8104,#8105);
#8104 = CARTESIAN_POINT('',(-1.11,-1.175,3.E-02));
#8105 = VECTOR('',#8106,1.);
#8106 = DIRECTION('',(1.,0.,-6.316310941688E-17));
#8107 = PCURVE('',#5685,#8108);
#8108 = DEFINITIONAL_REPRESENTATION('',(#8109),#8113);
#8109 = LINE('',#8110,#8111);
#8110 = CARTESIAN_POINT('',(0.,0.));
#8111 = VECTOR('',#8112,1.);
#8112 = DIRECTION('',(-1.,0.));
#8113 = ( GEOMETRIC_REPRESENTATION_CONTEXT(2) 
PARAMETRIC_REPRESENTATION_CONTEXT() REPRESENTATION_CONTEXT('2D SPACE',''
  ) );
#8114 = PCURVE('',#7996,#8115);
#8115 = DEFINITIONAL_REPRESENTATION('',(#8116),#8120);
#8116 = LINE('',#8117,#8118);
#8117 = CARTESIAN_POINT('',(-1.11,-3.E-02));
#8118 = VECTOR('',#8119,1.);
#8119 = DIRECTION('',(1.,6.316310941688E-17));
#8120 = ( GEOMETRIC_REPRESENTATION_CONTEXT(2) 
PARAMETRIC_REPRESENTATION_CONTEXT() REPRESENTATION_CONTEXT('2D SPACE',''
  ) );
#8121 = ORIENTED_EDGE('',*,*,#8122,.T.);
#8122 = EDGE_CURVE('',#8100,#8075,#8123,.T.);
#8123 = SURFACE_CURVE('',#8124,(#8128,#8135),.PCURVE_S1.);
#8124 = LINE('',#8125,#8126);
#8125 = CARTESIAN_POINT('',(-1.539127928665,-1.175,3.E-02));
#8126 = VECTOR('',#8127,1.);
#8127 = DIRECTION('',(0.,-1.,0.));
#8128 = PCURVE('',#5685,#8129);
#8129 = DEFINITIONAL_REPRESENTATION('',(#8130),#8134);
#8130 = LINE('',#8131,#8132);
#8131 = CARTESIAN_POINT('',(0.429127928665,0.));
#8132 = VECTOR('',#8133,1.);
#8133 = DIRECTION('',(0.,-1.));
#8134 = ( GEOMETRIC_REPRESENTATION_CONTEXT(2) 
PARAMETRIC_REPRESENTATION_CONTEXT() REPRESENTATION_CONTEXT('2D SPACE',''
  ) );
#8135 = PCURVE('',#8136,#8141);
#8136 = PLANE('',#8137);
#8137 = AXIS2_PLACEMENT_3D('',#8138,#8139,#8140);
#8138 = CARTESIAN_POINT('',(-1.539127928665,-1.175,3.E-02));
#8139 = DIRECTION('',(-0.906307787037,0.,-0.422618261741));
#8140 = DIRECTION('',(-0.422618261741,0.,0.906307787037));
#8141 = DEFINITIONAL_REPRESENTATION('',(#8142),#8146);
#8142 = LINE('',#8143,#8144);
#8143 = CARTESIAN_POINT('',(0.,0.));
#8144 = VECTOR('',#8145,1.);
#8145 = DIRECTION('',(0.,-1.));
#8146 = ( GEOMETRIC_REPRESENTATION_CONTEXT(2) 
PARAMETRIC_REPRESENTATION_CONTEXT() REPRESENTATION_CONTEXT('2D SPACE',''
  ) );
#8147 = ADVANCED_FACE('',(#8148),#5872,.T.);
#8148 = FACE_BOUND('',#8149,.T.);
#8149 = EDGE_LOOP('',(#8150,#8151,#8179,#8207,#8233,#8234,#8235,#8236,
    #8237,#8238,#8239,#8240));
#8150 = ORIENTED_EDGE('',*,*,#6126,.T.);
#8151 = ORIENTED_EDGE('',*,*,#8152,.T.);
#8152 = EDGE_CURVE('',#6127,#8153,#8155,.T.);
#8153 = VERTEX_POINT('',#8154);
#8154 = CARTESIAN_POINT('',(1.11,-1.175,3.E-02));
#8155 = SURFACE_CURVE('',#8156,(#8160,#8167),.PCURVE_S1.);
#8156 = LINE('',#8157,#8158);
#8157 = CARTESIAN_POINT('',(1.11,-1.175,3.E-02));
#8158 = VECTOR('',#8159,1.);
#8159 = DIRECTION('',(-1.,0.,-6.316310941688E-17));
#8160 = PCURVE('',#5872,#8161);
#8161 = DEFINITIONAL_REPRESENTATION('',(#8162),#8166);
#8162 = LINE('',#8163,#8164);
#8163 = CARTESIAN_POINT('',(1.175,-1.11));
#8164 = VECTOR('',#8165,1.);
#8165 = DIRECTION('',(0.,1.));
#8166 = ( GEOMETRIC_REPRESENTATION_CONTEXT(2) 
PARAMETRIC_REPRESENTATION_CONTEXT() REPRESENTATION_CONTEXT('2D SPACE',''
  ) );
#8167 = PCURVE('',#8168,#8173);
#8168 = PLANE('',#8169);
#8169 = AXIS2_PLACEMENT_3D('',#8170,#8171,#8172);
#8170 = CARTESIAN_POINT('',(0.,-1.175,0.));
#8171 = DIRECTION('',(-0.,1.,0.));
#8172 = DIRECTION('',(1.,0.,0.));
#8173 = DEFINITIONAL_REPRESENTATION('',(#8174),#8178);
#8174 = LINE('',#8175,#8176);
#8175 = CARTESIAN_POINT('',(1.11,-3.E-02));
#8176 = VECTOR('',#8177,1.);
#8177 = DIRECTION('',(-1.,6.316310941688E-17));
#8178 = ( GEOMETRIC_REPRESENTATION_CONTEXT(2) 
PARAMETRIC_REPRESENTATION_CONTEXT() REPRESENTATION_CONTEXT('2D SPACE',''
  ) );
#8179 = ORIENTED_EDGE('',*,*,#8180,.T.);
#8180 = EDGE_CURVE('',#8153,#8181,#8183,.T.);
#8181 = VERTEX_POINT('',#8182);
#8182 = CARTESIAN_POINT('',(1.11,-1.575,3.E-02));
#8183 = SURFACE_CURVE('',#8184,(#8188,#8195),.PCURVE_S1.);
#8184 = LINE('',#8185,#8186);
#8185 = CARTESIAN_POINT('',(1.11,0.,3.E-02));
#8186 = VECTOR('',#8187,1.);
#8187 = DIRECTION('',(0.,-1.,0.));
#8188 = PCURVE('',#5872,#8189);
#8189 = DEFINITIONAL_REPRESENTATION('',(#8190),#8194);
#8190 = LINE('',#8191,#8192);
#8191 = CARTESIAN_POINT('',(0.,-1.11));
#8192 = VECTOR('',#8193,1.);
#8193 = DIRECTION('',(1.,0.));
#8194 = ( GEOMETRIC_REPRESENTATION_CONTEXT(2) 
PARAMETRIC_REPRESENTATION_CONTEXT() REPRESENTATION_CONTEXT('2D SPACE',''
  ) );
#8195 = PCURVE('',#8196,#8201);
#8196 = PLANE('',#8197);
#8197 = AXIS2_PLACEMENT_3D('',#8198,#8199,#8200);
#8198 = CARTESIAN_POINT('',(1.11,-1.175,3.E-02));
#8199 = DIRECTION('',(1.,0.,0.));
#8200 = DIRECTION('',(-0.,1.,0.));
#8201 = DEFINITIONAL_REPRESENTATION('',(#8202),#8206);
#8202 = LINE('',#8203,#8204);
#8203 = CARTESIAN_POINT('',(1.175,0.));
#8204 = VECTOR('',#8205,1.);
#8205 = DIRECTION('',(-1.,0.));
#8206 = ( GEOMETRIC_REPRESENTATION_CONTEXT(2) 
PARAMETRIC_REPRESENTATION_CONTEXT() REPRESENTATION_CONTEXT('2D SPACE',''
  ) );
#8207 = ORIENTED_EDGE('',*,*,#8208,.F.);
#8208 = EDGE_CURVE('',#6029,#8181,#8209,.T.);
#8209 = SURFACE_CURVE('',#8210,(#8214,#8221),.PCURVE_S1.);
#8210 = LINE('',#8211,#8212);
#8211 = CARTESIAN_POINT('',(1.11,-1.575,3.E-02));
#8212 = VECTOR('',#8213,1.);
#8213 = DIRECTION('',(-1.,0.,-6.316310941688E-17));
#8214 = PCURVE('',#5872,#8215);
#8215 = DEFINITIONAL_REPRESENTATION('',(#8216),#8220);
#8216 = LINE('',#8217,#8218);
#8217 = CARTESIAN_POINT('',(1.575,-1.11));
#8218 = VECTOR('',#8219,1.);
#8219 = DIRECTION('',(0.,1.));
#8220 = ( GEOMETRIC_REPRESENTATION_CONTEXT(2) 
PARAMETRIC_REPRESENTATION_CONTEXT() REPRESENTATION_CONTEXT('2D SPACE',''
  ) );
#8221 = PCURVE('',#8222,#8227);
#8222 = PLANE('',#8223);
#8223 = AXIS2_PLACEMENT_3D('',#8224,#8225,#8226);
#8224 = CARTESIAN_POINT('',(0.,-1.575,0.));
#8225 = DIRECTION('',(-0.,1.,0.));
#8226 = DIRECTION('',(1.,0.,0.));
#8227 = DEFINITIONAL_REPRESENTATION('',(#8228),#8232);
#8228 = LINE('',#8229,#8230);
#8229 = CARTESIAN_POINT('',(1.11,-3.E-02));
#8230 = VECTOR('',#8231,1.);
#8231 = DIRECTION('',(-1.,6.316310941688E-17));
#8232 = ( GEOMETRIC_REPRESENTATION_CONTEXT(2) 
PARAMETRIC_REPRESENTATION_CONTEXT() REPRESENTATION_CONTEXT('2D SPACE',''
  ) );
#8233 = ORIENTED_EDGE('',*,*,#6079,.T.);
#8234 = ORIENTED_EDGE('',*,*,#5978,.T.);
#8235 = ORIENTED_EDGE('',*,*,#5854,.T.);
#8236 = ORIENTED_EDGE('',*,*,#7411,.T.);
#8237 = ORIENTED_EDGE('',*,*,#7384,.T.);
#8238 = ORIENTED_EDGE('',*,*,#7311,.T.);
#8239 = ORIENTED_EDGE('',*,*,#6238,.T.);
#8240 = ORIENTED_EDGE('',*,*,#6185,.T.);
#8241 = ADVANCED_FACE('',(#8242),#6044,.F.);
#8242 = FACE_BOUND('',#8243,.T.);
#8243 = EDGE_LOOP('',(#8244,#8267,#8295,#8316,#8317));
#8244 = ORIENTED_EDGE('',*,*,#8245,.F.);
#8245 = EDGE_CURVE('',#8246,#6029,#8248,.T.);
#8246 = VERTEX_POINT('',#8247);
#8247 = CARTESIAN_POINT('',(1.539127928665,-1.575,3.E-02));
#8248 = SURFACE_CURVE('',#8249,(#8253,#8260),.PCURVE_S1.);
#8249 = LINE('',#8250,#8251);
#8250 = CARTESIAN_POINT('',(1.11,-1.575,3.E-02));
#8251 = VECTOR('',#8252,1.);
#8252 = DIRECTION('',(-1.,0.,-6.316310941688E-17));
#8253 = PCURVE('',#6044,#8254);
#8254 = DEFINITIONAL_REPRESENTATION('',(#8255),#8259);
#8255 = LINE('',#8256,#8257);
#8256 = CARTESIAN_POINT('',(0.4,0.));
#8257 = VECTOR('',#8258,1.);
#8258 = DIRECTION('',(-0.,1.));
#8259 = ( GEOMETRIC_REPRESENTATION_CONTEXT(2) 
PARAMETRIC_REPRESENTATION_CONTEXT() REPRESENTATION_CONTEXT('2D SPACE',''
  ) );
#8260 = PCURVE('',#8222,#8261);
#8261 = DEFINITIONAL_REPRESENTATION('',(#8262),#8266);
#8262 = LINE('',#8263,#8264);
#8263 = CARTESIAN_POINT('',(1.11,-3.E-02));
#8264 = VECTOR('',#8265,1.);
#8265 = DIRECTION('',(-1.,6.316310941688E-17));
#8266 = ( GEOMETRIC_REPRESENTATION_CONTEXT(2) 
PARAMETRIC_REPRESENTATION_CONTEXT() REPRESENTATION_CONTEXT('2D SPACE',''
  ) );
#8267 = ORIENTED_EDGE('',*,*,#8268,.F.);
#8268 = EDGE_CURVE('',#8269,#8246,#8271,.T.);
#8269 = VERTEX_POINT('',#8270);
#8270 = CARTESIAN_POINT('',(1.539127928665,-1.175,3.E-02));
#8271 = SURFACE_CURVE('',#8272,(#8276,#8283),.PCURVE_S1.);
#8272 = LINE('',#8273,#8274);
#8273 = CARTESIAN_POINT('',(1.539127928665,-1.175,3.E-02));
#8274 = VECTOR('',#8275,1.);
#8275 = DIRECTION('',(0.,-1.,0.));
#8276 = PCURVE('',#6044,#8277);
#8277 = DEFINITIONAL_REPRESENTATION('',(#8278),#8282);
#8278 = LINE('',#8279,#8280);
#8279 = CARTESIAN_POINT('',(0.,-0.429127928665));
#8280 = VECTOR('',#8281,1.);
#8281 = DIRECTION('',(1.,0.));
#8282 = ( GEOMETRIC_REPRESENTATION_CONTEXT(2) 
PARAMETRIC_REPRESENTATION_CONTEXT() REPRESENTATION_CONTEXT('2D SPACE',''
  ) );
#8283 = PCURVE('',#8284,#8289);
#8284 = PLANE('',#8285);
#8285 = AXIS2_PLACEMENT_3D('',#8286,#8287,#8288);
#8286 = CARTESIAN_POINT('',(1.539127928665,-1.175,3.E-02));
#8287 = DIRECTION('',(0.906307787037,0.,-0.422618261741));
#8288 = DIRECTION('',(0.,-1.,0.));
#8289 = DEFINITIONAL_REPRESENTATION('',(#8290),#8294);
#8290 = LINE('',#8291,#8292);
#8291 = CARTESIAN_POINT('',(0.,-0.));
#8292 = VECTOR('',#8293,1.);
#8293 = DIRECTION('',(1.,0.));
#8294 = ( GEOMETRIC_REPRESENTATION_CONTEXT(2) 
PARAMETRIC_REPRESENTATION_CONTEXT() REPRESENTATION_CONTEXT('2D SPACE',''
  ) );
#8295 = ORIENTED_EDGE('',*,*,#8296,.T.);
#8296 = EDGE_CURVE('',#8269,#6127,#8297,.T.);
#8297 = SURFACE_CURVE('',#8298,(#8302,#8309),.PCURVE_S1.);
#8298 = LINE('',#8299,#8300);
#8299 = CARTESIAN_POINT('',(1.11,-1.175,3.E-02));
#8300 = VECTOR('',#8301,1.);
#8301 = DIRECTION('',(-1.,0.,-6.316310941688E-17));
#8302 = PCURVE('',#6044,#8303);
#8303 = DEFINITIONAL_REPRESENTATION('',(#8304),#8308);
#8304 = LINE('',#8305,#8306);
#8305 = CARTESIAN_POINT('',(0.,-0.));
#8306 = VECTOR('',#8307,1.);
#8307 = DIRECTION('',(-0.,1.));
#8308 = ( GEOMETRIC_REPRESENTATION_CONTEXT(2) 
PARAMETRIC_REPRESENTATION_CONTEXT() REPRESENTATION_CONTEXT('2D SPACE',''
  ) );
#8309 = PCURVE('',#8168,#8310);
#8310 = DEFINITIONAL_REPRESENTATION('',(#8311),#8315);
#8311 = LINE('',#8312,#8313);
#8312 = CARTESIAN_POINT('',(1.11,-3.E-02));
#8313 = VECTOR('',#8314,1.);
#8314 = DIRECTION('',(-1.,6.316310941688E-17));
#8315 = ( GEOMETRIC_REPRESENTATION_CONTEXT(2) 
PARAMETRIC_REPRESENTATION_CONTEXT() REPRESENTATION_CONTEXT('2D SPACE',''
  ) );
#8316 = ORIENTED_EDGE('',*,*,#6154,.T.);
#8317 = ORIENTED_EDGE('',*,*,#6026,.T.);
#8318 = ADVANCED_FACE('',(#8319),#6326,.F.);
#8319 = FACE_BOUND('',#8320,.T.);
#8320 = EDGE_LOOP('',(#8321,#8322,#8323,#8324,#8325,#8326,#8327,#8328));
#8321 = ORIENTED_EDGE('',*,*,#6660,.F.);
#8322 = ORIENTED_EDGE('',*,*,#6610,.F.);
#8323 = ORIENTED_EDGE('',*,*,#6561,.F.);
#8324 = ORIENTED_EDGE('',*,*,#6512,.F.);
#8325 = ORIENTED_EDGE('',*,*,#6483,.F.);
#8326 = ORIENTED_EDGE('',*,*,#6413,.F.);
#8327 = ORIENTED_EDGE('',*,*,#6364,.F.);
#8328 = ORIENTED_EDGE('',*,*,#6310,.F.);
#8329 = ADVANCED_FACE('',(#8330),#1144,.F.);
#8330 = FACE_BOUND('',#8331,.T.);
#8331 = EDGE_LOOP('',(#8332,#8333));
#8332 = ORIENTED_EDGE('',*,*,#1129,.F.);
#8333 = ORIENTED_EDGE('',*,*,#6687,.F.);
#8334 = ADVANCED_FACE('',(#8335),#1032,.F.);
#8335 = FACE_BOUND('',#8336,.T.);
#8336 = EDGE_LOOP('',(#8337,#8338));
#8337 = ORIENTED_EDGE('',*,*,#1017,.F.);
#8338 = ORIENTED_EDGE('',*,*,#6715,.F.);
#8339 = ADVANCED_FACE('',(#8340),#920,.F.);
#8340 = FACE_BOUND('',#8341,.T.);
#8341 = EDGE_LOOP('',(#8342,#8343));
#8342 = ORIENTED_EDGE('',*,*,#905,.F.);
#8343 = ORIENTED_EDGE('',*,*,#6743,.F.);
#8344 = ADVANCED_FACE('',(#8345),#808,.F.);
#8345 = FACE_BOUND('',#8346,.T.);
#8346 = EDGE_LOOP('',(#8347,#8348));
#8347 = ORIENTED_EDGE('',*,*,#793,.F.);
#8348 = ORIENTED_EDGE('',*,*,#6771,.F.);
#8349 = ADVANCED_FACE('',(#8350),#696,.F.);
#8350 = FACE_BOUND('',#8351,.T.);
#8351 = EDGE_LOOP('',(#8352,#8353));
#8352 = ORIENTED_EDGE('',*,*,#681,.F.);
#8353 = ORIENTED_EDGE('',*,*,#6799,.F.);
#8354 = ADVANCED_FACE('',(#8355),#584,.F.);
#8355 = FACE_BOUND('',#8356,.T.);
#8356 = EDGE_LOOP('',(#8357,#8358));
#8357 = ORIENTED_EDGE('',*,*,#569,.F.);
#8358 = ORIENTED_EDGE('',*,*,#6827,.F.);
#8359 = ADVANCED_FACE('',(#8360),#472,.F.);
#8360 = FACE_BOUND('',#8361,.T.);
#8361 = EDGE_LOOP('',(#8362,#8363));
#8362 = ORIENTED_EDGE('',*,*,#457,.F.);
#8363 = ORIENTED_EDGE('',*,*,#6855,.F.);
#8364 = ADVANCED_FACE('',(#8365),#360,.F.);
#8365 = FACE_BOUND('',#8366,.T.);
#8366 = EDGE_LOOP('',(#8367,#8368));
#8367 = ORIENTED_EDGE('',*,*,#345,.F.);
#8368 = ORIENTED_EDGE('',*,*,#6883,.F.);
#8369 = ADVANCED_FACE('',(#8370),#6927,.T.);
#8370 = FACE_BOUND('',#8371,.T.);
#8371 = EDGE_LOOP('',(#8372,#8373,#8374,#8375,#8376,#8377,#8378,#8379));
#8372 = ORIENTED_EDGE('',*,*,#7037,.T.);
#8373 = ORIENTED_EDGE('',*,*,#7010,.T.);
#8374 = ORIENTED_EDGE('',*,*,#6909,.T.);
#8375 = ORIENTED_EDGE('',*,*,#7285,.T.);
#8376 = ORIENTED_EDGE('',*,*,#7235,.T.);
#8377 = ORIENTED_EDGE('',*,*,#7208,.T.);
#8378 = ORIENTED_EDGE('',*,*,#7136,.T.);
#8379 = ORIENTED_EDGE('',*,*,#7109,.T.);
#8380 = ADVANCED_FACE('',(#8381),#248,.T.);
#8381 = FACE_BOUND('',#8382,.T.);
#8382 = EDGE_LOOP('',(#8383,#8384));
#8383 = ORIENTED_EDGE('',*,*,#7564,.T.);
#8384 = ORIENTED_EDGE('',*,*,#233,.T.);
#8385 = ADVANCED_FACE('',(#8386),#73,.F.);
#8386 = FACE_BOUND('',#8387,.T.);
#8387 = EDGE_LOOP('',(#8388,#8389,#8390,#8391,#8392,#8393,#8394,#8395,
    #8396));
#8388 = ORIENTED_EDGE('',*,*,#7695,.F.);
#8389 = ORIENTED_EDGE('',*,*,#56,.T.);
#8390 = ORIENTED_EDGE('',*,*,#7661,.T.);
#8391 = ORIENTED_EDGE('',*,*,#7590,.F.);
#8392 = ORIENTED_EDGE('',*,*,#7951,.T.);
#8393 = ORIENTED_EDGE('',*,*,#7901,.F.);
#8394 = ORIENTED_EDGE('',*,*,#7870,.T.);
#8395 = ORIENTED_EDGE('',*,*,#7798,.F.);
#8396 = ORIENTED_EDGE('',*,*,#7767,.T.);
#8397 = ADVANCED_FACE('',(#8398),#7996,.T.);
#8398 = FACE_BOUND('',#8399,.T.);
#8399 = EDGE_LOOP('',(#8400,#8423,#8451,#8479,#8507,#8528,#8529));
#8400 = ORIENTED_EDGE('',*,*,#8401,.T.);
#8401 = EDGE_CURVE('',#7981,#8402,#8404,.T.);
#8402 = VERTEX_POINT('',#8403);
#8403 = CARTESIAN_POINT('',(-1.11,-1.175,0.));
#8404 = SURFACE_CURVE('',#8405,(#8409,#8416),.PCURVE_S1.);
#8405 = LINE('',#8406,#8407);
#8406 = CARTESIAN_POINT('',(-1.11,-1.175,3.E-02));
#8407 = VECTOR('',#8408,1.);
#8408 = DIRECTION('',(0.,0.,-1.));
#8409 = PCURVE('',#7996,#8410);
#8410 = DEFINITIONAL_REPRESENTATION('',(#8411),#8415);
#8411 = LINE('',#8412,#8413);
#8412 = CARTESIAN_POINT('',(-1.11,-3.E-02));
#8413 = VECTOR('',#8414,1.);
#8414 = DIRECTION('',(0.,1.));
#8415 = ( GEOMETRIC_REPRESENTATION_CONTEXT(2) 
PARAMETRIC_REPRESENTATION_CONTEXT() REPRESENTATION_CONTEXT('2D SPACE',''
  ) );
#8416 = PCURVE('',#8059,#8417);
#8417 = DEFINITIONAL_REPRESENTATION('',(#8418),#8422);
#8418 = LINE('',#8419,#8420);
#8419 = CARTESIAN_POINT('',(0.,0.));
#8420 = VECTOR('',#8421,1.);
#8421 = DIRECTION('',(-1.,0.));
#8422 = ( GEOMETRIC_REPRESENTATION_CONTEXT(2) 
PARAMETRIC_REPRESENTATION_CONTEXT() REPRESENTATION_CONTEXT('2D SPACE',''
  ) );
#8423 = ORIENTED_EDGE('',*,*,#8424,.T.);
#8424 = EDGE_CURVE('',#8402,#8425,#8427,.T.);
#8425 = VERTEX_POINT('',#8426);
#8426 = CARTESIAN_POINT('',(-1.55824003649,-1.175,0.));
#8427 = SURFACE_CURVE('',#8428,(#8432,#8439),.PCURVE_S1.);
#8428 = LINE('',#8429,#8430);
#8429 = CARTESIAN_POINT('',(-1.11,-1.175,0.));
#8430 = VECTOR('',#8431,1.);
#8431 = DIRECTION('',(-1.,0.,0.));
#8432 = PCURVE('',#7996,#8433);
#8433 = DEFINITIONAL_REPRESENTATION('',(#8434),#8438);
#8434 = LINE('',#8435,#8436);
#8435 = CARTESIAN_POINT('',(-1.11,0.));
#8436 = VECTOR('',#8437,1.);
#8437 = DIRECTION('',(-1.,0.));
#8438 = ( GEOMETRIC_REPRESENTATION_CONTEXT(2) 
PARAMETRIC_REPRESENTATION_CONTEXT() REPRESENTATION_CONTEXT('2D SPACE',''
  ) );
#8439 = PCURVE('',#8440,#8445);
#8440 = PLANE('',#8441);
#8441 = AXIS2_PLACEMENT_3D('',#8442,#8443,#8444);
#8442 = CARTESIAN_POINT('',(-1.11,-1.175,0.));
#8443 = DIRECTION('',(0.,0.,1.));
#8444 = DIRECTION('',(1.,0.,-0.));
#8445 = DEFINITIONAL_REPRESENTATION('',(#8446),#8450);
#8446 = LINE('',#8447,#8448);
#8447 = CARTESIAN_POINT('',(0.,0.));
#8448 = VECTOR('',#8449,1.);
#8449 = DIRECTION('',(-1.,0.));
#8450 = ( GEOMETRIC_REPRESENTATION_CONTEXT(2) 
PARAMETRIC_REPRESENTATION_CONTEXT() REPRESENTATION_CONTEXT('2D SPACE',''
  ) );
#8451 = ORIENTED_EDGE('',*,*,#8452,.T.);
#8452 = EDGE_CURVE('',#8425,#8453,#8455,.T.);
#8453 = VERTEX_POINT('',#8454);
#8454 = CARTESIAN_POINT('',(-1.652810881961,-1.175,0.202807832592));
#8455 = SURFACE_CURVE('',#8456,(#8460,#8467),.PCURVE_S1.);
#8456 = LINE('',#8457,#8458);
#8457 = CARTESIAN_POINT('',(-1.55824003649,-1.175,0.));
#8458 = VECTOR('',#8459,1.);
#8459 = DIRECTION('',(-0.422618261741,0.,0.906307787037));
#8460 = PCURVE('',#7996,#8461);
#8461 = DEFINITIONAL_REPRESENTATION('',(#8462),#8466);
#8462 = LINE('',#8463,#8464);
#8463 = CARTESIAN_POINT('',(-1.55824003649,0.));
#8464 = VECTOR('',#8465,1.);
#8465 = DIRECTION('',(-0.422618261741,-0.906307787037));
#8466 = ( GEOMETRIC_REPRESENTATION_CONTEXT(2) 
PARAMETRIC_REPRESENTATION_CONTEXT() REPRESENTATION_CONTEXT('2D SPACE',''
  ) );
#8467 = PCURVE('',#8468,#8473);
#8468 = PLANE('',#8469);
#8469 = AXIS2_PLACEMENT_3D('',#8470,#8471,#8472);
#8470 = CARTESIAN_POINT('',(-1.55824003649,-1.175,0.));
#8471 = DIRECTION('',(0.906307787037,0.,0.422618261741));
#8472 = DIRECTION('',(0.,-1.,0.));
#8473 = DEFINITIONAL_REPRESENTATION('',(#8474),#8478);
#8474 = LINE('',#8475,#8476);
#8475 = CARTESIAN_POINT('',(0.,0.));
#8476 = VECTOR('',#8477,1.);
#8477 = DIRECTION('',(0.,-1.));
#8478 = ( GEOMETRIC_REPRESENTATION_CONTEXT(2) 
PARAMETRIC_REPRESENTATION_CONTEXT() REPRESENTATION_CONTEXT('2D SPACE',''
  ) );
#8479 = ORIENTED_EDGE('',*,*,#8480,.T.);
#8480 = EDGE_CURVE('',#8453,#8481,#8483,.T.);
#8481 = VERTEX_POINT('',#8482);
#8482 = CARTESIAN_POINT('',(-1.62562164835,-1.175,0.215486380444));
#8483 = SURFACE_CURVE('',#8484,(#8488,#8495),.PCURVE_S1.);
#8484 = LINE('',#8485,#8486);
#8485 = CARTESIAN_POINT('',(-1.652810881961,-1.175,0.202807832592));
#8486 = VECTOR('',#8487,1.);
#8487 = DIRECTION('',(0.906307787037,0.,0.422618261741));
#8488 = PCURVE('',#7996,#8489);
#8489 = DEFINITIONAL_REPRESENTATION('',(#8490),#8494);
#8490 = LINE('',#8491,#8492);
#8491 = CARTESIAN_POINT('',(-1.652810881961,-0.202807832592));
#8492 = VECTOR('',#8493,1.);
#8493 = DIRECTION('',(0.906307787037,-0.422618261741));
#8494 = ( GEOMETRIC_REPRESENTATION_CONTEXT(2) 
PARAMETRIC_REPRESENTATION_CONTEXT() REPRESENTATION_CONTEXT('2D SPACE',''
  ) );
#8495 = PCURVE('',#8496,#8501);
#8496 = PLANE('',#8497);
#8497 = AXIS2_PLACEMENT_3D('',#8498,#8499,#8500);
#8498 = CARTESIAN_POINT('',(-1.652810881961,-1.175,0.202807832592));
#8499 = DIRECTION('',(0.422618261741,0.,-0.906307787037));
#8500 = DIRECTION('',(0.,-1.,0.));
#8501 = DEFINITIONAL_REPRESENTATION('',(#8502),#8506);
#8502 = LINE('',#8503,#8504);
#8503 = CARTESIAN_POINT('',(0.,-0.));
#8504 = VECTOR('',#8505,1.);
#8505 = DIRECTION('',(0.,-1.));
#8506 = ( GEOMETRIC_REPRESENTATION_CONTEXT(2) 
PARAMETRIC_REPRESENTATION_CONTEXT() REPRESENTATION_CONTEXT('2D SPACE',''
  ) );
#8507 = ORIENTED_EDGE('',*,*,#8508,.T.);
#8508 = EDGE_CURVE('',#8481,#8100,#8509,.T.);
#8509 = SURFACE_CURVE('',#8510,(#8514,#8521),.PCURVE_S1.);
#8510 = LINE('',#8511,#8512);
#8511 = CARTESIAN_POINT('',(-1.539127928665,-1.175,3.E-02));
#8512 = VECTOR('',#8513,1.);
#8513 = DIRECTION('',(0.422618261741,0.,-0.906307787037));
#8514 = PCURVE('',#7996,#8515);
#8515 = DEFINITIONAL_REPRESENTATION('',(#8516),#8520);
#8516 = LINE('',#8517,#8518);
#8517 = CARTESIAN_POINT('',(-1.539127928665,-3.E-02));
#8518 = VECTOR('',#8519,1.);
#8519 = DIRECTION('',(0.422618261741,0.906307787037));
#8520 = ( GEOMETRIC_REPRESENTATION_CONTEXT(2) 
PARAMETRIC_REPRESENTATION_CONTEXT() REPRESENTATION_CONTEXT('2D SPACE',''
  ) );
#8521 = PCURVE('',#8136,#8522);
#8522 = DEFINITIONAL_REPRESENTATION('',(#8523),#8527);
#8523 = LINE('',#8524,#8525);
#8524 = CARTESIAN_POINT('',(0.,0.));
#8525 = VECTOR('',#8526,1.);
#8526 = DIRECTION('',(-1.,0.));
#8527 = ( GEOMETRIC_REPRESENTATION_CONTEXT(2) 
PARAMETRIC_REPRESENTATION_CONTEXT() REPRESENTATION_CONTEXT('2D SPACE',''
  ) );
#8528 = ORIENTED_EDGE('',*,*,#8099,.T.);
#8529 = ORIENTED_EDGE('',*,*,#7980,.T.);
#8530 = ADVANCED_FACE('',(#8531),#8033,.F.);
#8531 = FACE_BOUND('',#8532,.T.);
#8532 = EDGE_LOOP('',(#8533,#8556,#8557,#8558,#8581,#8604,#8627));
#8533 = ORIENTED_EDGE('',*,*,#8534,.F.);
#8534 = EDGE_CURVE('',#8018,#8535,#8537,.T.);
#8535 = VERTEX_POINT('',#8536);
#8536 = CARTESIAN_POINT('',(-1.11,-1.575,0.));
#8537 = SURFACE_CURVE('',#8538,(#8542,#8549),.PCURVE_S1.);
#8538 = LINE('',#8539,#8540);
#8539 = CARTESIAN_POINT('',(-1.11,-1.575,3.E-02));
#8540 = VECTOR('',#8541,1.);
#8541 = DIRECTION('',(0.,0.,-1.));
#8542 = PCURVE('',#8033,#8543);
#8543 = DEFINITIONAL_REPRESENTATION('',(#8544),#8548);
#8544 = LINE('',#8545,#8546);
#8545 = CARTESIAN_POINT('',(-1.11,-3.E-02));
#8546 = VECTOR('',#8547,1.);
#8547 = DIRECTION('',(0.,1.));
#8548 = ( GEOMETRIC_REPRESENTATION_CONTEXT(2) 
PARAMETRIC_REPRESENTATION_CONTEXT() REPRESENTATION_CONTEXT('2D SPACE',''
  ) );
#8549 = PCURVE('',#8059,#8550);
#8550 = DEFINITIONAL_REPRESENTATION('',(#8551),#8555);
#8551 = LINE('',#8552,#8553);
#8552 = CARTESIAN_POINT('',(0.,-0.4));
#8553 = VECTOR('',#8554,1.);
#8554 = DIRECTION('',(-1.,0.));
#8555 = ( GEOMETRIC_REPRESENTATION_CONTEXT(2) 
PARAMETRIC_REPRESENTATION_CONTEXT() REPRESENTATION_CONTEXT('2D SPACE',''
  ) );
#8556 = ORIENTED_EDGE('',*,*,#8017,.F.);
#8557 = ORIENTED_EDGE('',*,*,#8074,.F.);
#8558 = ORIENTED_EDGE('',*,*,#8559,.F.);
#8559 = EDGE_CURVE('',#8560,#8075,#8562,.T.);
#8560 = VERTEX_POINT('',#8561);
#8561 = CARTESIAN_POINT('',(-1.62562164835,-1.575,0.215486380444));
#8562 = SURFACE_CURVE('',#8563,(#8567,#8574),.PCURVE_S1.);
#8563 = LINE('',#8564,#8565);
#8564 = CARTESIAN_POINT('',(-1.539127928665,-1.575,3.E-02));
#8565 = VECTOR('',#8566,1.);
#8566 = DIRECTION('',(0.422618261741,0.,-0.906307787037));
#8567 = PCURVE('',#8033,#8568);
#8568 = DEFINITIONAL_REPRESENTATION('',(#8569),#8573);
#8569 = LINE('',#8570,#8571);
#8570 = CARTESIAN_POINT('',(-1.539127928665,-3.E-02));
#8571 = VECTOR('',#8572,1.);
#8572 = DIRECTION('',(0.422618261741,0.906307787037));
#8573 = ( GEOMETRIC_REPRESENTATION_CONTEXT(2) 
PARAMETRIC_REPRESENTATION_CONTEXT() REPRESENTATION_CONTEXT('2D SPACE',''
  ) );
#8574 = PCURVE('',#8136,#8575);
#8575 = DEFINITIONAL_REPRESENTATION('',(#8576),#8580);
#8576 = LINE('',#8577,#8578);
#8577 = CARTESIAN_POINT('',(0.,-0.4));
#8578 = VECTOR('',#8579,1.);
#8579 = DIRECTION('',(-1.,0.));
#8580 = ( GEOMETRIC_REPRESENTATION_CONTEXT(2) 
PARAMETRIC_REPRESENTATION_CONTEXT() REPRESENTATION_CONTEXT('2D SPACE',''
  ) );
#8581 = ORIENTED_EDGE('',*,*,#8582,.F.);
#8582 = EDGE_CURVE('',#8583,#8560,#8585,.T.);
#8583 = VERTEX_POINT('',#8584);
#8584 = CARTESIAN_POINT('',(-1.652810881961,-1.575,0.202807832592));
#8585 = SURFACE_CURVE('',#8586,(#8590,#8597),.PCURVE_S1.);
#8586 = LINE('',#8587,#8588);
#8587 = CARTESIAN_POINT('',(-1.652810881961,-1.575,0.202807832592));
#8588 = VECTOR('',#8589,1.);
#8589 = DIRECTION('',(0.906307787037,0.,0.422618261741));
#8590 = PCURVE('',#8033,#8591);
#8591 = DEFINITIONAL_REPRESENTATION('',(#8592),#8596);
#8592 = LINE('',#8593,#8594);
#8593 = CARTESIAN_POINT('',(-1.652810881961,-0.202807832592));
#8594 = VECTOR('',#8595,1.);
#8595 = DIRECTION('',(0.906307787037,-0.422618261741));
#8596 = ( GEOMETRIC_REPRESENTATION_CONTEXT(2) 
PARAMETRIC_REPRESENTATION_CONTEXT() REPRESENTATION_CONTEXT('2D SPACE',''
  ) );
#8597 = PCURVE('',#8496,#8598);
#8598 = DEFINITIONAL_REPRESENTATION('',(#8599),#8603);
#8599 = LINE('',#8600,#8601);
#8600 = CARTESIAN_POINT('',(0.4,0.));
#8601 = VECTOR('',#8602,1.);
#8602 = DIRECTION('',(0.,-1.));
#8603 = ( GEOMETRIC_REPRESENTATION_CONTEXT(2) 
PARAMETRIC_REPRESENTATION_CONTEXT() REPRESENTATION_CONTEXT('2D SPACE',''
  ) );
#8604 = ORIENTED_EDGE('',*,*,#8605,.F.);
#8605 = EDGE_CURVE('',#8606,#8583,#8608,.T.);
#8606 = VERTEX_POINT('',#8607);
#8607 = CARTESIAN_POINT('',(-1.55824003649,-1.575,0.));
#8608 = SURFACE_CURVE('',#8609,(#8613,#8620),.PCURVE_S1.);
#8609 = LINE('',#8610,#8611);
#8610 = CARTESIAN_POINT('',(-1.55824003649,-1.575,0.));
#8611 = VECTOR('',#8612,1.);
#8612 = DIRECTION('',(-0.422618261741,0.,0.906307787037));
#8613 = PCURVE('',#8033,#8614);
#8614 = DEFINITIONAL_REPRESENTATION('',(#8615),#8619);
#8615 = LINE('',#8616,#8617);
#8616 = CARTESIAN_POINT('',(-1.55824003649,0.));
#8617 = VECTOR('',#8618,1.);
#8618 = DIRECTION('',(-0.422618261741,-0.906307787037));
#8619 = ( GEOMETRIC_REPRESENTATION_CONTEXT(2) 
PARAMETRIC_REPRESENTATION_CONTEXT() REPRESENTATION_CONTEXT('2D SPACE',''
  ) );
#8620 = PCURVE('',#8468,#8621);
#8621 = DEFINITIONAL_REPRESENTATION('',(#8622),#8626);
#8622 = LINE('',#8623,#8624);
#8623 = CARTESIAN_POINT('',(0.4,0.));
#8624 = VECTOR('',#8625,1.);
#8625 = DIRECTION('',(0.,-1.));
#8626 = ( GEOMETRIC_REPRESENTATION_CONTEXT(2) 
PARAMETRIC_REPRESENTATION_CONTEXT() REPRESENTATION_CONTEXT('2D SPACE',''
  ) );
#8627 = ORIENTED_EDGE('',*,*,#8628,.F.);
#8628 = EDGE_CURVE('',#8535,#8606,#8629,.T.);
#8629 = SURFACE_CURVE('',#8630,(#8634,#8641),.PCURVE_S1.);
#8630 = LINE('',#8631,#8632);
#8631 = CARTESIAN_POINT('',(-1.11,-1.575,0.));
#8632 = VECTOR('',#8633,1.);
#8633 = DIRECTION('',(-1.,0.,0.));
#8634 = PCURVE('',#8033,#8635);
#8635 = DEFINITIONAL_REPRESENTATION('',(#8636),#8640);
#8636 = LINE('',#8637,#8638);
#8637 = CARTESIAN_POINT('',(-1.11,0.));
#8638 = VECTOR('',#8639,1.);
#8639 = DIRECTION('',(-1.,0.));
#8640 = ( GEOMETRIC_REPRESENTATION_CONTEXT(2) 
PARAMETRIC_REPRESENTATION_CONTEXT() REPRESENTATION_CONTEXT('2D SPACE',''
  ) );
#8641 = PCURVE('',#8440,#8642);
#8642 = DEFINITIONAL_REPRESENTATION('',(#8643),#8647);
#8643 = LINE('',#8644,#8645);
#8644 = CARTESIAN_POINT('',(0.,-0.4));
#8645 = VECTOR('',#8646,1.);
#8646 = DIRECTION('',(-1.,0.));
#8647 = ( GEOMETRIC_REPRESENTATION_CONTEXT(2) 
PARAMETRIC_REPRESENTATION_CONTEXT() REPRESENTATION_CONTEXT('2D SPACE',''
  ) );
#8648 = ADVANCED_FACE('',(#8649),#8059,.F.);
#8649 = FACE_BOUND('',#8650,.T.);
#8650 = EDGE_LOOP('',(#8651,#8652,#8673,#8674));
#8651 = ORIENTED_EDGE('',*,*,#8534,.T.);
#8652 = ORIENTED_EDGE('',*,*,#8653,.F.);
#8653 = EDGE_CURVE('',#8402,#8535,#8654,.T.);
#8654 = SURFACE_CURVE('',#8655,(#8659,#8666),.PCURVE_S1.);
#8655 = LINE('',#8656,#8657);
#8656 = CARTESIAN_POINT('',(-1.11,-1.175,0.));
#8657 = VECTOR('',#8658,1.);
#8658 = DIRECTION('',(0.,-1.,0.));
#8659 = PCURVE('',#8059,#8660);
#8660 = DEFINITIONAL_REPRESENTATION('',(#8661),#8665);
#8661 = LINE('',#8662,#8663);
#8662 = CARTESIAN_POINT('',(-3.E-02,0.));
#8663 = VECTOR('',#8664,1.);
#8664 = DIRECTION('',(0.,-1.));
#8665 = ( GEOMETRIC_REPRESENTATION_CONTEXT(2) 
PARAMETRIC_REPRESENTATION_CONTEXT() REPRESENTATION_CONTEXT('2D SPACE',''
  ) );
#8666 = PCURVE('',#8440,#8667);
#8667 = DEFINITIONAL_REPRESENTATION('',(#8668),#8672);
#8668 = LINE('',#8669,#8670);
#8669 = CARTESIAN_POINT('',(0.,0.));
#8670 = VECTOR('',#8671,1.);
#8671 = DIRECTION('',(0.,-1.));
#8672 = ( GEOMETRIC_REPRESENTATION_CONTEXT(2) 
PARAMETRIC_REPRESENTATION_CONTEXT() REPRESENTATION_CONTEXT('2D SPACE',''
  ) );
#8673 = ORIENTED_EDGE('',*,*,#8401,.F.);
#8674 = ORIENTED_EDGE('',*,*,#8045,.T.);
#8675 = ADVANCED_FACE('',(#8676),#8136,.F.);
#8676 = FACE_BOUND('',#8677,.T.);
#8677 = EDGE_LOOP('',(#8678,#8679,#8680,#8681));
#8678 = ORIENTED_EDGE('',*,*,#8559,.T.);
#8679 = ORIENTED_EDGE('',*,*,#8122,.F.);
#8680 = ORIENTED_EDGE('',*,*,#8508,.F.);
#8681 = ORIENTED_EDGE('',*,*,#8682,.T.);
#8682 = EDGE_CURVE('',#8481,#8560,#8683,.T.);
#8683 = SURFACE_CURVE('',#8684,(#8688,#8695),.PCURVE_S1.);
#8684 = LINE('',#8685,#8686);
#8685 = CARTESIAN_POINT('',(-1.62562164835,-1.175,0.215486380444));
#8686 = VECTOR('',#8687,1.);
#8687 = DIRECTION('',(0.,-1.,0.));
#8688 = PCURVE('',#8136,#8689);
#8689 = DEFINITIONAL_REPRESENTATION('',(#8690),#8694);
#8690 = LINE('',#8691,#8692);
#8691 = CARTESIAN_POINT('',(0.20466157645,0.));
#8692 = VECTOR('',#8693,1.);
#8693 = DIRECTION('',(0.,-1.));
#8694 = ( GEOMETRIC_REPRESENTATION_CONTEXT(2) 
PARAMETRIC_REPRESENTATION_CONTEXT() REPRESENTATION_CONTEXT('2D SPACE',''
  ) );
#8695 = PCURVE('',#8496,#8696);
#8696 = DEFINITIONAL_REPRESENTATION('',(#8697),#8701);
#8697 = LINE('',#8698,#8699);
#8698 = CARTESIAN_POINT('',(0.,-3.E-02));
#8699 = VECTOR('',#8700,1.);
#8700 = DIRECTION('',(1.,0.));
#8701 = ( GEOMETRIC_REPRESENTATION_CONTEXT(2) 
PARAMETRIC_REPRESENTATION_CONTEXT() REPRESENTATION_CONTEXT('2D SPACE',''
  ) );
#8702 = ADVANCED_FACE('',(#8703),#8168,.T.);
#8703 = FACE_BOUND('',#8704,.T.);
#8704 = EDGE_LOOP('',(#8705,#8728,#8729,#8730,#8753,#8781,#8809));
#8705 = ORIENTED_EDGE('',*,*,#8706,.F.);
#8706 = EDGE_CURVE('',#8153,#8707,#8709,.T.);
#8707 = VERTEX_POINT('',#8708);
#8708 = CARTESIAN_POINT('',(1.11,-1.175,0.));
#8709 = SURFACE_CURVE('',#8710,(#8714,#8721),.PCURVE_S1.);
#8710 = LINE('',#8711,#8712);
#8711 = CARTESIAN_POINT('',(1.11,-1.175,3.E-02));
#8712 = VECTOR('',#8713,1.);
#8713 = DIRECTION('',(0.,0.,-1.));
#8714 = PCURVE('',#8168,#8715);
#8715 = DEFINITIONAL_REPRESENTATION('',(#8716),#8720);
#8716 = LINE('',#8717,#8718);
#8717 = CARTESIAN_POINT('',(1.11,-3.E-02));
#8718 = VECTOR('',#8719,1.);
#8719 = DIRECTION('',(0.,1.));
#8720 = ( GEOMETRIC_REPRESENTATION_CONTEXT(2) 
PARAMETRIC_REPRESENTATION_CONTEXT() REPRESENTATION_CONTEXT('2D SPACE',''
  ) );
#8721 = PCURVE('',#8196,#8722);
#8722 = DEFINITIONAL_REPRESENTATION('',(#8723),#8727);
#8723 = LINE('',#8724,#8725);
#8724 = CARTESIAN_POINT('',(0.,0.));
#8725 = VECTOR('',#8726,1.);
#8726 = DIRECTION('',(0.,-1.));
#8727 = ( GEOMETRIC_REPRESENTATION_CONTEXT(2) 
PARAMETRIC_REPRESENTATION_CONTEXT() REPRESENTATION_CONTEXT('2D SPACE',''
  ) );
#8728 = ORIENTED_EDGE('',*,*,#8152,.F.);
#8729 = ORIENTED_EDGE('',*,*,#8296,.F.);
#8730 = ORIENTED_EDGE('',*,*,#8731,.F.);
#8731 = EDGE_CURVE('',#8732,#8269,#8734,.T.);
#8732 = VERTEX_POINT('',#8733);
#8733 = CARTESIAN_POINT('',(1.62562164835,-1.175,0.215486380444));
#8734 = SURFACE_CURVE('',#8735,(#8739,#8746),.PCURVE_S1.);
#8735 = LINE('',#8736,#8737);
#8736 = CARTESIAN_POINT('',(1.539127928665,-1.175,3.E-02));
#8737 = VECTOR('',#8738,1.);
#8738 = DIRECTION('',(-0.422618261741,0.,-0.906307787037));
#8739 = PCURVE('',#8168,#8740);
#8740 = DEFINITIONAL_REPRESENTATION('',(#8741),#8745);
#8741 = LINE('',#8742,#8743);
#8742 = CARTESIAN_POINT('',(1.539127928665,-3.E-02));
#8743 = VECTOR('',#8744,1.);
#8744 = DIRECTION('',(-0.422618261741,0.906307787037));
#8745 = ( GEOMETRIC_REPRESENTATION_CONTEXT(2) 
PARAMETRIC_REPRESENTATION_CONTEXT() REPRESENTATION_CONTEXT('2D SPACE',''
  ) );
#8746 = PCURVE('',#8284,#8747);
#8747 = DEFINITIONAL_REPRESENTATION('',(#8748),#8752);
#8748 = LINE('',#8749,#8750);
#8749 = CARTESIAN_POINT('',(0.,-0.));
#8750 = VECTOR('',#8751,1.);
#8751 = DIRECTION('',(-0.,1.));
#8752 = ( GEOMETRIC_REPRESENTATION_CONTEXT(2) 
PARAMETRIC_REPRESENTATION_CONTEXT() REPRESENTATION_CONTEXT('2D SPACE',''
  ) );
#8753 = ORIENTED_EDGE('',*,*,#8754,.F.);
#8754 = EDGE_CURVE('',#8755,#8732,#8757,.T.);
#8755 = VERTEX_POINT('',#8756);
#8756 = CARTESIAN_POINT('',(1.652810881961,-1.175,0.202807832592));
#8757 = SURFACE_CURVE('',#8758,(#8762,#8769),.PCURVE_S1.);
#8758 = LINE('',#8759,#8760);
#8759 = CARTESIAN_POINT('',(1.652810881961,-1.175,0.202807832592));
#8760 = VECTOR('',#8761,1.);
#8761 = DIRECTION('',(-0.906307787037,0.,0.422618261741));
#8762 = PCURVE('',#8168,#8763);
#8763 = DEFINITIONAL_REPRESENTATION('',(#8764),#8768);
#8764 = LINE('',#8765,#8766);
#8765 = CARTESIAN_POINT('',(1.652810881961,-0.202807832592));
#8766 = VECTOR('',#8767,1.);
#8767 = DIRECTION('',(-0.906307787037,-0.422618261741));
#8768 = ( GEOMETRIC_REPRESENTATION_CONTEXT(2) 
PARAMETRIC_REPRESENTATION_CONTEXT() REPRESENTATION_CONTEXT('2D SPACE',''
  ) );
#8769 = PCURVE('',#8770,#8775);
#8770 = PLANE('',#8771);
#8771 = AXIS2_PLACEMENT_3D('',#8772,#8773,#8774);
#8772 = CARTESIAN_POINT('',(1.652810881961,-1.175,0.202807832592));
#8773 = DIRECTION('',(-0.422618261741,0.,-0.906307787037));
#8774 = DIRECTION('',(-0.906307787037,0.,0.422618261741));
#8775 = DEFINITIONAL_REPRESENTATION('',(#8776),#8780);
#8776 = LINE('',#8777,#8778);
#8777 = CARTESIAN_POINT('',(0.,0.));
#8778 = VECTOR('',#8779,1.);
#8779 = DIRECTION('',(1.,0.));
#8780 = ( GEOMETRIC_REPRESENTATION_CONTEXT(2) 
PARAMETRIC_REPRESENTATION_CONTEXT() REPRESENTATION_CONTEXT('2D SPACE',''
  ) );
#8781 = ORIENTED_EDGE('',*,*,#8782,.F.);
#8782 = EDGE_CURVE('',#8783,#8755,#8785,.T.);
#8783 = VERTEX_POINT('',#8784);
#8784 = CARTESIAN_POINT('',(1.55824003649,-1.175,0.));
#8785 = SURFACE_CURVE('',#8786,(#8790,#8797),.PCURVE_S1.);
#8786 = LINE('',#8787,#8788);
#8787 = CARTESIAN_POINT('',(1.55824003649,-1.175,0.));
#8788 = VECTOR('',#8789,1.);
#8789 = DIRECTION('',(0.422618261741,0.,0.906307787037));
#8790 = PCURVE('',#8168,#8791);
#8791 = DEFINITIONAL_REPRESENTATION('',(#8792),#8796);
#8792 = LINE('',#8793,#8794);
#8793 = CARTESIAN_POINT('',(1.55824003649,0.));
#8794 = VECTOR('',#8795,1.);
#8795 = DIRECTION('',(0.422618261741,-0.906307787037));
#8796 = ( GEOMETRIC_REPRESENTATION_CONTEXT(2) 
PARAMETRIC_REPRESENTATION_CONTEXT() REPRESENTATION_CONTEXT('2D SPACE',''
  ) );
#8797 = PCURVE('',#8798,#8803);
#8798 = PLANE('',#8799);
#8799 = AXIS2_PLACEMENT_3D('',#8800,#8801,#8802);
#8800 = CARTESIAN_POINT('',(1.55824003649,-1.175,0.));
#8801 = DIRECTION('',(-0.906307787037,0.,0.422618261741));
#8802 = DIRECTION('',(0.,1.,0.));
#8803 = DEFINITIONAL_REPRESENTATION('',(#8804),#8808);
#8804 = LINE('',#8805,#8806);
#8805 = CARTESIAN_POINT('',(0.,0.));
#8806 = VECTOR('',#8807,1.);
#8807 = DIRECTION('',(0.,-1.));
#8808 = ( GEOMETRIC_REPRESENTATION_CONTEXT(2) 
PARAMETRIC_REPRESENTATION_CONTEXT() REPRESENTATION_CONTEXT('2D SPACE',''
  ) );
#8809 = ORIENTED_EDGE('',*,*,#8810,.F.);
#8810 = EDGE_CURVE('',#8707,#8783,#8811,.T.);
#8811 = SURFACE_CURVE('',#8812,(#8816,#8823),.PCURVE_S1.);
#8812 = LINE('',#8813,#8814);
#8813 = CARTESIAN_POINT('',(1.11,-1.175,0.));
#8814 = VECTOR('',#8815,1.);
#8815 = DIRECTION('',(1.,0.,0.));
#8816 = PCURVE('',#8168,#8817);
#8817 = DEFINITIONAL_REPRESENTATION('',(#8818),#8822);
#8818 = LINE('',#8819,#8820);
#8819 = CARTESIAN_POINT('',(1.11,0.));
#8820 = VECTOR('',#8821,1.);
#8821 = DIRECTION('',(1.,0.));
#8822 = ( GEOMETRIC_REPRESENTATION_CONTEXT(2) 
PARAMETRIC_REPRESENTATION_CONTEXT() REPRESENTATION_CONTEXT('2D SPACE',''
  ) );
#8823 = PCURVE('',#8824,#8829);
#8824 = PLANE('',#8825);
#8825 = AXIS2_PLACEMENT_3D('',#8826,#8827,#8828);
#8826 = CARTESIAN_POINT('',(1.11,-1.175,0.));
#8827 = DIRECTION('',(0.,0.,1.));
#8828 = DIRECTION('',(1.,0.,-0.));
#8829 = DEFINITIONAL_REPRESENTATION('',(#8830),#8834);
#8830 = LINE('',#8831,#8832);
#8831 = CARTESIAN_POINT('',(0.,0.));
#8832 = VECTOR('',#8833,1.);
#8833 = DIRECTION('',(1.,0.));
#8834 = ( GEOMETRIC_REPRESENTATION_CONTEXT(2) 
PARAMETRIC_REPRESENTATION_CONTEXT() REPRESENTATION_CONTEXT('2D SPACE',''
  ) );
#8835 = ADVANCED_FACE('',(#8836),#8196,.F.);
#8836 = FACE_BOUND('',#8837,.T.);
#8837 = EDGE_LOOP('',(#8838,#8861,#8862,#8863));
#8838 = ORIENTED_EDGE('',*,*,#8839,.F.);
#8839 = EDGE_CURVE('',#8181,#8840,#8842,.T.);
#8840 = VERTEX_POINT('',#8841);
#8841 = CARTESIAN_POINT('',(1.11,-1.575,0.));
#8842 = SURFACE_CURVE('',#8843,(#8847,#8854),.PCURVE_S1.);
#8843 = LINE('',#8844,#8845);
#8844 = CARTESIAN_POINT('',(1.11,-1.575,3.E-02));
#8845 = VECTOR('',#8846,1.);
#8846 = DIRECTION('',(0.,0.,-1.));
#8847 = PCURVE('',#8196,#8848);
#8848 = DEFINITIONAL_REPRESENTATION('',(#8849),#8853);
#8849 = LINE('',#8850,#8851);
#8850 = CARTESIAN_POINT('',(-0.4,0.));
#8851 = VECTOR('',#8852,1.);
#8852 = DIRECTION('',(0.,-1.));
#8853 = ( GEOMETRIC_REPRESENTATION_CONTEXT(2) 
PARAMETRIC_REPRESENTATION_CONTEXT() REPRESENTATION_CONTEXT('2D SPACE',''
  ) );
#8854 = PCURVE('',#8222,#8855);
#8855 = DEFINITIONAL_REPRESENTATION('',(#8856),#8860);
#8856 = LINE('',#8857,#8858);
#8857 = CARTESIAN_POINT('',(1.11,-3.E-02));
#8858 = VECTOR('',#8859,1.);
#8859 = DIRECTION('',(0.,1.));
#8860 = ( GEOMETRIC_REPRESENTATION_CONTEXT(2) 
PARAMETRIC_REPRESENTATION_CONTEXT() REPRESENTATION_CONTEXT('2D SPACE',''
  ) );
#8861 = ORIENTED_EDGE('',*,*,#8180,.F.);
#8862 = ORIENTED_EDGE('',*,*,#8706,.T.);
#8863 = ORIENTED_EDGE('',*,*,#8864,.T.);
#8864 = EDGE_CURVE('',#8707,#8840,#8865,.T.);
#8865 = SURFACE_CURVE('',#8866,(#8870,#8877),.PCURVE_S1.);
#8866 = LINE('',#8867,#8868);
#8867 = CARTESIAN_POINT('',(1.11,-1.175,0.));
#8868 = VECTOR('',#8869,1.);
#8869 = DIRECTION('',(0.,-1.,0.));
#8870 = PCURVE('',#8196,#8871);
#8871 = DEFINITIONAL_REPRESENTATION('',(#8872),#8876);
#8872 = LINE('',#8873,#8874);
#8873 = CARTESIAN_POINT('',(0.,-3.E-02));
#8874 = VECTOR('',#8875,1.);
#8875 = DIRECTION('',(-1.,0.));
#8876 = ( GEOMETRIC_REPRESENTATION_CONTEXT(2) 
PARAMETRIC_REPRESENTATION_CONTEXT() REPRESENTATION_CONTEXT('2D SPACE',''
  ) );
#8877 = PCURVE('',#8824,#8878);
#8878 = DEFINITIONAL_REPRESENTATION('',(#8879),#8883);
#8879 = LINE('',#8880,#8881);
#8880 = CARTESIAN_POINT('',(0.,0.));
#8881 = VECTOR('',#8882,1.);
#8882 = DIRECTION('',(0.,-1.));
#8883 = ( GEOMETRIC_REPRESENTATION_CONTEXT(2) 
PARAMETRIC_REPRESENTATION_CONTEXT() REPRESENTATION_CONTEXT('2D SPACE',''
  ) );
#8884 = ADVANCED_FACE('',(#8885),#8222,.F.);
#8885 = FACE_BOUND('',#8886,.T.);
#8886 = EDGE_LOOP('',(#8887,#8888,#8911,#8934,#8957,#8978,#8979));
#8887 = ORIENTED_EDGE('',*,*,#8839,.T.);
#8888 = ORIENTED_EDGE('',*,*,#8889,.T.);
#8889 = EDGE_CURVE('',#8840,#8890,#8892,.T.);
#8890 = VERTEX_POINT('',#8891);
#8891 = CARTESIAN_POINT('',(1.55824003649,-1.575,0.));
#8892 = SURFACE_CURVE('',#8893,(#8897,#8904),.PCURVE_S1.);
#8893 = LINE('',#8894,#8895);
#8894 = CARTESIAN_POINT('',(1.11,-1.575,0.));
#8895 = VECTOR('',#8896,1.);
#8896 = DIRECTION('',(1.,0.,0.));
#8897 = PCURVE('',#8222,#8898);
#8898 = DEFINITIONAL_REPRESENTATION('',(#8899),#8903);
#8899 = LINE('',#8900,#8901);
#8900 = CARTESIAN_POINT('',(1.11,0.));
#8901 = VECTOR('',#8902,1.);
#8902 = DIRECTION('',(1.,0.));
#8903 = ( GEOMETRIC_REPRESENTATION_CONTEXT(2) 
PARAMETRIC_REPRESENTATION_CONTEXT() REPRESENTATION_CONTEXT('2D SPACE',''
  ) );
#8904 = PCURVE('',#8824,#8905);
#8905 = DEFINITIONAL_REPRESENTATION('',(#8906),#8910);
#8906 = LINE('',#8907,#8908);
#8907 = CARTESIAN_POINT('',(0.,-0.4));
#8908 = VECTOR('',#8909,1.);
#8909 = DIRECTION('',(1.,0.));
#8910 = ( GEOMETRIC_REPRESENTATION_CONTEXT(2) 
PARAMETRIC_REPRESENTATION_CONTEXT() REPRESENTATION_CONTEXT('2D SPACE',''
  ) );
#8911 = ORIENTED_EDGE('',*,*,#8912,.T.);
#8912 = EDGE_CURVE('',#8890,#8913,#8915,.T.);
#8913 = VERTEX_POINT('',#8914);
#8914 = CARTESIAN_POINT('',(1.652810881961,-1.575,0.202807832592));
#8915 = SURFACE_CURVE('',#8916,(#8920,#8927),.PCURVE_S1.);
#8916 = LINE('',#8917,#8918);
#8917 = CARTESIAN_POINT('',(1.55824003649,-1.575,0.));
#8918 = VECTOR('',#8919,1.);
#8919 = DIRECTION('',(0.422618261741,0.,0.906307787037));
#8920 = PCURVE('',#8222,#8921);
#8921 = DEFINITIONAL_REPRESENTATION('',(#8922),#8926);
#8922 = LINE('',#8923,#8924);
#8923 = CARTESIAN_POINT('',(1.55824003649,0.));
#8924 = VECTOR('',#8925,1.);
#8925 = DIRECTION('',(0.422618261741,-0.906307787037));
#8926 = ( GEOMETRIC_REPRESENTATION_CONTEXT(2) 
PARAMETRIC_REPRESENTATION_CONTEXT() REPRESENTATION_CONTEXT('2D SPACE',''
  ) );
#8927 = PCURVE('',#8798,#8928);
#8928 = DEFINITIONAL_REPRESENTATION('',(#8929),#8933);
#8929 = LINE('',#8930,#8931);
#8930 = CARTESIAN_POINT('',(-0.4,-0.));
#8931 = VECTOR('',#8932,1.);
#8932 = DIRECTION('',(0.,-1.));
#8933 = ( GEOMETRIC_REPRESENTATION_CONTEXT(2) 
PARAMETRIC_REPRESENTATION_CONTEXT() REPRESENTATION_CONTEXT('2D SPACE',''
  ) );
#8934 = ORIENTED_EDGE('',*,*,#8935,.T.);
#8935 = EDGE_CURVE('',#8913,#8936,#8938,.T.);
#8936 = VERTEX_POINT('',#8937);
#8937 = CARTESIAN_POINT('',(1.62562164835,-1.575,0.215486380444));
#8938 = SURFACE_CURVE('',#8939,(#8943,#8950),.PCURVE_S1.);
#8939 = LINE('',#8940,#8941);
#8940 = CARTESIAN_POINT('',(1.652810881961,-1.575,0.202807832592));
#8941 = VECTOR('',#8942,1.);
#8942 = DIRECTION('',(-0.906307787037,0.,0.422618261741));
#8943 = PCURVE('',#8222,#8944);
#8944 = DEFINITIONAL_REPRESENTATION('',(#8945),#8949);
#8945 = LINE('',#8946,#8947);
#8946 = CARTESIAN_POINT('',(1.652810881961,-0.202807832592));
#8947 = VECTOR('',#8948,1.);
#8948 = DIRECTION('',(-0.906307787037,-0.422618261741));
#8949 = ( GEOMETRIC_REPRESENTATION_CONTEXT(2) 
PARAMETRIC_REPRESENTATION_CONTEXT() REPRESENTATION_CONTEXT('2D SPACE',''
  ) );
#8950 = PCURVE('',#8770,#8951);
#8951 = DEFINITIONAL_REPRESENTATION('',(#8952),#8956);
#8952 = LINE('',#8953,#8954);
#8953 = CARTESIAN_POINT('',(0.,-0.4));
#8954 = VECTOR('',#8955,1.);
#8955 = DIRECTION('',(1.,0.));
#8956 = ( GEOMETRIC_REPRESENTATION_CONTEXT(2) 
PARAMETRIC_REPRESENTATION_CONTEXT() REPRESENTATION_CONTEXT('2D SPACE',''
  ) );
#8957 = ORIENTED_EDGE('',*,*,#8958,.T.);
#8958 = EDGE_CURVE('',#8936,#8246,#8959,.T.);
#8959 = SURFACE_CURVE('',#8960,(#8964,#8971),.PCURVE_S1.);
#8960 = LINE('',#8961,#8962);
#8961 = CARTESIAN_POINT('',(1.539127928665,-1.575,3.E-02));
#8962 = VECTOR('',#8963,1.);
#8963 = DIRECTION('',(-0.422618261741,0.,-0.906307787037));
#8964 = PCURVE('',#8222,#8965);
#8965 = DEFINITIONAL_REPRESENTATION('',(#8966),#8970);
#8966 = LINE('',#8967,#8968);
#8967 = CARTESIAN_POINT('',(1.539127928665,-3.E-02));
#8968 = VECTOR('',#8969,1.);
#8969 = DIRECTION('',(-0.422618261741,0.906307787037));
#8970 = ( GEOMETRIC_REPRESENTATION_CONTEXT(2) 
PARAMETRIC_REPRESENTATION_CONTEXT() REPRESENTATION_CONTEXT('2D SPACE',''
  ) );
#8971 = PCURVE('',#8284,#8972);
#8972 = DEFINITIONAL_REPRESENTATION('',(#8973),#8977);
#8973 = LINE('',#8974,#8975);
#8974 = CARTESIAN_POINT('',(0.4,0.));
#8975 = VECTOR('',#8976,1.);
#8976 = DIRECTION('',(-0.,1.));
#8977 = ( GEOMETRIC_REPRESENTATION_CONTEXT(2) 
PARAMETRIC_REPRESENTATION_CONTEXT() REPRESENTATION_CONTEXT('2D SPACE',''
  ) );
#8978 = ORIENTED_EDGE('',*,*,#8245,.T.);
#8979 = ORIENTED_EDGE('',*,*,#8208,.T.);
#8980 = ADVANCED_FACE('',(#8981),#8284,.F.);
#8981 = FACE_BOUND('',#8982,.T.);
#8982 = EDGE_LOOP('',(#8983,#8984,#9005,#9006));
#8983 = ORIENTED_EDGE('',*,*,#8958,.F.);
#8984 = ORIENTED_EDGE('',*,*,#8985,.F.);
#8985 = EDGE_CURVE('',#8732,#8936,#8986,.T.);
#8986 = SURFACE_CURVE('',#8987,(#8991,#8998),.PCURVE_S1.);
#8987 = LINE('',#8988,#8989);
#8988 = CARTESIAN_POINT('',(1.62562164835,-1.175,0.215486380444));
#8989 = VECTOR('',#8990,1.);
#8990 = DIRECTION('',(0.,-1.,0.));
#8991 = PCURVE('',#8284,#8992);
#8992 = DEFINITIONAL_REPRESENTATION('',(#8993),#8997);
#8993 = LINE('',#8994,#8995);
#8994 = CARTESIAN_POINT('',(0.,-0.20466157645));
#8995 = VECTOR('',#8996,1.);
#8996 = DIRECTION('',(1.,0.));
#8997 = ( GEOMETRIC_REPRESENTATION_CONTEXT(2) 
PARAMETRIC_REPRESENTATION_CONTEXT() REPRESENTATION_CONTEXT('2D SPACE',''
  ) );
#8998 = PCURVE('',#8770,#8999);
#8999 = DEFINITIONAL_REPRESENTATION('',(#9000),#9004);
#9000 = LINE('',#9001,#9002);
#9001 = CARTESIAN_POINT('',(3.E-02,0.));
#9002 = VECTOR('',#9003,1.);
#9003 = DIRECTION('',(0.,-1.));
#9004 = ( GEOMETRIC_REPRESENTATION_CONTEXT(2) 
PARAMETRIC_REPRESENTATION_CONTEXT() REPRESENTATION_CONTEXT('2D SPACE',''
  ) );
#9005 = ORIENTED_EDGE('',*,*,#8731,.T.);
#9006 = ORIENTED_EDGE('',*,*,#8268,.T.);
#9007 = ADVANCED_FACE('',(#9008),#8440,.F.);
#9008 = FACE_BOUND('',#9009,.T.);
#9009 = EDGE_LOOP('',(#9010,#9011,#9032,#9033));
#9010 = ORIENTED_EDGE('',*,*,#8628,.T.);
#9011 = ORIENTED_EDGE('',*,*,#9012,.F.);
#9012 = EDGE_CURVE('',#8425,#8606,#9013,.T.);
#9013 = SURFACE_CURVE('',#9014,(#9018,#9025),.PCURVE_S1.);
#9014 = LINE('',#9015,#9016);
#9015 = CARTESIAN_POINT('',(-1.55824003649,-1.175,0.));
#9016 = VECTOR('',#9017,1.);
#9017 = DIRECTION('',(0.,-1.,0.));
#9018 = PCURVE('',#8440,#9019);
#9019 = DEFINITIONAL_REPRESENTATION('',(#9020),#9024);
#9020 = LINE('',#9021,#9022);
#9021 = CARTESIAN_POINT('',(-0.44824003649,0.));
#9022 = VECTOR('',#9023,1.);
#9023 = DIRECTION('',(0.,-1.));
#9024 = ( GEOMETRIC_REPRESENTATION_CONTEXT(2) 
PARAMETRIC_REPRESENTATION_CONTEXT() REPRESENTATION_CONTEXT('2D SPACE',''
  ) );
#9025 = PCURVE('',#8468,#9026);
#9026 = DEFINITIONAL_REPRESENTATION('',(#9027),#9031);
#9027 = LINE('',#9028,#9029);
#9028 = CARTESIAN_POINT('',(0.,0.));
#9029 = VECTOR('',#9030,1.);
#9030 = DIRECTION('',(1.,0.));
#9031 = ( GEOMETRIC_REPRESENTATION_CONTEXT(2) 
PARAMETRIC_REPRESENTATION_CONTEXT() REPRESENTATION_CONTEXT('2D SPACE',''
  ) );
#9032 = ORIENTED_EDGE('',*,*,#8424,.F.);
#9033 = ORIENTED_EDGE('',*,*,#8653,.T.);
#9034 = ADVANCED_FACE('',(#9035),#8468,.F.);
#9035 = FACE_BOUND('',#9036,.T.);
#9036 = EDGE_LOOP('',(#9037,#9038,#9059,#9060));
#9037 = ORIENTED_EDGE('',*,*,#8605,.T.);
#9038 = ORIENTED_EDGE('',*,*,#9039,.F.);
#9039 = EDGE_CURVE('',#8453,#8583,#9040,.T.);
#9040 = SURFACE_CURVE('',#9041,(#9045,#9052),.PCURVE_S1.);
#9041 = LINE('',#9042,#9043);
#9042 = CARTESIAN_POINT('',(-1.652810881961,-1.175,0.202807832592));
#9043 = VECTOR('',#9044,1.);
#9044 = DIRECTION('',(0.,-1.,0.));
#9045 = PCURVE('',#8468,#9046);
#9046 = DEFINITIONAL_REPRESENTATION('',(#9047),#9051);
#9047 = LINE('',#9048,#9049);
#9048 = CARTESIAN_POINT('',(0.,-0.223773684275));
#9049 = VECTOR('',#9050,1.);
#9050 = DIRECTION('',(1.,0.));
#9051 = ( GEOMETRIC_REPRESENTATION_CONTEXT(2) 
PARAMETRIC_REPRESENTATION_CONTEXT() REPRESENTATION_CONTEXT('2D SPACE',''
  ) );
#9052 = PCURVE('',#8496,#9053);
#9053 = DEFINITIONAL_REPRESENTATION('',(#9054),#9058);
#9054 = LINE('',#9055,#9056);
#9055 = CARTESIAN_POINT('',(0.,-0.));
#9056 = VECTOR('',#9057,1.);
#9057 = DIRECTION('',(1.,0.));
#9058 = ( GEOMETRIC_REPRESENTATION_CONTEXT(2) 
PARAMETRIC_REPRESENTATION_CONTEXT() REPRESENTATION_CONTEXT('2D SPACE',''
  ) );
#9059 = ORIENTED_EDGE('',*,*,#8452,.F.);
#9060 = ORIENTED_EDGE('',*,*,#9012,.T.);
#9061 = ADVANCED_FACE('',(#9062),#8496,.F.);
#9062 = FACE_BOUND('',#9063,.T.);
#9063 = EDGE_LOOP('',(#9064,#9065,#9066,#9067));
#9064 = ORIENTED_EDGE('',*,*,#8582,.T.);
#9065 = ORIENTED_EDGE('',*,*,#8682,.F.);
#9066 = ORIENTED_EDGE('',*,*,#8480,.F.);
#9067 = ORIENTED_EDGE('',*,*,#9039,.T.);
#9068 = ADVANCED_FACE('',(#9069),#8770,.F.);
#9069 = FACE_BOUND('',#9070,.T.);
#9070 = EDGE_LOOP('',(#9071,#9072,#9093,#9094));
#9071 = ORIENTED_EDGE('',*,*,#8935,.F.);
#9072 = ORIENTED_EDGE('',*,*,#9073,.F.);
#9073 = EDGE_CURVE('',#8755,#8913,#9074,.T.);
#9074 = SURFACE_CURVE('',#9075,(#9079,#9086),.PCURVE_S1.);
#9075 = LINE('',#9076,#9077);
#9076 = CARTESIAN_POINT('',(1.652810881961,-1.175,0.202807832592));
#9077 = VECTOR('',#9078,1.);
#9078 = DIRECTION('',(0.,-1.,0.));
#9079 = PCURVE('',#8770,#9080);
#9080 = DEFINITIONAL_REPRESENTATION('',(#9081),#9085);
#9081 = LINE('',#9082,#9083);
#9082 = CARTESIAN_POINT('',(0.,0.));
#9083 = VECTOR('',#9084,1.);
#9084 = DIRECTION('',(0.,-1.));
#9085 = ( GEOMETRIC_REPRESENTATION_CONTEXT(2) 
PARAMETRIC_REPRESENTATION_CONTEXT() REPRESENTATION_CONTEXT('2D SPACE',''
  ) );
#9086 = PCURVE('',#8798,#9087);
#9087 = DEFINITIONAL_REPRESENTATION('',(#9088),#9092);
#9088 = LINE('',#9089,#9090);
#9089 = CARTESIAN_POINT('',(0.,-0.223773684275));
#9090 = VECTOR('',#9091,1.);
#9091 = DIRECTION('',(-1.,-0.));
#9092 = ( GEOMETRIC_REPRESENTATION_CONTEXT(2) 
PARAMETRIC_REPRESENTATION_CONTEXT() REPRESENTATION_CONTEXT('2D SPACE',''
  ) );
#9093 = ORIENTED_EDGE('',*,*,#8754,.T.);
#9094 = ORIENTED_EDGE('',*,*,#8985,.T.);
#9095 = ADVANCED_FACE('',(#9096),#8798,.F.);
#9096 = FACE_BOUND('',#9097,.T.);
#9097 = EDGE_LOOP('',(#9098,#9099,#9120,#9121));
#9098 = ORIENTED_EDGE('',*,*,#8912,.F.);
#9099 = ORIENTED_EDGE('',*,*,#9100,.F.);
#9100 = EDGE_CURVE('',#8783,#8890,#9101,.T.);
#9101 = SURFACE_CURVE('',#9102,(#9106,#9113),.PCURVE_S1.);
#9102 = LINE('',#9103,#9104);
#9103 = CARTESIAN_POINT('',(1.55824003649,-1.175,0.));
#9104 = VECTOR('',#9105,1.);
#9105 = DIRECTION('',(0.,-1.,0.));
#9106 = PCURVE('',#8798,#9107);
#9107 = DEFINITIONAL_REPRESENTATION('',(#9108),#9112);
#9108 = LINE('',#9109,#9110);
#9109 = CARTESIAN_POINT('',(0.,0.));
#9110 = VECTOR('',#9111,1.);
#9111 = DIRECTION('',(-1.,-0.));
#9112 = ( GEOMETRIC_REPRESENTATION_CONTEXT(2) 
PARAMETRIC_REPRESENTATION_CONTEXT() REPRESENTATION_CONTEXT('2D SPACE',''
  ) );
#9113 = PCURVE('',#8824,#9114);
#9114 = DEFINITIONAL_REPRESENTATION('',(#9115),#9119);
#9115 = LINE('',#9116,#9117);
#9116 = CARTESIAN_POINT('',(0.44824003649,0.));
#9117 = VECTOR('',#9118,1.);
#9118 = DIRECTION('',(0.,-1.));
#9119 = ( GEOMETRIC_REPRESENTATION_CONTEXT(2) 
PARAMETRIC_REPRESENTATION_CONTEXT() REPRESENTATION_CONTEXT('2D SPACE',''
  ) );
#9120 = ORIENTED_EDGE('',*,*,#8782,.T.);
#9121 = ORIENTED_EDGE('',*,*,#9073,.T.);
#9122 = ADVANCED_FACE('',(#9123),#8824,.F.);
#9123 = FACE_BOUND('',#9124,.T.);
#9124 = EDGE_LOOP('',(#9125,#9126,#9127,#9128));
#9125 = ORIENTED_EDGE('',*,*,#8889,.F.);
#9126 = ORIENTED_EDGE('',*,*,#8864,.F.);
#9127 = ORIENTED_EDGE('',*,*,#8810,.T.);
#9128 = ORIENTED_EDGE('',*,*,#9100,.T.);
#9129 = ( GEOMETRIC_REPRESENTATION_CONTEXT(3) 
GLOBAL_UNCERTAINTY_ASSIGNED_CONTEXT((#9133)) 
GLOBAL_UNIT_ASSIGNED_CONTEXT((#9130,#9131,#9132)) REPRESENTATION_CONTEXT
('Context #1','3D Context with UNIT and UNCERTAINTY') );
#9130 = ( LENGTH_UNIT() NAMED_UNIT(*) SI_UNIT(.MILLI.,.METRE.) );
#9131 = ( NAMED_UNIT(*) PLANE_ANGLE_UNIT() SI_UNIT($,.RADIAN.) );
#9132 = ( NAMED_UNIT(*) SI_UNIT($,.STERADIAN.) SOLID_ANGLE_UNIT() );
#9133 = UNCERTAINTY_MEASURE_WITH_UNIT(LENGTH_MEASURE(1.E-07),#9130,
  'distance_accuracy_value','confusion accuracy');
#9134 = PRODUCT_RELATED_PRODUCT_CATEGORY('part',$,(#7));
#9135 = SHAPE_DEFINITION_REPRESENTATION(#9136,#9142);
#9136 = PRODUCT_DEFINITION_SHAPE('','',#9137);
#9137 = PRODUCT_DEFINITION('design','',#9138,#9141);
#9138 = PRODUCT_DEFINITION_FORMATION('','',#9139);
#9139 = PRODUCT('COMPOUND','COMPOUND','',(#9140));
#9140 = PRODUCT_CONTEXT('',#2,'mechanical');
#9141 = PRODUCT_DEFINITION_CONTEXT('part definition',#2,'design');
#9142 = ADVANCED_BREP_SHAPE_REPRESENTATION('',(#11,#9143),#11341);
#9143 = BREP_WITH_VOIDS('',#9144,(#10961));
#9144 = CLOSED_SHELL('',(#9145,#9592,#9892,#9969,#10018,#10068,#10197,
    #10274,#10323,#10373,#10400,#10427,#10434,#10691,#10895,#10902,
    #10951,#10956));
#9145 = ADVANCED_FACE('',(#9146),#9160,.T.);
#9146 = FACE_BOUND('',#9147,.T.);
#9147 = EDGE_LOOP('',(#9148,#9195,#9220,#9275,#9309,#9352,#9377,#9437,
    #9462,#9505,#9539));
#9148 = ORIENTED_EDGE('',*,*,#9149,.F.);
#9149 = EDGE_CURVE('',#9150,#9152,#9154,.T.);
#9150 = VERTEX_POINT('',#9151);
#9151 = CARTESIAN_POINT('',(1.180778693908E-16,0.,0.35));
#9152 = VERTEX_POINT('',#9153);
#9153 = CARTESIAN_POINT('',(0.917420901168,0.,0.2811));
#9154 = SURFACE_CURVE('',#9155,(#9159,#9177),.PCURVE_S1.);
#9155 = ( BOUNDED_CURVE() B_SPLINE_CURVE(2,(#9156,#9157,#9158),
.UNSPECIFIED.,.F.,.F.) B_SPLINE_CURVE_WITH_KNOTS((3,3),(0.,
0.199337304982),.PIECEWISE_BEZIER_KNOTS.) CURVE() 
GEOMETRIC_REPRESENTATION_ITEM() RATIONAL_B_SPLINE_CURVE((1.,
0.99503719021,1.)) REPRESENTATION_ITEM('') );
#9156 = CARTESIAN_POINT('',(0.,0.,0.35));
#9157 = CARTESIAN_POINT('',(0.68175,0.,0.35));
#9158 = CARTESIAN_POINT('',(1.35,0.,0.2));
#9159 = PCURVE('',#9160,#9170);
#9160 = ( BOUNDED_SURFACE() B_SPLINE_SURFACE(2,2,(
    (#9161,#9162,#9163)
    ,(#9164,#9165,#9166)
    ,(#9167,#9168,#9169
)),.UNSPECIFIED.,.F.,.F.,.F.) B_SPLINE_SURFACE_WITH_KNOTS((3,3),(3,3),(
    1.371453751906,1.770138901684),(-2.425043166628E-17,0.20002520709),
.PIECEWISE_BEZIER_KNOTS.) GEOMETRIC_REPRESENTATION_ITEM() 
RATIONAL_B_SPLINE_SURFACE((
    (1.,0.995002906944,1.)
    ,(0.980196976243,0.975298840739,0.980196976243)
,(1.,0.995002906944,1.))) REPRESENTATION_ITEM('') SURFACE() );
#9161 = CARTESIAN_POINT('',(1.35003521613,1.653273178849E-16,
    0.199992095037));
#9162 = CARTESIAN_POINT('',(1.35003521613,-0.684118416727,0.199992095037
    ));
#9163 = CARTESIAN_POINT('',(1.323117633009,-1.354596586053,
    5.19494073327E-02));
#9164 = CARTESIAN_POINT('',(-1.11848704188E-15,1.653273178849E-16,
    0.50303853062));
#9165 = CARTESIAN_POINT('',(-1.11848704188E-15,-0.684118416727,
    0.50303853062));
#9166 = CARTESIAN_POINT('',(-1.096186165903E-15,-1.354596586053,
    0.348953572668));
#9167 = CARTESIAN_POINT('',(-1.35003521613,1.653273178849E-16,
    0.199992095037));
#9168 = CARTESIAN_POINT('',(-1.35003521613,-0.684118416727,
    0.199992095037));
#9169 = CARTESIAN_POINT('',(-1.323117633009,-1.354596586053,
    5.19494073327E-02));
#9170 = DEFINITIONAL_REPRESENTATION('',(#9171),#9176);
#9171 = B_SPLINE_CURVE_WITH_KNOTS('',3,(#9172,#9173,#9174,#9175),
  .UNSPECIFIED.,.F.,.F.,(4,4),(0.,0.199337304982),
  .PIECEWISE_BEZIER_KNOTS.);
#9172 = CARTESIAN_POINT('',(1.570796326795,0.));
#9173 = CARTESIAN_POINT('',(1.504680326146,-6.195546594677E-23));
#9174 = CARTESIAN_POINT('',(1.438236214187,-6.448737825148E-23));
#9175 = CARTESIAN_POINT('',(1.371459056876,-1.179464477228E-30));
#9176 = ( GEOMETRIC_REPRESENTATION_CONTEXT(2) 
PARAMETRIC_REPRESENTATION_CONTEXT() REPRESENTATION_CONTEXT('2D SPACE',''
  ) );
#9177 = PCURVE('',#9178,#9188);
#9178 = ( BOUNDED_SURFACE() B_SPLINE_SURFACE(2,2,(
    (#9179,#9180,#9181)
    ,(#9182,#9183,#9184)
    ,(#9185,#9186,#9187
)),.UNSPECIFIED.,.F.,.F.,.F.) B_SPLINE_SURFACE_WITH_KNOTS((3,3),(3,3),(
    1.371453751906,1.770138901684),(-0.20002520709,2.775557561563E-17),
.PIECEWISE_BEZIER_KNOTS.) GEOMETRIC_REPRESENTATION_ITEM() 
RATIONAL_B_SPLINE_SURFACE((
    (1.,0.995002906944,1.)
    ,(0.980196976243,0.975298840739,0.980196976243)
,(1.,0.995002906944,1.))) REPRESENTATION_ITEM('') SURFACE() );
#9179 = CARTESIAN_POINT('',(1.323117633009,1.354596586053,
    5.19494073327E-02));
#9180 = CARTESIAN_POINT('',(1.35003521613,0.684118416727,0.199992095037)
  );
#9181 = CARTESIAN_POINT('',(1.35003521613,-1.892236367596E-16,
    0.199992095037));
#9182 = CARTESIAN_POINT('',(4.173938099846E-16,1.354596586053,
    0.348953572668));
#9183 = CARTESIAN_POINT('',(4.258852942595E-16,0.684118416727,
    0.50303853062));
#9184 = CARTESIAN_POINT('',(4.258852942595E-16,-1.892236367596E-16,
    0.50303853062));
#9185 = CARTESIAN_POINT('',(-1.323117633009,1.354596586053,
    5.19494073327E-02));
#9186 = CARTESIAN_POINT('',(-1.35003521613,0.684118416727,0.199992095037
    ));
#9187 = CARTESIAN_POINT('',(-1.35003521613,-1.892236367596E-16,
    0.199992095037));
#9188 = DEFINITIONAL_REPRESENTATION('',(#9189),#9194);
#9189 = B_SPLINE_CURVE_WITH_KNOTS('',3,(#9190,#9191,#9192,#9193),
  .UNSPECIFIED.,.F.,.F.,(4,4),(0.,0.199337304982),
  .PIECEWISE_BEZIER_KNOTS.);
#9190 = CARTESIAN_POINT('',(1.570796326795,0.));
#9191 = CARTESIAN_POINT('',(1.504680326146,-9.461988975335E-23));
#9192 = CARTESIAN_POINT('',(1.438236214187,7.712271852751E-20));
#9193 = CARTESIAN_POINT('',(1.371459056876,2.293765309173E-19));
#9194 = ( GEOMETRIC_REPRESENTATION_CONTEXT(2) 
PARAMETRIC_REPRESENTATION_CONTEXT() REPRESENTATION_CONTEXT('2D SPACE',''
  ) );
#9195 = ORIENTED_EDGE('',*,*,#9196,.T.);
#9196 = EDGE_CURVE('',#9150,#9197,#9199,.T.);
#9197 = VERTEX_POINT('',#9198);
#9198 = CARTESIAN_POINT('',(-0.917420901168,-1.123516570086E-16,0.2811)
  );
#9199 = SURFACE_CURVE('',#9200,(#9204,#9212),.PCURVE_S1.);
#9200 = ( BOUNDED_CURVE() B_SPLINE_CURVE(2,(#9201,#9202,#9203),
.UNSPECIFIED.,.F.,.F.) B_SPLINE_CURVE_WITH_KNOTS((3,3),(1.570796326795,
1.770133631777),.PIECEWISE_BEZIER_KNOTS.) CURVE() 
GEOMETRIC_REPRESENTATION_ITEM() RATIONAL_B_SPLINE_CURVE((1.,
0.99503719021,1.)) REPRESENTATION_ITEM('') );
#9201 = CARTESIAN_POINT('',(4.174514776594E-16,8.778575470301E-32,0.35)
  );
#9202 = CARTESIAN_POINT('',(-0.68175,-8.349029553187E-17,0.35));
#9203 = CARTESIAN_POINT('',(-1.35,-1.653273178849E-16,0.2));
#9204 = PCURVE('',#9160,#9205);
#9205 = DEFINITIONAL_REPRESENTATION('',(#9206),#9211);
#9206 = B_SPLINE_CURVE_WITH_KNOTS('',3,(#9207,#9208,#9209,#9210),
  .UNSPECIFIED.,.F.,.F.,(4,4),(1.570796326795,1.770133631777),
  .PIECEWISE_BEZIER_KNOTS.);
#9207 = CARTESIAN_POINT('',(1.570796326795,-2.465190328816E-32));
#9208 = CARTESIAN_POINT('',(1.636912327444,1.674418207932E-17));
#9209 = CARTESIAN_POINT('',(1.703356439402,5.420187529764E-18));
#9210 = CARTESIAN_POINT('',(1.770133596714,2.833085348223E-17));
#9211 = ( GEOMETRIC_REPRESENTATION_CONTEXT(2) 
PARAMETRIC_REPRESENTATION_CONTEXT() REPRESENTATION_CONTEXT('2D SPACE',''
  ) );
#9212 = PCURVE('',#9178,#9213);
#9213 = DEFINITIONAL_REPRESENTATION('',(#9214),#9219);
#9214 = B_SPLINE_CURVE_WITH_KNOTS('',3,(#9215,#9216,#9217,#9218),
  .UNSPECIFIED.,.F.,.F.,(4,4),(1.570796326795,1.770133631777),
  .PIECEWISE_BEZIER_KNOTS.);
#9215 = CARTESIAN_POINT('',(1.570796326795,-1.482768814646E-17));
#9216 = CARTESIAN_POINT('',(1.636912327444,2.778990842131E-17));
#9217 = CARTESIAN_POINT('',(1.703356439402,-3.404393363109E-18));
#9218 = CARTESIAN_POINT('',(1.770133596714,2.844554174769E-17));
#9219 = ( GEOMETRIC_REPRESENTATION_CONTEXT(2) 
PARAMETRIC_REPRESENTATION_CONTEXT() REPRESENTATION_CONTEXT('2D SPACE',''
  ) );
#9220 = ORIENTED_EDGE('',*,*,#9221,.F.);
#9221 = EDGE_CURVE('',#9222,#9197,#9224,.T.);
#9222 = VERTEX_POINT('',#9223);
#9223 = CARTESIAN_POINT('',(-0.69401809047,-0.6,0.2811));
#9224 = SURFACE_CURVE('',#9225,(#9238,#9254),.PCURVE_S1.);
#9225 = B_SPLINE_CURVE_WITH_KNOTS('',6,(#9226,#9227,#9228,#9229,#9230,
    #9231,#9232,#9233,#9234,#9235,#9236,#9237),.UNSPECIFIED.,.F.,.F.,(7,
    5,7),(0.,0.617049435534,1.),.UNSPECIFIED.);
#9226 = CARTESIAN_POINT('',(-0.69401809047,-0.6,0.2811));
#9227 = CARTESIAN_POINT('',(-0.738004518786,-0.549121038357,0.2811));
#9228 = CARTESIAN_POINT('',(-0.777519550563,-0.49436716382,0.2811));
#9229 = CARTESIAN_POINT('',(-0.812126735376,-0.436239811538,0.2811));
#9230 = CARTESIAN_POINT('',(-0.841482082758,-0.375291236955,0.2811));
#9231 = CARTESIAN_POINT('',(-0.865315032307,-0.312113135051,0.2811));
#9232 = CARTESIAN_POINT('',(-0.894702256081,-0.207150456613,0.2811));
#9233 = CARTESIAN_POINT('',(-0.903761588443,-0.166340065547,0.2811));
#9234 = CARTESIAN_POINT('',(-0.910584212854,-0.125065879194,0.2811));
#9235 = CARTESIAN_POINT('',(-0.915142004708,-8.348088726993E-02,0.2811)
  );
#9236 = CARTESIAN_POINT('',(-0.917420901168,-4.173999037503E-02,0.2811)
  );
#9237 = CARTESIAN_POINT('',(-0.917420901168,1.110223024625E-16,0.2811));
#9238 = PCURVE('',#9160,#9239);
#9239 = DEFINITIONAL_REPRESENTATION('',(#9240),#9253);
#9240 = B_SPLINE_CURVE_WITH_KNOTS('',6,(#9241,#9242,#9243,#9244,#9245,
    #9246,#9247,#9248,#9249,#9250,#9251,#9252),.UNSPECIFIED.,.F.,.F.,(7,
    5,7),(0.,0.617049435534,1.),.UNSPECIFIED.);
#9241 = CARTESIAN_POINT('',(1.672921084793,8.81325838158E-02));
#9242 = CARTESIAN_POINT('',(1.679359798711,8.064649975994E-02));
#9243 = CARTESIAN_POINT('',(1.685136314252,7.259582592509E-02));
#9244 = CARTESIAN_POINT('',(1.690188959492,6.405477461862E-02));
#9245 = CARTESIAN_POINT('',(1.694470365663,5.510400502075E-02));
#9246 = CARTESIAN_POINT('',(1.697943789496,4.582868903705E-02));
#9247 = CARTESIAN_POINT('',(1.702224668064,3.041968657257E-02));
#9248 = CARTESIAN_POINT('',(1.703543714196,2.442873348419E-02));
#9249 = CARTESIAN_POINT('',(1.704536769275,1.836930570211E-02));
#9250 = CARTESIAN_POINT('',(1.705200056181,1.226325568109E-02));
#9251 = CARTESIAN_POINT('',(1.705531692993,6.132696127648E-03));
#9252 = CARTESIAN_POINT('',(1.705531692993,-2.425043166628E-17));
#9253 = ( GEOMETRIC_REPRESENTATION_CONTEXT(2) 
PARAMETRIC_REPRESENTATION_CONTEXT() REPRESENTATION_CONTEXT('2D SPACE',''
  ) );
#9254 = PCURVE('',#9255,#9260);
#9255 = PLANE('',#9256);
#9256 = AXIS2_PLACEMENT_3D('',#9257,#9258,#9259);
#9257 = CARTESIAN_POINT('',(-1.6,-0.6,0.2811));
#9258 = DIRECTION('',(0.,0.,1.));
#9259 = DIRECTION('',(1.,0.,-0.));
#9260 = DEFINITIONAL_REPRESENTATION('',(#9261),#9274);
#9261 = B_SPLINE_CURVE_WITH_KNOTS('',6,(#9262,#9263,#9264,#9265,#9266,
    #9267,#9268,#9269,#9270,#9271,#9272,#9273),.UNSPECIFIED.,.F.,.F.,(7,
    5,7),(0.,0.617049435534,1.),.UNSPECIFIED.);
#9262 = CARTESIAN_POINT('',(0.90598190953,0.));
#9263 = CARTESIAN_POINT('',(0.861995481214,5.087896164346E-02));
#9264 = CARTESIAN_POINT('',(0.822480449437,0.10563283618));
#9265 = CARTESIAN_POINT('',(0.787873264624,0.163760188462));
#9266 = CARTESIAN_POINT('',(0.758517917242,0.224708763045));
#9267 = CARTESIAN_POINT('',(0.734684967693,0.287886864949));
#9268 = CARTESIAN_POINT('',(0.705297743919,0.392849543387));
#9269 = CARTESIAN_POINT('',(0.696238411557,0.433659934453));
#9270 = CARTESIAN_POINT('',(0.689415787146,0.474934120806));
#9271 = CARTESIAN_POINT('',(0.684857995292,0.51651911273));
#9272 = CARTESIAN_POINT('',(0.682579098832,0.558260009625));
#9273 = CARTESIAN_POINT('',(0.682579098832,0.6));
#9274 = ( GEOMETRIC_REPRESENTATION_CONTEXT(2) 
PARAMETRIC_REPRESENTATION_CONTEXT() REPRESENTATION_CONTEXT('2D SPACE',''
  ) );
#9275 = ORIENTED_EDGE('',*,*,#9276,.F.);
#9276 = EDGE_CURVE('',#9277,#9222,#9279,.T.);
#9277 = VERTEX_POINT('',#9278);
#9278 = CARTESIAN_POINT('',(-0.784424503633,-0.6,0.2701));
#9279 = SURFACE_CURVE('',#9280,(#9286,#9295),.PCURVE_S1.);
#9280 = B_SPLINE_CURVE_WITH_KNOTS('',4,(#9281,#9282,#9283,#9284,#9285),
  .UNSPECIFIED.,.F.,.F.,(5,5),(0.,1.),.PIECEWISE_BEZIER_KNOTS.);
#9281 = CARTESIAN_POINT('',(-0.784424503633,-0.6,0.2701));
#9282 = CARTESIAN_POINT('',(-0.761843810742,-0.6,0.273017601444));
#9283 = CARTESIAN_POINT('',(-0.739248627292,-0.6,0.275823578208));
#9284 = CARTESIAN_POINT('',(-0.716639777989,-0.6,0.278517761065));
#9285 = CARTESIAN_POINT('',(-0.69401809047,-0.6,0.2811));
#9286 = PCURVE('',#9160,#9287);
#9287 = DEFINITIONAL_REPRESENTATION('',(#9288),#9294);
#9288 = B_SPLINE_CURVE_WITH_KNOTS('',4,(#9289,#9290,#9291,#9292,#9293),
  .UNSPECIFIED.,.F.,.F.,(5,5),(0.,1.),.PIECEWISE_BEZIER_KNOTS.);
#9289 = CARTESIAN_POINT('',(1.686308806119,8.81325838158E-02));
#9290 = CARTESIAN_POINT('',(1.682961220053,8.81325838158E-02));
#9291 = CARTESIAN_POINT('',(1.679614089061,8.81325838158E-02));
#9292 = CARTESIAN_POINT('',(1.676267386288,8.81325838158E-02));
#9293 = CARTESIAN_POINT('',(1.672921084793,8.81325838158E-02));
#9294 = ( GEOMETRIC_REPRESENTATION_CONTEXT(2) 
PARAMETRIC_REPRESENTATION_CONTEXT() REPRESENTATION_CONTEXT('2D SPACE',''
  ) );
#9295 = PCURVE('',#9296,#9301);
#9296 = PLANE('',#9297);
#9297 = AXIS2_PLACEMENT_3D('',#9298,#9299,#9300);
#9298 = CARTESIAN_POINT('',(-1.6,-0.6,0.2701));
#9299 = DIRECTION('',(-0.,1.,0.));
#9300 = DIRECTION('',(0.,0.,1.));
#9301 = DEFINITIONAL_REPRESENTATION('',(#9302),#9308);
#9302 = B_SPLINE_CURVE_WITH_KNOTS('',4,(#9303,#9304,#9305,#9306,#9307),
  .UNSPECIFIED.,.F.,.F.,(5,5),(0.,1.),.PIECEWISE_BEZIER_KNOTS.);
#9303 = CARTESIAN_POINT('',(0.,0.815575496367));
#9304 = CARTESIAN_POINT('',(2.917601444074E-03,0.838156189258));
#9305 = CARTESIAN_POINT('',(5.723578207849E-03,0.860751372708));
#9306 = CARTESIAN_POINT('',(8.417761064606E-03,0.883360222011));
#9307 = CARTESIAN_POINT('',(1.1E-02,0.90598190953));
#9308 = ( GEOMETRIC_REPRESENTATION_CONTEXT(2) 
PARAMETRIC_REPRESENTATION_CONTEXT() REPRESENTATION_CONTEXT('2D SPACE',''
  ) );
#9309 = ORIENTED_EDGE('',*,*,#9310,.T.);
#9310 = EDGE_CURVE('',#9277,#9311,#9313,.T.);
#9311 = VERTEX_POINT('',#9312);
#9312 = CARTESIAN_POINT('',(-0.987583820189,-1.209441364285E-16,0.2701)
  );
#9313 = SURFACE_CURVE('',#9314,(#9323,#9335),.PCURVE_S1.);
#9314 = B_SPLINE_CURVE_WITH_KNOTS('',4,(#9315,#9316,#9317,#9318,#9319,
    #9320,#9321,#9322),.UNSPECIFIED.,.F.,.F.,(5,3,5),(0.,0.60168584633,
    1.),.UNSPECIFIED.);
#9315 = CARTESIAN_POINT('',(-0.784424503633,-0.6,0.2701));
#9316 = CARTESIAN_POINT('',(-0.843355216753,-0.522955516421,0.2701));
#9317 = CARTESIAN_POINT('',(-0.892202572313,-0.438183936194,0.2701));
#9318 = CARTESIAN_POINT('',(-0.929426254196,-0.34770330035,0.2701));
#9319 = CARTESIAN_POINT('',(-0.970883636765,-0.191911804412,0.2701));
#9320 = CARTESIAN_POINT('',(-0.98201711353,-0.128425373098,0.2701));
#9321 = CARTESIAN_POINT('',(-0.987583820189,-6.421164465563E-02,0.2701)
  );
#9322 = CARTESIAN_POINT('',(-0.987583820189,1.110223024625E-16,0.2701));
#9323 = PCURVE('',#9160,#9324);
#9324 = DEFINITIONAL_REPRESENTATION('',(#9325),#9334);
#9325 = B_SPLINE_CURVE_WITH_KNOTS('',4,(#9326,#9327,#9328,#9329,#9330,
    #9331,#9332,#9333),.UNSPECIFIED.,.F.,.F.,(5,3,5),(0.,0.60168584633,
    1.),.UNSPECIFIED.);
#9326 = CARTESIAN_POINT('',(1.686308793041,8.813258389422E-02));
#9327 = CARTESIAN_POINT('',(1.694928702763,7.679663163643E-02));
#9328 = CARTESIAN_POINT('',(1.702056139098,6.43379628732E-02));
#9329 = CARTESIAN_POINT('',(1.707478307365,5.105355983311E-02));
#9330 = CARTESIAN_POINT('',(1.713513340108,2.818253918828E-02));
#9331 = CARTESIAN_POINT('',(1.715132411457,1.886308004573E-02));
#9332 = CARTESIAN_POINT('',(1.715941911269,9.434369797197E-03));
#9333 = CARTESIAN_POINT('',(1.715941911269,-2.425043166628E-17));
#9334 = ( GEOMETRIC_REPRESENTATION_CONTEXT(2) 
PARAMETRIC_REPRESENTATION_CONTEXT() REPRESENTATION_CONTEXT('2D SPACE',''
  ) );
#9335 = PCURVE('',#9336,#9341);
#9336 = PLANE('',#9337);
#9337 = AXIS2_PLACEMENT_3D('',#9338,#9339,#9340);
#9338 = CARTESIAN_POINT('',(-1.6,-0.6,0.2701));
#9339 = DIRECTION('',(0.,0.,1.));
#9340 = DIRECTION('',(1.,0.,-0.));
#9341 = DEFINITIONAL_REPRESENTATION('',(#9342),#9351);
#9342 = B_SPLINE_CURVE_WITH_KNOTS('',4,(#9343,#9344,#9345,#9346,#9347,
    #9348,#9349,#9350),.UNSPECIFIED.,.F.,.F.,(5,3,5),(0.,0.60168584633,
    1.),.UNSPECIFIED.);
#9343 = CARTESIAN_POINT('',(0.815575496367,0.));
#9344 = CARTESIAN_POINT('',(0.756644783247,7.704448357902E-02));
#9345 = CARTESIAN_POINT('',(0.707797427687,0.161816063806));
#9346 = CARTESIAN_POINT('',(0.670573745804,0.25229669965));
#9347 = CARTESIAN_POINT('',(0.629116363235,0.408088195588));
#9348 = CARTESIAN_POINT('',(0.61798288647,0.471574626902));
#9349 = CARTESIAN_POINT('',(0.612416179811,0.535788355344));
#9350 = CARTESIAN_POINT('',(0.612416179811,0.6));
#9351 = ( GEOMETRIC_REPRESENTATION_CONTEXT(2) 
PARAMETRIC_REPRESENTATION_CONTEXT() REPRESENTATION_CONTEXT('2D SPACE',''
  ) );
#9352 = ORIENTED_EDGE('',*,*,#9353,.T.);
#9353 = EDGE_CURVE('',#9311,#9354,#9356,.T.);
#9354 = VERTEX_POINT('',#9355);
#9355 = CARTESIAN_POINT('',(-1.35,-1.653273178849E-16,0.2));
#9356 = SURFACE_CURVE('',#9357,(#9361,#9369),.PCURVE_S1.);
#9357 = ( BOUNDED_CURVE() B_SPLINE_CURVE(2,(#9358,#9359,#9360),
.UNSPECIFIED.,.F.,.F.) B_SPLINE_CURVE_WITH_KNOTS((3,3),(1.570796326795,
1.770133631777),.PIECEWISE_BEZIER_KNOTS.) CURVE() 
GEOMETRIC_REPRESENTATION_ITEM() RATIONAL_B_SPLINE_CURVE((1.,
0.99503719021,1.)) REPRESENTATION_ITEM('') );
#9358 = CARTESIAN_POINT('',(4.174514776594E-16,8.778575470301E-32,0.35)
  );
#9359 = CARTESIAN_POINT('',(-0.68175,-8.349029553187E-17,0.35));
#9360 = CARTESIAN_POINT('',(-1.35,-1.653273178849E-16,0.2));
#9361 = PCURVE('',#9160,#9362);
#9362 = DEFINITIONAL_REPRESENTATION('',(#9363),#9368);
#9363 = B_SPLINE_CURVE_WITH_KNOTS('',3,(#9364,#9365,#9366,#9367),
  .UNSPECIFIED.,.F.,.F.,(4,4),(1.570796326795,1.770133631777),
  .PIECEWISE_BEZIER_KNOTS.);
#9364 = CARTESIAN_POINT('',(1.570796326795,-2.465190328816E-32));
#9365 = CARTESIAN_POINT('',(1.636912327444,1.674418207932E-17));
#9366 = CARTESIAN_POINT('',(1.703356439402,5.420187529764E-18));
#9367 = CARTESIAN_POINT('',(1.770133596714,2.833085348223E-17));
#9368 = ( GEOMETRIC_REPRESENTATION_CONTEXT(2) 
PARAMETRIC_REPRESENTATION_CONTEXT() REPRESENTATION_CONTEXT('2D SPACE',''
  ) );
#9369 = PCURVE('',#9178,#9370);
#9370 = DEFINITIONAL_REPRESENTATION('',(#9371),#9376);
#9371 = B_SPLINE_CURVE_WITH_KNOTS('',3,(#9372,#9373,#9374,#9375),
  .UNSPECIFIED.,.F.,.F.,(4,4),(1.570796326795,1.770133631777),
  .PIECEWISE_BEZIER_KNOTS.);
#9372 = CARTESIAN_POINT('',(1.570796326795,-1.482768814646E-17));
#9373 = CARTESIAN_POINT('',(1.636912327444,2.778990842131E-17));
#9374 = CARTESIAN_POINT('',(1.703356439402,-3.404393363109E-18));
#9375 = CARTESIAN_POINT('',(1.770133596714,2.844554174769E-17));
#9376 = ( GEOMETRIC_REPRESENTATION_CONTEXT(2) 
PARAMETRIC_REPRESENTATION_CONTEXT() REPRESENTATION_CONTEXT('2D SPACE',''
  ) );
#9377 = ORIENTED_EDGE('',*,*,#9378,.F.);
#9378 = EDGE_CURVE('',#9379,#9354,#9381,.T.);
#9379 = VERTEX_POINT('',#9380);
#9380 = CARTESIAN_POINT('',(1.35,0.,0.2));
#9381 = SURFACE_CURVE('',#9382,(#9388,#9423),.PCURVE_S1.);
#9382 = ( BOUNDED_CURVE() B_SPLINE_CURVE(2,(#9383,#9384,#9385,#9386,
#9387),.UNSPECIFIED.,.F.,.F.) B_SPLINE_CURVE_WITH_KNOTS((3,2,3),(
    3.14159265359,4.712388980385,6.28318530718),
.PIECEWISE_BEZIER_KNOTS.) CURVE() GEOMETRIC_REPRESENTATION_ITEM() 
RATIONAL_B_SPLINE_CURVE((1.,0.707106781187,1.,0.707106781187,1.)) 
REPRESENTATION_ITEM('') );
#9383 = CARTESIAN_POINT('',(1.35,1.653273178849E-16,0.2));
#9384 = CARTESIAN_POINT('',(1.35,-1.35,0.2));
#9385 = CARTESIAN_POINT('',(2.519431036692E-16,-1.35,0.2));
#9386 = CARTESIAN_POINT('',(-1.35,-1.35,0.2));
#9387 = CARTESIAN_POINT('',(-1.35,-3.306546357698E-16,0.2));
#9388 = PCURVE('',#9160,#9389);
#9389 = DEFINITIONAL_REPRESENTATION('',(#9390),#9422);
#9390 = B_SPLINE_CURVE_WITH_KNOTS('',8,(#9391,#9392,#9393,#9394,#9395,
    #9396,#9397,#9398,#9399,#9400,#9401,#9402,#9403,#9404,#9405,#9406,
    #9407,#9408,#9409,#9410,#9411,#9412,#9413,#9414,#9415,#9416,#9417,
    #9418,#9419,#9420,#9421),.UNSPECIFIED.,.F.,.F.,(9,7,8,7,9),(
    3.14159265359,3.926990816987,4.712388980385,5.497787143782,
    6.28318530718),.UNSPECIFIED.);
#9391 = CARTESIAN_POINT('',(1.371459056876,-3.590626841852E-17));
#9392 = CARTESIAN_POINT('',(1.371459044998,1.7531792689E-02));
#9393 = CARTESIAN_POINT('',(1.373203664146,3.578009598639E-02));
#9394 = CARTESIAN_POINT('',(1.376948146774,5.449309204938E-02));
#9395 = CARTESIAN_POINT('',(1.382910958346,7.332796558171E-02));
#9396 = CARTESIAN_POINT('',(1.391225114973,9.183004413467E-02));
#9397 = CARTESIAN_POINT('',(1.401865871985,0.109486762203));
#9398 = CARTESIAN_POINT('',(1.414617122543,0.125816775338));
#9399 = CARTESIAN_POINT('',(1.443660532712,0.155092271244));
#9400 = CARTESIAN_POINT('',(1.459952539153,0.168037191589));
#9401 = CARTESIAN_POINT('',(1.477673159476,0.178922058643));
#9402 = CARTESIAN_POINT('',(1.49635467722,0.187486807852));
#9403 = CARTESIAN_POINT('',(1.515447548445,0.193651191103));
#9404 = CARTESIAN_POINT('',(1.534457495192,0.197529542702));
#9405 = CARTESIAN_POINT('',(1.552999269982,0.199336159742));
#9406 = CARTESIAN_POINT('',(1.570796326795,0.199336168684));
#9407 = CARTESIAN_POINT('',(1.58859338359,0.199336159738));
#9408 = CARTESIAN_POINT('',(1.607135158571,0.197529542735));
#9409 = CARTESIAN_POINT('',(1.626145105096,0.193651191049));
#9410 = CARTESIAN_POINT('',(1.645237976118,0.187486807908));
#9411 = CARTESIAN_POINT('',(1.663919493963,0.178922058585));
#9412 = CARTESIAN_POINT('',(1.681640114639,0.168037191622));
#9413 = CARTESIAN_POINT('',(1.697932120866,0.15509227124));
#9414 = CARTESIAN_POINT('',(1.726975531046,0.125816775338));
#9415 = CARTESIAN_POINT('',(1.739726781606,0.109486762204));
#9416 = CARTESIAN_POINT('',(1.750367538616,9.1830044134E-02));
#9417 = CARTESIAN_POINT('',(1.758681695249,7.332796558171E-02));
#9418 = CARTESIAN_POINT('',(1.764644506819,5.449309205038E-02));
#9419 = CARTESIAN_POINT('',(1.768388989435,3.57800959862E-02));
#9420 = CARTESIAN_POINT('',(1.770133608597,1.753179268909E-02));
#9421 = CARTESIAN_POINT('',(1.770133596714,4.843469081315E-17));
#9422 = ( GEOMETRIC_REPRESENTATION_CONTEXT(2) 
PARAMETRIC_REPRESENTATION_CONTEXT() REPRESENTATION_CONTEXT('2D SPACE',''
  ) );
#9423 = PCURVE('',#9424,#9429);
#9424 = B_SPLINE_SURFACE_WITH_KNOTS('',1,1,(
    (#9425,#9426)
    ,(#9427,#9428
    )),.UNSPECIFIED.,.F.,.F.,.F.,(2,2),(2,2),(0.,3.),(-1.5,1.5),
  .PIECEWISE_BEZIER_KNOTS.);
#9425 = CARTESIAN_POINT('',(-1.35,-1.35,0.2));
#9426 = CARTESIAN_POINT('',(-1.35,1.35,0.2));
#9427 = CARTESIAN_POINT('',(1.35,-1.35,0.2));
#9428 = CARTESIAN_POINT('',(1.35,1.35,0.2));
#9429 = DEFINITIONAL_REPRESENTATION('',(#9430),#9436);
#9430 = ( BOUNDED_CURVE() B_SPLINE_CURVE(2,(#9431,#9432,#9433,#9434,
#9435),.UNSPECIFIED.,.F.,.F.) B_SPLINE_CURVE_WITH_KNOTS((3,2,3),(
    3.14159265359,4.712388980385,6.28318530718),
.PIECEWISE_BEZIER_KNOTS.) CURVE() GEOMETRIC_REPRESENTATION_ITEM() 
RATIONAL_B_SPLINE_CURVE((1.,0.707106781187,1.,0.707106781187,1.)) 
REPRESENTATION_ITEM('') );
#9431 = CARTESIAN_POINT('',(3.,1.836970198721E-16));
#9432 = CARTESIAN_POINT('',(3.,-1.5));
#9433 = CARTESIAN_POINT('',(1.5,-1.5));
#9434 = CARTESIAN_POINT('',(4.440892098501E-16,-1.5));
#9435 = CARTESIAN_POINT('',(0.,-3.673940397442E-16));
#9436 = ( GEOMETRIC_REPRESENTATION_CONTEXT(2) 
PARAMETRIC_REPRESENTATION_CONTEXT() REPRESENTATION_CONTEXT('2D SPACE',''
  ) );
#9437 = ORIENTED_EDGE('',*,*,#9438,.F.);
#9438 = EDGE_CURVE('',#9439,#9379,#9441,.T.);
#9439 = VERTEX_POINT('',#9440);
#9440 = CARTESIAN_POINT('',(0.987583820189,0.,0.2701));
#9441 = SURFACE_CURVE('',#9442,(#9446,#9454),.PCURVE_S1.);
#9442 = ( BOUNDED_CURVE() B_SPLINE_CURVE(2,(#9443,#9444,#9445),
.UNSPECIFIED.,.F.,.F.) B_SPLINE_CURVE_WITH_KNOTS((3,3),(0.,
0.199337304982),.PIECEWISE_BEZIER_KNOTS.) CURVE() 
GEOMETRIC_REPRESENTATION_ITEM() RATIONAL_B_SPLINE_CURVE((1.,
0.99503719021,1.)) REPRESENTATION_ITEM('') );
#9443 = CARTESIAN_POINT('',(0.,0.,0.35));
#9444 = CARTESIAN_POINT('',(0.68175,0.,0.35));
#9445 = CARTESIAN_POINT('',(1.35,0.,0.2));
#9446 = PCURVE('',#9160,#9447);
#9447 = DEFINITIONAL_REPRESENTATION('',(#9448),#9453);
#9448 = B_SPLINE_CURVE_WITH_KNOTS('',3,(#9449,#9450,#9451,#9452),
  .UNSPECIFIED.,.F.,.F.,(4,4),(0.,0.199337304982),
  .PIECEWISE_BEZIER_KNOTS.);
#9449 = CARTESIAN_POINT('',(1.570796326795,0.));
#9450 = CARTESIAN_POINT('',(1.504680326146,-6.195546594677E-23));
#9451 = CARTESIAN_POINT('',(1.438236214187,-6.448737825148E-23));
#9452 = CARTESIAN_POINT('',(1.371459056876,-1.179464477228E-30));
#9453 = ( GEOMETRIC_REPRESENTATION_CONTEXT(2) 
PARAMETRIC_REPRESENTATION_CONTEXT() REPRESENTATION_CONTEXT('2D SPACE',''
  ) );
#9454 = PCURVE('',#9178,#9455);
#9455 = DEFINITIONAL_REPRESENTATION('',(#9456),#9461);
#9456 = B_SPLINE_CURVE_WITH_KNOTS('',3,(#9457,#9458,#9459,#9460),
  .UNSPECIFIED.,.F.,.F.,(4,4),(0.,0.199337304982),
  .PIECEWISE_BEZIER_KNOTS.);
#9457 = CARTESIAN_POINT('',(1.570796326795,0.));
#9458 = CARTESIAN_POINT('',(1.504680326146,-9.461988975335E-23));
#9459 = CARTESIAN_POINT('',(1.438236214187,7.712271852751E-20));
#9460 = CARTESIAN_POINT('',(1.371459056876,2.293765309173E-19));
#9461 = ( GEOMETRIC_REPRESENTATION_CONTEXT(2) 
PARAMETRIC_REPRESENTATION_CONTEXT() REPRESENTATION_CONTEXT('2D SPACE',''
  ) );
#9462 = ORIENTED_EDGE('',*,*,#9463,.T.);
#9463 = EDGE_CURVE('',#9439,#9464,#9466,.T.);
#9464 = VERTEX_POINT('',#9465);
#9465 = CARTESIAN_POINT('',(0.784424503633,-0.6,0.2701));
#9466 = SURFACE_CURVE('',#9467,(#9476,#9488),.PCURVE_S1.);
#9467 = B_SPLINE_CURVE_WITH_KNOTS('',4,(#9468,#9469,#9470,#9471,#9472,
    #9473,#9474,#9475),.UNSPECIFIED.,.F.,.F.,(5,3,5),(0.,0.399478973861,
    1.),.UNSPECIFIED.);
#9468 = CARTESIAN_POINT('',(0.987583820189,1.110223024625E-16,0.2701));
#9469 = CARTESIAN_POINT('',(0.987583820189,-6.439942770607E-02,0.2701));
#9470 = CARTESIAN_POINT('',(0.981984505983,-0.128800962689,0.2701));
#9471 = CARTESIAN_POINT('',(0.970785816059,-0.192468773937,0.2701));
#9472 = CARTESIAN_POINT('',(0.929209944137,-0.348228709447,0.2701));
#9473 = CARTESIAN_POINT('',(0.892013388286,-0.438512168209,0.2701));
#9474 = CARTESIAN_POINT('',(0.843241132675,-0.523104658264,0.2701));
#9475 = CARTESIAN_POINT('',(0.784424503633,-0.6,0.2701));
#9476 = PCURVE('',#9160,#9477);
#9477 = DEFINITIONAL_REPRESENTATION('',(#9478),#9487);
#9478 = B_SPLINE_CURVE_WITH_KNOTS('',4,(#9479,#9480,#9481,#9482,#9483,
    #9484,#9485,#9486),.UNSPECIFIED.,.F.,.F.,(5,3,5),(0.,0.399478973861,
    1.),.UNSPECIFIED.);
#9479 = CARTESIAN_POINT('',(1.425650742321,-2.425043166628E-17));
#9480 = CARTESIAN_POINT('',(1.425650742321,9.461960038017E-03));
#9481 = CARTESIAN_POINT('',(1.426464983724,1.891822872431E-02));
#9482 = CARTESIAN_POINT('',(1.428093539071,2.826429950049E-02));
#9483 = CARTESIAN_POINT('',(1.434145856709,5.113070145459E-02));
#9484 = CARTESIAN_POINT('',(1.439564133045,6.438620174911E-02));
#9485 = CARTESIAN_POINT('',(1.446680625055,7.68185755667E-02));
#9486 = CARTESIAN_POINT('',(1.455283847471,8.81325838158E-02));
#9487 = ( GEOMETRIC_REPRESENTATION_CONTEXT(2) 
PARAMETRIC_REPRESENTATION_CONTEXT() REPRESENTATION_CONTEXT('2D SPACE',''
  ) );
#9488 = PCURVE('',#9489,#9494);
#9489 = PLANE('',#9490);
#9490 = AXIS2_PLACEMENT_3D('',#9491,#9492,#9493);
#9491 = CARTESIAN_POINT('',(-1.6,-0.6,0.2701));
#9492 = DIRECTION('',(0.,0.,1.));
#9493 = DIRECTION('',(1.,0.,-0.));
#9494 = DEFINITIONAL_REPRESENTATION('',(#9495),#9504);
#9495 = B_SPLINE_CURVE_WITH_KNOTS('',4,(#9496,#9497,#9498,#9499,#9500,
    #9501,#9502,#9503),.UNSPECIFIED.,.F.,.F.,(5,3,5),(0.,0.399478973861,
    1.),.UNSPECIFIED.);
#9496 = CARTESIAN_POINT('',(2.587583820189,0.6));
#9497 = CARTESIAN_POINT('',(2.587583820189,0.535600572294));
#9498 = CARTESIAN_POINT('',(2.581984505983,0.471199037311));
#9499 = CARTESIAN_POINT('',(2.570785816059,0.407531226063));
#9500 = CARTESIAN_POINT('',(2.529209944137,0.251771290553));
#9501 = CARTESIAN_POINT('',(2.492013388286,0.161487831791));
#9502 = CARTESIAN_POINT('',(2.443241132675,7.6895341736E-02));
#9503 = CARTESIAN_POINT('',(2.384424503633,0.));
#9504 = ( GEOMETRIC_REPRESENTATION_CONTEXT(2) 
PARAMETRIC_REPRESENTATION_CONTEXT() REPRESENTATION_CONTEXT('2D SPACE',''
  ) );
#9505 = ORIENTED_EDGE('',*,*,#9506,.F.);
#9506 = EDGE_CURVE('',#9507,#9464,#9509,.T.);
#9507 = VERTEX_POINT('',#9508);
#9508 = CARTESIAN_POINT('',(0.69401809047,-0.6,0.2811));
#9509 = SURFACE_CURVE('',#9510,(#9516,#9525),.PCURVE_S1.);
#9510 = B_SPLINE_CURVE_WITH_KNOTS('',4,(#9511,#9512,#9513,#9514,#9515),
  .UNSPECIFIED.,.F.,.F.,(5,5),(0.,1.),.PIECEWISE_BEZIER_KNOTS.);
#9511 = CARTESIAN_POINT('',(0.69401809047,-0.6,0.2811));
#9512 = CARTESIAN_POINT('',(0.716639777673,-0.6,0.278517761101));
#9513 = CARTESIAN_POINT('',(0.739248627477,-0.6,0.275823578186));
#9514 = CARTESIAN_POINT('',(0.761843810454,-0.6,0.273017601481));
#9515 = CARTESIAN_POINT('',(0.784424503633,-0.6,0.2701));
#9516 = PCURVE('',#9160,#9517);
#9517 = DEFINITIONAL_REPRESENTATION('',(#9518),#9524);
#9518 = B_SPLINE_CURVE_WITH_KNOTS('',4,(#9519,#9520,#9521,#9522,#9523),
  .UNSPECIFIED.,.F.,.F.,(5,5),(0.,1.),.PIECEWISE_BEZIER_KNOTS.);
#9519 = CARTESIAN_POINT('',(1.468671568797,8.81325838158E-02));
#9520 = CARTESIAN_POINT('',(1.465325267349,8.81325838158E-02));
#9521 = CARTESIAN_POINT('',(1.461978564501,8.81325838158E-02));
#9522 = CARTESIAN_POINT('',(1.45863143358,8.81325838158E-02));
#9523 = CARTESIAN_POINT('',(1.455283847471,8.81325838158E-02));
#9524 = ( GEOMETRIC_REPRESENTATION_CONTEXT(2) 
PARAMETRIC_REPRESENTATION_CONTEXT() REPRESENTATION_CONTEXT('2D SPACE',''
  ) );
#9525 = PCURVE('',#9526,#9531);
#9526 = PLANE('',#9527);
#9527 = AXIS2_PLACEMENT_3D('',#9528,#9529,#9530);
#9528 = CARTESIAN_POINT('',(-1.6,-0.6,0.2701));
#9529 = DIRECTION('',(-0.,1.,0.));
#9530 = DIRECTION('',(0.,0.,1.));
#9531 = DEFINITIONAL_REPRESENTATION('',(#9532),#9538);
#9532 = B_SPLINE_CURVE_WITH_KNOTS('',4,(#9533,#9534,#9535,#9536,#9537),
  .UNSPECIFIED.,.F.,.F.,(5,5),(0.,1.),.PIECEWISE_BEZIER_KNOTS.);
#9533 = CARTESIAN_POINT('',(1.1E-02,2.29401809047));
#9534 = CARTESIAN_POINT('',(8.4177611007E-03,2.316639777673));
#9535 = CARTESIAN_POINT('',(5.723578185549E-03,2.339248627477));
#9536 = CARTESIAN_POINT('',(2.91760148126E-03,2.361843810454));
#9537 = CARTESIAN_POINT('',(0.,2.384424503633));
#9538 = ( GEOMETRIC_REPRESENTATION_CONTEXT(2) 
PARAMETRIC_REPRESENTATION_CONTEXT() REPRESENTATION_CONTEXT('2D SPACE',''
  ) );
#9539 = ORIENTED_EDGE('',*,*,#9540,.F.);
#9540 = EDGE_CURVE('',#9152,#9507,#9541,.T.);
#9541 = SURFACE_CURVE('',#9542,(#9555,#9571),.PCURVE_S1.);
#9542 = B_SPLINE_CURVE_WITH_KNOTS('',6,(#9543,#9544,#9545,#9546,#9547,
    #9548,#9549,#9550,#9551,#9552,#9553,#9554),.UNSPECIFIED.,.F.,.F.,(7,
    5,7),(0.,0.383830372163,1.),.UNSPECIFIED.);
#9543 = CARTESIAN_POINT('',(0.917420901168,1.110223024625E-16,0.2811));
#9544 = CARTESIAN_POINT('',(0.917420901168,-4.183588911179E-02,0.2811));
#9545 = CARTESIAN_POINT('',(0.915131520649,-8.36726932343E-02,0.2811));
#9546 = CARTESIAN_POINT('',(0.910552761171,-0.125352511447,0.2811));
#9547 = CARTESIAN_POINT('',(0.903698815248,-0.166719375963,0.2811));
#9548 = CARTESIAN_POINT('',(0.894598066344,-0.207619252126,0.2811));
#9549 = CARTESIAN_POINT('',(0.865145010281,-0.312563491073,0.2811));
#9550 = CARTESIAN_POINT('',(0.841314594376,-0.375638822186,0.2811));
#9551 = CARTESIAN_POINT('',(0.811978663962,-0.436488448813,0.2811));
#9552 = CARTESIAN_POINT('',(0.777406848441,-0.494523304732,0.2811));
#9553 = CARTESIAN_POINT('',(0.737941806152,-0.54919357786,0.2811));
#9554 = CARTESIAN_POINT('',(0.69401809047,-0.6,0.2811));
#9555 = PCURVE('',#9160,#9556);
#9556 = DEFINITIONAL_REPRESENTATION('',(#9557),#9570);
#9557 = B_SPLINE_CURVE_WITH_KNOTS('',6,(#9558,#9559,#9560,#9561,#9562,
    #9563,#9564,#9565,#9566,#9567,#9568,#9569),.UNSPECIFIED.,.F.,.F.,(7,
    5,7),(0.,0.383830372163,1.),.UNSPECIFIED.);
#9558 = CARTESIAN_POINT('',(1.436060960597,-2.425043166628E-17));
#9559 = CARTESIAN_POINT('',(1.436060960597,6.146786159923E-03));
#9560 = CARTESIAN_POINT('',(1.436394123058,1.2291426452E-02));
#9561 = CARTESIAN_POINT('',(1.437060461374,1.841139265734E-02));
#9562 = CARTESIAN_POINT('',(1.438058076256,2.448441972206E-02));
#9563 = CARTESIAN_POINT('',(1.439383155731,3.048850575732E-02));
#9564 = CARTESIAN_POINT('',(1.443673643232,4.589480684984E-02));
#9565 = CARTESIAN_POINT('',(1.447146715782,5.515505065944E-02));
#9566 = CARTESIAN_POINT('',(1.451425312531,6.409130862857E-02));
#9567 = CARTESIAN_POINT('',(1.456472814756,7.261878394126E-02));
#9568 = CARTESIAN_POINT('',(1.462242034726,8.065717287125E-02));
#9569 = CARTESIAN_POINT('',(1.468671568797,8.81325838158E-02));
#9570 = ( GEOMETRIC_REPRESENTATION_CONTEXT(2) 
PARAMETRIC_REPRESENTATION_CONTEXT() REPRESENTATION_CONTEXT('2D SPACE',''
  ) );
#9571 = PCURVE('',#9572,#9577);
#9572 = PLANE('',#9573);
#9573 = AXIS2_PLACEMENT_3D('',#9574,#9575,#9576);
#9574 = CARTESIAN_POINT('',(-1.6,-0.6,0.2811));
#9575 = DIRECTION('',(0.,0.,1.));
#9576 = DIRECTION('',(1.,0.,-0.));
#9577 = DEFINITIONAL_REPRESENTATION('',(#9578),#9591);
#9578 = B_SPLINE_CURVE_WITH_KNOTS('',6,(#9579,#9580,#9581,#9582,#9583,
    #9584,#9585,#9586,#9587,#9588,#9589,#9590),.UNSPECIFIED.,.F.,.F.,(7,
    5,7),(0.,0.383830372163,1.),.UNSPECIFIED.);
#9579 = CARTESIAN_POINT('',(2.517420901168,0.6));
#9580 = CARTESIAN_POINT('',(2.517420901168,0.558164110888));
#9581 = CARTESIAN_POINT('',(2.515131520649,0.516327306766));
#9582 = CARTESIAN_POINT('',(2.510552761171,0.474647488553));
#9583 = CARTESIAN_POINT('',(2.503698815248,0.433280624037));
#9584 = CARTESIAN_POINT('',(2.494598066344,0.392380747874));
#9585 = CARTESIAN_POINT('',(2.465145010281,0.287436508927));
#9586 = CARTESIAN_POINT('',(2.441314594376,0.224361177814));
#9587 = CARTESIAN_POINT('',(2.411978663962,0.163511551187));
#9588 = CARTESIAN_POINT('',(2.377406848441,0.105476695268));
#9589 = CARTESIAN_POINT('',(2.337941806152,5.080642213991E-02));
#9590 = CARTESIAN_POINT('',(2.29401809047,0.));
#9591 = ( GEOMETRIC_REPRESENTATION_CONTEXT(2) 
PARAMETRIC_REPRESENTATION_CONTEXT() REPRESENTATION_CONTEXT('2D SPACE',''
  ) );
#9592 = ADVANCED_FACE('',(#9593),#9178,.T.);
#9593 = FACE_BOUND('',#9594,.T.);
#9594 = EDGE_LOOP('',(#9595,#9596,#9597,#9647,#9681,#9717,#9718,#9771,
    #9772,#9810,#9844));
#9595 = ORIENTED_EDGE('',*,*,#9196,.F.);
#9596 = ORIENTED_EDGE('',*,*,#9149,.T.);
#9597 = ORIENTED_EDGE('',*,*,#9598,.F.);
#9598 = EDGE_CURVE('',#9599,#9152,#9601,.T.);
#9599 = VERTEX_POINT('',#9600);
#9600 = CARTESIAN_POINT('',(0.69401809047,0.6,0.2811));
#9601 = SURFACE_CURVE('',#9602,(#9615,#9631),.PCURVE_S1.);
#9602 = B_SPLINE_CURVE_WITH_KNOTS('',6,(#9603,#9604,#9605,#9606,#9607,
    #9608,#9609,#9610,#9611,#9612,#9613,#9614),.UNSPECIFIED.,.F.,.F.,(7,
    5,7),(0.,0.617049435447,1.),.UNSPECIFIED.);
#9603 = CARTESIAN_POINT('',(0.69401809047,0.6,0.2811));
#9604 = CARTESIAN_POINT('',(0.73800451878,0.549121038364,0.2811));
#9605 = CARTESIAN_POINT('',(0.777519550551,0.494367163836,0.2811));
#9606 = CARTESIAN_POINT('',(0.812126735361,0.436239811563,0.2811));
#9607 = CARTESIAN_POINT('',(0.841482082741,0.37529123699,0.2811));
#9608 = CARTESIAN_POINT('',(0.865315032291,0.312113135095,0.2811));
#9609 = CARTESIAN_POINT('',(0.894702256071,0.207150456659,0.2811));
#9610 = CARTESIAN_POINT('',(0.903761588436,0.166340065584,0.2811));
#9611 = CARTESIAN_POINT('',(0.910584212851,0.125065879223,0.2811));
#9612 = CARTESIAN_POINT('',(0.915142004707,8.348088728886E-02,0.2811));
#9613 = CARTESIAN_POINT('',(0.917420901168,4.17399903845E-02,0.2811));
#9614 = CARTESIAN_POINT('',(0.917420901168,-3.330669073875E-16,0.2811));
#9615 = PCURVE('',#9178,#9616);
#9616 = DEFINITIONAL_REPRESENTATION('',(#9617),#9630);
#9617 = B_SPLINE_CURVE_WITH_KNOTS('',6,(#9618,#9619,#9620,#9621,#9622,
    #9623,#9624,#9625,#9626,#9627,#9628,#9629),.UNSPECIFIED.,.F.,.F.,(7,
    5,7),(0.,0.617049435447,1.),.UNSPECIFIED.);
#9618 = CARTESIAN_POINT('',(1.468671568797,-8.81325838158E-02));
#9619 = CARTESIAN_POINT('',(1.46223285488,-8.064649976098E-02));
#9620 = CARTESIAN_POINT('',(1.45645633934,-7.259582592738E-02));
#9621 = CARTESIAN_POINT('',(1.4514036941,-6.40547746222E-02));
#9622 = CARTESIAN_POINT('',(1.447122287929,-5.510400502581E-02));
#9623 = CARTESIAN_POINT('',(1.443648864096,-4.582868904358E-02));
#9624 = CARTESIAN_POINT('',(1.439367985528,-3.041968657937E-02));
#9625 = CARTESIAN_POINT('',(1.438048939395,-2.442873348969E-02));
#9626 = CARTESIAN_POINT('',(1.437055884315,-1.836930570626E-02));
#9627 = CARTESIAN_POINT('',(1.436392597409,-1.226325568387E-02));
#9628 = CARTESIAN_POINT('',(1.436060960597,-6.132696129038E-03));
#9629 = CARTESIAN_POINT('',(1.436060960597,2.775557561563E-17));
#9630 = ( GEOMETRIC_REPRESENTATION_CONTEXT(2) 
PARAMETRIC_REPRESENTATION_CONTEXT() REPRESENTATION_CONTEXT('2D SPACE',''
  ) );
#9631 = PCURVE('',#9572,#9632);
#9632 = DEFINITIONAL_REPRESENTATION('',(#9633),#9646);
#9633 = B_SPLINE_CURVE_WITH_KNOTS('',6,(#9634,#9635,#9636,#9637,#9638,
    #9639,#9640,#9641,#9642,#9643,#9644,#9645),.UNSPECIFIED.,.F.,.F.,(7,
    5,7),(0.,0.617049435447,1.),.UNSPECIFIED.);
#9634 = CARTESIAN_POINT('',(2.29401809047,1.2));
#9635 = CARTESIAN_POINT('',(2.33800451878,1.149121038364));
#9636 = CARTESIAN_POINT('',(2.377519550551,1.094367163836));
#9637 = CARTESIAN_POINT('',(2.412126735361,1.036239811563));
#9638 = CARTESIAN_POINT('',(2.441482082741,0.97529123699));
#9639 = CARTESIAN_POINT('',(2.465315032291,0.912113135095));
#9640 = CARTESIAN_POINT('',(2.494702256071,0.807150456659));
#9641 = CARTESIAN_POINT('',(2.503761588436,0.766340065584));
#9642 = CARTESIAN_POINT('',(2.510584212851,0.725065879223));
#9643 = CARTESIAN_POINT('',(2.515142004707,0.683480887289));
#9644 = CARTESIAN_POINT('',(2.517420901168,0.641739990384));
#9645 = CARTESIAN_POINT('',(2.517420901168,0.6));
#9646 = ( GEOMETRIC_REPRESENTATION_CONTEXT(2) 
PARAMETRIC_REPRESENTATION_CONTEXT() REPRESENTATION_CONTEXT('2D SPACE',''
  ) );
#9647 = ORIENTED_EDGE('',*,*,#9648,.T.);
#9648 = EDGE_CURVE('',#9599,#9649,#9651,.T.);
#9649 = VERTEX_POINT('',#9650);
#9650 = CARTESIAN_POINT('',(0.784424503633,0.6,0.2701));
#9651 = SURFACE_CURVE('',#9652,(#9658,#9667),.PCURVE_S1.);
#9652 = B_SPLINE_CURVE_WITH_KNOTS('',4,(#9653,#9654,#9655,#9656,#9657),
  .UNSPECIFIED.,.F.,.F.,(5,5),(0.,1.),.PIECEWISE_BEZIER_KNOTS.);
#9653 = CARTESIAN_POINT('',(0.69401809047,0.6,0.2811));
#9654 = CARTESIAN_POINT('',(0.716639777673,0.6,0.278517761101));
#9655 = CARTESIAN_POINT('',(0.739248627477,0.6,0.275823578186));
#9656 = CARTESIAN_POINT('',(0.761843810454,0.6,0.273017601481));
#9657 = CARTESIAN_POINT('',(0.784424503633,0.6,0.2701));
#9658 = PCURVE('',#9178,#9659);
#9659 = DEFINITIONAL_REPRESENTATION('',(#9660),#9666);
#9660 = B_SPLINE_CURVE_WITH_KNOTS('',4,(#9661,#9662,#9663,#9664,#9665),
  .UNSPECIFIED.,.F.,.F.,(5,5),(0.,1.),.PIECEWISE_BEZIER_KNOTS.);
#9661 = CARTESIAN_POINT('',(1.468671568797,-8.81325838158E-02));
#9662 = CARTESIAN_POINT('',(1.465325267349,-8.81325838158E-02));
#9663 = CARTESIAN_POINT('',(1.461978564501,-8.81325838158E-02));
#9664 = CARTESIAN_POINT('',(1.45863143358,-8.81325838158E-02));
#9665 = CARTESIAN_POINT('',(1.455283847471,-8.81325838158E-02));
#9666 = ( GEOMETRIC_REPRESENTATION_CONTEXT(2) 
PARAMETRIC_REPRESENTATION_CONTEXT() REPRESENTATION_CONTEXT('2D SPACE',''
  ) );
#9667 = PCURVE('',#9668,#9673);
#9668 = PLANE('',#9669);
#9669 = AXIS2_PLACEMENT_3D('',#9670,#9671,#9672);
#9670 = CARTESIAN_POINT('',(-1.6,0.6,0.2701));
#9671 = DIRECTION('',(-0.,1.,0.));
#9672 = DIRECTION('',(0.,0.,1.));
#9673 = DEFINITIONAL_REPRESENTATION('',(#9674),#9680);
#9674 = B_SPLINE_CURVE_WITH_KNOTS('',4,(#9675,#9676,#9677,#9678,#9679),
  .UNSPECIFIED.,.F.,.F.,(5,5),(0.,1.),.PIECEWISE_BEZIER_KNOTS.);
#9675 = CARTESIAN_POINT('',(1.1E-02,2.29401809047));
#9676 = CARTESIAN_POINT('',(8.417761100701E-03,2.316639777673));
#9677 = CARTESIAN_POINT('',(5.723578185549E-03,2.339248627477));
#9678 = CARTESIAN_POINT('',(2.91760148126E-03,2.361843810454));
#9679 = CARTESIAN_POINT('',(0.,2.384424503633));
#9680 = ( GEOMETRIC_REPRESENTATION_CONTEXT(2) 
PARAMETRIC_REPRESENTATION_CONTEXT() REPRESENTATION_CONTEXT('2D SPACE',''
  ) );
#9681 = ORIENTED_EDGE('',*,*,#9682,.T.);
#9682 = EDGE_CURVE('',#9649,#9439,#9683,.T.);
#9683 = SURFACE_CURVE('',#9684,(#9693,#9705),.PCURVE_S1.);
#9684 = B_SPLINE_CURVE_WITH_KNOTS('',4,(#9685,#9686,#9687,#9688,#9689,
    #9690,#9691,#9692),.UNSPECIFIED.,.F.,.F.,(5,3,5),(0.,0.601685846338,
    1.),.UNSPECIFIED.);
#9685 = CARTESIAN_POINT('',(0.784424503633,0.6,0.2701));
#9686 = CARTESIAN_POINT('',(0.843355216753,0.52295551642,0.2701));
#9687 = CARTESIAN_POINT('',(0.892202572314,0.438183936192,0.2701));
#9688 = CARTESIAN_POINT('',(0.929426254197,0.347703300346,0.2701));
#9689 = CARTESIAN_POINT('',(0.970883636765,0.191911804408,0.2701));
#9690 = CARTESIAN_POINT('',(0.982017113531,0.128425373095,0.2701));
#9691 = CARTESIAN_POINT('',(0.987583820189,6.421164465427E-02,0.2701));
#9692 = CARTESIAN_POINT('',(0.987583820189,-3.330669073875E-16,0.2701));
#9693 = PCURVE('',#9178,#9694);
#9694 = DEFINITIONAL_REPRESENTATION('',(#9695),#9704);
#9695 = B_SPLINE_CURVE_WITH_KNOTS('',4,(#9696,#9697,#9698,#9699,#9700,
    #9701,#9702,#9703),.UNSPECIFIED.,.F.,.F.,(5,3,5),(0.,0.601685846338,
    1.),.UNSPECIFIED.);
#9696 = CARTESIAN_POINT('',(1.455283860549,-8.813258389422E-02));
#9697 = CARTESIAN_POINT('',(1.446663950827,-7.679663163627E-02));
#9698 = CARTESIAN_POINT('',(1.439536514492,-6.433796287285E-02));
#9699 = CARTESIAN_POINT('',(1.434114346224,-5.105355983254E-02));
#9700 = CARTESIAN_POINT('',(1.428079313482,-2.818253918769E-02));
#9701 = CARTESIAN_POINT('',(1.426460242133,-1.886308004533E-02));
#9702 = CARTESIAN_POINT('',(1.425650742321,-9.434369796996E-03));
#9703 = CARTESIAN_POINT('',(1.425650742321,2.775557561563E-17));
#9704 = ( GEOMETRIC_REPRESENTATION_CONTEXT(2) 
PARAMETRIC_REPRESENTATION_CONTEXT() REPRESENTATION_CONTEXT('2D SPACE',''
  ) );
#9705 = PCURVE('',#9489,#9706);
#9706 = DEFINITIONAL_REPRESENTATION('',(#9707),#9716);
#9707 = B_SPLINE_CURVE_WITH_KNOTS('',4,(#9708,#9709,#9710,#9711,#9712,
    #9713,#9714,#9715),.UNSPECIFIED.,.F.,.F.,(5,3,5),(0.,0.601685846338,
    1.),.UNSPECIFIED.);
#9708 = CARTESIAN_POINT('',(2.384424503633,1.2));
#9709 = CARTESIAN_POINT('',(2.443355216753,1.12295551642));
#9710 = CARTESIAN_POINT('',(2.492202572314,1.038183936192));
#9711 = CARTESIAN_POINT('',(2.529426254197,0.947703300346));
#9712 = CARTESIAN_POINT('',(2.570883636765,0.791911804408));
#9713 = CARTESIAN_POINT('',(2.582017113531,0.728425373095));
#9714 = CARTESIAN_POINT('',(2.587583820189,0.664211644654));
#9715 = CARTESIAN_POINT('',(2.587583820189,0.6));
#9716 = ( GEOMETRIC_REPRESENTATION_CONTEXT(2) 
PARAMETRIC_REPRESENTATION_CONTEXT() REPRESENTATION_CONTEXT('2D SPACE',''
  ) );
#9717 = ORIENTED_EDGE('',*,*,#9438,.T.);
#9718 = ORIENTED_EDGE('',*,*,#9719,.F.);
#9719 = EDGE_CURVE('',#9354,#9379,#9720,.T.);
#9720 = SURFACE_CURVE('',#9721,(#9727,#9762),.PCURVE_S1.);
#9721 = ( BOUNDED_CURVE() B_SPLINE_CURVE(2,(#9722,#9723,#9724,#9725,
#9726),.UNSPECIFIED.,.F.,.F.) B_SPLINE_CURVE_WITH_KNOTS((3,2,3),(0.,
1.570796326795,3.14159265359),.PIECEWISE_BEZIER_KNOTS.) CURVE() 
GEOMETRIC_REPRESENTATION_ITEM() RATIONAL_B_SPLINE_CURVE((1.,
0.707106781187,1.,0.707106781187,1.)) REPRESENTATION_ITEM('') );
#9722 = CARTESIAN_POINT('',(-1.35,0.,0.2));
#9723 = CARTESIAN_POINT('',(-1.35,1.35,0.2));
#9724 = CARTESIAN_POINT('',(-7.871153210062E-17,1.35,0.2));
#9725 = CARTESIAN_POINT('',(1.35,1.35,0.2));
#9726 = CARTESIAN_POINT('',(1.35,1.653273178849E-16,0.2));
#9727 = PCURVE('',#9178,#9728);
#9728 = DEFINITIONAL_REPRESENTATION('',(#9729),#9761);
#9729 = B_SPLINE_CURVE_WITH_KNOTS('',8,(#9730,#9731,#9732,#9733,#9734,
    #9735,#9736,#9737,#9738,#9739,#9740,#9741,#9742,#9743,#9744,#9745,
    #9746,#9747,#9748,#9749,#9750,#9751,#9752,#9753,#9754,#9755,#9756,
    #9757,#9758,#9759,#9760),.UNSPECIFIED.,.F.,.F.,(9,7,8,7,9),(0.,
    0.785398163397,1.570796326795,2.356194490192,3.14159265359),
  .UNSPECIFIED.);
#9730 = CARTESIAN_POINT('',(1.770133596714,-6.815662534268E-18));
#9731 = CARTESIAN_POINT('',(1.770133608598,-1.75317926892E-02));
#9732 = CARTESIAN_POINT('',(1.768388989447,-3.578009598576E-02));
#9733 = CARTESIAN_POINT('',(1.764644506805,-5.449309205018E-02));
#9734 = CARTESIAN_POINT('',(1.758681695233,-7.332796558126E-02));
#9735 = CARTESIAN_POINT('',(1.75036753861,-9.18300441333E-02));
#9736 = CARTESIAN_POINT('',(1.739726781598,-0.109486762204));
#9737 = CARTESIAN_POINT('',(1.72697553105,-0.125816775338));
#9738 = CARTESIAN_POINT('',(1.697932120881,-0.155092271246));
#9739 = CARTESIAN_POINT('',(1.681640114584,-0.168037191582));
#9740 = CARTESIAN_POINT('',(1.663919494124,-0.178922058656));
#9741 = CARTESIAN_POINT('',(1.645237975841,-0.187486807841));
#9742 = CARTESIAN_POINT('',(1.626145105169,-0.19365119113));
#9743 = CARTESIAN_POINT('',(1.607135158509,-0.197529542692));
#9744 = CARTESIAN_POINT('',(1.588593383604,-0.199336159744));
#9745 = CARTESIAN_POINT('',(1.570796326795,-0.199336168684));
#9746 = CARTESIAN_POINT('',(1.552999269979,-0.19933615974));
#9747 = CARTESIAN_POINT('',(1.534457495272,-0.197529542727));
#9748 = CARTESIAN_POINT('',(1.515447548416,-0.19365119108));
#9749 = CARTESIAN_POINT('',(1.496354677147,-0.187486807878));
#9750 = CARTESIAN_POINT('',(1.477673159388,-0.178922058617));
#9751 = CARTESIAN_POINT('',(1.459952539142,-0.168037191607));
#9752 = CARTESIAN_POINT('',(1.443660532708,-0.155092271242));
#9753 = CARTESIAN_POINT('',(1.414617122546,-0.125816775338));
#9754 = CARTESIAN_POINT('',(1.401865871973,-0.109486762204));
#9755 = CARTESIAN_POINT('',(1.391225114969,-9.183004413337E-02));
#9756 = CARTESIAN_POINT('',(1.382910958337,-7.332796558168E-02));
#9757 = CARTESIAN_POINT('',(1.376948146766,-5.449309205076E-02));
#9758 = CARTESIAN_POINT('',(1.373203664155,-3.578009598569E-02));
#9759 = CARTESIAN_POINT('',(1.371459044994,-1.753179268911E-02));
#9760 = CARTESIAN_POINT('',(1.371459056876,-2.738410094868E-17));
#9761 = ( GEOMETRIC_REPRESENTATION_CONTEXT(2) 
PARAMETRIC_REPRESENTATION_CONTEXT() REPRESENTATION_CONTEXT('2D SPACE',''
  ) );
#9762 = PCURVE('',#9424,#9763);
#9763 = DEFINITIONAL_REPRESENTATION('',(#9764),#9770);
#9764 = ( BOUNDED_CURVE() B_SPLINE_CURVE(2,(#9765,#9766,#9767,#9768,
#9769),.UNSPECIFIED.,.F.,.F.) B_SPLINE_CURVE_WITH_KNOTS((3,2,3),(0.,
1.570796326795,3.14159265359),.PIECEWISE_BEZIER_KNOTS.) CURVE() 
GEOMETRIC_REPRESENTATION_ITEM() RATIONAL_B_SPLINE_CURVE((1.,
0.707106781187,1.,0.707106781187,1.)) REPRESENTATION_ITEM('') );
#9765 = CARTESIAN_POINT('',(0.,0.));
#9766 = CARTESIAN_POINT('',(0.,1.5));
#9767 = CARTESIAN_POINT('',(1.5,1.5));
#9768 = CARTESIAN_POINT('',(3.,1.5));
#9769 = CARTESIAN_POINT('',(3.,1.836970198721E-16));
#9770 = ( GEOMETRIC_REPRESENTATION_CONTEXT(2) 
PARAMETRIC_REPRESENTATION_CONTEXT() REPRESENTATION_CONTEXT('2D SPACE',''
  ) );
#9771 = ORIENTED_EDGE('',*,*,#9353,.F.);
#9772 = ORIENTED_EDGE('',*,*,#9773,.T.);
#9773 = EDGE_CURVE('',#9311,#9774,#9776,.T.);
#9774 = VERTEX_POINT('',#9775);
#9775 = CARTESIAN_POINT('',(-0.784424503633,0.6,0.2701));
#9776 = SURFACE_CURVE('',#9777,(#9786,#9798),.PCURVE_S1.);
#9777 = B_SPLINE_CURVE_WITH_KNOTS('',4,(#9778,#9779,#9780,#9781,#9782,
    #9783,#9784,#9785),.UNSPECIFIED.,.F.,.F.,(5,3,5),(0.,0.399478973859,
    1.),.UNSPECIFIED.);
#9778 = CARTESIAN_POINT('',(-0.987583820189,-3.330669073875E-16,0.2701)
  );
#9779 = CARTESIAN_POINT('',(-0.987583820189,6.439942770582E-02,0.2701));
#9780 = CARTESIAN_POINT('',(-0.981984505983,0.128800962689,0.2701));
#9781 = CARTESIAN_POINT('',(-0.970785816059,0.192468773936,0.2701));
#9782 = CARTESIAN_POINT('',(-0.929209944138,0.348228709446,0.2701));
#9783 = CARTESIAN_POINT('',(-0.892013388286,0.438512168209,0.2701));
#9784 = CARTESIAN_POINT('',(-0.843241132675,0.523104658264,0.2701));
#9785 = CARTESIAN_POINT('',(-0.784424503633,0.6,0.2701));
#9786 = PCURVE('',#9178,#9787);
#9787 = DEFINITIONAL_REPRESENTATION('',(#9788),#9797);
#9788 = B_SPLINE_CURVE_WITH_KNOTS('',4,(#9789,#9790,#9791,#9792,#9793,
    #9794,#9795,#9796),.UNSPECIFIED.,.F.,.F.,(5,3,5),(0.,0.399478973859,
    1.),.UNSPECIFIED.);
#9789 = CARTESIAN_POINT('',(1.715941911269,2.775557561563E-17));
#9790 = CARTESIAN_POINT('',(1.715941911269,-9.461960037979E-03));
#9791 = CARTESIAN_POINT('',(1.715127669865,-1.891822872424E-02));
#9792 = CARTESIAN_POINT('',(1.713499114519,-2.826429950038E-02));
#9793 = CARTESIAN_POINT('',(1.707446796881,-5.113070145449E-02));
#9794 = CARTESIAN_POINT('',(1.702028520545,-6.438620174904E-02));
#9795 = CARTESIAN_POINT('',(1.694912028535,-7.681857556667E-02));
#9796 = CARTESIAN_POINT('',(1.686308806119,-8.81325838158E-02));
#9797 = ( GEOMETRIC_REPRESENTATION_CONTEXT(2) 
PARAMETRIC_REPRESENTATION_CONTEXT() REPRESENTATION_CONTEXT('2D SPACE',''
  ) );
#9798 = PCURVE('',#9336,#9799);
#9799 = DEFINITIONAL_REPRESENTATION('',(#9800),#9809);
#9800 = B_SPLINE_CURVE_WITH_KNOTS('',4,(#9801,#9802,#9803,#9804,#9805,
    #9806,#9807,#9808),.UNSPECIFIED.,.F.,.F.,(5,3,5),(0.,0.399478973859,
    1.),.UNSPECIFIED.);
#9801 = CARTESIAN_POINT('',(0.612416179811,0.6));
#9802 = CARTESIAN_POINT('',(0.612416179811,0.664399427706));
#9803 = CARTESIAN_POINT('',(0.618015494017,0.728800962689));
#9804 = CARTESIAN_POINT('',(0.629214183941,0.792468773936));
#9805 = CARTESIAN_POINT('',(0.670790055862,0.948228709446));
#9806 = CARTESIAN_POINT('',(0.707986611714,1.038512168209));
#9807 = CARTESIAN_POINT('',(0.756758867325,1.123104658264));
#9808 = CARTESIAN_POINT('',(0.815575496367,1.2));
#9809 = ( GEOMETRIC_REPRESENTATION_CONTEXT(2) 
PARAMETRIC_REPRESENTATION_CONTEXT() REPRESENTATION_CONTEXT('2D SPACE',''
  ) );
#9810 = ORIENTED_EDGE('',*,*,#9811,.T.);
#9811 = EDGE_CURVE('',#9774,#9812,#9814,.T.);
#9812 = VERTEX_POINT('',#9813);
#9813 = CARTESIAN_POINT('',(-0.69401809047,0.6,0.2811));
#9814 = SURFACE_CURVE('',#9815,(#9821,#9830),.PCURVE_S1.);
#9815 = B_SPLINE_CURVE_WITH_KNOTS('',4,(#9816,#9817,#9818,#9819,#9820),
  .UNSPECIFIED.,.F.,.F.,(5,5),(0.,1.),.PIECEWISE_BEZIER_KNOTS.);
#9816 = CARTESIAN_POINT('',(-0.784424503633,0.6,0.2701));
#9817 = CARTESIAN_POINT('',(-0.761843810742,0.6,0.273017601444));
#9818 = CARTESIAN_POINT('',(-0.739248627292,0.6,0.275823578208));
#9819 = CARTESIAN_POINT('',(-0.716639777989,0.6,0.278517761065));
#9820 = CARTESIAN_POINT('',(-0.69401809047,0.6,0.2811));
#9821 = PCURVE('',#9178,#9822);
#9822 = DEFINITIONAL_REPRESENTATION('',(#9823),#9829);
#9823 = B_SPLINE_CURVE_WITH_KNOTS('',4,(#9824,#9825,#9826,#9827,#9828),
  .UNSPECIFIED.,.F.,.F.,(5,5),(0.,1.),.PIECEWISE_BEZIER_KNOTS.);
#9824 = CARTESIAN_POINT('',(1.686308806119,-8.81325838158E-02));
#9825 = CARTESIAN_POINT('',(1.682961220053,-8.81325838158E-02));
#9826 = CARTESIAN_POINT('',(1.679614089061,-8.81325838158E-02));
#9827 = CARTESIAN_POINT('',(1.676267386288,-8.81325838158E-02));
#9828 = CARTESIAN_POINT('',(1.672921084793,-8.81325838158E-02));
#9829 = ( GEOMETRIC_REPRESENTATION_CONTEXT(2) 
PARAMETRIC_REPRESENTATION_CONTEXT() REPRESENTATION_CONTEXT('2D SPACE',''
  ) );
#9830 = PCURVE('',#9831,#9836);
#9831 = PLANE('',#9832);
#9832 = AXIS2_PLACEMENT_3D('',#9833,#9834,#9835);
#9833 = CARTESIAN_POINT('',(-1.6,0.6,0.2701));
#9834 = DIRECTION('',(-0.,1.,0.));
#9835 = DIRECTION('',(0.,0.,1.));
#9836 = DEFINITIONAL_REPRESENTATION('',(#9837),#9843);
#9837 = B_SPLINE_CURVE_WITH_KNOTS('',4,(#9838,#9839,#9840,#9841,#9842),
  .UNSPECIFIED.,.F.,.F.,(5,5),(0.,1.),.PIECEWISE_BEZIER_KNOTS.);
#9838 = CARTESIAN_POINT('',(0.,0.815575496367));
#9839 = CARTESIAN_POINT('',(2.917601444074E-03,0.838156189258));
#9840 = CARTESIAN_POINT('',(5.72357820785E-03,0.860751372708));
#9841 = CARTESIAN_POINT('',(8.417761064606E-03,0.883360222011));
#9842 = CARTESIAN_POINT('',(1.1E-02,0.90598190953));
#9843 = ( GEOMETRIC_REPRESENTATION_CONTEXT(2) 
PARAMETRIC_REPRESENTATION_CONTEXT() REPRESENTATION_CONTEXT('2D SPACE',''
  ) );
#9844 = ORIENTED_EDGE('',*,*,#9845,.F.);
#9845 = EDGE_CURVE('',#9197,#9812,#9846,.T.);
#9846 = SURFACE_CURVE('',#9847,(#9860,#9876),.PCURVE_S1.);
#9847 = B_SPLINE_CURVE_WITH_KNOTS('',6,(#9848,#9849,#9850,#9851,#9852,
    #9853,#9854,#9855,#9856,#9857,#9858,#9859),.UNSPECIFIED.,.F.,.F.,(7,
    5,7),(0.,0.383830372163,1.),.UNSPECIFIED.);
#9848 = CARTESIAN_POINT('',(-0.917420901168,-3.330669073875E-16,0.2811)
  );
#9849 = CARTESIAN_POINT('',(-0.917420901168,4.183588911178E-02,0.2811));
#9850 = CARTESIAN_POINT('',(-0.915131520649,8.36726932343E-02,0.2811));
#9851 = CARTESIAN_POINT('',(-0.910552761171,0.125352511447,0.2811));
#9852 = CARTESIAN_POINT('',(-0.903698815248,0.166719375963,0.2811));
#9853 = CARTESIAN_POINT('',(-0.894598066344,0.207619252126,0.2811));
#9854 = CARTESIAN_POINT('',(-0.865145010281,0.312563491073,0.2811));
#9855 = CARTESIAN_POINT('',(-0.841314594376,0.375638822186,0.2811));
#9856 = CARTESIAN_POINT('',(-0.811978663962,0.436488448813,0.2811));
#9857 = CARTESIAN_POINT('',(-0.777406848442,0.494523304732,0.2811));
#9858 = CARTESIAN_POINT('',(-0.737941806152,0.54919357786,0.2811));
#9859 = CARTESIAN_POINT('',(-0.69401809047,0.6,0.2811));
#9860 = PCURVE('',#9178,#9861);
#9861 = DEFINITIONAL_REPRESENTATION('',(#9862),#9875);
#9862 = B_SPLINE_CURVE_WITH_KNOTS('',6,(#9863,#9864,#9865,#9866,#9867,
    #9868,#9869,#9870,#9871,#9872,#9873,#9874),.UNSPECIFIED.,.F.,.F.,(7,
    5,7),(0.,0.383830372163,1.),.UNSPECIFIED.);
#9863 = CARTESIAN_POINT('',(1.705531692993,2.775557561563E-17));
#9864 = CARTESIAN_POINT('',(1.705531692993,-6.146786159922E-03));
#9865 = CARTESIAN_POINT('',(1.705198530532,-1.2291426452E-02));
#9866 = CARTESIAN_POINT('',(1.704532192216,-1.841139265734E-02));
#9867 = CARTESIAN_POINT('',(1.703534577334,-2.448441972206E-02));
#9868 = CARTESIAN_POINT('',(1.702209497858,-3.048850575732E-02));
#9869 = CARTESIAN_POINT('',(1.697919010358,-4.589480684985E-02));
#9870 = CARTESIAN_POINT('',(1.694445937807,-5.515505065942E-02));
#9871 = CARTESIAN_POINT('',(1.690167341059,-6.40913086286E-02));
#9872 = CARTESIAN_POINT('',(1.685119838834,-7.261878394125E-02));
#9873 = CARTESIAN_POINT('',(1.679350618864,-8.065717287125E-02));
#9874 = CARTESIAN_POINT('',(1.672921084793,-8.81325838158E-02));
#9875 = ( GEOMETRIC_REPRESENTATION_CONTEXT(2) 
PARAMETRIC_REPRESENTATION_CONTEXT() REPRESENTATION_CONTEXT('2D SPACE',''
  ) );
#9876 = PCURVE('',#9255,#9877);
#9877 = DEFINITIONAL_REPRESENTATION('',(#9878),#9891);
#9878 = B_SPLINE_CURVE_WITH_KNOTS('',6,(#9879,#9880,#9881,#9882,#9883,
    #9884,#9885,#9886,#9887,#9888,#9889,#9890),.UNSPECIFIED.,.F.,.F.,(7,
    5,7),(0.,0.383830372163,1.),.UNSPECIFIED.);
#9879 = CARTESIAN_POINT('',(0.682579098832,0.6));
#9880 = CARTESIAN_POINT('',(0.682579098832,0.641835889112));
#9881 = CARTESIAN_POINT('',(0.684868479351,0.683672693234));
#9882 = CARTESIAN_POINT('',(0.689447238829,0.725352511447));
#9883 = CARTESIAN_POINT('',(0.696301184752,0.766719375963));
#9884 = CARTESIAN_POINT('',(0.705401933656,0.807619252126));
#9885 = CARTESIAN_POINT('',(0.734854989719,0.912563491073));
#9886 = CARTESIAN_POINT('',(0.758685405624,0.975638822186));
#9887 = CARTESIAN_POINT('',(0.788021336038,1.036488448813));
#9888 = CARTESIAN_POINT('',(0.822593151558,1.094523304732));
#9889 = CARTESIAN_POINT('',(0.862058193848,1.14919357786));
#9890 = CARTESIAN_POINT('',(0.90598190953,1.2));
#9891 = ( GEOMETRIC_REPRESENTATION_CONTEXT(2) 
PARAMETRIC_REPRESENTATION_CONTEXT() REPRESENTATION_CONTEXT('2D SPACE',''
  ) );
#9892 = ADVANCED_FACE('',(#9893),#9572,.T.);
#9893 = FACE_BOUND('',#9894,.T.);
#9894 = EDGE_LOOP('',(#9895,#9918,#9919,#9920,#9943));
#9895 = ORIENTED_EDGE('',*,*,#9896,.F.);
#9896 = EDGE_CURVE('',#9599,#9897,#9899,.T.);
#9897 = VERTEX_POINT('',#9898);
#9898 = CARTESIAN_POINT('',(1.6,0.6,0.2811));
#9899 = SURFACE_CURVE('',#9900,(#9904,#9911),.PCURVE_S1.);
#9900 = LINE('',#9901,#9902);
#9901 = CARTESIAN_POINT('',(-1.6,0.6,0.2811));
#9902 = VECTOR('',#9903,1.);
#9903 = DIRECTION('',(1.,0.,-0.));
#9904 = PCURVE('',#9572,#9905);
#9905 = DEFINITIONAL_REPRESENTATION('',(#9906),#9910);
#9906 = LINE('',#9907,#9908);
#9907 = CARTESIAN_POINT('',(0.,1.2));
#9908 = VECTOR('',#9909,1.);
#9909 = DIRECTION('',(1.,0.));
#9910 = ( GEOMETRIC_REPRESENTATION_CONTEXT(2) 
PARAMETRIC_REPRESENTATION_CONTEXT() REPRESENTATION_CONTEXT('2D SPACE',''
  ) );
#9911 = PCURVE('',#9668,#9912);
#9912 = DEFINITIONAL_REPRESENTATION('',(#9913),#9917);
#9913 = LINE('',#9914,#9915);
#9914 = CARTESIAN_POINT('',(1.1E-02,0.));
#9915 = VECTOR('',#9916,1.);
#9916 = DIRECTION('',(0.,1.));
#9917 = ( GEOMETRIC_REPRESENTATION_CONTEXT(2) 
PARAMETRIC_REPRESENTATION_CONTEXT() REPRESENTATION_CONTEXT('2D SPACE',''
  ) );
#9918 = ORIENTED_EDGE('',*,*,#9598,.T.);
#9919 = ORIENTED_EDGE('',*,*,#9540,.T.);
#9920 = ORIENTED_EDGE('',*,*,#9921,.T.);
#9921 = EDGE_CURVE('',#9507,#9922,#9924,.T.);
#9922 = VERTEX_POINT('',#9923);
#9923 = CARTESIAN_POINT('',(1.6,-0.6,0.2811));
#9924 = SURFACE_CURVE('',#9925,(#9929,#9936),.PCURVE_S1.);
#9925 = LINE('',#9926,#9927);
#9926 = CARTESIAN_POINT('',(-1.6,-0.6,0.2811));
#9927 = VECTOR('',#9928,1.);
#9928 = DIRECTION('',(1.,0.,-0.));
#9929 = PCURVE('',#9572,#9930);
#9930 = DEFINITIONAL_REPRESENTATION('',(#9931),#9935);
#9931 = LINE('',#9932,#9933);
#9932 = CARTESIAN_POINT('',(0.,0.));
#9933 = VECTOR('',#9934,1.);
#9934 = DIRECTION('',(1.,0.));
#9935 = ( GEOMETRIC_REPRESENTATION_CONTEXT(2) 
PARAMETRIC_REPRESENTATION_CONTEXT() REPRESENTATION_CONTEXT('2D SPACE',''
  ) );
#9936 = PCURVE('',#9526,#9937);
#9937 = DEFINITIONAL_REPRESENTATION('',(#9938),#9942);
#9938 = LINE('',#9939,#9940);
#9939 = CARTESIAN_POINT('',(1.1E-02,0.));
#9940 = VECTOR('',#9941,1.);
#9941 = DIRECTION('',(0.,1.));
#9942 = ( GEOMETRIC_REPRESENTATION_CONTEXT(2) 
PARAMETRIC_REPRESENTATION_CONTEXT() REPRESENTATION_CONTEXT('2D SPACE',''
  ) );
#9943 = ORIENTED_EDGE('',*,*,#9944,.T.);
#9944 = EDGE_CURVE('',#9922,#9897,#9945,.T.);
#9945 = SURFACE_CURVE('',#9946,(#9950,#9957),.PCURVE_S1.);
#9946 = LINE('',#9947,#9948);
#9947 = CARTESIAN_POINT('',(1.6,-0.6,0.2811));
#9948 = VECTOR('',#9949,1.);
#9949 = DIRECTION('',(-0.,1.,0.));
#9950 = PCURVE('',#9572,#9951);
#9951 = DEFINITIONAL_REPRESENTATION('',(#9952),#9956);
#9952 = LINE('',#9953,#9954);
#9953 = CARTESIAN_POINT('',(3.2,0.));
#9954 = VECTOR('',#9955,1.);
#9955 = DIRECTION('',(0.,1.));
#9956 = ( GEOMETRIC_REPRESENTATION_CONTEXT(2) 
PARAMETRIC_REPRESENTATION_CONTEXT() REPRESENTATION_CONTEXT('2D SPACE',''
  ) );
#9957 = PCURVE('',#9958,#9963);
#9958 = PLANE('',#9959);
#9959 = AXIS2_PLACEMENT_3D('',#9960,#9961,#9962);
#9960 = CARTESIAN_POINT('',(1.6,-0.6,0.2701));
#9961 = DIRECTION('',(1.,0.,-0.));
#9962 = DIRECTION('',(0.,0.,1.));
#9963 = DEFINITIONAL_REPRESENTATION('',(#9964),#9968);
#9964 = LINE('',#9965,#9966);
#9965 = CARTESIAN_POINT('',(1.1E-02,0.));
#9966 = VECTOR('',#9967,1.);
#9967 = DIRECTION('',(0.,-1.));
#9968 = ( GEOMETRIC_REPRESENTATION_CONTEXT(2) 
PARAMETRIC_REPRESENTATION_CONTEXT() REPRESENTATION_CONTEXT('2D SPACE',''
  ) );
#9969 = ADVANCED_FACE('',(#9970),#9526,.F.);
#9970 = FACE_BOUND('',#9971,.F.);
#9971 = EDGE_LOOP('',(#9972,#9973,#9974,#9997));
#9972 = ORIENTED_EDGE('',*,*,#9506,.F.);
#9973 = ORIENTED_EDGE('',*,*,#9921,.T.);
#9974 = ORIENTED_EDGE('',*,*,#9975,.F.);
#9975 = EDGE_CURVE('',#9976,#9922,#9978,.T.);
#9976 = VERTEX_POINT('',#9977);
#9977 = CARTESIAN_POINT('',(1.6,-0.6,0.2701));
#9978 = SURFACE_CURVE('',#9979,(#9983,#9990),.PCURVE_S1.);
#9979 = LINE('',#9980,#9981);
#9980 = CARTESIAN_POINT('',(1.6,-0.6,0.2701));
#9981 = VECTOR('',#9982,1.);
#9982 = DIRECTION('',(0.,0.,1.));
#9983 = PCURVE('',#9526,#9984);
#9984 = DEFINITIONAL_REPRESENTATION('',(#9985),#9989);
#9985 = LINE('',#9986,#9987);
#9986 = CARTESIAN_POINT('',(0.,3.2));
#9987 = VECTOR('',#9988,1.);
#9988 = DIRECTION('',(1.,0.));
#9989 = ( GEOMETRIC_REPRESENTATION_CONTEXT(2) 
PARAMETRIC_REPRESENTATION_CONTEXT() REPRESENTATION_CONTEXT('2D SPACE',''
  ) );
#9990 = PCURVE('',#9958,#9991);
#9991 = DEFINITIONAL_REPRESENTATION('',(#9992),#9996);
#9992 = LINE('',#9993,#9994);
#9993 = CARTESIAN_POINT('',(0.,0.));
#9994 = VECTOR('',#9995,1.);
#9995 = DIRECTION('',(1.,0.));
#9996 = ( GEOMETRIC_REPRESENTATION_CONTEXT(2) 
PARAMETRIC_REPRESENTATION_CONTEXT() REPRESENTATION_CONTEXT('2D SPACE',''
  ) );
#9997 = ORIENTED_EDGE('',*,*,#9998,.F.);
#9998 = EDGE_CURVE('',#9464,#9976,#9999,.T.);
#9999 = SURFACE_CURVE('',#10000,(#10004,#10011),.PCURVE_S1.);
#10000 = LINE('',#10001,#10002);
#10001 = CARTESIAN_POINT('',(-1.6,-0.6,0.2701));
#10002 = VECTOR('',#10003,1.);
#10003 = DIRECTION('',(1.,0.,-0.));
#10004 = PCURVE('',#9526,#10005);
#10005 = DEFINITIONAL_REPRESENTATION('',(#10006),#10010);
#10006 = LINE('',#10007,#10008);
#10007 = CARTESIAN_POINT('',(0.,0.));
#10008 = VECTOR('',#10009,1.);
#10009 = DIRECTION('',(0.,1.));
#10010 = ( GEOMETRIC_REPRESENTATION_CONTEXT(2) 
PARAMETRIC_REPRESENTATION_CONTEXT() REPRESENTATION_CONTEXT('2D SPACE',''
  ) );
#10011 = PCURVE('',#9489,#10012);
#10012 = DEFINITIONAL_REPRESENTATION('',(#10013),#10017);
#10013 = LINE('',#10014,#10015);
#10014 = CARTESIAN_POINT('',(0.,0.));
#10015 = VECTOR('',#10016,1.);
#10016 = DIRECTION('',(1.,0.));
#10017 = ( GEOMETRIC_REPRESENTATION_CONTEXT(2) 
PARAMETRIC_REPRESENTATION_CONTEXT() REPRESENTATION_CONTEXT('2D SPACE',''
  ) );
#10018 = ADVANCED_FACE('',(#10019),#9489,.F.);
#10019 = FACE_BOUND('',#10020,.F.);
#10020 = EDGE_LOOP('',(#10021,#10044,#10045,#10046,#10047));
#10021 = ORIENTED_EDGE('',*,*,#10022,.F.);
#10022 = EDGE_CURVE('',#9649,#10023,#10025,.T.);
#10023 = VERTEX_POINT('',#10024);
#10024 = CARTESIAN_POINT('',(1.6,0.6,0.2701));
#10025 = SURFACE_CURVE('',#10026,(#10030,#10037),.PCURVE_S1.);
#10026 = LINE('',#10027,#10028);
#10027 = CARTESIAN_POINT('',(-1.6,0.6,0.2701));
#10028 = VECTOR('',#10029,1.);
#10029 = DIRECTION('',(1.,0.,-0.));
#10030 = PCURVE('',#9489,#10031);
#10031 = DEFINITIONAL_REPRESENTATION('',(#10032),#10036);
#10032 = LINE('',#10033,#10034);
#10033 = CARTESIAN_POINT('',(0.,1.2));
#10034 = VECTOR('',#10035,1.);
#10035 = DIRECTION('',(1.,0.));
#10036 = ( GEOMETRIC_REPRESENTATION_CONTEXT(2) 
PARAMETRIC_REPRESENTATION_CONTEXT() REPRESENTATION_CONTEXT('2D SPACE',''
  ) );
#10037 = PCURVE('',#9668,#10038);
#10038 = DEFINITIONAL_REPRESENTATION('',(#10039),#10043);
#10039 = LINE('',#10040,#10041);
#10040 = CARTESIAN_POINT('',(0.,0.));
#10041 = VECTOR('',#10042,1.);
#10042 = DIRECTION('',(0.,1.));
#10043 = ( GEOMETRIC_REPRESENTATION_CONTEXT(2) 
PARAMETRIC_REPRESENTATION_CONTEXT() REPRESENTATION_CONTEXT('2D SPACE',''
  ) );
#10044 = ORIENTED_EDGE('',*,*,#9682,.T.);
#10045 = ORIENTED_EDGE('',*,*,#9463,.T.);
#10046 = ORIENTED_EDGE('',*,*,#9998,.T.);
#10047 = ORIENTED_EDGE('',*,*,#10048,.T.);
#10048 = EDGE_CURVE('',#9976,#10023,#10049,.T.);
#10049 = SURFACE_CURVE('',#10050,(#10054,#10061),.PCURVE_S1.);
#10050 = LINE('',#10051,#10052);
#10051 = CARTESIAN_POINT('',(1.6,-0.6,0.2701));
#10052 = VECTOR('',#10053,1.);
#10053 = DIRECTION('',(-0.,1.,0.));
#10054 = PCURVE('',#9489,#10055);
#10055 = DEFINITIONAL_REPRESENTATION('',(#10056),#10060);
#10056 = LINE('',#10057,#10058);
#10057 = CARTESIAN_POINT('',(3.2,0.));
#10058 = VECTOR('',#10059,1.);
#10059 = DIRECTION('',(0.,1.));
#10060 = ( GEOMETRIC_REPRESENTATION_CONTEXT(2) 
PARAMETRIC_REPRESENTATION_CONTEXT() REPRESENTATION_CONTEXT('2D SPACE',''
  ) );
#10061 = PCURVE('',#9958,#10062);
#10062 = DEFINITIONAL_REPRESENTATION('',(#10063),#10067);
#10063 = LINE('',#10064,#10065);
#10064 = CARTESIAN_POINT('',(0.,0.));
#10065 = VECTOR('',#10066,1.);
#10066 = DIRECTION('',(0.,-1.));
#10067 = ( GEOMETRIC_REPRESENTATION_CONTEXT(2) 
PARAMETRIC_REPRESENTATION_CONTEXT() REPRESENTATION_CONTEXT('2D SPACE',''
  ) );
#10068 = ADVANCED_FACE('',(#10069,#10073),#9424,.F.);
#10069 = FACE_BOUND('',#10070,.T.);
#10070 = EDGE_LOOP('',(#10071,#10072));
#10071 = ORIENTED_EDGE('',*,*,#9378,.T.);
#10072 = ORIENTED_EDGE('',*,*,#9719,.T.);
#10073 = FACE_BOUND('',#10074,.T.);
#10074 = EDGE_LOOP('',(#10075,#10138));
#10075 = ORIENTED_EDGE('',*,*,#10076,.F.);
#10076 = EDGE_CURVE('',#10077,#10079,#10081,.T.);
#10077 = VERTEX_POINT('',#10078);
#10078 = CARTESIAN_POINT('',(-1.100431733457,0.,0.2));
#10079 = VERTEX_POINT('',#10080);
#10080 = CARTESIAN_POINT('',(1.100431733457,1.347640200059E-16,0.2));
#10081 = SURFACE_CURVE('',#10082,(#10088,#10097),.PCURVE_S1.);
#10082 = ( BOUNDED_CURVE() B_SPLINE_CURVE(2,(#10083,#10084,#10085,#10086
,#10087),.UNSPECIFIED.,.F.,.F.) B_SPLINE_CURVE_WITH_KNOTS((3,2,3),(0.,
1.570796326795,3.14159265359),.PIECEWISE_BEZIER_KNOTS.) CURVE() 
GEOMETRIC_REPRESENTATION_ITEM() RATIONAL_B_SPLINE_CURVE((1.,
0.707106781187,1.,0.707106781187,1.)) REPRESENTATION_ITEM('') );
#10083 = CARTESIAN_POINT('',(-1.100431733457,0.,0.2));
#10084 = CARTESIAN_POINT('',(-1.100431733457,1.100431733457,0.2));
#10085 = CARTESIAN_POINT('',(-6.342988316111E-17,1.100431733457,0.2));
#10086 = CARTESIAN_POINT('',(1.100431733457,1.100431733457,0.2));
#10087 = CARTESIAN_POINT('',(1.100431733457,1.347640200059E-16,0.2));
#10088 = PCURVE('',#9424,#10089);
#10089 = DEFINITIONAL_REPRESENTATION('',(#10090),#10096);
#10090 = ( BOUNDED_CURVE() B_SPLINE_CURVE(2,(#10091,#10092,#10093,#10094
,#10095),.UNSPECIFIED.,.F.,.F.) B_SPLINE_CURVE_WITH_KNOTS((3,2,3),(0.,
1.570796326795,3.14159265359),.PIECEWISE_BEZIER_KNOTS.) CURVE() 
GEOMETRIC_REPRESENTATION_ITEM() RATIONAL_B_SPLINE_CURVE((1.,
0.707106781187,1.,0.707106781187,1.)) REPRESENTATION_ITEM('') );
#10091 = CARTESIAN_POINT('',(0.277298073936,0.));
#10092 = CARTESIAN_POINT('',(0.277298073936,1.222701926064));
#10093 = CARTESIAN_POINT('',(1.5,1.222701926064));
#10094 = CARTESIAN_POINT('',(2.722701926064,1.222701926064));
#10095 = CARTESIAN_POINT('',(2.722701926064,1.497378000065E-16));
#10096 = ( GEOMETRIC_REPRESENTATION_CONTEXT(2) 
PARAMETRIC_REPRESENTATION_CONTEXT() REPRESENTATION_CONTEXT('2D SPACE',''
  ) );
#10097 = PCURVE('',#10098,#10108);
#10098 = ( BOUNDED_SURFACE() B_SPLINE_SURFACE(2,2,(
    (#10099,#10100,#10101)
    ,(#10102,#10103,#10104)
    ,(#10105,#10106,#10107
)),.UNSPECIFIED.,.F.,.F.,.F.) B_SPLINE_SURFACE_WITH_KNOTS((3,3),(3,3),(
    1.40758269694,1.73400995665),(0.,0.163769604848),
.PIECEWISE_BEZIER_KNOTS.) GEOMETRIC_REPRESENTATION_ITEM() 
RATIONAL_B_SPLINE_SURFACE((
    (1.,0.996649312424,1.)
    ,(0.986710196762,0.983404039165,0.986710196762)
,(1.,0.996649312424,1.))) REPRESENTATION_ITEM('') SURFACE() );
#10099 = CARTESIAN_POINT('',(-1.100463264618,0.,0.199994230635));
#10100 = CARTESIAN_POINT('',(-1.100463264618,0.555807632521,
    0.199994230635));
#10101 = CARTESIAN_POINT('',(-1.085738740303,1.104178394351,
    0.100645609374));
#10102 = CARTESIAN_POINT('',(-4.202814805422E-16,0.,0.401352727166));
#10103 = CARTESIAN_POINT('',(-4.202814805422E-16,0.555807632521,
    0.401352727166));
#10104 = CARTESIAN_POINT('',(-4.14657989892E-16,1.104178394351,
    0.299309869601));
#10105 = CARTESIAN_POINT('',(1.100463264618,0.,0.199994230635));
#10106 = CARTESIAN_POINT('',(1.100463264618,0.555807632521,
    0.199994230635));
#10107 = CARTESIAN_POINT('',(1.085738740303,1.104178394351,
    0.100645609374));
#10108 = DEFINITIONAL_REPRESENTATION('',(#10109),#10137);
#10109 = B_SPLINE_CURVE_WITH_KNOTS('',7,(#10110,#10111,#10112,#10113,
    #10114,#10115,#10116,#10117,#10118,#10119,#10120,#10121,#10122,
    #10123,#10124,#10125,#10126,#10127,#10128,#10129,#10130,#10131,
    #10132,#10133,#10134,#10135,#10136),.UNSPECIFIED.,.F.,.F.,(8,6,7,6,8
    ),(0.,0.785398163397,1.570796326795,2.356194490192,3.14159265359),
  .UNSPECIFIED.);
#10110 = CARTESIAN_POINT('',(1.407587436423,4.492580124683E-18));
#10111 = CARTESIAN_POINT('',(1.407587419255,1.643179080477E-02));
#10112 = CARTESIAN_POINT('',(1.409504684262,3.36533793315E-02));
#10113 = CARTESIAN_POINT('',(1.413675528425,5.133006765072E-02));
#10114 = CARTESIAN_POINT('',(1.420373980998,6.897539888121E-02));
#10115 = CARTESIAN_POINT('',(1.429698335543,8.590483534664E-02));
#10116 = CARTESIAN_POINT('',(1.441392564922,0.101449010053));
#10117 = CARTESIAN_POINT('',(1.468615944016,0.128817458542));
#10118 = CARTESIAN_POINT('',(1.484144307307,0.140640646627));
#10119 = CARTESIAN_POINT('',(1.501137403739,0.150128450199));
#10120 = CARTESIAN_POINT('',(1.518929475686,0.156976601127));
#10121 = CARTESIAN_POINT('',(1.536790424075,0.161245456375));
#10122 = CARTESIAN_POINT('',(1.554198781416,0.163208333376));
#10123 = CARTESIAN_POINT('',(1.570796326795,0.16320829074));
#10124 = CARTESIAN_POINT('',(1.587393872185,0.163208333376));
#10125 = CARTESIAN_POINT('',(1.604802229493,0.161245456375));
#10126 = CARTESIAN_POINT('',(1.622663177906,0.156976601126));
#10127 = CARTESIAN_POINT('',(1.640455249821,0.150128450199));
#10128 = CARTESIAN_POINT('',(1.657448346297,0.140640646627));
#10129 = CARTESIAN_POINT('',(1.672976709574,0.128817458542));
#10130 = CARTESIAN_POINT('',(1.700200088673,0.101449010053));
#10131 = CARTESIAN_POINT('',(1.711894318045,8.590483534533E-02));
#10132 = CARTESIAN_POINT('',(1.721218672583,6.897539888337E-02));
#10133 = CARTESIAN_POINT('',(1.727917125192,5.133006764851E-02));
#10134 = CARTESIAN_POINT('',(1.732087969294,3.365337933224E-02));
#10135 = CARTESIAN_POINT('',(1.734005234341,1.643179080444E-02));
#10136 = CARTESIAN_POINT('',(1.734005217167,3.958344196875E-17));
#10137 = ( GEOMETRIC_REPRESENTATION_CONTEXT(2) 
PARAMETRIC_REPRESENTATION_CONTEXT() REPRESENTATION_CONTEXT('2D SPACE',''
  ) );
#10138 = ORIENTED_EDGE('',*,*,#10139,.F.);
#10139 = EDGE_CURVE('',#10079,#10077,#10140,.T.);
#10140 = SURFACE_CURVE('',#10141,(#10147,#10156),.PCURVE_S1.);
#10141 = ( BOUNDED_CURVE() B_SPLINE_CURVE(2,(#10142,#10143,#10144,#10145
,#10146),.UNSPECIFIED.,.F.,.F.) B_SPLINE_CURVE_WITH_KNOTS((3,2,3),(
    3.14159265359,4.712388980385,6.28318530718),
.PIECEWISE_BEZIER_KNOTS.) CURVE() GEOMETRIC_REPRESENTATION_ITEM() 
RATIONAL_B_SPLINE_CURVE((1.,0.707106781187,1.,0.707106781187,1.)) 
REPRESENTATION_ITEM('') );
#10142 = CARTESIAN_POINT('',(1.100431733457,1.347640200059E-16,0.2));
#10143 = CARTESIAN_POINT('',(1.100431733457,-1.100431733457,0.2));
#10144 = CARTESIAN_POINT('',(2.060981568506E-16,-1.100431733457,0.2));
#10145 = CARTESIAN_POINT('',(-1.100431733457,-1.100431733457,0.2));
#10146 = CARTESIAN_POINT('',(-1.100431733457,-2.695280400117E-16,0.2));
#10147 = PCURVE('',#9424,#10148);
#10148 = DEFINITIONAL_REPRESENTATION('',(#10149),#10155);
#10149 = ( BOUNDED_CURVE() B_SPLINE_CURVE(2,(#10150,#10151,#10152,#10153
,#10154),.UNSPECIFIED.,.F.,.F.) B_SPLINE_CURVE_WITH_KNOTS((3,2,3),(
    3.14159265359,4.712388980385,6.28318530718),
.PIECEWISE_BEZIER_KNOTS.) CURVE() GEOMETRIC_REPRESENTATION_ITEM() 
RATIONAL_B_SPLINE_CURVE((1.,0.707106781187,1.,0.707106781187,1.)) 
REPRESENTATION_ITEM('') );
#10150 = CARTESIAN_POINT('',(2.722701926064,1.497378000065E-16));
#10151 = CARTESIAN_POINT('',(2.722701926064,-1.222701926064));
#10152 = CARTESIAN_POINT('',(1.5,-1.222701926064));
#10153 = CARTESIAN_POINT('',(0.277298073936,-1.222701926064));
#10154 = CARTESIAN_POINT('',(0.277298073936,-2.994756000131E-16));
#10155 = ( GEOMETRIC_REPRESENTATION_CONTEXT(2) 
PARAMETRIC_REPRESENTATION_CONTEXT() REPRESENTATION_CONTEXT('2D SPACE',''
  ) );
#10156 = PCURVE('',#10157,#10167);
#10157 = ( BOUNDED_SURFACE() B_SPLINE_SURFACE(2,2,(
    (#10158,#10159,#10160)
    ,(#10161,#10162,#10163)
    ,(#10164,#10165,#10166
)),.UNSPECIFIED.,.F.,.F.,.F.) B_SPLINE_SURFACE_WITH_KNOTS((3,3),(3,3),(
    1.40758269694,1.73400995665),(-0.163769604848,2.775557561563E-17),
.PIECEWISE_BEZIER_KNOTS.) GEOMETRIC_REPRESENTATION_ITEM() 
RATIONAL_B_SPLINE_SURFACE((
    (1.,0.996649312424,1.)
    ,(0.986710196762,0.983404039165,0.986710196762)
,(1.,0.996649312424,1.))) REPRESENTATION_ITEM('') SURFACE() );
#10158 = CARTESIAN_POINT('',(-1.085738740303,-1.104178394351,
    0.100645609374));
#10159 = CARTESIAN_POINT('',(-1.100463264618,-0.555807632521,
    0.199994230635));
#10160 = CARTESIAN_POINT('',(-1.100463264618,1.879746358568E-16,
    0.199994230635));
#10161 = CARTESIAN_POINT('',(-4.14657989892E-16,-1.104178394351,
    0.299309869601));
#10162 = CARTESIAN_POINT('',(-4.202814805422E-16,-0.555807632521,
    0.401352727166));
#10163 = CARTESIAN_POINT('',(-4.202814805422E-16,1.879746358568E-16,
    0.401352727166));
#10164 = CARTESIAN_POINT('',(1.085738740303,-1.104178394351,
    0.100645609374));
#10165 = CARTESIAN_POINT('',(1.100463264618,-0.555807632521,
    0.199994230635));
#10166 = CARTESIAN_POINT('',(1.100463264618,1.879746358568E-16,
    0.199994230635));
#10167 = DEFINITIONAL_REPRESENTATION('',(#10168),#10196);
#10168 = B_SPLINE_CURVE_WITH_KNOTS('',7,(#10169,#10170,#10171,#10172,
    #10173,#10174,#10175,#10176,#10177,#10178,#10179,#10180,#10181,
    #10182,#10183,#10184,#10185,#10186,#10187,#10188,#10189,#10190,
    #10191,#10192,#10193,#10194,#10195),.UNSPECIFIED.,.F.,.F.,(8,6,7,6,8
    ),(3.14159265359,3.926990816987,4.712388980385,5.497787143782,
    6.28318530718),.UNSPECIFIED.);
#10169 = CARTESIAN_POINT('',(1.734005217167,3.921798313037E-17));
#10170 = CARTESIAN_POINT('',(1.734005234343,-1.64317908047E-02));
#10171 = CARTESIAN_POINT('',(1.732087969301,-3.365337933178E-02));
#10172 = CARTESIAN_POINT('',(1.727917125205,-5.133006765072E-02));
#10173 = CARTESIAN_POINT('',(1.721218672572,-6.897539888121E-02));
#10174 = CARTESIAN_POINT('',(1.71189431805,-8.590483534596E-02));
#10175 = CARTESIAN_POINT('',(1.70020008867,-0.101449010053));
#10176 = CARTESIAN_POINT('',(1.672976709572,-0.128817458542));
#10177 = CARTESIAN_POINT('',(1.657448346292,-0.140640646625));
#10178 = CARTESIAN_POINT('',(1.640455249832,-0.150128450206));
#10179 = CARTESIAN_POINT('',(1.622663177885,-0.156976601118));
#10180 = CARTESIAN_POINT('',(1.604802229504,-0.161245456378));
#10181 = CARTESIAN_POINT('',(1.587393872183,-0.163208333376));
#10182 = CARTESIAN_POINT('',(1.570796326795,-0.16320829074));
#10183 = CARTESIAN_POINT('',(1.554198781411,-0.163208333376));
#10184 = CARTESIAN_POINT('',(1.536790424085,-0.161245456376));
#10185 = CARTESIAN_POINT('',(1.518929475651,-0.156976601127));
#10186 = CARTESIAN_POINT('',(1.501137403764,-0.1501284502));
#10187 = CARTESIAN_POINT('',(1.484144307288,-0.140640646627));
#10188 = CARTESIAN_POINT('',(1.46861594402,-0.128817458542));
#10189 = CARTESIAN_POINT('',(1.441392564919,-0.101449010053));
#10190 = CARTESIAN_POINT('',(1.429698335554,-8.590483534519E-02));
#10191 = CARTESIAN_POINT('',(1.420373980975,-6.897539888274E-02));
#10192 = CARTESIAN_POINT('',(1.413675528436,-5.133006764879E-02));
#10193 = CARTESIAN_POINT('',(1.409504684255,-3.365337933207E-02));
#10194 = CARTESIAN_POINT('',(1.407587419256,-1.643179080452E-02));
#10195 = CARTESIAN_POINT('',(1.407587436423,-2.630612190243E-17));
#10196 = ( GEOMETRIC_REPRESENTATION_CONTEXT(2) 
PARAMETRIC_REPRESENTATION_CONTEXT() REPRESENTATION_CONTEXT('2D SPACE',''
  ) );
#10197 = ADVANCED_FACE('',(#10198),#9336,.F.);
#10198 = FACE_BOUND('',#10199,.F.);
#10199 = EDGE_LOOP('',(#10200,#10223,#10251,#10272,#10273));
#10200 = ORIENTED_EDGE('',*,*,#10201,.F.);
#10201 = EDGE_CURVE('',#10202,#9774,#10204,.T.);
#10202 = VERTEX_POINT('',#10203);
#10203 = CARTESIAN_POINT('',(-1.6,0.6,0.2701));
#10204 = SURFACE_CURVE('',#10205,(#10209,#10216),.PCURVE_S1.);
#10205 = LINE('',#10206,#10207);
#10206 = CARTESIAN_POINT('',(-1.6,0.6,0.2701));
#10207 = VECTOR('',#10208,1.);
#10208 = DIRECTION('',(1.,0.,-0.));
#10209 = PCURVE('',#9336,#10210);
#10210 = DEFINITIONAL_REPRESENTATION('',(#10211),#10215);
#10211 = LINE('',#10212,#10213);
#10212 = CARTESIAN_POINT('',(0.,1.2));
#10213 = VECTOR('',#10214,1.);
#10214 = DIRECTION('',(1.,0.));
#10215 = ( GEOMETRIC_REPRESENTATION_CONTEXT(2) 
PARAMETRIC_REPRESENTATION_CONTEXT() REPRESENTATION_CONTEXT('2D SPACE',''
  ) );
#10216 = PCURVE('',#9831,#10217);
#10217 = DEFINITIONAL_REPRESENTATION('',(#10218),#10222);
#10218 = LINE('',#10219,#10220);
#10219 = CARTESIAN_POINT('',(0.,0.));
#10220 = VECTOR('',#10221,1.);
#10221 = DIRECTION('',(0.,1.));
#10222 = ( GEOMETRIC_REPRESENTATION_CONTEXT(2) 
PARAMETRIC_REPRESENTATION_CONTEXT() REPRESENTATION_CONTEXT('2D SPACE',''
  ) );
#10223 = ORIENTED_EDGE('',*,*,#10224,.F.);
#10224 = EDGE_CURVE('',#10225,#10202,#10227,.T.);
#10225 = VERTEX_POINT('',#10226);
#10226 = CARTESIAN_POINT('',(-1.6,-0.6,0.2701));
#10227 = SURFACE_CURVE('',#10228,(#10232,#10239),.PCURVE_S1.);
#10228 = LINE('',#10229,#10230);
#10229 = CARTESIAN_POINT('',(-1.6,-0.6,0.2701));
#10230 = VECTOR('',#10231,1.);
#10231 = DIRECTION('',(-0.,1.,0.));
#10232 = PCURVE('',#9336,#10233);
#10233 = DEFINITIONAL_REPRESENTATION('',(#10234),#10238);
#10234 = LINE('',#10235,#10236);
#10235 = CARTESIAN_POINT('',(0.,0.));
#10236 = VECTOR('',#10237,1.);
#10237 = DIRECTION('',(0.,1.));
#10238 = ( GEOMETRIC_REPRESENTATION_CONTEXT(2) 
PARAMETRIC_REPRESENTATION_CONTEXT() REPRESENTATION_CONTEXT('2D SPACE',''
  ) );
#10239 = PCURVE('',#10240,#10245);
#10240 = PLANE('',#10241);
#10241 = AXIS2_PLACEMENT_3D('',#10242,#10243,#10244);
#10242 = CARTESIAN_POINT('',(-1.6,-0.6,0.2701));
#10243 = DIRECTION('',(1.,0.,-0.));
#10244 = DIRECTION('',(0.,0.,1.));
#10245 = DEFINITIONAL_REPRESENTATION('',(#10246),#10250);
#10246 = LINE('',#10247,#10248);
#10247 = CARTESIAN_POINT('',(0.,0.));
#10248 = VECTOR('',#10249,1.);
#10249 = DIRECTION('',(0.,-1.));
#10250 = ( GEOMETRIC_REPRESENTATION_CONTEXT(2) 
PARAMETRIC_REPRESENTATION_CONTEXT() REPRESENTATION_CONTEXT('2D SPACE',''
  ) );
#10251 = ORIENTED_EDGE('',*,*,#10252,.T.);
#10252 = EDGE_CURVE('',#10225,#9277,#10253,.T.);
#10253 = SURFACE_CURVE('',#10254,(#10258,#10265),.PCURVE_S1.);
#10254 = LINE('',#10255,#10256);
#10255 = CARTESIAN_POINT('',(-1.6,-0.6,0.2701));
#10256 = VECTOR('',#10257,1.);
#10257 = DIRECTION('',(1.,0.,-0.));
#10258 = PCURVE('',#9336,#10259);
#10259 = DEFINITIONAL_REPRESENTATION('',(#10260),#10264);
#10260 = LINE('',#10261,#10262);
#10261 = CARTESIAN_POINT('',(0.,0.));
#10262 = VECTOR('',#10263,1.);
#10263 = DIRECTION('',(1.,0.));
#10264 = ( GEOMETRIC_REPRESENTATION_CONTEXT(2) 
PARAMETRIC_REPRESENTATION_CONTEXT() REPRESENTATION_CONTEXT('2D SPACE',''
  ) );
#10265 = PCURVE('',#9296,#10266);
#10266 = DEFINITIONAL_REPRESENTATION('',(#10267),#10271);
#10267 = LINE('',#10268,#10269);
#10268 = CARTESIAN_POINT('',(0.,0.));
#10269 = VECTOR('',#10270,1.);
#10270 = DIRECTION('',(0.,1.));
#10271 = ( GEOMETRIC_REPRESENTATION_CONTEXT(2) 
PARAMETRIC_REPRESENTATION_CONTEXT() REPRESENTATION_CONTEXT('2D SPACE',''
  ) );
#10272 = ORIENTED_EDGE('',*,*,#9310,.T.);
#10273 = ORIENTED_EDGE('',*,*,#9773,.T.);
#10274 = ADVANCED_FACE('',(#10275),#9296,.F.);
#10275 = FACE_BOUND('',#10276,.F.);
#10276 = EDGE_LOOP('',(#10277,#10278,#10301,#10322));
#10277 = ORIENTED_EDGE('',*,*,#10252,.F.);
#10278 = ORIENTED_EDGE('',*,*,#10279,.T.);
#10279 = EDGE_CURVE('',#10225,#10280,#10282,.T.);
#10280 = VERTEX_POINT('',#10281);
#10281 = CARTESIAN_POINT('',(-1.6,-0.6,0.2811));
#10282 = SURFACE_CURVE('',#10283,(#10287,#10294),.PCURVE_S1.);
#10283 = LINE('',#10284,#10285);
#10284 = CARTESIAN_POINT('',(-1.6,-0.6,0.2701));
#10285 = VECTOR('',#10286,1.);
#10286 = DIRECTION('',(0.,0.,1.));
#10287 = PCURVE('',#9296,#10288);
#10288 = DEFINITIONAL_REPRESENTATION('',(#10289),#10293);
#10289 = LINE('',#10290,#10291);
#10290 = CARTESIAN_POINT('',(0.,0.));
#10291 = VECTOR('',#10292,1.);
#10292 = DIRECTION('',(1.,0.));
#10293 = ( GEOMETRIC_REPRESENTATION_CONTEXT(2) 
PARAMETRIC_REPRESENTATION_CONTEXT() REPRESENTATION_CONTEXT('2D SPACE',''
  ) );
#10294 = PCURVE('',#10240,#10295);
#10295 = DEFINITIONAL_REPRESENTATION('',(#10296),#10300);
#10296 = LINE('',#10297,#10298);
#10297 = CARTESIAN_POINT('',(0.,0.));
#10298 = VECTOR('',#10299,1.);
#10299 = DIRECTION('',(1.,0.));
#10300 = ( GEOMETRIC_REPRESENTATION_CONTEXT(2) 
PARAMETRIC_REPRESENTATION_CONTEXT() REPRESENTATION_CONTEXT('2D SPACE',''
  ) );
#10301 = ORIENTED_EDGE('',*,*,#10302,.T.);
#10302 = EDGE_CURVE('',#10280,#9222,#10303,.T.);
#10303 = SURFACE_CURVE('',#10304,(#10308,#10315),.PCURVE_S1.);
#10304 = LINE('',#10305,#10306);
#10305 = CARTESIAN_POINT('',(-1.6,-0.6,0.2811));
#10306 = VECTOR('',#10307,1.);
#10307 = DIRECTION('',(1.,0.,-0.));
#10308 = PCURVE('',#9296,#10309);
#10309 = DEFINITIONAL_REPRESENTATION('',(#10310),#10314);
#10310 = LINE('',#10311,#10312);
#10311 = CARTESIAN_POINT('',(1.1E-02,0.));
#10312 = VECTOR('',#10313,1.);
#10313 = DIRECTION('',(0.,1.));
#10314 = ( GEOMETRIC_REPRESENTATION_CONTEXT(2) 
PARAMETRIC_REPRESENTATION_CONTEXT() REPRESENTATION_CONTEXT('2D SPACE',''
  ) );
#10315 = PCURVE('',#9255,#10316);
#10316 = DEFINITIONAL_REPRESENTATION('',(#10317),#10321);
#10317 = LINE('',#10318,#10319);
#10318 = CARTESIAN_POINT('',(0.,0.));
#10319 = VECTOR('',#10320,1.);
#10320 = DIRECTION('',(1.,0.));
#10321 = ( GEOMETRIC_REPRESENTATION_CONTEXT(2) 
PARAMETRIC_REPRESENTATION_CONTEXT() REPRESENTATION_CONTEXT('2D SPACE',''
  ) );
#10322 = ORIENTED_EDGE('',*,*,#9276,.F.);
#10323 = ADVANCED_FACE('',(#10324),#9255,.T.);
#10324 = FACE_BOUND('',#10325,.T.);
#10325 = EDGE_LOOP('',(#10326,#10349,#10370,#10371,#10372));
#10326 = ORIENTED_EDGE('',*,*,#10327,.F.);
#10327 = EDGE_CURVE('',#10328,#9812,#10330,.T.);
#10328 = VERTEX_POINT('',#10329);
#10329 = CARTESIAN_POINT('',(-1.6,0.6,0.2811));
#10330 = SURFACE_CURVE('',#10331,(#10335,#10342),.PCURVE_S1.);
#10331 = LINE('',#10332,#10333);
#10332 = CARTESIAN_POINT('',(-1.6,0.6,0.2811));
#10333 = VECTOR('',#10334,1.);
#10334 = DIRECTION('',(1.,0.,-0.));
#10335 = PCURVE('',#9255,#10336);
#10336 = DEFINITIONAL_REPRESENTATION('',(#10337),#10341);
#10337 = LINE('',#10338,#10339);
#10338 = CARTESIAN_POINT('',(0.,1.2));
#10339 = VECTOR('',#10340,1.);
#10340 = DIRECTION('',(1.,0.));
#10341 = ( GEOMETRIC_REPRESENTATION_CONTEXT(2) 
PARAMETRIC_REPRESENTATION_CONTEXT() REPRESENTATION_CONTEXT('2D SPACE',''
  ) );
#10342 = PCURVE('',#9831,#10343);
#10343 = DEFINITIONAL_REPRESENTATION('',(#10344),#10348);
#10344 = LINE('',#10345,#10346);
#10345 = CARTESIAN_POINT('',(1.1E-02,0.));
#10346 = VECTOR('',#10347,1.);
#10347 = DIRECTION('',(0.,1.));
#10348 = ( GEOMETRIC_REPRESENTATION_CONTEXT(2) 
PARAMETRIC_REPRESENTATION_CONTEXT() REPRESENTATION_CONTEXT('2D SPACE',''
  ) );
#10349 = ORIENTED_EDGE('',*,*,#10350,.F.);
#10350 = EDGE_CURVE('',#10280,#10328,#10351,.T.);
#10351 = SURFACE_CURVE('',#10352,(#10356,#10363),.PCURVE_S1.);
#10352 = LINE('',#10353,#10354);
#10353 = CARTESIAN_POINT('',(-1.6,-0.6,0.2811));
#10354 = VECTOR('',#10355,1.);
#10355 = DIRECTION('',(-0.,1.,0.));
#10356 = PCURVE('',#9255,#10357);
#10357 = DEFINITIONAL_REPRESENTATION('',(#10358),#10362);
#10358 = LINE('',#10359,#10360);
#10359 = CARTESIAN_POINT('',(0.,0.));
#10360 = VECTOR('',#10361,1.);
#10361 = DIRECTION('',(0.,1.));
#10362 = ( GEOMETRIC_REPRESENTATION_CONTEXT(2) 
PARAMETRIC_REPRESENTATION_CONTEXT() REPRESENTATION_CONTEXT('2D SPACE',''
  ) );
#10363 = PCURVE('',#10240,#10364);
#10364 = DEFINITIONAL_REPRESENTATION('',(#10365),#10369);
#10365 = LINE('',#10366,#10367);
#10366 = CARTESIAN_POINT('',(1.1E-02,0.));
#10367 = VECTOR('',#10368,1.);
#10368 = DIRECTION('',(0.,-1.));
#10369 = ( GEOMETRIC_REPRESENTATION_CONTEXT(2) 
PARAMETRIC_REPRESENTATION_CONTEXT() REPRESENTATION_CONTEXT('2D SPACE',''
  ) );
#10370 = ORIENTED_EDGE('',*,*,#10302,.T.);
#10371 = ORIENTED_EDGE('',*,*,#9221,.T.);
#10372 = ORIENTED_EDGE('',*,*,#9845,.T.);
#10373 = ADVANCED_FACE('',(#10374),#9831,.T.);
#10374 = FACE_BOUND('',#10375,.T.);
#10375 = EDGE_LOOP('',(#10376,#10377,#10398,#10399));
#10376 = ORIENTED_EDGE('',*,*,#10201,.F.);
#10377 = ORIENTED_EDGE('',*,*,#10378,.T.);
#10378 = EDGE_CURVE('',#10202,#10328,#10379,.T.);
#10379 = SURFACE_CURVE('',#10380,(#10384,#10391),.PCURVE_S1.);
#10380 = LINE('',#10381,#10382);
#10381 = CARTESIAN_POINT('',(-1.6,0.6,0.2701));
#10382 = VECTOR('',#10383,1.);
#10383 = DIRECTION('',(0.,0.,1.));
#10384 = PCURVE('',#9831,#10385);
#10385 = DEFINITIONAL_REPRESENTATION('',(#10386),#10390);
#10386 = LINE('',#10387,#10388);
#10387 = CARTESIAN_POINT('',(0.,0.));
#10388 = VECTOR('',#10389,1.);
#10389 = DIRECTION('',(1.,0.));
#10390 = ( GEOMETRIC_REPRESENTATION_CONTEXT(2) 
PARAMETRIC_REPRESENTATION_CONTEXT() REPRESENTATION_CONTEXT('2D SPACE',''
  ) );
#10391 = PCURVE('',#10240,#10392);
#10392 = DEFINITIONAL_REPRESENTATION('',(#10393),#10397);
#10393 = LINE('',#10394,#10395);
#10394 = CARTESIAN_POINT('',(0.,-1.2));
#10395 = VECTOR('',#10396,1.);
#10396 = DIRECTION('',(1.,0.));
#10397 = ( GEOMETRIC_REPRESENTATION_CONTEXT(2) 
PARAMETRIC_REPRESENTATION_CONTEXT() REPRESENTATION_CONTEXT('2D SPACE',''
  ) );
#10398 = ORIENTED_EDGE('',*,*,#10327,.T.);
#10399 = ORIENTED_EDGE('',*,*,#9811,.F.);
#10400 = ADVANCED_FACE('',(#10401),#9668,.T.);
#10401 = FACE_BOUND('',#10402,.T.);
#10402 = EDGE_LOOP('',(#10403,#10404,#10405,#10426));
#10403 = ORIENTED_EDGE('',*,*,#9648,.F.);
#10404 = ORIENTED_EDGE('',*,*,#9896,.T.);
#10405 = ORIENTED_EDGE('',*,*,#10406,.F.);
#10406 = EDGE_CURVE('',#10023,#9897,#10407,.T.);
#10407 = SURFACE_CURVE('',#10408,(#10412,#10419),.PCURVE_S1.);
#10408 = LINE('',#10409,#10410);
#10409 = CARTESIAN_POINT('',(1.6,0.6,0.2701));
#10410 = VECTOR('',#10411,1.);
#10411 = DIRECTION('',(0.,0.,1.));
#10412 = PCURVE('',#9668,#10413);
#10413 = DEFINITIONAL_REPRESENTATION('',(#10414),#10418);
#10414 = LINE('',#10415,#10416);
#10415 = CARTESIAN_POINT('',(0.,3.2));
#10416 = VECTOR('',#10417,1.);
#10417 = DIRECTION('',(1.,0.));
#10418 = ( GEOMETRIC_REPRESENTATION_CONTEXT(2) 
PARAMETRIC_REPRESENTATION_CONTEXT() REPRESENTATION_CONTEXT('2D SPACE',''
  ) );
#10419 = PCURVE('',#9958,#10420);
#10420 = DEFINITIONAL_REPRESENTATION('',(#10421),#10425);
#10421 = LINE('',#10422,#10423);
#10422 = CARTESIAN_POINT('',(0.,-1.2));
#10423 = VECTOR('',#10424,1.);
#10424 = DIRECTION('',(1.,0.));
#10425 = ( GEOMETRIC_REPRESENTATION_CONTEXT(2) 
PARAMETRIC_REPRESENTATION_CONTEXT() REPRESENTATION_CONTEXT('2D SPACE',''
  ) );
#10426 = ORIENTED_EDGE('',*,*,#10022,.F.);
#10427 = ADVANCED_FACE('',(#10428),#9958,.T.);
#10428 = FACE_BOUND('',#10429,.T.);
#10429 = EDGE_LOOP('',(#10430,#10431,#10432,#10433));
#10430 = ORIENTED_EDGE('',*,*,#9975,.F.);
#10431 = ORIENTED_EDGE('',*,*,#10048,.T.);
#10432 = ORIENTED_EDGE('',*,*,#10406,.T.);
#10433 = ORIENTED_EDGE('',*,*,#9944,.F.);
#10434 = ADVANCED_FACE('',(#10435),#10098,.F.);
#10435 = FACE_BOUND('',#10436,.F.);
#10436 = EDGE_LOOP('',(#10437,#10438,#10463,#10551,#10585,#10668));
#10437 = ORIENTED_EDGE('',*,*,#10076,.F.);
#10438 = ORIENTED_EDGE('',*,*,#10439,.F.);
#10439 = EDGE_CURVE('',#10440,#10077,#10442,.T.);
#10440 = VERTEX_POINT('',#10441);
#10441 = CARTESIAN_POINT('',(-0.603134978177,0.,0.2701));
#10442 = SURFACE_CURVE('',#10443,(#10447,#10455),.PCURVE_S1.);
#10443 = ( BOUNDED_CURVE() B_SPLINE_CURVE(2,(#10444,#10445,#10446),
.UNSPECIFIED.,.F.,.F.) B_SPLINE_CURVE_WITH_KNOTS((3,3),(3.14159265359,
3.304801564975),.PIECEWISE_BEZIER_KNOTS.) CURVE() 
GEOMETRIC_REPRESENTATION_ITEM() RATIONAL_B_SPLINE_CURVE((1.,
0.99667220375,1.)) REPRESENTATION_ITEM('') );
#10444 = CARTESIAN_POINT('',(8.293920447225E-16,0.,0.3));
#10445 = CARTESIAN_POINT('',(-0.553896240419,0.,0.3));
#10446 = CARTESIAN_POINT('',(-1.100431733457,0.,0.2));
#10447 = PCURVE('',#10098,#10448);
#10448 = DEFINITIONAL_REPRESENTATION('',(#10449),#10454);
#10449 = B_SPLINE_CURVE_WITH_KNOTS('',3,(#10450,#10451,#10452,#10453),
  .UNSPECIFIED.,.F.,.F.,(4,4),(3.14159265359,3.304801564975),
  .PIECEWISE_BEZIER_KNOTS.);
#10450 = CARTESIAN_POINT('',(1.570796326795,-2.082273035312E-33));
#10451 = CARTESIAN_POINT('',(1.516574404906,2.638638887588E-23));
#10452 = CARTESIAN_POINT('',(1.46217204593,3.208796805715E-23));
#10453 = CARTESIAN_POINT('',(1.407587436423,7.532127662061E-31));
#10454 = ( GEOMETRIC_REPRESENTATION_CONTEXT(2) 
PARAMETRIC_REPRESENTATION_CONTEXT() REPRESENTATION_CONTEXT('2D SPACE',''
  ) );
#10455 = PCURVE('',#10157,#10456);
#10456 = DEFINITIONAL_REPRESENTATION('',(#10457),#10462);
#10457 = B_SPLINE_CURVE_WITH_KNOTS('',3,(#10458,#10459,#10460,#10461),
  .UNSPECIFIED.,.F.,.F.,(4,4),(3.14159265359,3.304801564975),
  .PIECEWISE_BEZIER_KNOTS.);
#10458 = CARTESIAN_POINT('',(1.570796326795,1.486909861385E-17));
#10459 = CARTESIAN_POINT('',(1.516574404906,1.475298368202E-17));
#10460 = CARTESIAN_POINT('',(1.46217204593,1.517444746322E-17));
#10461 = CARTESIAN_POINT('',(1.407587436423,1.500107316038E-17));
#10462 = ( GEOMETRIC_REPRESENTATION_CONTEXT(2) 
PARAMETRIC_REPRESENTATION_CONTEXT() REPRESENTATION_CONTEXT('2D SPACE',''
  ) );
#10463 = ORIENTED_EDGE('',*,*,#10464,.T.);
#10464 = EDGE_CURVE('',#10440,#10465,#10467,.T.);
#10465 = VERTEX_POINT('',#10466);
#10466 = CARTESIAN_POINT('',(-6.141499735395E-02,0.6,0.2701));
#10467 = SURFACE_CURVE('',#10468,(#10492,#10519),.PCURVE_S1.);
#10468 = B_SPLINE_CURVE_WITH_KNOTS('',4,(#10469,#10470,#10471,#10472,
    #10473,#10474,#10475,#10476,#10477,#10478,#10479,#10480,#10481,
    #10482,#10483,#10484,#10485,#10486,#10487,#10488,#10489,#10490,
    #10491),.UNSPECIFIED.,.F.,.F.,(5,3,3,3,3,3,3,5),(0.,0.207169946204,
    0.328800529991,0.410330924957,0.468010326127,0.617928165873,
    0.894402288655,1.),.UNSPECIFIED.);
#10469 = CARTESIAN_POINT('',(-0.603134978177,1.110223024625E-16,0.2701)
  );
#10470 = CARTESIAN_POINT('',(-0.603134978177,4.58811312328E-02,0.2701));
#10471 = CARTESIAN_POINT('',(-0.598481218751,9.17642672526E-02,0.2701));
#10472 = CARTESIAN_POINT('',(-0.589173975235,0.136934259131,0.2701));
#10473 = CARTESIAN_POINT('',(-0.567356091878,0.206408577933,0.2701));
#10474 = CARTESIAN_POINT('',(-0.55775466838,0.231628218379,0.2701));
#10475 = CARTESIAN_POINT('',(-0.546665824508,0.256230209505,0.2701));
#10476 = CARTESIAN_POINT('',(-0.525771062815,0.296078765212,0.2701));
#10477 = CARTESIAN_POINT('',(-0.516747445127,0.311735666388,0.2701));
#10478 = CARTESIAN_POINT('',(-0.507105549108,0.327019583358,0.2701));
#10479 = CARTESIAN_POINT('',(-0.48962856781,0.352418574765,0.2701));
#10480 = CARTESIAN_POINT('',(-0.482090066712,0.362737754639,0.2701));
#10481 = CARTESIAN_POINT('',(-0.474263049595,0.372839839009,0.2701));
#10482 = CARTESIAN_POINT('',(-0.445088903956,0.408374922685,0.2701));
#10483 = CARTESIAN_POINT('',(-0.422136825144,0.432490614828,0.2701));
#10484 = CARTESIAN_POINT('',(-0.397472231226,0.454851640696,0.2701));
#10485 = CARTESIAN_POINT('',(-0.323055808688,0.512987261128,0.2701));
#10486 = CARTESIAN_POINT('',(-0.26969601913,0.544154561362,0.2701));
#10487 = CARTESIAN_POINT('',(-0.212579781851,0.567741704578,0.2701));
#10488 = CARTESIAN_POINT('',(-0.130745727123,0.589257386002,0.2701));
#10489 = CARTESIAN_POINT('',(-0.107820847818,0.594034628414,0.2701));
#10490 = CARTESIAN_POINT('',(-8.467943741649E-02,0.597618690792,0.2701)
  );
#10491 = CARTESIAN_POINT('',(-6.141499735395E-02,0.6,0.2701));
#10492 = PCURVE('',#10098,#10493);
#10493 = DEFINITIONAL_REPRESENTATION('',(#10494),#10518);
#10494 = B_SPLINE_CURVE_WITH_KNOTS('',4,(#10495,#10496,#10497,#10498,
    #10499,#10500,#10501,#10502,#10503,#10504,#10505,#10506,#10507,
    #10508,#10509,#10510,#10511,#10512,#10513,#10514,#10515,#10516,
    #10517),.UNSPECIFIED.,.F.,.F.,(5,3,3,3,3,3,3,5),(0.,0.207169946204,
    0.328800529991,0.410330924957,0.468010326127,0.617928165873,
    0.894402288655,1.),.UNSPECIFIED.);
#10495 = CARTESIAN_POINT('',(1.481760747123,0.));
#10496 = CARTESIAN_POINT('',(1.481760747123,6.78219925562E-03));
#10497 = CARTESIAN_POINT('',(1.482445004471,1.356216664452E-02));
#10498 = CARTESIAN_POINT('',(1.483813516502,2.023554745878E-02));
#10499 = CARTESIAN_POINT('',(1.487023218774,3.049958037553E-02));
#10500 = CARTESIAN_POINT('',(1.488435956076,3.422547434836E-02));
#10501 = CARTESIAN_POINT('',(1.490067958327,3.786032464167E-02));
#10502 = CARTESIAN_POINT('',(1.493144163745,4.374836494016E-02));
#10503 = CARTESIAN_POINT('',(1.494472896153,4.606199291726E-02));
#10504 = CARTESIAN_POINT('',(1.495892971724,4.832070417588E-02));
#10505 = CARTESIAN_POINT('',(1.498467620846,5.207463034051E-02));
#10506 = CARTESIAN_POINT('',(1.499578334887,5.359989940811E-02));
#10507 = CARTESIAN_POINT('',(1.500731746336,5.509319987631E-02));
#10508 = CARTESIAN_POINT('',(1.505031667676,6.034647144505E-02));
#10509 = CARTESIAN_POINT('',(1.508415862395,6.391242076103E-02));
#10510 = CARTESIAN_POINT('',(1.512054228372,6.721979790741E-02));
#10511 = CARTESIAN_POINT('',(1.523036640238,7.582056920134E-02));
#10512 = CARTESIAN_POINT('',(1.530917103466,8.043430113518E-02));
#10513 = CARTESIAN_POINT('',(1.539358750016,8.392757187764E-02));
#10514 = CARTESIAN_POINT('',(1.551458606476,8.711457321159E-02));
#10515 = CARTESIAN_POINT('',(1.554848753762,8.782229229066E-02));
#10516 = CARTESIAN_POINT('',(1.558271304967,8.835328382295E-02));
#10517 = CARTESIAN_POINT('',(1.56171226856,8.87060932229E-02));
#10518 = ( GEOMETRIC_REPRESENTATION_CONTEXT(2) 
PARAMETRIC_REPRESENTATION_CONTEXT() REPRESENTATION_CONTEXT('2D SPACE',''
  ) );
#10519 = PCURVE('',#10520,#10525);
#10520 = PLANE('',#10521);
#10521 = AXIS2_PLACEMENT_3D('',#10522,#10523,#10524);
#10522 = CARTESIAN_POINT('',(-1.6,-0.6,0.2701));
#10523 = DIRECTION('',(0.,0.,1.));
#10524 = DIRECTION('',(1.,0.,-0.));
#10525 = DEFINITIONAL_REPRESENTATION('',(#10526),#10550);
#10526 = B_SPLINE_CURVE_WITH_KNOTS('',4,(#10527,#10528,#10529,#10530,
    #10531,#10532,#10533,#10534,#10535,#10536,#10537,#10538,#10539,
    #10540,#10541,#10542,#10543,#10544,#10545,#10546,#10547,#10548,
    #10549),.UNSPECIFIED.,.F.,.F.,(5,3,3,3,3,3,3,5),(0.,0.207169946204,
    0.328800529991,0.410330924957,0.468010326127,0.617928165873,
    0.894402288655,1.),.UNSPECIFIED.);
#10527 = CARTESIAN_POINT('',(0.996865021823,0.6));
#10528 = CARTESIAN_POINT('',(0.996865021823,0.645881131233));
#10529 = CARTESIAN_POINT('',(1.001518781249,0.691764267253));
#10530 = CARTESIAN_POINT('',(1.010826024765,0.736934259131));
#10531 = CARTESIAN_POINT('',(1.032643908122,0.806408577933));
#10532 = CARTESIAN_POINT('',(1.04224533162,0.831628218379));
#10533 = CARTESIAN_POINT('',(1.053334175492,0.856230209505));
#10534 = CARTESIAN_POINT('',(1.074228937185,0.896078765212));
#10535 = CARTESIAN_POINT('',(1.083252554873,0.911735666388));
#10536 = CARTESIAN_POINT('',(1.092894450892,0.927019583358));
#10537 = CARTESIAN_POINT('',(1.11037143219,0.952418574765));
#10538 = CARTESIAN_POINT('',(1.117909933288,0.962737754639));
#10539 = CARTESIAN_POINT('',(1.125736950405,0.972839839009));
#10540 = CARTESIAN_POINT('',(1.154911096044,1.008374922685));
#10541 = CARTESIAN_POINT('',(1.177863174856,1.032490614828));
#10542 = CARTESIAN_POINT('',(1.202527768774,1.054851640696));
#10543 = CARTESIAN_POINT('',(1.276944191312,1.112987261128));
#10544 = CARTESIAN_POINT('',(1.33030398087,1.144154561362));
#10545 = CARTESIAN_POINT('',(1.387420218149,1.167741704578));
#10546 = CARTESIAN_POINT('',(1.469254272877,1.189257386002));
#10547 = CARTESIAN_POINT('',(1.492179152182,1.194034628414));
#10548 = CARTESIAN_POINT('',(1.515320562584,1.197618690792));
#10549 = CARTESIAN_POINT('',(1.538585002646,1.2));
#10550 = ( GEOMETRIC_REPRESENTATION_CONTEXT(2) 
PARAMETRIC_REPRESENTATION_CONTEXT() REPRESENTATION_CONTEXT('2D SPACE',''
  ) );
#10551 = ORIENTED_EDGE('',*,*,#10552,.F.);
#10552 = EDGE_CURVE('',#10553,#10465,#10555,.T.);
#10553 = VERTEX_POINT('',#10554);
#10554 = CARTESIAN_POINT('',(6.141499735393E-02,0.6,0.2701));
#10555 = SURFACE_CURVE('',#10556,(#10562,#10571),.PCURVE_S1.);
#10556 = B_SPLINE_CURVE_WITH_KNOTS('',4,(#10557,#10558,#10559,#10560,
    #10561),.UNSPECIFIED.,.F.,.F.,(5,5),(0.,1.),
  .PIECEWISE_BEZIER_KNOTS.);
#10557 = CARTESIAN_POINT('',(6.141499735395E-02,0.6,0.2701));
#10558 = CARTESIAN_POINT('',(3.0708551123E-02,0.6,0.270410628675));
#10559 = CARTESIAN_POINT('',(-2.262998677338E-10,0.6,0.27051418279));
#10560 = CARTESIAN_POINT('',(-3.07085509274E-02,0.6,0.270410628677));
#10561 = CARTESIAN_POINT('',(-6.141499735395E-02,0.6,0.2701));
#10562 = PCURVE('',#10098,#10563);
#10563 = DEFINITIONAL_REPRESENTATION('',(#10564),#10570);
#10564 = B_SPLINE_CURVE_WITH_KNOTS('',4,(#10565,#10566,#10567,#10568,
    #10569),.UNSPECIFIED.,.F.,.F.,(5,5),(0.,1.),
  .PIECEWISE_BEZIER_KNOTS.);
#10565 = CARTESIAN_POINT('',(1.57988038503,8.87060932229E-02));
#10566 = CARTESIAN_POINT('',(1.575338323345,8.87060932229E-02));
#10567 = CARTESIAN_POINT('',(1.570796326762,8.87060932229E-02));
#10568 = CARTESIAN_POINT('',(1.566254330273,8.87060932229E-02));
#10569 = CARTESIAN_POINT('',(1.56171226856,8.87060932229E-02));
#10570 = ( GEOMETRIC_REPRESENTATION_CONTEXT(2) 
PARAMETRIC_REPRESENTATION_CONTEXT() REPRESENTATION_CONTEXT('2D SPACE',''
  ) );
#10571 = PCURVE('',#10572,#10577);
#10572 = PLANE('',#10573);
#10573 = AXIS2_PLACEMENT_3D('',#10574,#10575,#10576);
#10574 = CARTESIAN_POINT('',(-1.6,0.6,0.2701));
#10575 = DIRECTION('',(-0.,1.,0.));
#10576 = DIRECTION('',(0.,0.,1.));
#10577 = DEFINITIONAL_REPRESENTATION('',(#10578),#10584);
#10578 = B_SPLINE_CURVE_WITH_KNOTS('',4,(#10579,#10580,#10581,#10582,
    #10583),.UNSPECIFIED.,.F.,.F.,(5,5),(0.,1.),
  .PIECEWISE_BEZIER_KNOTS.);
#10579 = CARTESIAN_POINT('',(0.,1.661414997354));
#10580 = CARTESIAN_POINT('',(3.106286747709E-04,1.630708551123));
#10581 = CARTESIAN_POINT('',(4.141827904883E-04,1.599999999774));
#10582 = CARTESIAN_POINT('',(3.106286767496E-04,1.569291449073));
#10583 = CARTESIAN_POINT('',(0.,1.538585002646));
#10584 = ( GEOMETRIC_REPRESENTATION_CONTEXT(2) 
PARAMETRIC_REPRESENTATION_CONTEXT() REPRESENTATION_CONTEXT('2D SPACE',''
  ) );
#10585 = ORIENTED_EDGE('',*,*,#10586,.T.);
#10586 = EDGE_CURVE('',#10553,#10587,#10589,.T.);
#10587 = VERTEX_POINT('',#10588);
#10588 = CARTESIAN_POINT('',(0.603134978177,7.386273204777E-17,0.2701));
#10589 = SURFACE_CURVE('',#10590,(#10614,#10641),.PCURVE_S1.);
#10590 = B_SPLINE_CURVE_WITH_KNOTS('',4,(#10591,#10592,#10593,#10594,
    #10595,#10596,#10597,#10598,#10599,#10600,#10601,#10602,#10603,
    #10604,#10605,#10606,#10607,#10608,#10609,#10610,#10611,#10612,
    #10613),.UNSPECIFIED.,.F.,.F.,(5,3,3,3,3,3,3,5),(0.,0.14579578945,
    0.381509026619,0.530292631837,0.588173687544,0.668499493224,
    0.789112425846,1.),.UNSPECIFIED.);
#10591 = CARTESIAN_POINT('',(6.141499735394E-02,0.6,0.2701));
#10592 = CARTESIAN_POINT('',(9.353565321488E-02,0.596712183342,0.2701));
#10593 = CARTESIAN_POINT('',(0.125421949867,0.591131570824,0.2701));
#10594 = CARTESIAN_POINT('',(0.156827236232,0.58328344919,0.2701));
#10595 = CARTESIAN_POINT('',(0.237131102056,0.557015014865,0.2701));
#10596 = CARTESIAN_POINT('',(0.284876700862,0.535058133467,0.2701));
#10597 = CARTESIAN_POINT('',(0.329748730743,0.507703430132,0.2701));
#10598 = CARTESIAN_POINT('',(0.396896975873,0.455335445503,0.2701));
#10599 = CARTESIAN_POINT('',(0.421404656265,0.433178275141,0.2701));
#10600 = CARTESIAN_POINT('',(0.444228656313,0.409290237124,0.2701));
#10601 = CARTESIAN_POINT('',(0.473359968884,0.373987258391,0.2701));
#10602 = CARTESIAN_POINT('',(0.481238656038,0.363868649284,0.2701));
#10603 = CARTESIAN_POINT('',(0.488827316855,0.353530740369,0.2701));
#10604 = CARTESIAN_POINT('',(0.506233814068,0.328352873672,0.2701));
#10605 = CARTESIAN_POINT('',(0.515774982127,0.313321618428,0.2701));
#10606 = CARTESIAN_POINT('',(0.52471715429,0.297926487687,0.2701));
#10607 = CARTESIAN_POINT('',(0.545539607098,0.258596003361,0.2701));
#10608 = CARTESIAN_POINT('',(0.556644155502,0.234249830799,0.2701));
#10609 = CARTESIAN_POINT('',(0.566289038392,0.209289448778,0.2701));
#10610 = CARTESIAN_POINT('',(0.588668354416,0.13936562112,0.2701));
#10611 = CARTESIAN_POINT('',(0.598312664802,9.341132414179E-02,0.2701));
#10612 = CARTESIAN_POINT('',(0.603134978177,4.670457680206E-02,0.2701));
#10613 = CARTESIAN_POINT('',(0.603134978177,1.110223024625E-16,0.2701));
#10614 = PCURVE('',#10098,#10615);
#10615 = DEFINITIONAL_REPRESENTATION('',(#10616),#10640);
#10616 = B_SPLINE_CURVE_WITH_KNOTS('',4,(#10617,#10618,#10619,#10620,
    #10621,#10622,#10623,#10624,#10625,#10626,#10627,#10628,#10629,
    #10630,#10631,#10632,#10633,#10634,#10635,#10636,#10637,#10638,
    #10639),.UNSPECIFIED.,.F.,.F.,(5,3,3,3,3,3,3,5),(0.,0.14579578945,
    0.381509026619,0.530292631837,0.588173687544,0.668499493224,
    0.789112425846,1.),.UNSPECIFIED.);
#10617 = CARTESIAN_POINT('',(1.57988038503,8.87060932229E-02));
#10618 = CARTESIAN_POINT('',(1.584631241147,8.821897772432E-02));
#10619 = CARTESIAN_POINT('',(1.589347024886,8.739219445869E-02));
#10620 = CARTESIAN_POINT('',(1.593990820693,8.62295899578E-02));
#10621 = CARTESIAN_POINT('',(1.605862148967,8.233909694881E-02));
#10622 = CARTESIAN_POINT('',(1.612917394422,7.908780384551E-02));
#10623 = CARTESIAN_POINT('',(1.619543728693,7.503887622491E-02));
#10624 = CARTESIAN_POINT('',(1.629453547053,6.729136480356E-02));
#10625 = CARTESIAN_POINT('',(1.63306879754,6.401412444233E-02));
#10626 = CARTESIAN_POINT('',(1.636434149462,6.048181456077E-02));
#10627 = CARTESIAN_POINT('',(1.640727820464,5.52628163491E-02));
#10628 = CARTESIAN_POINT('',(1.641888862241,5.376706274906E-02));
#10629 = CARTESIAN_POINT('',(1.643006981348,5.223901570634E-02));
#10630 = CARTESIAN_POINT('',(1.645571278431,4.851775038326E-02));
#10631 = CARTESIAN_POINT('',(1.646976540588,4.629636380703E-02));
#10632 = CARTESIAN_POINT('',(1.64829330396,4.402140180369E-02));
#10633 = CARTESIAN_POINT('',(1.651358923592,3.820987311862E-02));
#10634 = CARTESIAN_POINT('',(1.652993271893,3.461279896368E-02));
#10635 = CARTESIAN_POINT('',(1.654412433162,3.092519490506E-02));
#10636 = CARTESIAN_POINT('',(1.657704791388,2.059475492863E-02));
#10637 = CARTESIAN_POINT('',(1.65912286661,1.380554382723E-02));
#10638 = CARTESIAN_POINT('',(1.659831906467,6.903921884876E-03));
#10639 = CARTESIAN_POINT('',(1.659831906467,0.));
#10640 = ( GEOMETRIC_REPRESENTATION_CONTEXT(2) 
PARAMETRIC_REPRESENTATION_CONTEXT() REPRESENTATION_CONTEXT('2D SPACE',''
  ) );
#10641 = PCURVE('',#10520,#10642);
#10642 = DEFINITIONAL_REPRESENTATION('',(#10643),#10667);
#10643 = B_SPLINE_CURVE_WITH_KNOTS('',4,(#10644,#10645,#10646,#10647,
    #10648,#10649,#10650,#10651,#10652,#10653,#10654,#10655,#10656,
    #10657,#10658,#10659,#10660,#10661,#10662,#10663,#10664,#10665,
    #10666),.UNSPECIFIED.,.F.,.F.,(5,3,3,3,3,3,3,5),(0.,0.14579578945,
    0.381509026619,0.530292631837,0.588173687544,0.668499493224,
    0.789112425846,1.),.UNSPECIFIED.);
#10644 = CARTESIAN_POINT('',(1.661414997354,1.2));
#10645 = CARTESIAN_POINT('',(1.693535653215,1.196712183342));
#10646 = CARTESIAN_POINT('',(1.725421949867,1.191131570824));
#10647 = CARTESIAN_POINT('',(1.756827236232,1.18328344919));
#10648 = CARTESIAN_POINT('',(1.837131102056,1.157015014865));
#10649 = CARTESIAN_POINT('',(1.884876700862,1.135058133467));
#10650 = CARTESIAN_POINT('',(1.929748730743,1.107703430132));
#10651 = CARTESIAN_POINT('',(1.996896975873,1.055335445503));
#10652 = CARTESIAN_POINT('',(2.021404656265,1.033178275141));
#10653 = CARTESIAN_POINT('',(2.044228656313,1.009290237124));
#10654 = CARTESIAN_POINT('',(2.073359968884,0.973987258391));
#10655 = CARTESIAN_POINT('',(2.081238656038,0.963868649284));
#10656 = CARTESIAN_POINT('',(2.088827316855,0.953530740369));
#10657 = CARTESIAN_POINT('',(2.106233814068,0.928352873672));
#10658 = CARTESIAN_POINT('',(2.115774982127,0.913321618428));
#10659 = CARTESIAN_POINT('',(2.12471715429,0.897926487687));
#10660 = CARTESIAN_POINT('',(2.145539607098,0.858596003361));
#10661 = CARTESIAN_POINT('',(2.156644155502,0.834249830799));
#10662 = CARTESIAN_POINT('',(2.166289038392,0.809289448778));
#10663 = CARTESIAN_POINT('',(2.188668354416,0.73936562112));
#10664 = CARTESIAN_POINT('',(2.198312664802,0.693411324142));
#10665 = CARTESIAN_POINT('',(2.203134978177,0.646704576802));
#10666 = CARTESIAN_POINT('',(2.203134978177,0.6));
#10667 = ( GEOMETRIC_REPRESENTATION_CONTEXT(2) 
PARAMETRIC_REPRESENTATION_CONTEXT() REPRESENTATION_CONTEXT('2D SPACE',''
  ) );
#10668 = ORIENTED_EDGE('',*,*,#10669,.T.);
#10669 = EDGE_CURVE('',#10587,#10079,#10670,.T.);
#10670 = SURFACE_CURVE('',#10671,(#10675,#10683),.PCURVE_S1.);
#10671 = ( BOUNDED_CURVE() B_SPLINE_CURVE(2,(#10672,#10673,#10674),
.UNSPECIFIED.,.F.,.F.) B_SPLINE_CURVE_WITH_KNOTS((3,3),(1.570796326795,
1.73400523818),.PIECEWISE_BEZIER_KNOTS.) CURVE() 
GEOMETRIC_REPRESENTATION_ITEM() RATIONAL_B_SPLINE_CURVE((1.,
0.99667220375,1.)) REPRESENTATION_ITEM('') );
#10672 = CARTESIAN_POINT('',(-4.146960223613E-16,-1.43649205032E-32,0.3)
  );
#10673 = CARTESIAN_POINT('',(0.553896240419,6.783272578891E-17,0.3));
#10674 = CARTESIAN_POINT('',(1.100431733457,1.347640200059E-16,0.2));
#10675 = PCURVE('',#10098,#10676);
#10676 = DEFINITIONAL_REPRESENTATION('',(#10677),#10682);
#10677 = B_SPLINE_CURVE_WITH_KNOTS('',3,(#10678,#10679,#10680,#10681),
  .UNSPECIFIED.,.F.,.F.,(4,4),(1.570796326795,1.73400523818),
  .PIECEWISE_BEZIER_KNOTS.);
#10678 = CARTESIAN_POINT('',(1.570796326795,0.));
#10679 = CARTESIAN_POINT('',(1.625018248684,2.185935088541E-17));
#10680 = CARTESIAN_POINT('',(1.67942060766,4.042733691427E-17));
#10681 = CARTESIAN_POINT('',(1.734005217167,2.996926835224E-17));
#10682 = ( GEOMETRIC_REPRESENTATION_CONTEXT(2) 
PARAMETRIC_REPRESENTATION_CONTEXT() REPRESENTATION_CONTEXT('2D SPACE',''
  ) );
#10683 = PCURVE('',#10157,#10684);
#10684 = DEFINITIONAL_REPRESENTATION('',(#10685),#10690);
#10685 = B_SPLINE_CURVE_WITH_KNOTS('',3,(#10686,#10687,#10688,#10689),
  .UNSPECIFIED.,.F.,.F.,(4,4),(1.570796326795,1.73400523818),
  .PIECEWISE_BEZIER_KNOTS.);
#10686 = CARTESIAN_POINT('',(1.570796326795,1.486909861385E-17));
#10687 = CARTESIAN_POINT('',(1.625018248684,3.64484344483E-17));
#10688 = CARTESIAN_POINT('',(1.67942060766,3.977867992128E-17));
#10689 = CARTESIAN_POINT('',(1.734005217167,3.993506281866E-17));
#10690 = ( GEOMETRIC_REPRESENTATION_CONTEXT(2) 
PARAMETRIC_REPRESENTATION_CONTEXT() REPRESENTATION_CONTEXT('2D SPACE',''
  ) );
#10691 = ADVANCED_FACE('',(#10692),#10157,.F.);
#10692 = FACE_BOUND('',#10693,.F.);
#10693 = EDGE_LOOP('',(#10694,#10695,#10696,#10779,#10813,#10894));
#10694 = ORIENTED_EDGE('',*,*,#10139,.F.);
#10695 = ORIENTED_EDGE('',*,*,#10669,.F.);
#10696 = ORIENTED_EDGE('',*,*,#10697,.T.);
#10697 = EDGE_CURVE('',#10587,#10698,#10700,.T.);
#10698 = VERTEX_POINT('',#10699);
#10699 = CARTESIAN_POINT('',(6.141499735394E-02,-0.6,0.2701));
#10700 = SURFACE_CURVE('',#10701,(#10725,#10752),.PCURVE_S1.);
#10701 = B_SPLINE_CURVE_WITH_KNOTS('',4,(#10702,#10703,#10704,#10705,
    #10706,#10707,#10708,#10709,#10710,#10711,#10712,#10713,#10714,
    #10715,#10716,#10717,#10718,#10719,#10720,#10721,#10722,#10723,
    #10724),.UNSPECIFIED.,.F.,.F.,(5,3,3,3,3,3,3,5),(0.,0.207169946204,
    0.32880052999,0.410330924956,0.468010326126,0.617928165872,
    0.894402288654,1.),.UNSPECIFIED.);
#10702 = CARTESIAN_POINT('',(0.603134978177,0.,0.2701));
#10703 = CARTESIAN_POINT('',(0.603134978177,-4.588113123274E-02,0.2701)
  );
#10704 = CARTESIAN_POINT('',(0.598481218751,-9.17642672525E-02,0.2701));
#10705 = CARTESIAN_POINT('',(0.589173975235,-0.136934259131,0.2701));
#10706 = CARTESIAN_POINT('',(0.567356091878,-0.206408577933,0.2701));
#10707 = CARTESIAN_POINT('',(0.55775466838,-0.231628218379,0.2701));
#10708 = CARTESIAN_POINT('',(0.546665824508,-0.256230209504,0.2701));
#10709 = CARTESIAN_POINT('',(0.525771062815,-0.296078765212,0.2701));
#10710 = CARTESIAN_POINT('',(0.516747445127,-0.311735666388,0.2701));
#10711 = CARTESIAN_POINT('',(0.507105549108,-0.327019583357,0.2701));
#10712 = CARTESIAN_POINT('',(0.48962856781,-0.352418574765,0.2701));
#10713 = CARTESIAN_POINT('',(0.482090066712,-0.362737754638,0.2701));
#10714 = CARTESIAN_POINT('',(0.474263049595,-0.372839839009,0.2701));
#10715 = CARTESIAN_POINT('',(0.445088903956,-0.408374922685,0.2701));
#10716 = CARTESIAN_POINT('',(0.422136825145,-0.432490614828,0.2701));
#10717 = CARTESIAN_POINT('',(0.397472231227,-0.454851640696,0.2701));
#10718 = CARTESIAN_POINT('',(0.323055808689,-0.512987261128,0.2701));
#10719 = CARTESIAN_POINT('',(0.269696019131,-0.544154561361,0.2701));
#10720 = CARTESIAN_POINT('',(0.212579781851,-0.567741704577,0.2701));
#10721 = CARTESIAN_POINT('',(0.130745727124,-0.589257386002,0.2701));
#10722 = CARTESIAN_POINT('',(0.107820847818,-0.594034628414,0.2701));
#10723 = CARTESIAN_POINT('',(8.467943741667E-02,-0.597618690792,0.2701)
  );
#10724 = CARTESIAN_POINT('',(6.141499735394E-02,-0.6,0.2701));
#10725 = PCURVE('',#10157,#10726);
#10726 = DEFINITIONAL_REPRESENTATION('',(#10727),#10751);
#10727 = B_SPLINE_CURVE_WITH_KNOTS('',4,(#10728,#10729,#10730,#10731,
    #10732,#10733,#10734,#10735,#10736,#10737,#10738,#10739,#10740,
    #10741,#10742,#10743,#10744,#10745,#10746,#10747,#10748,#10749,
    #10750),.UNSPECIFIED.,.F.,.F.,(5,3,3,3,3,3,3,5),(0.,0.207169946204,
    0.32880052999,0.410330924956,0.468010326126,0.617928165872,
    0.894402288654,1.),.UNSPECIFIED.);
#10728 = CARTESIAN_POINT('',(1.659831906467,2.775557561563E-17));
#10729 = CARTESIAN_POINT('',(1.659831906467,-6.782199255612E-03));
#10730 = CARTESIAN_POINT('',(1.659147649118,-1.35621666445E-02));
#10731 = CARTESIAN_POINT('',(1.657779137087,-2.023554745876E-02));
#10732 = CARTESIAN_POINT('',(1.654569434816,-3.049958037549E-02));
#10733 = CARTESIAN_POINT('',(1.653156697514,-3.422547434832E-02));
#10734 = CARTESIAN_POINT('',(1.651524695263,-3.786032464162E-02));
#10735 = CARTESIAN_POINT('',(1.648448489845,-4.374836494011E-02));
#10736 = CARTESIAN_POINT('',(1.647119757436,-4.60619929172E-02));
#10737 = CARTESIAN_POINT('',(1.645699681866,-4.832070417582E-02));
#10738 = CARTESIAN_POINT('',(1.643125032744,-5.207463034045E-02));
#10739 = CARTESIAN_POINT('',(1.642014318703,-5.359989940805E-02));
#10740 = CARTESIAN_POINT('',(1.640860907253,-5.509319987625E-02));
#10741 = CARTESIAN_POINT('',(1.636560985914,-6.034647144498E-02));
#10742 = CARTESIAN_POINT('',(1.633176791195,-6.391242076096E-02));
#10743 = CARTESIAN_POINT('',(1.629538425218,-6.721979790734E-02));
#10744 = CARTESIAN_POINT('',(1.618556013352,-7.582056920127E-02));
#10745 = CARTESIAN_POINT('',(1.610675550124,-8.043430113513E-02));
#10746 = CARTESIAN_POINT('',(1.602233903574,-8.392757187759E-02));
#10747 = CARTESIAN_POINT('',(1.590134047114,-8.711457321157E-02));
#10748 = CARTESIAN_POINT('',(1.586743899828,-8.782229229065E-02));
#10749 = CARTESIAN_POINT('',(1.583321348622,-8.835328382295E-02));
#10750 = CARTESIAN_POINT('',(1.57988038503,-8.87060932229E-02));
#10751 = ( GEOMETRIC_REPRESENTATION_CONTEXT(2) 
PARAMETRIC_REPRESENTATION_CONTEXT() REPRESENTATION_CONTEXT('2D SPACE',''
  ) );
#10752 = PCURVE('',#10520,#10753);
#10753 = DEFINITIONAL_REPRESENTATION('',(#10754),#10778);
#10754 = B_SPLINE_CURVE_WITH_KNOTS('',4,(#10755,#10756,#10757,#10758,
    #10759,#10760,#10761,#10762,#10763,#10764,#10765,#10766,#10767,
    #10768,#10769,#10770,#10771,#10772,#10773,#10774,#10775,#10776,
    #10777),.UNSPECIFIED.,.F.,.F.,(5,3,3,3,3,3,3,5),(0.,0.207169946204,
    0.32880052999,0.410330924956,0.468010326126,0.617928165872,
    0.894402288654,1.),.UNSPECIFIED.);
#10755 = CARTESIAN_POINT('',(2.203134978177,0.6));
#10756 = CARTESIAN_POINT('',(2.203134978177,0.554118868767));
#10757 = CARTESIAN_POINT('',(2.198481218751,0.508235732748));
#10758 = CARTESIAN_POINT('',(2.189173975235,0.463065740869));
#10759 = CARTESIAN_POINT('',(2.167356091878,0.393591422067));
#10760 = CARTESIAN_POINT('',(2.15775466838,0.368371781621));
#10761 = CARTESIAN_POINT('',(2.146665824508,0.343769790496));
#10762 = CARTESIAN_POINT('',(2.125771062815,0.303921234788));
#10763 = CARTESIAN_POINT('',(2.116747445127,0.288264333612));
#10764 = CARTESIAN_POINT('',(2.107105549108,0.272980416643));
#10765 = CARTESIAN_POINT('',(2.08962856781,0.247581425235));
#10766 = CARTESIAN_POINT('',(2.082090066712,0.237262245362));
#10767 = CARTESIAN_POINT('',(2.074263049595,0.227160160991));
#10768 = CARTESIAN_POINT('',(2.045088903956,0.191625077315));
#10769 = CARTESIAN_POINT('',(2.022136825145,0.167509385172));
#10770 = CARTESIAN_POINT('',(1.997472231227,0.145148359304));
#10771 = CARTESIAN_POINT('',(1.923055808689,8.701273887229E-02));
#10772 = CARTESIAN_POINT('',(1.869696019131,5.584543863864E-02));
#10773 = CARTESIAN_POINT('',(1.812579781851,3.225829542277E-02));
#10774 = CARTESIAN_POINT('',(1.730745727124,1.074261399806E-02));
#10775 = CARTESIAN_POINT('',(1.707820847818,5.965371586267E-03));
#10776 = CARTESIAN_POINT('',(1.684679437417,2.381309208156E-03));
#10777 = CARTESIAN_POINT('',(1.661414997354,0.));
#10778 = ( GEOMETRIC_REPRESENTATION_CONTEXT(2) 
PARAMETRIC_REPRESENTATION_CONTEXT() REPRESENTATION_CONTEXT('2D SPACE',''
  ) );
#10779 = ORIENTED_EDGE('',*,*,#10780,.T.);
#10780 = EDGE_CURVE('',#10698,#10781,#10783,.T.);
#10781 = VERTEX_POINT('',#10782);
#10782 = CARTESIAN_POINT('',(-6.141499735394E-02,-0.6,0.2701));
#10783 = SURFACE_CURVE('',#10784,(#10790,#10799),.PCURVE_S1.);
#10784 = B_SPLINE_CURVE_WITH_KNOTS('',4,(#10785,#10786,#10787,#10788,
    #10789),.UNSPECIFIED.,.F.,.F.,(5,5),(0.,1.),
  .PIECEWISE_BEZIER_KNOTS.);
#10785 = CARTESIAN_POINT('',(6.141499735394E-02,-0.6,0.2701));
#10786 = CARTESIAN_POINT('',(3.0708551123E-02,-0.6,0.270410628675));
#10787 = CARTESIAN_POINT('',(-2.262987575108E-10,-0.6,0.27051418279));
#10788 = CARTESIAN_POINT('',(-3.070855092739E-02,-0.6,0.270410628677));
#10789 = CARTESIAN_POINT('',(-6.141499735394E-02,-0.6,0.2701));
#10790 = PCURVE('',#10157,#10791);
#10791 = DEFINITIONAL_REPRESENTATION('',(#10792),#10798);
#10792 = B_SPLINE_CURVE_WITH_KNOTS('',4,(#10793,#10794,#10795,#10796,
    #10797),.UNSPECIFIED.,.F.,.F.,(5,5),(0.,1.),
  .PIECEWISE_BEZIER_KNOTS.);
#10793 = CARTESIAN_POINT('',(1.57988038503,-8.87060932229E-02));
#10794 = CARTESIAN_POINT('',(1.575338323345,-8.87060932229E-02));
#10795 = CARTESIAN_POINT('',(1.570796326762,-8.87060932229E-02));
#10796 = CARTESIAN_POINT('',(1.566254330273,-8.87060932229E-02));
#10797 = CARTESIAN_POINT('',(1.56171226856,-8.87060932229E-02));
#10798 = ( GEOMETRIC_REPRESENTATION_CONTEXT(2) 
PARAMETRIC_REPRESENTATION_CONTEXT() REPRESENTATION_CONTEXT('2D SPACE',''
  ) );
#10799 = PCURVE('',#10800,#10805);
#10800 = PLANE('',#10801);
#10801 = AXIS2_PLACEMENT_3D('',#10802,#10803,#10804);
#10802 = CARTESIAN_POINT('',(-1.6,-0.6,0.2701));
#10803 = DIRECTION('',(-0.,1.,0.));
#10804 = DIRECTION('',(0.,0.,1.));
#10805 = DEFINITIONAL_REPRESENTATION('',(#10806),#10812);
#10806 = B_SPLINE_CURVE_WITH_KNOTS('',4,(#10807,#10808,#10809,#10810,
    #10811),.UNSPECIFIED.,.F.,.F.,(5,5),(0.,1.),
  .PIECEWISE_BEZIER_KNOTS.);
#10807 = CARTESIAN_POINT('',(0.,1.661414997354));
#10808 = CARTESIAN_POINT('',(3.106286747708E-04,1.630708551123));
#10809 = CARTESIAN_POINT('',(4.141827904883E-04,1.599999999774));
#10810 = CARTESIAN_POINT('',(3.106286767495E-04,1.569291449073));
#10811 = CARTESIAN_POINT('',(0.,1.538585002646));
#10812 = ( GEOMETRIC_REPRESENTATION_CONTEXT(2) 
PARAMETRIC_REPRESENTATION_CONTEXT() REPRESENTATION_CONTEXT('2D SPACE',''
  ) );
#10813 = ORIENTED_EDGE('',*,*,#10814,.T.);
#10814 = EDGE_CURVE('',#10781,#10440,#10815,.T.);
#10815 = SURFACE_CURVE('',#10816,(#10840,#10867),.PCURVE_S1.);
#10816 = B_SPLINE_CURVE_WITH_KNOTS('',4,(#10817,#10818,#10819,#10820,
    #10821,#10822,#10823,#10824,#10825,#10826,#10827,#10828,#10829,
    #10830,#10831,#10832,#10833,#10834,#10835,#10836,#10837,#10838,
    #10839),.UNSPECIFIED.,.F.,.F.,(5,3,3,3,3,3,3,5),(0.,0.145795789428,
    0.381509026602,0.530292631824,0.588173687531,0.668499493212,
    0.789112425835,1.),.UNSPECIFIED.);
#10817 = CARTESIAN_POINT('',(-6.141499735393E-02,-0.6,0.2701));
#10818 = CARTESIAN_POINT('',(-9.353565320999E-02,-0.596712183343,0.2701)
  );
#10819 = CARTESIAN_POINT('',(-0.125421949857,-0.591131570826,0.2701));
#10820 = CARTESIAN_POINT('',(-0.156827236218,-0.583283449193,0.2701));
#10821 = CARTESIAN_POINT('',(-0.237131102039,-0.557015014873,0.2701));
#10822 = CARTESIAN_POINT('',(-0.284876700847,-0.535058133475,0.2701));
#10823 = CARTESIAN_POINT('',(-0.329748730729,-0.507703430141,0.2701));
#10824 = CARTESIAN_POINT('',(-0.396896975862,-0.455335445512,0.2701));
#10825 = CARTESIAN_POINT('',(-0.421404656256,-0.43317827515,0.2701));
#10826 = CARTESIAN_POINT('',(-0.444228656304,-0.409290237134,0.2701));
#10827 = CARTESIAN_POINT('',(-0.473359968877,-0.373987258401,0.2701));
#10828 = CARTESIAN_POINT('',(-0.481238656031,-0.363868649294,0.2701));
#10829 = CARTESIAN_POINT('',(-0.488827316849,-0.353530740378,0.2701));
#10830 = CARTESIAN_POINT('',(-0.506233814062,-0.328352873682,0.2701));
#10831 = CARTESIAN_POINT('',(-0.515774982121,-0.313321618437,0.2701));
#10832 = CARTESIAN_POINT('',(-0.524717154285,-0.297926487697,0.2701));
#10833 = CARTESIAN_POINT('',(-0.545539607093,-0.258596003371,0.2701));
#10834 = CARTESIAN_POINT('',(-0.556644155498,-0.234249830809,0.2701));
#10835 = CARTESIAN_POINT('',(-0.566289038388,-0.209289448788,0.2701));
#10836 = CARTESIAN_POINT('',(-0.588668354414,-0.139365621127,0.2701));
#10837 = CARTESIAN_POINT('',(-0.598312664802,-9.341132414684E-02,0.2701)
  );
#10838 = CARTESIAN_POINT('',(-0.603134978177,-4.670457680458E-02,0.2701)
  );
#10839 = CARTESIAN_POINT('',(-0.603134978177,0.,0.2701));
#10840 = PCURVE('',#10157,#10841);
#10841 = DEFINITIONAL_REPRESENTATION('',(#10842),#10866);
#10842 = B_SPLINE_CURVE_WITH_KNOTS('',4,(#10843,#10844,#10845,#10846,
    #10847,#10848,#10849,#10850,#10851,#10852,#10853,#10854,#10855,
    #10856,#10857,#10858,#10859,#10860,#10861,#10862,#10863,#10864,
    #10865),.UNSPECIFIED.,.F.,.F.,(5,3,3,3,3,3,3,5),(0.,0.145795789428,
    0.381509026602,0.530292631824,0.588173687531,0.668499493212,
    0.789112425835,1.),.UNSPECIFIED.);
#10843 = CARTESIAN_POINT('',(1.56171226856,-8.87060932229E-02));
#10844 = CARTESIAN_POINT('',(1.556961412443,-8.82189777244E-02));
#10845 = CARTESIAN_POINT('',(1.552245628705,-8.739219445894E-02));
#10846 = CARTESIAN_POINT('',(1.547601832899,-8.622958995833E-02));
#10847 = CARTESIAN_POINT('',(1.535730504625,-8.23390969499E-02));
#10848 = CARTESIAN_POINT('',(1.52867525917,-7.908780384674E-02));
#10849 = CARTESIAN_POINT('',(1.522048924899,-7.503887622624E-02));
#10850 = CARTESIAN_POINT('',(1.512139106539,-6.729136480496E-02));
#10851 = CARTESIAN_POINT('',(1.508523856051,-6.401412444374E-02));
#10852 = CARTESIAN_POINT('',(1.50515850413,-6.048181456218E-02));
#10853 = CARTESIAN_POINT('',(1.500864833127,-5.526281635049E-02));
#10854 = CARTESIAN_POINT('',(1.49970379135,-5.376706275046E-02));
#10855 = CARTESIAN_POINT('',(1.498585672243,-5.223901570773E-02));
#10856 = CARTESIAN_POINT('',(1.49602137516,-4.851775038466E-02));
#10857 = CARTESIAN_POINT('',(1.494616113002,-4.629636380843E-02));
#10858 = CARTESIAN_POINT('',(1.493299349631,-4.40214018051E-02));
#10859 = CARTESIAN_POINT('',(1.490233729998,-3.820987312004E-02));
#10860 = CARTESIAN_POINT('',(1.488599381698,-3.46127989651E-02));
#10861 = CARTESIAN_POINT('',(1.487180220429,-3.092519490648E-02));
#10862 = CARTESIAN_POINT('',(1.483887862202,-2.059475492973E-02));
#10863 = CARTESIAN_POINT('',(1.48246978698,-1.380554382798E-02));
#10864 = CARTESIAN_POINT('',(1.481760747123,-6.903921885249E-03));
#10865 = CARTESIAN_POINT('',(1.481760747123,2.775557561563E-17));
#10866 = ( GEOMETRIC_REPRESENTATION_CONTEXT(2) 
PARAMETRIC_REPRESENTATION_CONTEXT() REPRESENTATION_CONTEXT('2D SPACE',''
  ) );
#10867 = PCURVE('',#10520,#10868);
#10868 = DEFINITIONAL_REPRESENTATION('',(#10869),#10893);
#10869 = B_SPLINE_CURVE_WITH_KNOTS('',4,(#10870,#10871,#10872,#10873,
    #10874,#10875,#10876,#10877,#10878,#10879,#10880,#10881,#10882,
    #10883,#10884,#10885,#10886,#10887,#10888,#10889,#10890,#10891,
    #10892),.UNSPECIFIED.,.F.,.F.,(5,3,3,3,3,3,3,5),(0.,0.145795789428,
    0.381509026602,0.530292631824,0.588173687531,0.668499493212,
    0.789112425835,1.),.UNSPECIFIED.);
#10870 = CARTESIAN_POINT('',(1.538585002646,0.));
#10871 = CARTESIAN_POINT('',(1.50646434679,3.287816657344E-03));
#10872 = CARTESIAN_POINT('',(1.474578050143,8.868429174425E-03));
#10873 = CARTESIAN_POINT('',(1.443172763782,1.671655080664E-02));
#10874 = CARTESIAN_POINT('',(1.362868897961,4.298498512717E-02));
#10875 = CARTESIAN_POINT('',(1.315123299153,6.494186652452E-02));
#10876 = CARTESIAN_POINT('',(1.270251269271,9.229656985916E-02));
#10877 = CARTESIAN_POINT('',(1.203103024138,0.144664554488));
#10878 = CARTESIAN_POINT('',(1.178595343744,0.16682172485));
#10879 = CARTESIAN_POINT('',(1.155771343696,0.190709762866));
#10880 = CARTESIAN_POINT('',(1.126640031123,0.226012741599));
#10881 = CARTESIAN_POINT('',(1.118761343969,0.236131350706));
#10882 = CARTESIAN_POINT('',(1.111172683151,0.246469259622));
#10883 = CARTESIAN_POINT('',(1.093766185938,0.271647126318));
#10884 = CARTESIAN_POINT('',(1.084225017879,0.286678381563));
#10885 = CARTESIAN_POINT('',(1.075282845715,0.302073512303));
#10886 = CARTESIAN_POINT('',(1.054460392907,0.341403996629));
#10887 = CARTESIAN_POINT('',(1.043355844502,0.365750169191));
#10888 = CARTESIAN_POINT('',(1.033710961612,0.390710551212));
#10889 = CARTESIAN_POINT('',(1.011331645586,0.460634378873));
#10890 = CARTESIAN_POINT('',(1.001687335198,0.506588675853));
#10891 = CARTESIAN_POINT('',(0.996865021823,0.553295423195));
#10892 = CARTESIAN_POINT('',(0.996865021823,0.6));
#10893 = ( GEOMETRIC_REPRESENTATION_CONTEXT(2) 
PARAMETRIC_REPRESENTATION_CONTEXT() REPRESENTATION_CONTEXT('2D SPACE',''
  ) );
#10894 = ORIENTED_EDGE('',*,*,#10439,.T.);
#10895 = ADVANCED_FACE('',(#10896),#10240,.F.);
#10896 = FACE_BOUND('',#10897,.F.);
#10897 = EDGE_LOOP('',(#10898,#10899,#10900,#10901));
#10898 = ORIENTED_EDGE('',*,*,#10279,.F.);
#10899 = ORIENTED_EDGE('',*,*,#10224,.T.);
#10900 = ORIENTED_EDGE('',*,*,#10378,.T.);
#10901 = ORIENTED_EDGE('',*,*,#10350,.F.);
#10902 = ADVANCED_FACE('',(#10903),#10520,.F.);
#10903 = FACE_BOUND('',#10904,.F.);
#10904 = EDGE_LOOP('',(#10905,#10926,#10927,#10928,#10949,#10950));
#10905 = ORIENTED_EDGE('',*,*,#10906,.F.);
#10906 = EDGE_CURVE('',#10465,#10553,#10907,.T.);
#10907 = SURFACE_CURVE('',#10908,(#10912,#10919),.PCURVE_S1.);
#10908 = LINE('',#10909,#10910);
#10909 = CARTESIAN_POINT('',(-1.6,0.6,0.2701));
#10910 = VECTOR('',#10911,1.);
#10911 = DIRECTION('',(1.,0.,-0.));
#10912 = PCURVE('',#10520,#10913);
#10913 = DEFINITIONAL_REPRESENTATION('',(#10914),#10918);
#10914 = LINE('',#10915,#10916);
#10915 = CARTESIAN_POINT('',(0.,1.2));
#10916 = VECTOR('',#10917,1.);
#10917 = DIRECTION('',(1.,0.));
#10918 = ( GEOMETRIC_REPRESENTATION_CONTEXT(2) 
PARAMETRIC_REPRESENTATION_CONTEXT() REPRESENTATION_CONTEXT('2D SPACE',''
  ) );
#10919 = PCURVE('',#10572,#10920);
#10920 = DEFINITIONAL_REPRESENTATION('',(#10921),#10925);
#10921 = LINE('',#10922,#10923);
#10922 = CARTESIAN_POINT('',(0.,0.));
#10923 = VECTOR('',#10924,1.);
#10924 = DIRECTION('',(0.,1.));
#10925 = ( GEOMETRIC_REPRESENTATION_CONTEXT(2) 
PARAMETRIC_REPRESENTATION_CONTEXT() REPRESENTATION_CONTEXT('2D SPACE',''
  ) );
#10926 = ORIENTED_EDGE('',*,*,#10464,.F.);
#10927 = ORIENTED_EDGE('',*,*,#10814,.F.);
#10928 = ORIENTED_EDGE('',*,*,#10929,.T.);
#10929 = EDGE_CURVE('',#10781,#10698,#10930,.T.);
#10930 = SURFACE_CURVE('',#10931,(#10935,#10942),.PCURVE_S1.);
#10931 = LINE('',#10932,#10933);
#10932 = CARTESIAN_POINT('',(-1.6,-0.6,0.2701));
#10933 = VECTOR('',#10934,1.);
#10934 = DIRECTION('',(1.,0.,-0.));
#10935 = PCURVE('',#10520,#10936);
#10936 = DEFINITIONAL_REPRESENTATION('',(#10937),#10941);
#10937 = LINE('',#10938,#10939);
#10938 = CARTESIAN_POINT('',(0.,0.));
#10939 = VECTOR('',#10940,1.);
#10940 = DIRECTION('',(1.,0.));
#10941 = ( GEOMETRIC_REPRESENTATION_CONTEXT(2) 
PARAMETRIC_REPRESENTATION_CONTEXT() REPRESENTATION_CONTEXT('2D SPACE',''
  ) );
#10942 = PCURVE('',#10800,#10943);
#10943 = DEFINITIONAL_REPRESENTATION('',(#10944),#10948);
#10944 = LINE('',#10945,#10946);
#10945 = CARTESIAN_POINT('',(0.,0.));
#10946 = VECTOR('',#10947,1.);
#10947 = DIRECTION('',(0.,1.));
#10948 = ( GEOMETRIC_REPRESENTATION_CONTEXT(2) 
PARAMETRIC_REPRESENTATION_CONTEXT() REPRESENTATION_CONTEXT('2D SPACE',''
  ) );
#10949 = ORIENTED_EDGE('',*,*,#10697,.F.);
#10950 = ORIENTED_EDGE('',*,*,#10586,.F.);
#10951 = ADVANCED_FACE('',(#10952),#10572,.T.);
#10952 = FACE_BOUND('',#10953,.T.);
#10953 = EDGE_LOOP('',(#10954,#10955));
#10954 = ORIENTED_EDGE('',*,*,#10906,.F.);
#10955 = ORIENTED_EDGE('',*,*,#10552,.F.);
#10956 = ADVANCED_FACE('',(#10957),#10800,.F.);
#10957 = FACE_BOUND('',#10958,.F.);
#10958 = EDGE_LOOP('',(#10959,#10960));
#10959 = ORIENTED_EDGE('',*,*,#10929,.F.);
#10960 = ORIENTED_EDGE('',*,*,#10780,.F.);
#10961 = ORIENTED_CLOSED_SHELL('',*,#10962,.F.);
#10962 = CLOSED_SHELL('',(#10963,#11187,#11335));
#10963 = ADVANCED_FACE('',(#10964),#11019,.T.);
#10964 = FACE_BOUND('',#10965,.T.);
#10965 = EDGE_LOOP('',(#10966,#11129,#11164));
#10966 = ORIENTED_EDGE('',*,*,#10967,.F.);
#10967 = EDGE_CURVE('',#10968,#10970,#10972,.T.);
#10968 = VERTEX_POINT('',#10969);
#10969 = CARTESIAN_POINT('',(-0.479698978423,0.,0.2811));
#10970 = VERTEX_POINT('',#10971);
#10971 = CARTESIAN_POINT('',(0.479698978423,5.874618184799E-17,0.2811));
#10972 = SURFACE_CURVE('',#10973,(#11018,#11076),.PCURVE_S1.);
#10973 = B_SPLINE_CURVE_WITH_KNOTS('',4,(#10974,#10975,#10976,#10977,
    #10978,#10979,#10980,#10981,#10982,#10983,#10984,#10985,#10986,
    #10987,#10988,#10989,#10990,#10991,#10992,#10993,#10994,#10995,
    #10996,#10997,#10998,#10999,#11000,#11001,#11002,#11003,#11004,
    #11005,#11006,#11007,#11008,#11009,#11010,#11011,#11012,#11013,
    #11014,#11015,#11016,#11017),.UNSPECIFIED.,.F.,.F.,(5,3,3,3,3,3,3,3,
    3,3,3,3,3,3,5),(0.,0.111936009195,0.178134800374,0.224468429089,
    0.259842410446,0.353631248226,0.433130821618,0.501833857984,
    0.567320226393,0.648355944193,0.739770724684,0.774320325011,
    0.820870242971,0.886463989291,1.),.UNSPECIFIED.);
#10974 = CARTESIAN_POINT('',(-0.479698978423,1.110223024625E-16,0.2811)
  );
#10975 = CARTESIAN_POINT('',(-0.479698978423,4.217130865935E-02,0.2811)
  );
#10976 = CARTESIAN_POINT('',(-0.474755590781,8.4345612098E-02,0.2811));
#10977 = CARTESIAN_POINT('',(-0.464869497241,0.125642165803,0.2811));
#10978 = CARTESIAN_POINT('',(-0.441752332023,0.188647870555,0.2811));
#10979 = CARTESIAN_POINT('',(-0.431538236599,0.211466885774,0.2811));
#10980 = CARTESIAN_POINT('',(-0.41976312229,0.233521032638,0.2811));
#10981 = CARTESIAN_POINT('',(-0.39725576746,0.269450724315,0.2811));
#10982 = CARTESIAN_POINT('',(-0.387270862837,0.283794665723,0.2811));
#10983 = CARTESIAN_POINT('',(-0.376600942457,0.297636639349,0.2811));
#10984 = CARTESIAN_POINT('',(-0.356647567189,0.321078248389,0.2811));
#10985 = CARTESIAN_POINT('',(-0.347633126098,0.330906918645,0.2811));
#10986 = CARTESIAN_POINT('',(-0.338260540602,0.340394675958,0.2811));
#10987 = CARTESIAN_POINT('',(-0.302803319414,0.37372431024,0.2811));
#10988 = CARTESIAN_POINT('',(-0.274679007776,0.395397863494,0.2811));
#10989 = CARTESIAN_POINT('',(-0.24455312382,0.41419013326,0.2811));
#10990 = CARTESIAN_POINT('',(-0.186047459042,0.443164262638,0.2811));
#10991 = CARTESIAN_POINT('',(-0.158099783519,0.454222362482,0.2811));
#10992 = CARTESIAN_POINT('',(-0.129326092082,0.462907088222,0.2811));
#10993 = CARTESIAN_POINT('',(-7.471796307832E-02,0.474550648786,0.2811)
  );
#10994 = CARTESIAN_POINT('',(-4.901446129099E-02,0.478127053029,0.2811)
  );
#10995 = CARTESIAN_POINT('',(-2.311995940782E-02,0.479840136987,0.2811)
  );
#10996 = CARTESIAN_POINT('',(2.743524906632E-02,0.479548880325,0.2811));
#10997 = CARTESIAN_POINT('',(5.209736754486E-02,0.477714833232,0.2811));
#10998 = CARTESIAN_POINT('',(7.657509830868E-02,0.474189918097,0.2811));
#10999 = CARTESIAN_POINT('',(0.130547649354,0.462601908359,0.2811));
#11000 = CARTESIAN_POINT('',(0.159854486865,0.453659795085,0.2811));
#11001 = CARTESIAN_POINT('',(0.188293378003,0.442254258411,0.2811));
#11002 = CARTESIAN_POINT('',(0.246335022664,0.41305731279,0.2811));
#11003 = CARTESIAN_POINT('',(0.275621807205,0.394634321604,0.2811));
#11004 = CARTESIAN_POINT('',(0.303001226416,0.373480328921,0.2811));
#11005 = CARTESIAN_POINT('',(0.337619916561,0.341018091091,0.2811));
#11006 = CARTESIAN_POINT('',(0.346793021331,0.33177077613,0.2811));
#11007 = CARTESIAN_POINT('',(0.355625321946,0.322197419187,0.2811));
#11008 = CARTESIAN_POINT('',(0.375518600494,0.299005804805,0.2811));
#11009 = CARTESIAN_POINT('',(0.386288159715,0.285137522865,0.2811));
#11010 = CARTESIAN_POINT('',(0.396368035993,0.270760169446,0.2811));
#11011 = CARTESIAN_POINT('',(0.418909459447,0.235024887445,0.2811));
#11012 = CARTESIAN_POINT('',(0.430658448333,0.21321724773,0.2811));
#11013 = CARTESIAN_POINT('',(0.440878046751,0.190652489099,0.2811));
#11014 = CARTESIAN_POINT('',(0.464442529988,0.127412508199,0.2811));
#11015 = CARTESIAN_POINT('',(0.474613245584,8.55514074058E-02,0.2811));
#11016 = CARTESIAN_POINT('',(0.479698978423,4.277410312384E-02,0.2811));
#11017 = CARTESIAN_POINT('',(0.479698978423,1.110223024625E-16,0.2811));
#11018 = PCURVE('',#11019,#11029);
#11019 = ( BOUNDED_SURFACE() B_SPLINE_SURFACE(2,2,(
    (#11020,#11021,#11022)
    ,(#11023,#11024,#11025)
    ,(#11026,#11027,#11028
)),.UNSPECIFIED.,.F.,.F.,.F.) B_SPLINE_SURFACE_WITH_KNOTS((3,3),(3,3),(
    1.40758269694,1.73400995665),(0.,0.163769604848),
.PIECEWISE_BEZIER_KNOTS.) GEOMETRIC_REPRESENTATION_ITEM() 
RATIONAL_B_SPLINE_SURFACE((
    (1.,0.996649312424,1.)
    ,(0.986710196762,0.983404039165,0.986710196762)
,(1.,0.996649312424,1.))) REPRESENTATION_ITEM('') SURFACE() );
#11020 = CARTESIAN_POINT('',(-1.100463264618,0.,0.199994230635));
#11021 = CARTESIAN_POINT('',(-1.100463264618,0.555807632521,
    0.199994230635));
#11022 = CARTESIAN_POINT('',(-1.085738740303,1.104178394351,
    0.100645609374));
#11023 = CARTESIAN_POINT('',(-4.202814805422E-16,0.,0.401352727166));
#11024 = CARTESIAN_POINT('',(-4.202814805422E-16,0.555807632521,
    0.401352727166));
#11025 = CARTESIAN_POINT('',(-4.14657989892E-16,1.104178394351,
    0.299309869601));
#11026 = CARTESIAN_POINT('',(1.100463264618,0.,0.199994230635));
#11027 = CARTESIAN_POINT('',(1.100463264618,0.555807632521,
    0.199994230635));
#11028 = CARTESIAN_POINT('',(1.085738740303,1.104178394351,
    0.100645609374));
#11029 = DEFINITIONAL_REPRESENTATION('',(#11030),#11075);
#11030 = B_SPLINE_CURVE_WITH_KNOTS('',4,(#11031,#11032,#11033,#11034,
    #11035,#11036,#11037,#11038,#11039,#11040,#11041,#11042,#11043,
    #11044,#11045,#11046,#11047,#11048,#11049,#11050,#11051,#11052,
    #11053,#11054,#11055,#11056,#11057,#11058,#11059,#11060,#11061,
    #11062,#11063,#11064,#11065,#11066,#11067,#11068,#11069,#11070,
    #11071,#11072,#11073,#11074),.UNSPECIFIED.,.F.,.F.,(5,3,3,3,3,3,3,3,
    3,3,3,3,3,3,5),(0.,0.111936009195,0.178134800374,0.224468429089,
    0.259842410446,0.353631248226,0.433130821618,0.501833857984,
    0.567320226393,0.648355944193,0.739770724684,0.774320325011,
    0.820870242971,0.886463989291,1.),.UNSPECIFIED.);
#11031 = CARTESIAN_POINT('',(1.500034354615,0.));
#11032 = CARTESIAN_POINT('',(1.500034354615,6.233809204631E-03));
#11033 = CARTESIAN_POINT('',(1.500761730093,1.246592159584E-02));
#11034 = CARTESIAN_POINT('',(1.502216425761,1.856722978602E-02));
#11035 = CARTESIAN_POINT('',(1.505619469826,2.787565520009E-02));
#11036 = CARTESIAN_POINT('',(1.507123284045,3.124685297641E-02));
#11037 = CARTESIAN_POINT('',(1.508857287476,3.450515735033E-02));
#11038 = CARTESIAN_POINT('',(1.512172599874,3.981377929926E-02));
#11039 = CARTESIAN_POINT('',(1.513643591413,4.193319930106E-02));
#11040 = CARTESIAN_POINT('',(1.515215779091,4.397858044813E-02));
#11041 = CARTESIAN_POINT('',(1.518156425781,4.744271073141E-02));
#11042 = CARTESIAN_POINT('',(1.519485112711,4.889524592449E-02));
#11043 = CARTESIAN_POINT('',(1.520866783491,5.029748748364E-02));
#11044 = CARTESIAN_POINT('',(1.526094507552,5.522374703712E-02));
#11045 = CARTESIAN_POINT('',(1.530242487399,5.842781816067E-02));
#11046 = CARTESIAN_POINT('',(1.534687357971,6.120651156902E-02));
#11047 = CARTESIAN_POINT('',(1.543322155376,6.549132457471E-02));
#11048 = CARTESIAN_POINT('',(1.547447920022,6.712692467757E-02));
#11049 = CARTESIAN_POINT('',(1.551696513402,6.841162685379E-02));
#11050 = CARTESIAN_POINT('',(1.559760753354,7.01341128468E-02));
#11051 = CARTESIAN_POINT('',(1.563556927114,7.066324115082E-02));
#11052 = CARTESIAN_POINT('',(1.567381532354,7.091669136513E-02));
#11053 = CARTESIAN_POINT('',(1.574848485195,7.087360009023E-02));
#11054 = CARTESIAN_POINT('',(1.578491045422,7.060225349067E-02));
#11055 = CARTESIAN_POINT('',(1.582106159855,7.008074727638E-02));
#11056 = CARTESIAN_POINT('',(1.590076523541,6.836648145316E-02));
#11057 = CARTESIAN_POINT('',(1.594403814654,6.704370802005E-02));
#11058 = CARTESIAN_POINT('',(1.598602043489,6.535672869601E-02));
#11059 = CARTESIAN_POINT('',(1.607168195123,6.103901107508E-02));
#11060 = CARTESIAN_POINT('',(1.611489203191,5.831494587367E-02));
#11061 = CARTESIAN_POINT('',(1.61552730785,5.518769315988E-02));
#11062 = CARTESIAN_POINT('',(1.620631424358,5.038962807307E-02));
#11063 = CARTESIAN_POINT('',(1.621983699407,4.902291784983E-02));
#11064 = CARTESIAN_POINT('',(1.623285554546,4.760810743326E-02));
#11065 = CARTESIAN_POINT('',(1.626217385993,4.418090082763E-02));
#11066 = CARTESIAN_POINT('',(1.62780427598,4.21316220853E-02));
#11067 = CARTESIAN_POINT('',(1.629289276439,4.000725688155E-02));
#11068 = CARTESIAN_POINT('',(1.632609642368,3.472734353687E-02));
#11069 = CARTESIAN_POINT('',(1.634339820711,3.150545032135E-02));
#11070 = CARTESIAN_POINT('',(1.635844465104,2.817181144085E-02));
#11071 = CARTESIAN_POINT('',(1.639313400927,1.882878698726E-02));
#11072 = CARTESIAN_POINT('',(1.640809979156,1.264410116206E-02));
#11073 = CARTESIAN_POINT('',(1.641558298975,6.322914945021E-03));
#11074 = CARTESIAN_POINT('',(1.641558298975,0.));
#11075 = ( GEOMETRIC_REPRESENTATION_CONTEXT(2) 
PARAMETRIC_REPRESENTATION_CONTEXT() REPRESENTATION_CONTEXT('2D SPACE',''
  ) );
#11076 = PCURVE('',#11077,#11082);
#11077 = PLANE('',#11078);
#11078 = AXIS2_PLACEMENT_3D('',#11079,#11080,#11081);
#11079 = CARTESIAN_POINT('',(-1.6,-0.6,0.2811));
#11080 = DIRECTION('',(0.,0.,1.));
#11081 = DIRECTION('',(1.,0.,-0.));
#11082 = DEFINITIONAL_REPRESENTATION('',(#11083),#11128);
#11083 = B_SPLINE_CURVE_WITH_KNOTS('',4,(#11084,#11085,#11086,#11087,
    #11088,#11089,#11090,#11091,#11092,#11093,#11094,#11095,#11096,
    #11097,#11098,#11099,#11100,#11101,#11102,#11103,#11104,#11105,
    #11106,#11107,#11108,#11109,#11110,#11111,#11112,#11113,#11114,
    #11115,#11116,#11117,#11118,#11119,#11120,#11121,#11122,#11123,
    #11124,#11125,#11126,#11127),.UNSPECIFIED.,.F.,.F.,(5,3,3,3,3,3,3,3,
    3,3,3,3,3,3,5),(0.,0.111936009195,0.178134800374,0.224468429089,
    0.259842410446,0.353631248226,0.433130821618,0.501833857984,
    0.567320226393,0.648355944193,0.739770724684,0.774320325011,
    0.820870242971,0.886463989291,1.),.UNSPECIFIED.);
#11084 = CARTESIAN_POINT('',(1.120301021577,0.6));
#11085 = CARTESIAN_POINT('',(1.120301021577,0.642171308659));
#11086 = CARTESIAN_POINT('',(1.125244409219,0.684345612098));
#11087 = CARTESIAN_POINT('',(1.135130502759,0.725642165803));
#11088 = CARTESIAN_POINT('',(1.158247667977,0.788647870555));
#11089 = CARTESIAN_POINT('',(1.168461763401,0.811466885774));
#11090 = CARTESIAN_POINT('',(1.18023687771,0.833521032638));
#11091 = CARTESIAN_POINT('',(1.20274423254,0.869450724315));
#11092 = CARTESIAN_POINT('',(1.212729137163,0.883794665723));
#11093 = CARTESIAN_POINT('',(1.223399057543,0.897636639349));
#11094 = CARTESIAN_POINT('',(1.243352432811,0.921078248389));
#11095 = CARTESIAN_POINT('',(1.252366873902,0.930906918645));
#11096 = CARTESIAN_POINT('',(1.261739459398,0.940394675958));
#11097 = CARTESIAN_POINT('',(1.297196680586,0.97372431024));
#11098 = CARTESIAN_POINT('',(1.325320992224,0.995397863494));
#11099 = CARTESIAN_POINT('',(1.35544687618,1.01419013326));
#11100 = CARTESIAN_POINT('',(1.413952540958,1.043164262638));
#11101 = CARTESIAN_POINT('',(1.441900216481,1.054222362482));
#11102 = CARTESIAN_POINT('',(1.470673907918,1.062907088222));
#11103 = CARTESIAN_POINT('',(1.525282036922,1.074550648786));
#11104 = CARTESIAN_POINT('',(1.550985538709,1.078127053029));
#11105 = CARTESIAN_POINT('',(1.576880040592,1.079840136987));
#11106 = CARTESIAN_POINT('',(1.627435249066,1.079548880325));
#11107 = CARTESIAN_POINT('',(1.652097367545,1.077714833232));
#11108 = CARTESIAN_POINT('',(1.676575098309,1.074189918097));
#11109 = CARTESIAN_POINT('',(1.730547649354,1.062601908359));
#11110 = CARTESIAN_POINT('',(1.759854486865,1.053659795085));
#11111 = CARTESIAN_POINT('',(1.788293378003,1.042254258411));
#11112 = CARTESIAN_POINT('',(1.846335022664,1.01305731279));
#11113 = CARTESIAN_POINT('',(1.875621807205,0.994634321604));
#11114 = CARTESIAN_POINT('',(1.903001226416,0.973480328921));
#11115 = CARTESIAN_POINT('',(1.937619916561,0.941018091091));
#11116 = CARTESIAN_POINT('',(1.946793021331,0.93177077613));
#11117 = CARTESIAN_POINT('',(1.955625321946,0.922197419187));
#11118 = CARTESIAN_POINT('',(1.975518600494,0.899005804805));
#11119 = CARTESIAN_POINT('',(1.986288159715,0.885137522865));
#11120 = CARTESIAN_POINT('',(1.996368035993,0.870760169446));
#11121 = CARTESIAN_POINT('',(2.018909459447,0.835024887445));
#11122 = CARTESIAN_POINT('',(2.030658448333,0.81321724773));
#11123 = CARTESIAN_POINT('',(2.040878046751,0.790652489099));
#11124 = CARTESIAN_POINT('',(2.064442529988,0.727412508199));
#11125 = CARTESIAN_POINT('',(2.074613245584,0.685551407406));
#11126 = CARTESIAN_POINT('',(2.079698978423,0.642774103124));
#11127 = CARTESIAN_POINT('',(2.079698978423,0.6));
#11128 = ( GEOMETRIC_REPRESENTATION_CONTEXT(2) 
PARAMETRIC_REPRESENTATION_CONTEXT() REPRESENTATION_CONTEXT('2D SPACE',''
  ) );
#11129 = ORIENTED_EDGE('',*,*,#11130,.F.);
#11130 = EDGE_CURVE('',#11131,#10968,#11133,.T.);
#11131 = VERTEX_POINT('',#11132);
#11132 = CARTESIAN_POINT('',(-7.120935672089E-16,0.,0.3));
#11133 = SURFACE_CURVE('',#11134,(#11138,#11146),.PCURVE_S1.);
#11134 = ( BOUNDED_CURVE() B_SPLINE_CURVE(2,(#11135,#11136,#11137),
.UNSPECIFIED.,.F.,.F.) B_SPLINE_CURVE_WITH_KNOTS((3,3),(3.14159265359,
3.304801564975),.PIECEWISE_BEZIER_KNOTS.) CURVE() 
GEOMETRIC_REPRESENTATION_ITEM() RATIONAL_B_SPLINE_CURVE((1.,
0.99667220375,1.)) REPRESENTATION_ITEM('') );
#11135 = CARTESIAN_POINT('',(8.293920447225E-16,0.,0.3));
#11136 = CARTESIAN_POINT('',(-0.553896240419,0.,0.3));
#11137 = CARTESIAN_POINT('',(-1.100431733457,0.,0.2));
#11138 = PCURVE('',#11019,#11139);
#11139 = DEFINITIONAL_REPRESENTATION('',(#11140),#11145);
#11140 = B_SPLINE_CURVE_WITH_KNOTS('',3,(#11141,#11142,#11143,#11144),
  .UNSPECIFIED.,.F.,.F.,(4,4),(3.14159265359,3.304801564975),
  .PIECEWISE_BEZIER_KNOTS.);
#11141 = CARTESIAN_POINT('',(1.570796326795,-2.082273035312E-33));
#11142 = CARTESIAN_POINT('',(1.516574404906,2.638638887588E-23));
#11143 = CARTESIAN_POINT('',(1.46217204593,3.208796805715E-23));
#11144 = CARTESIAN_POINT('',(1.407587436423,7.532127662061E-31));
#11145 = ( GEOMETRIC_REPRESENTATION_CONTEXT(2) 
PARAMETRIC_REPRESENTATION_CONTEXT() REPRESENTATION_CONTEXT('2D SPACE',''
  ) );
#11146 = PCURVE('',#11147,#11157);
#11147 = ( BOUNDED_SURFACE() B_SPLINE_SURFACE(2,2,(
    (#11148,#11149,#11150)
    ,(#11151,#11152,#11153)
    ,(#11154,#11155,#11156
)),.UNSPECIFIED.,.F.,.F.,.F.) B_SPLINE_SURFACE_WITH_KNOTS((3,3),(3,3),(
    1.40758269694,1.73400995665),(-0.163769604848,2.775557561563E-17),
.PIECEWISE_BEZIER_KNOTS.) GEOMETRIC_REPRESENTATION_ITEM() 
RATIONAL_B_SPLINE_SURFACE((
    (1.,0.996649312424,1.)
    ,(0.986710196762,0.983404039165,0.986710196762)
,(1.,0.996649312424,1.))) REPRESENTATION_ITEM('') SURFACE() );
#11148 = CARTESIAN_POINT('',(-1.085738740303,-1.104178394351,
    0.100645609374));
#11149 = CARTESIAN_POINT('',(-1.100463264618,-0.555807632521,
    0.199994230635));
#11150 = CARTESIAN_POINT('',(-1.100463264618,1.879746358568E-16,
    0.199994230635));
#11151 = CARTESIAN_POINT('',(-4.14657989892E-16,-1.104178394351,
    0.299309869601));
#11152 = CARTESIAN_POINT('',(-4.202814805422E-16,-0.555807632521,
    0.401352727166));
#11153 = CARTESIAN_POINT('',(-4.202814805422E-16,1.879746358568E-16,
    0.401352727166));
#11154 = CARTESIAN_POINT('',(1.085738740303,-1.104178394351,
    0.100645609374));
#11155 = CARTESIAN_POINT('',(1.100463264618,-0.555807632521,
    0.199994230635));
#11156 = CARTESIAN_POINT('',(1.100463264618,1.879746358568E-16,
    0.199994230635));
#11157 = DEFINITIONAL_REPRESENTATION('',(#11158),#11163);
#11158 = B_SPLINE_CURVE_WITH_KNOTS('',3,(#11159,#11160,#11161,#11162),
  .UNSPECIFIED.,.F.,.F.,(4,4),(3.14159265359,3.304801564975),
  .PIECEWISE_BEZIER_KNOTS.);
#11159 = CARTESIAN_POINT('',(1.570796326795,1.486909861385E-17));
#11160 = CARTESIAN_POINT('',(1.516574404906,1.475298368202E-17));
#11161 = CARTESIAN_POINT('',(1.46217204593,1.517444746322E-17));
#11162 = CARTESIAN_POINT('',(1.407587436423,1.500107316038E-17));
#11163 = ( GEOMETRIC_REPRESENTATION_CONTEXT(2) 
PARAMETRIC_REPRESENTATION_CONTEXT() REPRESENTATION_CONTEXT('2D SPACE',''
  ) );
#11164 = ORIENTED_EDGE('',*,*,#11165,.T.);
#11165 = EDGE_CURVE('',#11131,#10970,#11166,.T.);
#11166 = SURFACE_CURVE('',#11167,(#11171,#11179),.PCURVE_S1.);
#11167 = ( BOUNDED_CURVE() B_SPLINE_CURVE(2,(#11168,#11169,#11170),
.UNSPECIFIED.,.F.,.F.) B_SPLINE_CURVE_WITH_KNOTS((3,3),(1.570796326795,
1.73400523818),.PIECEWISE_BEZIER_KNOTS.) CURVE() 
GEOMETRIC_REPRESENTATION_ITEM() RATIONAL_B_SPLINE_CURVE((1.,
0.99667220375,1.)) REPRESENTATION_ITEM('') );
#11168 = CARTESIAN_POINT('',(-4.146960223613E-16,-1.43649205032E-32,0.3)
  );
#11169 = CARTESIAN_POINT('',(0.553896240419,6.783272578891E-17,0.3));
#11170 = CARTESIAN_POINT('',(1.100431733457,1.347640200059E-16,0.2));
#11171 = PCURVE('',#11019,#11172);
#11172 = DEFINITIONAL_REPRESENTATION('',(#11173),#11178);
#11173 = B_SPLINE_CURVE_WITH_KNOTS('',3,(#11174,#11175,#11176,#11177),
  .UNSPECIFIED.,.F.,.F.,(4,4),(1.570796326795,1.73400523818),
  .PIECEWISE_BEZIER_KNOTS.);
#11174 = CARTESIAN_POINT('',(1.570796326795,0.));
#11175 = CARTESIAN_POINT('',(1.625018248684,2.185935088541E-17));
#11176 = CARTESIAN_POINT('',(1.67942060766,4.042733691427E-17));
#11177 = CARTESIAN_POINT('',(1.734005217167,2.996926835224E-17));
#11178 = ( GEOMETRIC_REPRESENTATION_CONTEXT(2) 
PARAMETRIC_REPRESENTATION_CONTEXT() REPRESENTATION_CONTEXT('2D SPACE',''
  ) );
#11179 = PCURVE('',#11147,#11180);
#11180 = DEFINITIONAL_REPRESENTATION('',(#11181),#11186);
#11181 = B_SPLINE_CURVE_WITH_KNOTS('',3,(#11182,#11183,#11184,#11185),
  .UNSPECIFIED.,.F.,.F.,(4,4),(1.570796326795,1.73400523818),
  .PIECEWISE_BEZIER_KNOTS.);
#11182 = CARTESIAN_POINT('',(1.570796326795,1.486909861385E-17));
#11183 = CARTESIAN_POINT('',(1.625018248684,3.64484344483E-17));
#11184 = CARTESIAN_POINT('',(1.67942060766,3.977867992128E-17));
#11185 = CARTESIAN_POINT('',(1.734005217167,3.993506281866E-17));
#11186 = ( GEOMETRIC_REPRESENTATION_CONTEXT(2) 
PARAMETRIC_REPRESENTATION_CONTEXT() REPRESENTATION_CONTEXT('2D SPACE',''
  ) );
#11187 = ADVANCED_FACE('',(#11188),#11077,.F.);
#11188 = FACE_BOUND('',#11189,.F.);
#11189 = EDGE_LOOP('',(#11190,#11334));
#11190 = ORIENTED_EDGE('',*,*,#11191,.F.);
#11191 = EDGE_CURVE('',#10970,#10968,#11192,.T.);
#11192 = SURFACE_CURVE('',#11193,(#11238,#11286),.PCURVE_S1.);
#11193 = B_SPLINE_CURVE_WITH_KNOTS('',4,(#11194,#11195,#11196,#11197,
    #11198,#11199,#11200,#11201,#11202,#11203,#11204,#11205,#11206,
    #11207,#11208,#11209,#11210,#11211,#11212,#11213,#11214,#11215,
    #11216,#11217,#11218,#11219,#11220,#11221,#11222,#11223,#11224,
    #11225,#11226,#11227,#11228,#11229,#11230,#11231,#11232,#11233,
    #11234,#11235,#11236,#11237),.UNSPECIFIED.,.F.,.F.,(5,3,3,3,3,3,3,3,
    3,3,3,3,3,3,5),(0.,0.111936009197,0.178134800375,0.22446842909,
    0.259842410448,0.353631248229,0.433130821621,0.50183385799,
    0.567320226416,0.648355944218,0.739770724701,0.774320325026,
    0.820870242984,0.886463989303,1.),.UNSPECIFIED.);
#11194 = CARTESIAN_POINT('',(0.479698978423,0.,0.2811));
#11195 = CARTESIAN_POINT('',(0.479698978423,-4.217130865987E-02,0.2811)
  );
#11196 = CARTESIAN_POINT('',(0.47475559078,-8.434561209907E-02,0.2811));
#11197 = CARTESIAN_POINT('',(0.464869497241,-0.125642165805,0.2811));
#11198 = CARTESIAN_POINT('',(0.441752332022,-0.188647870557,0.2811));
#11199 = CARTESIAN_POINT('',(0.431538236598,-0.211466885776,0.2811));
#11200 = CARTESIAN_POINT('',(0.419763122289,-0.23352103264,0.2811));
#11201 = CARTESIAN_POINT('',(0.397255767459,-0.269450724316,0.2811));
#11202 = CARTESIAN_POINT('',(0.387270862836,-0.283794665725,0.2811));
#11203 = CARTESIAN_POINT('',(0.376600942455,-0.297636639351,0.2811));
#11204 = CARTESIAN_POINT('',(0.356647567187,-0.321078248391,0.2811));
#11205 = CARTESIAN_POINT('',(0.347633126097,-0.330906918647,0.2811));
#11206 = CARTESIAN_POINT('',(0.3382605406,-0.34039467596,0.2811));
#11207 = CARTESIAN_POINT('',(0.302803319412,-0.373724310242,0.2811));
#11208 = CARTESIAN_POINT('',(0.274679007773,-0.395397863495,0.2811));
#11209 = CARTESIAN_POINT('',(0.244553123817,-0.414190133261,0.2811));
#11210 = CARTESIAN_POINT('',(0.186047459038,-0.443164262639,0.2811));
#11211 = CARTESIAN_POINT('',(0.158099783515,-0.454222362483,0.2811));
#11212 = CARTESIAN_POINT('',(0.129326092078,-0.462907088223,0.2811));
#11213 = CARTESIAN_POINT('',(7.471796307304E-02,-0.474550648787,0.2811)
  );
#11214 = CARTESIAN_POINT('',(4.901446128425E-02,-0.47812705303,0.2811));
#11215 = CARTESIAN_POINT('',(2.311995939963E-02,-0.479840136987,0.2811)
  );
#11216 = CARTESIAN_POINT('',(-2.743524908198E-02,-0.479548880324,0.2811)
  );
#11217 = CARTESIAN_POINT('',(-5.209736756653E-02,-0.47771483323,0.2811)
  );
#11218 = CARTESIAN_POINT('',(-7.657509833619E-02,-0.474189918093,0.2811)
  );
#11219 = CARTESIAN_POINT('',(-0.130547649388,-0.462601908349,0.2811));
#11220 = CARTESIAN_POINT('',(-0.159854486899,-0.453659795073,0.2811));
#11221 = CARTESIAN_POINT('',(-0.188293378037,-0.442254258397,0.2811));
#11222 = CARTESIAN_POINT('',(-0.246335022693,-0.413057312772,0.2811));
#11223 = CARTESIAN_POINT('',(-0.27562180723,-0.394634321586,0.2811));
#11224 = CARTESIAN_POINT('',(-0.303001226437,-0.373480328903,0.2811));
#11225 = CARTESIAN_POINT('',(-0.337619916578,-0.341018091074,0.2811));
#11226 = CARTESIAN_POINT('',(-0.346793021347,-0.331770776113,0.2811));
#11227 = CARTESIAN_POINT('',(-0.355625321961,-0.32219741917,0.2811));
#11228 = CARTESIAN_POINT('',(-0.375518600507,-0.299005804788,0.2811));
#11229 = CARTESIAN_POINT('',(-0.386288159727,-0.285137522848,0.2811));
#11230 = CARTESIAN_POINT('',(-0.396368036004,-0.27076016943,0.2811));
#11231 = CARTESIAN_POINT('',(-0.418909459456,-0.235024887428,0.2811));
#11232 = CARTESIAN_POINT('',(-0.430658448342,-0.213217247714,0.2811));
#11233 = CARTESIAN_POINT('',(-0.440878046758,-0.190652489082,0.2811));
#11234 = CARTESIAN_POINT('',(-0.464442529991,-0.127412508186,0.2811));
#11235 = CARTESIAN_POINT('',(-0.474613245585,-8.5551407397E-02,0.2811));
#11236 = CARTESIAN_POINT('',(-0.479698978423,-4.277410311944E-02,0.2811)
  );
#11237 = CARTESIAN_POINT('',(-0.479698978423,0.,0.2811));
#11238 = PCURVE('',#11077,#11239);
#11239 = DEFINITIONAL_REPRESENTATION('',(#11240),#11285);
#11240 = B_SPLINE_CURVE_WITH_KNOTS('',4,(#11241,#11242,#11243,#11244,
    #11245,#11246,#11247,#11248,#11249,#11250,#11251,#11252,#11253,
    #11254,#11255,#11256,#11257,#11258,#11259,#11260,#11261,#11262,
    #11263,#11264,#11265,#11266,#11267,#11268,#11269,#11270,#11271,
    #11272,#11273,#11274,#11275,#11276,#11277,#11278,#11279,#11280,
    #11281,#11282,#11283,#11284),.UNSPECIFIED.,.F.,.F.,(5,3,3,3,3,3,3,3,
    3,3,3,3,3,3,5),(0.,0.111936009197,0.178134800375,0.22446842909,
    0.259842410448,0.353631248229,0.433130821621,0.50183385799,
    0.567320226416,0.648355944218,0.739770724701,0.774320325026,
    0.820870242984,0.886463989303,1.),.UNSPECIFIED.);
#11241 = CARTESIAN_POINT('',(2.079698978423,0.6));
#11242 = CARTESIAN_POINT('',(2.079698978423,0.55782869134));
#11243 = CARTESIAN_POINT('',(2.07475559078,0.515654387901));
#11244 = CARTESIAN_POINT('',(2.064869497241,0.474357834195));
#11245 = CARTESIAN_POINT('',(2.041752332022,0.411352129443));
#11246 = CARTESIAN_POINT('',(2.031538236598,0.388533114224));
#11247 = CARTESIAN_POINT('',(2.019763122289,0.36647896736));
#11248 = CARTESIAN_POINT('',(1.997255767459,0.330549275684));
#11249 = CARTESIAN_POINT('',(1.987270862836,0.316205334275));
#11250 = CARTESIAN_POINT('',(1.976600942455,0.302363360649));
#11251 = CARTESIAN_POINT('',(1.956647567187,0.278921751609));
#11252 = CARTESIAN_POINT('',(1.947633126097,0.269093081353));
#11253 = CARTESIAN_POINT('',(1.9382605406,0.25960532404));
#11254 = CARTESIAN_POINT('',(1.902803319412,0.226275689758));
#11255 = CARTESIAN_POINT('',(1.874679007773,0.204602136505));
#11256 = CARTESIAN_POINT('',(1.844553123817,0.185809866739));
#11257 = CARTESIAN_POINT('',(1.786047459038,0.156835737361));
#11258 = CARTESIAN_POINT('',(1.758099783515,0.145777637517));
#11259 = CARTESIAN_POINT('',(1.729326092078,0.137092911777));
#11260 = CARTESIAN_POINT('',(1.674717963073,0.125449351213));
#11261 = CARTESIAN_POINT('',(1.649014461284,0.12187294697));
#11262 = CARTESIAN_POINT('',(1.6231199594,0.120159863013));
#11263 = CARTESIAN_POINT('',(1.572564750918,0.120451119676));
#11264 = CARTESIAN_POINT('',(1.547902632433,0.12228516677));
#11265 = CARTESIAN_POINT('',(1.523424901664,0.125810081907));
#11266 = CARTESIAN_POINT('',(1.469452350612,0.137398091651));
#11267 = CARTESIAN_POINT('',(1.440145513101,0.146340204927));
#11268 = CARTESIAN_POINT('',(1.411706621963,0.157745741603));
#11269 = CARTESIAN_POINT('',(1.353664977307,0.186942687228));
#11270 = CARTESIAN_POINT('',(1.32437819277,0.205365678414));
#11271 = CARTESIAN_POINT('',(1.296998773563,0.226519671097));
#11272 = CARTESIAN_POINT('',(1.262380083422,0.258981908926));
#11273 = CARTESIAN_POINT('',(1.253206978653,0.268229223887));
#11274 = CARTESIAN_POINT('',(1.244374678039,0.27780258083));
#11275 = CARTESIAN_POINT('',(1.224481399493,0.300994195212));
#11276 = CARTESIAN_POINT('',(1.213711840273,0.314862477152));
#11277 = CARTESIAN_POINT('',(1.203631963996,0.32923983057));
#11278 = CARTESIAN_POINT('',(1.181090540544,0.364975112572));
#11279 = CARTESIAN_POINT('',(1.169341551658,0.386782752286));
#11280 = CARTESIAN_POINT('',(1.159121953242,0.409347510918));
#11281 = CARTESIAN_POINT('',(1.135557470009,0.472587491814));
#11282 = CARTESIAN_POINT('',(1.125386754415,0.514448592603));
#11283 = CARTESIAN_POINT('',(1.120301021577,0.557225896881));
#11284 = CARTESIAN_POINT('',(1.120301021577,0.6));
#11285 = ( GEOMETRIC_REPRESENTATION_CONTEXT(2) 
PARAMETRIC_REPRESENTATION_CONTEXT() REPRESENTATION_CONTEXT('2D SPACE',''
  ) );
#11286 = PCURVE('',#11147,#11287);
#11287 = DEFINITIONAL_REPRESENTATION('',(#11288),#11333);
#11288 = B_SPLINE_CURVE_WITH_KNOTS('',4,(#11289,#11290,#11291,#11292,
    #11293,#11294,#11295,#11296,#11297,#11298,#11299,#11300,#11301,
    #11302,#11303,#11304,#11305,#11306,#11307,#11308,#11309,#11310,
    #11311,#11312,#11313,#11314,#11315,#11316,#11317,#11318,#11319,
    #11320,#11321,#11322,#11323,#11324,#11325,#11326,#11327,#11328,
    #11329,#11330,#11331,#11332),.UNSPECIFIED.,.F.,.F.,(5,3,3,3,3,3,3,3,
    3,3,3,3,3,3,5),(0.,0.111936009197,0.178134800375,0.22446842909,
    0.259842410448,0.353631248229,0.433130821621,0.50183385799,
    0.567320226416,0.648355944218,0.739770724701,0.774320325026,
    0.820870242984,0.886463989303,1.),.UNSPECIFIED.);
#11289 = CARTESIAN_POINT('',(1.641558298975,2.775557561563E-17));
#11290 = CARTESIAN_POINT('',(1.641558298975,-6.233809204709E-03));
#11291 = CARTESIAN_POINT('',(1.640830923496,-1.2465921596E-02));
#11292 = CARTESIAN_POINT('',(1.639376227829,-1.856722978625E-02));
#11293 = CARTESIAN_POINT('',(1.635973183763,-2.787565520038E-02));
#11294 = CARTESIAN_POINT('',(1.634469369545,-3.12468529767E-02));
#11295 = CARTESIAN_POINT('',(1.632735366113,-3.450515735061E-02));
#11296 = CARTESIAN_POINT('',(1.629420053715,-3.981377929954E-02));
#11297 = CARTESIAN_POINT('',(1.627949062176,-4.193319930133E-02));
#11298 = CARTESIAN_POINT('',(1.626376874498,-4.39785804484E-02));
#11299 = CARTESIAN_POINT('',(1.623436227808,-4.744271073168E-02));
#11300 = CARTESIAN_POINT('',(1.622107540879,-4.889524592475E-02));
#11301 = CARTESIAN_POINT('',(1.620725870099,-5.02974874839E-02));
#11302 = CARTESIAN_POINT('',(1.615498146038,-5.522374703739E-02));
#11303 = CARTESIAN_POINT('',(1.611350166191,-5.842781816094E-02));
#11304 = CARTESIAN_POINT('',(1.606905295619,-6.120651156928E-02));
#11305 = CARTESIAN_POINT('',(1.598270498213,-6.549132457493E-02));
#11306 = CARTESIAN_POINT('',(1.594144733567,-6.712692467776E-02));
#11307 = CARTESIAN_POINT('',(1.589896140187,-6.841162685394E-02));
#11308 = CARTESIAN_POINT('',(1.581831900235,-7.013411284693E-02));
#11309 = CARTESIAN_POINT('',(1.578035726475,-7.066324115094E-02));
#11310 = CARTESIAN_POINT('',(1.574211121234,-7.09166913652E-02));
#11311 = CARTESIAN_POINT('',(1.566744168393,-7.087360009015E-02));
#11312 = CARTESIAN_POINT('',(1.563101608165,-7.060225349038E-02));
#11313 = CARTESIAN_POINT('',(1.559486493731,-7.008074727577E-02));
#11314 = CARTESIAN_POINT('',(1.551516130044,-6.836648145177E-02));
#11315 = CARTESIAN_POINT('',(1.547188838931,-6.70437080183E-02));
#11316 = CARTESIAN_POINT('',(1.542990610096,-6.53567286939E-02));
#11317 = CARTESIAN_POINT('',(1.534424458463,-6.103901107244E-02));
#11318 = CARTESIAN_POINT('',(1.530103450396,-5.8314945871E-02));
#11319 = CARTESIAN_POINT('',(1.526065345737,-5.518769315727E-02));
#11320 = CARTESIAN_POINT('',(1.52096122923,-5.038962807059E-02));
#11321 = CARTESIAN_POINT('',(1.519608954181,-4.902291784735E-02));
#11322 = CARTESIAN_POINT('',(1.518307099042,-4.760810743079E-02));
#11323 = CARTESIAN_POINT('',(1.515375267595,-4.418090082515E-02));
#11324 = CARTESIAN_POINT('',(1.513788377608,-4.213162208283E-02));
#11325 = CARTESIAN_POINT('',(1.512303377149,-4.000725687908E-02));
#11326 = CARTESIAN_POINT('',(1.50898301122,-3.47273435344E-02));
#11327 = CARTESIAN_POINT('',(1.507252832877,-3.150545031888E-02));
#11328 = CARTESIAN_POINT('',(1.505748188485,-2.817181143839E-02));
#11329 = CARTESIAN_POINT('',(1.502279252662,-1.882878698535E-02));
#11330 = CARTESIAN_POINT('',(1.500782674434,-1.264410116076E-02));
#11331 = CARTESIAN_POINT('',(1.500034354615,-6.32291494437E-03));
#11332 = CARTESIAN_POINT('',(1.500034354615,2.775557561563E-17));
#11333 = ( GEOMETRIC_REPRESENTATION_CONTEXT(2) 
PARAMETRIC_REPRESENTATION_CONTEXT() REPRESENTATION_CONTEXT('2D SPACE',''
  ) );
#11334 = ORIENTED_EDGE('',*,*,#10967,.F.);
#11335 = ADVANCED_FACE('',(#11336),#11147,.T.);
#11336 = FACE_BOUND('',#11337,.T.);
#11337 = EDGE_LOOP('',(#11338,#11339,#11340));
#11338 = ORIENTED_EDGE('',*,*,#11191,.F.);
#11339 = ORIENTED_EDGE('',*,*,#11165,.F.);
#11340 = ORIENTED_EDGE('',*,*,#11130,.T.);
#11341 = ( GEOMETRIC_REPRESENTATION_CONTEXT(3) 
GLOBAL_UNCERTAINTY_ASSIGNED_CONTEXT((#11345)) 
GLOBAL_UNIT_ASSIGNED_CONTEXT((#11342,#11343,#11344)) 
REPRESENTATION_CONTEXT('Context #1',
  '3D Context with UNIT and UNCERTAINTY') );
#11342 = ( LENGTH_UNIT() NAMED_UNIT(*) SI_UNIT(.MILLI.,.METRE.) );
#11343 = ( NAMED_UNIT(*) PLANE_ANGLE_UNIT() SI_UNIT($,.RADIAN.) );
#11344 = ( NAMED_UNIT(*) SI_UNIT($,.STERADIAN.) SOLID_ANGLE_UNIT() );
#11345 = UNCERTAINTY_MEASURE_WITH_UNIT(LENGTH_MEASURE(2.E-06),#11342,
  'distance_accuracy_value','confusion accuracy');
#11346 = PRODUCT_RELATED_PRODUCT_CATEGORY('part',$,(#9139));
#11347 = MECHANICAL_DESIGN_GEOMETRIC_PRESENTATION_REPRESENTATION('',(
    #11348,#11356,#11363,#11370,#11377,#11384,#11391,#11398,#11405,
    #11412,#11419,#11426,#11433,#11440,#11447,#11454,#11461,#11468,
    #11475,#11482,#11489),#11341);
#11348 = STYLED_ITEM('color',(#11349),#9145);
#11349 = PRESENTATION_STYLE_ASSIGNMENT((#11350));
#11350 = SURFACE_STYLE_USAGE(.BOTH.,#11351);
#11351 = SURFACE_SIDE_STYLE('',(#11352));
#11352 = SURFACE_STYLE_FILL_AREA(#11353);
#11353 = FILL_AREA_STYLE('',(#11354));
#11354 = FILL_AREA_STYLE_COLOUR('',#11355);
#11355 = COLOUR_RGB('',0.580392144338,0.411764706019,0.);
#11356 = STYLED_ITEM('color',(#11357),#9592);
#11357 = PRESENTATION_STYLE_ASSIGNMENT((#11358));
#11358 = SURFACE_STYLE_USAGE(.BOTH.,#11359);
#11359 = SURFACE_SIDE_STYLE('',(#11360));
#11360 = SURFACE_STYLE_FILL_AREA(#11361);
#11361 = FILL_AREA_STYLE('',(#11362));
#11362 = FILL_AREA_STYLE_COLOUR('',#11355);
#11363 = STYLED_ITEM('color',(#11364),#9892);
#11364 = PRESENTATION_STYLE_ASSIGNMENT((#11365));
#11365 = SURFACE_STYLE_USAGE(.BOTH.,#11366);
#11366 = SURFACE_SIDE_STYLE('',(#11367));
#11367 = SURFACE_STYLE_FILL_AREA(#11368);
#11368 = FILL_AREA_STYLE('',(#11369));
#11369 = FILL_AREA_STYLE_COLOUR('',#11355);
#11370 = STYLED_ITEM('color',(#11371),#9969);
#11371 = PRESENTATION_STYLE_ASSIGNMENT((#11372));
#11372 = SURFACE_STYLE_USAGE(.BOTH.,#11373);
#11373 = SURFACE_SIDE_STYLE('',(#11374));
#11374 = SURFACE_STYLE_FILL_AREA(#11375);
#11375 = FILL_AREA_STYLE('',(#11376));
#11376 = FILL_AREA_STYLE_COLOUR('',#11355);
#11377 = STYLED_ITEM('color',(#11378),#10018);
#11378 = PRESENTATION_STYLE_ASSIGNMENT((#11379));
#11379 = SURFACE_STYLE_USAGE(.BOTH.,#11380);
#11380 = SURFACE_SIDE_STYLE('',(#11381));
#11381 = SURFACE_STYLE_FILL_AREA(#11382);
#11382 = FILL_AREA_STYLE('',(#11383));
#11383 = FILL_AREA_STYLE_COLOUR('',#11355);
#11384 = STYLED_ITEM('color',(#11385),#10068);
#11385 = PRESENTATION_STYLE_ASSIGNMENT((#11386));
#11386 = SURFACE_STYLE_USAGE(.BOTH.,#11387);
#11387 = SURFACE_SIDE_STYLE('',(#11388));
#11388 = SURFACE_STYLE_FILL_AREA(#11389);
#11389 = FILL_AREA_STYLE('',(#11390));
#11390 = FILL_AREA_STYLE_COLOUR('',#11355);
#11391 = STYLED_ITEM('color',(#11392),#10197);
#11392 = PRESENTATION_STYLE_ASSIGNMENT((#11393));
#11393 = SURFACE_STYLE_USAGE(.BOTH.,#11394);
#11394 = SURFACE_SIDE_STYLE('',(#11395));
#11395 = SURFACE_STYLE_FILL_AREA(#11396);
#11396 = FILL_AREA_STYLE('',(#11397));
#11397 = FILL_AREA_STYLE_COLOUR('',#11355);
#11398 = STYLED_ITEM('color',(#11399),#10274);
#11399 = PRESENTATION_STYLE_ASSIGNMENT((#11400));
#11400 = SURFACE_STYLE_USAGE(.BOTH.,#11401);
#11401 = SURFACE_SIDE_STYLE('',(#11402));
#11402 = SURFACE_STYLE_FILL_AREA(#11403);
#11403 = FILL_AREA_STYLE('',(#11404));
#11404 = FILL_AREA_STYLE_COLOUR('',#11355);
#11405 = STYLED_ITEM('color',(#11406),#10323);
#11406 = PRESENTATION_STYLE_ASSIGNMENT((#11407));
#11407 = SURFACE_STYLE_USAGE(.BOTH.,#11408);
#11408 = SURFACE_SIDE_STYLE('',(#11409));
#11409 = SURFACE_STYLE_FILL_AREA(#11410);
#11410 = FILL_AREA_STYLE('',(#11411));
#11411 = FILL_AREA_STYLE_COLOUR('',#11355);
#11412 = STYLED_ITEM('color',(#11413),#10373);
#11413 = PRESENTATION_STYLE_ASSIGNMENT((#11414));
#11414 = SURFACE_STYLE_USAGE(.BOTH.,#11415);
#11415 = SURFACE_SIDE_STYLE('',(#11416));
#11416 = SURFACE_STYLE_FILL_AREA(#11417);
#11417 = FILL_AREA_STYLE('',(#11418));
#11418 = FILL_AREA_STYLE_COLOUR('',#11355);
#11419 = STYLED_ITEM('color',(#11420),#10400);
#11420 = PRESENTATION_STYLE_ASSIGNMENT((#11421));
#11421 = SURFACE_STYLE_USAGE(.BOTH.,#11422);
#11422 = SURFACE_SIDE_STYLE('',(#11423));
#11423 = SURFACE_STYLE_FILL_AREA(#11424);
#11424 = FILL_AREA_STYLE('',(#11425));
#11425 = FILL_AREA_STYLE_COLOUR('',#11355);
#11426 = STYLED_ITEM('color',(#11427),#10427);
#11427 = PRESENTATION_STYLE_ASSIGNMENT((#11428));
#11428 = SURFACE_STYLE_USAGE(.BOTH.,#11429);
#11429 = SURFACE_SIDE_STYLE('',(#11430));
#11430 = SURFACE_STYLE_FILL_AREA(#11431);
#11431 = FILL_AREA_STYLE('',(#11432));
#11432 = FILL_AREA_STYLE_COLOUR('',#11355);
#11433 = STYLED_ITEM('color',(#11434),#10434);
#11434 = PRESENTATION_STYLE_ASSIGNMENT((#11435));
#11435 = SURFACE_STYLE_USAGE(.BOTH.,#11436);
#11436 = SURFACE_SIDE_STYLE('',(#11437));
#11437 = SURFACE_STYLE_FILL_AREA(#11438);
#11438 = FILL_AREA_STYLE('',(#11439));
#11439 = FILL_AREA_STYLE_COLOUR('',#11355);
#11440 = STYLED_ITEM('color',(#11441),#10691);
#11441 = PRESENTATION_STYLE_ASSIGNMENT((#11442));
#11442 = SURFACE_STYLE_USAGE(.BOTH.,#11443);
#11443 = SURFACE_SIDE_STYLE('',(#11444));
#11444 = SURFACE_STYLE_FILL_AREA(#11445);
#11445 = FILL_AREA_STYLE('',(#11446));
#11446 = FILL_AREA_STYLE_COLOUR('',#11355);
#11447 = STYLED_ITEM('color',(#11448),#10895);
#11448 = PRESENTATION_STYLE_ASSIGNMENT((#11449));
#11449 = SURFACE_STYLE_USAGE(.BOTH.,#11450);
#11450 = SURFACE_SIDE_STYLE('',(#11451));
#11451 = SURFACE_STYLE_FILL_AREA(#11452);
#11452 = FILL_AREA_STYLE('',(#11453));
#11453 = FILL_AREA_STYLE_COLOUR('',#11355);
#11454 = STYLED_ITEM('color',(#11455),#10902);
#11455 = PRESENTATION_STYLE_ASSIGNMENT((#11456));
#11456 = SURFACE_STYLE_USAGE(.BOTH.,#11457);
#11457 = SURFACE_SIDE_STYLE('',(#11458));
#11458 = SURFACE_STYLE_FILL_AREA(#11459);
#11459 = FILL_AREA_STYLE('',(#11460));
#11460 = FILL_AREA_STYLE_COLOUR('',#11355);
#11461 = STYLED_ITEM('color',(#11462),#10951);
#11462 = PRESENTATION_STYLE_ASSIGNMENT((#11463));
#11463 = SURFACE_STYLE_USAGE(.BOTH.,#11464);
#11464 = SURFACE_SIDE_STYLE('',(#11465));
#11465 = SURFACE_STYLE_FILL_AREA(#11466);
#11466 = FILL_AREA_STYLE('',(#11467));
#11467 = FILL_AREA_STYLE_COLOUR('',#11355);
#11468 = STYLED_ITEM('color',(#11469),#10956);
#11469 = PRESENTATION_STYLE_ASSIGNMENT((#11470));
#11470 = SURFACE_STYLE_USAGE(.BOTH.,#11471);
#11471 = SURFACE_SIDE_STYLE('',(#11472));
#11472 = SURFACE_STYLE_FILL_AREA(#11473);
#11473 = FILL_AREA_STYLE('',(#11474));
#11474 = FILL_AREA_STYLE_COLOUR('',#11355);
#11475 = STYLED_ITEM('color',(#11476),#10963);
#11476 = PRESENTATION_STYLE_ASSIGNMENT((#11477));
#11477 = SURFACE_STYLE_USAGE(.BOTH.,#11478);
#11478 = SURFACE_SIDE_STYLE('',(#11479));
#11479 = SURFACE_STYLE_FILL_AREA(#11480);
#11480 = FILL_AREA_STYLE('',(#11481));
#11481 = FILL_AREA_STYLE_COLOUR('',#11355);
#11482 = STYLED_ITEM('color',(#11483),#11187);
#11483 = PRESENTATION_STYLE_ASSIGNMENT((#11484));
#11484 = SURFACE_STYLE_USAGE(.BOTH.,#11485);
#11485 = SURFACE_SIDE_STYLE('',(#11486));
#11486 = SURFACE_STYLE_FILL_AREA(#11487);
#11487 = FILL_AREA_STYLE('',(#11488));
#11488 = FILL_AREA_STYLE_COLOUR('',#11355);
#11489 = STYLED_ITEM('color',(#11490),#11335);
#11490 = PRESENTATION_STYLE_ASSIGNMENT((#11491));
#11491 = SURFACE_STYLE_USAGE(.BOTH.,#11492);
#11492 = SURFACE_SIDE_STYLE('',(#11493));
#11493 = SURFACE_STYLE_FILL_AREA(#11494);
#11494 = FILL_AREA_STYLE('',(#11495));
#11495 = FILL_AREA_STYLE_COLOUR('',#11355);
#11496 = MECHANICAL_DESIGN_GEOMETRIC_PRESENTATION_REPRESENTATION('',(
    #11497,#11505,#11513,#11520,#11527,#11534,#11541,#11548,#11555,
    #11562,#11569,#11576,#11583,#11590,#11597,#11604,#11611,#11618,
    #11625,#11632,#11639,#11646,#11653,#11660,#11667,#11674,#11681,
    #11688,#11695,#11702,#11709,#11716,#11723,#11730,#11737,#11744,
    #11751,#11758,#11765,#11772,#11779,#11786,#11793,#11800,#11807,
    #11814,#11821,#11828,#11835,#11842,#11849,#11856,#11863,#11870,
    #11877,#11884,#11891,#11898,#11905,#11912,#11919,#11926,#11933,
    #11940,#11947,#11954,#11961,#11968,#11975,#11982,#11989,#11996,
    #12003,#12010,#12017,#12024,#12031,#12038,#12045,#12052,#12059,
    #12066,#12073,#12080,#12087,#12094,#12101,#12108,#12115,#12122,
    #12129,#12136,#12143,#12150,#12157,#12164,#12171,#12178,#12185,
    #12192,#12199,#12206,#12213,#12220,#12227,#12234,#12241,#12248,
    #12255,#12262,#12269,#12276,#12283,#12290,#12297,#12304,#12311,
    #12318,#12325,#12332,#12339,#12346,#12353,#12360,#12367,#12374,
    #12381,#12388,#12395),#9129);
#11497 = STYLED_ITEM('color',(#11498),#17);
#11498 = PRESENTATION_STYLE_ASSIGNMENT((#11499));
#11499 = SURFACE_STYLE_USAGE(.BOTH.,#11500);
#11500 = SURFACE_SIDE_STYLE('',(#11501));
#11501 = SURFACE_STYLE_FILL_AREA(#11502);
#11502 = FILL_AREA_STYLE('',(#11503));
#11503 = FILL_AREA_STYLE_COLOUR('',#11504);
#11504 = COLOUR_RGB('',0.199999998682,0.199999998682,0.199999998682);
#11505 = STYLED_ITEM('color',(#11506),#143);
#11506 = PRESENTATION_STYLE_ASSIGNMENT((#11507));
#11507 = SURFACE_STYLE_USAGE(.BOTH.,#11508);
#11508 = SURFACE_SIDE_STYLE('',(#11509));
#11509 = SURFACE_STYLE_FILL_AREA(#11510);
#11510 = FILL_AREA_STYLE('',(#11511));
#11511 = FILL_AREA_STYLE_COLOUR('',#11512);
#11512 = COLOUR_RGB('',0.698039211323,0.698039211323,0.698039211323);
#11513 = STYLED_ITEM('color',(#11514),#259);
#11514 = PRESENTATION_STYLE_ASSIGNMENT((#11515));
#11515 = SURFACE_STYLE_USAGE(.BOTH.,#11516);
#11516 = SURFACE_SIDE_STYLE('',(#11517));
#11517 = SURFACE_STYLE_FILL_AREA(#11518);
#11518 = FILL_AREA_STYLE('',(#11519));
#11519 = FILL_AREA_STYLE_COLOUR('',#11512);
#11520 = STYLED_ITEM('color',(#11521),#371);
#11521 = PRESENTATION_STYLE_ASSIGNMENT((#11522));
#11522 = SURFACE_STYLE_USAGE(.BOTH.,#11523);
#11523 = SURFACE_SIDE_STYLE('',(#11524));
#11524 = SURFACE_STYLE_FILL_AREA(#11525);
#11525 = FILL_AREA_STYLE('',(#11526));
#11526 = FILL_AREA_STYLE_COLOUR('',#11512);
#11527 = STYLED_ITEM('color',(#11528),#483);
#11528 = PRESENTATION_STYLE_ASSIGNMENT((#11529));
#11529 = SURFACE_STYLE_USAGE(.BOTH.,#11530);
#11530 = SURFACE_SIDE_STYLE('',(#11531));
#11531 = SURFACE_STYLE_FILL_AREA(#11532);
#11532 = FILL_AREA_STYLE('',(#11533));
#11533 = FILL_AREA_STYLE_COLOUR('',#11512);
#11534 = STYLED_ITEM('color',(#11535),#595);
#11535 = PRESENTATION_STYLE_ASSIGNMENT((#11536));
#11536 = SURFACE_STYLE_USAGE(.BOTH.,#11537);
#11537 = SURFACE_SIDE_STYLE('',(#11538));
#11538 = SURFACE_STYLE_FILL_AREA(#11539);
#11539 = FILL_AREA_STYLE('',(#11540));
#11540 = FILL_AREA_STYLE_COLOUR('',#11512);
#11541 = STYLED_ITEM('color',(#11542),#707);
#11542 = PRESENTATION_STYLE_ASSIGNMENT((#11543));
#11543 = SURFACE_STYLE_USAGE(.BOTH.,#11544);
#11544 = SURFACE_SIDE_STYLE('',(#11545));
#11545 = SURFACE_STYLE_FILL_AREA(#11546);
#11546 = FILL_AREA_STYLE('',(#11547));
#11547 = FILL_AREA_STYLE_COLOUR('',#11512);
#11548 = STYLED_ITEM('color',(#11549),#819);
#11549 = PRESENTATION_STYLE_ASSIGNMENT((#11550));
#11550 = SURFACE_STYLE_USAGE(.BOTH.,#11551);
#11551 = SURFACE_SIDE_STYLE('',(#11552));
#11552 = SURFACE_STYLE_FILL_AREA(#11553);
#11553 = FILL_AREA_STYLE('',(#11554));
#11554 = FILL_AREA_STYLE_COLOUR('',#11512);
#11555 = STYLED_ITEM('color',(#11556),#931);
#11556 = PRESENTATION_STYLE_ASSIGNMENT((#11557));
#11557 = SURFACE_STYLE_USAGE(.BOTH.,#11558);
#11558 = SURFACE_SIDE_STYLE('',(#11559));
#11559 = SURFACE_STYLE_FILL_AREA(#11560);
#11560 = FILL_AREA_STYLE('',(#11561));
#11561 = FILL_AREA_STYLE_COLOUR('',#11512);
#11562 = STYLED_ITEM('color',(#11563),#1043);
#11563 = PRESENTATION_STYLE_ASSIGNMENT((#11564));
#11564 = SURFACE_STYLE_USAGE(.BOTH.,#11565);
#11565 = SURFACE_SIDE_STYLE('',(#11566));
#11566 = SURFACE_STYLE_FILL_AREA(#11567);
#11567 = FILL_AREA_STYLE('',(#11568));
#11568 = FILL_AREA_STYLE_COLOUR('',#11512);
#11569 = STYLED_ITEM('color',(#11570),#1155);
#11570 = PRESENTATION_STYLE_ASSIGNMENT((#11571));
#11571 = SURFACE_STYLE_USAGE(.BOTH.,#11572);
#11572 = SURFACE_SIDE_STYLE('',(#11573));
#11573 = SURFACE_STYLE_FILL_AREA(#11574);
#11574 = FILL_AREA_STYLE('',(#11575));
#11575 = FILL_AREA_STYLE_COLOUR('',#11512);
#11576 = STYLED_ITEM('color',(#11577),#1308);
#11577 = PRESENTATION_STYLE_ASSIGNMENT((#11578));
#11578 = SURFACE_STYLE_USAGE(.BOTH.,#11579);
#11579 = SURFACE_SIDE_STYLE('',(#11580));
#11580 = SURFACE_STYLE_FILL_AREA(#11581);
#11581 = FILL_AREA_STYLE('',(#11582));
#11582 = FILL_AREA_STYLE_COLOUR('',#11512);
#11583 = STYLED_ITEM('color',(#11584),#1418);
#11584 = PRESENTATION_STYLE_ASSIGNMENT((#11585));
#11585 = SURFACE_STYLE_USAGE(.BOTH.,#11586);
#11586 = SURFACE_SIDE_STYLE('',(#11587));
#11587 = SURFACE_STYLE_FILL_AREA(#11588);
#11588 = FILL_AREA_STYLE('',(#11589));
#11589 = FILL_AREA_STYLE_COLOUR('',#11512);
#11590 = STYLED_ITEM('color',(#11591),#1494);
#11591 = PRESENTATION_STYLE_ASSIGNMENT((#11592));
#11592 = SURFACE_STYLE_USAGE(.BOTH.,#11593);
#11593 = SURFACE_SIDE_STYLE('',(#11594));
#11594 = SURFACE_STYLE_FILL_AREA(#11595);
#11595 = FILL_AREA_STYLE('',(#11596));
#11596 = FILL_AREA_STYLE_COLOUR('',#11512);
#11597 = STYLED_ITEM('color',(#11598),#1570);
#11598 = PRESENTATION_STYLE_ASSIGNMENT((#11599));
#11599 = SURFACE_STYLE_USAGE(.BOTH.,#11600);
#11600 = SURFACE_SIDE_STYLE('',(#11601));
#11601 = SURFACE_STYLE_FILL_AREA(#11602);
#11602 = FILL_AREA_STYLE('',(#11603));
#11603 = FILL_AREA_STYLE_COLOUR('',#11512);
#11604 = STYLED_ITEM('color',(#11605),#1641);
#11605 = PRESENTATION_STYLE_ASSIGNMENT((#11606));
#11606 = SURFACE_STYLE_USAGE(.BOTH.,#11607);
#11607 = SURFACE_SIDE_STYLE('',(#11608));
#11608 = SURFACE_STYLE_FILL_AREA(#11609);
#11609 = FILL_AREA_STYLE('',(#11610));
#11610 = FILL_AREA_STYLE_COLOUR('',#11512);
#11611 = STYLED_ITEM('color',(#11612),#1688);
#11612 = PRESENTATION_STYLE_ASSIGNMENT((#11613));
#11613 = SURFACE_STYLE_USAGE(.BOTH.,#11614);
#11614 = SURFACE_SIDE_STYLE('',(#11615));
#11615 = SURFACE_STYLE_FILL_AREA(#11616);
#11616 = FILL_AREA_STYLE('',(#11617));
#11617 = FILL_AREA_STYLE_COLOUR('',#11512);
#11618 = STYLED_ITEM('color',(#11619),#1718);
#11619 = PRESENTATION_STYLE_ASSIGNMENT((#11620));
#11620 = SURFACE_STYLE_USAGE(.BOTH.,#11621);
#11621 = SURFACE_SIDE_STYLE('',(#11622));
#11622 = SURFACE_STYLE_FILL_AREA(#11623);
#11623 = FILL_AREA_STYLE('',(#11624));
#11624 = FILL_AREA_STYLE_COLOUR('',#11512);
#11625 = STYLED_ITEM('color',(#11626),#1748);
#11626 = PRESENTATION_STYLE_ASSIGNMENT((#11627));
#11627 = SURFACE_STYLE_USAGE(.BOTH.,#11628);
#11628 = SURFACE_SIDE_STYLE('',(#11629));
#11629 = SURFACE_STYLE_FILL_AREA(#11630);
#11630 = FILL_AREA_STYLE('',(#11631));
#11631 = FILL_AREA_STYLE_COLOUR('',#11512);
#11632 = STYLED_ITEM('color',(#11633),#1901);
#11633 = PRESENTATION_STYLE_ASSIGNMENT((#11634));
#11634 = SURFACE_STYLE_USAGE(.BOTH.,#11635);
#11635 = SURFACE_SIDE_STYLE('',(#11636));
#11636 = SURFACE_STYLE_FILL_AREA(#11637);
#11637 = FILL_AREA_STYLE('',(#11638));
#11638 = FILL_AREA_STYLE_COLOUR('',#11512);
#11639 = STYLED_ITEM('color',(#11640),#2011);
#11640 = PRESENTATION_STYLE_ASSIGNMENT((#11641));
#11641 = SURFACE_STYLE_USAGE(.BOTH.,#11642);
#11642 = SURFACE_SIDE_STYLE('',(#11643));
#11643 = SURFACE_STYLE_FILL_AREA(#11644);
#11644 = FILL_AREA_STYLE('',(#11645));
#11645 = FILL_AREA_STYLE_COLOUR('',#11512);
#11646 = STYLED_ITEM('color',(#11647),#2087);
#11647 = PRESENTATION_STYLE_ASSIGNMENT((#11648));
#11648 = SURFACE_STYLE_USAGE(.BOTH.,#11649);
#11649 = SURFACE_SIDE_STYLE('',(#11650));
#11650 = SURFACE_STYLE_FILL_AREA(#11651);
#11651 = FILL_AREA_STYLE('',(#11652));
#11652 = FILL_AREA_STYLE_COLOUR('',#11512);
#11653 = STYLED_ITEM('color',(#11654),#2163);
#11654 = PRESENTATION_STYLE_ASSIGNMENT((#11655));
#11655 = SURFACE_STYLE_USAGE(.BOTH.,#11656);
#11656 = SURFACE_SIDE_STYLE('',(#11657));
#11657 = SURFACE_STYLE_FILL_AREA(#11658);
#11658 = FILL_AREA_STYLE('',(#11659));
#11659 = FILL_AREA_STYLE_COLOUR('',#11512);
#11660 = STYLED_ITEM('color',(#11661),#2234);
#11661 = PRESENTATION_STYLE_ASSIGNMENT((#11662));
#11662 = SURFACE_STYLE_USAGE(.BOTH.,#11663);
#11663 = SURFACE_SIDE_STYLE('',(#11664));
#11664 = SURFACE_STYLE_FILL_AREA(#11665);
#11665 = FILL_AREA_STYLE('',(#11666));
#11666 = FILL_AREA_STYLE_COLOUR('',#11512);
#11667 = STYLED_ITEM('color',(#11668),#2281);
#11668 = PRESENTATION_STYLE_ASSIGNMENT((#11669));
#11669 = SURFACE_STYLE_USAGE(.BOTH.,#11670);
#11670 = SURFACE_SIDE_STYLE('',(#11671));
#11671 = SURFACE_STYLE_FILL_AREA(#11672);
#11672 = FILL_AREA_STYLE('',(#11673));
#11673 = FILL_AREA_STYLE_COLOUR('',#11512);
#11674 = STYLED_ITEM('color',(#11675),#2311);
#11675 = PRESENTATION_STYLE_ASSIGNMENT((#11676));
#11676 = SURFACE_STYLE_USAGE(.BOTH.,#11677);
#11677 = SURFACE_SIDE_STYLE('',(#11678));
#11678 = SURFACE_STYLE_FILL_AREA(#11679);
#11679 = FILL_AREA_STYLE('',(#11680));
#11680 = FILL_AREA_STYLE_COLOUR('',#11512);
#11681 = STYLED_ITEM('color',(#11682),#2341);
#11682 = PRESENTATION_STYLE_ASSIGNMENT((#11683));
#11683 = SURFACE_STYLE_USAGE(.BOTH.,#11684);
#11684 = SURFACE_SIDE_STYLE('',(#11685));
#11685 = SURFACE_STYLE_FILL_AREA(#11686);
#11686 = FILL_AREA_STYLE('',(#11687));
#11687 = FILL_AREA_STYLE_COLOUR('',#11504);
#11688 = STYLED_ITEM('color',(#11689),#2595);
#11689 = PRESENTATION_STYLE_ASSIGNMENT((#11690));
#11690 = SURFACE_STYLE_USAGE(.BOTH.,#11691);
#11691 = SURFACE_SIDE_STYLE('',(#11692));
#11692 = SURFACE_STYLE_FILL_AREA(#11693);
#11693 = FILL_AREA_STYLE('',(#11694));
#11694 = FILL_AREA_STYLE_COLOUR('',#11504);
#11695 = STYLED_ITEM('color',(#11696),#2672);
#11696 = PRESENTATION_STYLE_ASSIGNMENT((#11697));
#11697 = SURFACE_STYLE_USAGE(.BOTH.,#11698);
#11698 = SURFACE_SIDE_STYLE('',(#11699));
#11699 = SURFACE_STYLE_FILL_AREA(#11700);
#11700 = FILL_AREA_STYLE('',(#11701));
#11701 = FILL_AREA_STYLE_COLOUR('',#11504);
#11702 = STYLED_ITEM('color',(#11703),#2726);
#11703 = PRESENTATION_STYLE_ASSIGNMENT((#11704));
#11704 = SURFACE_STYLE_USAGE(.BOTH.,#11705);
#11705 = SURFACE_SIDE_STYLE('',(#11706));
#11706 = SURFACE_STYLE_FILL_AREA(#11707);
#11707 = FILL_AREA_STYLE('',(#11708));
#11708 = FILL_AREA_STYLE_COLOUR('',#11504);
#11709 = STYLED_ITEM('color',(#11710),#2979);
#11710 = PRESENTATION_STYLE_ASSIGNMENT((#11711));
#11711 = SURFACE_STYLE_USAGE(.BOTH.,#11712);
#11712 = SURFACE_SIDE_STYLE('',(#11713));
#11713 = SURFACE_STYLE_FILL_AREA(#11714);
#11714 = FILL_AREA_STYLE('',(#11715));
#11715 = FILL_AREA_STYLE_COLOUR('',#11504);
#11716 = STYLED_ITEM('color',(#11717),#3052);
#11717 = PRESENTATION_STYLE_ASSIGNMENT((#11718));
#11718 = SURFACE_STYLE_USAGE(.BOTH.,#11719);
#11719 = SURFACE_SIDE_STYLE('',(#11720));
#11720 = SURFACE_STYLE_FILL_AREA(#11721);
#11721 = FILL_AREA_STYLE('',(#11722));
#11722 = FILL_AREA_STYLE_COLOUR('',#11504);
#11723 = STYLED_ITEM('color',(#11724),#3101);
#11724 = PRESENTATION_STYLE_ASSIGNMENT((#11725));
#11725 = SURFACE_STYLE_USAGE(.BOTH.,#11726);
#11726 = SURFACE_SIDE_STYLE('',(#11727));
#11727 = SURFACE_STYLE_FILL_AREA(#11728);
#11728 = FILL_AREA_STYLE('',(#11729));
#11729 = FILL_AREA_STYLE_COLOUR('',#11504);
#11730 = STYLED_ITEM('color',(#11731),#3207);
#11731 = PRESENTATION_STYLE_ASSIGNMENT((#11732));
#11732 = SURFACE_STYLE_USAGE(.BOTH.,#11733);
#11733 = SURFACE_SIDE_STYLE('',(#11734));
#11734 = SURFACE_STYLE_FILL_AREA(#11735);
#11735 = FILL_AREA_STYLE('',(#11736));
#11736 = FILL_AREA_STYLE_COLOUR('',#11504);
#11737 = STYLED_ITEM('color',(#11738),#3256);
#11738 = PRESENTATION_STYLE_ASSIGNMENT((#11739));
#11739 = SURFACE_STYLE_USAGE(.BOTH.,#11740);
#11740 = SURFACE_SIDE_STYLE('',(#11741));
#11741 = SURFACE_STYLE_FILL_AREA(#11742);
#11742 = FILL_AREA_STYLE('',(#11743));
#11743 = FILL_AREA_STYLE_COLOUR('',#11504);
#11744 = STYLED_ITEM('color',(#11745),#3306);
#11745 = PRESENTATION_STYLE_ASSIGNMENT((#11746));
#11746 = SURFACE_STYLE_USAGE(.BOTH.,#11747);
#11747 = SURFACE_SIDE_STYLE('',(#11748));
#11748 = SURFACE_STYLE_FILL_AREA(#11749);
#11749 = FILL_AREA_STYLE('',(#11750));
#11750 = FILL_AREA_STYLE_COLOUR('',#11504);
#11751 = STYLED_ITEM('color',(#11752),#3355);
#11752 = PRESENTATION_STYLE_ASSIGNMENT((#11753));
#11753 = SURFACE_STYLE_USAGE(.BOTH.,#11754);
#11754 = SURFACE_SIDE_STYLE('',(#11755));
#11755 = SURFACE_STYLE_FILL_AREA(#11756);
#11756 = FILL_AREA_STYLE('',(#11757));
#11757 = FILL_AREA_STYLE_COLOUR('',#11504);
#11758 = STYLED_ITEM('color',(#11759),#3450);
#11759 = PRESENTATION_STYLE_ASSIGNMENT((#11760));
#11760 = SURFACE_STYLE_USAGE(.BOTH.,#11761);
#11761 = SURFACE_SIDE_STYLE('',(#11762));
#11762 = SURFACE_STYLE_FILL_AREA(#11763);
#11763 = FILL_AREA_STYLE('',(#11764));
#11764 = FILL_AREA_STYLE_COLOUR('',#11504);
#11765 = STYLED_ITEM('color',(#11766),#3504);
#11766 = PRESENTATION_STYLE_ASSIGNMENT((#11767));
#11767 = SURFACE_STYLE_USAGE(.BOTH.,#11768);
#11768 = SURFACE_SIDE_STYLE('',(#11769));
#11769 = SURFACE_STYLE_FILL_AREA(#11770);
#11770 = FILL_AREA_STYLE('',(#11771));
#11771 = FILL_AREA_STYLE_COLOUR('',#11504);
#11772 = STYLED_ITEM('color',(#11773),#3532);
#11773 = PRESENTATION_STYLE_ASSIGNMENT((#11774));
#11774 = SURFACE_STYLE_USAGE(.BOTH.,#11775);
#11775 = SURFACE_SIDE_STYLE('',(#11776));
#11776 = SURFACE_STYLE_FILL_AREA(#11777);
#11777 = FILL_AREA_STYLE('',(#11778));
#11778 = FILL_AREA_STYLE_COLOUR('',#11504);
#11779 = STYLED_ITEM('color',(#11780),#3581);
#11780 = PRESENTATION_STYLE_ASSIGNMENT((#11781));
#11781 = SURFACE_STYLE_USAGE(.BOTH.,#11782);
#11782 = SURFACE_SIDE_STYLE('',(#11783));
#11783 = SURFACE_STYLE_FILL_AREA(#11784);
#11784 = FILL_AREA_STYLE('',(#11785));
#11785 = FILL_AREA_STYLE_COLOUR('',#11504);
#11786 = STYLED_ITEM('color',(#11787),#3631);
#11787 = PRESENTATION_STYLE_ASSIGNMENT((#11788));
#11788 = SURFACE_STYLE_USAGE(.BOTH.,#11789);
#11789 = SURFACE_SIDE_STYLE('',(#11790));
#11790 = SURFACE_STYLE_FILL_AREA(#11791);
#11791 = FILL_AREA_STYLE('',(#11792));
#11792 = FILL_AREA_STYLE_COLOUR('',#11504);
#11793 = STYLED_ITEM('color',(#11794),#3680);
#11794 = PRESENTATION_STYLE_ASSIGNMENT((#11795));
#11795 = SURFACE_STYLE_USAGE(.BOTH.,#11796);
#11796 = SURFACE_SIDE_STYLE('',(#11797));
#11797 = SURFACE_STYLE_FILL_AREA(#11798);
#11798 = FILL_AREA_STYLE('',(#11799));
#11799 = FILL_AREA_STYLE_COLOUR('',#11504);
#11800 = STYLED_ITEM('color',(#11801),#3786);
#11801 = PRESENTATION_STYLE_ASSIGNMENT((#11802));
#11802 = SURFACE_STYLE_USAGE(.BOTH.,#11803);
#11803 = SURFACE_SIDE_STYLE('',(#11804));
#11804 = SURFACE_STYLE_FILL_AREA(#11805);
#11805 = FILL_AREA_STYLE('',(#11806));
#11806 = FILL_AREA_STYLE_COLOUR('',#11504);
#11807 = STYLED_ITEM('color',(#11808),#3835);
#11808 = PRESENTATION_STYLE_ASSIGNMENT((#11809));
#11809 = SURFACE_STYLE_USAGE(.BOTH.,#11810);
#11810 = SURFACE_SIDE_STYLE('',(#11811));
#11811 = SURFACE_STYLE_FILL_AREA(#11812);
#11812 = FILL_AREA_STYLE('',(#11813));
#11813 = FILL_AREA_STYLE_COLOUR('',#11504);
#11814 = STYLED_ITEM('color',(#11815),#3864);
#11815 = PRESENTATION_STYLE_ASSIGNMENT((#11816));
#11816 = SURFACE_STYLE_USAGE(.BOTH.,#11817);
#11817 = SURFACE_SIDE_STYLE('',(#11818));
#11818 = SURFACE_STYLE_FILL_AREA(#11819);
#11819 = FILL_AREA_STYLE('',(#11820));
#11820 = FILL_AREA_STYLE_COLOUR('',#11504);
#11821 = STYLED_ITEM('color',(#11822),#4476);
#11822 = PRESENTATION_STYLE_ASSIGNMENT((#11823));
#11823 = SURFACE_STYLE_USAGE(.BOTH.,#11824);
#11824 = SURFACE_SIDE_STYLE('',(#11825));
#11825 = SURFACE_STYLE_FILL_AREA(#11826);
#11826 = FILL_AREA_STYLE('',(#11827));
#11827 = FILL_AREA_STYLE_COLOUR('',#11504);
#11828 = STYLED_ITEM('color',(#11829),#4525);
#11829 = PRESENTATION_STYLE_ASSIGNMENT((#11830));
#11830 = SURFACE_STYLE_USAGE(.BOTH.,#11831);
#11831 = SURFACE_SIDE_STYLE('',(#11832));
#11832 = SURFACE_STYLE_FILL_AREA(#11833);
#11833 = FILL_AREA_STYLE('',(#11834));
#11834 = FILL_AREA_STYLE_COLOUR('',#11504);
#11835 = STYLED_ITEM('color',(#11836),#5482);
#11836 = PRESENTATION_STYLE_ASSIGNMENT((#11837));
#11837 = SURFACE_STYLE_USAGE(.BOTH.,#11838);
#11838 = SURFACE_SIDE_STYLE('',(#11839));
#11839 = SURFACE_STYLE_FILL_AREA(#11840);
#11840 = FILL_AREA_STYLE('',(#11841));
#11841 = FILL_AREA_STYLE_COLOUR('',#11504);
#11842 = STYLED_ITEM('color',(#11843),#5509);
#11843 = PRESENTATION_STYLE_ASSIGNMENT((#11844));
#11844 = SURFACE_STYLE_USAGE(.BOTH.,#11845);
#11845 = SURFACE_SIDE_STYLE('',(#11846));
#11846 = SURFACE_STYLE_FILL_AREA(#11847);
#11847 = FILL_AREA_STYLE('',(#11848));
#11848 = FILL_AREA_STYLE_COLOUR('',#11504);
#11849 = STYLED_ITEM('color',(#11850),#5592);
#11850 = PRESENTATION_STYLE_ASSIGNMENT((#11851));
#11851 = SURFACE_STYLE_USAGE(.BOTH.,#11852);
#11852 = SURFACE_SIDE_STYLE('',(#11853));
#11853 = SURFACE_STYLE_FILL_AREA(#11854);
#11854 = FILL_AREA_STYLE('',(#11855));
#11855 = FILL_AREA_STYLE_COLOUR('',#11504);
#11856 = STYLED_ITEM('color',(#11857),#5641);
#11857 = PRESENTATION_STYLE_ASSIGNMENT((#11858));
#11858 = SURFACE_STYLE_USAGE(.BOTH.,#11859);
#11859 = SURFACE_SIDE_STYLE('',(#11860));
#11860 = SURFACE_STYLE_FILL_AREA(#11861);
#11861 = FILL_AREA_STYLE('',(#11862));
#11862 = FILL_AREA_STYLE_COLOUR('',#11504);
#11863 = STYLED_ITEM('color',(#11864),#5728);
#11864 = PRESENTATION_STYLE_ASSIGNMENT((#11865));
#11865 = SURFACE_STYLE_USAGE(.BOTH.,#11866);
#11866 = SURFACE_SIDE_STYLE('',(#11867));
#11867 = SURFACE_STYLE_FILL_AREA(#11868);
#11868 = FILL_AREA_STYLE('',(#11869));
#11869 = FILL_AREA_STYLE_COLOUR('',#11504);
#11870 = STYLED_ITEM('color',(#11871),#5800);
#11871 = PRESENTATION_STYLE_ASSIGNMENT((#11872));
#11872 = SURFACE_STYLE_USAGE(.BOTH.,#11873);
#11873 = SURFACE_SIDE_STYLE('',(#11874));
#11874 = SURFACE_STYLE_FILL_AREA(#11875);
#11875 = FILL_AREA_STYLE('',(#11876));
#11876 = FILL_AREA_STYLE_COLOUR('',#11504);
#11877 = STYLED_ITEM('color',(#11878),#5850);
#11878 = PRESENTATION_STYLE_ASSIGNMENT((#11879));
#11879 = SURFACE_STYLE_USAGE(.BOTH.,#11880);
#11880 = SURFACE_SIDE_STYLE('',(#11881));
#11881 = SURFACE_STYLE_FILL_AREA(#11882);
#11882 = FILL_AREA_STYLE('',(#11883));
#11883 = FILL_AREA_STYLE_COLOUR('',#11504);
#11884 = STYLED_ITEM('color',(#11885),#5972);
#11885 = PRESENTATION_STYLE_ASSIGNMENT((#11886));
#11886 = SURFACE_STYLE_USAGE(.BOTH.,#11887);
#11887 = SURFACE_SIDE_STYLE('',(#11888));
#11888 = SURFACE_STYLE_FILL_AREA(#11889);
#11889 = FILL_AREA_STYLE('',(#11890));
#11890 = FILL_AREA_STYLE_COLOUR('',#11504);
#11891 = STYLED_ITEM('color',(#11892),#6022);
#11892 = PRESENTATION_STYLE_ASSIGNMENT((#11893));
#11893 = SURFACE_STYLE_USAGE(.BOTH.,#11894);
#11894 = SURFACE_SIDE_STYLE('',(#11895));
#11895 = SURFACE_STYLE_FILL_AREA(#11896);
#11896 = FILL_AREA_STYLE('',(#11897));
#11897 = FILL_AREA_STYLE_COLOUR('',#11504);
#11898 = STYLED_ITEM('color',(#11899),#6099);
#11899 = PRESENTATION_STYLE_ASSIGNMENT((#11900));
#11900 = SURFACE_STYLE_USAGE(.BOTH.,#11901);
#11901 = SURFACE_SIDE_STYLE('',(#11902));
#11902 = SURFACE_STYLE_FILL_AREA(#11903);
#11903 = FILL_AREA_STYLE('',(#11904));
#11904 = FILL_AREA_STYLE_COLOUR('',#11504);
#11905 = STYLED_ITEM('color',(#11906),#6181);
#11906 = PRESENTATION_STYLE_ASSIGNMENT((#11907));
#11907 = SURFACE_STYLE_USAGE(.BOTH.,#11908);
#11908 = SURFACE_SIDE_STYLE('',(#11909));
#11909 = SURFACE_STYLE_FILL_AREA(#11910);
#11910 = FILL_AREA_STYLE('',(#11911));
#11911 = FILL_AREA_STYLE_COLOUR('',#11504);
#11912 = STYLED_ITEM('color',(#11913),#6230);
#11913 = PRESENTATION_STYLE_ASSIGNMENT((#11914));
#11914 = SURFACE_STYLE_USAGE(.BOTH.,#11915);
#11915 = SURFACE_SIDE_STYLE('',(#11916));
#11916 = SURFACE_STYLE_FILL_AREA(#11917);
#11917 = FILL_AREA_STYLE('',(#11918));
#11918 = FILL_AREA_STYLE_COLOUR('',#11504);
#11919 = STYLED_ITEM('color',(#11920),#6282);
#11920 = PRESENTATION_STYLE_ASSIGNMENT((#11921));
#11921 = SURFACE_STYLE_USAGE(.BOTH.,#11922);
#11922 = SURFACE_SIDE_STYLE('',(#11923));
#11923 = SURFACE_STYLE_FILL_AREA(#11924);
#11924 = FILL_AREA_STYLE('',(#11925));
#11925 = FILL_AREA_STYLE_COLOUR('',#11504);
#11926 = STYLED_ITEM('color',(#11927),#6358);
#11927 = PRESENTATION_STYLE_ASSIGNMENT((#11928));
#11928 = SURFACE_STYLE_USAGE(.BOTH.,#11929);
#11929 = SURFACE_SIDE_STYLE('',(#11930));
#11930 = SURFACE_STYLE_FILL_AREA(#11931);
#11931 = FILL_AREA_STYLE('',(#11932));
#11932 = FILL_AREA_STYLE_COLOUR('',#11504);
#11933 = STYLED_ITEM('color',(#11934),#6407);
#11934 = PRESENTATION_STYLE_ASSIGNMENT((#11935));
#11935 = SURFACE_STYLE_USAGE(.BOTH.,#11936);
#11936 = SURFACE_SIDE_STYLE('',(#11937));
#11937 = SURFACE_STYLE_FILL_AREA(#11938);
#11938 = FILL_AREA_STYLE('',(#11939));
#11939 = FILL_AREA_STYLE_COLOUR('',#11504);
#11940 = STYLED_ITEM('color',(#11941),#6456);
#11941 = PRESENTATION_STYLE_ASSIGNMENT((#11942));
#11942 = SURFACE_STYLE_USAGE(.BOTH.,#11943);
#11943 = SURFACE_SIDE_STYLE('',(#11944));
#11944 = SURFACE_STYLE_FILL_AREA(#11945);
#11945 = FILL_AREA_STYLE('',(#11946));
#11946 = FILL_AREA_STYLE_COLOUR('',#11504);
#11947 = STYLED_ITEM('color',(#11948),#6506);
#11948 = PRESENTATION_STYLE_ASSIGNMENT((#11949));
#11949 = SURFACE_STYLE_USAGE(.BOTH.,#11950);
#11950 = SURFACE_SIDE_STYLE('',(#11951));
#11951 = SURFACE_STYLE_FILL_AREA(#11952);
#11952 = FILL_AREA_STYLE('',(#11953));
#11953 = FILL_AREA_STYLE_COLOUR('',#11504);
#11954 = STYLED_ITEM('color',(#11955),#6555);
#11955 = PRESENTATION_STYLE_ASSIGNMENT((#11956));
#11956 = SURFACE_STYLE_USAGE(.BOTH.,#11957);
#11957 = SURFACE_SIDE_STYLE('',(#11958));
#11958 = SURFACE_STYLE_FILL_AREA(#11959);
#11959 = FILL_AREA_STYLE('',(#11960));
#11960 = FILL_AREA_STYLE_COLOUR('',#11504);
#11961 = STYLED_ITEM('color',(#11962),#6604);
#11962 = PRESENTATION_STYLE_ASSIGNMENT((#11963));
#11963 = SURFACE_STYLE_USAGE(.BOTH.,#11964);
#11964 = SURFACE_SIDE_STYLE('',(#11965));
#11965 = SURFACE_STYLE_FILL_AREA(#11966);
#11966 = FILL_AREA_STYLE('',(#11967));
#11967 = FILL_AREA_STYLE_COLOUR('',#11504);
#11968 = STYLED_ITEM('color',(#11969),#6653);
#11969 = PRESENTATION_STYLE_ASSIGNMENT((#11970));
#11970 = SURFACE_STYLE_USAGE(.BOTH.,#11971);
#11971 = SURFACE_SIDE_STYLE('',(#11972));
#11972 = SURFACE_STYLE_FILL_AREA(#11973);
#11973 = FILL_AREA_STYLE('',(#11974));
#11974 = FILL_AREA_STYLE_COLOUR('',#11504);
#11975 = STYLED_ITEM('color',(#11976),#6681);
#11976 = PRESENTATION_STYLE_ASSIGNMENT((#11977));
#11977 = SURFACE_STYLE_USAGE(.BOTH.,#11978);
#11978 = SURFACE_SIDE_STYLE('',(#11979));
#11979 = SURFACE_STYLE_FILL_AREA(#11980);
#11980 = FILL_AREA_STYLE('',(#11981));
#11981 = FILL_AREA_STYLE_COLOUR('',#11512);
#11982 = STYLED_ITEM('color',(#11983),#6709);
#11983 = PRESENTATION_STYLE_ASSIGNMENT((#11984));
#11984 = SURFACE_STYLE_USAGE(.BOTH.,#11985);
#11985 = SURFACE_SIDE_STYLE('',(#11986));
#11986 = SURFACE_STYLE_FILL_AREA(#11987);
#11987 = FILL_AREA_STYLE('',(#11988));
#11988 = FILL_AREA_STYLE_COLOUR('',#11512);
#11989 = STYLED_ITEM('color',(#11990),#6737);
#11990 = PRESENTATION_STYLE_ASSIGNMENT((#11991));
#11991 = SURFACE_STYLE_USAGE(.BOTH.,#11992);
#11992 = SURFACE_SIDE_STYLE('',(#11993));
#11993 = SURFACE_STYLE_FILL_AREA(#11994);
#11994 = FILL_AREA_STYLE('',(#11995));
#11995 = FILL_AREA_STYLE_COLOUR('',#11512);
#11996 = STYLED_ITEM('color',(#11997),#6765);
#11997 = PRESENTATION_STYLE_ASSIGNMENT((#11998));
#11998 = SURFACE_STYLE_USAGE(.BOTH.,#11999);
#11999 = SURFACE_SIDE_STYLE('',(#12000));
#12000 = SURFACE_STYLE_FILL_AREA(#12001);
#12001 = FILL_AREA_STYLE('',(#12002));
#12002 = FILL_AREA_STYLE_COLOUR('',#11512);
#12003 = STYLED_ITEM('color',(#12004),#6793);
#12004 = PRESENTATION_STYLE_ASSIGNMENT((#12005));
#12005 = SURFACE_STYLE_USAGE(.BOTH.,#12006);
#12006 = SURFACE_SIDE_STYLE('',(#12007));
#12007 = SURFACE_STYLE_FILL_AREA(#12008);
#12008 = FILL_AREA_STYLE('',(#12009));
#12009 = FILL_AREA_STYLE_COLOUR('',#11512);
#12010 = STYLED_ITEM('color',(#12011),#6821);
#12011 = PRESENTATION_STYLE_ASSIGNMENT((#12012));
#12012 = SURFACE_STYLE_USAGE(.BOTH.,#12013);
#12013 = SURFACE_SIDE_STYLE('',(#12014));
#12014 = SURFACE_STYLE_FILL_AREA(#12015);
#12015 = FILL_AREA_STYLE('',(#12016));
#12016 = FILL_AREA_STYLE_COLOUR('',#11512);
#12017 = STYLED_ITEM('color',(#12018),#6849);
#12018 = PRESENTATION_STYLE_ASSIGNMENT((#12019));
#12019 = SURFACE_STYLE_USAGE(.BOTH.,#12020);
#12020 = SURFACE_SIDE_STYLE('',(#12021));
#12021 = SURFACE_STYLE_FILL_AREA(#12022);
#12022 = FILL_AREA_STYLE('',(#12023));
#12023 = FILL_AREA_STYLE_COLOUR('',#11512);
#12024 = STYLED_ITEM('color',(#12025),#6877);
#12025 = PRESENTATION_STYLE_ASSIGNMENT((#12026));
#12026 = SURFACE_STYLE_USAGE(.BOTH.,#12027);
#12027 = SURFACE_SIDE_STYLE('',(#12028));
#12028 = SURFACE_STYLE_FILL_AREA(#12029);
#12029 = FILL_AREA_STYLE('',(#12030));
#12030 = FILL_AREA_STYLE_COLOUR('',#11512);
#12031 = STYLED_ITEM('color',(#12032),#6905);
#12032 = PRESENTATION_STYLE_ASSIGNMENT((#12033));
#12033 = SURFACE_STYLE_USAGE(.BOTH.,#12034);
#12034 = SURFACE_SIDE_STYLE('',(#12035));
#12035 = SURFACE_STYLE_FILL_AREA(#12036);
#12036 = FILL_AREA_STYLE('',(#12037));
#12037 = FILL_AREA_STYLE_COLOUR('',#11512);
#12038 = STYLED_ITEM('color',(#12039),#6981);
#12039 = PRESENTATION_STYLE_ASSIGNMENT((#12040));
#12040 = SURFACE_STYLE_USAGE(.BOTH.,#12041);
#12041 = SURFACE_SIDE_STYLE('',(#12042));
#12042 = SURFACE_STYLE_FILL_AREA(#12043);
#12043 = FILL_AREA_STYLE('',(#12044));
#12044 = FILL_AREA_STYLE_COLOUR('',#11504);
#12045 = STYLED_ITEM('color',(#12046),#7031);
#12046 = PRESENTATION_STYLE_ASSIGNMENT((#12047));
#12047 = SURFACE_STYLE_USAGE(.BOTH.,#12048);
#12048 = SURFACE_SIDE_STYLE('',(#12049));
#12049 = SURFACE_STYLE_FILL_AREA(#12050);
#12050 = FILL_AREA_STYLE('',(#12051));
#12051 = FILL_AREA_STYLE_COLOUR('',#11512);
#12052 = STYLED_ITEM('color',(#12053),#7080);
#12053 = PRESENTATION_STYLE_ASSIGNMENT((#12054));
#12054 = SURFACE_STYLE_USAGE(.BOTH.,#12055);
#12055 = SURFACE_SIDE_STYLE('',(#12056));
#12056 = SURFACE_STYLE_FILL_AREA(#12057);
#12057 = FILL_AREA_STYLE('',(#12058));
#12058 = FILL_AREA_STYLE_COLOUR('',#11504);
#12059 = STYLED_ITEM('color',(#12060),#7130);
#12060 = PRESENTATION_STYLE_ASSIGNMENT((#12061));
#12061 = SURFACE_STYLE_USAGE(.BOTH.,#12062);
#12062 = SURFACE_SIDE_STYLE('',(#12063));
#12063 = SURFACE_STYLE_FILL_AREA(#12064);
#12064 = FILL_AREA_STYLE('',(#12065));
#12065 = FILL_AREA_STYLE_COLOUR('',#11512);
#12066 = STYLED_ITEM('color',(#12067),#7179);
#12067 = PRESENTATION_STYLE_ASSIGNMENT((#12068));
#12068 = SURFACE_STYLE_USAGE(.BOTH.,#12069);
#12069 = SURFACE_SIDE_STYLE('',(#12070));
#12070 = SURFACE_STYLE_FILL_AREA(#12071);
#12071 = FILL_AREA_STYLE('',(#12072));
#12072 = FILL_AREA_STYLE_COLOUR('',#11504);
#12073 = STYLED_ITEM('color',(#12074),#7229);
#12074 = PRESENTATION_STYLE_ASSIGNMENT((#12075));
#12075 = SURFACE_STYLE_USAGE(.BOTH.,#12076);
#12076 = SURFACE_SIDE_STYLE('',(#12077));
#12077 = SURFACE_STYLE_FILL_AREA(#12078);
#12078 = FILL_AREA_STYLE('',(#12079));
#12079 = FILL_AREA_STYLE_COLOUR('',#11512);
#12080 = STYLED_ITEM('color',(#12081),#7278);
#12081 = PRESENTATION_STYLE_ASSIGNMENT((#12082));
#12082 = SURFACE_STYLE_USAGE(.BOTH.,#12083);
#12083 = SURFACE_SIDE_STYLE('',(#12084));
#12084 = SURFACE_STYLE_FILL_AREA(#12085);
#12085 = FILL_AREA_STYLE('',(#12086));
#12086 = FILL_AREA_STYLE_COLOUR('',#11504);
#12087 = STYLED_ITEM('color',(#12088),#7306);
#12088 = PRESENTATION_STYLE_ASSIGNMENT((#12089));
#12089 = SURFACE_STYLE_USAGE(.BOTH.,#12090);
#12090 = SURFACE_SIDE_STYLE('',(#12091));
#12091 = SURFACE_STYLE_FILL_AREA(#12092);
#12092 = FILL_AREA_STYLE('',(#12093));
#12093 = FILL_AREA_STYLE_COLOUR('',#11504);
#12094 = STYLED_ITEM('color',(#12095),#7355);
#12095 = PRESENTATION_STYLE_ASSIGNMENT((#12096));
#12096 = SURFACE_STYLE_USAGE(.BOTH.,#12097);
#12097 = SURFACE_SIDE_STYLE('',(#12098));
#12098 = SURFACE_STYLE_FILL_AREA(#12099);
#12099 = FILL_AREA_STYLE('',(#12100));
#12100 = FILL_AREA_STYLE_COLOUR('',#11504);
#12101 = STYLED_ITEM('color',(#12102),#7405);
#12102 = PRESENTATION_STYLE_ASSIGNMENT((#12103));
#12103 = SURFACE_STYLE_USAGE(.BOTH.,#12104);
#12104 = SURFACE_SIDE_STYLE('',(#12105));
#12105 = SURFACE_STYLE_FILL_AREA(#12106);
#12106 = FILL_AREA_STYLE('',(#12107));
#12107 = FILL_AREA_STYLE_COLOUR('',#11504);
#12108 = STYLED_ITEM('color',(#12109),#7432);
#12109 = PRESENTATION_STYLE_ASSIGNMENT((#12110));
#12110 = SURFACE_STYLE_USAGE(.BOTH.,#12111);
#12111 = SURFACE_SIDE_STYLE('',(#12112));
#12112 = SURFACE_STYLE_FILL_AREA(#12113);
#12113 = FILL_AREA_STYLE('',(#12114));
#12114 = FILL_AREA_STYLE_COLOUR('',#11504);
#12115 = STYLED_ITEM('color',(#12116),#7481);
#12116 = PRESENTATION_STYLE_ASSIGNMENT((#12117));
#12117 = SURFACE_STYLE_USAGE(.BOTH.,#12118);
#12118 = SURFACE_SIDE_STYLE('',(#12119));
#12119 = SURFACE_STYLE_FILL_AREA(#12120);
#12120 = FILL_AREA_STYLE('',(#12121));
#12121 = FILL_AREA_STYLE_COLOUR('',#11504);
#12122 = STYLED_ITEM('color',(#12123),#7531);
#12123 = PRESENTATION_STYLE_ASSIGNMENT((#12124));
#12124 = SURFACE_STYLE_USAGE(.BOTH.,#12125);
#12125 = SURFACE_SIDE_STYLE('',(#12126));
#12126 = SURFACE_STYLE_FILL_AREA(#12127);
#12127 = FILL_AREA_STYLE('',(#12128));
#12128 = FILL_AREA_STYLE_COLOUR('',#11504);
#12129 = STYLED_ITEM('color',(#12130),#7558);
#12130 = PRESENTATION_STYLE_ASSIGNMENT((#12131));
#12131 = SURFACE_STYLE_USAGE(.BOTH.,#12132);
#12132 = SURFACE_SIDE_STYLE('',(#12133));
#12133 = SURFACE_STYLE_FILL_AREA(#12134);
#12134 = FILL_AREA_STYLE('',(#12135));
#12135 = FILL_AREA_STYLE_COLOUR('',#11512);
#12136 = STYLED_ITEM('color',(#12137),#7586);
#12137 = PRESENTATION_STYLE_ASSIGNMENT((#12138));
#12138 = SURFACE_STYLE_USAGE(.BOTH.,#12139);
#12139 = SURFACE_SIDE_STYLE('',(#12140));
#12140 = SURFACE_STYLE_FILL_AREA(#12141);
#12141 = FILL_AREA_STYLE('',(#12142));
#12142 = FILL_AREA_STYLE_COLOUR('',#11512);
#12143 = STYLED_ITEM('color',(#12144),#7657);
#12144 = PRESENTATION_STYLE_ASSIGNMENT((#12145));
#12145 = SURFACE_STYLE_USAGE(.BOTH.,#12146);
#12146 = SURFACE_SIDE_STYLE('',(#12147));
#12147 = SURFACE_STYLE_FILL_AREA(#12148);
#12148 = FILL_AREA_STYLE('',(#12149));
#12149 = FILL_AREA_STYLE_COLOUR('',#11504);
#12150 = STYLED_ITEM('color',(#12151),#7689);
#12151 = PRESENTATION_STYLE_ASSIGNMENT((#12152));
#12152 = SURFACE_STYLE_USAGE(.BOTH.,#12153);
#12153 = SURFACE_SIDE_STYLE('',(#12154));
#12154 = SURFACE_STYLE_FILL_AREA(#12155);
#12155 = FILL_AREA_STYLE('',(#12156));
#12156 = FILL_AREA_STYLE_COLOUR('',#11512);
#12157 = STYLED_ITEM('color',(#12158),#7738);
#12158 = PRESENTATION_STYLE_ASSIGNMENT((#12159));
#12159 = SURFACE_STYLE_USAGE(.BOTH.,#12160);
#12160 = SURFACE_SIDE_STYLE('',(#12161));
#12161 = SURFACE_STYLE_FILL_AREA(#12162);
#12162 = FILL_AREA_STYLE('',(#12163));
#12163 = FILL_AREA_STYLE_COLOUR('',#11504);
#12164 = STYLED_ITEM('color',(#12165),#7792);
#12165 = PRESENTATION_STYLE_ASSIGNMENT((#12166));
#12166 = SURFACE_STYLE_USAGE(.BOTH.,#12167);
#12167 = SURFACE_SIDE_STYLE('',(#12168));
#12168 = SURFACE_STYLE_FILL_AREA(#12169);
#12169 = FILL_AREA_STYLE('',(#12170));
#12170 = FILL_AREA_STYLE_COLOUR('',#11512);
#12171 = STYLED_ITEM('color',(#12172),#7841);
#12172 = PRESENTATION_STYLE_ASSIGNMENT((#12173));
#12173 = SURFACE_STYLE_USAGE(.BOTH.,#12174);
#12174 = SURFACE_SIDE_STYLE('',(#12175));
#12175 = SURFACE_STYLE_FILL_AREA(#12176);
#12176 = FILL_AREA_STYLE('',(#12177));
#12177 = FILL_AREA_STYLE_COLOUR('',#11504);
#12178 = STYLED_ITEM('color',(#12179),#7895);
#12179 = PRESENTATION_STYLE_ASSIGNMENT((#12180));
#12180 = SURFACE_STYLE_USAGE(.BOTH.,#12181);
#12181 = SURFACE_SIDE_STYLE('',(#12182));
#12182 = SURFACE_STYLE_FILL_AREA(#12183);
#12183 = FILL_AREA_STYLE('',(#12184));
#12184 = FILL_AREA_STYLE_COLOUR('',#11512);
#12185 = STYLED_ITEM('color',(#12186),#7944);
#12186 = PRESENTATION_STYLE_ASSIGNMENT((#12187));
#12187 = SURFACE_STYLE_USAGE(.BOTH.,#12188);
#12188 = SURFACE_SIDE_STYLE('',(#12189));
#12189 = SURFACE_STYLE_FILL_AREA(#12190);
#12190 = FILL_AREA_STYLE('',(#12191));
#12191 = FILL_AREA_STYLE_COLOUR('',#11504);
#12192 = STYLED_ITEM('color',(#12193),#7976);
#12193 = PRESENTATION_STYLE_ASSIGNMENT((#12194));
#12194 = SURFACE_STYLE_USAGE(.BOTH.,#12195);
#12195 = SURFACE_SIDE_STYLE('',(#12196));
#12196 = SURFACE_STYLE_FILL_AREA(#12197);
#12197 = FILL_AREA_STYLE('',(#12198));
#12198 = FILL_AREA_STYLE_COLOUR('',#11504);
#12199 = STYLED_ITEM('color',(#12200),#8070);
#12200 = PRESENTATION_STYLE_ASSIGNMENT((#12201));
#12201 = SURFACE_STYLE_USAGE(.BOTH.,#12202);
#12202 = SURFACE_SIDE_STYLE('',(#12203));
#12203 = SURFACE_STYLE_FILL_AREA(#12204);
#12204 = FILL_AREA_STYLE('',(#12205));
#12205 = FILL_AREA_STYLE_COLOUR('',#11512);
#12206 = STYLED_ITEM('color',(#12207),#8147);
#12207 = PRESENTATION_STYLE_ASSIGNMENT((#12208));
#12208 = SURFACE_STYLE_USAGE(.BOTH.,#12209);
#12209 = SURFACE_SIDE_STYLE('',(#12210));
#12210 = SURFACE_STYLE_FILL_AREA(#12211);
#12211 = FILL_AREA_STYLE('',(#12212));
#12212 = FILL_AREA_STYLE_COLOUR('',#11504);
#12213 = STYLED_ITEM('color',(#12214),#8241);
#12214 = PRESENTATION_STYLE_ASSIGNMENT((#12215));
#12215 = SURFACE_STYLE_USAGE(.BOTH.,#12216);
#12216 = SURFACE_SIDE_STYLE('',(#12217));
#12217 = SURFACE_STYLE_FILL_AREA(#12218);
#12218 = FILL_AREA_STYLE('',(#12219));
#12219 = FILL_AREA_STYLE_COLOUR('',#11512);
#12220 = STYLED_ITEM('color',(#12221),#8318);
#12221 = PRESENTATION_STYLE_ASSIGNMENT((#12222));
#12222 = SURFACE_STYLE_USAGE(.BOTH.,#12223);
#12223 = SURFACE_SIDE_STYLE('',(#12224));
#12224 = SURFACE_STYLE_FILL_AREA(#12225);
#12225 = FILL_AREA_STYLE('',(#12226));
#12226 = FILL_AREA_STYLE_COLOUR('',#11504);
#12227 = STYLED_ITEM('color',(#12228),#8329);
#12228 = PRESENTATION_STYLE_ASSIGNMENT((#12229));
#12229 = SURFACE_STYLE_USAGE(.BOTH.,#12230);
#12230 = SURFACE_SIDE_STYLE('',(#12231));
#12231 = SURFACE_STYLE_FILL_AREA(#12232);
#12232 = FILL_AREA_STYLE('',(#12233));
#12233 = FILL_AREA_STYLE_COLOUR('',#11512);
#12234 = STYLED_ITEM('color',(#12235),#8334);
#12235 = PRESENTATION_STYLE_ASSIGNMENT((#12236));
#12236 = SURFACE_STYLE_USAGE(.BOTH.,#12237);
#12237 = SURFACE_SIDE_STYLE('',(#12238));
#12238 = SURFACE_STYLE_FILL_AREA(#12239);
#12239 = FILL_AREA_STYLE('',(#12240));
#12240 = FILL_AREA_STYLE_COLOUR('',#11512);
#12241 = STYLED_ITEM('color',(#12242),#8339);
#12242 = PRESENTATION_STYLE_ASSIGNMENT((#12243));
#12243 = SURFACE_STYLE_USAGE(.BOTH.,#12244);
#12244 = SURFACE_SIDE_STYLE('',(#12245));
#12245 = SURFACE_STYLE_FILL_AREA(#12246);
#12246 = FILL_AREA_STYLE('',(#12247));
#12247 = FILL_AREA_STYLE_COLOUR('',#11512);
#12248 = STYLED_ITEM('color',(#12249),#8344);
#12249 = PRESENTATION_STYLE_ASSIGNMENT((#12250));
#12250 = SURFACE_STYLE_USAGE(.BOTH.,#12251);
#12251 = SURFACE_SIDE_STYLE('',(#12252));
#12252 = SURFACE_STYLE_FILL_AREA(#12253);
#12253 = FILL_AREA_STYLE('',(#12254));
#12254 = FILL_AREA_STYLE_COLOUR('',#11512);
#12255 = STYLED_ITEM('color',(#12256),#8349);
#12256 = PRESENTATION_STYLE_ASSIGNMENT((#12257));
#12257 = SURFACE_STYLE_USAGE(.BOTH.,#12258);
#12258 = SURFACE_SIDE_STYLE('',(#12259));
#12259 = SURFACE_STYLE_FILL_AREA(#12260);
#12260 = FILL_AREA_STYLE('',(#12261));
#12261 = FILL_AREA_STYLE_COLOUR('',#11512);
#12262 = STYLED_ITEM('color',(#12263),#8354);
#12263 = PRESENTATION_STYLE_ASSIGNMENT((#12264));
#12264 = SURFACE_STYLE_USAGE(.BOTH.,#12265);
#12265 = SURFACE_SIDE_STYLE('',(#12266));
#12266 = SURFACE_STYLE_FILL_AREA(#12267);
#12267 = FILL_AREA_STYLE('',(#12268));
#12268 = FILL_AREA_STYLE_COLOUR('',#11512);
#12269 = STYLED_ITEM('color',(#12270),#8359);
#12270 = PRESENTATION_STYLE_ASSIGNMENT((#12271));
#12271 = SURFACE_STYLE_USAGE(.BOTH.,#12272);
#12272 = SURFACE_SIDE_STYLE('',(#12273));
#12273 = SURFACE_STYLE_FILL_AREA(#12274);
#12274 = FILL_AREA_STYLE('',(#12275));
#12275 = FILL_AREA_STYLE_COLOUR('',#11512);
#12276 = STYLED_ITEM('color',(#12277),#8364);
#12277 = PRESENTATION_STYLE_ASSIGNMENT((#12278));
#12278 = SURFACE_STYLE_USAGE(.BOTH.,#12279);
#12279 = SURFACE_SIDE_STYLE('',(#12280));
#12280 = SURFACE_STYLE_FILL_AREA(#12281);
#12281 = FILL_AREA_STYLE('',(#12282));
#12282 = FILL_AREA_STYLE_COLOUR('',#11512);
#12283 = STYLED_ITEM('color',(#12284),#8369);
#12284 = PRESENTATION_STYLE_ASSIGNMENT((#12285));
#12285 = SURFACE_STYLE_USAGE(.BOTH.,#12286);
#12286 = SURFACE_SIDE_STYLE('',(#12287));
#12287 = SURFACE_STYLE_FILL_AREA(#12288);
#12288 = FILL_AREA_STYLE('',(#12289));
#12289 = FILL_AREA_STYLE_COLOUR('',#11512);
#12290 = STYLED_ITEM('color',(#12291),#8380);
#12291 = PRESENTATION_STYLE_ASSIGNMENT((#12292));
#12292 = SURFACE_STYLE_USAGE(.BOTH.,#12293);
#12293 = SURFACE_SIDE_STYLE('',(#12294));
#12294 = SURFACE_STYLE_FILL_AREA(#12295);
#12295 = FILL_AREA_STYLE('',(#12296));
#12296 = FILL_AREA_STYLE_COLOUR('',#11512);
#12297 = STYLED_ITEM('color',(#12298),#8385);
#12298 = PRESENTATION_STYLE_ASSIGNMENT((#12299));
#12299 = SURFACE_STYLE_USAGE(.BOTH.,#12300);
#12300 = SURFACE_SIDE_STYLE('',(#12301));
#12301 = SURFACE_STYLE_FILL_AREA(#12302);
#12302 = FILL_AREA_STYLE('',(#12303));
#12303 = FILL_AREA_STYLE_COLOUR('',#11512);
#12304 = STYLED_ITEM('color',(#12305),#8397);
#12305 = PRESENTATION_STYLE_ASSIGNMENT((#12306));
#12306 = SURFACE_STYLE_USAGE(.BOTH.,#12307);
#12307 = SURFACE_SIDE_STYLE('',(#12308));
#12308 = SURFACE_STYLE_FILL_AREA(#12309);
#12309 = FILL_AREA_STYLE('',(#12310));
#12310 = FILL_AREA_STYLE_COLOUR('',#11512);
#12311 = STYLED_ITEM('color',(#12312),#8530);
#12312 = PRESENTATION_STYLE_ASSIGNMENT((#12313));
#12313 = SURFACE_STYLE_USAGE(.BOTH.,#12314);
#12314 = SURFACE_SIDE_STYLE('',(#12315));
#12315 = SURFACE_STYLE_FILL_AREA(#12316);
#12316 = FILL_AREA_STYLE('',(#12317));
#12317 = FILL_AREA_STYLE_COLOUR('',#11512);
#12318 = STYLED_ITEM('color',(#12319),#8648);
#12319 = PRESENTATION_STYLE_ASSIGNMENT((#12320));
#12320 = SURFACE_STYLE_USAGE(.BOTH.,#12321);
#12321 = SURFACE_SIDE_STYLE('',(#12322));
#12322 = SURFACE_STYLE_FILL_AREA(#12323);
#12323 = FILL_AREA_STYLE('',(#12324));
#12324 = FILL_AREA_STYLE_COLOUR('',#11512);
#12325 = STYLED_ITEM('color',(#12326),#8675);
#12326 = PRESENTATION_STYLE_ASSIGNMENT((#12327));
#12327 = SURFACE_STYLE_USAGE(.BOTH.,#12328);
#12328 = SURFACE_SIDE_STYLE('',(#12329));
#12329 = SURFACE_STYLE_FILL_AREA(#12330);
#12330 = FILL_AREA_STYLE('',(#12331));
#12331 = FILL_AREA_STYLE_COLOUR('',#11512);
#12332 = STYLED_ITEM('color',(#12333),#8702);
#12333 = PRESENTATION_STYLE_ASSIGNMENT((#12334));
#12334 = SURFACE_STYLE_USAGE(.BOTH.,#12335);
#12335 = SURFACE_SIDE_STYLE('',(#12336));
#12336 = SURFACE_STYLE_FILL_AREA(#12337);
#12337 = FILL_AREA_STYLE('',(#12338));
#12338 = FILL_AREA_STYLE_COLOUR('',#11512);
#12339 = STYLED_ITEM('color',(#12340),#8835);
#12340 = PRESENTATION_STYLE_ASSIGNMENT((#12341));
#12341 = SURFACE_STYLE_USAGE(.BOTH.,#12342);
#12342 = SURFACE_SIDE_STYLE('',(#12343));
#12343 = SURFACE_STYLE_FILL_AREA(#12344);
#12344 = FILL_AREA_STYLE('',(#12345));
#12345 = FILL_AREA_STYLE_COLOUR('',#11512);
#12346 = STYLED_ITEM('color',(#12347),#8884);
#12347 = PRESENTATION_STYLE_ASSIGNMENT((#12348));
#12348 = SURFACE_STYLE_USAGE(.BOTH.,#12349);
#12349 = SURFACE_SIDE_STYLE('',(#12350));
#12350 = SURFACE_STYLE_FILL_AREA(#12351);
#12351 = FILL_AREA_STYLE('',(#12352));
#12352 = FILL_AREA_STYLE_COLOUR('',#11512);
#12353 = STYLED_ITEM('color',(#12354),#8980);
#12354 = PRESENTATION_STYLE_ASSIGNMENT((#12355));
#12355 = SURFACE_STYLE_USAGE(.BOTH.,#12356);
#12356 = SURFACE_SIDE_STYLE('',(#12357));
#12357 = SURFACE_STYLE_FILL_AREA(#12358);
#12358 = FILL_AREA_STYLE('',(#12359));
#12359 = FILL_AREA_STYLE_COLOUR('',#11512);
#12360 = STYLED_ITEM('color',(#12361),#9007);
#12361 = PRESENTATION_STYLE_ASSIGNMENT((#12362));
#12362 = SURFACE_STYLE_USAGE(.BOTH.,#12363);
#12363 = SURFACE_SIDE_STYLE('',(#12364));
#12364 = SURFACE_STYLE_FILL_AREA(#12365);
#12365 = FILL_AREA_STYLE('',(#12366));
#12366 = FILL_AREA_STYLE_COLOUR('',#11512);
#12367 = STYLED_ITEM('color',(#12368),#9034);
#12368 = PRESENTATION_STYLE_ASSIGNMENT((#12369));
#12369 = SURFACE_STYLE_USAGE(.BOTH.,#12370);
#12370 = SURFACE_SIDE_STYLE('',(#12371));
#12371 = SURFACE_STYLE_FILL_AREA(#12372);
#12372 = FILL_AREA_STYLE('',(#12373));
#12373 = FILL_AREA_STYLE_COLOUR('',#11512);
#12374 = STYLED_ITEM('color',(#12375),#9061);
#12375 = PRESENTATION_STYLE_ASSIGNMENT((#12376));
#12376 = SURFACE_STYLE_USAGE(.BOTH.,#12377);
#12377 = SURFACE_SIDE_STYLE('',(#12378));
#12378 = SURFACE_STYLE_FILL_AREA(#12379);
#12379 = FILL_AREA_STYLE('',(#12380));
#12380 = FILL_AREA_STYLE_COLOUR('',#11512);
#12381 = STYLED_ITEM('color',(#12382),#9068);
#12382 = PRESENTATION_STYLE_ASSIGNMENT((#12383));
#12383 = SURFACE_STYLE_USAGE(.BOTH.,#12384);
#12384 = SURFACE_SIDE_STYLE('',(#12385));
#12385 = SURFACE_STYLE_FILL_AREA(#12386);
#12386 = FILL_AREA_STYLE('',(#12387));
#12387 = FILL_AREA_STYLE_COLOUR('',#11512);
#12388 = STYLED_ITEM('color',(#12389),#9095);
#12389 = PRESENTATION_STYLE_ASSIGNMENT((#12390));
#12390 = SURFACE_STYLE_USAGE(.BOTH.,#12391);
#12391 = SURFACE_SIDE_STYLE('',(#12392));
#12392 = SURFACE_STYLE_FILL_AREA(#12393);
#12393 = FILL_AREA_STYLE('',(#12394));
#12394 = FILL_AREA_STYLE_COLOUR('',#11512);
#12395 = STYLED_ITEM('color',(#12396),#9122);
#12396 = PRESENTATION_STYLE_ASSIGNMENT((#12397));
#12397 = SURFACE_STYLE_USAGE(.BOTH.,#12398);
#12398 = SURFACE_SIDE_STYLE('',(#12399));
#12399 = SURFACE_STYLE_FILL_AREA(#12400);
#12400 = FILL_AREA_STYLE('',(#12401));
#12401 = FILL_AREA_STYLE_COLOUR('',#11512);
ENDSEC;
END-ISO-10303-21;
