#VRML V2.0 utf8
# Customized from JLCEDA/EasyEDA Official Library: smaller amber SW2 dome and amber film strip.
# Units: KiCad VRML units (2.54 mm).
Shape { appearance Appearance { material Material { diffuseColor 0.200000 0.200000 0.200000 specularColor 0.2 0.2 0.2 shininess 0.45 } } geometry IndexedFaceSet { solid FALSE creaseAngle 0.6 coord Coordinate { point [
-0.1329326 0.0787402 0.0000000,
-0.1329326 0.0787402 0.0039370,
-0.1306434 0.0786735 0.0039370,
-0.1283620 0.0784740 0.0039370,
-0.1260960 0.0781420 0.0039370,
-0.1238532 0.0776789 0.0039370,
-0.1216411 0.0770862 0.0039370,
-0.1194672 0.0763659 0.0039370,
-0.1173389 0.0755203 0.0039370,
-0.1152633 0.0745525 0.0039370,
-0.1132475 0.0734656 0.0039370,
-0.1112983 0.0722633 0.0039370,
-0.1094224 0.0709497 0.0039370,
-0.1076260 0.0695293 0.0039370,
-0.1059152 0.0680068 0.0039370,
-0.1042958 0.0663875 0.0039370,
-0.1027733 0.0646767 0.0039370,
-0.1013529 0.0628803 0.0039370,
-0.1000393 0.0610043 0.0039370,
-0.0988371 0.0590551 0.0039370,
-0.0977502 0.0570393 0.0039370,
-0.0967823 0.0549638 0.0039370,
-0.0959368 0.0528354 0.0039370,
-0.0952164 0.0506615 0.0039370,
-0.0946237 0.0484494 0.0039370,
-0.0941606 0.0462066 0.0039370,
-0.0938287 0.0439407 0.0039370,
-0.0936291 0.0416592 0.0039370,
-0.0935625 0.0393701 0.0039370,
-0.0935625 0.0393701 0.0000000,
-0.0936291 0.0416592 0.0000000,
-0.0938287 0.0439407 0.0000000,
-0.0941606 0.0462066 0.0000000,
-0.0946237 0.0484494 0.0000000,
-0.0952164 0.0506615 0.0000000,
-0.0959368 0.0528354 0.0000000,
-0.0967823 0.0549638 0.0000000,
-0.0977502 0.0570393 0.0000000,
-0.0988371 0.0590551 0.0000000,
-0.1000393 0.0610043 0.0000000,
-0.1013529 0.0628803 0.0000000,
-0.1027733 0.0646767 0.0000000,
-0.1042958 0.0663875 0.0000000,
-0.1059152 0.0680068 0.0000000,
-0.1076260 0.0695293 0.0000000,
-0.1094224 0.0709497 0.0000000,
-0.1112983 0.0722633 0.0000000,
-0.1132475 0.0734656 0.0000000,
-0.1152633 0.0745525 0.0000000,
-0.1173389 0.0755203 0.0000000,
-0.1194672 0.0763659 0.0000000,
-0.1216411 0.0770862 0.0000000,
-0.1238532 0.0776789 0.0000000,
-0.1260960 0.0781420 0.0000000,
-0.1283620 0.0784740 0.0000000,
-0.1306434 0.0786735 0.0000000,
-0.6043307 0.6200787 0.0118110,
-0.4370079 0.6200787 0.0118110,
-0.6043307 0.6496063 0.0118110,
-0.6041975 0.6541846 0.0118110,
-0.6037983 0.6587475 0.0118110,
-0.6031345 0.6632794 0.0118110,
-0.6022083 0.6677650 0.0118110,
-0.6010228 0.6721892 0.0118110,
-0.5995821 0.6765370 0.0118110,
-0.5978910 0.6807937 0.0118110,
-0.5959553 0.6849448 0.0118110,
-0.5937815 0.6889764 0.0118110,
-0.5913770 0.6928747 0.0118110,
-0.5887499 0.6966267 0.0118110,
-0.5859090 0.7002195 0.0118110,
-0.5828641 0.7036411 0.0118110,
-0.5796253 0.7068798 0.0118110,
-0.5762037 0.7099248 0.0118110,
-0.5726109 0.7127656 0.0118110,
-0.5688590 0.7153927 0.0118110,
-0.5649606 0.7177973 0.0118110,
-0.5609291 0.7199711 0.0118110,
-0.5567779 0.7219068 0.0118110,
-0.5525213 0.7235978 0.0118110,
-0.5481735 0.7250385 0.0118110,
-0.5437493 0.7262240 0.0118110,
-0.5392636 0.7271502 0.0118110,
-0.5347317 0.7278140 0.0118110,
-0.5301689 0.7282132 0.0118110,
-0.5255906 0.7283465 0.0118110,
-0.4330709 0.7283465 0.0118110,
-0.4330709 0.4330709 0.0118110,
-0.4332041 0.4284925 0.0118110,
-0.4336033 0.4239297 0.0118110,
-0.4342671 0.4193978 0.0118110,
-0.4351933 0.4149121 0.0118110,
-0.4363788 0.4104879 0.0118110,
-0.4378195 0.4061401 0.0118110,
-0.4395105 0.4018835 0.0118110,
-0.4414462 0.3977323 0.0118110,
-0.4436200 0.3937008 0.0118110,
-0.4460246 0.3898024 0.0118110,
-0.4486517 0.3860505 0.0118110,
-0.4514926 0.3824577 0.0118110,
-0.4545375 0.3790361 0.0118110,
-0.4577762 0.3757974 0.0118110,
-0.4611978 0.3727524 0.0118110,
-0.4647907 0.3699116 0.0118110,
-0.4685426 0.3672844 0.0118110,
-0.4724409 0.3648799 0.0118110,
-0.4764725 0.3627061 0.0118110,
-0.4806236 0.3607704 0.0118110,
-0.4848803 0.3590793 0.0118110,
-0.4892281 0.3576386 0.0118110,
-0.4936523 0.3564532 0.0118110,
-0.4981379 0.3555269 0.0118110,
-0.5026698 0.3548631 0.0118110,
-0.5072327 0.3544639 0.0118110,
-0.5118110 0.3543307 0.0118110,
-0.7128137 0.3543307 0.0118110,
-0.7100771 0.3579874 0.0118110,
-0.7071472 0.3614912 0.0118110,
-0.7040327 0.3648318 0.0118110,
-0.7007424 0.3679996 0.0118110,
-0.6972861 0.3709853 0.0118110,
-0.6936738 0.3737802 0.0118110,
-0.6899160 0.3763763 0.0118110,
-0.6860236 0.3787658 0.0118110,
-0.6437008 0.4032009 0.0118110,
-0.6397842 0.4056175 0.0118110,
-0.6360154 0.4082587 0.0118110,
-0.6324074 0.4111156 0.0118110,
-0.6289725 0.4141785 0.0118110,
-0.6257224 0.4174367 0.0118110,
-0.6226681 0.4208793 0.0118110,
-0.6198202 0.4244944 0.0118110,
-0.6171884 0.4282698 0.0118110,
-0.6147817 0.4321924 0.0118110,
-0.6126082 0.4362490 0.0118110,
-0.6106754 0.4404256 0.0118110,
-0.6089900 0.4447080 0.0118110,
-0.6075576 0.4490815 0.0118110,
-0.6063831 0.4535313 0.0118110,
-0.6054706 0.4580421 0.0118110,
-0.6048233 0.4625984 0.0118110,
-0.4370079 0.4625984 0.0118110,
-0.6043307 0.4713919 0.0118110,
-0.6043307 0.6200787 0.0118110,
-0.6043307 0.4713919 0.1102362,
-0.6043307 0.6496063 0.1102362,
-0.6043307 0.6496063 0.0118110,
-0.5255906 0.7283465 0.1102362,
-0.5301689 0.7282132 0.1102362,
-0.5347317 0.7278140 0.1102362,
-0.5392636 0.7271502 0.1102362,
-0.5437493 0.7262240 0.1102362,
-0.5481735 0.7250385 0.1102362,
-0.5525213 0.7235978 0.1102362,
-0.5567779 0.7219068 0.1102362,
-0.5609291 0.7199711 0.1102362,
-0.5649606 0.7177973 0.1102362,
-0.5688590 0.7153927 0.1102362,
-0.5726109 0.7127656 0.1102362,
-0.5762037 0.7099248 0.1102362,
-0.5796253 0.7068798 0.1102362,
-0.5828641 0.7036411 0.1102362,
-0.5859090 0.7002195 0.1102362,
-0.5887499 0.6966267 0.1102362,
-0.5913770 0.6928747 0.1102362,
-0.5937815 0.6889764 0.1102362,
-0.5959553 0.6849448 0.1102362,
-0.5978910 0.6807937 0.1102362,
-0.5995821 0.6765370 0.1102362,
-0.6010228 0.6721892 0.1102362,
-0.6022083 0.6677650 0.1102362,
-0.6031345 0.6632794 0.1102362,
-0.6037983 0.6587475 0.1102362,
-0.6041975 0.6541846 0.1102362,
-0.6043307 0.6496063 0.1102362,
-0.5255906 0.7283465 0.0118110,
-0.6043307 0.6496063 0.0118110,
-0.6041975 0.6541846 0.0118110,
-0.6037983 0.6587475 0.0118110,
-0.6031345 0.6632794 0.0118110,
-0.6022083 0.6677650 0.0118110,
-0.6010228 0.6721892 0.0118110,
-0.5995821 0.6765370 0.0118110,
-0.5978910 0.6807937 0.0118110,
-0.5959553 0.6849448 0.0118110,
-0.5937815 0.6889764 0.0118110,
-0.5913770 0.6928747 0.0118110,
-0.5887499 0.6966267 0.0118110,
-0.5859090 0.7002195 0.0118110,
-0.5828641 0.7036411 0.0118110,
-0.5796253 0.7068798 0.0118110,
-0.5762037 0.7099248 0.0118110,
-0.5726109 0.7127656 0.0118110,
-0.5688590 0.7153927 0.0118110,
-0.5649606 0.7177973 0.0118110,
-0.5609291 0.7199711 0.0118110,
-0.5567779 0.7219068 0.0118110,
-0.5525213 0.7235978 0.0118110,
-0.5481735 0.7250385 0.0118110,
-0.5437493 0.7262240 0.0118110,
-0.5392636 0.7271502 0.0118110,
-0.5347317 0.7278140 0.0118110,
-0.5301689 0.7282132 0.0118110,
0.6048233 0.4625984 0.0118110,
0.4370079 0.4625984 0.0118110,
0.6054706 0.4580421 0.0118110,
0.6063831 0.4535313 0.0118110,
0.6075576 0.4490815 0.0118110,
0.6089900 0.4447080 0.0118110,
0.6106754 0.4404256 0.0118110,
0.6126082 0.4362490 0.0118110,
0.6147817 0.4321924 0.0118110,
0.6171884 0.4282698 0.0118110,
0.6198202 0.4244944 0.0118110,
0.6226681 0.4208793 0.0118110,
0.6257224 0.4174367 0.0118110,
0.6289725 0.4141785 0.0118110,
0.6324074 0.4111156 0.0118110,
0.6360154 0.4082587 0.0118110,
0.6397842 0.4056175 0.0118110,
0.6437008 0.4032009 0.0118110,
0.6860236 0.3787658 0.0118110,
0.7128137 0.3543307 0.0118110,
0.7100771 0.3579874 0.0118110,
0.7071472 0.3614912 0.0118110,
0.7040327 0.3648318 0.0118110,
0.7007424 0.3679996 0.0118110,
0.6972861 0.3709853 0.0118110,
0.6936738 0.3737802 0.0118110,
0.6899160 0.3763763 0.0118110,
0.5118110 0.3543307 0.0118110,
0.5072327 0.3544639 0.0118110,
0.5026698 0.3548631 0.0118110,
0.4981379 0.3555269 0.0118110,
0.4936523 0.3564532 0.0118110,
0.4892281 0.3576386 0.0118110,
0.4848803 0.3590793 0.0118110,
0.4806236 0.3607704 0.0118110,
0.4764725 0.3627061 0.0118110,
0.4724409 0.3648799 0.0118110,
0.4685426 0.3672844 0.0118110,
0.4647907 0.3699116 0.0118110,
0.4611978 0.3727524 0.0118110,
0.4577762 0.3757974 0.0118110,
0.4545375 0.3790361 0.0118110,
0.4514926 0.3824577 0.0118110,
0.4486517 0.3860505 0.0118110,
0.4460246 0.3898024 0.0118110,
0.4436200 0.3937008 0.0118110,
0.4414462 0.3977323 0.0118110,
0.4395105 0.4018835 0.0118110,
0.4378195 0.4061401 0.0118110,
0.4363788 0.4104879 0.0118110,
0.4351933 0.4149121 0.0118110,
0.4342671 0.4193978 0.0118110,
0.4336033 0.4239297 0.0118110,
0.4332041 0.4284925 0.0118110,
0.4330709 0.4330709 0.0118110,
0.4330709 0.7283465 0.0118110,
0.5255906 0.7283465 0.0118110,
0.5301689 0.7282132 0.0118110,
0.5347317 0.7278140 0.0118110,
0.5392636 0.7271502 0.0118110,
0.5437493 0.7262240 0.0118110,
0.5481735 0.7250385 0.0118110,
0.5525213 0.7235978 0.0118110,
0.5567779 0.7219068 0.0118110,
0.5609291 0.7199711 0.0118110,
0.5649606 0.7177973 0.0118110,
0.5688590 0.7153927 0.0118110,
0.5726109 0.7127656 0.0118110,
0.5762037 0.7099248 0.0118110,
0.5796253 0.7068798 0.0118110,
0.5828641 0.7036411 0.0118110,
0.5859090 0.7002195 0.0118110,
0.5887499 0.6966267 0.0118110,
0.5913770 0.6928747 0.0118110,
0.5937815 0.6889764 0.0118110,
0.5959553 0.6849448 0.0118110,
0.5978910 0.6807937 0.0118110,
0.5995821 0.6765370 0.0118110,
0.6010228 0.6721892 0.0118110,
0.6022083 0.6677650 0.0118110,
0.6031345 0.6632794 0.0118110,
0.6037983 0.6587475 0.0118110,
0.6041975 0.6541846 0.0118110,
0.6043307 0.6496063 0.0118110,
0.6043307 0.6200787 0.0118110,
0.4370079 0.6200787 0.0118110,
0.6043307 0.4713919 0.1102362,
0.6043307 0.4713919 0.0118110,
0.6043855 0.4684553 0.0118110,
0.6045497 0.4655228 0.0118110,
0.6048233 0.4625984 0.0118110,
0.6054706 0.4580421 0.0118110,
0.6063831 0.4535313 0.0118110,
0.6075576 0.4490815 0.0118110,
0.6089900 0.4447080 0.0118110,
0.6106754 0.4404256 0.0118110,
0.6126082 0.4362490 0.0118110,
0.6147817 0.4321924 0.0118110,
0.6171884 0.4282698 0.0118110,
0.6198202 0.4244944 0.0118110,
0.6226681 0.4208793 0.0118110,
0.6257224 0.4174367 0.0118110,
0.6289725 0.4141785 0.0118110,
0.6324074 0.4111156 0.0118110,
0.6360154 0.4082587 0.0118110,
0.6397842 0.4056175 0.0118110,
0.6437008 0.4032009 0.0118110,
0.6437008 0.4032009 0.1102362,
0.6398024 0.4056054 0.1102362,
0.6360505 0.4082326 0.1102362,
0.6324577 0.4110734 0.1102362,
0.6290361 0.4141184 0.1102362,
0.6257974 0.4173571 0.1102362,
0.6227524 0.4207787 0.1102362,
0.6199116 0.4243715 0.1102362,
0.6172844 0.4281235 0.1102362,
0.6148799 0.4320218 0.1102362,
0.6127061 0.4360534 0.1102362,
0.6107704 0.4402045 0.1102362,
0.6090793 0.4444612 0.1102362,
0.6076386 0.4488090 0.1102362,
0.6064532 0.4532332 0.1102362,
0.6055269 0.4577188 0.1102362,
0.6048631 0.4622507 0.1102362,
0.6044639 0.4668136 0.1102362,
0.6437008 0.4032009 0.1102362,
0.6860236 0.3787658 0.1102362,
0.6860236 0.3787658 0.0118110,
0.6437008 0.4032009 0.0118110,
0.7128137 0.3543307 0.0118110,
0.7128137 0.3543307 0.0000000,
0.7100771 0.3579874 0.0118110,
0.7071472 0.3614912 0.0118110,
0.7040327 0.3648318 0.0118110,
0.7007424 0.3679996 0.0118110,
0.6972861 0.3709853 0.0118110,
0.6936738 0.3737802 0.0118110,
0.6899160 0.3763763 0.0118110,
0.6860236 0.3787658 0.0118110,
0.6860236 0.3787658 0.1102362,
0.6902143 0.3761809 0.1102362,
0.6942477 0.3733568 0.1102362,
0.6981100 0.3703029 0.1102362,
0.7017882 0.3670295 0.1102362,
0.7052698 0.3635479 0.1102362,
0.7085431 0.3598697 0.1102362,
0.7115970 0.3560074 0.1102362,
0.7144212 0.3519741 0.1102362,
0.7170061 0.3477833 0.1102362,
0.7193429 0.3434494 0.1102362,
0.7214238 0.3389869 0.1102362,
0.7232417 0.3344110 0.1102362,
0.7247905 0.3297372 0.1102362,
0.7260648 0.3249811 0.1102362,
0.7270605 0.3201591 0.1102362,
0.7277741 0.3152873 0.1102362,
0.7282032 0.3103822 0.1102362,
0.7283465 0.3054605 0.1102362,
0.7283465 0.3054605 0.0000000,
0.7154385 0.3503892 0.0000000,
0.7178388 0.3463071 0.0000000,
0.7200071 0.3420971 0.0000000,
0.7219365 0.3377724 0.0000000,
0.7236211 0.3333466 0.0000000,
0.7250555 0.3288336 0.0000000,
0.7262353 0.3242474 0.0000000,
0.7271568 0.3196023 0.0000000,
0.7278170 0.3149131 0.0000000,
0.7282140 0.3101942 0.0000000,
0.5118110 0.3543307 0.0000000,
0.5118110 0.3543307 0.0118110,
0.7128137 0.3543307 0.0000000,
0.7128137 0.3543307 0.0118110,
0.4330709 0.4330709 0.0118110,
0.4330709 0.4330709 0.0000000,
0.4332041 0.4284925 0.0000000,
0.4336033 0.4239297 0.0000000,
0.4342671 0.4193978 0.0000000,
0.4351933 0.4149121 0.0000000,
0.4363788 0.4104879 0.0000000,
0.4378195 0.4061401 0.0000000,
0.4395105 0.4018835 0.0000000,
0.4414462 0.3977323 0.0000000,
0.4436200 0.3937008 0.0000000,
0.4460246 0.3898024 0.0000000,
0.4486517 0.3860505 0.0000000,
0.4514926 0.3824577 0.0000000,
0.4545375 0.3790361 0.0000000,
0.4577762 0.3757974 0.0000000,
0.4611978 0.3727524 0.0000000,
0.4647907 0.3699116 0.0000000,
0.4685426 0.3672844 0.0000000,
0.4724409 0.3648799 0.0000000,
0.4764725 0.3627061 0.0000000,
0.4806236 0.3607704 0.0000000,
0.4848803 0.3590793 0.0000000,
0.4892281 0.3576386 0.0000000,
0.4936523 0.3564532 0.0000000,
0.4981379 0.3555269 0.0000000,
0.5026698 0.3548631 0.0000000,
0.5072327 0.3544639 0.0000000,
0.5118110 0.3543307 0.0000000,
0.5118110 0.3543307 0.0118110,
0.5072327 0.3544639 0.0118110,
0.5026698 0.3548631 0.0118110,
0.4981379 0.3555269 0.0118110,
0.4936523 0.3564532 0.0118110,
0.4892281 0.3576386 0.0118110,
0.4848803 0.3590793 0.0118110,
0.4806236 0.3607704 0.0118110,
0.4764725 0.3627061 0.0118110,
0.4724409 0.3648799 0.0118110,
0.4685426 0.3672844 0.0118110,
0.4647907 0.3699116 0.0118110,
0.4611978 0.3727524 0.0118110,
0.4577762 0.3757974 0.0118110,
0.4545375 0.3790361 0.0118110,
0.4514926 0.3824577 0.0118110,
0.4486517 0.3860505 0.0118110,
0.4460246 0.3898024 0.0118110,
0.4436200 0.3937008 0.0118110,
0.4414462 0.3977323 0.0118110,
0.4395105 0.4018835 0.0118110,
0.4378195 0.4061401 0.0118110,
0.4363788 0.4104879 0.0118110,
0.4351933 0.4149121 0.0118110,
0.4342671 0.4193978 0.0118110,
0.4336033 0.4239297 0.0118110,
0.4332041 0.4284925 0.0118110,
0.4330709 0.7283465 0.0118110,
0.4330709 0.7283465 0.0000000,
0.4330709 0.4330709 0.0000000,
0.4330709 0.4330709 0.0118110,
-0.4330709 0.7283465 0.0118110,
-0.4330709 0.7283465 0.0000000,
0.4330709 0.7283465 0.0000000,
0.4330709 0.7283465 0.0118110,
0.5255906 0.7283465 0.0118110,
0.5255906 0.7283465 0.1102362,
-0.5255906 0.7283465 0.1102362,
-0.5255906 0.7283465 0.0118110,
0.6043307 0.6496063 0.1102362,
0.6041975 0.6541846 0.1102362,
0.6037983 0.6587475 0.1102362,
0.6031345 0.6632794 0.1102362,
0.6022083 0.6677650 0.1102362,
0.6010228 0.6721892 0.1102362,
0.5995821 0.6765370 0.1102362,
0.5978910 0.6807937 0.1102362,
0.5959553 0.6849448 0.1102362,
0.5937815 0.6889764 0.1102362,
0.5913770 0.6928747 0.1102362,
0.5887499 0.6966267 0.1102362,
0.5859090 0.7002195 0.1102362,
0.5828641 0.7036411 0.1102362,
0.5796253 0.7068798 0.1102362,
0.5762037 0.7099248 0.1102362,
0.5726109 0.7127656 0.1102362,
0.5688590 0.7153927 0.1102362,
0.5649606 0.7177973 0.1102362,
0.5609291 0.7199711 0.1102362,
0.5567779 0.7219068 0.1102362,
0.5525213 0.7235978 0.1102362,
0.5481735 0.7250385 0.1102362,
0.5437493 0.7262240 0.1102362,
0.5392636 0.7271502 0.1102362,
0.5347317 0.7278140 0.1102362,
0.5301689 0.7282132 0.1102362,
0.5255906 0.7283465 0.1102362,
0.6043307 0.6496063 0.0118110,
0.5255906 0.7283465 0.0118110,
0.5301689 0.7282132 0.0118110,
0.5347317 0.7278140 0.0118110,
0.5392636 0.7271502 0.0118110,
0.5437493 0.7262240 0.0118110,
0.5481735 0.7250385 0.0118110,
0.5525213 0.7235978 0.0118110,
0.5567779 0.7219068 0.0118110,
0.5609291 0.7199711 0.0118110,
0.5649606 0.7177973 0.0118110,
0.5688590 0.7153927 0.0118110,
0.5726109 0.7127656 0.0118110,
0.5762037 0.7099248 0.0118110,
0.5796253 0.7068798 0.0118110,
0.5828641 0.7036411 0.0118110,
0.5859090 0.7002195 0.0118110,
0.5887499 0.6966267 0.0118110,
0.5913770 0.6928747 0.0118110,
0.5937815 0.6889764 0.0118110,
0.5959553 0.6849448 0.0118110,
0.5978910 0.6807937 0.0118110,
0.5995821 0.6765370 0.0118110,
0.6010228 0.6721892 0.0118110,
0.6022083 0.6677650 0.0118110,
0.6031345 0.6632794 0.0118110,
0.6037983 0.6587475 0.0118110,
0.6041975 0.6541846 0.0118110,
0.6043307 0.6496063 0.1102362,
0.6043307 0.4713919 0.1102362,
0.6043307 0.4713919 0.0118110,
0.6043307 0.6200787 0.0118110,
0.6043307 0.6496063 0.0118110,
-0.4330709 0.7283465 0.0118110,
-0.4330709 0.7283465 0.0000000,
-0.4330709 0.4330709 0.0118110,
-0.4330709 0.4330709 0.0000000,
-0.5118110 0.3543307 0.0118110,
-0.5118110 0.3543307 0.0000000,
-0.5072327 0.3544639 0.0000000,
-0.5026698 0.3548631 0.0000000,
-0.4981379 0.3555269 0.0000000,
-0.4936523 0.3564532 0.0000000,
-0.4892281 0.3576386 0.0000000,
-0.4848803 0.3590793 0.0000000,
-0.4806236 0.3607704 0.0000000,
-0.4764725 0.3627061 0.0000000,
-0.4724409 0.3648799 0.0000000,
-0.4685426 0.3672844 0.0000000,
-0.4647907 0.3699116 0.0000000,
-0.4611978 0.3727524 0.0000000,
-0.4577762 0.3757974 0.0000000,
-0.4545375 0.3790361 0.0000000,
-0.4514926 0.3824577 0.0000000,
-0.4486517 0.3860505 0.0000000,
-0.4460246 0.3898024 0.0000000,
-0.4436200 0.3937008 0.0000000,
-0.4414462 0.3977323 0.0000000,
-0.4395105 0.4018835 0.0000000,
-0.4378195 0.4061401 0.0000000,
-0.4363788 0.4104879 0.0000000,
-0.4351933 0.4149121 0.0000000,
-0.4342671 0.4193978 0.0000000,
-0.4336033 0.4239297 0.0000000,
-0.4332041 0.4284925 0.0000000,
-0.4330709 0.4330709 0.0000000,
-0.4330709 0.4330709 0.0118110,
-0.4332041 0.4284925 0.0118110,
-0.4336033 0.4239297 0.0118110,
-0.4342671 0.4193978 0.0118110,
-0.4351933 0.4149121 0.0118110,
-0.4363788 0.4104879 0.0118110,
-0.4378195 0.4061401 0.0118110,
-0.4395105 0.4018835 0.0118110,
-0.4414462 0.3977323 0.0118110,
-0.4436200 0.3937008 0.0118110,
-0.4460246 0.3898024 0.0118110,
-0.4486517 0.3860505 0.0118110,
-0.4514926 0.3824577 0.0118110,
-0.4545375 0.3790361 0.0118110,
-0.4577762 0.3757974 0.0118110,
-0.4611978 0.3727524 0.0118110,
-0.4647907 0.3699116 0.0118110,
-0.4685426 0.3672844 0.0118110,
-0.4724409 0.3648799 0.0118110,
-0.4764725 0.3627061 0.0118110,
-0.4806236 0.3607704 0.0118110,
-0.4848803 0.3590793 0.0118110,
-0.4892281 0.3576386 0.0118110,
-0.4936523 0.3564532 0.0118110,
-0.4981379 0.3555269 0.0118110,
-0.5026698 0.3548631 0.0118110,
-0.5072327 0.3544639 0.0118110,
-0.5118110 0.3543307 0.0000000,
-0.7128137 0.3543307 0.0000000,
-0.5118110 0.3543307 0.0118110,
-0.7128137 0.3543307 0.0118110,
-0.7128137 0.3543307 0.0000000,
-0.7154385 0.3503892 0.0000000,
-0.7178388 0.3463071 0.0000000,
-0.7200071 0.3420971 0.0000000,
-0.7219365 0.3377724 0.0000000,
-0.7236211 0.3333466 0.0000000,
-0.7250555 0.3288336 0.0000000,
-0.7262353 0.3242474 0.0000000,
-0.7271568 0.3196023 0.0000000,
-0.7278170 0.3149131 0.0000000,
-0.7282140 0.3101942 0.0000000,
-0.7283465 0.3054605 0.0000000,
-0.7283465 0.3054605 0.1102362,
-0.6860236 0.3787658 0.1102362,
-0.6902143 0.3761809 0.1102362,
-0.6942477 0.3733568 0.1102362,
-0.6981100 0.3703029 0.1102362,
-0.7017882 0.3670295 0.1102362,
-0.7052698 0.3635479 0.1102362,
-0.7085431 0.3598697 0.1102362,
-0.7115970 0.3560074 0.1102362,
-0.7144212 0.3519741 0.1102362,
-0.7170061 0.3477833 0.1102362,
-0.7193429 0.3434494 0.1102362,
-0.7214238 0.3389869 0.1102362,
-0.7232417 0.3344110 0.1102362,
-0.7247905 0.3297372 0.1102362,
-0.7260648 0.3249811 0.1102362,
-0.7270605 0.3201591 0.1102362,
-0.7277741 0.3152873 0.1102362,
-0.7282032 0.3103822 0.1102362,
-0.6860236 0.3787658 0.0118110,
-0.7128137 0.3543307 0.0118110,
-0.7100771 0.3579874 0.0118110,
-0.7071472 0.3614912 0.0118110,
-0.7040327 0.3648318 0.0118110,
-0.7007424 0.3679996 0.0118110,
-0.6972861 0.3709853 0.0118110,
-0.6936738 0.3737802 0.0118110,
-0.6899160 0.3763763 0.0118110,
-0.6860236 0.3787658 0.0118110,
-0.6437008 0.4032009 0.0118110,
-0.6860236 0.3787658 0.1102362,
-0.6437008 0.4032009 0.1102362,
-0.6437008 0.4032009 0.1102362,
-0.6437008 0.4032009 0.0118110,
-0.6397842 0.4056175 0.0118110,
-0.6360154 0.4082587 0.0118110,
-0.6324074 0.4111156 0.0118110,
-0.6289725 0.4141785 0.0118110,
-0.6257224 0.4174367 0.0118110,
-0.6226681 0.4208793 0.0118110,
-0.6198202 0.4244944 0.0118110,
-0.6171884 0.4282698 0.0118110,
-0.6147817 0.4321924 0.0118110,
-0.6126082 0.4362490 0.0118110,
-0.6106754 0.4404256 0.0118110,
-0.6089900 0.4447080 0.0118110,
-0.6075576 0.4490815 0.0118110,
-0.6063831 0.4535313 0.0118110,
-0.6054706 0.4580421 0.0118110,
-0.6048233 0.4625984 0.0118110,
-0.6045497 0.4655228 0.0118110,
-0.6043855 0.4684553 0.0118110,
-0.6043307 0.4713919 0.0118110,
-0.6043307 0.4713919 0.1102362,
-0.6044639 0.4668136 0.1102362,
-0.6048631 0.4622507 0.1102362,
-0.6055269 0.4577188 0.1102362,
-0.6064532 0.4532332 0.1102362,
-0.6076386 0.4488090 0.1102362,
-0.6090793 0.4444612 0.1102362,
-0.6107704 0.4402045 0.1102362,
-0.6127061 0.4360534 0.1102362,
-0.6148799 0.4320218 0.1102362,
-0.6172844 0.4281235 0.1102362,
-0.6199116 0.4243715 0.1102362,
-0.6227524 0.4207787 0.1102362,
-0.6257974 0.4173571 0.1102362,
-0.6290361 0.4141184 0.1102362,
-0.6324577 0.4110734 0.1102362,
-0.6360505 0.4082326 0.1102362,
-0.6398024 0.4056054 0.1102362,
0.6860236 -0.3787658 0.1102362,
0.6902143 -0.3761809 0.1102362,
0.6942477 -0.3733568 0.1102362,
0.6981100 -0.3703029 0.1102362,
0.7017882 -0.3670295 0.1102362,
0.7052698 -0.3635479 0.1102362,
0.7085431 -0.3598697 0.1102362,
0.7115970 -0.3560074 0.1102362,
0.7144212 -0.3519741 0.1102362,
0.7170061 -0.3477833 0.1102362,
0.7193429 -0.3434494 0.1102362,
0.7214238 -0.3389869 0.1102362,
0.7232417 -0.3344110 0.1102362,
0.7247905 -0.3297372 0.1102362,
0.7260648 -0.3249811 0.1102362,
0.7270605 -0.3201591 0.1102362,
0.7277741 -0.3152873 0.1102362,
0.7282032 -0.3103822 0.1102362,
0.7283465 -0.3054605 0.1102362,
0.6437008 -0.4032009 0.1102362,
0.6043307 -0.4713919 0.1102362,
0.6044639 -0.4668136 0.1102362,
0.6048631 -0.4622507 0.1102362,
0.6055269 -0.4577188 0.1102362,
0.6064532 -0.4532332 0.1102362,
0.6076386 -0.4488090 0.1102362,
0.6090793 -0.4444612 0.1102362,
0.6107704 -0.4402045 0.1102362,
0.6127061 -0.4360534 0.1102362,
0.6148799 -0.4320218 0.1102362,
0.6172844 -0.4281235 0.1102362,
0.6199116 -0.4243715 0.1102362,
0.6227524 -0.4207787 0.1102362,
0.6257974 -0.4173571 0.1102362,
0.6290361 -0.4141184 0.1102362,
0.6324577 -0.4110734 0.1102362,
0.6360505 -0.4082326 0.1102362,
0.6398024 -0.4056054 0.1102362,
0.6043307 -0.6496063 0.1102362,
0.5255906 -0.7283465 0.1102362,
0.5301689 -0.7282132 0.1102362,
0.5347317 -0.7278140 0.1102362,
0.5392636 -0.7271502 0.1102362,
0.5437493 -0.7262240 0.1102362,
0.5481735 -0.7250385 0.1102362,
0.5525213 -0.7235978 0.1102362,
0.5567779 -0.7219068 0.1102362,
0.5609291 -0.7199711 0.1102362,
0.5649606 -0.7177973 0.1102362,
0.5688590 -0.7153927 0.1102362,
0.5726109 -0.7127656 0.1102362,
0.5762037 -0.7099248 0.1102362,
0.5796253 -0.7068798 0.1102362,
0.5828641 -0.7036411 0.1102362,
0.5859090 -0.7002195 0.1102362,
0.5887499 -0.6966267 0.1102362,
0.5913770 -0.6928747 0.1102362,
0.5937815 -0.6889764 0.1102362,
0.5959553 -0.6849448 0.1102362,
0.5978910 -0.6807937 0.1102362,
0.5995821 -0.6765370 0.1102362,
0.6010228 -0.6721892 0.1102362,
0.6022083 -0.6677650 0.1102362,
0.6031345 -0.6632794 0.1102362,
0.6037983 -0.6587475 0.1102362,
0.6041975 -0.6541846 0.1102362,
-0.5255906 -0.7283465 0.1102362,
-0.6043307 -0.6496063 0.1102362,
-0.6041975 -0.6541846 0.1102362,
-0.6037983 -0.6587475 0.1102362,
-0.6031345 -0.6632794 0.1102362,
-0.6022083 -0.6677650 0.1102362,
-0.6010228 -0.6721892 0.1102362,
-0.5995821 -0.6765370 0.1102362,
-0.5978910 -0.6807937 0.1102362,
-0.5959553 -0.6849448 0.1102362,
-0.5937815 -0.6889764 0.1102362,
-0.5913770 -0.6928747 0.1102362,
-0.5887499 -0.6966267 0.1102362,
-0.5859090 -0.7002195 0.1102362,
-0.5828641 -0.7036411 0.1102362,
-0.5796253 -0.7068798 0.1102362,
-0.5762037 -0.7099248 0.1102362,
-0.5726109 -0.7127656 0.1102362,
-0.5688590 -0.7153927 0.1102362,
-0.5649606 -0.7177973 0.1102362,
-0.5609291 -0.7199711 0.1102362,
-0.5567779 -0.7219068 0.1102362,
-0.5525213 -0.7235978 0.1102362,
-0.5481735 -0.7250385 0.1102362,
-0.5437493 -0.7262240 0.1102362,
-0.5392636 -0.7271502 0.1102362,
-0.5347317 -0.7278140 0.1102362,
-0.5301689 -0.7282132 0.1102362,
-0.6043307 -0.4713919 0.1102362,
-0.6437008 -0.4032009 0.1102362,
-0.6398024 -0.4056054 0.1102362,
-0.6360505 -0.4082326 0.1102362,
-0.6324577 -0.4110734 0.1102362,
-0.6290361 -0.4141184 0.1102362,
-0.6257974 -0.4173571 0.1102362,
-0.6227524 -0.4207787 0.1102362,
-0.6199116 -0.4243715 0.1102362,
-0.6172844 -0.4281235 0.1102362,
-0.6148799 -0.4320218 0.1102362,
-0.6127061 -0.4360534 0.1102362,
-0.6107704 -0.4402045 0.1102362,
-0.6090793 -0.4444612 0.1102362,
-0.6076386 -0.4488090 0.1102362,
-0.6064532 -0.4532332 0.1102362,
-0.6055269 -0.4577188 0.1102362,
-0.6048631 -0.4622507 0.1102362,
-0.6044639 -0.4668136 0.1102362,
-0.6860236 -0.3787658 0.1102362,
-0.6902143 -0.3761809 0.1102362,
-0.6942477 -0.3733568 0.1102362,
-0.6981100 -0.3703029 0.1102362,
-0.7017882 -0.3670295 0.1102362,
-0.7052698 -0.3635479 0.1102362,
-0.7085431 -0.3598697 0.1102362,
-0.7115970 -0.3560074 0.1102362,
-0.7144212 -0.3519741 0.1102362,
-0.7170061 -0.3477833 0.1102362,
-0.7193429 -0.3434494 0.1102362,
-0.7214238 -0.3389869 0.1102362,
-0.7232417 -0.3344110 0.1102362,
-0.7247905 -0.3297372 0.1102362,
-0.7260648 -0.3249811 0.1102362,
-0.7270605 -0.3201591 0.1102362,
-0.7277741 -0.3152873 0.1102362,
-0.7282032 -0.3103822 0.1102362,
-0.7283465 -0.3054605 0.1102362,
-0.7283465 0.3054605 0.1102362,
-0.6860236 0.3787658 0.1102362,
-0.6902143 0.3761809 0.1102362,
-0.6942477 0.3733568 0.1102362,
-0.6981100 0.3703029 0.1102362,
-0.7017882 0.3670295 0.1102362,
-0.7052698 0.3635479 0.1102362,
-0.7085431 0.3598697 0.1102362,
-0.7115970 0.3560074 0.1102362,
-0.7144212 0.3519741 0.1102362,
-0.7170061 0.3477833 0.1102362,
-0.7193429 0.3434494 0.1102362,
-0.7214238 0.3389869 0.1102362,
-0.7232417 0.3344110 0.1102362,
-0.7247905 0.3297372 0.1102362,
-0.7260648 0.3249811 0.1102362,
-0.7270605 0.3201591 0.1102362,
-0.7277741 0.3152873 0.1102362,
-0.7282032 0.3103822 0.1102362,
-0.6437008 0.4032009 0.1102362,
-0.6043307 0.4713919 0.1102362,
-0.6044639 0.4668136 0.1102362,
-0.6048631 0.4622507 0.1102362,
-0.6055269 0.4577188 0.1102362,
-0.6064532 0.4532332 0.1102362,
-0.6076386 0.4488090 0.1102362,
-0.6090793 0.4444612 0.1102362,
-0.6107704 0.4402045 0.1102362,
-0.6127061 0.4360534 0.1102362,
-0.6148799 0.4320218 0.1102362,
-0.6172844 0.4281235 0.1102362,
-0.6199116 0.4243715 0.1102362,
-0.6227524 0.4207787 0.1102362,
-0.6257974 0.4173571 0.1102362,
-0.6290361 0.4141184 0.1102362,
-0.6324577 0.4110734 0.1102362,
-0.6360505 0.4082326 0.1102362,
-0.6398024 0.4056054 0.1102362,
-0.6043307 0.6496063 0.1102362,
-0.5255906 0.7283465 0.1102362,
-0.5301689 0.7282132 0.1102362,
-0.5347317 0.7278140 0.1102362,
-0.5392636 0.7271502 0.1102362,
-0.5437493 0.7262240 0.1102362,
-0.5481735 0.7250385 0.1102362,
-0.5525213 0.7235978 0.1102362,
-0.5567779 0.7219068 0.1102362,
-0.5609291 0.7199711 0.1102362,
-0.5649606 0.7177973 0.1102362,
-0.5688590 0.7153927 0.1102362,
-0.5726109 0.7127656 0.1102362,
-0.5762037 0.7099248 0.1102362,
-0.5796253 0.7068798 0.1102362,
-0.5828641 0.7036411 0.1102362,
-0.5859090 0.7002195 0.1102362,
-0.5887499 0.6966267 0.1102362,
-0.5913770 0.6928747 0.1102362,
-0.5937815 0.6889764 0.1102362,
-0.5959553 0.6849448 0.1102362,
-0.5978910 0.6807937 0.1102362,
-0.5995821 0.6765370 0.1102362,
-0.6010228 0.6721892 0.1102362,
-0.6022083 0.6677650 0.1102362,
-0.6031345 0.6632794 0.1102362,
-0.6037983 0.6587475 0.1102362,
-0.6041975 0.6541846 0.1102362,
0.5255906 0.7283465 0.1102362,
0.6043307 0.6496063 0.1102362,
0.6041975 0.6541846 0.1102362,
0.6037983 0.6587475 0.1102362,
0.6031345 0.6632794 0.1102362,
0.6022083 0.6677650 0.1102362,
0.6010228 0.6721892 0.1102362,
0.5995821 0.6765370 0.1102362,
0.5978910 0.6807937 0.1102362,
0.5959553 0.6849448 0.1102362,
0.5937815 0.6889764 0.1102362,
0.5913770 0.6928747 0.1102362,
0.5887499 0.6966267 0.1102362,
0.5859090 0.7002195 0.1102362,
0.5828641 0.7036411 0.1102362,
0.5796253 0.7068798 0.1102362,
0.5762037 0.7099248 0.1102362,
0.5726109 0.7127656 0.1102362,
0.5688590 0.7153927 0.1102362,
0.5649606 0.7177973 0.1102362,
0.5609291 0.7199711 0.1102362,
0.5567779 0.7219068 0.1102362,
0.5525213 0.7235978 0.1102362,
0.5481735 0.7250385 0.1102362,
0.5437493 0.7262240 0.1102362,
0.5392636 0.7271502 0.1102362,
0.5347317 0.7278140 0.1102362,
0.5301689 0.7282132 0.1102362,
0.6043307 0.4713919 0.1102362,
0.6437008 0.4032009 0.1102362,
0.6398024 0.4056054 0.1102362,
0.6360505 0.4082326 0.1102362,
0.6324577 0.4110734 0.1102362,
0.6290361 0.4141184 0.1102362,
0.6257974 0.4173571 0.1102362,
0.6227524 0.4207787 0.1102362,
0.6199116 0.4243715 0.1102362,
0.6172844 0.4281235 0.1102362,
0.6148799 0.4320218 0.1102362,
0.6127061 0.4360534 0.1102362,
0.6107704 0.4402045 0.1102362,
0.6090793 0.4444612 0.1102362,
0.6076386 0.4488090 0.1102362,
0.6064532 0.4532332 0.1102362,
0.6055269 0.4577188 0.1102362,
0.6048631 0.4622507 0.1102362,
0.6044639 0.4668136 0.1102362,
0.6860236 0.3787658 0.1102362,
0.6902143 0.3761809 0.1102362,
0.6942477 0.3733568 0.1102362,
0.6981100 0.3703029 0.1102362,
0.7017882 0.3670295 0.1102362,
0.7052698 0.3635479 0.1102362,
0.7085431 0.3598697 0.1102362,
0.7115970 0.3560074 0.1102362,
0.7144212 0.3519741 0.1102362,
0.7170061 0.3477833 0.1102362,
0.7193429 0.3434494 0.1102362,
0.7214238 0.3389869 0.1102362,
0.7232417 0.3344110 0.1102362,
0.7247905 0.3297372 0.1102362,
0.7260648 0.3249811 0.1102362,
0.7270605 0.3201591 0.1102362,
0.7277741 0.3152873 0.1102362,
0.7282032 0.3103822 0.1102362,
0.7283465 0.3054605 0.1102362,
-0.5412491 0.2362205 0.1102362,
-0.5262578 0.2679616 0.1102362,
-0.5094071 0.2987559 0.1102362,
-0.4907565 0.3284947 0.1102362,
-0.4703719 0.3570727 0.1102362,
-0.4483254 0.3843892 0.1102362,
-0.4246948 0.4103474 0.1102362,
-0.3995636 0.4348558 0.1102362,
-0.3730207 0.4578277 0.1102362,
-0.3451598 0.4791820 0.1102362,
-0.3160793 0.4988432 0.1102362,
-0.2858820 0.5167419 0.1102362,
-0.2546746 0.5328147 0.1102362,
-0.2225674 0.5470050 0.1102362,
-0.1896738 0.5592625 0.1102362,
-0.1561100 0.5695440 0.1102362,
-0.1219946 0.5778131 0.1102362,
-0.0874482 0.5840407 0.1102362,
-0.0525928 0.5882046 0.1102362,
-0.0175516 0.5902903 0.1102362,
0.0175516 0.5902903 0.1102362,
0.0525928 0.5882046 0.1102362,
0.0874482 0.5840407 0.1102362,
0.1219946 0.5778131 0.1102362,
0.1561100 0.5695440 0.1102362,
0.1896738 0.5592625 0.1102362,
0.2225674 0.5470050 0.1102362,
0.2546746 0.5328147 0.1102362,
0.2858820 0.5167419 0.1102362,
0.3160793 0.4988432 0.1102362,
0.3451598 0.4791820 0.1102362,
0.3730207 0.4578277 0.1102362,
0.3995636 0.4348558 0.1102362,
0.4246948 0.4103474 0.1102362,
0.4483254 0.3843892 0.1102362,
0.4703719 0.3570727 0.1102362,
0.4907565 0.3284947 0.1102362,
0.5094071 0.2987559 0.1102362,
0.5262578 0.2679616 0.1102362,
0.5412491 0.2362205 0.1102362,
-0.6299213 0.2362205 0.1102362,
-0.6299213 -0.2362205 0.1102362,
-0.5412491 -0.2362205 0.1102362,
0.5412491 -0.2362205 0.1102362,
0.5262578 -0.2679616 0.1102362,
0.5094071 -0.2987559 0.1102362,
0.4907565 -0.3284947 0.1102362,
0.4703719 -0.3570727 0.1102362,
0.4483254 -0.3843892 0.1102362,
0.4246948 -0.4103474 0.1102362,
0.3995636 -0.4348558 0.1102362,
0.3730207 -0.4578277 0.1102362,
0.3451598 -0.4791820 0.1102362,
0.3160793 -0.4988432 0.1102362,
0.2858820 -0.5167419 0.1102362,
0.2546746 -0.5328147 0.1102362,
0.2225674 -0.5470050 0.1102362,
0.1896738 -0.5592625 0.1102362,
0.1561100 -0.5695440 0.1102362,
0.1219946 -0.5778131 0.1102362,
0.0874482 -0.5840407 0.1102362,
0.0525928 -0.5882046 0.1102362,
0.0175516 -0.5902903 0.1102362,
-0.0175516 -0.5902903 0.1102362,
-0.0525928 -0.5882046 0.1102362,
-0.0874482 -0.5840407 0.1102362,
-0.1219946 -0.5778131 0.1102362,
-0.1561100 -0.5695440 0.1102362,
-0.1896738 -0.5592625 0.1102362,
-0.2225674 -0.5470050 0.1102362,
-0.2546746 -0.5328147 0.1102362,
-0.2858820 -0.5167419 0.1102362,
-0.3160793 -0.4988432 0.1102362,
-0.3451598 -0.4791820 0.1102362,
-0.3730207 -0.4578277 0.1102362,
-0.3995636 -0.4348558 0.1102362,
-0.4246948 -0.4103474 0.1102362,
-0.4483254 -0.3843892 0.1102362,
-0.4703719 -0.3570727 0.1102362,
-0.4907565 -0.3284947 0.1102362,
-0.5094071 -0.2987559 0.1102362,
-0.5262578 -0.2679616 0.1102362,
0.6299213 -0.2362205 0.1102362,
0.6299213 0.2362205 0.1102362,
0.7283465 -0.3054605 0.0000000,
0.7283465 -0.3054605 0.1102362,
0.7283465 0.3054605 0.1102362,
0.7283465 0.3054605 0.0000000,
0.4330709 0.4330709 0.0000000,
0.4332041 0.4284925 0.0000000,
0.4336033 0.4239297 0.0000000,
0.4342671 0.4193978 0.0000000,
0.4351933 0.4149121 0.0000000,
0.4363788 0.4104879 0.0000000,
0.4378195 0.4061401 0.0000000,
0.4395105 0.4018835 0.0000000,
0.4414462 0.3977323 0.0000000,
0.4436200 0.3937008 0.0000000,
0.4460246 0.3898024 0.0000000,
0.4486517 0.3860505 0.0000000,
0.4514926 0.3824577 0.0000000,
0.4545375 0.3790361 0.0000000,
0.4577762 0.3757974 0.0000000,
0.4611978 0.3727524 0.0000000,
0.4647907 0.3699116 0.0000000,
0.4685426 0.3672844 0.0000000,
0.4724409 0.3648799 0.0000000,
0.4764725 0.3627061 0.0000000,
0.4806236 0.3607704 0.0000000,
0.4848803 0.3590793 0.0000000,
0.4892281 0.3576386 0.0000000,
0.4936523 0.3564532 0.0000000,
0.4981379 0.3555269 0.0000000,
0.5026698 0.3548631 0.0000000,
0.5072327 0.3544639 0.0000000,
0.5118110 0.3543307 0.0000000,
0.4330709 0.7283465 0.0000000,
-0.4330709 0.7283465 0.0000000,
-0.4330709 0.4330709 0.0000000,
-0.5118110 0.3543307 0.0000000,
-0.5072327 0.3544639 0.0000000,
-0.5026698 0.3548631 0.0000000,
-0.4981379 0.3555269 0.0000000,
-0.4936523 0.3564532 0.0000000,
-0.4892281 0.3576386 0.0000000,
-0.4848803 0.3590793 0.0000000,
-0.4806236 0.3607704 0.0000000,
-0.4764725 0.3627061 0.0000000,
-0.4724409 0.3648799 0.0000000,
-0.4685426 0.3672844 0.0000000,
-0.4647907 0.3699116 0.0000000,
-0.4611978 0.3727524 0.0000000,
-0.4577762 0.3757974 0.0000000,
-0.4545375 0.3790361 0.0000000,
-0.4514926 0.3824577 0.0000000,
-0.4486517 0.3860505 0.0000000,
-0.4460246 0.3898024 0.0000000,
-0.4436200 0.3937008 0.0000000,
-0.4414462 0.3977323 0.0000000,
-0.4395105 0.4018835 0.0000000,
-0.4378195 0.4061401 0.0000000,
-0.4363788 0.4104879 0.0000000,
-0.4351933 0.4149121 0.0000000,
-0.4342671 0.4193978 0.0000000,
-0.4336033 0.4239297 0.0000000,
-0.4332041 0.4284925 0.0000000,
-0.7128137 0.3543307 0.0000000,
-0.7154385 0.3503892 0.0000000,
-0.7178388 0.3463071 0.0000000,
-0.7200071 0.3420971 0.0000000,
-0.7219365 0.3377724 0.0000000,
-0.7236211 0.3333466 0.0000000,
-0.7250555 0.3288336 0.0000000,
-0.7262353 0.3242474 0.0000000,
-0.7271568 0.3196023 0.0000000,
-0.7278170 0.3149131 0.0000000,
-0.7282140 0.3101942 0.0000000,
-0.7283465 0.3054605 0.0000000,
-0.7283465 -0.3054605 0.0000000,
-0.7128137 -0.3543307 0.0000000,
-0.7154385 -0.3503892 0.0000000,
-0.7178388 -0.3463071 0.0000000,
-0.7200071 -0.3420971 0.0000000,
-0.7219365 -0.3377724 0.0000000,
-0.7236211 -0.3333466 0.0000000,
-0.7250555 -0.3288336 0.0000000,
-0.7262353 -0.3242474 0.0000000,
-0.7271568 -0.3196023 0.0000000,
-0.7278170 -0.3149131 0.0000000,
-0.7282140 -0.3101942 0.0000000,
-0.5118110 -0.3543307 0.0000000,
-0.4330709 -0.4330709 0.0000000,
-0.4332041 -0.4284925 0.0000000,
-0.4336033 -0.4239297 0.0000000,
-0.4342671 -0.4193978 0.0000000,
-0.4351933 -0.4149121 0.0000000,
-0.4363788 -0.4104879 0.0000000,
-0.4378195 -0.4061401 0.0000000,
-0.4395105 -0.4018835 0.0000000,
-0.4414462 -0.3977323 0.0000000,
-0.4436200 -0.3937008 0.0000000,
-0.4460246 -0.3898024 0.0000000,
-0.4486517 -0.3860505 0.0000000,
-0.4514926 -0.3824577 0.0000000,
-0.4545375 -0.3790361 0.0000000,
-0.4577762 -0.3757974 0.0000000,
-0.4611978 -0.3727524 0.0000000,
-0.4647907 -0.3699116 0.0000000,
-0.4685426 -0.3672844 0.0000000,
-0.4724409 -0.3648799 0.0000000,
-0.4764725 -0.3627061 0.0000000,
-0.4806236 -0.3607704 0.0000000,
-0.4848803 -0.3590793 0.0000000,
-0.4892281 -0.3576386 0.0000000,
-0.4936523 -0.3564532 0.0000000,
-0.4981379 -0.3555269 0.0000000,
-0.5026698 -0.3548631 0.0000000,
-0.5072327 -0.3544639 0.0000000,
-0.4330709 -0.7283465 0.0000000,
0.4330709 -0.7283465 0.0000000,
0.4330709 -0.4330709 0.0000000,
0.5118110 -0.3543307 0.0000000,
0.5072327 -0.3544639 0.0000000,
0.5026698 -0.3548631 0.0000000,
0.4981379 -0.3555269 0.0000000,
0.4936523 -0.3564532 0.0000000,
0.4892281 -0.3576386 0.0000000,
0.4848803 -0.3590793 0.0000000,
0.4806236 -0.3607704 0.0000000,
0.4764725 -0.3627061 0.0000000,
0.4724409 -0.3648799 0.0000000,
0.4685426 -0.3672844 0.0000000,
0.4647907 -0.3699116 0.0000000,
0.4611978 -0.3727524 0.0000000,
0.4577762 -0.3757974 0.0000000,
0.4545375 -0.3790361 0.0000000,
0.4514926 -0.3824577 0.0000000,
0.4486517 -0.3860505 0.0000000,
0.4460246 -0.3898024 0.0000000,
0.4436200 -0.3937008 0.0000000,
0.4414462 -0.3977323 0.0000000,
0.4395105 -0.4018835 0.0000000,
0.4378195 -0.4061401 0.0000000,
0.4363788 -0.4104879 0.0000000,
0.4351933 -0.4149121 0.0000000,
0.4342671 -0.4193978 0.0000000,
0.4336033 -0.4239297 0.0000000,
0.4332041 -0.4284925 0.0000000,
0.7128137 -0.3543307 0.0000000,
0.7154385 -0.3503892 0.0000000,
0.7178388 -0.3463071 0.0000000,
0.7200071 -0.3420971 0.0000000,
0.7219365 -0.3377724 0.0000000,
0.7236211 -0.3333466 0.0000000,
0.7250555 -0.3288336 0.0000000,
0.7262353 -0.3242474 0.0000000,
0.7271568 -0.3196023 0.0000000,
0.7278170 -0.3149131 0.0000000,
0.7282140 -0.3101942 0.0000000,
0.7283465 -0.3054605 0.0000000,
0.7283465 0.3054605 0.0000000,
0.7128137 0.3543307 0.0000000,
0.7154385 0.3503892 0.0000000,
0.7178388 0.3463071 0.0000000,
0.7200071 0.3420971 0.0000000,
0.7219365 0.3377724 0.0000000,
0.7236211 0.3333466 0.0000000,
0.7250555 0.3288336 0.0000000,
0.7262353 0.3242474 0.0000000,
0.7271568 0.3196023 0.0000000,
0.7278170 0.3149131 0.0000000,
0.7282140 0.3101942 0.0000000,
-0.1585231 -0.0787402 0.0000000,
-0.1561688 -0.0786697 0.0000000,
-0.1538228 -0.0784586 0.0000000,
-0.1514937 -0.0781075 0.0000000,
-0.1491898 -0.0776178 0.0000000,
-0.1469192 -0.0769913 0.0000000,
-0.1446902 -0.0762300 0.0000000,
-0.1425107 -0.0753368 0.0000000,
-0.1403885 -0.0743149 0.0000000,
-0.1383313 -0.0731679 0.0000000,
-0.1363463 -0.0718999 0.0000000,
-0.1344407 -0.0705155 0.0000000,
-0.1326212 -0.0690196 0.0000000,
-0.1308945 -0.0674176 0.0000000,
-0.1292667 -0.0657152 0.0000000,
-0.1277436 -0.0639185 0.0000000,
-0.1263307 -0.0620339 0.0000000,
-0.1250330 -0.0600683 0.0000000,
-0.1238552 -0.0580285 0.0000000,
-0.1228014 -0.0559219 0.0000000,
-0.1218755 -0.0537561 0.0000000,
-0.1210808 -0.0515388 0.0000000,
-0.2165354 -0.0787402 0.0000000,
-0.2559055 -0.0393701 0.0000000,
-0.2558389 -0.0416592 0.0000000,
-0.2556393 -0.0439407 0.0000000,
-0.2553074 -0.0462066 0.0000000,
-0.2548443 -0.0484494 0.0000000,
-0.2542516 -0.0506615 0.0000000,
-0.2535312 -0.0528354 0.0000000,
-0.2526857 -0.0549638 0.0000000,
-0.2517178 -0.0570393 0.0000000,
-0.2506309 -0.0590551 0.0000000,
-0.2494287 -0.0610043 0.0000000,
-0.2481151 -0.0628803 0.0000000,
-0.2466947 -0.0646767 0.0000000,
-0.2451722 -0.0663875 0.0000000,
-0.2435528 -0.0680068 0.0000000,
-0.2418420 -0.0695293 0.0000000,
-0.2400456 -0.0709497 0.0000000,
-0.2381696 -0.0722633 0.0000000,
-0.2362205 -0.0734656 0.0000000,
-0.2342047 -0.0745525 0.0000000,
-0.2321291 -0.0755203 0.0000000,
-0.2300008 -0.0763659 0.0000000,
-0.2278269 -0.0770862 0.0000000,
-0.2256148 -0.0776789 0.0000000,
-0.2233720 -0.0781420 0.0000000,
-0.2211060 -0.0784740 0.0000000,
-0.2188246 -0.0786735 0.0000000,
-0.2559055 0.0393701 0.0000000,
-0.2165354 0.0787402 0.0000000,
-0.2188246 0.0786735 0.0000000,
-0.2211060 0.0784740 0.0000000,
-0.2233720 0.0781420 0.0000000,
-0.2256148 0.0776789 0.0000000,
-0.2278269 0.0770862 0.0000000,
-0.2300008 0.0763659 0.0000000,
-0.2321291 0.0755203 0.0000000,
-0.2342047 0.0745525 0.0000000,
-0.2362205 0.0734656 0.0000000,
-0.2381696 0.0722633 0.0000000,
-0.2400456 0.0709497 0.0000000,
-0.2418420 0.0695293 0.0000000,
-0.2435528 0.0680068 0.0000000,
-0.2451722 0.0663875 0.0000000,
-0.2466947 0.0646767 0.0000000,
-0.2481151 0.0628803 0.0000000,
-0.2494287 0.0610043 0.0000000,
-0.2506309 0.0590551 0.0000000,
-0.2517178 0.0570393 0.0000000,
-0.2526857 0.0549638 0.0000000,
-0.2535312 0.0528354 0.0000000,
-0.2542516 0.0506615 0.0000000,
-0.2548443 0.0484494 0.0000000,
-0.2553074 0.0462066 0.0000000,
-0.2556393 0.0439407 0.0000000,
-0.2558389 0.0416592 0.0000000,
-0.1329326 0.0787402 0.0000000,
-0.0935625 0.0393701 0.0000000,
-0.0936291 0.0416592 0.0000000,
-0.0938287 0.0439407 0.0000000,
-0.0941606 0.0462066 0.0000000,
-0.0946237 0.0484494 0.0000000,
-0.0952164 0.0506615 0.0000000,
-0.0959368 0.0528354 0.0000000,
-0.0967823 0.0549638 0.0000000,
-0.0977502 0.0570393 0.0000000,
-0.0988371 0.0590551 0.0000000,
-0.1000393 0.0610043 0.0000000,
-0.1013529 0.0628803 0.0000000,
-0.1027733 0.0646767 0.0000000,
-0.1042958 0.0663875 0.0000000,
-0.1059152 0.0680068 0.0000000,
-0.1076260 0.0695293 0.0000000,
-0.1094224 0.0709497 0.0000000,
-0.1112983 0.0722633 0.0000000,
-0.1132475 0.0734656 0.0000000,
-0.1152633 0.0745525 0.0000000,
-0.1173389 0.0755203 0.0000000,
-0.1194672 0.0763659 0.0000000,
-0.1216411 0.0770862 0.0000000,
-0.1238532 0.0776789 0.0000000,
-0.1260960 0.0781420 0.0000000,
-0.1283620 0.0784740 0.0000000,
-0.1306434 0.0786735 0.0000000,
-0.0954903 0.0272013 0.0000000,
-0.0949046 0.0291781 0.0000000,
-0.0944232 0.0311827 0.0000000,
-0.0940474 0.0332098 0.0000000,
-0.0937783 0.0352538 0.0000000,
-0.0936165 0.0373091 0.0000000,
0.6692913 -0.0000000 0.0000000,
0.6691530 -0.0046646 0.0000000,
0.6687387 -0.0093128 0.0000000,
0.6680497 -0.0139284 0.0000000,
0.6670884 -0.0184950 0.0000000,
0.6658583 -0.0229966 0.0000000,
0.6643638 -0.0274175 0.0000000,
0.6626099 -0.0317420 0.0000000,
0.6606029 -0.0359551 0.0000000,
0.6583499 -0.0400418 0.0000000,
0.6558587 -0.0439879 0.0000000,
0.6531381 -0.0477795 0.0000000,
0.6501977 -0.0514033 0.0000000,
0.6470478 -0.0548465 0.0000000,
0.6436994 -0.0580971 0.0000000,
0.6401644 -0.0611436 0.0000000,
0.6364551 -0.0639753 0.0000000,
0.6325845 -0.0665824 0.0000000,
0.6285663 -0.0689555 0.0000000,
0.6244146 -0.0710864 0.0000000,
0.6201439 -0.0729677 0.0000000,
0.6157693 -0.0745926 0.0000000,
0.6113061 -0.0759556 0.0000000,
0.6067700 -0.0770517 0.0000000,
0.6021769 -0.0778772 0.0000000,
0.5975430 -0.0784291 0.0000000,
0.5928845 -0.0787056 0.0000000,
0.5882178 -0.0787056 0.0000000,
0.5835594 -0.0784291 0.0000000,
0.5789255 -0.0778772 0.0000000,
0.5743324 -0.0770517 0.0000000,
0.5697963 -0.0759556 0.0000000,
0.5653331 -0.0745926 0.0000000,
0.5609585 -0.0729677 0.0000000,
0.5566878 -0.0710864 0.0000000,
0.5525360 -0.0689555 0.0000000,
0.5485178 -0.0665824 0.0000000,
0.5446473 -0.0639753 0.0000000,
0.5409380 -0.0611436 0.0000000,
0.5374029 -0.0580971 0.0000000,
0.5340545 -0.0548465 0.0000000,
0.5309046 -0.0514033 0.0000000,
0.5279642 -0.0477795 0.0000000,
0.5252436 -0.0439879 0.0000000,
0.5227525 -0.0400418 0.0000000,
0.5204994 -0.0359551 0.0000000,
0.5184925 -0.0317420 0.0000000,
0.5167386 -0.0274175 0.0000000,
0.5152440 -0.0229966 0.0000000,
0.5140139 -0.0184950 0.0000000,
0.5130527 -0.0139284 0.0000000,
0.5123637 -0.0093128 0.0000000,
0.5119493 -0.0046646 0.0000000,
0.5118110 -0.0000000 0.0000000,
0.5119493 0.0046646 0.0000000,
0.5123637 0.0093128 0.0000000,
0.5130527 0.0139284 0.0000000,
0.5140139 0.0184950 0.0000000,
0.5152440 0.0229966 0.0000000,
0.5167386 0.0274175 0.0000000,
0.5184925 0.0317420 0.0000000,
0.5204994 0.0359551 0.0000000,
0.5227525 0.0400418 0.0000000,
0.5252436 0.0439879 0.0000000,
0.5279642 0.0477795 0.0000000,
0.5309046 0.0514033 0.0000000,
0.5340545 0.0548465 0.0000000,
0.5374029 0.0580971 0.0000000,
0.5409380 0.0611436 0.0000000,
0.5446473 0.0639753 0.0000000,
0.5485178 0.0665824 0.0000000,
0.5525360 0.0689555 0.0000000,
0.5566878 0.0710864 0.0000000,
0.5609585 0.0729677 0.0000000,
0.5653331 0.0745926 0.0000000,
0.5697963 0.0759556 0.0000000,
0.5743324 0.0770517 0.0000000,
0.5789255 0.0778772 0.0000000,
0.5835594 0.0784291 0.0000000,
0.5882178 0.0787056 0.0000000,
0.5928845 0.0787056 0.0000000,
0.5975430 0.0784291 0.0000000,
0.6021769 0.0778772 0.0000000,
0.6067700 0.0770517 0.0000000,
0.6113061 0.0759556 0.0000000,
0.6157693 0.0745926 0.0000000,
0.6201439 0.0729677 0.0000000,
0.6244146 0.0710864 0.0000000,
0.6285663 0.0689555 0.0000000,
0.6325845 0.0665824 0.0000000,
0.6364551 0.0639753 0.0000000,
0.6401644 0.0611436 0.0000000,
0.6436994 0.0580971 0.0000000,
0.6470478 0.0548465 0.0000000,
0.6501977 0.0514033 0.0000000,
0.6531381 0.0477795 0.0000000,
0.6558587 0.0439879 0.0000000,
0.6583499 0.0400418 0.0000000,
0.6606029 0.0359551 0.0000000,
0.6626099 0.0317420 0.0000000,
0.6643638 0.0274175 0.0000000,
0.6658583 0.0229966 0.0000000,
0.6670884 0.0184950 0.0000000,
0.6680497 0.0139284 0.0000000,
0.6687387 0.0093128 0.0000000,
0.6691530 0.0046646 0.0000000,
0.2559055 0.0393701 0.0000000,
0.2558389 0.0416592 0.0000000,
0.2556393 0.0439407 0.0000000,
0.2553074 0.0462066 0.0000000,
0.2548443 0.0484494 0.0000000,
0.2542516 0.0506615 0.0000000,
0.2535312 0.0528354 0.0000000,
0.2526857 0.0549638 0.0000000,
0.2517178 0.0570393 0.0000000,
0.2506309 0.0590551 0.0000000,
0.2494287 0.0610043 0.0000000,
0.2481151 0.0628803 0.0000000,
0.2466947 0.0646767 0.0000000,
0.2451722 0.0663875 0.0000000,
0.2435528 0.0680068 0.0000000,
0.2418420 0.0695293 0.0000000,
0.2400456 0.0709497 0.0000000,
0.2381696 0.0722633 0.0000000,
0.2362205 0.0734656 0.0000000,
0.2342047 0.0745525 0.0000000,
0.2321291 0.0755203 0.0000000,
0.2300008 0.0763659 0.0000000,
0.2278269 0.0770862 0.0000000,
0.2256148 0.0776789 0.0000000,
0.2233720 0.0781420 0.0000000,
0.2211060 0.0784740 0.0000000,
0.2188246 0.0786735 0.0000000,
0.2165354 0.0787402 0.0000000,
0.2559055 -0.0393701 0.0000000,
0.2165354 -0.0787402 0.0000000,
0.2188246 -0.0786735 0.0000000,
0.2211060 -0.0784740 0.0000000,
0.2233720 -0.0781420 0.0000000,
0.2256148 -0.0776789 0.0000000,
0.2278269 -0.0770862 0.0000000,
0.2300008 -0.0763659 0.0000000,
0.2321291 -0.0755203 0.0000000,
0.2342047 -0.0745525 0.0000000,
0.2362205 -0.0734656 0.0000000,
0.2381696 -0.0722633 0.0000000,
0.2400456 -0.0709497 0.0000000,
0.2418420 -0.0695293 0.0000000,
0.2435528 -0.0680068 0.0000000,
0.2451722 -0.0663875 0.0000000,
0.2466947 -0.0646767 0.0000000,
0.2481151 -0.0628803 0.0000000,
0.2494287 -0.0610043 0.0000000,
0.2506309 -0.0590551 0.0000000,
0.2517178 -0.0570393 0.0000000,
0.2526857 -0.0549638 0.0000000,
0.2535312 -0.0528354 0.0000000,
0.2542516 -0.0506615 0.0000000,
0.2548443 -0.0484494 0.0000000,
0.2553074 -0.0462066 0.0000000,
0.2556393 -0.0439407 0.0000000,
0.2558389 -0.0416592 0.0000000,
0.1585231 -0.0787402 0.0000000,
0.1210808 -0.0515388 0.0000000,
0.1218755 -0.0537561 0.0000000,
0.1228014 -0.0559219 0.0000000,
0.1238552 -0.0580285 0.0000000,
0.1250330 -0.0600683 0.0000000,
0.1263307 -0.0620339 0.0000000,
0.1277436 -0.0639185 0.0000000,
0.1292667 -0.0657152 0.0000000,
0.1308945 -0.0674176 0.0000000,
0.1326212 -0.0690196 0.0000000,
0.1344407 -0.0705155 0.0000000,
0.1363463 -0.0718999 0.0000000,
0.1383313 -0.0731679 0.0000000,
0.1403885 -0.0743149 0.0000000,
0.1425107 -0.0753368 0.0000000,
0.1446902 -0.0762300 0.0000000,
0.1469192 -0.0769913 0.0000000,
0.1491898 -0.0776178 0.0000000,
0.1514937 -0.0781075 0.0000000,
0.1538228 -0.0784586 0.0000000,
0.1561688 -0.0786697 0.0000000,
0.0954903 0.0272013 0.0000000,
0.1329326 0.0787402 0.0000000,
0.1306147 0.0786719 0.0000000,
0.1283049 0.0784672 0.0000000,
0.1260112 0.0781270 0.0000000,
0.1237415 0.0776523 0.0000000,
0.1215036 0.0770448 0.0000000,
0.1193054 0.0763066 0.0000000,
0.1171545 0.0754402 0.0000000,
0.1150583 0.0744488 0.0000000,
0.1130241 0.0733356 0.0000000,
0.1110590 0.0721046 0.0000000,
0.1091697 0.0707601 0.0000000,
0.1073629 0.0693066 0.0000000,
0.1056448 0.0677493 0.0000000,
0.1040214 0.0660936 0.0000000,
0.1024982 0.0643452 0.0000000,
0.1010807 0.0625101 0.0000000,
0.0997736 0.0605947 0.0000000,
0.0985815 0.0586057 0.0000000,
0.0975087 0.0565500 0.0000000,
0.0965587 0.0544347 0.0000000,
0.0957349 0.0522671 0.0000000,
0.0950401 0.0500548 0.0000000,
0.0944768 0.0478054 0.0000000,
0.0940469 0.0455268 0.0000000,
0.0937518 0.0432268 0.0000000,
0.0935927 0.0409134 0.0000000,
0.0935701 0.0385947 0.0000000,
0.0936840 0.0362786 0.0000000,
0.0939341 0.0339733 0.0000000,
0.0943195 0.0316867 0.0000000,
0.0948388 0.0294268 0.0000000,
0.0787402 0.2952756 0.0000000,
0.0786019 0.2999402 0.0000000,
0.0781875 0.3045884 0.0000000,
0.0774985 0.3092040 0.0000000,
0.0765372 0.3137706 0.0000000,
0.0753072 0.3182722 0.0000000,
0.0738126 0.3226930 0.0000000,
0.0720587 0.3270176 0.0000000,
0.0700517 0.3312306 0.0000000,
0.0677987 0.3353174 0.0000000,
0.0653075 0.3392635 0.0000000,
0.0625870 0.3430551 0.0000000,
0.0596466 0.3466789 0.0000000,
0.0564966 0.3501221 0.0000000,
0.0531483 0.3533727 0.0000000,
0.0496132 0.3564192 0.0000000,
0.0459039 0.3592509 0.0000000,
0.0420333 0.3618580 0.0000000,
0.0380151 0.3642311 0.0000000,
0.0338634 0.3663620 0.0000000,
0.0295927 0.3682433 0.0000000,
0.0252181 0.3698682 0.0000000,
0.0207549 0.3712311 0.0000000,
0.0162188 0.3723273 0.0000000,
0.0116257 0.3731528 0.0000000,
0.0069918 0.3737047 0.0000000,
0.0023333 0.3739812 0.0000000,
-0.0023333 0.3739812 0.0000000,
-0.0069918 0.3737047 0.0000000,
-0.0116257 0.3731528 0.0000000,
-0.0162188 0.3723273 0.0000000,
-0.0207549 0.3712311 0.0000000,
-0.0252181 0.3698682 0.0000000,
-0.0295927 0.3682433 0.0000000,
-0.0338634 0.3663620 0.0000000,
-0.0380151 0.3642311 0.0000000,
-0.0420333 0.3618580 0.0000000,
-0.0459039 0.3592509 0.0000000,
-0.0496132 0.3564192 0.0000000,
-0.0531483 0.3533727 0.0000000,
-0.0564966 0.3501221 0.0000000,
-0.0596466 0.3466789 0.0000000,
-0.0625870 0.3430551 0.0000000,
-0.0653075 0.3392635 0.0000000,
-0.0677987 0.3353174 0.0000000,
-0.0700517 0.3312306 0.0000000,
-0.0720587 0.3270176 0.0000000,
-0.0738126 0.3226930 0.0000000,
-0.0753072 0.3182722 0.0000000,
-0.0765372 0.3137706 0.0000000,
-0.0774985 0.3092040 0.0000000,
-0.0781875 0.3045884 0.0000000,
-0.0786019 0.2999402 0.0000000,
-0.0787402 0.2952756 0.0000000,
-0.0786019 0.2906110 0.0000000,
-0.0781875 0.2859627 0.0000000,
-0.0774985 0.2813472 0.0000000,
-0.0765372 0.2767806 0.0000000,
-0.0753072 0.2722790 0.0000000,
-0.0738126 0.2678581 0.0000000,
-0.0720587 0.2635336 0.0000000,
-0.0700517 0.2593205 0.0000000,
-0.0677987 0.2552338 0.0000000,
-0.0653075 0.2512877 0.0000000,
-0.0625870 0.2474961 0.0000000,
-0.0596466 0.2438723 0.0000000,
-0.0564966 0.2404291 0.0000000,
-0.0531483 0.2371785 0.0000000,
-0.0496132 0.2341320 0.0000000,
-0.0459039 0.2313002 0.0000000,
-0.0420333 0.2286932 0.0000000,
-0.0380151 0.2263201 0.0000000,
-0.0338634 0.2241891 0.0000000,
-0.0295927 0.2223079 0.0000000,
-0.0252181 0.2206830 0.0000000,
-0.0207549 0.2193200 0.0000000,
-0.0162188 0.2182239 0.0000000,
-0.0116257 0.2173984 0.0000000,
-0.0069918 0.2168465 0.0000000,
-0.0023333 0.2165700 0.0000000,
0.0023333 0.2165700 0.0000000,
0.0069918 0.2168465 0.0000000,
0.0116257 0.2173984 0.0000000,
0.0162188 0.2182239 0.0000000,
0.0207549 0.2193200 0.0000000,
0.0252181 0.2206830 0.0000000,
0.0295927 0.2223079 0.0000000,
0.0338634 0.2241891 0.0000000,
0.0380151 0.2263201 0.0000000,
0.0420333 0.2286932 0.0000000,
0.0459039 0.2313002 0.0000000,
0.0496132 0.2341320 0.0000000,
0.0531483 0.2371785 0.0000000,
0.0564966 0.2404291 0.0000000,
0.0596466 0.2438723 0.0000000,
0.0625870 0.2474961 0.0000000,
0.0653075 0.2512877 0.0000000,
0.0677987 0.2552338 0.0000000,
0.0700517 0.2593205 0.0000000,
0.0720587 0.2635336 0.0000000,
0.0738126 0.2678581 0.0000000,
0.0753072 0.2722790 0.0000000,
0.0765372 0.2767806 0.0000000,
0.0774985 0.2813472 0.0000000,
0.0781875 0.2859627 0.0000000,
0.0786019 0.2906110 0.0000000,
0.0787402 0.4921260 0.0000000,
0.0786019 0.4967906 0.0000000,
0.0781875 0.5014388 0.0000000,
0.0774985 0.5060544 0.0000000,
0.0765372 0.5106209 0.0000000,
0.0753072 0.5151226 0.0000000,
0.0738126 0.5195434 0.0000000,
0.0720587 0.5238680 0.0000000,
0.0700517 0.5280810 0.0000000,
0.0677987 0.5321678 0.0000000,
0.0653075 0.5361139 0.0000000,
0.0625870 0.5399055 0.0000000,
0.0596466 0.5435293 0.0000000,
0.0564966 0.5469725 0.0000000,
0.0531483 0.5502231 0.0000000,
0.0496132 0.5532696 0.0000000,
0.0459039 0.5561013 0.0000000,
0.0420333 0.5587083 0.0000000,
0.0380151 0.5610815 0.0000000,
0.0338634 0.5632124 0.0000000,
0.0295927 0.5650937 0.0000000,
0.0252181 0.5667186 0.0000000,
0.0207549 0.5680815 0.0000000,
0.0162188 0.5691777 0.0000000,
0.0116257 0.5700032 0.0000000,
0.0069918 0.5705551 0.0000000,
0.0023333 0.5708316 0.0000000,
-0.0023333 0.5708316 0.0000000,
-0.0069918 0.5705551 0.0000000,
-0.0116257 0.5700032 0.0000000,
-0.0162188 0.5691777 0.0000000,
-0.0207549 0.5680815 0.0000000,
-0.0252181 0.5667186 0.0000000,
-0.0295927 0.5650937 0.0000000,
-0.0338634 0.5632124 0.0000000,
-0.0380151 0.5610815 0.0000000,
-0.0420333 0.5587083 0.0000000,
-0.0459039 0.5561013 0.0000000,
-0.0496132 0.5532696 0.0000000,
-0.0531483 0.5502231 0.0000000,
-0.0564966 0.5469725 0.0000000,
-0.0596466 0.5435293 0.0000000,
-0.0625870 0.5399055 0.0000000,
-0.0653075 0.5361139 0.0000000,
-0.0677987 0.5321678 0.0000000,
-0.0700517 0.5280810 0.0000000,
-0.0720587 0.5238680 0.0000000,
-0.0738126 0.5195434 0.0000000,
-0.0753072 0.5151226 0.0000000,
-0.0765372 0.5106209 0.0000000,
-0.0774985 0.5060544 0.0000000,
-0.0781875 0.5014388 0.0000000,
-0.0786019 0.4967906 0.0000000,
-0.0787402 0.4921260 0.0000000,
-0.0786019 0.4874614 0.0000000,
-0.0781875 0.4828131 0.0000000,
-0.0774985 0.4781976 0.0000000,
-0.0765372 0.4736310 0.0000000,
-0.0753072 0.4691294 0.0000000,
-0.0738126 0.4647085 0.0000000,
-0.0720587 0.4603840 0.0000000,
-0.0700517 0.4561709 0.0000000,
-0.0677987 0.4520842 0.0000000,
-0.0653075 0.4481380 0.0000000,
-0.0625870 0.4443464 0.0000000,
-0.0596466 0.4407227 0.0000000,
-0.0564966 0.4372794 0.0000000,
-0.0531483 0.4340289 0.0000000,
-0.0496132 0.4309824 0.0000000,
-0.0459039 0.4281506 0.0000000,
-0.0420333 0.4255436 0.0000000,
-0.0380151 0.4231705 0.0000000,
-0.0338634 0.4210395 0.0000000,
-0.0295927 0.4191583 0.0000000,
-0.0252181 0.4175334 0.0000000,
-0.0207549 0.4161704 0.0000000,
-0.0162188 0.4150743 0.0000000,
-0.0116257 0.4142488 0.0000000,
-0.0069918 0.4136969 0.0000000,
-0.0023333 0.4134204 0.0000000,
0.0023333 0.4134204 0.0000000,
0.0069918 0.4136969 0.0000000,
0.0116257 0.4142488 0.0000000,
0.0162188 0.4150743 0.0000000,
0.0207549 0.4161704 0.0000000,
0.0252181 0.4175334 0.0000000,
0.0295927 0.4191583 0.0000000,
0.0338634 0.4210395 0.0000000,
0.0380151 0.4231705 0.0000000,
0.0420333 0.4255436 0.0000000,
0.0459039 0.4281506 0.0000000,
0.0496132 0.4309824 0.0000000,
0.0531483 0.4340289 0.0000000,
0.0564966 0.4372794 0.0000000,
0.0596466 0.4407227 0.0000000,
0.0625870 0.4443464 0.0000000,
0.0653075 0.4481380 0.0000000,
0.0677987 0.4520842 0.0000000,
0.0700517 0.4561709 0.0000000,
0.0720587 0.4603840 0.0000000,
0.0738126 0.4647085 0.0000000,
0.0753072 0.4691294 0.0000000,
0.0765372 0.4736310 0.0000000,
0.0774985 0.4781976 0.0000000,
0.0781875 0.4828131 0.0000000,
0.0786019 0.4874614 0.0000000,
0.0787402 -0.4921260 0.0000000,
0.0786019 -0.4874614 0.0000000,
0.0781875 -0.4828131 0.0000000,
0.0774985 -0.4781976 0.0000000,
0.0765372 -0.4736310 0.0000000,
0.0753072 -0.4691294 0.0000000,
0.0738126 -0.4647085 0.0000000,
0.0720587 -0.4603840 0.0000000,
0.0700517 -0.4561709 0.0000000,
0.0677987 -0.4520842 0.0000000,
0.0653075 -0.4481380 0.0000000,
0.0625870 -0.4443464 0.0000000,
0.0596466 -0.4407227 0.0000000,
0.0564966 -0.4372794 0.0000000,
0.0531483 -0.4340289 0.0000000,
0.0496132 -0.4309824 0.0000000,
0.0459039 -0.4281506 0.0000000,
0.0420333 -0.4255436 0.0000000,
0.0380151 -0.4231705 0.0000000,
0.0338634 -0.4210395 0.0000000,
0.0295927 -0.4191583 0.0000000,
0.0252181 -0.4175334 0.0000000,
0.0207549 -0.4161704 0.0000000,
0.0162188 -0.4150743 0.0000000,
0.0116257 -0.4142488 0.0000000,
0.0069918 -0.4136969 0.0000000,
0.0023333 -0.4134204 0.0000000,
-0.0023333 -0.4134204 0.0000000,
-0.0069918 -0.4136969 0.0000000,
-0.0116257 -0.4142488 0.0000000,
-0.0162188 -0.4150743 0.0000000,
-0.0207549 -0.4161704 0.0000000,
-0.0252181 -0.4175334 0.0000000,
-0.0295927 -0.4191583 0.0000000,
-0.0338634 -0.4210395 0.0000000,
-0.0380151 -0.4231705 0.0000000,
-0.0420333 -0.4255436 0.0000000,
-0.0459039 -0.4281506 0.0000000,
-0.0496132 -0.4309824 0.0000000,
-0.0531483 -0.4340289 0.0000000,
-0.0564966 -0.4372794 0.0000000,
-0.0596466 -0.4407227 0.0000000,
-0.0625870 -0.4443464 0.0000000,
-0.0653075 -0.4481380 0.0000000,
-0.0677987 -0.4520842 0.0000000,
-0.0700517 -0.4561709 0.0000000,
-0.0720587 -0.4603840 0.0000000,
-0.0738126 -0.4647085 0.0000000,
-0.0753072 -0.4691294 0.0000000,
-0.0765372 -0.4736310 0.0000000,
-0.0774985 -0.4781976 0.0000000,
-0.0781875 -0.4828131 0.0000000,
-0.0786019 -0.4874614 0.0000000,
-0.0787402 -0.4921260 0.0000000,
-0.0786019 -0.4967906 0.0000000,
-0.0781875 -0.5014388 0.0000000,
-0.0774985 -0.5060544 0.0000000,
-0.0765372 -0.5106209 0.0000000,
-0.0753072 -0.5151226 0.0000000,
-0.0738126 -0.5195434 0.0000000,
-0.0720587 -0.5238680 0.0000000,
-0.0700517 -0.5280810 0.0000000,
-0.0677987 -0.5321678 0.0000000,
-0.0653075 -0.5361139 0.0000000,
-0.0625870 -0.5399055 0.0000000,
-0.0596466 -0.5435293 0.0000000,
-0.0564966 -0.5469725 0.0000000,
-0.0531483 -0.5502231 0.0000000,
-0.0496132 -0.5532696 0.0000000,
-0.0459039 -0.5561013 0.0000000,
-0.0420333 -0.5587083 0.0000000,
-0.0380151 -0.5610815 0.0000000,
-0.0338634 -0.5632124 0.0000000,
-0.0295927 -0.5650937 0.0000000,
-0.0252181 -0.5667186 0.0000000,
-0.0207549 -0.5680815 0.0000000,
-0.0162188 -0.5691777 0.0000000,
-0.0116257 -0.5700032 0.0000000,
-0.0069918 -0.5705551 0.0000000,
-0.0023333 -0.5708316 0.0000000,
0.0023333 -0.5708316 0.0000000,
0.0069918 -0.5705551 0.0000000,
0.0116257 -0.5700032 0.0000000,
0.0162188 -0.5691777 0.0000000,
0.0207549 -0.5680815 0.0000000,
0.0252181 -0.5667186 0.0000000,
0.0295927 -0.5650937 0.0000000,
0.0338634 -0.5632124 0.0000000,
0.0380151 -0.5610815 0.0000000,
0.0420333 -0.5587083 0.0000000,
0.0459039 -0.5561013 0.0000000,
0.0496132 -0.5532696 0.0000000,
0.0531483 -0.5502231 0.0000000,
0.0564966 -0.5469725 0.0000000,
0.0596466 -0.5435293 0.0000000,
0.0625870 -0.5399055 0.0000000,
0.0653075 -0.5361139 0.0000000,
0.0677987 -0.5321678 0.0000000,
0.0700517 -0.5280810 0.0000000,
0.0720587 -0.5238680 0.0000000,
0.0738126 -0.5195434 0.0000000,
0.0753072 -0.5151226 0.0000000,
0.0765372 -0.5106209 0.0000000,
0.0774985 -0.5060544 0.0000000,
0.0781875 -0.5014388 0.0000000,
0.0786019 -0.4967906 0.0000000,
-0.1968504 -0.5433071 0.0000000,
-0.1969887 -0.5386425 0.0000000,
-0.1974031 -0.5339942 0.0000000,
-0.1980921 -0.5293787 0.0000000,
-0.1990533 -0.5248121 0.0000000,
-0.2002834 -0.5203105 0.0000000,
-0.2017780 -0.5158896 0.0000000,
-0.2035318 -0.5115651 0.0000000,
-0.2055388 -0.5073520 0.0000000,
-0.2077918 -0.5032653 0.0000000,
-0.2102830 -0.4993192 0.0000000,
-0.2130036 -0.4955275 0.0000000,
-0.2159440 -0.4919038 0.0000000,
-0.2190939 -0.4884605 0.0000000,
-0.2224423 -0.4852100 0.0000000,
-0.2259773 -0.4821635 0.0000000,
-0.2296867 -0.4793317 0.0000000,
-0.2335572 -0.4767247 0.0000000,
-0.2375754 -0.4743516 0.0000000,
-0.2417271 -0.4722206 0.0000000,
-0.2459978 -0.4703394 0.0000000,
-0.2503725 -0.4687145 0.0000000,
-0.2548357 -0.4673515 0.0000000,
-0.2593718 -0.4662554 0.0000000,
-0.2639648 -0.4654299 0.0000000,
-0.2685987 -0.4648780 0.0000000,
-0.2732572 -0.4646015 0.0000000,
-0.2779239 -0.4646015 0.0000000,
-0.2825824 -0.4648780 0.0000000,
-0.2872163 -0.4654299 0.0000000,
-0.2918093 -0.4662554 0.0000000,
-0.2963454 -0.4673515 0.0000000,
-0.3008086 -0.4687145 0.0000000,
-0.3051833 -0.4703394 0.0000000,
-0.3094540 -0.4722206 0.0000000,
-0.3136057 -0.4743516 0.0000000,
-0.3176239 -0.4767247 0.0000000,
-0.3214944 -0.4793317 0.0000000,
-0.3252038 -0.4821635 0.0000000,
-0.3287388 -0.4852100 0.0000000,
-0.3320872 -0.4884605 0.0000000,
-0.3352371 -0.4919038 0.0000000,
-0.3381775 -0.4955275 0.0000000,
-0.3408981 -0.4993192 0.0000000,
-0.3433893 -0.5032653 0.0000000,
-0.3456423 -0.5073520 0.0000000,
-0.3476493 -0.5115651 0.0000000,
-0.3494031 -0.5158896 0.0000000,
-0.3508977 -0.5203105 0.0000000,
-0.3521278 -0.5248121 0.0000000,
-0.3530890 -0.5293787 0.0000000,
-0.3537780 -0.5339942 0.0000000,
-0.3541924 -0.5386425 0.0000000,
-0.3543307 -0.5433071 0.0000000,
-0.3541924 -0.5479717 0.0000000,
-0.3537780 -0.5526199 0.0000000,
-0.3530890 -0.5572355 0.0000000,
-0.3521278 -0.5618021 0.0000000,
-0.3508977 -0.5663037 0.0000000,
-0.3494031 -0.5707245 0.0000000,
-0.3476493 -0.5750491 0.0000000,
-0.3456423 -0.5792621 0.0000000,
-0.3433893 -0.5833489 0.0000000,
-0.3408981 -0.5872950 0.0000000,
-0.3381775 -0.5910866 0.0000000,
-0.3352371 -0.5947104 0.0000000,
-0.3320872 -0.5981536 0.0000000,
-0.3287388 -0.6014042 0.0000000,
-0.3252038 -0.6044507 0.0000000,
-0.3214944 -0.6072824 0.0000000,
-0.3176239 -0.6098894 0.0000000,
-0.3136057 -0.6122626 0.0000000,
-0.3094540 -0.6143935 0.0000000,
-0.3051833 -0.6162748 0.0000000,
-0.3008086 -0.6178997 0.0000000,
-0.2963454 -0.6192626 0.0000000,
-0.2918093 -0.6203588 0.0000000,
-0.2872163 -0.6211843 0.0000000,
-0.2825824 -0.6217362 0.0000000,
-0.2779239 -0.6220127 0.0000000,
-0.2732572 -0.6220127 0.0000000,
-0.2685987 -0.6217362 0.0000000,
-0.2639648 -0.6211843 0.0000000,
-0.2593718 -0.6203588 0.0000000,
-0.2548357 -0.6192626 0.0000000,
-0.2503725 -0.6178997 0.0000000,
-0.2459978 -0.6162748 0.0000000,
-0.2417271 -0.6143935 0.0000000,
-0.2375754 -0.6122626 0.0000000,
-0.2335572 -0.6098894 0.0000000,
-0.2296867 -0.6072824 0.0000000,
-0.2259773 -0.6044507 0.0000000,
-0.2224423 -0.6014042 0.0000000,
-0.2190939 -0.5981536 0.0000000,
-0.2159440 -0.5947104 0.0000000,
-0.2130036 -0.5910866 0.0000000,
-0.2102830 -0.5872950 0.0000000,
-0.2077918 -0.5833489 0.0000000,
-0.2055388 -0.5792621 0.0000000,
-0.2035318 -0.5750491 0.0000000,
-0.2017780 -0.5707245 0.0000000,
-0.2002834 -0.5663037 0.0000000,
-0.1990533 -0.5618021 0.0000000,
-0.1980921 -0.5572355 0.0000000,
-0.1974031 -0.5526199 0.0000000,
-0.1969887 -0.5479717 0.0000000,
0.3543307 -0.5433071 0.0000000,
0.3541924 -0.5386425 0.0000000,
0.3537780 -0.5339942 0.0000000,
0.3530890 -0.5293787 0.0000000,
0.3521278 -0.5248121 0.0000000,
0.3508977 -0.5203105 0.0000000,
0.3494031 -0.5158896 0.0000000,
0.3476493 -0.5115651 0.0000000,
0.3456423 -0.5073520 0.0000000,
0.3433893 -0.5032653 0.0000000,
0.3408981 -0.4993192 0.0000000,
0.3381775 -0.4955275 0.0000000,
0.3352371 -0.4919038 0.0000000,
0.3320872 -0.4884605 0.0000000,
0.3287388 -0.4852100 0.0000000,
0.3252038 -0.4821635 0.0000000,
0.3214944 -0.4793317 0.0000000,
0.3176239 -0.4767247 0.0000000,
0.3136057 -0.4743516 0.0000000,
0.3094540 -0.4722206 0.0000000,
0.3051833 -0.4703394 0.0000000,
0.3008086 -0.4687145 0.0000000,
0.2963454 -0.4673515 0.0000000,
0.2918093 -0.4662554 0.0000000,
0.2872163 -0.4654299 0.0000000,
0.2825824 -0.4648780 0.0000000,
0.2779239 -0.4646015 0.0000000,
0.2732572 -0.4646015 0.0000000,
0.2685987 -0.4648780 0.0000000,
0.2639648 -0.4654299 0.0000000,
0.2593718 -0.4662554 0.0000000,
0.2548357 -0.4673515 0.0000000,
0.2503725 -0.4687145 0.0000000,
0.2459978 -0.4703394 0.0000000,
0.2417271 -0.4722206 0.0000000,
0.2375754 -0.4743516 0.0000000,
0.2335572 -0.4767247 0.0000000,
0.2296867 -0.4793317 0.0000000,
0.2259773 -0.4821635 0.0000000,
0.2224423 -0.4852100 0.0000000,
0.2190939 -0.4884605 0.0000000,
0.2159440 -0.4919038 0.0000000,
0.2130036 -0.4955275 0.0000000,
0.2102830 -0.4993192 0.0000000,
0.2077918 -0.5032653 0.0000000,
0.2055388 -0.5073520 0.0000000,
0.2035318 -0.5115651 0.0000000,
0.2017780 -0.5158896 0.0000000,
0.2002834 -0.5203105 0.0000000,
0.1990533 -0.5248121 0.0000000,
0.1980921 -0.5293787 0.0000000,
0.1974031 -0.5339942 0.0000000,
0.1969887 -0.5386425 0.0000000,
0.1968504 -0.5433071 0.0000000,
0.1969887 -0.5479717 0.0000000,
0.1974031 -0.5526199 0.0000000,
0.1980921 -0.5572355 0.0000000,
0.1990533 -0.5618021 0.0000000,
0.2002834 -0.5663037 0.0000000,
0.2017780 -0.5707245 0.0000000,
0.2035318 -0.5750491 0.0000000,
0.2055388 -0.5792621 0.0000000,
0.2077918 -0.5833489 0.0000000,
0.2102830 -0.5872950 0.0000000,
0.2130036 -0.5910866 0.0000000,
0.2159440 -0.5947104 0.0000000,
0.2190939 -0.5981536 0.0000000,
0.2224423 -0.6014042 0.0000000,
0.2259773 -0.6044507 0.0000000,
0.2296867 -0.6072824 0.0000000,
0.2335572 -0.6098894 0.0000000,
0.2375754 -0.6122626 0.0000000,
0.2417271 -0.6143935 0.0000000,
0.2459978 -0.6162748 0.0000000,
0.2503725 -0.6178997 0.0000000,
0.2548357 -0.6192626 0.0000000,
0.2593718 -0.6203588 0.0000000,
0.2639648 -0.6211843 0.0000000,
0.2685987 -0.6217362 0.0000000,
0.2732572 -0.6220127 0.0000000,
0.2779239 -0.6220127 0.0000000,
0.2825824 -0.6217362 0.0000000,
0.2872163 -0.6211843 0.0000000,
0.2918093 -0.6203588 0.0000000,
0.2963454 -0.6192626 0.0000000,
0.3008086 -0.6178997 0.0000000,
0.3051833 -0.6162748 0.0000000,
0.3094540 -0.6143935 0.0000000,
0.3136057 -0.6122626 0.0000000,
0.3176239 -0.6098894 0.0000000,
0.3214944 -0.6072824 0.0000000,
0.3252038 -0.6044507 0.0000000,
0.3287388 -0.6014042 0.0000000,
0.3320872 -0.5981536 0.0000000,
0.3352371 -0.5947104 0.0000000,
0.3381775 -0.5910866 0.0000000,
0.3408981 -0.5872950 0.0000000,
0.3433893 -0.5833489 0.0000000,
0.3456423 -0.5792621 0.0000000,
0.3476493 -0.5750491 0.0000000,
0.3494031 -0.5707245 0.0000000,
0.3508977 -0.5663037 0.0000000,
0.3521278 -0.5618021 0.0000000,
0.3530890 -0.5572355 0.0000000,
0.3537780 -0.5526199 0.0000000,
0.3541924 -0.5479717 0.0000000,
0.3740157 0.5118110 0.0000000,
0.3738429 0.5176418 0.0000000,
0.3733249 0.5234521 0.0000000,
0.3724636 0.5292215 0.0000000,
0.3712621 0.5349297 0.0000000,
0.3697245 0.5405568 0.0000000,
0.3678563 0.5460828 0.0000000,
0.3656639 0.5514885 0.0000000,
0.3631552 0.5567548 0.0000000,
0.3603389 0.5618633 0.0000000,
0.3572250 0.5667959 0.0000000,
0.3538243 0.5715354 0.0000000,
0.3501487 0.5760652 0.0000000,
0.3462113 0.5803692 0.0000000,
0.3420259 0.5844324 0.0000000,
0.3376071 0.5882405 0.0000000,
0.3329704 0.5917802 0.0000000,
0.3281322 0.5950390 0.0000000,
0.3231095 0.5980054 0.0000000,
0.3179198 0.6006691 0.0000000,
0.3125815 0.6030206 0.0000000,
0.3071132 0.6050518 0.0000000,
0.3015342 0.6067555 0.0000000,
0.2958640 0.6081256 0.0000000,
0.2901227 0.6091575 0.0000000,
0.2843303 0.6098474 0.0000000,
0.2785072 0.6101930 0.0000000,
0.2726739 0.6101930 0.0000000,
0.2668508 0.6098474 0.0000000,
0.2610584 0.6091575 0.0000000,
0.2553171 0.6081256 0.0000000,
0.2496469 0.6067555 0.0000000,
0.2440679 0.6050518 0.0000000,
0.2385996 0.6030206 0.0000000,
0.2332613 0.6006691 0.0000000,
0.2280716 0.5980054 0.0000000,
0.2230489 0.5950390 0.0000000,
0.2182107 0.5917802 0.0000000,
0.2135740 0.5882405 0.0000000,
0.2091552 0.5844324 0.0000000,
0.2049698 0.5803692 0.0000000,
0.2010324 0.5760652 0.0000000,
0.1973568 0.5715354 0.0000000,
0.1939561 0.5667959 0.0000000,
0.1908422 0.5618633 0.0000000,
0.1880259 0.5567548 0.0000000,
0.1855172 0.5514885 0.0000000,
0.1833248 0.5460828 0.0000000,
0.1814566 0.5405568 0.0000000,
0.1799190 0.5349297 0.0000000,
0.1787175 0.5292215 0.0000000,
0.1778562 0.5234521 0.0000000,
0.1773382 0.5176418 0.0000000,
0.1771654 0.5118110 0.0000000,
0.1773382 0.5059803 0.0000000,
0.1778562 0.5001700 0.0000000,
0.1787175 0.4944006 0.0000000,
0.1799190 0.4886923 0.0000000,
0.1814566 0.4830653 0.0000000,
0.1833248 0.4775392 0.0000000,
0.1855172 0.4721335 0.0000000,
0.1880259 0.4668672 0.0000000,
0.1908422 0.4617587 0.0000000,
0.1939561 0.4568261 0.0000000,
0.1973568 0.4520866 0.0000000,
0.2010324 0.4475569 0.0000000,
0.2049698 0.4432529 0.0000000,
0.2091552 0.4391896 0.0000000,
0.2135740 0.4353815 0.0000000,
0.2182107 0.4318418 0.0000000,
0.2230489 0.4285831 0.0000000,
0.2280716 0.4256166 0.0000000,
0.2332613 0.4229530 0.0000000,
0.2385996 0.4206014 0.0000000,
0.2440679 0.4185702 0.0000000,
0.2496469 0.4168666 0.0000000,
0.2553171 0.4154964 0.0000000,
0.2610584 0.4144645 0.0000000,
0.2668508 0.4137746 0.0000000,
0.2726739 0.4134291 0.0000000,
0.2785072 0.4134291 0.0000000,
0.2843303 0.4137746 0.0000000,
0.2901227 0.4144645 0.0000000,
0.2958640 0.4154964 0.0000000,
0.3015342 0.4168666 0.0000000,
0.3071132 0.4185702 0.0000000,
0.3125815 0.4206014 0.0000000,
0.3179198 0.4229530 0.0000000,
0.3231095 0.4256166 0.0000000,
0.3281322 0.4285831 0.0000000,
0.3329704 0.4318418 0.0000000,
0.3376071 0.4353815 0.0000000,
0.3420259 0.4391896 0.0000000,
0.3462113 0.4432529 0.0000000,
0.3501487 0.4475569 0.0000000,
0.3538243 0.4520866 0.0000000,
0.3572250 0.4568261 0.0000000,
0.3603389 0.4617587 0.0000000,
0.3631552 0.4668672 0.0000000,
0.3656639 0.4721335 0.0000000,
0.3678563 0.4775392 0.0000000,
0.3697245 0.4830653 0.0000000,
0.3712621 0.4886923 0.0000000,
0.3724636 0.4944006 0.0000000,
0.3733249 0.5001700 0.0000000,
0.3738429 0.5059803 0.0000000,
-0.1771654 0.5118110 0.0000000,
-0.1773382 0.5176418 0.0000000,
-0.1778562 0.5234521 0.0000000,
-0.1787175 0.5292215 0.0000000,
-0.1799190 0.5349297 0.0000000,
-0.1814566 0.5405568 0.0000000,
-0.1833248 0.5460828 0.0000000,
-0.1855172 0.5514885 0.0000000,
-0.1880259 0.5567548 0.0000000,
-0.1908422 0.5618633 0.0000000,
-0.1939561 0.5667959 0.0000000,
-0.1973568 0.5715354 0.0000000,
-0.2010324 0.5760652 0.0000000,
-0.2049698 0.5803692 0.0000000,
-0.2091552 0.5844324 0.0000000,
-0.2135740 0.5882405 0.0000000,
-0.2182107 0.5917802 0.0000000,
-0.2230489 0.5950390 0.0000000,
-0.2280716 0.5980054 0.0000000,
-0.2332613 0.6006691 0.0000000,
-0.2385996 0.6030206 0.0000000,
-0.2440679 0.6050518 0.0000000,
-0.2496469 0.6067555 0.0000000,
-0.2553171 0.6081256 0.0000000,
-0.2610584 0.6091575 0.0000000,
-0.2668508 0.6098474 0.0000000,
-0.2726739 0.6101930 0.0000000,
-0.2785072 0.6101930 0.0000000,
-0.2843303 0.6098474 0.0000000,
-0.2901227 0.6091575 0.0000000,
-0.2958640 0.6081256 0.0000000,
-0.3015342 0.6067555 0.0000000,
-0.3071132 0.6050518 0.0000000,
-0.3125815 0.6030206 0.0000000,
-0.3179198 0.6006691 0.0000000,
-0.3231095 0.5980054 0.0000000,
-0.3281322 0.5950390 0.0000000,
-0.3329704 0.5917802 0.0000000,
-0.3376071 0.5882405 0.0000000,
-0.3420259 0.5844324 0.0000000,
-0.3462113 0.5803692 0.0000000,
-0.3501487 0.5760652 0.0000000,
-0.3538243 0.5715354 0.0000000,
-0.3572250 0.5667959 0.0000000,
-0.3603389 0.5618633 0.0000000,
-0.3631552 0.5567548 0.0000000,
-0.3656639 0.5514885 0.0000000,
-0.3678563 0.5460828 0.0000000,
-0.3697245 0.5405568 0.0000000,
-0.3712621 0.5349297 0.0000000,
-0.3724636 0.5292215 0.0000000,
-0.3733249 0.5234521 0.0000000,
-0.3738429 0.5176418 0.0000000,
-0.3740157 0.5118110 0.0000000,
-0.3738429 0.5059803 0.0000000,
-0.3733249 0.5001700 0.0000000,
-0.3724636 0.4944006 0.0000000,
-0.3712621 0.4886923 0.0000000,
-0.3697245 0.4830653 0.0000000,
-0.3678563 0.4775392 0.0000000,
-0.3656639 0.4721335 0.0000000,
-0.3631552 0.4668672 0.0000000,
-0.3603389 0.4617587 0.0000000,
-0.3572250 0.4568261 0.0000000,
-0.3538243 0.4520866 0.0000000,
-0.3501487 0.4475569 0.0000000,
-0.3462113 0.4432529 0.0000000,
-0.3420259 0.4391896 0.0000000,
-0.3376071 0.4353815 0.0000000,
-0.3329704 0.4318418 0.0000000,
-0.3281322 0.4285831 0.0000000,
-0.3231095 0.4256166 0.0000000,
-0.3179198 0.4229530 0.0000000,
-0.3125815 0.4206014 0.0000000,
-0.3071132 0.4185702 0.0000000,
-0.3015342 0.4168666 0.0000000,
-0.2958640 0.4154964 0.0000000,
-0.2901227 0.4144645 0.0000000,
-0.2843303 0.4137746 0.0000000,
-0.2785072 0.4134291 0.0000000,
-0.2726739 0.4134291 0.0000000,
-0.2668508 0.4137746 0.0000000,
-0.2610584 0.4144645 0.0000000,
-0.2553171 0.4154964 0.0000000,
-0.2496469 0.4168666 0.0000000,
-0.2440679 0.4185702 0.0000000,
-0.2385996 0.4206014 0.0000000,
-0.2332613 0.4229530 0.0000000,
-0.2280716 0.4256166 0.0000000,
-0.2230489 0.4285831 0.0000000,
-0.2182107 0.4318418 0.0000000,
-0.2135740 0.4353815 0.0000000,
-0.2091552 0.4391896 0.0000000,
-0.2049698 0.4432529 0.0000000,
-0.2010324 0.4475569 0.0000000,
-0.1973568 0.4520866 0.0000000,
-0.1939561 0.4568261 0.0000000,
-0.1908422 0.4617587 0.0000000,
-0.1880259 0.4668672 0.0000000,
-0.1855172 0.4721335 0.0000000,
-0.1833248 0.4775392 0.0000000,
-0.1814566 0.4830653 0.0000000,
-0.1799190 0.4886923 0.0000000,
-0.1787175 0.4944006 0.0000000,
-0.1778562 0.5001700 0.0000000,
-0.1773382 0.5059803 0.0000000,
-0.5118110 -0.0000000 0.0000000,
-0.5119493 0.0046646 0.0000000,
-0.5123637 0.0093128 0.0000000,
-0.5130527 0.0139284 0.0000000,
-0.5140139 0.0184950 0.0000000,
-0.5152440 0.0229966 0.0000000,
-0.5167386 0.0274175 0.0000000,
-0.5184925 0.0317420 0.0000000,
-0.5204994 0.0359551 0.0000000,
-0.5227525 0.0400418 0.0000000,
-0.5252436 0.0439879 0.0000000,
-0.5279642 0.0477795 0.0000000,
-0.5309046 0.0514033 0.0000000,
-0.5340545 0.0548465 0.0000000,
-0.5374029 0.0580971 0.0000000,
-0.5409380 0.0611436 0.0000000,
-0.5446473 0.0639753 0.0000000,
-0.5485178 0.0665824 0.0000000,
-0.5525360 0.0689555 0.0000000,
-0.5566878 0.0710864 0.0000000,
-0.5609585 0.0729677 0.0000000,
-0.5653331 0.0745926 0.0000000,
-0.5697963 0.0759556 0.0000000,
-0.5743324 0.0770517 0.0000000,
-0.5789255 0.0778772 0.0000000,
-0.5835594 0.0784291 0.0000000,
-0.5882178 0.0787056 0.0000000,
-0.5928845 0.0787056 0.0000000,
-0.5975430 0.0784291 0.0000000,
-0.6021769 0.0778772 0.0000000,
-0.6067700 0.0770517 0.0000000,
-0.6113061 0.0759556 0.0000000,
-0.6157693 0.0745926 0.0000000,
-0.6201439 0.0729677 0.0000000,
-0.6244146 0.0710864 0.0000000,
-0.6285663 0.0689555 0.0000000,
-0.6325845 0.0665824 0.0000000,
-0.6364551 0.0639753 0.0000000,
-0.6401644 0.0611436 0.0000000,
-0.6436994 0.0580971 0.0000000,
-0.6470478 0.0548465 0.0000000,
-0.6501977 0.0514033 0.0000000,
-0.6531381 0.0477795 0.0000000,
-0.6558587 0.0439879 0.0000000,
-0.6583499 0.0400418 0.0000000,
-0.6606029 0.0359551 0.0000000,
-0.6626099 0.0317420 0.0000000,
-0.6643638 0.0274175 0.0000000,
-0.6658583 0.0229966 0.0000000,
-0.6670884 0.0184950 0.0000000,
-0.6680497 0.0139284 0.0000000,
-0.6687387 0.0093128 0.0000000,
-0.6691530 0.0046646 0.0000000,
-0.6692913 -0.0000000 0.0000000,
-0.6691530 -0.0046646 0.0000000,
-0.6687387 -0.0093128 0.0000000,
-0.6680497 -0.0139284 0.0000000,
-0.6670884 -0.0184950 0.0000000,
-0.6658583 -0.0229966 0.0000000,
-0.6643638 -0.0274175 0.0000000,
-0.6626099 -0.0317420 0.0000000,
-0.6606029 -0.0359551 0.0000000,
-0.6583499 -0.0400418 0.0000000,
-0.6558587 -0.0439879 0.0000000,
-0.6531381 -0.0477795 0.0000000,
-0.6501977 -0.0514033 0.0000000,
-0.6470478 -0.0548465 0.0000000,
-0.6436994 -0.0580971 0.0000000,
-0.6401644 -0.0611436 0.0000000,
-0.6364551 -0.0639753 0.0000000,
-0.6325845 -0.0665824 0.0000000,
-0.6285663 -0.0689555 0.0000000,
-0.6244146 -0.0710864 0.0000000,
-0.6201439 -0.0729677 0.0000000,
-0.6157693 -0.0745926 0.0000000,
-0.6113061 -0.0759556 0.0000000,
-0.6067700 -0.0770517 0.0000000,
-0.6021769 -0.0778772 0.0000000,
-0.5975430 -0.0784291 0.0000000,
-0.5928845 -0.0787056 0.0000000,
-0.5882178 -0.0787056 0.0000000,
-0.5835594 -0.0784291 0.0000000,
-0.5789255 -0.0778772 0.0000000,
-0.5743324 -0.0770517 0.0000000,
-0.5697963 -0.0759556 0.0000000,
-0.5653331 -0.0745926 0.0000000,
-0.5609585 -0.0729677 0.0000000,
-0.5566878 -0.0710864 0.0000000,
-0.5525360 -0.0689555 0.0000000,
-0.5485178 -0.0665824 0.0000000,
-0.5446473 -0.0639753 0.0000000,
-0.5409380 -0.0611436 0.0000000,
-0.5374029 -0.0580971 0.0000000,
-0.5340545 -0.0548465 0.0000000,
-0.5309046 -0.0514033 0.0000000,
-0.5279642 -0.0477795 0.0000000,
-0.5252436 -0.0439879 0.0000000,
-0.5227525 -0.0400418 0.0000000,
-0.5204994 -0.0359551 0.0000000,
-0.5184925 -0.0317420 0.0000000,
-0.5167386 -0.0274175 0.0000000,
-0.5152440 -0.0229966 0.0000000,
-0.5140139 -0.0184950 0.0000000,
-0.5130527 -0.0139284 0.0000000,
-0.5123637 -0.0093128 0.0000000,
-0.5119493 -0.0046646 0.0000000,
-0.7283465 -0.3054605 0.1102362,
-0.7283465 0.3054605 0.1102362,
-0.7283465 -0.3054605 0.0000000,
-0.7283465 0.3054605 0.0000000,
-0.7128137 -0.3543307 0.0118110,
-0.7128137 -0.3543307 0.0000000,
-0.7100771 -0.3579874 0.0118110,
-0.7071472 -0.3614912 0.0118110,
-0.7040327 -0.3648318 0.0118110,
-0.7007424 -0.3679996 0.0118110,
-0.6972861 -0.3709853 0.0118110,
-0.6936738 -0.3737802 0.0118110,
-0.6899160 -0.3763763 0.0118110,
-0.6860236 -0.3787658 0.0118110,
-0.6860236 -0.3787658 0.1102362,
-0.6902143 -0.3761809 0.1102362,
-0.6942477 -0.3733568 0.1102362,
-0.6981100 -0.3703029 0.1102362,
-0.7017882 -0.3670295 0.1102362,
-0.7052698 -0.3635479 0.1102362,
-0.7085431 -0.3598697 0.1102362,
-0.7115970 -0.3560074 0.1102362,
-0.7144212 -0.3519741 0.1102362,
-0.7170061 -0.3477833 0.1102362,
-0.7193429 -0.3434494 0.1102362,
-0.7214238 -0.3389869 0.1102362,
-0.7232417 -0.3344110 0.1102362,
-0.7247905 -0.3297372 0.1102362,
-0.7260648 -0.3249811 0.1102362,
-0.7270605 -0.3201591 0.1102362,
-0.7277741 -0.3152873 0.1102362,
-0.7282032 -0.3103822 0.1102362,
-0.7283465 -0.3054605 0.1102362,
-0.7283465 -0.3054605 0.0000000,
-0.7154385 -0.3503892 0.0000000,
-0.7178388 -0.3463071 0.0000000,
-0.7200071 -0.3420971 0.0000000,
-0.7219365 -0.3377724 0.0000000,
-0.7236211 -0.3333466 0.0000000,
-0.7250555 -0.3288336 0.0000000,
-0.7262353 -0.3242474 0.0000000,
-0.7271568 -0.3196023 0.0000000,
-0.7278170 -0.3149131 0.0000000,
-0.7282140 -0.3101942 0.0000000,
-0.6437008 -0.4032009 0.1102362,
-0.6860236 -0.3787658 0.1102362,
-0.6860236 -0.3787658 0.0118110,
-0.6437008 -0.4032009 0.0118110,
-0.6043307 -0.4713919 0.1102362,
-0.6043307 -0.4713919 0.0118110,
-0.6043855 -0.4684553 0.0118110,
-0.6045497 -0.4655228 0.0118110,
-0.6048233 -0.4625984 0.0118110,
-0.6054706 -0.4580421 0.0118110,
-0.6063831 -0.4535313 0.0118110,
-0.6075576 -0.4490815 0.0118110,
-0.6089900 -0.4447080 0.0118110,
-0.6106754 -0.4404256 0.0118110,
-0.6126082 -0.4362490 0.0118110,
-0.6147817 -0.4321924 0.0118110,
-0.6171884 -0.4282698 0.0118110,
-0.6198202 -0.4244944 0.0118110,
-0.6226681 -0.4208793 0.0118110,
-0.6257224 -0.4174367 0.0118110,
-0.6289725 -0.4141785 0.0118110,
-0.6324074 -0.4111156 0.0118110,
-0.6360154 -0.4082587 0.0118110,
-0.6397842 -0.4056175 0.0118110,
-0.6437008 -0.4032009 0.0118110,
-0.6437008 -0.4032009 0.1102362,
-0.6398024 -0.4056054 0.1102362,
-0.6360505 -0.4082326 0.1102362,
-0.6324577 -0.4110734 0.1102362,
-0.6290361 -0.4141184 0.1102362,
-0.6257974 -0.4173571 0.1102362,
-0.6227524 -0.4207787 0.1102362,
-0.6199116 -0.4243715 0.1102362,
-0.6172844 -0.4281235 0.1102362,
-0.6148799 -0.4320218 0.1102362,
-0.6127061 -0.4360534 0.1102362,
-0.6107704 -0.4402045 0.1102362,
-0.6090793 -0.4444612 0.1102362,
-0.6076386 -0.4488090 0.1102362,
-0.6064532 -0.4532332 0.1102362,
-0.6055269 -0.4577188 0.1102362,
-0.6048631 -0.4622507 0.1102362,
-0.6044639 -0.4668136 0.1102362,
-0.6043307 -0.6496063 0.1102362,
-0.6043307 -0.4713919 0.1102362,
-0.6043307 -0.4713919 0.0118110,
-0.6043307 -0.6200787 0.0118110,
-0.6043307 -0.6496063 0.0118110,
-0.6043307 -0.6496063 0.1102362,
-0.6041975 -0.6541846 0.1102362,
-0.6037983 -0.6587475 0.1102362,
-0.6031345 -0.6632794 0.1102362,
-0.6022083 -0.6677650 0.1102362,
-0.6010228 -0.6721892 0.1102362,
-0.5995821 -0.6765370 0.1102362,
-0.5978910 -0.6807937 0.1102362,
-0.5959553 -0.6849448 0.1102362,
-0.5937815 -0.6889764 0.1102362,
-0.5913770 -0.6928747 0.1102362,
-0.5887499 -0.6966267 0.1102362,
-0.5859090 -0.7002195 0.1102362,
-0.5828641 -0.7036411 0.1102362,
-0.5796253 -0.7068798 0.1102362,
-0.5762037 -0.7099248 0.1102362,
-0.5726109 -0.7127656 0.1102362,
-0.5688590 -0.7153927 0.1102362,
-0.5649606 -0.7177973 0.1102362,
-0.5609291 -0.7199711 0.1102362,
-0.5567779 -0.7219068 0.1102362,
-0.5525213 -0.7235978 0.1102362,
-0.5481735 -0.7250385 0.1102362,
-0.5437493 -0.7262240 0.1102362,
-0.5392636 -0.7271502 0.1102362,
-0.5347317 -0.7278140 0.1102362,
-0.5301689 -0.7282132 0.1102362,
-0.5255906 -0.7283465 0.1102362,
-0.6043307 -0.6496063 0.0118110,
-0.5255906 -0.7283465 0.0118110,
-0.5301689 -0.7282132 0.0118110,
-0.5347317 -0.7278140 0.0118110,
-0.5392636 -0.7271502 0.0118110,
-0.5437493 -0.7262240 0.0118110,
-0.5481735 -0.7250385 0.0118110,
-0.5525213 -0.7235978 0.0118110,
-0.5567779 -0.7219068 0.0118110,
-0.5609291 -0.7199711 0.0118110,
-0.5649606 -0.7177973 0.0118110,
-0.5688590 -0.7153927 0.0118110,
-0.5726109 -0.7127656 0.0118110,
-0.5762037 -0.7099248 0.0118110,
-0.5796253 -0.7068798 0.0118110,
-0.5828641 -0.7036411 0.0118110,
-0.5859090 -0.7002195 0.0118110,
-0.5887499 -0.6966267 0.0118110,
-0.5913770 -0.6928747 0.0118110,
-0.5937815 -0.6889764 0.0118110,
-0.5959553 -0.6849448 0.0118110,
-0.5978910 -0.6807937 0.0118110,
-0.5995821 -0.6765370 0.0118110,
-0.6010228 -0.6721892 0.0118110,
-0.6022083 -0.6677650 0.0118110,
-0.6031345 -0.6632794 0.0118110,
-0.6037983 -0.6587475 0.0118110,
-0.6041975 -0.6541846 0.0118110,
0.4330709 -0.7283465 0.0118110,
0.4330709 -0.7283465 0.0000000,
-0.4330709 -0.7283465 0.0000000,
-0.4330709 -0.7283465 0.0118110,
-0.5255906 -0.7283465 0.0118110,
-0.5255906 -0.7283465 0.1102362,
0.5255906 -0.7283465 0.1102362,
0.5255906 -0.7283465 0.0118110,
0.5255906 -0.7283465 0.1102362,
0.5301689 -0.7282132 0.1102362,
0.5347317 -0.7278140 0.1102362,
0.5392636 -0.7271502 0.1102362,
0.5437493 -0.7262240 0.1102362,
0.5481735 -0.7250385 0.1102362,
0.5525213 -0.7235978 0.1102362,
0.5567779 -0.7219068 0.1102362,
0.5609291 -0.7199711 0.1102362,
0.5649606 -0.7177973 0.1102362,
0.5688590 -0.7153927 0.1102362,
0.5726109 -0.7127656 0.1102362,
0.5762037 -0.7099248 0.1102362,
0.5796253 -0.7068798 0.1102362,
0.5828641 -0.7036411 0.1102362,
0.5859090 -0.7002195 0.1102362,
0.5887499 -0.6966267 0.1102362,
0.5913770 -0.6928747 0.1102362,
0.5937815 -0.6889764 0.1102362,
0.5959553 -0.6849448 0.1102362,
0.5978910 -0.6807937 0.1102362,
0.5995821 -0.6765370 0.1102362,
0.6010228 -0.6721892 0.1102362,
0.6022083 -0.6677650 0.1102362,
0.6031345 -0.6632794 0.1102362,
0.6037983 -0.6587475 0.1102362,
0.6041975 -0.6541846 0.1102362,
0.6043307 -0.6496063 0.1102362,
0.5255906 -0.7283465 0.0118110,
0.6043307 -0.6496063 0.0118110,
0.6041975 -0.6541846 0.0118110,
0.6037983 -0.6587475 0.0118110,
0.6031345 -0.6632794 0.0118110,
0.6022083 -0.6677650 0.0118110,
0.6010228 -0.6721892 0.0118110,
0.5995821 -0.6765370 0.0118110,
0.5978910 -0.6807937 0.0118110,
0.5959553 -0.6849448 0.0118110,
0.5937815 -0.6889764 0.0118110,
0.5913770 -0.6928747 0.0118110,
0.5887499 -0.6966267 0.0118110,
0.5859090 -0.7002195 0.0118110,
0.5828641 -0.7036411 0.0118110,
0.5796253 -0.7068798 0.0118110,
0.5762037 -0.7099248 0.0118110,
0.5726109 -0.7127656 0.0118110,
0.5688590 -0.7153927 0.0118110,
0.5649606 -0.7177973 0.0118110,
0.5609291 -0.7199711 0.0118110,
0.5567779 -0.7219068 0.0118110,
0.5525213 -0.7235978 0.0118110,
0.5481735 -0.7250385 0.0118110,
0.5437493 -0.7262240 0.0118110,
0.5392636 -0.7271502 0.0118110,
0.5347317 -0.7278140 0.0118110,
0.5301689 -0.7282132 0.0118110,
0.6043307 -0.4713919 0.0118110,
0.6043307 -0.6200787 0.0118110,
0.6043307 -0.4713919 0.1102362,
0.6043307 -0.6496063 0.1102362,
0.6043307 -0.6496063 0.0118110,
0.6437008 -0.4032009 0.1102362,
0.6437008 -0.4032009 0.0118110,
0.6397842 -0.4056175 0.0118110,
0.6360154 -0.4082587 0.0118110,
0.6324074 -0.4111156 0.0118110,
0.6289725 -0.4141785 0.0118110,
0.6257224 -0.4174367 0.0118110,
0.6226681 -0.4208793 0.0118110,
0.6198202 -0.4244944 0.0118110,
0.6171884 -0.4282698 0.0118110,
0.6147817 -0.4321924 0.0118110,
0.6126082 -0.4362490 0.0118110,
0.6106754 -0.4404256 0.0118110,
0.6089900 -0.4447080 0.0118110,
0.6075576 -0.4490815 0.0118110,
0.6063831 -0.4535313 0.0118110,
0.6054706 -0.4580421 0.0118110,
0.6048233 -0.4625984 0.0118110,
0.6045497 -0.4655228 0.0118110,
0.6043855 -0.4684553 0.0118110,
0.6043307 -0.4713919 0.0118110,
0.6043307 -0.4713919 0.1102362,
0.6044639 -0.4668136 0.1102362,
0.6048631 -0.4622507 0.1102362,
0.6055269 -0.4577188 0.1102362,
0.6064532 -0.4532332 0.1102362,
0.6076386 -0.4488090 0.1102362,
0.6090793 -0.4444612 0.1102362,
0.6107704 -0.4402045 0.1102362,
0.6127061 -0.4360534 0.1102362,
0.6148799 -0.4320218 0.1102362,
0.6172844 -0.4281235 0.1102362,
0.6199116 -0.4243715 0.1102362,
0.6227524 -0.4207787 0.1102362,
0.6257974 -0.4173571 0.1102362,
0.6290361 -0.4141184 0.1102362,
0.6324577 -0.4110734 0.1102362,
0.6360505 -0.4082326 0.1102362,
0.6398024 -0.4056054 0.1102362,
0.6860236 -0.3787658 0.0118110,
0.6437008 -0.4032009 0.0118110,
0.6860236 -0.3787658 0.1102362,
0.6437008 -0.4032009 0.1102362,
0.7128137 -0.3543307 0.0000000,
0.7154385 -0.3503892 0.0000000,
0.7178388 -0.3463071 0.0000000,
0.7200071 -0.3420971 0.0000000,
0.7219365 -0.3377724 0.0000000,
0.7236211 -0.3333466 0.0000000,
0.7250555 -0.3288336 0.0000000,
0.7262353 -0.3242474 0.0000000,
0.7271568 -0.3196023 0.0000000,
0.7278170 -0.3149131 0.0000000,
0.7282140 -0.3101942 0.0000000,
0.7283465 -0.3054605 0.0000000,
0.7283465 -0.3054605 0.1102362,
0.6860236 -0.3787658 0.1102362,
0.6902143 -0.3761809 0.1102362,
0.6942477 -0.3733568 0.1102362,
0.6981100 -0.3703029 0.1102362,
0.7017882 -0.3670295 0.1102362,
0.7052698 -0.3635479 0.1102362,
0.7085431 -0.3598697 0.1102362,
0.7115970 -0.3560074 0.1102362,
0.7144212 -0.3519741 0.1102362,
0.7170061 -0.3477833 0.1102362,
0.7193429 -0.3434494 0.1102362,
0.7214238 -0.3389869 0.1102362,
0.7232417 -0.3344110 0.1102362,
0.7247905 -0.3297372 0.1102362,
0.7260648 -0.3249811 0.1102362,
0.7270605 -0.3201591 0.1102362,
0.7277741 -0.3152873 0.1102362,
0.7282032 -0.3103822 0.1102362,
0.6860236 -0.3787658 0.0118110,
0.7128137 -0.3543307 0.0118110,
0.7100771 -0.3579874 0.0118110,
0.7071472 -0.3614912 0.0118110,
0.7040327 -0.3648318 0.0118110,
0.7007424 -0.3679996 0.0118110,
0.6972861 -0.3709853 0.0118110,
0.6936738 -0.3737802 0.0118110,
0.6899160 -0.3763763 0.0118110,
0.5412491 0.2362205 0.1102362,
0.6299213 0.2362205 0.1102362,
0.5412491 0.2362205 0.0787402,
0.6299213 0.2362205 0.0787402,
0.6299213 0.2362205 0.1102362,
0.6299213 -0.2362205 0.1102362,
0.6299213 0.2362205 0.0787402,
0.6299213 -0.2362205 0.0787402,
0.6299213 -0.2362205 0.1102362,
0.5412491 -0.2362205 0.1102362,
0.6299213 -0.2362205 0.0787402,
0.5412491 -0.2362205 0.0787402,
-0.5412491 -0.2362205 0.0787402,
-0.5412491 -0.2362205 0.1102362,
0.5412491 -0.2362205 0.0787402,
0.5262578 -0.2679616 0.0787402,
0.5094071 -0.2987559 0.0787402,
0.4907565 -0.3284947 0.0787402,
0.4703719 -0.3570727 0.0787402,
0.4483254 -0.3843892 0.0787402,
0.4246948 -0.4103474 0.0787402,
0.3995636 -0.4348558 0.0787402,
0.3730207 -0.4578277 0.0787402,
0.3451598 -0.4791820 0.0787402,
0.3160793 -0.4988432 0.0787402,
0.2858820 -0.5167419 0.0787402,
0.2546746 -0.5328147 0.0787402,
0.2225674 -0.5470050 0.0787402,
0.1896738 -0.5592625 0.0787402,
0.1561100 -0.5695440 0.0787402,
0.1219946 -0.5778131 0.0787402,
0.0874482 -0.5840407 0.0787402,
0.0525928 -0.5882046 0.0787402,
0.0175516 -0.5902903 0.0787402,
-0.0175516 -0.5902903 0.0787402,
-0.0525928 -0.5882046 0.0787402,
-0.0874482 -0.5840407 0.0787402,
-0.1219946 -0.5778131 0.0787402,
-0.1561100 -0.5695440 0.0787402,
-0.1896738 -0.5592625 0.0787402,
-0.2225674 -0.5470050 0.0787402,
-0.2546746 -0.5328147 0.0787402,
-0.2858820 -0.5167419 0.0787402,
-0.3160793 -0.4988432 0.0787402,
-0.3451598 -0.4791820 0.0787402,
-0.3730207 -0.4578277 0.0787402,
-0.3995636 -0.4348558 0.0787402,
-0.4246948 -0.4103474 0.0787402,
-0.4483254 -0.3843892 0.0787402,
-0.4703719 -0.3570727 0.0787402,
-0.4907565 -0.3284947 0.0787402,
-0.5094071 -0.2987559 0.0787402,
-0.5262578 -0.2679616 0.0787402,
0.5412491 -0.2362205 0.1102362,
0.5262578 -0.2679616 0.1102362,
0.5094071 -0.2987559 0.1102362,
0.4907565 -0.3284947 0.1102362,
0.4703719 -0.3570727 0.1102362,
0.4483254 -0.3843892 0.1102362,
0.4246948 -0.4103474 0.1102362,
0.3995636 -0.4348558 0.1102362,
0.3730207 -0.4578277 0.1102362,
0.3451598 -0.4791820 0.1102362,
0.3160793 -0.4988432 0.1102362,
0.2858820 -0.5167419 0.1102362,
0.2546746 -0.5328147 0.1102362,
0.2225674 -0.5470050 0.1102362,
0.1896738 -0.5592625 0.1102362,
0.1561100 -0.5695440 0.1102362,
0.1219946 -0.5778131 0.1102362,
0.0874482 -0.5840407 0.1102362,
0.0525928 -0.5882046 0.1102362,
0.0175516 -0.5902903 0.1102362,
-0.0175516 -0.5902903 0.1102362,
-0.0525928 -0.5882046 0.1102362,
-0.0874482 -0.5840407 0.1102362,
-0.1219946 -0.5778131 0.1102362,
-0.1561100 -0.5695440 0.1102362,
-0.1896738 -0.5592625 0.1102362,
-0.2225674 -0.5470050 0.1102362,
-0.2546746 -0.5328147 0.1102362,
-0.2858820 -0.5167419 0.1102362,
-0.3160793 -0.4988432 0.1102362,
-0.3451598 -0.4791820 0.1102362,
-0.3730207 -0.4578277 0.1102362,
-0.3995636 -0.4348558 0.1102362,
-0.4246948 -0.4103474 0.1102362,
-0.4483254 -0.3843892 0.1102362,
-0.4703719 -0.3570727 0.1102362,
-0.4907565 -0.3284947 0.1102362,
-0.5094071 -0.2987559 0.1102362,
-0.5262578 -0.2679616 0.1102362,
-0.5412491 -0.2362205 0.1102362,
-0.6299213 -0.2362205 0.1102362,
-0.5412491 -0.2362205 0.0787402,
-0.6299213 -0.2362205 0.0787402,
-0.6299213 -0.2362205 0.1102362,
-0.6299213 0.2362205 0.1102362,
-0.6299213 -0.2362205 0.0787402,
-0.6299213 0.2362205 0.0787402,
-0.6299213 0.2362205 0.1102362,
-0.5412491 0.2362205 0.1102362,
-0.6299213 0.2362205 0.0787402,
-0.5412491 0.2362205 0.0787402,
-0.5412491 0.2362205 0.0787402,
-0.5412491 0.2362205 0.1102362,
-0.5262578 0.2679616 0.1102362,
-0.5094071 0.2987559 0.1102362,
-0.4907565 0.3284947 0.1102362,
-0.4703719 0.3570727 0.1102362,
-0.4483254 0.3843892 0.1102362,
-0.4246948 0.4103474 0.1102362,
-0.3995636 0.4348558 0.1102362,
-0.3730207 0.4578277 0.1102362,
-0.3451598 0.4791820 0.1102362,
-0.3160793 0.4988432 0.1102362,
-0.2858820 0.5167419 0.1102362,
-0.2546746 0.5328147 0.1102362,
-0.2225674 0.5470050 0.1102362,
-0.1896738 0.5592625 0.1102362,
-0.1561100 0.5695440 0.1102362,
-0.1219946 0.5778131 0.1102362,
-0.0874482 0.5840407 0.1102362,
-0.0525928 0.5882046 0.1102362,
-0.0175516 0.5902903 0.1102362,
0.0175516 0.5902903 0.1102362,
0.0525928 0.5882046 0.1102362,
0.0874482 0.5840407 0.1102362,
0.1219946 0.5778131 0.1102362,
0.1561100 0.5695440 0.1102362,
0.1896738 0.5592625 0.1102362,
0.2225674 0.5470050 0.1102362,
0.2546746 0.5328147 0.1102362,
0.2858820 0.5167419 0.1102362,
0.3160793 0.4988432 0.1102362,
0.3451598 0.4791820 0.1102362,
0.3730207 0.4578277 0.1102362,
0.3995636 0.4348558 0.1102362,
0.4246948 0.4103474 0.1102362,
0.4483254 0.3843892 0.1102362,
0.4703719 0.3570727 0.1102362,
0.4907565 0.3284947 0.1102362,
0.5094071 0.2987559 0.1102362,
0.5262578 0.2679616 0.1102362,
0.5412491 0.2362205 0.1102362,
0.5412491 0.2362205 0.0787402,
-0.5262578 0.2679616 0.0787402,
-0.5094071 0.2987559 0.0787402,
-0.4907565 0.3284947 0.0787402,
-0.4703719 0.3570727 0.0787402,
-0.4483254 0.3843892 0.0787402,
-0.4246948 0.4103474 0.0787402,
-0.3995636 0.4348558 0.0787402,
-0.3730207 0.4578277 0.0787402,
-0.3451598 0.4791820 0.0787402,
-0.3160793 0.4988432 0.0787402,
-0.2858820 0.5167419 0.0787402,
-0.2546746 0.5328147 0.0787402,
-0.2225674 0.5470050 0.0787402,
-0.1896738 0.5592625 0.0787402,
-0.1561100 0.5695440 0.0787402,
-0.1219946 0.5778131 0.0787402,
-0.0874482 0.5840407 0.0787402,
-0.0525928 0.5882046 0.0787402,
-0.0175516 0.5902903 0.0787402,
0.0175516 0.5902903 0.0787402,
0.0525928 0.5882046 0.0787402,
0.0874482 0.5840407 0.0787402,
0.1219946 0.5778131 0.0787402,
0.1561100 0.5695440 0.0787402,
0.1896738 0.5592625 0.0787402,
0.2225674 0.5470050 0.0787402,
0.2546746 0.5328147 0.0787402,
0.2858820 0.5167419 0.0787402,
0.3160793 0.4988432 0.0787402,
0.3451598 0.4791820 0.0787402,
0.3730207 0.4578277 0.0787402,
0.3995636 0.4348558 0.0787402,
0.4246948 0.4103474 0.0787402,
0.4483254 0.3843892 0.0787402,
0.4703719 0.3570727 0.0787402,
0.4907565 0.3284947 0.0787402,
0.5094071 0.2987559 0.0787402,
0.5262578 0.2679616 0.0787402,
0.1329326 0.0787402 0.0039370,
0.1329326 0.0787402 0.0000000,
0.1306147 0.0786719 0.0000000,
0.1283049 0.0784672 0.0000000,
0.1260112 0.0781270 0.0000000,
0.1237415 0.0776523 0.0000000,
0.1215036 0.0770448 0.0000000,
0.1193054 0.0763066 0.0000000,
0.1171545 0.0754402 0.0000000,
0.1150583 0.0744488 0.0000000,
0.1130241 0.0733356 0.0000000,
0.1110590 0.0721046 0.0000000,
0.1091697 0.0707601 0.0000000,
0.1073629 0.0693066 0.0000000,
0.1056448 0.0677493 0.0000000,
0.1040214 0.0660936 0.0000000,
0.1024982 0.0643452 0.0000000,
0.1010807 0.0625101 0.0000000,
0.0997736 0.0605947 0.0000000,
0.0985815 0.0586057 0.0000000,
0.0975087 0.0565500 0.0000000,
0.0965587 0.0544347 0.0000000,
0.0957349 0.0522671 0.0000000,
0.0950401 0.0500548 0.0000000,
0.0944768 0.0478054 0.0000000,
0.0940469 0.0455268 0.0000000,
0.0937518 0.0432268 0.0000000,
0.0935927 0.0409134 0.0000000,
0.0935701 0.0385947 0.0000000,
0.0936840 0.0362786 0.0000000,
0.0939341 0.0339733 0.0000000,
0.0943195 0.0316867 0.0000000,
0.0948388 0.0294268 0.0000000,
0.0954903 0.0272013 0.0000000,
0.0954903 0.0272013 0.0039370,
0.0948388 0.0294268 0.0039370,
0.0943195 0.0316867 0.0039370,
0.0939341 0.0339733 0.0039370,
0.0936840 0.0362786 0.0039370,
0.0935701 0.0385947 0.0039370,
0.0935927 0.0409134 0.0039370,
0.0937518 0.0432268 0.0039370,
0.0940469 0.0455268 0.0039370,
0.0944768 0.0478054 0.0039370,
0.0950401 0.0500548 0.0039370,
0.0957349 0.0522671 0.0039370,
0.0965587 0.0544347 0.0039370,
0.0975087 0.0565500 0.0039370,
0.0985815 0.0586057 0.0039370,
0.0997736 0.0605947 0.0039370,
0.1010807 0.0625101 0.0039370,
0.1024982 0.0643452 0.0039370,
0.1040214 0.0660936 0.0039370,
0.1056448 0.0677493 0.0039370,
0.1073629 0.0693066 0.0039370,
0.1091697 0.0707601 0.0039370,
0.1110590 0.0721046 0.0039370,
0.1130241 0.0733356 0.0039370,
0.1150583 0.0744488 0.0039370,
0.1171545 0.0754402 0.0039370,
0.1193054 0.0763066 0.0039370,
0.1215036 0.0770448 0.0039370,
0.1237415 0.0776523 0.0039370,
0.1260112 0.0781270 0.0039370,
0.1283049 0.0784672 0.0039370,
0.1306147 0.0786719 0.0039370,
0.1210808 -0.0515388 0.0039370,
0.1210808 -0.0515388 0.0000000,
0.1218755 -0.0537561 0.0000000,
0.1228014 -0.0559219 0.0000000,
0.1238552 -0.0580285 0.0000000,
0.1250330 -0.0600683 0.0000000,
0.1263307 -0.0620339 0.0000000,
0.1277436 -0.0639185 0.0000000,
0.1292667 -0.0657152 0.0000000,
0.1308945 -0.0674176 0.0000000,
0.1326212 -0.0690196 0.0000000,
0.1344407 -0.0705155 0.0000000,
0.1363463 -0.0718999 0.0000000,
0.1383313 -0.0731679 0.0000000,
0.1403885 -0.0743149 0.0000000,
0.1425107 -0.0753368 0.0000000,
0.1446902 -0.0762300 0.0000000,
0.1469192 -0.0769913 0.0000000,
0.1491898 -0.0776178 0.0000000,
0.1514937 -0.0781075 0.0000000,
0.1538228 -0.0784586 0.0000000,
0.1561688 -0.0786697 0.0000000,
0.1585231 -0.0787402 0.0000000,
0.1585231 -0.0787402 0.0039370,
0.1561688 -0.0786697 0.0039370,
0.1538228 -0.0784586 0.0039370,
0.1514937 -0.0781075 0.0039370,
0.1491898 -0.0776178 0.0039370,
0.1469192 -0.0769913 0.0039370,
0.1446902 -0.0762300 0.0039370,
0.1425107 -0.0753368 0.0039370,
0.1403885 -0.0743149 0.0039370,
0.1383313 -0.0731679 0.0039370,
0.1363463 -0.0718999 0.0039370,
0.1344407 -0.0705155 0.0039370,
0.1326212 -0.0690196 0.0039370,
0.1308945 -0.0674176 0.0039370,
0.1292667 -0.0657152 0.0039370,
0.1277436 -0.0639185 0.0039370,
0.1263307 -0.0620339 0.0039370,
0.1250330 -0.0600683 0.0039370,
0.1238552 -0.0580285 0.0039370,
0.1228014 -0.0559219 0.0039370,
0.1218755 -0.0537561 0.0039370,
0.2165354 -0.0787402 0.0039370,
0.2165354 -0.0787402 0.0000000,
0.2188246 -0.0786735 0.0000000,
0.2211060 -0.0784740 0.0000000,
0.2233720 -0.0781420 0.0000000,
0.2256148 -0.0776789 0.0000000,
0.2278269 -0.0770862 0.0000000,
0.2300008 -0.0763659 0.0000000,
0.2321291 -0.0755203 0.0000000,
0.2342047 -0.0745525 0.0000000,
0.2362205 -0.0734656 0.0000000,
0.2381696 -0.0722633 0.0000000,
0.2400456 -0.0709497 0.0000000,
0.2418420 -0.0695293 0.0000000,
0.2435528 -0.0680068 0.0000000,
0.2451722 -0.0663875 0.0000000,
0.2466947 -0.0646767 0.0000000,
0.2481151 -0.0628803 0.0000000,
0.2494287 -0.0610043 0.0000000,
0.2506309 -0.0590551 0.0000000,
0.2517178 -0.0570393 0.0000000,
0.2526857 -0.0549638 0.0000000,
0.2535312 -0.0528354 0.0000000,
0.2542516 -0.0506615 0.0000000,
0.2548443 -0.0484494 0.0000000,
0.2553074 -0.0462066 0.0000000,
0.2556393 -0.0439407 0.0000000,
0.2558389 -0.0416592 0.0000000,
0.2559055 -0.0393701 0.0000000,
0.2559055 -0.0393701 0.0039370,
0.2558389 -0.0416592 0.0039370,
0.2556393 -0.0439407 0.0039370,
0.2553074 -0.0462066 0.0039370,
0.2548443 -0.0484494 0.0039370,
0.2542516 -0.0506615 0.0039370,
0.2535312 -0.0528354 0.0039370,
0.2526857 -0.0549638 0.0039370,
0.2517178 -0.0570393 0.0039370,
0.2506309 -0.0590551 0.0039370,
0.2494287 -0.0610043 0.0039370,
0.2481151 -0.0628803 0.0039370,
0.2466947 -0.0646767 0.0039370,
0.2451722 -0.0663875 0.0039370,
0.2435528 -0.0680068 0.0039370,
0.2418420 -0.0695293 0.0039370,
0.2400456 -0.0709497 0.0039370,
0.2381696 -0.0722633 0.0039370,
0.2362205 -0.0734656 0.0039370,
0.2342047 -0.0745525 0.0039370,
0.2321291 -0.0755203 0.0039370,
0.2300008 -0.0763659 0.0039370,
0.2278269 -0.0770862 0.0039370,
0.2256148 -0.0776789 0.0039370,
0.2233720 -0.0781420 0.0039370,
0.2211060 -0.0784740 0.0039370,
0.2188246 -0.0786735 0.0039370,
0.2559055 0.0393701 0.0039370,
0.2559055 0.0393701 0.0000000,
0.2558389 0.0416592 0.0000000,
0.2556393 0.0439407 0.0000000,
0.2553074 0.0462066 0.0000000,
0.2548443 0.0484494 0.0000000,
0.2542516 0.0506615 0.0000000,
0.2535312 0.0528354 0.0000000,
0.2526857 0.0549638 0.0000000,
0.2517178 0.0570393 0.0000000,
0.2506309 0.0590551 0.0000000,
0.2494287 0.0610043 0.0000000,
0.2481151 0.0628803 0.0000000,
0.2466947 0.0646767 0.0000000,
0.2451722 0.0663875 0.0000000,
0.2435528 0.0680068 0.0000000,
0.2418420 0.0695293 0.0000000,
0.2400456 0.0709497 0.0000000,
0.2381696 0.0722633 0.0000000,
0.2362205 0.0734656 0.0000000,
0.2342047 0.0745525 0.0000000,
0.2321291 0.0755203 0.0000000,
0.2300008 0.0763659 0.0000000,
0.2278269 0.0770862 0.0000000,
0.2256148 0.0776789 0.0000000,
0.2233720 0.0781420 0.0000000,
0.2211060 0.0784740 0.0000000,
0.2188246 0.0786735 0.0000000,
0.2165354 0.0787402 0.0000000,
0.2165354 0.0787402 0.0039370,
0.2188246 0.0786735 0.0039370,
0.2211060 0.0784740 0.0039370,
0.2233720 0.0781420 0.0039370,
0.2256148 0.0776789 0.0039370,
0.2278269 0.0770862 0.0039370,
0.2300008 0.0763659 0.0039370,
0.2321291 0.0755203 0.0039370,
0.2342047 0.0745525 0.0039370,
0.2362205 0.0734656 0.0039370,
0.2381696 0.0722633 0.0039370,
0.2400456 0.0709497 0.0039370,
0.2418420 0.0695293 0.0039370,
0.2435528 0.0680068 0.0039370,
0.2451722 0.0663875 0.0039370,
0.2466947 0.0646767 0.0039370,
0.2481151 0.0628803 0.0039370,
0.2494287 0.0610043 0.0039370,
0.2506309 0.0590551 0.0039370,
0.2517178 0.0570393 0.0039370,
0.2526857 0.0549638 0.0039370,
0.2535312 0.0528354 0.0039370,
0.2542516 0.0506615 0.0039370,
0.2548443 0.0484494 0.0039370,
0.2553074 0.0462066 0.0039370,
0.2556393 0.0439407 0.0039370,
0.2558389 0.0416592 0.0039370,
0.5118110 -0.3543307 0.0000000,
0.7128137 -0.3543307 0.0000000,
0.5118110 -0.3543307 0.0118110,
0.7128137 -0.3543307 0.0118110,
0.5118110 -0.3543307 0.0118110,
0.5118110 -0.3543307 0.0000000,
0.5072327 -0.3544639 0.0000000,
0.5026698 -0.3548631 0.0000000,
0.4981379 -0.3555269 0.0000000,
0.4936523 -0.3564532 0.0000000,
0.4892281 -0.3576386 0.0000000,
0.4848803 -0.3590793 0.0000000,
0.4806236 -0.3607704 0.0000000,
0.4764725 -0.3627061 0.0000000,
0.4724409 -0.3648799 0.0000000,
0.4685426 -0.3672844 0.0000000,
0.4647907 -0.3699116 0.0000000,
0.4611978 -0.3727524 0.0000000,
0.4577762 -0.3757974 0.0000000,
0.4545375 -0.3790361 0.0000000,
0.4514926 -0.3824577 0.0000000,
0.4486517 -0.3860505 0.0000000,
0.4460246 -0.3898024 0.0000000,
0.4436200 -0.3937008 0.0000000,
0.4414462 -0.3977323 0.0000000,
0.4395105 -0.4018835 0.0000000,
0.4378195 -0.4061401 0.0000000,
0.4363788 -0.4104879 0.0000000,
0.4351933 -0.4149121 0.0000000,
0.4342671 -0.4193978 0.0000000,
0.4336033 -0.4239297 0.0000000,
0.4332041 -0.4284925 0.0000000,
0.4330709 -0.4330709 0.0000000,
0.4330709 -0.4330709 0.0118110,
0.4332041 -0.4284925 0.0118110,
0.4336033 -0.4239297 0.0118110,
0.4342671 -0.4193978 0.0118110,
0.4351933 -0.4149121 0.0118110,
0.4363788 -0.4104879 0.0118110,
0.4378195 -0.4061401 0.0118110,
0.4395105 -0.4018835 0.0118110,
0.4414462 -0.3977323 0.0118110,
0.4436200 -0.3937008 0.0118110,
0.4460246 -0.3898024 0.0118110,
0.4486517 -0.3860505 0.0118110,
0.4514926 -0.3824577 0.0118110,
0.4545375 -0.3790361 0.0118110,
0.4577762 -0.3757974 0.0118110,
0.4611978 -0.3727524 0.0118110,
0.4647907 -0.3699116 0.0118110,
0.4685426 -0.3672844 0.0118110,
0.4724409 -0.3648799 0.0118110,
0.4764725 -0.3627061 0.0118110,
0.4806236 -0.3607704 0.0118110,
0.4848803 -0.3590793 0.0118110,
0.4892281 -0.3576386 0.0118110,
0.4936523 -0.3564532 0.0118110,
0.4981379 -0.3555269 0.0118110,
0.5026698 -0.3548631 0.0118110,
0.5072327 -0.3544639 0.0118110,
0.4330709 -0.7283465 0.0118110,
0.4330709 -0.7283465 0.0000000,
0.4330709 -0.4330709 0.0118110,
0.4330709 -0.4330709 0.0000000,
-0.4330709 -0.7283465 0.0118110,
-0.4330709 -0.7283465 0.0000000,
-0.4330709 -0.4330709 0.0000000,
-0.4330709 -0.4330709 0.0118110,
-0.4330709 -0.4330709 0.0118110,
-0.4330709 -0.4330709 0.0000000,
-0.4332041 -0.4284925 0.0000000,
-0.4336033 -0.4239297 0.0000000,
-0.4342671 -0.4193978 0.0000000,
-0.4351933 -0.4149121 0.0000000,
-0.4363788 -0.4104879 0.0000000,
-0.4378195 -0.4061401 0.0000000,
-0.4395105 -0.4018835 0.0000000,
-0.4414462 -0.3977323 0.0000000,
-0.4436200 -0.3937008 0.0000000,
-0.4460246 -0.3898024 0.0000000,
-0.4486517 -0.3860505 0.0000000,
-0.4514926 -0.3824577 0.0000000,
-0.4545375 -0.3790361 0.0000000,
-0.4577762 -0.3757974 0.0000000,
-0.4611978 -0.3727524 0.0000000,
-0.4647907 -0.3699116 0.0000000,
-0.4685426 -0.3672844 0.0000000,
-0.4724409 -0.3648799 0.0000000,
-0.4764725 -0.3627061 0.0000000,
-0.4806236 -0.3607704 0.0000000,
-0.4848803 -0.3590793 0.0000000,
-0.4892281 -0.3576386 0.0000000,
-0.4936523 -0.3564532 0.0000000,
-0.4981379 -0.3555269 0.0000000,
-0.5026698 -0.3548631 0.0000000,
-0.5072327 -0.3544639 0.0000000,
-0.5118110 -0.3543307 0.0000000,
-0.5118110 -0.3543307 0.0118110,
-0.5072327 -0.3544639 0.0118110,
-0.5026698 -0.3548631 0.0118110,
-0.4981379 -0.3555269 0.0118110,
-0.4936523 -0.3564532 0.0118110,
-0.4892281 -0.3576386 0.0118110,
-0.4848803 -0.3590793 0.0118110,
-0.4806236 -0.3607704 0.0118110,
-0.4764725 -0.3627061 0.0118110,
-0.4724409 -0.3648799 0.0118110,
-0.4685426 -0.3672844 0.0118110,
-0.4647907 -0.3699116 0.0118110,
-0.4611978 -0.3727524 0.0118110,
-0.4577762 -0.3757974 0.0118110,
-0.4545375 -0.3790361 0.0118110,
-0.4514926 -0.3824577 0.0118110,
-0.4486517 -0.3860505 0.0118110,
-0.4460246 -0.3898024 0.0118110,
-0.4436200 -0.3937008 0.0118110,
-0.4414462 -0.3977323 0.0118110,
-0.4395105 -0.4018835 0.0118110,
-0.4378195 -0.4061401 0.0118110,
-0.4363788 -0.4104879 0.0118110,
-0.4351933 -0.4149121 0.0118110,
-0.4342671 -0.4193978 0.0118110,
-0.4336033 -0.4239297 0.0118110,
-0.4332041 -0.4284925 0.0118110,
-0.5118110 -0.3543307 0.0000000,
-0.5118110 -0.3543307 0.0118110,
-0.7128137 -0.3543307 0.0000000,
-0.7128137 -0.3543307 0.0118110,
-0.0935625 0.0393701 0.0039370,
-0.0936165 0.0373091 0.0039370,
-0.0937783 0.0352538 0.0039370,
-0.0940474 0.0332098 0.0039370,
-0.0944232 0.0311827 0.0039370,
-0.0949046 0.0291781 0.0039370,
-0.0954903 0.0272013 0.0039370,
-0.0954903 0.0272013 0.0000000,
-0.0949046 0.0291781 0.0000000,
-0.0944232 0.0311827 0.0000000,
-0.0940474 0.0332098 0.0000000,
-0.0937783 0.0352538 0.0000000,
-0.0936165 0.0373091 0.0000000,
-0.0935625 0.0393701 0.0000000,
-0.2165354 0.0787402 0.0039370,
-0.2165354 0.0787402 0.0000000,
-0.2188246 0.0786735 0.0000000,
-0.2211060 0.0784740 0.0000000,
-0.2233720 0.0781420 0.0000000,
-0.2256148 0.0776789 0.0000000,
-0.2278269 0.0770862 0.0000000,
-0.2300008 0.0763659 0.0000000,
-0.2321291 0.0755203 0.0000000,
-0.2342047 0.0745525 0.0000000,
-0.2362205 0.0734656 0.0000000,
-0.2381696 0.0722633 0.0000000,
-0.2400456 0.0709497 0.0000000,
-0.2418420 0.0695293 0.0000000,
-0.2435528 0.0680068 0.0000000,
-0.2451722 0.0663875 0.0000000,
-0.2466947 0.0646767 0.0000000,
-0.2481151 0.0628803 0.0000000,
-0.2494287 0.0610043 0.0000000,
-0.2506309 0.0590551 0.0000000,
-0.2517178 0.0570393 0.0000000,
-0.2526857 0.0549638 0.0000000,
-0.2535312 0.0528354 0.0000000,
-0.2542516 0.0506615 0.0000000,
-0.2548443 0.0484494 0.0000000,
-0.2553074 0.0462066 0.0000000,
-0.2556393 0.0439407 0.0000000,
-0.2558389 0.0416592 0.0000000,
-0.2559055 0.0393701 0.0000000,
-0.2559055 0.0393701 0.0039370,
-0.2558389 0.0416592 0.0039370,
-0.2556393 0.0439407 0.0039370,
-0.2553074 0.0462066 0.0039370,
-0.2548443 0.0484494 0.0039370,
-0.2542516 0.0506615 0.0039370,
-0.2535312 0.0528354 0.0039370,
-0.2526857 0.0549638 0.0039370,
-0.2517178 0.0570393 0.0039370,
-0.2506309 0.0590551 0.0039370,
-0.2494287 0.0610043 0.0039370,
-0.2481151 0.0628803 0.0039370,
-0.2466947 0.0646767 0.0039370,
-0.2451722 0.0663875 0.0039370,
-0.2435528 0.0680068 0.0039370,
-0.2418420 0.0695293 0.0039370,
-0.2400456 0.0709497 0.0039370,
-0.2381696 0.0722633 0.0039370,
-0.2362205 0.0734656 0.0039370,
-0.2342047 0.0745525 0.0039370,
-0.2321291 0.0755203 0.0039370,
-0.2300008 0.0763659 0.0039370,
-0.2278269 0.0770862 0.0039370,
-0.2256148 0.0776789 0.0039370,
-0.2233720 0.0781420 0.0039370,
-0.2211060 0.0784740 0.0039370,
-0.2188246 0.0786735 0.0039370,
-0.2559055 -0.0393701 0.0039370,
-0.2559055 -0.0393701 0.0000000,
-0.2558389 -0.0416592 0.0000000,
-0.2556393 -0.0439407 0.0000000,
-0.2553074 -0.0462066 0.0000000,
-0.2548443 -0.0484494 0.0000000,
-0.2542516 -0.0506615 0.0000000,
-0.2535312 -0.0528354 0.0000000,
-0.2526857 -0.0549638 0.0000000,
-0.2517178 -0.0570393 0.0000000,
-0.2506309 -0.0590551 0.0000000,
-0.2494287 -0.0610043 0.0000000,
-0.2481151 -0.0628803 0.0000000,
-0.2466947 -0.0646767 0.0000000,
-0.2451722 -0.0663875 0.0000000,
-0.2435528 -0.0680068 0.0000000,
-0.2418420 -0.0695293 0.0000000,
-0.2400456 -0.0709497 0.0000000,
-0.2381696 -0.0722633 0.0000000,
-0.2362205 -0.0734656 0.0000000,
-0.2342047 -0.0745525 0.0000000,
-0.2321291 -0.0755203 0.0000000,
-0.2300008 -0.0763659 0.0000000,
-0.2278269 -0.0770862 0.0000000,
-0.2256148 -0.0776789 0.0000000,
-0.2233720 -0.0781420 0.0000000,
-0.2211060 -0.0784740 0.0000000,
-0.2188246 -0.0786735 0.0000000,
-0.2165354 -0.0787402 0.0000000,
-0.2165354 -0.0787402 0.0039370,
-0.2188246 -0.0786735 0.0039370,
-0.2211060 -0.0784740 0.0039370,
-0.2233720 -0.0781420 0.0039370,
-0.2256148 -0.0776789 0.0039370,
-0.2278269 -0.0770862 0.0039370,
-0.2300008 -0.0763659 0.0039370,
-0.2321291 -0.0755203 0.0039370,
-0.2342047 -0.0745525 0.0039370,
-0.2362205 -0.0734656 0.0039370,
-0.2381696 -0.0722633 0.0039370,
-0.2400456 -0.0709497 0.0039370,
-0.2418420 -0.0695293 0.0039370,
-0.2435528 -0.0680068 0.0039370,
-0.2451722 -0.0663875 0.0039370,
-0.2466947 -0.0646767 0.0039370,
-0.2481151 -0.0628803 0.0039370,
-0.2494287 -0.0610043 0.0039370,
-0.2506309 -0.0590551 0.0039370,
-0.2517178 -0.0570393 0.0039370,
-0.2526857 -0.0549638 0.0039370,
-0.2535312 -0.0528354 0.0039370,
-0.2542516 -0.0506615 0.0039370,
-0.2548443 -0.0484494 0.0039370,
-0.2553074 -0.0462066 0.0039370,
-0.2556393 -0.0439407 0.0039370,
-0.2558389 -0.0416592 0.0039370,
-0.1585231 -0.0787402 0.0039370,
-0.1585231 -0.0787402 0.0000000,
-0.1561688 -0.0786697 0.0000000,
-0.1538228 -0.0784586 0.0000000,
-0.1514937 -0.0781075 0.0000000,
-0.1491898 -0.0776178 0.0000000,
-0.1469192 -0.0769913 0.0000000,
-0.1446902 -0.0762300 0.0000000,
-0.1425107 -0.0753368 0.0000000,
-0.1403885 -0.0743149 0.0000000,
-0.1383313 -0.0731679 0.0000000,
-0.1363463 -0.0718999 0.0000000,
-0.1344407 -0.0705155 0.0000000,
-0.1326212 -0.0690196 0.0000000,
-0.1308945 -0.0674176 0.0000000,
-0.1292667 -0.0657152 0.0000000,
-0.1277436 -0.0639185 0.0000000,
-0.1263307 -0.0620339 0.0000000,
-0.1250330 -0.0600683 0.0000000,
-0.1238552 -0.0580285 0.0000000,
-0.1228014 -0.0559219 0.0000000,
-0.1218755 -0.0537561 0.0000000,
-0.1210808 -0.0515388 0.0000000,
-0.1210808 -0.0515388 0.0039370,
-0.1218755 -0.0537561 0.0039370,
-0.1228014 -0.0559219 0.0039370,
-0.1238552 -0.0580285 0.0039370,
-0.1250330 -0.0600683 0.0039370,
-0.1263307 -0.0620339 0.0039370,
-0.1277436 -0.0639185 0.0039370,
-0.1292667 -0.0657152 0.0039370,
-0.1308945 -0.0674176 0.0039370,
-0.1326212 -0.0690196 0.0039370,
-0.1344407 -0.0705155 0.0039370,
-0.1363463 -0.0718999 0.0039370,
-0.1383313 -0.0731679 0.0039370,
-0.1403885 -0.0743149 0.0039370,
-0.1425107 -0.0753368 0.0039370,
-0.1446902 -0.0762300 0.0039370,
-0.1469192 -0.0769913 0.0039370,
-0.1491898 -0.0776178 0.0039370,
-0.1514937 -0.0781075 0.0039370,
-0.1538228 -0.0784586 0.0039370,
-0.1561688 -0.0786697 0.0039370,
-0.6048233 -0.4625984 0.0118110,
-0.4370079 -0.4625984 0.0118110,
-0.6054706 -0.4580421 0.0118110,
-0.6063831 -0.4535313 0.0118110,
-0.6075576 -0.4490815 0.0118110,
-0.6089900 -0.4447080 0.0118110,
-0.6106754 -0.4404256 0.0118110,
-0.6126082 -0.4362490 0.0118110,
-0.6147817 -0.4321924 0.0118110,
-0.6171884 -0.4282698 0.0118110,
-0.6198202 -0.4244944 0.0118110,
-0.6226681 -0.4208793 0.0118110,
-0.6257224 -0.4174367 0.0118110,
-0.6289725 -0.4141785 0.0118110,
-0.6324074 -0.4111156 0.0118110,
-0.6360154 -0.4082587 0.0118110,
-0.6397842 -0.4056175 0.0118110,
-0.6437008 -0.4032009 0.0118110,
-0.6860236 -0.3787658 0.0118110,
-0.7128137 -0.3543307 0.0118110,
-0.7100771 -0.3579874 0.0118110,
-0.7071472 -0.3614912 0.0118110,
-0.7040327 -0.3648318 0.0118110,
-0.7007424 -0.3679996 0.0118110,
-0.6972861 -0.3709853 0.0118110,
-0.6936738 -0.3737802 0.0118110,
-0.6899160 -0.3763763 0.0118110,
-0.5118110 -0.3543307 0.0118110,
-0.5072327 -0.3544639 0.0118110,
-0.5026698 -0.3548631 0.0118110,
-0.4981379 -0.3555269 0.0118110,
-0.4936523 -0.3564532 0.0118110,
-0.4892281 -0.3576386 0.0118110,
-0.4848803 -0.3590793 0.0118110,
-0.4806236 -0.3607704 0.0118110,
-0.4764725 -0.3627061 0.0118110,
-0.4724409 -0.3648799 0.0118110,
-0.4685426 -0.3672844 0.0118110,
-0.4647907 -0.3699116 0.0118110,
-0.4611978 -0.3727524 0.0118110,
-0.4577762 -0.3757974 0.0118110,
-0.4545375 -0.3790361 0.0118110,
-0.4514926 -0.3824577 0.0118110,
-0.4486517 -0.3860505 0.0118110,
-0.4460246 -0.3898024 0.0118110,
-0.4436200 -0.3937008 0.0118110,
-0.4414462 -0.3977323 0.0118110,
-0.4395105 -0.4018835 0.0118110,
-0.4378195 -0.4061401 0.0118110,
-0.4363788 -0.4104879 0.0118110,
-0.4351933 -0.4149121 0.0118110,
-0.4342671 -0.4193978 0.0118110,
-0.4336033 -0.4239297 0.0118110,
-0.4332041 -0.4284925 0.0118110,
-0.4330709 -0.4330709 0.0118110,
-0.4330709 -0.7283465 0.0118110,
-0.5255906 -0.7283465 0.0118110,
-0.5301689 -0.7282132 0.0118110,
-0.5347317 -0.7278140 0.0118110,
-0.5392636 -0.7271502 0.0118110,
-0.5437493 -0.7262240 0.0118110,
-0.5481735 -0.7250385 0.0118110,
-0.5525213 -0.7235978 0.0118110,
-0.5567779 -0.7219068 0.0118110,
-0.5609291 -0.7199711 0.0118110,
-0.5649606 -0.7177973 0.0118110,
-0.5688590 -0.7153927 0.0118110,
-0.5726109 -0.7127656 0.0118110,
-0.5762037 -0.7099248 0.0118110,
-0.5796253 -0.7068798 0.0118110,
-0.5828641 -0.7036411 0.0118110,
-0.5859090 -0.7002195 0.0118110,
-0.5887499 -0.6966267 0.0118110,
-0.5913770 -0.6928747 0.0118110,
-0.5937815 -0.6889764 0.0118110,
-0.5959553 -0.6849448 0.0118110,
-0.5978910 -0.6807937 0.0118110,
-0.5995821 -0.6765370 0.0118110,
-0.6010228 -0.6721892 0.0118110,
-0.6022083 -0.6677650 0.0118110,
-0.6031345 -0.6632794 0.0118110,
-0.6037983 -0.6587475 0.0118110,
-0.6041975 -0.6541846 0.0118110,
-0.6043307 -0.6496063 0.0118110,
-0.6043307 -0.6200787 0.0118110,
-0.4370079 -0.6200787 0.0118110,
0.6437008 -0.4032009 0.0118110,
0.6397842 -0.4056175 0.0118110,
0.6360154 -0.4082587 0.0118110,
0.6324074 -0.4111156 0.0118110,
0.6289725 -0.4141785 0.0118110,
0.6257224 -0.4174367 0.0118110,
0.6226681 -0.4208793 0.0118110,
0.6198202 -0.4244944 0.0118110,
0.6171884 -0.4282698 0.0118110,
0.6147817 -0.4321924 0.0118110,
0.6126082 -0.4362490 0.0118110,
0.6106754 -0.4404256 0.0118110,
0.6089900 -0.4447080 0.0118110,
0.6075576 -0.4490815 0.0118110,
0.6063831 -0.4535313 0.0118110,
0.6054706 -0.4580421 0.0118110,
0.6048233 -0.4625984 0.0118110,
0.4370079 -0.4625984 0.0118110,
0.4370079 -0.6200787 0.0118110,
0.6043307 -0.6200787 0.0118110,
0.6043307 -0.6496063 0.0118110,
0.6041975 -0.6541846 0.0118110,
0.6037983 -0.6587475 0.0118110,
0.6031345 -0.6632794 0.0118110,
0.6022083 -0.6677650 0.0118110,
0.6010228 -0.6721892 0.0118110,
0.5995821 -0.6765370 0.0118110,
0.5978910 -0.6807937 0.0118110,
0.5959553 -0.6849448 0.0118110,
0.5937815 -0.6889764 0.0118110,
0.5913770 -0.6928747 0.0118110,
0.5887499 -0.6966267 0.0118110,
0.5859090 -0.7002195 0.0118110,
0.5828641 -0.7036411 0.0118110,
0.5796253 -0.7068798 0.0118110,
0.5762037 -0.7099248 0.0118110,
0.5726109 -0.7127656 0.0118110,
0.5688590 -0.7153927 0.0118110,
0.5649606 -0.7177973 0.0118110,
0.5609291 -0.7199711 0.0118110,
0.5567779 -0.7219068 0.0118110,
0.5525213 -0.7235978 0.0118110,
0.5481735 -0.7250385 0.0118110,
0.5437493 -0.7262240 0.0118110,
0.5392636 -0.7271502 0.0118110,
0.5347317 -0.7278140 0.0118110,
0.5301689 -0.7282132 0.0118110,
0.5255906 -0.7283465 0.0118110,
0.4330709 -0.7283465 0.0118110,
0.4330709 -0.4330709 0.0118110,
0.4332041 -0.4284925 0.0118110,
0.4336033 -0.4239297 0.0118110,
0.4342671 -0.4193978 0.0118110,
0.4351933 -0.4149121 0.0118110,
0.4363788 -0.4104879 0.0118110,
0.4378195 -0.4061401 0.0118110,
0.4395105 -0.4018835 0.0118110,
0.4414462 -0.3977323 0.0118110,
0.4436200 -0.3937008 0.0118110,
0.4460246 -0.3898024 0.0118110,
0.4486517 -0.3860505 0.0118110,
0.4514926 -0.3824577 0.0118110,
0.4545375 -0.3790361 0.0118110,
0.4577762 -0.3757974 0.0118110,
0.4611978 -0.3727524 0.0118110,
0.4647907 -0.3699116 0.0118110,
0.4685426 -0.3672844 0.0118110,
0.4724409 -0.3648799 0.0118110,
0.4764725 -0.3627061 0.0118110,
0.4806236 -0.3607704 0.0118110,
0.4848803 -0.3590793 0.0118110,
0.4892281 -0.3576386 0.0118110,
0.4936523 -0.3564532 0.0118110,
0.4981379 -0.3555269 0.0118110,
0.5026698 -0.3548631 0.0118110,
0.5072327 -0.3544639 0.0118110,
0.5118110 -0.3543307 0.0118110,
0.7128137 -0.3543307 0.0118110,
0.7100771 -0.3579874 0.0118110,
0.7071472 -0.3614912 0.0118110,
0.7040327 -0.3648318 0.0118110,
0.7007424 -0.3679996 0.0118110,
0.6972861 -0.3709853 0.0118110,
0.6936738 -0.3737802 0.0118110,
0.6899160 -0.3763763 0.0118110,
0.6860236 -0.3787658 0.0118110,
0.5412491 0.2362205 0.0787402,
0.6299213 0.2362205 0.0787402,
0.6299213 -0.2362205 0.0787402,
0.5412491 -0.2362205 0.0787402,
0.5262578 -0.2679616 0.0787402,
0.5094071 -0.2987559 0.0787402,
0.4907565 -0.3284947 0.0787402,
0.4703719 -0.3570727 0.0787402,
0.4483254 -0.3843892 0.0787402,
0.4246948 -0.4103474 0.0787402,
0.3995636 -0.4348558 0.0787402,
0.3730207 -0.4578277 0.0787402,
0.3451598 -0.4791820 0.0787402,
0.3160793 -0.4988432 0.0787402,
0.2858820 -0.5167419 0.0787402,
0.2546746 -0.5328147 0.0787402,
0.2225674 -0.5470050 0.0787402,
0.1896738 -0.5592625 0.0787402,
0.1561100 -0.5695440 0.0787402,
0.1219946 -0.5778131 0.0787402,
0.0874482 -0.5840407 0.0787402,
0.0525928 -0.5882046 0.0787402,
0.0175516 -0.5902903 0.0787402,
-0.0175516 -0.5902903 0.0787402,
-0.0525928 -0.5882046 0.0787402,
-0.0874482 -0.5840407 0.0787402,
-0.1219946 -0.5778131 0.0787402,
-0.1561100 -0.5695440 0.0787402,
-0.1896738 -0.5592625 0.0787402,
-0.2225674 -0.5470050 0.0787402,
-0.2546746 -0.5328147 0.0787402,
-0.2858820 -0.5167419 0.0787402,
-0.3160793 -0.4988432 0.0787402,
-0.3451598 -0.4791820 0.0787402,
-0.3730207 -0.4578277 0.0787402,
-0.3995636 -0.4348558 0.0787402,
-0.4246948 -0.4103474 0.0787402,
-0.4483254 -0.3843892 0.0787402,
-0.4703719 -0.3570727 0.0787402,
-0.4907565 -0.3284947 0.0787402,
-0.5094071 -0.2987559 0.0787402,
-0.5262578 -0.2679616 0.0787402,
-0.5412491 -0.2362205 0.0787402,
-0.6299213 -0.2362205 0.0787402,
-0.6299213 0.2362205 0.0787402,
-0.5412491 0.2362205 0.0787402,
-0.5262578 0.2679616 0.0787402,
-0.5094071 0.2987559 0.0787402,
-0.4907565 0.3284947 0.0787402,
-0.4703719 0.3570727 0.0787402,
-0.4483254 0.3843892 0.0787402,
-0.4246948 0.4103474 0.0787402,
-0.3995636 0.4348558 0.0787402,
-0.3730207 0.4578277 0.0787402,
-0.3451598 0.4791820 0.0787402,
-0.3160793 0.4988432 0.0787402,
-0.2858820 0.5167419 0.0787402,
-0.2546746 0.5328147 0.0787402,
-0.2225674 0.5470050 0.0787402,
-0.1896738 0.5592625 0.0787402,
-0.1561100 0.5695440 0.0787402,
-0.1219946 0.5778131 0.0787402,
-0.0874482 0.5840407 0.0787402,
-0.0525928 0.5882046 0.0787402,
-0.0175516 0.5902903 0.0787402,
0.0175516 0.5902903 0.0787402,
0.0525928 0.5882046 0.0787402,
0.0874482 0.5840407 0.0787402,
0.1219946 0.5778131 0.0787402,
0.1561100 0.5695440 0.0787402,
0.1896738 0.5592625 0.0787402,
0.2225674 0.5470050 0.0787402,
0.2546746 0.5328147 0.0787402,
0.2858820 0.5167419 0.0787402,
0.3160793 0.4988432 0.0787402,
0.3451598 0.4791820 0.0787402,
0.3730207 0.4578277 0.0787402,
0.3995636 0.4348558 0.0787402,
0.4246948 0.4103474 0.0787402,
0.4483254 0.3843892 0.0787402,
0.4703719 0.3570727 0.0787402,
0.4907565 0.3284947 0.0787402,
0.5094071 0.2987559 0.0787402,
0.5262578 0.2679616 0.0787402,
] } coordIndex [
29,28,27,-1,
30,29,27,-1,
31,30,26,-1,
30,27,26,-1,
32,31,25,-1,
31,26,25,-1,
33,32,24,-1,
32,25,24,-1,
34,33,23,-1,
33,24,23,-1,
35,34,22,-1,
34,23,22,-1,
36,35,21,-1,
35,22,21,-1,
37,36,20,-1,
36,21,20,-1,
38,37,19,-1,
37,20,19,-1,
38,19,18,-1,
39,38,18,-1,
39,18,17,-1,
40,39,17,-1,
40,17,16,-1,
41,40,16,-1,
41,16,15,-1,
42,41,15,-1,
42,15,14,-1,
43,42,14,-1,
43,14,13,-1,
44,43,13,-1,
44,13,12,-1,
45,44,12,-1,
45,12,11,-1,
46,45,11,-1,
46,11,10,-1,
47,46,10,-1,
47,10,9,-1,
48,47,9,-1,
48,9,8,-1,
49,48,8,-1,
49,8,7,-1,
50,49,7,-1,
50,7,6,-1,
51,50,6,-1,
51,6,5,-1,
52,51,5,-1,
53,52,4,-1,
52,5,4,-1,
54,53,3,-1,
53,4,3,-1,
55,54,2,-1,
54,3,2,-1,
0,55,1,-1,
55,2,1,-1,
57,85,86,-1,
79,80,81,-1,
76,77,78,-1,
71,72,73,-1,
70,73,74,-1,
70,71,73,-1,
66,67,68,-1,
64,65,66,-1,
60,61,62,-1,
60,62,63,-1,
60,63,64,-1,
58,60,64,-1,
58,59,60,-1,
58,79,81,-1,
58,76,78,-1,
58,70,74,-1,
58,68,69,-1,
58,69,70,-1,
58,66,68,-1,
58,74,75,-1,
58,75,76,-1,
58,78,79,-1,
58,81,82,-1,
58,82,83,-1,
58,83,84,-1,
58,84,85,-1,
58,64,66,-1,
58,85,57,-1,
56,58,57,-1,
87,141,57,-1,
90,88,89,-1,
91,87,88,-1,
91,88,90,-1,
93,91,92,-1,
93,87,91,-1,
97,95,96,-1,
98,94,95,-1,
98,95,97,-1,
99,94,98,-1,
102,99,100,-1,
102,100,101,-1,
104,93,94,-1,
104,102,103,-1,
104,94,99,-1,
104,99,102,-1,
106,104,105,-1,
108,106,107,-1,
109,104,106,-1,
109,106,108,-1,
111,109,110,-1,
139,140,141,-1,
112,109,111,-1,
112,104,109,-1,
114,104,112,-1,
114,139,141,-1,
114,141,87,-1,
114,112,113,-1,
114,87,93,-1,
114,93,104,-1,
114,138,139,-1,
137,138,114,-1,
136,137,114,-1,
135,136,114,-1,
134,135,114,-1,
133,134,114,-1,
132,133,114,-1,
131,132,114,-1,
130,131,114,-1,
129,130,114,-1,
128,129,114,-1,
127,128,114,-1,
126,127,114,-1,
125,126,114,-1,
124,125,114,-1,
123,124,114,-1,
121,122,123,-1,
119,121,123,-1,
119,120,121,-1,
116,117,118,-1,
115,123,114,-1,
115,119,123,-1,
115,116,118,-1,
115,118,119,-1,
86,87,57,-1,
143,142,144,-1,
143,144,145,-1,
146,143,145,-1,
148,147,175,-1,
148,202,201,-1,
148,175,202,-1,
149,201,200,-1,
149,148,201,-1,
150,200,199,-1,
150,149,200,-1,
151,199,198,-1,
151,150,199,-1,
152,198,197,-1,
152,151,198,-1,
153,197,196,-1,
153,152,197,-1,
154,196,195,-1,
154,153,196,-1,
155,195,194,-1,
155,154,195,-1,
156,194,193,-1,
156,155,194,-1,
157,156,193,-1,
157,193,192,-1,
158,157,192,-1,
158,192,191,-1,
159,158,191,-1,
159,191,190,-1,
160,159,190,-1,
160,190,189,-1,
161,160,189,-1,
161,189,188,-1,
162,161,188,-1,
162,188,187,-1,
163,162,187,-1,
163,187,186,-1,
164,163,186,-1,
164,186,185,-1,
165,164,185,-1,
165,185,184,-1,
166,184,183,-1,
166,165,184,-1,
167,183,182,-1,
167,166,183,-1,
168,182,181,-1,
168,167,182,-1,
169,181,180,-1,
169,168,181,-1,
170,180,179,-1,
170,169,180,-1,
171,179,178,-1,
171,170,179,-1,
172,178,177,-1,
172,171,178,-1,
173,177,176,-1,
173,172,177,-1,
174,173,176,-1,
269,270,271,-1,
267,268,269,-1,
280,278,279,-1,
265,266,267,-1,
263,264,265,-1,
261,262,263,-1,
259,265,267,-1,
259,267,269,-1,
259,263,265,-1,
259,260,261,-1,
259,271,272,-1,
259,272,273,-1,
259,273,274,-1,
259,274,275,-1,
259,269,271,-1,
259,261,263,-1,
286,278,280,-1,
286,259,275,-1,
286,275,276,-1,
286,276,277,-1,
286,277,278,-1,
286,280,281,-1,
286,281,282,-1,
286,282,283,-1,
286,283,284,-1,
286,284,285,-1,
228,227,226,-1,
222,224,223,-1,
229,226,225,-1,
229,228,226,-1,
221,225,224,-1,
221,229,225,-1,
221,224,222,-1,
288,259,286,-1,
288,258,259,-1,
288,286,287,-1,
204,203,205,-1,
230,205,206,-1,
230,206,207,-1,
230,207,208,-1,
230,208,209,-1,
230,209,210,-1,
230,210,211,-1,
230,211,212,-1,
230,212,213,-1,
230,213,214,-1,
230,214,215,-1,
230,215,216,-1,
230,216,217,-1,
230,217,218,-1,
230,218,219,-1,
230,219,220,-1,
230,220,221,-1,
230,221,222,-1,
230,257,204,-1,
230,204,205,-1,
254,255,256,-1,
253,254,256,-1,
234,232,233,-1,
250,251,252,-1,
249,250,252,-1,
249,252,253,-1,
238,232,234,-1,
238,230,231,-1,
238,231,232,-1,
238,234,235,-1,
238,235,236,-1,
238,236,237,-1,
239,230,238,-1,
247,248,249,-1,
246,249,253,-1,
246,253,256,-1,
246,247,249,-1,
241,239,240,-1,
242,239,241,-1,
244,245,246,-1,
243,257,230,-1,
243,230,239,-1,
243,246,256,-1,
243,239,242,-1,
243,244,246,-1,
243,256,257,-1,
257,258,204,-1,
204,258,288,-1,
291,290,289,-1,
292,291,327,-1,
291,289,327,-1,
293,292,326,-1,
294,293,326,-1,
292,327,326,-1,
295,294,325,-1,
294,326,325,-1,
296,295,324,-1,
295,325,324,-1,
297,296,323,-1,
296,324,323,-1,
298,297,322,-1,
297,323,322,-1,
299,298,321,-1,
298,322,321,-1,
300,299,320,-1,
299,321,320,-1,
301,300,319,-1,
300,320,319,-1,
302,301,318,-1,
301,319,318,-1,
303,302,317,-1,
302,318,317,-1,
304,303,316,-1,
303,317,316,-1,
305,304,315,-1,
304,316,315,-1,
305,315,314,-1,
306,305,314,-1,
306,314,313,-1,
307,306,313,-1,
307,313,312,-1,
308,307,312,-1,
308,312,311,-1,
309,308,311,-1,
309,311,310,-1,
331,328,329,-1,
331,329,330,-1,
360,361,371,-1,
359,371,370,-1,
359,360,371,-1,
358,370,369,-1,
358,359,370,-1,
357,369,368,-1,
357,358,369,-1,
356,368,367,-1,
356,357,368,-1,
355,367,366,-1,
355,356,367,-1,
354,366,365,-1,
354,355,366,-1,
353,365,364,-1,
353,354,365,-1,
352,364,363,-1,
352,353,364,-1,
332,362,333,-1,
351,363,362,-1,
351,352,363,-1,
350,351,362,-1,
350,362,332,-1,
349,332,334,-1,
349,350,332,-1,
348,334,335,-1,
348,349,334,-1,
347,335,336,-1,
347,348,335,-1,
346,336,337,-1,
346,347,336,-1,
345,337,338,-1,
345,346,337,-1,
344,338,339,-1,
344,345,338,-1,
343,339,340,-1,
343,344,339,-1,
342,340,341,-1,
342,343,340,-1,
372,373,374,-1,
373,375,374,-1,
377,376,431,-1,
378,377,431,-1,
379,378,430,-1,
378,431,430,-1,
380,379,429,-1,
379,430,429,-1,
381,380,428,-1,
380,429,428,-1,
382,381,427,-1,
381,428,427,-1,
383,382,426,-1,
382,427,426,-1,
384,383,425,-1,
383,426,425,-1,
385,384,424,-1,
384,425,424,-1,
386,385,423,-1,
385,424,423,-1,
386,423,422,-1,
387,386,422,-1,
387,422,421,-1,
388,387,421,-1,
388,421,420,-1,
389,388,420,-1,
390,389,419,-1,
389,420,419,-1,
391,390,418,-1,
390,419,418,-1,
392,391,417,-1,
391,418,417,-1,
393,392,416,-1,
392,417,416,-1,
394,393,415,-1,
393,416,415,-1,
395,394,414,-1,
394,415,414,-1,
396,395,413,-1,
395,414,413,-1,
397,396,412,-1,
396,413,412,-1,
398,397,411,-1,
397,412,411,-1,
399,398,410,-1,
398,411,410,-1,
400,399,409,-1,
399,410,409,-1,
401,400,408,-1,
400,409,408,-1,
402,401,407,-1,
401,408,407,-1,
403,402,406,-1,
402,407,406,-1,
403,406,405,-1,
404,403,405,-1,
434,433,432,-1,
435,434,432,-1,
443,442,436,-1,
442,441,439,-1,
436,442,439,-1,
437,436,438,-1,
436,439,438,-1,
439,441,440,-1,
445,444,472,-1,
445,472,499,-1,
446,499,498,-1,
446,445,499,-1,
447,498,497,-1,
447,446,498,-1,
448,497,496,-1,
448,447,497,-1,
449,496,495,-1,
449,448,496,-1,
450,495,494,-1,
450,449,495,-1,
451,494,493,-1,
451,450,494,-1,
452,493,492,-1,
452,451,493,-1,
453,492,491,-1,
453,452,492,-1,
454,453,491,-1,
454,491,490,-1,
455,454,490,-1,
455,490,489,-1,
456,455,489,-1,
456,489,488,-1,
457,456,488,-1,
457,488,487,-1,
458,457,487,-1,
458,487,486,-1,
459,458,486,-1,
459,486,485,-1,
460,459,485,-1,
460,485,484,-1,
461,460,484,-1,
461,484,483,-1,
462,461,483,-1,
462,483,482,-1,
463,482,481,-1,
463,462,482,-1,
464,463,481,-1,
464,481,480,-1,
465,480,479,-1,
465,464,480,-1,
466,479,478,-1,
466,465,479,-1,
467,478,477,-1,
467,466,478,-1,
468,477,476,-1,
468,467,477,-1,
469,476,475,-1,
469,468,476,-1,
470,474,473,-1,
470,475,474,-1,
470,469,475,-1,
471,470,473,-1,
503,501,502,-1,
500,503,504,-1,
500,501,503,-1,
508,507,505,-1,
506,508,505,-1,
510,509,564,-1,
511,510,564,-1,
512,511,563,-1,
511,564,563,-1,
513,512,562,-1,
512,563,562,-1,
514,513,561,-1,
513,562,561,-1,
515,514,560,-1,
514,561,560,-1,
516,515,559,-1,
515,560,559,-1,
517,516,558,-1,
516,559,558,-1,
518,517,557,-1,
517,558,557,-1,
519,518,556,-1,
518,557,556,-1,
519,556,555,-1,
520,519,555,-1,
520,555,554,-1,
521,520,554,-1,
521,554,553,-1,
522,521,553,-1,
523,522,552,-1,
522,553,552,-1,
524,523,551,-1,
523,552,551,-1,
525,524,550,-1,
524,551,550,-1,
526,525,549,-1,
525,550,549,-1,
527,526,548,-1,
526,549,548,-1,
528,527,547,-1,
527,548,547,-1,
529,528,546,-1,
528,547,546,-1,
530,529,545,-1,
529,546,545,-1,
531,530,544,-1,
530,545,544,-1,
532,531,543,-1,
531,544,543,-1,
533,532,542,-1,
532,543,542,-1,
534,533,541,-1,
533,542,541,-1,
535,534,540,-1,
534,541,540,-1,
536,535,539,-1,
535,540,539,-1,
536,539,538,-1,
537,536,538,-1,
568,567,565,-1,
566,568,565,-1,
582,600,608,-1,
583,608,607,-1,
583,582,608,-1,
584,607,606,-1,
584,583,607,-1,
585,606,605,-1,
585,584,606,-1,
586,605,604,-1,
586,585,605,-1,
587,604,603,-1,
587,586,604,-1,
588,603,602,-1,
588,587,603,-1,
570,601,569,-1,
589,602,601,-1,
589,588,602,-1,
590,589,601,-1,
590,601,570,-1,
591,570,571,-1,
591,590,570,-1,
592,571,572,-1,
592,591,571,-1,
593,572,573,-1,
593,592,572,-1,
594,573,574,-1,
594,593,573,-1,
595,574,575,-1,
595,594,574,-1,
596,595,575,-1,
596,575,576,-1,
597,596,576,-1,
597,576,577,-1,
598,577,578,-1,
598,597,577,-1,
599,578,579,-1,
599,598,578,-1,
581,599,579,-1,
581,579,580,-1,
611,610,609,-1,
612,610,611,-1,
614,613,651,-1,
615,614,651,-1,
616,615,650,-1,
615,651,650,-1,
617,616,649,-1,
616,650,649,-1,
618,617,648,-1,
617,649,648,-1,
619,618,647,-1,
618,648,647,-1,
620,619,646,-1,
619,647,646,-1,
621,620,645,-1,
620,646,645,-1,
622,621,644,-1,
621,645,644,-1,
623,622,643,-1,
622,644,643,-1,
624,623,642,-1,
623,643,642,-1,
625,624,641,-1,
624,642,641,-1,
626,625,640,-1,
625,641,640,-1,
627,626,639,-1,
626,640,639,-1,
628,627,638,-1,
627,639,638,-1,
628,638,637,-1,
629,628,637,-1,
629,637,636,-1,
630,629,636,-1,
631,630,636,-1,
631,636,635,-1,
632,631,635,-1,
632,635,634,-1,
633,632,634,-1,
870,871,872,-1,
870,872,873,-1,
865,866,850,-1,
866,867,850,-1,
867,868,850,-1,
868,869,850,-1,
869,870,850,-1,
873,874,850,-1,
874,875,850,-1,
875,876,850,-1,
876,877,850,-1,
870,873,850,-1,
854,855,851,-1,
855,856,851,-1,
856,857,851,-1,
857,858,851,-1,
858,859,851,-1,
859,860,851,-1,
860,861,851,-1,
861,862,851,-1,
862,863,851,-1,
863,864,851,-1,
864,865,851,-1,
865,850,851,-1,
852,853,851,-1,
853,854,851,-1,
897,879,999,-1,
898,897,999,-1,
899,898,999,-1,
900,899,999,-1,
901,900,999,-1,
902,901,999,-1,
903,902,999,-1,
904,903,999,-1,
905,904,999,-1,
906,905,999,-1,
907,906,999,-1,
908,907,999,-1,
909,908,999,-1,
910,909,999,-1,
911,910,999,-1,
912,911,999,-1,
913,912,999,-1,
914,913,999,-1,
915,914,999,-1,
896,878,949,-1,
949,878,948,-1,
892,893,950,-1,
893,894,950,-1,
894,895,950,-1,
895,896,950,-1,
896,949,950,-1,
851,850,947,-1,
878,851,947,-1,
948,878,947,-1,
892,950,951,-1,
888,889,951,-1,
889,890,951,-1,
890,891,951,-1,
891,892,951,-1,
947,850,946,-1,
883,884,952,-1,
884,885,952,-1,
885,886,952,-1,
886,887,952,-1,
887,888,952,-1,
888,951,952,-1,
946,850,945,-1,
879,880,953,-1,
880,881,953,-1,
881,882,953,-1,
882,883,953,-1,
883,952,953,-1,
945,850,944,-1,
999,879,954,-1,
879,953,954,-1,
944,850,943,-1,
999,954,955,-1,
943,850,942,-1,
942,850,941,-1,
941,850,940,-1,
940,850,939,-1,
939,850,938,-1,
938,850,937,-1,
937,850,936,-1,
936,850,935,-1,
665,666,998,-1,
666,667,998,-1,
667,668,998,-1,
668,669,998,-1,
669,670,998,-1,
670,915,998,-1,
915,999,998,-1,
665,998,664,-1,
664,998,663,-1,
663,998,662,-1,
662,998,661,-1,
661,998,660,-1,
660,998,659,-1,
659,998,658,-1,
658,998,657,-1,
657,998,656,-1,
656,998,655,-1,
655,998,654,-1,
654,998,653,-1,
653,998,652,-1,
998,959,960,-1,
652,998,671,-1,
998,960,671,-1,
686,687,961,-1,
687,688,961,-1,
688,689,961,-1,
689,671,961,-1,
671,960,961,-1,
935,850,823,-1,
927,928,823,-1,
928,929,823,-1,
929,930,823,-1,
930,931,823,-1,
931,932,823,-1,
932,933,823,-1,
933,934,823,-1,
934,935,823,-1,
927,823,926,-1,
825,826,827,-1,
825,827,828,-1,
825,828,829,-1,
824,825,829,-1,
681,682,962,-1,
682,683,962,-1,
683,684,962,-1,
684,685,962,-1,
685,686,962,-1,
686,961,962,-1,
824,829,831,-1,
823,824,831,-1,
829,830,831,-1,
823,831,834,-1,
831,832,834,-1,
832,833,834,-1,
926,823,925,-1,
834,835,836,-1,
834,836,837,-1,
681,962,963,-1,
677,678,963,-1,
678,679,963,-1,
679,680,963,-1,
680,681,963,-1,
834,837,839,-1,
837,838,839,-1,
823,834,840,-1,
834,839,840,-1,
823,840,842,-1,
840,841,842,-1,
925,823,924,-1,
823,842,843,-1,
823,843,845,-1,
843,844,845,-1,
677,963,964,-1,
673,674,964,-1,
674,675,964,-1,
675,676,964,-1,
676,677,964,-1,
823,845,848,-1,
845,846,848,-1,
846,847,848,-1,
823,848,822,-1,
924,823,822,-1,
848,849,822,-1,
672,673,965,-1,
673,964,965,-1,
672,965,966,-1,
716,717,715,-1,
715,717,714,-1,
717,690,714,-1,
712,713,711,-1,
690,672,967,-1,
672,966,967,-1,
711,713,710,-1,
713,714,710,-1,
709,710,708,-1,
708,710,707,-1,
710,714,706,-1,
707,710,706,-1,
714,690,704,-1,
706,714,704,-1,
705,706,704,-1,
922,923,804,-1,
923,924,804,-1,
924,822,804,-1,
704,690,703,-1,
921,922,805,-1,
922,804,805,-1,
703,690,702,-1,
921,805,806,-1,
921,806,807,-1,
702,690,700,-1,
701,702,700,-1,
921,807,808,-1,
921,808,809,-1,
920,921,809,-1,
920,809,810,-1,
699,700,698,-1,
920,810,811,-1,
920,811,812,-1,
697,698,696,-1,
700,690,696,-1,
698,700,696,-1,
919,920,813,-1,
920,812,813,-1,
919,813,814,-1,
694,695,693,-1,
919,814,815,-1,
695,696,692,-1,
693,695,692,-1,
919,815,816,-1,
967,968,691,-1,
968,969,691,-1,
696,690,691,-1,
692,696,691,-1,
690,967,691,-1,
919,816,817,-1,
918,919,818,-1,
919,817,818,-1,
918,818,819,-1,
918,819,820,-1,
691,969,970,-1,
918,820,821,-1,
918,821,803,-1,
918,803,917,-1,
691,970,971,-1,
691,971,972,-1,
691,972,973,-1,
917,803,956,-1,
785,786,956,-1,
786,787,956,-1,
787,788,956,-1,
788,789,956,-1,
789,790,956,-1,
790,791,956,-1,
791,792,956,-1,
792,793,956,-1,
793,794,956,-1,
794,795,956,-1,
795,796,956,-1,
796,797,956,-1,
803,785,956,-1,
916,917,956,-1,
956,797,798,-1,
956,798,799,-1,
956,799,800,-1,
956,800,801,-1,
691,973,974,-1,
956,801,802,-1,
956,802,784,-1,
691,974,975,-1,
691,975,976,-1,
691,976,977,-1,
691,977,978,-1,
997,958,957,-1,
957,956,783,-1,
956,784,783,-1,
957,783,782,-1,
957,782,781,-1,
995,996,751,-1,
752,995,751,-1,
751,996,750,-1,
995,752,753,-1,
750,996,749,-1,
995,753,754,-1,
995,754,755,-1,
749,996,748,-1,
748,996,747,-1,
996,997,747,-1,
997,957,747,-1,
994,995,756,-1,
995,755,756,-1,
957,781,780,-1,
994,756,757,-1,
994,757,758,-1,
957,780,779,-1,
994,758,759,-1,
957,779,778,-1,
993,994,760,-1,
994,759,760,-1,
957,778,777,-1,
993,760,761,-1,
957,777,776,-1,
957,776,775,-1,
993,761,762,-1,
747,957,765,-1,
957,775,774,-1,
957,774,773,-1,
765,957,766,-1,
993,762,763,-1,
766,957,767,-1,
957,773,772,-1,
767,957,768,-1,
957,772,771,-1,
768,957,769,-1,
957,771,770,-1,
769,957,770,-1,
992,993,764,-1,
993,763,764,-1,
990,991,746,-1,
991,992,746,-1,
992,764,746,-1,
990,746,719,-1,
978,979,718,-1,
979,980,718,-1,
980,981,718,-1,
981,982,718,-1,
982,983,718,-1,
983,984,718,-1,
984,985,718,-1,
985,986,718,-1,
986,987,718,-1,
987,988,718,-1,
988,989,718,-1,
989,990,718,-1,
691,978,718,-1,
990,719,718,-1,
719,720,721,-1,
721,722,723,-1,
721,723,724,-1,
742,743,741,-1,
743,744,741,-1,
744,745,741,-1,
745,718,741,-1,
721,724,725,-1,
721,725,726,-1,
740,741,739,-1,
739,741,738,-1,
719,721,738,-1,
718,719,738,-1,
741,718,738,-1,
727,728,729,-1,
721,726,730,-1,
727,729,730,-1,
726,727,730,-1,
736,737,735,-1,
735,737,734,-1,
737,738,734,-1,
738,721,733,-1,
721,730,733,-1,
734,738,733,-1,
730,731,733,-1,
731,732,733,-1,
1001,1000,1003,-1,
1002,1001,1003,-1,
1076,1077,1080,-1,
1077,1078,1080,-1,
1078,1079,1080,-1,
1076,1080,1084,-1,
1075,1076,1084,-1,
1080,1081,1084,-1,
1081,1082,1084,-1,
1082,1083,1084,-1,
1075,1084,1074,-1,
1084,1085,1074,-1,
1114,1881,1882,-1,
1881,1114,1880,-1,
1114,1882,1883,-1,
1880,1114,1879,-1,
1114,1883,1884,-1,
1879,1114,1878,-1,
1114,1884,1885,-1,
1878,1114,1877,-1,
1114,1885,1886,-1,
1877,1114,1876,-1,
1114,1886,1887,-1,
1876,1114,1875,-1,
1114,1887,1888,-1,
1875,1114,1874,-1,
1114,1888,1889,-1,
1874,1114,1873,-1,
1114,1889,1890,-1,
1873,1114,1872,-1,
1114,1890,1891,-1,
1872,1114,1871,-1,
1114,1891,1892,-1,
1114,1892,1893,-1,
1114,1893,1894,-1,
1114,1894,1895,-1,
1114,1895,1896,-1,
1114,1896,1897,-1,
1114,1897,1898,-1,
1114,1898,1899,-1,
1114,1899,1900,-1,
1863,1864,1087,-1,
1864,1865,1087,-1,
1865,1866,1087,-1,
1866,1867,1087,-1,
1867,1868,1087,-1,
1868,1869,1087,-1,
1869,1870,1087,-1,
1870,1871,1087,-1,
1871,1114,1087,-1,
1075,1074,1086,-1,
1863,1087,1862,-1,
1114,1900,1901,-1,
1862,1087,1861,-1,
1861,1087,1860,-1,
1860,1087,1859,-1,
1859,1087,1858,-1,
1858,1087,1857,-1,
1857,1087,1856,-1,
1856,1087,1855,-1,
1855,1087,1854,-1,
1087,1088,1853,-1,
1854,1087,1853,-1,
1853,1088,1852,-1,
1088,1089,1852,-1,
1852,1089,1851,-1,
1089,1090,1851,-1,
1851,1090,1850,-1,
1090,1091,1850,-1,
1850,1091,1849,-1,
1091,1092,1849,-1,
1092,1093,1848,-1,
1849,1092,1848,-1,
1848,1093,1847,-1,
1093,1094,1847,-1,
1847,1094,1846,-1,
1094,1095,1846,-1,
1846,1095,1845,-1,
1095,1096,1845,-1,
1845,1096,1844,-1,
1096,1097,1844,-1,
1844,1097,1843,-1,
1097,1098,1843,-1,
1843,1098,1842,-1,
1074,2305,2306,-1,
2305,1074,2304,-1,
1074,2306,2307,-1,
2304,1074,2303,-1,
1074,2307,2308,-1,
2303,1074,2302,-1,
1074,2308,2309,-1,
2302,1074,2301,-1,
1074,2309,2310,-1,
2301,1074,2300,-1,
1074,2310,2311,-1,
2300,1074,2299,-1,
1074,2311,2312,-1,
2299,1074,2298,-1,
1074,2312,2313,-1,
2298,1074,2297,-1,
1074,2313,2314,-1,
2297,1074,2296,-1,
1074,2314,2315,-1,
2296,1074,2295,-1,
1074,2315,2316,-1,
2295,1074,2294,-1,
1074,2316,2317,-1,
2294,1074,2293,-1,
1086,1074,2318,-1,
1074,2317,2318,-1,
2293,1074,2292,-1,
1086,2318,2319,-1,
1086,2319,2320,-1,
1086,2320,2321,-1,
1086,2321,2322,-1,
1086,2322,2323,-1,
1086,2323,2324,-1,
1113,1086,2325,-1,
1086,2324,2325,-1,
1112,1113,2326,-1,
1113,2325,2326,-1,
1111,1112,2327,-1,
1112,2326,2327,-1,
1111,2327,2328,-1,
1110,1111,2328,-1,
1109,1110,2329,-1,
1110,2328,2329,-1,
1914,1915,1775,-1,
1913,1914,1776,-1,
1914,1775,1776,-1,
1775,1915,1774,-1,
1915,1916,1774,-1,
1912,1913,1777,-1,
1913,1776,1777,-1,
1916,1917,1773,-1,
1774,1916,1773,-1,
1108,1109,2330,-1,
1109,2329,2330,-1,
1912,1777,1778,-1,
1911,1912,1778,-1,
1917,1918,1772,-1,
1773,1917,1772,-1,
1911,1778,1779,-1,
1910,1911,1779,-1,
1918,1919,1771,-1,
1772,1918,1771,-1,
1910,1779,1780,-1,
1909,1910,1780,-1,
1919,1920,1770,-1,
1771,1919,1770,-1,
1909,1780,1781,-1,
1908,1909,1781,-1,
1920,1815,1769,-1,
1770,1920,1769,-1,
1107,1108,2331,-1,
1108,2330,2331,-1,
1908,1781,1782,-1,
1907,1908,1782,-1,
1815,1816,1768,-1,
1769,1815,1768,-1,
1907,1782,1783,-1,
1906,1907,1783,-1,
1816,1817,1767,-1,
1768,1816,1767,-1,
1106,1107,2332,-1,
1107,2331,2332,-1,
1906,1783,1784,-1,
1905,1906,1784,-1,
1817,1818,1766,-1,
1767,1817,1766,-1,
1905,1784,1785,-1,
1904,1905,1785,-1,
1818,1819,1765,-1,
1766,1818,1765,-1,
1904,1785,1786,-1,
1903,1904,1786,-1,
1819,1820,1764,-1,
1765,1819,1764,-1,
1903,1786,1787,-1,
1902,1903,1787,-1,
1820,1821,1763,-1,
1764,1820,1763,-1,
1114,1901,1788,-1,
1902,1787,1788,-1,
1901,1902,1788,-1,
1763,1821,1762,-1,
1821,1822,1762,-1,
1822,1823,1761,-1,
1762,1822,1761,-1,
1823,1824,1760,-1,
1761,1823,1760,-1,
1760,1824,1759,-1,
1824,1825,1759,-1,
1825,1826,1758,-1,
1759,1825,1758,-1,
1826,1827,1757,-1,
1758,1826,1757,-1,
1827,1828,1756,-1,
1757,1827,1756,-1,
1756,1828,1755,-1,
1828,1829,1755,-1,
1755,1829,1754,-1,
1829,1830,1754,-1,
1830,1831,1753,-1,
1754,1830,1753,-1,
1831,1832,1752,-1,
1753,1831,1752,-1,
1832,1833,1751,-1,
1752,1832,1751,-1,
1833,1834,1750,-1,
1751,1833,1750,-1,
1834,1835,1749,-1,
1750,1834,1749,-1,
1835,1836,1748,-1,
1749,1835,1748,-1,
1748,1836,1747,-1,
2266,2267,1073,-1,
2267,2268,1073,-1,
2268,2269,1073,-1,
2269,2270,1073,-1,
2270,2271,1073,-1,
2271,2272,1073,-1,
2272,2273,1073,-1,
2273,2274,1073,-1,
2274,2275,1073,-1,
2275,2276,1073,-1,
2276,2277,1073,-1,
2277,2278,1073,-1,
2278,2279,1073,-1,
2279,2280,1073,-1,
2280,2281,1073,-1,
2281,2282,1073,-1,
2282,2283,1073,-1,
2283,2284,1073,-1,
2284,2285,1073,-1,
2285,2286,1073,-1,
2286,2287,1073,-1,
2287,2288,1073,-1,
2288,2289,1073,-1,
2289,2290,1073,-1,
2290,2291,1073,-1,
2291,2292,1073,-1,
2292,1074,1073,-1,
1070,1069,1068,-1,
1071,1070,1068,-1,
1072,1071,1068,-1,
1072,1068,1067,-1,
1073,1072,1066,-1,
1072,1067,1066,-1,
1795,1796,1987,-1,
1794,1795,1988,-1,
1795,1987,1988,-1,
1987,1796,1986,-1,
1796,1797,1986,-1,
1794,1988,1989,-1,
1793,1794,1989,-1,
1986,1797,1985,-1,
1797,1798,1985,-1,
1793,1989,1990,-1,
1792,1793,1990,-1,
1985,1798,1984,-1,
1798,1799,1984,-1,
1792,1990,1991,-1,
1791,1792,1991,-1,
1984,1799,1983,-1,
1799,1800,1983,-1,
1791,1991,1992,-1,
1790,1791,1992,-1,
1983,1800,1982,-1,
1800,1801,1982,-1,
1789,1790,1993,-1,
1790,1992,1993,-1,
1982,1801,1981,-1,
1801,1802,1981,-1,
1789,1993,1994,-1,
1981,1802,1980,-1,
1802,1803,1980,-1,
1980,1803,1979,-1,
1803,1804,1979,-1,
1065,1064,1063,-1,
1066,1065,1063,-1,
1979,1804,1978,-1,
1804,1805,1978,-1,
1978,1805,1977,-1,
1805,1806,1977,-1,
1073,1066,1062,-1,
1066,1063,1062,-1,
1977,1806,1976,-1,
1806,1807,1976,-1,
1976,1807,1975,-1,
1807,1808,1975,-1,
1975,1808,1974,-1,
1808,1809,1974,-1,
1974,1809,1973,-1,
1809,1810,1973,-1,
1973,1810,1972,-1,
1810,1811,1972,-1,
1811,1812,1971,-1,
1972,1811,1971,-1,
1812,1813,1970,-1,
1971,1812,1970,-1,
1813,1814,1969,-1,
1970,1813,1969,-1,
1814,1709,1968,-1,
1969,1814,1968,-1,
1105,1106,1204,-1,
1105,1204,1205,-1,
1104,1105,1205,-1,
1106,2332,1203,-1,
1204,1106,1203,-1,
1104,1205,1206,-1,
1103,1104,1206,-1,
1103,1206,1207,-1,
1102,1103,1207,-1,
2332,2333,1202,-1,
1203,2332,1202,-1,
2333,2334,1201,-1,
1202,2333,1201,-1,
1102,1207,1208,-1,
2334,2335,1200,-1,
1201,2334,1200,-1,
1102,1208,1209,-1,
1101,1102,1209,-1,
1101,1209,1210,-1,
1100,1101,1210,-1,
1200,2335,1199,-1,
2335,2336,1199,-1,
1968,1709,1967,-1,
1709,1710,1967,-1,
1100,1210,1211,-1,
1099,1100,1211,-1,
2336,2337,1198,-1,
1199,2336,1198,-1,
1198,2337,1197,-1,
1099,1211,1212,-1,
1098,1099,1212,-1,
1098,1212,1213,-1,
1842,1098,1213,-1,
1197,2337,1196,-1,
2337,2338,1196,-1,
2338,2339,1195,-1,
1196,2338,1195,-1,
1841,1842,1214,-1,
1842,1213,1214,-1,
1710,1711,1966,-1,
1967,1710,1966,-1,
2339,2340,1194,-1,
1195,2339,1194,-1,
1841,1214,1215,-1,
1840,1841,1215,-1,
1839,1840,1216,-1,
1840,1215,1216,-1,
1194,2340,1193,-1,
2340,2341,1193,-1,
1193,2341,1192,-1,
1838,1839,1217,-1,
1839,1216,1217,-1,
1711,1712,1965,-1,
1966,1711,1965,-1,
1836,1837,1190,-1,
1837,1838,1190,-1,
1838,1217,1190,-1,
2341,2342,1191,-1,
2342,2343,1191,-1,
2343,2344,1191,-1,
2344,2239,1191,-1,
1192,2341,1191,-1,
1788,1789,1115,-1,
1114,1788,1115,-1,
1994,1995,1115,-1,
1995,1996,1115,-1,
1996,1997,1115,-1,
1997,1998,1115,-1,
1998,1999,1115,-1,
1999,2000,1115,-1,
2000,2001,1115,-1,
2001,2002,1115,-1,
2002,2003,1115,-1,
2003,2004,1115,-1,
1789,1994,1115,-1,
2004,2005,1115,-1,
2005,2006,1115,-1,
2006,2007,1115,-1,
2007,2008,1115,-1,
2008,2009,1115,-1,
1115,2009,2010,-1,
1712,1713,1964,-1,
1965,1712,1964,-1,
1115,2010,2011,-1,
1713,1714,1963,-1,
1964,1713,1963,-1,
1115,2011,2012,-1,
1714,1715,1962,-1,
1963,1714,1962,-1,
1115,2012,2013,-1,
1715,1716,1961,-1,
1962,1715,1961,-1,
1115,2013,2014,-1,
1716,1717,1960,-1,
1961,1716,1960,-1,
1115,2014,2015,-1,
1717,1718,1959,-1,
1960,1717,1959,-1,
1115,2015,2016,-1,
1718,1719,1958,-1,
1959,1718,1958,-1,
1115,2016,2017,-1,
1719,1720,1957,-1,
1958,1719,1957,-1,
1115,2017,2018,-1,
1836,1190,1168,-1,
1747,1836,1168,-1,
1746,1747,1168,-1,
1720,1721,1956,-1,
1957,1720,1956,-1,
1745,1746,1169,-1,
1746,1168,1169,-1,
1115,2018,2019,-1,
1745,1169,1170,-1,
1744,1745,1170,-1,
1721,1722,1955,-1,
1956,1721,1955,-1,
1743,1744,1171,-1,
1744,1170,1171,-1,
1115,2019,2020,-1,
1742,1743,1172,-1,
1743,1171,1172,-1,
1722,1723,1954,-1,
1955,1722,1954,-1,
1741,1742,1173,-1,
1742,1172,1173,-1,
1115,2020,2021,-1,
1740,1741,1174,-1,
1741,1173,1174,-1,
1723,1724,1953,-1,
1954,1723,1953,-1,
1740,1174,1175,-1,
2239,2240,1218,-1,
2240,2241,1218,-1,
2241,2242,1218,-1,
2242,2243,1218,-1,
1191,2239,1218,-1,
1115,2021,2022,-1,
1739,1740,1176,-1,
1740,1175,1176,-1,
1218,2243,1245,-1,
2243,2244,1244,-1,
1245,2243,1244,-1,
1738,1739,1177,-1,
1739,1176,1177,-1,
1115,2022,2023,-1,
2244,2245,1243,-1,
1244,2244,1243,-1,
1737,1738,1178,-1,
1738,1177,1178,-1,
2245,2246,1242,-1,
1243,2245,1242,-1,
1736,1737,1179,-1,
1737,1178,1179,-1,
1115,2023,2024,-1,
2246,2247,1241,-1,
1242,2246,1241,-1,
1735,1736,1180,-1,
1736,1179,1180,-1,
1241,2247,1240,-1,
1240,2247,1239,-1,
2247,2248,1239,-1,
1239,2248,1238,-1,
2248,2249,1238,-1,
1238,2249,1237,-1,
2249,2250,1237,-1,
1237,2250,1236,-1,
2250,2251,1236,-1,
1236,2251,1235,-1,
2251,2252,1235,-1,
1235,2252,1234,-1,
1073,1062,1035,-1,
2259,2260,1035,-1,
2260,2261,1035,-1,
2266,1073,1035,-1,
2261,2262,1035,-1,
2262,2263,1035,-1,
2263,2264,1035,-1,
2264,2265,1035,-1,
2265,2266,1035,-1,
2259,1035,1036,-1,
2258,2259,1036,-1,
2258,1036,1037,-1,
2257,2258,1037,-1,
2257,1037,1038,-1,
2256,2257,1038,-1,
2256,1038,1039,-1,
2255,2256,1039,-1,
2254,2255,1040,-1,
2255,1039,1040,-1,
2254,1040,1041,-1,
2253,2254,1041,-1,
2252,2253,1042,-1,
2253,1041,1042,-1,
2252,1042,1043,-1,
1233,1234,1043,-1,
1234,2252,1043,-1,
1232,1233,1044,-1,
1233,1043,1044,-1,
1231,1232,1045,-1,
1232,1044,1045,-1,
1230,1231,1046,-1,
1231,1045,1046,-1,
1229,1230,1047,-1,
1230,1046,1047,-1,
1921,1922,1116,-1,
1922,1923,1116,-1,
2024,2025,1116,-1,
1923,1924,1116,-1,
2025,2026,1116,-1,
1924,1925,1116,-1,
2026,1921,1116,-1,
1925,1926,1116,-1,
1926,1927,1116,-1,
1927,1928,1116,-1,
1928,1929,1116,-1,
1929,1930,1116,-1,
1930,1931,1116,-1,
1931,1932,1116,-1,
1932,1933,1116,-1,
1933,1934,1116,-1,
1934,1935,1116,-1,
1935,1936,1116,-1,
1115,2024,1116,-1,
1936,1937,1143,-1,
1116,1936,1143,-1,
1143,1937,1142,-1,
1937,1938,1142,-1,
1938,1939,1141,-1,
1142,1938,1141,-1,
1939,1940,1140,-1,
1141,1939,1140,-1,
1940,1941,1139,-1,
1140,1940,1139,-1,
1941,1942,1138,-1,
1139,1941,1138,-1,
1942,1943,1137,-1,
1138,1942,1137,-1,
1943,1944,1136,-1,
1137,1943,1136,-1,
1136,1944,1135,-1,
1944,1945,1135,-1,
1135,1945,1134,-1,
1945,1946,1134,-1,
1946,1947,1133,-1,
1134,1946,1133,-1,
1451,1181,1450,-1,
1181,1182,1450,-1,
1181,1451,1452,-1,
1180,1181,1452,-1,
1735,1180,1452,-1,
1182,1183,1449,-1,
1450,1182,1449,-1,
1734,1735,1453,-1,
1735,1452,1453,-1,
1183,1184,1448,-1,
1449,1183,1448,-1,
1733,1734,1454,-1,
1734,1453,1454,-1,
1184,1185,1447,-1,
1185,1186,1447,-1,
1448,1184,1447,-1,
1732,1733,1455,-1,
1733,1454,1455,-1,
1447,1186,1446,-1,
1731,1732,1456,-1,
1732,1455,1456,-1,
1446,1186,1445,-1,
1186,1187,1445,-1,
1731,1456,1457,-1,
1445,1187,1444,-1,
1187,1188,1444,-1,
1730,1731,1458,-1,
1731,1457,1458,-1,
1444,1188,1443,-1,
1188,1189,1443,-1,
1729,1730,1459,-1,
1730,1458,1459,-1,
1728,1729,1460,-1,
1729,1459,1460,-1,
1728,1460,1461,-1,
1727,1728,1461,-1,
1726,1727,1462,-1,
1727,1461,1462,-1,
1725,1726,1463,-1,
1726,1462,1463,-1,
1725,1463,1442,-1,
1724,1725,1442,-1,
1953,1724,1442,-1,
1058,1059,2199,-1,
1058,2199,2200,-1,
1057,1058,2200,-1,
2199,1059,2198,-1,
1059,1060,2198,-1,
1057,2200,2201,-1,
1056,1057,2201,-1,
2198,1060,2197,-1,
1060,1061,2197,-1,
1054,1055,2202,-1,
1055,1056,2202,-1,
1056,2201,2202,-1,
2197,1061,2196,-1,
1061,1034,2196,-1,
1053,1054,2203,-1,
1054,2202,2203,-1,
2196,1034,2195,-1,
1052,1053,2204,-1,
1053,2203,2204,-1,
2195,1034,2194,-1,
1051,1052,2205,-1,
1052,2204,2205,-1,
2194,1034,2193,-1,
1051,2205,2206,-1,
1050,1051,2206,-1,
2193,1034,2192,-1,
1049,1050,2207,-1,
1050,2206,2207,-1,
2192,1034,2191,-1,
1048,1049,2208,-1,
1049,2207,2208,-1,
2191,1034,2190,-1,
1228,1229,2209,-1,
1047,1048,2209,-1,
1229,1047,2209,-1,
1048,2208,2209,-1,
2190,1034,2189,-1,
1443,1189,1464,-1,
1274,1275,1464,-1,
1189,1274,1464,-1,
1464,1275,1496,-1,
1275,1276,1496,-1,
1226,1227,2210,-1,
1227,1228,2210,-1,
1228,2209,2210,-1,
1496,1276,1495,-1,
1276,1277,1495,-1,
2189,1034,2188,-1,
1495,1277,1494,-1,
1277,1278,1494,-1,
1225,1226,2211,-1,
1226,2210,2211,-1,
1494,1278,1493,-1,
1278,1279,1493,-1,
2188,1034,2187,-1,
1493,1279,1492,-1,
1279,1247,1492,-1,
1247,1248,1491,-1,
1492,1247,1491,-1,
1224,1225,2212,-1,
1225,2211,2212,-1,
1491,1248,1490,-1,
1248,1249,1490,-1,
2187,1034,2186,-1,
1953,1442,1415,-1,
1951,1952,1415,-1,
1952,1953,1415,-1,
1490,1249,1489,-1,
1249,1250,1489,-1,
1951,1415,1416,-1,
1950,1951,1416,-1,
1223,1224,2213,-1,
1224,2212,2213,-1,
1489,1250,1488,-1,
1250,1251,1488,-1,
1950,1416,1417,-1,
1949,1950,1417,-1,
2186,1034,2185,-1,
1488,1251,1487,-1,
1251,1252,1487,-1,
1949,1417,1418,-1,
1948,1949,1418,-1,
1221,1222,2214,-1,
1222,1223,2214,-1,
1223,2213,2214,-1,
1948,1418,1419,-1,
1947,1948,1419,-1,
1487,1252,1486,-1,
1252,1253,1486,-1,
2185,1034,2184,-1,
1947,1419,1420,-1,
1133,1947,1420,-1,
1486,1253,1485,-1,
1253,1254,1485,-1,
1221,2214,2215,-1,
1133,1420,1421,-1,
1132,1133,1421,-1,
1485,1254,1484,-1,
1254,1255,1484,-1,
1132,1421,1422,-1,
1131,1132,1422,-1,
2184,1034,2183,-1,
1130,1131,1423,-1,
1131,1422,1423,-1,
1129,1130,1424,-1,
1130,1423,1424,-1,
2183,1034,2182,-1,
1129,1424,1425,-1,
1128,1129,1426,-1,
1129,1425,1426,-1,
1127,1128,1427,-1,
1128,1426,1427,-1,
1126,1127,1428,-1,
1127,1427,1428,-1,
1125,1126,1429,-1,
1126,1428,1429,-1,
1125,1429,1430,-1,
1272,1273,1563,-1,
1273,1246,1563,-1,
1272,1563,1564,-1,
1271,1272,1564,-1,
1563,1246,1562,-1,
1270,1271,1565,-1,
1271,1564,1565,-1,
1562,1246,1561,-1,
1270,1565,1566,-1,
1268,1269,1566,-1,
1269,1270,1566,-1,
1561,1246,1560,-1,
1268,1566,1567,-1,
1267,1268,1567,-1,
1246,1219,1559,-1,
1560,1246,1559,-1,
1266,1267,1568,-1,
1267,1567,1568,-1,
1559,1219,1558,-1,
1266,1568,1569,-1,
1264,1265,1569,-1,
1265,1266,1569,-1,
1558,1219,1557,-1,
1264,1569,1570,-1,
1263,1264,1570,-1,
1557,1219,1556,-1,
1262,1263,1571,-1,
1263,1570,1571,-1,
1219,1220,1555,-1,
1556,1219,1555,-1,
1260,1261,1572,-1,
1261,1262,1572,-1,
1262,1571,1572,-1,
1220,1221,1554,-1,
1555,1220,1554,-1,
1260,1572,1573,-1,
1259,1260,1573,-1,
1554,1221,1553,-1,
1221,2215,1553,-1,
1259,1573,1574,-1,
1258,1259,1574,-1,
2215,2216,1552,-1,
1553,2215,1552,-1,
1258,1574,1575,-1,
1256,1257,1575,-1,
1257,1258,1575,-1,
2216,2217,1551,-1,
1552,2216,1551,-1,
1255,1256,1576,-1,
1256,1575,1576,-1,
2217,2218,1550,-1,
1551,2217,1550,-1,
1484,1255,1577,-1,
1482,1483,1577,-1,
1483,1484,1577,-1,
1255,1576,1577,-1,
2218,2219,1549,-1,
1550,2218,1549,-1,
1482,1577,1578,-1,
1481,1482,1578,-1,
2219,2220,1548,-1,
1549,2219,1548,-1,
1481,1578,1579,-1,
1480,1481,1579,-1,
2220,2221,1547,-1,
1548,2220,1547,-1,
1480,1579,1580,-1,
1479,1480,1580,-1,
2221,2222,1546,-1,
1547,2221,1546,-1,
1479,1580,1581,-1,
1477,1478,1581,-1,
1478,1479,1581,-1,
2222,2223,1545,-1,
1546,2222,1545,-1,
1477,1581,1582,-1,
1476,1477,1582,-1,
2223,2224,1544,-1,
1545,2223,1544,-1,
1476,1582,1583,-1,
1475,1476,1583,-1,
1544,2224,1543,-1,
1473,1474,1584,-1,
1474,1475,1584,-1,
1475,1583,1584,-1,
2224,2225,1542,-1,
1543,2224,1542,-1,
1473,1584,1585,-1,
1472,1473,1585,-1,
2225,2226,1541,-1,
1542,2225,1541,-1,
1472,1585,1586,-1,
1471,1472,1586,-1,
2226,2227,1540,-1,
1541,2226,1540,-1,
1469,1470,1587,-1,
1470,1471,1587,-1,
1471,1586,1587,-1,
1540,2227,1539,-1,
1469,1587,1588,-1,
1468,1469,1588,-1,
1467,1468,1589,-1,
1468,1588,1589,-1,
2166,2167,1033,-1,
2167,2168,1033,-1,
2168,2169,1033,-1,
2169,2170,1033,-1,
2170,2171,1033,-1,
2171,2172,1033,-1,
2172,2173,1033,-1,
2173,2174,1033,-1,
2174,2175,1033,-1,
2175,2176,1033,-1,
2176,2177,1033,-1,
2177,2178,1033,-1,
2178,2179,1033,-1,
2179,2180,1033,-1,
2180,2181,1033,-1,
2181,2182,1033,-1,
2182,1034,1033,-1,
1465,1466,1590,-1,
1466,1467,1590,-1,
1467,1589,1590,-1,
2166,1033,2165,-1,
1465,1590,1591,-1,
2165,1033,2164,-1,
1465,1591,1592,-1,
2164,1033,2163,-1,
1465,1592,1593,-1,
2163,1033,2162,-1,
1465,1593,1594,-1,
1413,1465,1594,-1,
2162,1033,2161,-1,
1413,1594,1595,-1,
2161,1033,2160,-1,
1413,1595,1596,-1,
2160,1033,2159,-1,
1413,1596,1597,-1,
2159,1033,2158,-1,
1412,1413,1598,-1,
1413,1597,1598,-1,
2158,1033,2157,-1,
2157,1033,2156,-1,
1411,1412,1599,-1,
1412,1598,1599,-1,
2156,1033,2155,-1,
1411,1599,1600,-1,
2155,1033,2154,-1,
2154,1033,2153,-1,
1146,1145,1147,-1,
1537,1538,1669,-1,
1537,1669,1670,-1,
1536,1537,1670,-1,
1538,1539,1668,-1,
1669,1538,1668,-1,
1536,1670,1671,-1,
1534,1535,1671,-1,
1535,1536,1671,-1,
2227,2228,1667,-1,
1668,1539,1667,-1,
1539,2227,1667,-1,
1534,1671,1672,-1,
1667,2228,1666,-1,
1533,1534,1673,-1,
1534,1672,1673,-1,
1147,1145,1148,-1,
2228,2229,1665,-1,
1666,2228,1665,-1,
1532,1533,1674,-1,
1533,1673,1674,-1,
2229,2230,1664,-1,
1665,2229,1664,-1,
1531,1532,1675,-1,
1532,1674,1675,-1,
2230,2231,1663,-1,
1664,2230,1663,-1,
1531,1675,1676,-1,
1530,1531,1676,-1,
1148,1145,1149,-1,
1145,1144,1149,-1,
2231,2232,1662,-1,
1663,2231,1662,-1,
1529,1530,1677,-1,
1530,1676,1677,-1,
2232,2233,1661,-1,
1662,2232,1661,-1,
1528,1529,1678,-1,
1529,1677,1678,-1,
1661,2233,1660,-1,
2233,2234,1660,-1,
1526,1527,1679,-1,
1527,1528,1679,-1,
1528,1678,1679,-1,
2234,2235,1659,-1,
1660,2234,1659,-1,
1150,1149,1151,-1,
1149,1144,1151,-1,
1526,1679,1680,-1,
1659,2235,1658,-1,
1525,1526,1681,-1,
1526,1680,1681,-1,
2235,2236,1657,-1,
1658,2235,1657,-1,
1524,1525,1682,-1,
1525,1681,1682,-1,
1151,1144,1153,-1,
1152,1151,1153,-1,
2236,2237,1656,-1,
1657,2236,1656,-1,
1523,1524,1683,-1,
1524,1682,1683,-1,
1656,2237,1655,-1,
2237,2238,1655,-1,
1521,1522,1684,-1,
1522,1523,1684,-1,
1523,1683,1684,-1,
1144,1117,1155,-1,
1153,1144,1155,-1,
1154,1153,1155,-1,
2238,2133,1654,-1,
1655,2238,1654,-1,
1521,1684,1685,-1,
2133,2134,1653,-1,
1654,2133,1653,-1,
1520,1521,1686,-1,
1521,1685,1686,-1,
1653,2134,1652,-1,
2134,2135,1652,-1,
1520,1686,1687,-1,
1519,1520,1687,-1,
1652,2135,1651,-1,
2135,2136,1651,-1,
1518,1519,1688,-1,
1519,1687,1688,-1,
1651,2136,1650,-1,
1517,1518,1689,-1,
1518,1688,1689,-1,
2136,2137,1649,-1,
1650,2136,1649,-1,
1515,1516,1690,-1,
1516,1517,1690,-1,
1517,1689,1690,-1,
2137,2138,1648,-1,
1649,2137,1648,-1,
1514,1515,1691,-1,
1515,1690,1691,-1,
1648,2138,1647,-1,
2138,2139,1647,-1,
1514,1691,1692,-1,
2139,2140,1646,-1,
1647,2139,1646,-1,
1513,1514,1693,-1,
1514,1692,1693,-1,
2140,2141,1645,-1,
1646,2140,1645,-1,
1124,1125,1320,-1,
1430,1431,1320,-1,
1125,1430,1320,-1,
1123,1124,1319,-1,
1124,1320,1319,-1,
1320,1431,1321,-1,
1431,1432,1321,-1,
1122,1123,1318,-1,
1123,1319,1318,-1,
1432,1433,1322,-1,
1321,1432,1322,-1,
1511,1512,1694,-1,
1512,1513,1694,-1,
1513,1693,1694,-1,
1121,1122,1317,-1,
1122,1318,1317,-1,
1433,1434,1323,-1,
1322,1433,1323,-1,
1120,1121,1316,-1,
1121,1317,1316,-1,
1323,1434,1324,-1,
1434,1435,1324,-1,
1119,1120,1315,-1,
1120,1316,1315,-1,
2141,2142,1644,-1,
1645,2141,1644,-1,
1435,1436,1325,-1,
1436,1437,1325,-1,
1324,1435,1325,-1,
1118,1119,1314,-1,
1119,1315,1314,-1,
1437,1438,1326,-1,
1325,1437,1326,-1,
1511,1694,1695,-1,
1117,1118,1313,-1,
1118,1314,1313,-1,
1438,1439,1327,-1,
1326,1438,1327,-1,
2142,2143,1643,-1,
1644,2142,1643,-1,
1117,1313,1312,-1,
1327,1439,1328,-1,
1439,1440,1328,-1,
1510,1511,1696,-1,
1511,1695,1696,-1,
1117,1312,1311,-1,
1328,1440,1329,-1,
1440,1441,1329,-1,
1441,1414,1329,-1,
1643,2143,1642,-1,
1117,1311,1310,-1,
1329,1414,1330,-1,
1509,1510,1697,-1,
1510,1696,1697,-1,
1117,1310,1309,-1,
1330,1414,1331,-1,
2143,2144,1641,-1,
1642,2143,1641,-1,
1117,1309,1308,-1,
1508,1509,1698,-1,
1509,1697,1698,-1,
1331,1414,1332,-1,
1117,1308,1307,-1,
1641,2144,1640,-1,
2144,2145,1640,-1,
1414,1386,1333,-1,
1332,1414,1333,-1,
1155,1117,1306,-1,
1117,1307,1306,-1,
1333,1386,1334,-1,
1640,2145,1639,-1,
2145,2146,1639,-1,
1155,1306,1305,-1,
1334,1386,1335,-1,
2146,2147,1638,-1,
1639,2146,1638,-1,
1155,1305,1304,-1,
1335,1386,1336,-1,
2147,2148,1637,-1,
1638,2147,1637,-1,
1155,1304,1303,-1,
1336,1386,1337,-1,
1386,1387,1337,-1,
1387,1388,1337,-1,
1155,1303,1302,-1,
1637,2148,1636,-1,
2148,2149,1636,-1,
1337,1388,1338,-1,
1388,1389,1338,-1,
1155,1302,1301,-1,
1636,2149,1635,-1,
2149,2150,1635,-1,
1338,1389,1339,-1,
1389,1390,1339,-1,
1155,1301,1300,-1,
1635,2150,1634,-1,
2150,2151,1634,-1,
1339,1390,1340,-1,
1390,1391,1340,-1,
2151,2152,1633,-1,
1634,2151,1633,-1,
1155,1300,1299,-1,
1340,1391,1341,-1,
1391,1392,1341,-1,
1392,1393,1341,-1,
2152,2153,1632,-1,
1633,2152,1632,-1,
1155,1299,1298,-1,
1341,1393,1342,-1,
1393,1394,1342,-1,
1632,2153,1631,-1,
2153,1033,1631,-1,
1155,1298,1297,-1,
1631,1033,1630,-1,
1342,1394,1343,-1,
1394,1395,1343,-1,
1155,1297,1296,-1,
1630,1033,1629,-1,
1395,1396,1344,-1,
1343,1395,1344,-1,
1155,1296,1295,-1,
1344,1396,1345,-1,
1396,1397,1345,-1,
1155,1295,1294,-1,
1345,1397,1346,-1,
1397,1398,1346,-1,
1155,1294,1293,-1,
1155,1293,1292,-1,
1155,1292,1291,-1,
1155,1291,1290,-1,
1155,1290,1289,-1,
1155,1289,1288,-1,
1155,1288,1287,-1,
1155,1287,1286,-1,
1155,1286,1285,-1,
1506,1507,2093,-1,
1506,2093,2094,-1,
1505,1506,2094,-1,
2093,1507,2092,-1,
1508,1698,2092,-1,
1507,1508,2092,-1,
1155,1285,1284,-1,
1505,2094,2095,-1,
1503,1504,2095,-1,
1504,1505,2095,-1,
1698,1699,2091,-1,
1699,1700,2091,-1,
2092,1698,2091,-1,
1503,2095,2096,-1,
1502,1503,2096,-1,
1700,1701,2090,-1,
2091,1700,2090,-1,
1502,2096,2097,-1,
1501,1502,2097,-1,
2090,1701,2089,-1,
1701,1702,2089,-1,
1501,2097,2098,-1,
1500,1501,2098,-1,
1155,1284,1283,-1,
2089,1702,2088,-1,
1702,1703,2088,-1,
1500,2098,2099,-1,
1499,1500,2099,-1,
2088,1703,2087,-1,
1703,1704,2087,-1,
1499,2099,2100,-1,
1498,1499,2100,-1,
1155,1283,1282,-1,
2087,1704,2086,-1,
1704,1705,2086,-1,
1498,2100,2101,-1,
1497,1498,2101,-1,
1155,1282,1281,-1,
2086,1705,2085,-1,
1705,1706,2085,-1,
1497,2101,2102,-1,
1602,1497,2102,-1,
2085,1706,2084,-1,
1706,1707,2084,-1,
1707,1708,2084,-1,
1155,1281,1280,-1,
1602,2102,2103,-1,
1601,1602,2103,-1,
2084,1708,2083,-1,
1708,1603,2083,-1,
1411,1600,2104,-1,
1601,2103,2104,-1,
1600,1601,2104,-1,
2083,1603,2082,-1,
1603,1604,2082,-1,
1409,1410,2105,-1,
1410,1411,2105,-1,
1411,2104,2105,-1,
2082,1604,2081,-1,
1604,1605,2081,-1,
1408,1409,2106,-1,
1409,2105,2106,-1,
2081,1605,2080,-1,
1605,1606,2080,-1,
1407,1408,2107,-1,
1408,2106,2107,-1,
2080,1606,2079,-1,
1606,1607,2079,-1,
1407,2107,2108,-1,
1406,1407,2108,-1,
2079,1607,2078,-1,
1607,1608,2078,-1,
1406,2108,2109,-1,
1404,1405,2109,-1,
1405,1406,2109,-1,
1609,1610,2077,-1,
2078,1608,2077,-1,
1608,1609,2077,-1,
1404,2109,2110,-1,
1403,1404,2110,-1,
1610,1611,2076,-1,
2077,1610,2076,-1,
1611,1612,2075,-1,
2076,1611,2075,-1,
1612,1613,2074,-1,
2075,1612,2074,-1,
1613,1614,2073,-1,
2074,1613,2073,-1,
1614,1615,2072,-1,
2073,1614,2072,-1,
1615,1616,2071,-1,
2072,1615,2071,-1,
1616,1617,2070,-1,
1617,1618,2070,-1,
2071,1616,2070,-1,
1618,1619,2069,-1,
2070,1618,2069,-1,
1619,1620,2068,-1,
2069,1619,2068,-1,
1620,1621,2067,-1,
2068,1620,2067,-1,
1621,1622,2066,-1,
2067,1621,2066,-1,
2066,1622,2065,-1,
1622,1623,2065,-1,
1623,1624,2064,-1,
2065,1623,2064,-1,
2064,1624,2063,-1,
1624,1625,2063,-1,
1625,1626,2062,-1,
2063,1625,2062,-1,
2111,2112,1017,-1,
2111,1017,1018,-1,
2110,2111,1018,-1,
2062,1626,2061,-1,
1626,1627,2061,-1,
2110,1018,1019,-1,
1403,2110,1019,-1,
1402,1403,1019,-1,
1017,2112,1016,-1,
2112,2113,1016,-1,
1402,1019,1020,-1,
1401,1402,1020,-1,
1016,2113,1015,-1,
2113,2114,1015,-1,
1401,1020,1021,-1,
1400,1401,1021,-1,
2114,2115,1014,-1,
1015,2114,1014,-1,
1400,1021,1022,-1,
1399,1400,1022,-1,
2115,2116,1013,-1,
1014,2115,1013,-1,
1399,1022,1023,-1,
1346,1398,1023,-1,
1398,1399,1023,-1,
2116,2117,1012,-1,
1013,2116,1012,-1,
1347,1346,1024,-1,
1346,1023,1024,-1,
1012,2117,1011,-1,
1627,1628,2060,-1,
2061,1627,2060,-1,
1348,1347,1025,-1,
1347,1024,1025,-1,
2117,2118,1010,-1,
1011,2117,1010,-1,
1349,1348,1026,-1,
1348,1025,1026,-1,
2118,2119,1009,-1,
1010,2118,1009,-1,
2119,2120,1008,-1,
1009,2119,1008,-1,
1350,1349,1027,-1,
1349,1026,1027,-1,
2120,2121,1007,-1,
1008,2120,1007,-1,
1351,1350,1028,-1,
1350,1027,1028,-1,
1351,1028,1029,-1,
1352,1351,1029,-1,
2121,2122,1006,-1,
1007,2121,1006,-1,
2122,2123,1005,-1,
1006,2122,1005,-1,
1353,1352,1030,-1,
1352,1029,1030,-1,
1354,1353,1031,-1,
1355,1354,1031,-1,
1356,1355,1031,-1,
1357,1356,1031,-1,
1358,1357,1031,-1,
1359,1358,1031,-1,
1360,1359,1031,-1,
1353,1030,1031,-1,
2123,2124,1004,-1,
2124,2125,1004,-1,
2125,2126,1004,-1,
2126,2127,1004,-1,
2127,2128,1004,-1,
2128,2129,1004,-1,
1005,2123,1004,-1,
1004,2129,2130,-1,
1004,2130,2131,-1,
1004,2131,2132,-1,
1004,2132,2027,-1,
1004,2027,2028,-1,
1004,2028,2029,-1,
1004,2029,2030,-1,
1004,2030,2031,-1,
1360,1031,1156,-1,
1361,1360,1156,-1,
1362,1361,1156,-1,
1363,1362,1156,-1,
1364,1363,1156,-1,
1365,1364,1156,-1,
1366,1365,1156,-1,
1367,1366,1156,-1,
1368,1367,1156,-1,
1369,1368,1156,-1,
1370,1369,1156,-1,
1371,1370,1156,-1,
1372,1371,1156,-1,
1373,1372,1156,-1,
1374,1373,1156,-1,
1375,1374,1156,-1,
1376,1375,1156,-1,
1377,1376,1156,-1,
1378,1377,1156,-1,
1379,1378,1156,-1,
1380,1379,1156,-1,
1381,1380,1156,-1,
1382,1381,1156,-1,
1383,1382,1156,-1,
1384,1383,1156,-1,
1385,1384,1156,-1,
1280,1385,1156,-1,
1155,1280,1156,-1,
1167,1156,1166,-1,
1166,1156,1165,-1,
1164,1165,1163,-1,
1165,1156,1163,-1,
1162,1163,1161,-1,
1160,1161,1159,-1,
1159,1161,1158,-1,
1163,1156,1157,-1,
1161,1163,1157,-1,
1158,1161,1157,-1,
1156,1031,1157,-1,
2031,2032,1032,-1,
1628,1629,1032,-1,
1004,2031,1032,-1,
2032,2033,1032,-1,
2033,2034,1032,-1,
2034,2035,1032,-1,
2035,2036,1032,-1,
2036,2037,1032,-1,
2037,2038,1032,-1,
2038,2039,1032,-1,
2039,2040,1032,-1,
2040,2041,1032,-1,
2041,2042,1032,-1,
2042,2043,1032,-1,
2060,1628,1032,-1,
2043,2044,1032,-1,
2044,2045,1032,-1,
2045,2046,1032,-1,
1629,1033,1032,-1,
2046,2047,1032,-1,
2047,2048,1032,-1,
2048,2049,1032,-1,
2049,2050,1032,-1,
2050,2051,1032,-1,
2051,2052,1032,-1,
2052,2053,1032,-1,
2053,2054,1032,-1,
2054,2055,1032,-1,
2055,2056,1032,-1,
2056,2057,1032,-1,
2057,2058,1032,-1,
2058,2059,1032,-1,
2059,2060,1032,-1,
2347,2345,2346,-1,
2348,2347,2346,-1,
2377,2378,2388,-1,
2376,2388,2387,-1,
2376,2377,2388,-1,
2375,2387,2386,-1,
2375,2376,2387,-1,
2374,2386,2385,-1,
2374,2375,2386,-1,
2373,2385,2384,-1,
2373,2374,2385,-1,
2372,2384,2383,-1,
2372,2373,2384,-1,
2371,2383,2382,-1,
2371,2372,2383,-1,
2370,2382,2381,-1,
2370,2371,2382,-1,
2369,2381,2380,-1,
2369,2370,2381,-1,
2349,2379,2350,-1,
2368,2380,2379,-1,
2368,2369,2380,-1,
2367,2368,2379,-1,
2367,2379,2349,-1,
2366,2349,2351,-1,
2366,2367,2349,-1,
2365,2351,2352,-1,
2365,2366,2351,-1,
2364,2352,2353,-1,
2364,2365,2352,-1,
2363,2353,2354,-1,
2363,2364,2353,-1,
2362,2354,2355,-1,
2362,2363,2354,-1,
2361,2355,2356,-1,
2361,2362,2355,-1,
2360,2356,2357,-1,
2360,2361,2356,-1,
2359,2357,2358,-1,
2359,2360,2357,-1,
2391,2389,2390,-1,
2391,2392,2389,-1,
2395,2394,2393,-1,
2396,2395,2431,-1,
2395,2393,2431,-1,
2397,2396,2430,-1,
2398,2397,2430,-1,
2396,2431,2430,-1,
2399,2398,2429,-1,
2398,2430,2429,-1,
2400,2399,2428,-1,
2399,2429,2428,-1,
2401,2400,2427,-1,
2400,2428,2427,-1,
2402,2401,2426,-1,
2401,2427,2426,-1,
2403,2402,2425,-1,
2402,2426,2425,-1,
2404,2403,2424,-1,
2403,2425,2424,-1,
2405,2404,2423,-1,
2404,2424,2423,-1,
2406,2405,2422,-1,
2405,2423,2422,-1,
2407,2406,2421,-1,
2406,2422,2421,-1,
2408,2407,2420,-1,
2407,2421,2420,-1,
2409,2408,2419,-1,
2408,2420,2419,-1,
2409,2419,2418,-1,
2410,2409,2418,-1,
2410,2418,2417,-1,
2411,2410,2417,-1,
2411,2417,2416,-1,
2412,2411,2416,-1,
2412,2416,2415,-1,
2413,2412,2415,-1,
2413,2415,2414,-1,
2432,2435,2436,-1,
2433,2434,2435,-1,
2433,2435,2432,-1,
2437,2465,2492,-1,
2438,2492,2491,-1,
2438,2437,2492,-1,
2439,2491,2490,-1,
2439,2438,2491,-1,
2440,2490,2489,-1,
2440,2439,2490,-1,
2441,2489,2488,-1,
2441,2440,2489,-1,
2442,2488,2487,-1,
2442,2441,2488,-1,
2443,2487,2486,-1,
2443,2442,2487,-1,
2444,2486,2485,-1,
2444,2443,2486,-1,
2445,2485,2484,-1,
2445,2444,2485,-1,
2446,2484,2483,-1,
2446,2445,2484,-1,
2447,2446,2483,-1,
2447,2483,2482,-1,
2448,2447,2482,-1,
2448,2482,2481,-1,
2449,2448,2481,-1,
2449,2481,2480,-1,
2450,2449,2480,-1,
2450,2480,2479,-1,
2451,2450,2479,-1,
2451,2479,2478,-1,
2452,2451,2478,-1,
2452,2478,2477,-1,
2453,2452,2477,-1,
2453,2477,2476,-1,
2454,2453,2476,-1,
2454,2476,2475,-1,
2455,2454,2475,-1,
2455,2475,2474,-1,
2456,2474,2473,-1,
2456,2455,2474,-1,
2457,2456,2473,-1,
2458,2457,2473,-1,
2458,2473,2472,-1,
2459,2472,2471,-1,
2459,2458,2472,-1,
2460,2471,2470,-1,
2460,2459,2471,-1,
2461,2469,2468,-1,
2461,2470,2469,-1,
2461,2460,2470,-1,
2462,2461,2468,-1,
2463,2468,2467,-1,
2463,2462,2468,-1,
2464,2467,2466,-1,
2464,2463,2467,-1,
2498,2497,2496,-1,
2499,2498,2493,-1,
2498,2496,2493,-1,
2496,2495,2494,-1,
2493,2496,2494,-1,
2499,2493,2500,-1,
2502,2501,2529,-1,
2502,2529,2556,-1,
2503,2556,2555,-1,
2503,2502,2556,-1,
2504,2555,2554,-1,
2504,2503,2555,-1,
2505,2554,2553,-1,
2505,2504,2554,-1,
2506,2553,2552,-1,
2506,2505,2553,-1,
2507,2552,2551,-1,
2507,2506,2552,-1,
2508,2551,2550,-1,
2508,2507,2551,-1,
2509,2550,2549,-1,
2509,2508,2550,-1,
2510,2549,2548,-1,
2510,2509,2549,-1,
2511,2510,2548,-1,
2511,2548,2547,-1,
2512,2511,2547,-1,
2512,2547,2546,-1,
2513,2512,2546,-1,
2513,2546,2545,-1,
2514,2513,2545,-1,
2514,2545,2544,-1,
2515,2514,2544,-1,
2515,2544,2543,-1,
2516,2515,2543,-1,
2516,2543,2542,-1,
2517,2516,2542,-1,
2517,2542,2541,-1,
2518,2517,2541,-1,
2518,2541,2540,-1,
2519,2518,2540,-1,
2519,2540,2539,-1,
2520,2539,2538,-1,
2520,2519,2539,-1,
2521,2520,2538,-1,
2521,2538,2537,-1,
2522,2537,2536,-1,
2522,2521,2537,-1,
2523,2536,2535,-1,
2523,2522,2536,-1,
2524,2535,2534,-1,
2524,2523,2535,-1,
2525,2534,2533,-1,
2525,2524,2534,-1,
2526,2533,2532,-1,
2526,2525,2533,-1,
2527,2532,2531,-1,
2527,2526,2532,-1,
2528,2531,2530,-1,
2528,2527,2531,-1,
2558,2557,2559,-1,
2558,2559,2560,-1,
2561,2558,2560,-1,
2563,2562,2600,-1,
2564,2563,2600,-1,
2565,2564,2599,-1,
2564,2600,2599,-1,
2566,2565,2598,-1,
2565,2599,2598,-1,
2567,2566,2597,-1,
2566,2598,2597,-1,
2568,2567,2596,-1,
2567,2597,2596,-1,
2569,2568,2595,-1,
2568,2596,2595,-1,
2570,2569,2594,-1,
2569,2595,2594,-1,
2571,2570,2593,-1,
2570,2594,2593,-1,
2572,2571,2592,-1,
2571,2593,2592,-1,
2573,2572,2591,-1,
2572,2592,2591,-1,
2574,2573,2590,-1,
2573,2591,2590,-1,
2575,2574,2589,-1,
2574,2590,2589,-1,
2576,2575,2588,-1,
2575,2589,2588,-1,
2577,2576,2587,-1,
2576,2588,2587,-1,
2577,2587,2586,-1,
2578,2577,2586,-1,
2578,2586,2585,-1,
2579,2578,2585,-1,
2580,2579,2585,-1,
2580,2585,2584,-1,
2581,2580,2584,-1,
2581,2584,2583,-1,
2582,2581,2583,-1,
2602,2603,2604,-1,
2601,2603,2602,-1,
2618,2636,2644,-1,
2619,2644,2643,-1,
2619,2618,2644,-1,
2620,2643,2642,-1,
2620,2619,2643,-1,
2621,2642,2641,-1,
2621,2620,2642,-1,
2622,2641,2640,-1,
2622,2621,2641,-1,
2623,2640,2639,-1,
2623,2622,2640,-1,
2624,2639,2638,-1,
2624,2623,2639,-1,
2606,2637,2605,-1,
2625,2638,2637,-1,
2625,2624,2638,-1,
2626,2625,2637,-1,
2626,2637,2606,-1,
2627,2606,2607,-1,
2627,2626,2606,-1,
2628,2607,2608,-1,
2628,2627,2607,-1,
2629,2608,2609,-1,
2629,2628,2608,-1,
2630,2609,2610,-1,
2630,2629,2609,-1,
2631,2610,2611,-1,
2631,2630,2610,-1,
2632,2631,2611,-1,
2632,2611,2612,-1,
2633,2632,2612,-1,
2633,2612,2613,-1,
2634,2613,2614,-1,
2634,2633,2613,-1,
2635,2614,2615,-1,
2635,2634,2614,-1,
2617,2635,2615,-1,
2617,2615,2616,-1,
2648,2646,2645,-1,
2648,2645,2647,-1,
2649,2651,2652,-1,
2649,2652,2650,-1,
2655,2654,2653,-1,
2655,2656,2654,-1,
2657,2658,2736,-1,
2697,2657,2736,-1,
2696,2697,2735,-1,
2697,2736,2735,-1,
2695,2696,2734,-1,
2696,2735,2734,-1,
2695,2734,2733,-1,
2694,2695,2733,-1,
2694,2733,2732,-1,
2693,2694,2732,-1,
2693,2732,2731,-1,
2692,2693,2731,-1,
2692,2731,2730,-1,
2691,2692,2730,-1,
2691,2730,2729,-1,
2690,2691,2729,-1,
2690,2729,2728,-1,
2689,2690,2728,-1,
2689,2728,2727,-1,
2688,2689,2727,-1,
2687,2688,2726,-1,
2688,2727,2726,-1,
2686,2687,2725,-1,
2687,2726,2725,-1,
2685,2686,2724,-1,
2686,2725,2724,-1,
2684,2685,2723,-1,
2685,2724,2723,-1,
2683,2684,2722,-1,
2684,2723,2722,-1,
2682,2683,2721,-1,
2683,2722,2721,-1,
2681,2682,2720,-1,
2682,2721,2720,-1,
2680,2681,2719,-1,
2681,2720,2719,-1,
2679,2680,2718,-1,
2680,2719,2718,-1,
2677,2678,2717,-1,
2678,2679,2717,-1,
2679,2718,2717,-1,
2677,2717,2716,-1,
2676,2677,2715,-1,
2677,2716,2715,-1,
2675,2676,2714,-1,
2676,2715,2714,-1,
2673,2674,2713,-1,
2674,2675,2713,-1,
2675,2714,2713,-1,
2673,2713,2712,-1,
2672,2673,2711,-1,
2673,2712,2711,-1,
2671,2672,2710,-1,
2672,2711,2710,-1,
2669,2670,2709,-1,
2670,2671,2709,-1,
2671,2710,2709,-1,
2669,2709,2708,-1,
2668,2669,2708,-1,
2668,2708,2707,-1,
2668,2707,2706,-1,
2666,2667,2706,-1,
2667,2668,2706,-1,
2666,2706,2705,-1,
2665,2666,2704,-1,
2666,2705,2704,-1,
2664,2665,2703,-1,
2665,2704,2703,-1,
2663,2664,2702,-1,
2664,2703,2702,-1,
2662,2663,2701,-1,
2663,2702,2701,-1,
2661,2662,2700,-1,
2662,2701,2700,-1,
2660,2661,2699,-1,
2661,2700,2699,-1,
2659,2660,2698,-1,
2660,2699,2698,-1,
2739,2738,2737,-1,
2739,2740,2738,-1,
2742,2741,2743,-1,
2742,2743,2744,-1,
2748,2746,2745,-1,
2748,2745,2747,-1,
2790,2789,2788,-1,
2828,2790,2788,-1,
2827,2828,2787,-1,
2828,2788,2787,-1,
2826,2827,2786,-1,
2827,2787,2786,-1,
2826,2786,2785,-1,
2825,2826,2785,-1,
2825,2785,2784,-1,
2824,2825,2784,-1,
2824,2784,2783,-1,
2823,2824,2783,-1,
2823,2783,2782,-1,
2822,2823,2782,-1,
2822,2782,2781,-1,
2821,2822,2781,-1,
2821,2781,2780,-1,
2820,2821,2780,-1,
2820,2780,2779,-1,
2819,2820,2779,-1,
2819,2779,2778,-1,
2818,2819,2778,-1,
2818,2778,2777,-1,
2817,2818,2777,-1,
2817,2777,2776,-1,
2816,2817,2776,-1,
2816,2776,2775,-1,
2815,2816,2775,-1,
2815,2775,2774,-1,
2814,2815,2774,-1,
2814,2774,2773,-1,
2813,2814,2773,-1,
2813,2773,2772,-1,
2812,2813,2772,-1,
2812,2772,2771,-1,
2811,2812,2771,-1,
2810,2811,2770,-1,
2811,2771,2770,-1,
2809,2810,2769,-1,
2810,2770,2769,-1,
2807,2808,2768,-1,
2808,2809,2768,-1,
2809,2769,2768,-1,
2807,2768,2767,-1,
2806,2807,2766,-1,
2807,2767,2766,-1,
2805,2806,2765,-1,
2806,2766,2765,-1,
2804,2805,2764,-1,
2805,2765,2764,-1,
2803,2804,2763,-1,
2804,2764,2763,-1,
2802,2803,2762,-1,
2803,2763,2762,-1,
2801,2802,2761,-1,
2802,2762,2761,-1,
2801,2761,2760,-1,
2800,2801,2760,-1,
2800,2760,2759,-1,
2799,2800,2759,-1,
2799,2759,2758,-1,
2797,2798,2758,-1,
2798,2799,2758,-1,
2797,2758,2757,-1,
2797,2757,2756,-1,
2795,2796,2756,-1,
2796,2797,2756,-1,
2795,2756,2755,-1,
2795,2755,2754,-1,
2794,2795,2754,-1,
2794,2754,2753,-1,
2793,2794,2753,-1,
2793,2753,2752,-1,
2792,2793,2752,-1,
2792,2752,2751,-1,
2791,2792,2751,-1,
2791,2751,2750,-1,
2749,2791,2750,-1,
2830,2829,2894,-1,
2831,2830,2894,-1,
2832,2831,2893,-1,
2831,2894,2893,-1,
2833,2832,2892,-1,
2832,2893,2892,-1,
2834,2833,2891,-1,
2833,2892,2891,-1,
2835,2834,2890,-1,
2834,2891,2890,-1,
2836,2835,2889,-1,
2835,2890,2889,-1,
2837,2836,2888,-1,
2836,2889,2888,-1,
2838,2837,2887,-1,
2837,2888,2887,-1,
2838,2887,2886,-1,
2839,2838,2886,-1,
2840,2839,2885,-1,
2839,2886,2885,-1,
2841,2840,2884,-1,
2840,2885,2884,-1,
2842,2841,2883,-1,
2841,2884,2883,-1,
2843,2842,2882,-1,
2842,2883,2882,-1,
2844,2843,2881,-1,
2843,2882,2881,-1,
2845,2844,2880,-1,
2844,2881,2880,-1,
2846,2845,2879,-1,
2845,2880,2879,-1,
2847,2846,2878,-1,
2846,2879,2878,-1,
2848,2847,2877,-1,
2847,2878,2877,-1,
2849,2848,2876,-1,
2848,2877,2876,-1,
2850,2849,2875,-1,
2849,2876,2875,-1,
2851,2850,2874,-1,
2850,2875,2874,-1,
2852,2851,2873,-1,
2851,2874,2873,-1,
2853,2852,2872,-1,
2852,2873,2872,-1,
2854,2853,2871,-1,
2853,2872,2871,-1,
2855,2854,2870,-1,
2854,2871,2870,-1,
2856,2855,2869,-1,
2855,2870,2869,-1,
2857,2856,2868,-1,
2856,2869,2868,-1,
2858,2857,2867,-1,
2857,2868,2867,-1,
2859,2858,2866,-1,
2858,2867,2866,-1,
2860,2859,2865,-1,
2859,2866,2865,-1,
2861,2860,2864,-1,
2860,2865,2864,-1,
2862,2861,2863,-1,
2861,2864,2863,-1,
2896,2895,2938,-1,
2897,2896,2938,-1,
2898,2897,2937,-1,
2897,2938,2937,-1,
2899,2898,2936,-1,
2898,2937,2936,-1,
2900,2899,2935,-1,
2899,2936,2935,-1,
2901,2900,2934,-1,
2900,2935,2934,-1,
2902,2901,2933,-1,
2901,2934,2933,-1,
2903,2902,2932,-1,
2902,2933,2932,-1,
2904,2903,2931,-1,
2903,2932,2931,-1,
2905,2904,2930,-1,
2904,2931,2930,-1,
2906,2905,2929,-1,
2905,2930,2929,-1,
2907,2906,2928,-1,
2906,2929,2928,-1,
2908,2907,2927,-1,
2907,2928,2927,-1,
2908,2927,2926,-1,
2909,2908,2926,-1,
2909,2926,2925,-1,
2910,2909,2925,-1,
2910,2925,2924,-1,
2911,2910,2924,-1,
2911,2924,2923,-1,
2912,2911,2923,-1,
2912,2923,2922,-1,
2913,2912,2922,-1,
2913,2922,2921,-1,
2914,2913,2921,-1,
2915,2914,2920,-1,
2914,2921,2920,-1,
2916,2915,2919,-1,
2915,2920,2919,-1,
2916,2919,2918,-1,
2917,2916,2918,-1,
2940,2939,2994,-1,
2941,2940,2994,-1,
2942,2941,2993,-1,
2941,2994,2993,-1,
2943,2942,2992,-1,
2942,2993,2992,-1,
2944,2943,2991,-1,
2943,2992,2991,-1,
2945,2944,2990,-1,
2944,2991,2990,-1,
2946,2945,2989,-1,
2945,2990,2989,-1,
2947,2946,2988,-1,
2946,2989,2988,-1,
2948,2947,2987,-1,
2947,2988,2987,-1,
2949,2948,2986,-1,
2948,2987,2986,-1,
2949,2986,2985,-1,
2950,2949,2985,-1,
2950,2985,2984,-1,
2951,2950,2984,-1,
2951,2984,2983,-1,
2952,2951,2983,-1,
2953,2952,2982,-1,
2952,2983,2982,-1,
2954,2953,2981,-1,
2953,2982,2981,-1,
2955,2954,2980,-1,
2954,2981,2980,-1,
2956,2955,2979,-1,
2955,2980,2979,-1,
2957,2956,2978,-1,
2956,2979,2978,-1,
2958,2957,2977,-1,
2957,2978,2977,-1,
2959,2958,2976,-1,
2958,2977,2976,-1,
2960,2959,2975,-1,
2959,2976,2975,-1,
2961,2960,2974,-1,
2960,2975,2974,-1,
2962,2961,2973,-1,
2961,2974,2973,-1,
2963,2962,2972,-1,
2962,2973,2972,-1,
2964,2963,2971,-1,
2963,2972,2971,-1,
2965,2964,2970,-1,
2964,2971,2970,-1,
2966,2965,2969,-1,
2965,2970,2969,-1,
2966,2969,2968,-1,
2967,2966,2968,-1,
2996,2995,3050,-1,
2997,2996,3050,-1,
2998,2997,3049,-1,
2997,3050,3049,-1,
2999,2998,3048,-1,
2998,3049,3048,-1,
3000,2999,3047,-1,
2999,3048,3047,-1,
3001,3000,3046,-1,
3000,3047,3046,-1,
3002,3001,3045,-1,
3001,3046,3045,-1,
3003,3002,3044,-1,
3002,3045,3044,-1,
3004,3003,3043,-1,
3003,3044,3043,-1,
3005,3004,3042,-1,
3004,3043,3042,-1,
3005,3042,3041,-1,
3006,3005,3041,-1,
3006,3041,3040,-1,
3007,3006,3040,-1,
3007,3040,3039,-1,
3008,3007,3039,-1,
3009,3008,3038,-1,
3008,3039,3038,-1,
3010,3009,3037,-1,
3009,3038,3037,-1,
3011,3010,3036,-1,
3010,3037,3036,-1,
3012,3011,3035,-1,
3011,3036,3035,-1,
3013,3012,3034,-1,
3012,3035,3034,-1,
3014,3013,3033,-1,
3013,3034,3033,-1,
3015,3014,3032,-1,
3014,3033,3032,-1,
3016,3015,3031,-1,
3015,3032,3031,-1,
3017,3016,3030,-1,
3016,3031,3030,-1,
3018,3017,3029,-1,
3017,3030,3029,-1,
3019,3018,3028,-1,
3018,3029,3028,-1,
3020,3019,3027,-1,
3019,3028,3027,-1,
3021,3020,3026,-1,
3020,3027,3026,-1,
3022,3021,3025,-1,
3021,3026,3025,-1,
3022,3025,3024,-1,
3023,3022,3024,-1,
3053,3051,3052,-1,
3054,3053,3052,-1,
3056,3055,3110,-1,
3057,3056,3110,-1,
3058,3057,3109,-1,
3057,3110,3109,-1,
3059,3058,3108,-1,
3058,3109,3108,-1,
3060,3059,3107,-1,
3059,3108,3107,-1,
3061,3060,3106,-1,
3060,3107,3106,-1,
3062,3061,3105,-1,
3061,3106,3105,-1,
3063,3062,3104,-1,
3062,3105,3104,-1,
3064,3063,3103,-1,
3063,3104,3103,-1,
3065,3064,3102,-1,
3064,3103,3102,-1,
3065,3102,3101,-1,
3066,3065,3101,-1,
3066,3101,3100,-1,
3067,3066,3100,-1,
3067,3100,3099,-1,
3068,3067,3099,-1,
3069,3068,3098,-1,
3068,3099,3098,-1,
3070,3069,3097,-1,
3069,3098,3097,-1,
3071,3070,3096,-1,
3070,3097,3096,-1,
3072,3071,3095,-1,
3071,3096,3095,-1,
3073,3072,3094,-1,
3074,3073,3094,-1,
3072,3095,3094,-1,
3075,3074,3093,-1,
3074,3094,3093,-1,
3075,3093,3092,-1,
3076,3075,3091,-1,
3077,3076,3091,-1,
3075,3092,3091,-1,
3077,3091,3090,-1,
3078,3077,3089,-1,
3077,3090,3089,-1,
3079,3078,3088,-1,
3078,3089,3088,-1,
3080,3079,3087,-1,
3081,3080,3087,-1,
3079,3088,3087,-1,
3082,3081,3086,-1,
3081,3087,3086,-1,
3083,3082,3085,-1,
3082,3086,3085,-1,
3083,3085,3084,-1,
3111,3112,3113,-1,
3112,3114,3113,-1,
3116,3115,3118,-1,
3117,3116,3118,-1,
3120,3119,3174,-1,
3121,3120,3174,-1,
3122,3121,3174,-1,
3123,3122,3173,-1,
3122,3174,3173,-1,
3124,3123,3172,-1,
3123,3173,3172,-1,
3125,3124,3171,-1,
3124,3172,3171,-1,
3126,3125,3170,-1,
3125,3171,3170,-1,
3127,3126,3169,-1,
3126,3170,3169,-1,
3128,3127,3168,-1,
3127,3169,3168,-1,
3128,3168,3167,-1,
3129,3128,3166,-1,
3128,3167,3166,-1,
3129,3166,3165,-1,
3130,3129,3165,-1,
3130,3165,3164,-1,
3131,3130,3164,-1,
3131,3164,3163,-1,
3132,3131,3163,-1,
3133,3132,3162,-1,
3132,3163,3162,-1,
3134,3133,3161,-1,
3133,3162,3161,-1,
3135,3134,3160,-1,
3134,3161,3160,-1,
3136,3135,3159,-1,
3135,3160,3159,-1,
3137,3136,3158,-1,
3136,3159,3158,-1,
3138,3137,3157,-1,
3137,3158,3157,-1,
3139,3138,3156,-1,
3138,3157,3156,-1,
3140,3139,3155,-1,
3139,3156,3155,-1,
3141,3140,3154,-1,
3140,3155,3154,-1,
3142,3141,3153,-1,
3141,3154,3153,-1,
3143,3142,3152,-1,
3142,3153,3152,-1,
3144,3143,3151,-1,
3143,3152,3151,-1,
3145,3144,3150,-1,
3144,3151,3150,-1,
3146,3145,3149,-1,
3145,3150,3149,-1,
3146,3149,3148,-1,
3147,3146,3148,-1,
3178,3177,3175,-1,
3176,3178,3175,-1,
3186,3185,3184,-1,
3187,3186,3184,-1,
3188,3187,3183,-1,
3187,3184,3183,-1,
3189,3188,3182,-1,
3188,3183,3182,-1,
3190,3189,3181,-1,
3189,3182,3181,-1,
3191,3190,3180,-1,
3190,3181,3180,-1,
3192,3191,3179,-1,
3191,3180,3179,-1,
3194,3193,3248,-1,
3195,3194,3248,-1,
3196,3195,3247,-1,
3195,3248,3247,-1,
3197,3196,3246,-1,
3196,3247,3246,-1,
3198,3197,3245,-1,
3197,3246,3245,-1,
3199,3198,3244,-1,
3198,3245,3244,-1,
3200,3199,3243,-1,
3199,3244,3243,-1,
3201,3200,3242,-1,
3200,3243,3242,-1,
3202,3201,3241,-1,
3201,3242,3241,-1,
3203,3202,3240,-1,
3202,3241,3240,-1,
3203,3240,3239,-1,
3204,3203,3239,-1,
3204,3239,3238,-1,
3205,3204,3238,-1,
3205,3238,3237,-1,
3206,3205,3237,-1,
3207,3206,3236,-1,
3206,3237,3236,-1,
3208,3207,3235,-1,
3207,3236,3235,-1,
3209,3208,3234,-1,
3208,3235,3234,-1,
3210,3209,3233,-1,
3209,3234,3233,-1,
3211,3210,3232,-1,
3210,3233,3232,-1,
3212,3211,3231,-1,
3211,3232,3231,-1,
3213,3212,3230,-1,
3212,3231,3230,-1,
3214,3213,3229,-1,
3213,3230,3229,-1,
3215,3214,3228,-1,
3214,3229,3228,-1,
3216,3215,3227,-1,
3215,3228,3227,-1,
3217,3216,3226,-1,
3216,3227,3226,-1,
3218,3217,3225,-1,
3217,3226,3225,-1,
3219,3218,3224,-1,
3218,3225,3224,-1,
3220,3219,3223,-1,
3219,3224,3223,-1,
3220,3223,3222,-1,
3221,3220,3222,-1,
3250,3249,3304,-1,
3251,3250,3304,-1,
3252,3251,3303,-1,
3251,3304,3303,-1,
3253,3252,3302,-1,
3252,3303,3302,-1,
3254,3253,3301,-1,
3253,3302,3301,-1,
3255,3254,3300,-1,
3254,3301,3300,-1,
3256,3255,3299,-1,
3255,3300,3299,-1,
3257,3256,3298,-1,
3256,3299,3298,-1,
3258,3257,3297,-1,
3257,3298,3297,-1,
3259,3258,3296,-1,
3258,3297,3296,-1,
3259,3296,3295,-1,
3260,3259,3295,-1,
3260,3295,3294,-1,
3261,3260,3294,-1,
3261,3294,3293,-1,
3262,3261,3293,-1,
3263,3262,3292,-1,
3262,3293,3292,-1,
3264,3263,3291,-1,
3263,3292,3291,-1,
3265,3264,3290,-1,
3264,3291,3290,-1,
3266,3265,3289,-1,
3265,3290,3289,-1,
3267,3266,3288,-1,
3266,3289,3288,-1,
3268,3267,3287,-1,
3267,3288,3287,-1,
3269,3268,3286,-1,
3268,3287,3286,-1,
3270,3269,3285,-1,
3269,3286,3285,-1,
3271,3270,3284,-1,
3270,3285,3284,-1,
3272,3271,3283,-1,
3271,3284,3283,-1,
3273,3272,3282,-1,
3272,3283,3282,-1,
3274,3273,3281,-1,
3273,3282,3281,-1,
3275,3274,3280,-1,
3274,3281,3280,-1,
3276,3275,3279,-1,
3275,3280,3279,-1,
3276,3279,3278,-1,
3277,3276,3278,-1,
3306,3305,3348,-1,
3307,3306,3348,-1,
3308,3307,3347,-1,
3307,3348,3347,-1,
3309,3308,3346,-1,
3308,3347,3346,-1,
3310,3309,3345,-1,
3309,3346,3345,-1,
3311,3310,3344,-1,
3310,3345,3344,-1,
3312,3311,3343,-1,
3311,3344,3343,-1,
3313,3312,3342,-1,
3312,3343,3342,-1,
3314,3313,3341,-1,
3313,3342,3341,-1,
3315,3314,3340,-1,
3314,3341,3340,-1,
3316,3315,3339,-1,
3315,3340,3339,-1,
3317,3316,3338,-1,
3316,3339,3338,-1,
3318,3317,3337,-1,
3317,3338,3337,-1,
3318,3337,3336,-1,
3319,3318,3336,-1,
3319,3336,3335,-1,
3320,3319,3335,-1,
3320,3335,3334,-1,
3321,3320,3334,-1,
3321,3334,3333,-1,
3322,3321,3333,-1,
3322,3333,3332,-1,
3323,3322,3332,-1,
3323,3332,3331,-1,
3324,3323,3331,-1,
3325,3324,3330,-1,
3324,3331,3330,-1,
3326,3325,3329,-1,
3325,3330,3329,-1,
3326,3329,3328,-1,
3327,3326,3328,-1,
3400,3398,3399,-1,
3376,3377,3378,-1,
3376,3378,3379,-1,
3376,3379,3380,-1,
3376,3380,3381,-1,
3376,3381,3382,-1,
3376,3382,3383,-1,
3376,3383,3384,-1,
3376,3384,3385,-1,
3376,3385,3386,-1,
3376,3386,3387,-1,
3376,3387,3388,-1,
3376,3388,3389,-1,
3376,3389,3390,-1,
3376,3390,3391,-1,
3403,3398,3400,-1,
3403,3376,3391,-1,
3403,3391,3392,-1,
3403,3392,3393,-1,
3403,3393,3394,-1,
3403,3394,3395,-1,
3403,3395,3396,-1,
3403,3396,3397,-1,
3403,3397,3398,-1,
3403,3400,3401,-1,
3403,3401,3402,-1,
3350,3376,3403,-1,
3361,3362,3376,-1,
3363,3376,3362,-1,
3360,3361,3376,-1,
3364,3376,3363,-1,
3359,3360,3376,-1,
3365,3376,3364,-1,
3358,3359,3376,-1,
3366,3376,3365,-1,
3357,3358,3376,-1,
3356,3357,3376,-1,
3355,3356,3376,-1,
3354,3355,3376,-1,
3353,3354,3376,-1,
3434,3350,3403,-1,
3352,3353,3376,-1,
3351,3376,3350,-1,
3351,3352,3376,-1,
3367,3376,3366,-1,
3368,3376,3367,-1,
3349,3351,3350,-1,
3373,3375,3374,-1,
3373,3367,3375,-1,
3371,3369,3368,-1,
3371,3370,3369,-1,
3371,3373,3372,-1,
3371,3368,3367,-1,
3371,3367,3373,-1,
3432,3433,3434,-1,
3405,3432,3434,-1,
3405,3434,3404,-1,
3429,3430,3431,-1,
3429,3431,3432,-1,
3408,3405,3406,-1,
3408,3406,3407,-1,
3410,3405,3408,-1,
3410,3408,3409,-1,
3424,3425,3426,-1,
3424,3426,3427,-1,
3424,3427,3428,-1,
3424,3428,3429,-1,
3413,3410,3411,-1,
3413,3411,3412,-1,
3422,3423,3424,-1,
3415,3413,3414,-1,
3416,3410,3413,-1,
3416,3413,3415,-1,
3420,3421,3422,-1,
3417,3410,3416,-1,
3419,3432,3405,-1,
3419,3429,3432,-1,
3419,3422,3424,-1,
3419,3405,3410,-1,
3419,3424,3429,-1,
3419,3420,3422,-1,
3419,3410,3417,-1,
3419,3417,3418,-1,
3403,3404,3434,-1,
3520,3512,3513,-1,
3520,3513,3514,-1,
3520,3514,3515,-1,
3520,3515,3516,-1,
3520,3516,3517,-1,
3520,3517,3518,-1,
3520,3518,3519,-1,
3511,3435,3436,-1,
3511,3436,3437,-1,
3511,3437,3438,-1,
3511,3438,3439,-1,
3511,3439,3440,-1,
3511,3440,3441,-1,
3511,3441,3442,-1,
3511,3442,3443,-1,
3511,3443,3444,-1,
3511,3444,3445,-1,
3511,3445,3446,-1,
3511,3446,3447,-1,
3511,3447,3448,-1,
3511,3520,3435,-1,
3511,3512,3520,-1,
3449,3511,3448,-1,
3450,3511,3449,-1,
3504,3505,3506,-1,
3504,3506,3507,-1,
3504,3507,3508,-1,
3500,3501,3502,-1,
3500,3502,3503,-1,
3500,3503,3504,-1,
3496,3497,3498,-1,
3496,3498,3499,-1,
3495,3496,3499,-1,
3495,3499,3500,-1,
3494,3495,3500,-1,
3489,3490,3491,-1,
3489,3491,3492,-1,
3486,3487,3488,-1,
3486,3488,3489,-1,
3486,3489,3492,-1,
3484,3485,3486,-1,
3484,3504,3508,-1,
3484,3492,3493,-1,
3484,3493,3494,-1,
3484,3500,3504,-1,
3484,3494,3500,-1,
3484,3486,3492,-1,
3484,3508,3509,-1,
3484,3509,3510,-1,
3484,3510,3511,-1,
3452,3511,3450,-1,
3452,3450,3451,-1,
3452,3484,3511,-1,
3457,3455,3456,-1,
3460,3458,3459,-1,
3461,3458,3460,-1,
3461,3457,3458,-1,
3464,3462,3463,-1,
3465,3462,3464,-1,
3465,3461,3462,-1,
3466,3461,3465,-1,
3467,3461,3466,-1,
3469,3467,3468,-1,
3471,3467,3469,-1,
3471,3469,3470,-1,
3473,3467,3471,-1,
3473,3471,3472,-1,
3476,3473,3474,-1,
3476,3474,3475,-1,
3477,3473,3476,-1,
3453,3454,3455,-1,
3479,3477,3478,-1,
3480,3477,3479,-1,
3482,3455,3457,-1,
3482,3457,3461,-1,
3482,3461,3467,-1,
3482,3467,3473,-1,
3482,3480,3481,-1,
3482,3473,3477,-1,
3482,3453,3455,-1,
3482,3477,3480,-1,
3483,3453,3482,-1,
3483,3484,3453,-1,
3453,3484,3452,-1,
3599,3598,3603,-1,
3600,3599,3603,-1,
3601,3600,3603,-1,
3602,3601,3603,-1,
3604,3603,3521,-1,
3590,3589,3588,-1,
3590,3588,3584,-1,
3586,3585,3584,-1,
3587,3586,3584,-1,
3588,3587,3584,-1,
3591,3590,3584,-1,
3592,3591,3584,-1,
3593,3592,3584,-1,
3594,3593,3584,-1,
3595,3594,3584,-1,
3596,3595,3584,-1,
3597,3596,3584,-1,
3598,3597,3584,-1,
3583,3582,3581,-1,
3522,3521,3524,-1,
3523,3522,3524,-1,
3580,3579,3578,-1,
3525,3524,3526,-1,
3578,3577,3576,-1,
3580,3578,3575,-1,
3578,3576,3575,-1,
3527,3526,3528,-1,
3528,3526,3529,-1,
3529,3526,3530,-1,
3526,3524,3530,-1,
3574,3573,3572,-1,
3530,3524,3531,-1,
3531,3524,3532,-1,
3533,3532,3534,-1,
3570,3569,3568,-1,
3571,3570,3568,-1,
3572,3571,3568,-1,
3572,3568,3567,-1,
3575,3574,3566,-1,
3574,3572,3566,-1,
3572,3567,3566,-1,
3535,3534,3538,-1,
3536,3535,3538,-1,
3537,3536,3538,-1,
3534,3532,3538,-1,
3538,3532,3539,-1,
3540,3539,3542,-1,
3541,3540,3542,-1,
3546,3545,3549,-1,
3547,3546,3549,-1,
3548,3547,3549,-1,
3549,3545,3550,-1,
3603,3598,3563,-1,
3524,3521,3563,-1,
3598,3584,3563,-1,
3521,3603,3563,-1,
3583,3581,3563,-1,
3580,3575,3563,-1,
3581,3580,3563,-1,
3584,3583,3563,-1,
3532,3524,3563,-1,
3575,3566,3563,-1,
3550,3545,3551,-1,
3563,3562,3561,-1,
3543,3542,3553,-1,
3544,3543,3553,-1,
3545,3544,3553,-1,
3552,3551,3553,-1,
3551,3545,3553,-1,
3563,3561,3560,-1,
3560,3559,3558,-1,
3554,3553,3556,-1,
3555,3554,3556,-1,
3532,3563,3557,-1,
3553,3542,3557,-1,
3563,3560,3557,-1,
3556,3553,3557,-1,
3560,3558,3557,-1,
3539,3532,3557,-1,
3542,3539,3557,-1,
3566,3565,3564,-1,
3563,3566,3564,-1,
] } }
Shape { appearance Appearance { material Material { diffuseColor 0.698039 0.698039 0.698039 specularColor 0.2 0.2 0.2 shininess 0.45 } } geometry IndexedFaceSet { solid FALSE creaseAngle 0.6 coord Coordinate { point [
0.5118110 -0.0000000 0.0039370,
0.5118110 -0.0000000 0.0000000,
0.6692913 -0.0000000 0.0000000,
0.6691530 -0.0046646 0.0000000,
0.6687387 -0.0093128 0.0000000,
0.6680497 -0.0139284 0.0000000,
0.6670884 -0.0184950 0.0000000,
0.6658583 -0.0229966 0.0000000,
0.6643638 -0.0274175 0.0000000,
0.6626099 -0.0317420 0.0000000,
0.6606029 -0.0359551 0.0000000,
0.6583499 -0.0400418 0.0000000,
0.6558587 -0.0439879 0.0000000,
0.6531381 -0.0477795 0.0000000,
0.6501977 -0.0514033 0.0000000,
0.6470478 -0.0548465 0.0000000,
0.6436994 -0.0580971 0.0000000,
0.6401644 -0.0611436 0.0000000,
0.6364551 -0.0639753 0.0000000,
0.6325845 -0.0665824 0.0000000,
0.6285663 -0.0689555 0.0000000,
0.6244146 -0.0710864 0.0000000,
0.6201439 -0.0729677 0.0000000,
0.6157693 -0.0745926 0.0000000,
0.6113061 -0.0759556 0.0000000,
0.6067700 -0.0770517 0.0000000,
0.6021769 -0.0778772 0.0000000,
0.5975430 -0.0784291 0.0000000,
0.5928845 -0.0787056 0.0000000,
0.5882178 -0.0787056 0.0000000,
0.5835594 -0.0784291 0.0000000,
0.5789255 -0.0778772 0.0000000,
0.5743324 -0.0770517 0.0000000,
0.5697963 -0.0759556 0.0000000,
0.5653331 -0.0745926 0.0000000,
0.5609585 -0.0729677 0.0000000,
0.5566878 -0.0710864 0.0000000,
0.5525360 -0.0689555 0.0000000,
0.5485178 -0.0665824 0.0000000,
0.5446473 -0.0639753 0.0000000,
0.5409380 -0.0611436 0.0000000,
0.5374029 -0.0580971 0.0000000,
0.5340545 -0.0548465 0.0000000,
0.5309046 -0.0514033 0.0000000,
0.5279642 -0.0477795 0.0000000,
0.5252436 -0.0439879 0.0000000,
0.5227525 -0.0400418 0.0000000,
0.5204994 -0.0359551 0.0000000,
0.5184925 -0.0317420 0.0000000,
0.5167386 -0.0274175 0.0000000,
0.5152440 -0.0229966 0.0000000,
0.5140139 -0.0184950 0.0000000,
0.5130527 -0.0139284 0.0000000,
0.5123637 -0.0093128 0.0000000,
0.5119493 -0.0046646 0.0000000,
0.6692913 -0.0000000 0.0039370,
0.6691530 -0.0046646 0.0039370,
0.6687387 -0.0093128 0.0039370,
0.6680497 -0.0139284 0.0039370,
0.6670884 -0.0184950 0.0039370,
0.6658583 -0.0229966 0.0039370,
0.6643638 -0.0274175 0.0039370,
0.6626099 -0.0317420 0.0039370,
0.6606029 -0.0359551 0.0039370,
0.6583499 -0.0400418 0.0039370,
0.6558587 -0.0439879 0.0039370,
0.6531381 -0.0477795 0.0039370,
0.6501977 -0.0514033 0.0039370,
0.6470478 -0.0548465 0.0039370,
0.6436994 -0.0580971 0.0039370,
0.6401644 -0.0611436 0.0039370,
0.6364551 -0.0639753 0.0039370,
0.6325845 -0.0665824 0.0039370,
0.6285663 -0.0689555 0.0039370,
0.6244146 -0.0710864 0.0039370,
0.6201439 -0.0729677 0.0039370,
0.6157693 -0.0745926 0.0039370,
0.6113061 -0.0759556 0.0039370,
0.6067700 -0.0770517 0.0039370,
0.6021769 -0.0778772 0.0039370,
0.5975430 -0.0784291 0.0039370,
0.5928845 -0.0787056 0.0039370,
0.5882178 -0.0787056 0.0039370,
0.5835594 -0.0784291 0.0039370,
0.5789255 -0.0778772 0.0039370,
0.5743324 -0.0770517 0.0039370,
0.5697963 -0.0759556 0.0039370,
0.5653331 -0.0745926 0.0039370,
0.5609585 -0.0729677 0.0039370,
0.5566878 -0.0710864 0.0039370,
0.5525360 -0.0689555 0.0039370,
0.5485178 -0.0665824 0.0039370,
0.5446473 -0.0639753 0.0039370,
0.5409380 -0.0611436 0.0039370,
0.5374029 -0.0580971 0.0039370,
0.5340545 -0.0548465 0.0039370,
0.5309046 -0.0514033 0.0039370,
0.5279642 -0.0477795 0.0039370,
0.5252436 -0.0439879 0.0039370,
0.5227525 -0.0400418 0.0039370,
0.5204994 -0.0359551 0.0039370,
0.5184925 -0.0317420 0.0039370,
0.5167386 -0.0274175 0.0039370,
0.5152440 -0.0229966 0.0039370,
0.5140139 -0.0184950 0.0039370,
0.5130527 -0.0139284 0.0039370,
0.5123637 -0.0093128 0.0039370,
0.5119493 -0.0046646 0.0039370,
-0.0787402 0.2952756 0.0039370,
-0.0787402 0.2952756 0.0000000,
-0.0786019 0.2906110 0.0000000,
-0.0781875 0.2859627 0.0000000,
-0.0774985 0.2813472 0.0000000,
-0.0765372 0.2767806 0.0000000,
-0.0753072 0.2722790 0.0000000,
-0.0738126 0.2678581 0.0000000,
-0.0720587 0.2635336 0.0000000,
-0.0700517 0.2593205 0.0000000,
-0.0677987 0.2552338 0.0000000,
-0.0653075 0.2512877 0.0000000,
-0.0625870 0.2474961 0.0000000,
-0.0596466 0.2438723 0.0000000,
-0.0564966 0.2404291 0.0000000,
-0.0531483 0.2371785 0.0000000,
-0.0496132 0.2341320 0.0000000,
-0.0459039 0.2313002 0.0000000,
-0.0420333 0.2286932 0.0000000,
-0.0380151 0.2263201 0.0000000,
-0.0338634 0.2241891 0.0000000,
-0.0295927 0.2223079 0.0000000,
-0.0252181 0.2206830 0.0000000,
-0.0207549 0.2193200 0.0000000,
-0.0162188 0.2182239 0.0000000,
-0.0116257 0.2173984 0.0000000,
-0.0069918 0.2168465 0.0000000,
-0.0023333 0.2165700 0.0000000,
0.0023333 0.2165700 0.0000000,
0.0069918 0.2168465 0.0000000,
0.0116257 0.2173984 0.0000000,
0.0162188 0.2182239 0.0000000,
0.0207549 0.2193200 0.0000000,
0.0252181 0.2206830 0.0000000,
0.0295927 0.2223079 0.0000000,
0.0338634 0.2241891 0.0000000,
0.0380151 0.2263201 0.0000000,
0.0420333 0.2286932 0.0000000,
0.0459039 0.2313002 0.0000000,
0.0496132 0.2341320 0.0000000,
0.0531483 0.2371785 0.0000000,
0.0564966 0.2404291 0.0000000,
0.0596466 0.2438723 0.0000000,
0.0625870 0.2474961 0.0000000,
0.0653075 0.2512877 0.0000000,
0.0677987 0.2552338 0.0000000,
0.0700517 0.2593205 0.0000000,
0.0720587 0.2635336 0.0000000,
0.0738126 0.2678581 0.0000000,
0.0753072 0.2722790 0.0000000,
0.0765372 0.2767806 0.0000000,
0.0774985 0.2813472 0.0000000,
0.0781875 0.2859627 0.0000000,
0.0786019 0.2906110 0.0000000,
0.0787402 0.2952756 0.0000000,
0.0787402 0.2952756 0.0039370,
-0.0786019 0.2906110 0.0039370,
-0.0781875 0.2859627 0.0039370,
-0.0774985 0.2813472 0.0039370,
-0.0765372 0.2767806 0.0039370,
-0.0753072 0.2722790 0.0039370,
-0.0738126 0.2678581 0.0039370,
-0.0720587 0.2635336 0.0039370,
-0.0700517 0.2593205 0.0039370,
-0.0677987 0.2552338 0.0039370,
-0.0653075 0.2512877 0.0039370,
-0.0625870 0.2474961 0.0039370,
-0.0596466 0.2438723 0.0039370,
-0.0564966 0.2404291 0.0039370,
-0.0531483 0.2371785 0.0039370,
-0.0496132 0.2341320 0.0039370,
-0.0459039 0.2313002 0.0039370,
-0.0420333 0.2286932 0.0039370,
-0.0380151 0.2263201 0.0039370,
-0.0338634 0.2241891 0.0039370,
-0.0295927 0.2223079 0.0039370,
-0.0252181 0.2206830 0.0039370,
-0.0207549 0.2193200 0.0039370,
-0.0162188 0.2182239 0.0039370,
-0.0116257 0.2173984 0.0039370,
-0.0069918 0.2168465 0.0039370,
-0.0023333 0.2165700 0.0039370,
0.0023333 0.2165700 0.0039370,
0.0069918 0.2168465 0.0039370,
0.0116257 0.2173984 0.0039370,
0.0162188 0.2182239 0.0039370,
0.0207549 0.2193200 0.0039370,
0.0252181 0.2206830 0.0039370,
0.0295927 0.2223079 0.0039370,
0.0338634 0.2241891 0.0039370,
0.0380151 0.2263201 0.0039370,
0.0420333 0.2286932 0.0039370,
0.0459039 0.2313002 0.0039370,
0.0496132 0.2341320 0.0039370,
0.0531483 0.2371785 0.0039370,
0.0564966 0.2404291 0.0039370,
0.0596466 0.2438723 0.0039370,
0.0625870 0.2474961 0.0039370,
0.0653075 0.2512877 0.0039370,
0.0677987 0.2552338 0.0039370,
0.0700517 0.2593205 0.0039370,
0.0720587 0.2635336 0.0039370,
0.0738126 0.2678581 0.0039370,
0.0753072 0.2722790 0.0039370,
0.0765372 0.2767806 0.0039370,
0.0774985 0.2813472 0.0039370,
0.0781875 0.2859627 0.0039370,
0.0786019 0.2906110 0.0039370,
-0.0787402 0.4921260 0.0039370,
-0.0787402 0.4921260 0.0000000,
-0.0786019 0.4874614 0.0000000,
-0.0781875 0.4828131 0.0000000,
-0.0774985 0.4781976 0.0000000,
-0.0765372 0.4736310 0.0000000,
-0.0753072 0.4691294 0.0000000,
-0.0738126 0.4647085 0.0000000,
-0.0720587 0.4603840 0.0000000,
-0.0700517 0.4561709 0.0000000,
-0.0677987 0.4520842 0.0000000,
-0.0653075 0.4481380 0.0000000,
-0.0625870 0.4443464 0.0000000,
-0.0596466 0.4407227 0.0000000,
-0.0564966 0.4372794 0.0000000,
-0.0531483 0.4340289 0.0000000,
-0.0496132 0.4309824 0.0000000,
-0.0459039 0.4281506 0.0000000,
-0.0420333 0.4255436 0.0000000,
-0.0380151 0.4231705 0.0000000,
-0.0338634 0.4210395 0.0000000,
-0.0295927 0.4191583 0.0000000,
-0.0252181 0.4175334 0.0000000,
-0.0207549 0.4161704 0.0000000,
-0.0162188 0.4150743 0.0000000,
-0.0116257 0.4142488 0.0000000,
-0.0069918 0.4136969 0.0000000,
-0.0023333 0.4134204 0.0000000,
0.0023333 0.4134204 0.0000000,
0.0069918 0.4136969 0.0000000,
0.0116257 0.4142488 0.0000000,
0.0162188 0.4150743 0.0000000,
0.0207549 0.4161704 0.0000000,
0.0252181 0.4175334 0.0000000,
0.0295927 0.4191583 0.0000000,
0.0338634 0.4210395 0.0000000,
0.0380151 0.4231705 0.0000000,
0.0420333 0.4255436 0.0000000,
0.0459039 0.4281506 0.0000000,
0.0496132 0.4309824 0.0000000,
0.0531483 0.4340289 0.0000000,
0.0564966 0.4372794 0.0000000,
0.0596466 0.4407227 0.0000000,
0.0625870 0.4443464 0.0000000,
0.0653075 0.4481380 0.0000000,
0.0677987 0.4520842 0.0000000,
0.0700517 0.4561709 0.0000000,
0.0720587 0.4603840 0.0000000,
0.0738126 0.4647085 0.0000000,
0.0753072 0.4691294 0.0000000,
0.0765372 0.4736310 0.0000000,
0.0774985 0.4781976 0.0000000,
0.0781875 0.4828131 0.0000000,
0.0786019 0.4874614 0.0000000,
0.0787402 0.4921260 0.0000000,
0.0787402 0.4921260 0.0039370,
-0.0786019 0.4874614 0.0039370,
-0.0781875 0.4828131 0.0039370,
-0.0774985 0.4781976 0.0039370,
-0.0765372 0.4736310 0.0039370,
-0.0753072 0.4691294 0.0039370,
-0.0738126 0.4647085 0.0039370,
-0.0720587 0.4603840 0.0039370,
-0.0700517 0.4561709 0.0039370,
-0.0677987 0.4520842 0.0039370,
-0.0653075 0.4481380 0.0039370,
-0.0625870 0.4443464 0.0039370,
-0.0596466 0.4407227 0.0039370,
-0.0564966 0.4372794 0.0039370,
-0.0531483 0.4340289 0.0039370,
-0.0496132 0.4309824 0.0039370,
-0.0459039 0.4281506 0.0039370,
-0.0420333 0.4255436 0.0039370,
-0.0380151 0.4231705 0.0039370,
-0.0338634 0.4210395 0.0039370,
-0.0295927 0.4191583 0.0039370,
-0.0252181 0.4175334 0.0039370,
-0.0207549 0.4161704 0.0039370,
-0.0162188 0.4150743 0.0039370,
-0.0116257 0.4142488 0.0039370,
-0.0069918 0.4136969 0.0039370,
-0.0023333 0.4134204 0.0039370,
0.0023333 0.4134204 0.0039370,
0.0069918 0.4136969 0.0039370,
0.0116257 0.4142488 0.0039370,
0.0162188 0.4150743 0.0039370,
0.0207549 0.4161704 0.0039370,
0.0252181 0.4175334 0.0039370,
0.0295927 0.4191583 0.0039370,
0.0338634 0.4210395 0.0039370,
0.0380151 0.4231705 0.0039370,
0.0420333 0.4255436 0.0039370,
0.0459039 0.4281506 0.0039370,
0.0496132 0.4309824 0.0039370,
0.0531483 0.4340289 0.0039370,
0.0564966 0.4372794 0.0039370,
0.0596466 0.4407227 0.0039370,
0.0625870 0.4443464 0.0039370,
0.0653075 0.4481380 0.0039370,
0.0677987 0.4520842 0.0039370,
0.0700517 0.4561709 0.0039370,
0.0720587 0.4603840 0.0039370,
0.0738126 0.4647085 0.0039370,
0.0753072 0.4691294 0.0039370,
0.0765372 0.4736310 0.0039370,
0.0774985 0.4781976 0.0039370,
0.0781875 0.4828131 0.0039370,
0.0786019 0.4874614 0.0039370,
-0.0787402 -0.4921260 0.0039370,
-0.0787402 -0.4921260 0.0000000,
-0.0786019 -0.4967906 0.0000000,
-0.0781875 -0.5014388 0.0000000,
-0.0774985 -0.5060544 0.0000000,
-0.0765372 -0.5106209 0.0000000,
-0.0753072 -0.5151226 0.0000000,
-0.0738126 -0.5195434 0.0000000,
-0.0720587 -0.5238680 0.0000000,
-0.0700517 -0.5280810 0.0000000,
-0.0677987 -0.5321678 0.0000000,
-0.0653075 -0.5361139 0.0000000,
-0.0625870 -0.5399055 0.0000000,
-0.0596466 -0.5435293 0.0000000,
-0.0564966 -0.5469725 0.0000000,
-0.0531483 -0.5502231 0.0000000,
-0.0496132 -0.5532696 0.0000000,
-0.0459039 -0.5561013 0.0000000,
-0.0420333 -0.5587083 0.0000000,
-0.0380151 -0.5610815 0.0000000,
-0.0338634 -0.5632124 0.0000000,
-0.0295927 -0.5650937 0.0000000,
-0.0252181 -0.5667186 0.0000000,
-0.0207549 -0.5680815 0.0000000,
-0.0162188 -0.5691777 0.0000000,
-0.0116257 -0.5700032 0.0000000,
-0.0069918 -0.5705551 0.0000000,
-0.0023333 -0.5708316 0.0000000,
0.0023333 -0.5708316 0.0000000,
0.0069918 -0.5705551 0.0000000,
0.0116257 -0.5700032 0.0000000,
0.0162188 -0.5691777 0.0000000,
0.0207549 -0.5680815 0.0000000,
0.0252181 -0.5667186 0.0000000,
0.0295927 -0.5650937 0.0000000,
0.0338634 -0.5632124 0.0000000,
0.0380151 -0.5610815 0.0000000,
0.0420333 -0.5587083 0.0000000,
0.0459039 -0.5561013 0.0000000,
0.0496132 -0.5532696 0.0000000,
0.0531483 -0.5502231 0.0000000,
0.0564966 -0.5469725 0.0000000,
0.0596466 -0.5435293 0.0000000,
0.0625870 -0.5399055 0.0000000,
0.0653075 -0.5361139 0.0000000,
0.0677987 -0.5321678 0.0000000,
0.0700517 -0.5280810 0.0000000,
0.0720587 -0.5238680 0.0000000,
0.0738126 -0.5195434 0.0000000,
0.0753072 -0.5151226 0.0000000,
0.0765372 -0.5106209 0.0000000,
0.0774985 -0.5060544 0.0000000,
0.0781875 -0.5014388 0.0000000,
0.0786019 -0.4967906 0.0000000,
0.0787402 -0.4921260 0.0000000,
0.0787402 -0.4921260 0.0039370,
-0.0786019 -0.4967906 0.0039370,
-0.0781875 -0.5014388 0.0039370,
-0.0774985 -0.5060544 0.0039370,
-0.0765372 -0.5106209 0.0039370,
-0.0753072 -0.5151226 0.0039370,
-0.0738126 -0.5195434 0.0039370,
-0.0720587 -0.5238680 0.0039370,
-0.0700517 -0.5280810 0.0039370,
-0.0677987 -0.5321678 0.0039370,
-0.0653075 -0.5361139 0.0039370,
-0.0625870 -0.5399055 0.0039370,
-0.0596466 -0.5435293 0.0039370,
-0.0564966 -0.5469725 0.0039370,
-0.0531483 -0.5502231 0.0039370,
-0.0496132 -0.5532696 0.0039370,
-0.0459039 -0.5561013 0.0039370,
-0.0420333 -0.5587083 0.0039370,
-0.0380151 -0.5610815 0.0039370,
-0.0338634 -0.5632124 0.0039370,
-0.0295927 -0.5650937 0.0039370,
-0.0252181 -0.5667186 0.0039370,
-0.0207549 -0.5680815 0.0039370,
-0.0162188 -0.5691777 0.0039370,
-0.0116257 -0.5700032 0.0039370,
-0.0069918 -0.5705551 0.0039370,
-0.0023333 -0.5708316 0.0039370,
0.0023333 -0.5708316 0.0039370,
0.0069918 -0.5705551 0.0039370,
0.0116257 -0.5700032 0.0039370,
0.0162188 -0.5691777 0.0039370,
0.0207549 -0.5680815 0.0039370,
0.0252181 -0.5667186 0.0039370,
0.0295927 -0.5650937 0.0039370,
0.0338634 -0.5632124 0.0039370,
0.0380151 -0.5610815 0.0039370,
0.0420333 -0.5587083 0.0039370,
0.0459039 -0.5561013 0.0039370,
0.0496132 -0.5532696 0.0039370,
0.0531483 -0.5502231 0.0039370,
0.0564966 -0.5469725 0.0039370,
0.0596466 -0.5435293 0.0039370,
0.0625870 -0.5399055 0.0039370,
0.0653075 -0.5361139 0.0039370,
0.0677987 -0.5321678 0.0039370,
0.0700517 -0.5280810 0.0039370,
0.0720587 -0.5238680 0.0039370,
0.0738126 -0.5195434 0.0039370,
0.0753072 -0.5151226 0.0039370,
0.0765372 -0.5106209 0.0039370,
0.0774985 -0.5060544 0.0039370,
0.0781875 -0.5014388 0.0039370,
0.0786019 -0.4967906 0.0039370,
-0.3543307 -0.5433071 0.0039370,
-0.3543307 -0.5433071 0.0000000,
-0.3541924 -0.5479717 0.0000000,
-0.3537780 -0.5526199 0.0000000,
-0.3530890 -0.5572355 0.0000000,
-0.3521278 -0.5618021 0.0000000,
-0.3508977 -0.5663037 0.0000000,
-0.3494031 -0.5707245 0.0000000,
-0.3476493 -0.5750491 0.0000000,
-0.3456423 -0.5792621 0.0000000,
-0.3433893 -0.5833489 0.0000000,
-0.3408981 -0.5872950 0.0000000,
-0.3381775 -0.5910866 0.0000000,
-0.3352371 -0.5947104 0.0000000,
-0.3320872 -0.5981536 0.0000000,
-0.3287388 -0.6014042 0.0000000,
-0.3252038 -0.6044507 0.0000000,
-0.3214944 -0.6072824 0.0000000,
-0.3176239 -0.6098894 0.0000000,
-0.3136057 -0.6122626 0.0000000,
-0.3094540 -0.6143935 0.0000000,
-0.3051833 -0.6162748 0.0000000,
-0.3008086 -0.6178997 0.0000000,
-0.2963454 -0.6192626 0.0000000,
-0.2918093 -0.6203588 0.0000000,
-0.2872163 -0.6211843 0.0000000,
-0.2825824 -0.6217362 0.0000000,
-0.2779239 -0.6220127 0.0000000,
-0.2732572 -0.6220127 0.0000000,
-0.2685987 -0.6217362 0.0000000,
-0.2639648 -0.6211843 0.0000000,
-0.2593718 -0.6203588 0.0000000,
-0.2548357 -0.6192626 0.0000000,
-0.2503725 -0.6178997 0.0000000,
-0.2459978 -0.6162748 0.0000000,
-0.2417271 -0.6143935 0.0000000,
-0.2375754 -0.6122626 0.0000000,
-0.2335572 -0.6098894 0.0000000,
-0.2296867 -0.6072824 0.0000000,
-0.2259773 -0.6044507 0.0000000,
-0.2224423 -0.6014042 0.0000000,
-0.2190939 -0.5981536 0.0000000,
-0.2159440 -0.5947104 0.0000000,
-0.2130036 -0.5910866 0.0000000,
-0.2102830 -0.5872950 0.0000000,
-0.2077918 -0.5833489 0.0000000,
-0.2055388 -0.5792621 0.0000000,
-0.2035318 -0.5750491 0.0000000,
-0.2017780 -0.5707245 0.0000000,
-0.2002834 -0.5663037 0.0000000,
-0.1990533 -0.5618021 0.0000000,
-0.1980921 -0.5572355 0.0000000,
-0.1974031 -0.5526199 0.0000000,
-0.1969887 -0.5479717 0.0000000,
-0.1968504 -0.5433071 0.0000000,
-0.1968504 -0.5433071 0.0039370,
-0.3541924 -0.5479717 0.0039370,
-0.3537780 -0.5526199 0.0039370,
-0.3530890 -0.5572355 0.0039370,
-0.3521278 -0.5618021 0.0039370,
-0.3508977 -0.5663037 0.0039370,
-0.3494031 -0.5707245 0.0039370,
-0.3476493 -0.5750491 0.0039370,
-0.3456423 -0.5792621 0.0039370,
-0.3433893 -0.5833489 0.0039370,
-0.3408981 -0.5872950 0.0039370,
-0.3381775 -0.5910866 0.0039370,
-0.3352371 -0.5947104 0.0039370,
-0.3320872 -0.5981536 0.0039370,
-0.3287388 -0.6014042 0.0039370,
-0.3252038 -0.6044507 0.0039370,
-0.3214944 -0.6072824 0.0039370,
-0.3176239 -0.6098894 0.0039370,
-0.3136057 -0.6122626 0.0039370,
-0.3094540 -0.6143935 0.0039370,
-0.3051833 -0.6162748 0.0039370,
-0.3008086 -0.6178997 0.0039370,
-0.2963454 -0.6192626 0.0039370,
-0.2918093 -0.6203588 0.0039370,
-0.2872163 -0.6211843 0.0039370,
-0.2825824 -0.6217362 0.0039370,
-0.2779239 -0.6220127 0.0039370,
-0.2732572 -0.6220127 0.0039370,
-0.2685987 -0.6217362 0.0039370,
-0.2639648 -0.6211843 0.0039370,
-0.2593718 -0.6203588 0.0039370,
-0.2548357 -0.6192626 0.0039370,
-0.2503725 -0.6178997 0.0039370,
-0.2459978 -0.6162748 0.0039370,
-0.2417271 -0.6143935 0.0039370,
-0.2375754 -0.6122626 0.0039370,
-0.2335572 -0.6098894 0.0039370,
-0.2296867 -0.6072824 0.0039370,
-0.2259773 -0.6044507 0.0039370,
-0.2224423 -0.6014042 0.0039370,
-0.2190939 -0.5981536 0.0039370,
-0.2159440 -0.5947104 0.0039370,
-0.2130036 -0.5910866 0.0039370,
-0.2102830 -0.5872950 0.0039370,
-0.2077918 -0.5833489 0.0039370,
-0.2055388 -0.5792621 0.0039370,
-0.2035318 -0.5750491 0.0039370,
-0.2017780 -0.5707245 0.0039370,
-0.2002834 -0.5663037 0.0039370,
-0.1990533 -0.5618021 0.0039370,
-0.1980921 -0.5572355 0.0039370,
-0.1974031 -0.5526199 0.0039370,
-0.1969887 -0.5479717 0.0039370,
0.1968504 -0.5433071 0.0039370,
0.1968504 -0.5433071 0.0000000,
0.1969887 -0.5479717 0.0000000,
0.1974031 -0.5526199 0.0000000,
0.1980921 -0.5572355 0.0000000,
0.1990533 -0.5618021 0.0000000,
0.2002834 -0.5663037 0.0000000,
0.2017780 -0.5707245 0.0000000,
0.2035318 -0.5750491 0.0000000,
0.2055388 -0.5792621 0.0000000,
0.2077918 -0.5833489 0.0000000,
0.2102830 -0.5872950 0.0000000,
0.2130036 -0.5910866 0.0000000,
0.2159440 -0.5947104 0.0000000,
0.2190939 -0.5981536 0.0000000,
0.2224423 -0.6014042 0.0000000,
0.2259773 -0.6044507 0.0000000,
0.2296867 -0.6072824 0.0000000,
0.2335572 -0.6098894 0.0000000,
0.2375754 -0.6122626 0.0000000,
0.2417271 -0.6143935 0.0000000,
0.2459978 -0.6162748 0.0000000,
0.2503725 -0.6178997 0.0000000,
0.2548357 -0.6192626 0.0000000,
0.2593718 -0.6203588 0.0000000,
0.2639648 -0.6211843 0.0000000,
0.2685987 -0.6217362 0.0000000,
0.2732572 -0.6220127 0.0000000,
0.2779239 -0.6220127 0.0000000,
0.2825824 -0.6217362 0.0000000,
0.2872163 -0.6211843 0.0000000,
0.2918093 -0.6203588 0.0000000,
0.2963454 -0.6192626 0.0000000,
0.3008086 -0.6178997 0.0000000,
0.3051833 -0.6162748 0.0000000,
0.3094540 -0.6143935 0.0000000,
0.3136057 -0.6122626 0.0000000,
0.3176239 -0.6098894 0.0000000,
0.3214944 -0.6072824 0.0000000,
0.3252038 -0.6044507 0.0000000,
0.3287388 -0.6014042 0.0000000,
0.3320872 -0.5981536 0.0000000,
0.3352371 -0.5947104 0.0000000,
0.3381775 -0.5910866 0.0000000,
0.3408981 -0.5872950 0.0000000,
0.3433893 -0.5833489 0.0000000,
0.3456423 -0.5792621 0.0000000,
0.3476493 -0.5750491 0.0000000,
0.3494031 -0.5707245 0.0000000,
0.3508977 -0.5663037 0.0000000,
0.3521278 -0.5618021 0.0000000,
0.3530890 -0.5572355 0.0000000,
0.3537780 -0.5526199 0.0000000,
0.3541924 -0.5479717 0.0000000,
0.3543307 -0.5433071 0.0000000,
0.3543307 -0.5433071 0.0039370,
0.1969887 -0.5479717 0.0039370,
0.1974031 -0.5526199 0.0039370,
0.1980921 -0.5572355 0.0039370,
0.1990533 -0.5618021 0.0039370,
0.2002834 -0.5663037 0.0039370,
0.2017780 -0.5707245 0.0039370,
0.2035318 -0.5750491 0.0039370,
0.2055388 -0.5792621 0.0039370,
0.2077918 -0.5833489 0.0039370,
0.2102830 -0.5872950 0.0039370,
0.2130036 -0.5910866 0.0039370,
0.2159440 -0.5947104 0.0039370,
0.2190939 -0.5981536 0.0039370,
0.2224423 -0.6014042 0.0039370,
0.2259773 -0.6044507 0.0039370,
0.2296867 -0.6072824 0.0039370,
0.2335572 -0.6098894 0.0039370,
0.2375754 -0.6122626 0.0039370,
0.2417271 -0.6143935 0.0039370,
0.2459978 -0.6162748 0.0039370,
0.2503725 -0.6178997 0.0039370,
0.2548357 -0.6192626 0.0039370,
0.2593718 -0.6203588 0.0039370,
0.2639648 -0.6211843 0.0039370,
0.2685987 -0.6217362 0.0039370,
0.2732572 -0.6220127 0.0039370,
0.2779239 -0.6220127 0.0039370,
0.2825824 -0.6217362 0.0039370,
0.2872163 -0.6211843 0.0039370,
0.2918093 -0.6203588 0.0039370,
0.2963454 -0.6192626 0.0039370,
0.3008086 -0.6178997 0.0039370,
0.3051833 -0.6162748 0.0039370,
0.3094540 -0.6143935 0.0039370,
0.3136057 -0.6122626 0.0039370,
0.3176239 -0.6098894 0.0039370,
0.3214944 -0.6072824 0.0039370,
0.3252038 -0.6044507 0.0039370,
0.3287388 -0.6014042 0.0039370,
0.3320872 -0.5981536 0.0039370,
0.3352371 -0.5947104 0.0039370,
0.3381775 -0.5910866 0.0039370,
0.3408981 -0.5872950 0.0039370,
0.3433893 -0.5833489 0.0039370,
0.3456423 -0.5792621 0.0039370,
0.3476493 -0.5750491 0.0039370,
0.3494031 -0.5707245 0.0039370,
0.3508977 -0.5663037 0.0039370,
0.3521278 -0.5618021 0.0039370,
0.3530890 -0.5572355 0.0039370,
0.3537780 -0.5526199 0.0039370,
0.3541924 -0.5479717 0.0039370,
0.1771654 0.5118110 0.0039370,
0.1771654 0.5118110 0.0000000,
0.1773382 0.5059803 0.0000000,
0.1778562 0.5001700 0.0000000,
0.1787175 0.4944006 0.0000000,
0.1799190 0.4886923 0.0000000,
0.1814566 0.4830653 0.0000000,
0.1833248 0.4775392 0.0000000,
0.1855172 0.4721335 0.0000000,
0.1880259 0.4668672 0.0000000,
0.1908422 0.4617587 0.0000000,
0.1939561 0.4568261 0.0000000,
0.1973568 0.4520866 0.0000000,
0.2010324 0.4475569 0.0000000,
0.2049698 0.4432529 0.0000000,
0.2091552 0.4391896 0.0000000,
0.2135740 0.4353815 0.0000000,
0.2182107 0.4318418 0.0000000,
0.2230489 0.4285831 0.0000000,
0.2280716 0.4256166 0.0000000,
0.2332613 0.4229530 0.0000000,
0.2385996 0.4206014 0.0000000,
0.2440679 0.4185702 0.0000000,
0.2496469 0.4168666 0.0000000,
0.2553171 0.4154964 0.0000000,
0.2610584 0.4144645 0.0000000,
0.2668508 0.4137746 0.0000000,
0.2726739 0.4134291 0.0000000,
0.2785072 0.4134291 0.0000000,
0.2843303 0.4137746 0.0000000,
0.2901227 0.4144645 0.0000000,
0.2958640 0.4154964 0.0000000,
0.3015342 0.4168666 0.0000000,
0.3071132 0.4185702 0.0000000,
0.3125815 0.4206014 0.0000000,
0.3179198 0.4229530 0.0000000,
0.3231095 0.4256166 0.0000000,
0.3281322 0.4285831 0.0000000,
0.3329704 0.4318418 0.0000000,
0.3376071 0.4353815 0.0000000,
0.3420259 0.4391896 0.0000000,
0.3462113 0.4432529 0.0000000,
0.3501487 0.4475569 0.0000000,
0.3538243 0.4520866 0.0000000,
0.3572250 0.4568261 0.0000000,
0.3603389 0.4617587 0.0000000,
0.3631552 0.4668672 0.0000000,
0.3656639 0.4721335 0.0000000,
0.3678563 0.4775392 0.0000000,
0.3697245 0.4830653 0.0000000,
0.3712621 0.4886923 0.0000000,
0.3724636 0.4944006 0.0000000,
0.3733249 0.5001700 0.0000000,
0.3738429 0.5059803 0.0000000,
0.3740157 0.5118110 0.0000000,
0.3740157 0.5118110 0.0039370,
0.1773382 0.5059803 0.0039370,
0.1778562 0.5001700 0.0039370,
0.1787175 0.4944006 0.0039370,
0.1799190 0.4886923 0.0039370,
0.1814566 0.4830653 0.0039370,
0.1833248 0.4775392 0.0039370,
0.1855172 0.4721335 0.0039370,
0.1880259 0.4668672 0.0039370,
0.1908422 0.4617587 0.0039370,
0.1939561 0.4568261 0.0039370,
0.1973568 0.4520866 0.0039370,
0.2010324 0.4475569 0.0039370,
0.2049698 0.4432529 0.0039370,
0.2091552 0.4391896 0.0039370,
0.2135740 0.4353815 0.0039370,
0.2182107 0.4318418 0.0039370,
0.2230489 0.4285831 0.0039370,
0.2280716 0.4256166 0.0039370,
0.2332613 0.4229530 0.0039370,
0.2385996 0.4206014 0.0039370,
0.2440679 0.4185702 0.0039370,
0.2496469 0.4168666 0.0039370,
0.2553171 0.4154964 0.0039370,
0.2610584 0.4144645 0.0039370,
0.2668508 0.4137746 0.0039370,
0.2726739 0.4134291 0.0039370,
0.2785072 0.4134291 0.0039370,
0.2843303 0.4137746 0.0039370,
0.2901227 0.4144645 0.0039370,
0.2958640 0.4154964 0.0039370,
0.3015342 0.4168666 0.0039370,
0.3071132 0.4185702 0.0039370,
0.3125815 0.4206014 0.0039370,
0.3179198 0.4229530 0.0039370,
0.3231095 0.4256166 0.0039370,
0.3281322 0.4285831 0.0039370,
0.3329704 0.4318418 0.0039370,
0.3376071 0.4353815 0.0039370,
0.3420259 0.4391896 0.0039370,
0.3462113 0.4432529 0.0039370,
0.3501487 0.4475569 0.0039370,
0.3538243 0.4520866 0.0039370,
0.3572250 0.4568261 0.0039370,
0.3603389 0.4617587 0.0039370,
0.3631552 0.4668672 0.0039370,
0.3656639 0.4721335 0.0039370,
0.3678563 0.4775392 0.0039370,
0.3697245 0.4830653 0.0039370,
0.3712621 0.4886923 0.0039370,
0.3724636 0.4944006 0.0039370,
0.3733249 0.5001700 0.0039370,
0.3738429 0.5059803 0.0039370,
-0.3740157 0.5118110 0.0039370,
-0.3740157 0.5118110 0.0000000,
-0.3738429 0.5059803 0.0000000,
-0.3733249 0.5001700 0.0000000,
-0.3724636 0.4944006 0.0000000,
-0.3712621 0.4886923 0.0000000,
-0.3697245 0.4830653 0.0000000,
-0.3678563 0.4775392 0.0000000,
-0.3656639 0.4721335 0.0000000,
-0.3631552 0.4668672 0.0000000,
-0.3603389 0.4617587 0.0000000,
-0.3572250 0.4568261 0.0000000,
-0.3538243 0.4520866 0.0000000,
-0.3501487 0.4475569 0.0000000,
-0.3462113 0.4432529 0.0000000,
-0.3420259 0.4391896 0.0000000,
-0.3376071 0.4353815 0.0000000,
-0.3329704 0.4318418 0.0000000,
-0.3281322 0.4285831 0.0000000,
-0.3231095 0.4256166 0.0000000,
-0.3179198 0.4229530 0.0000000,
-0.3125815 0.4206014 0.0000000,
-0.3071132 0.4185702 0.0000000,
-0.3015342 0.4168666 0.0000000,
-0.2958640 0.4154964 0.0000000,
-0.2901227 0.4144645 0.0000000,
-0.2843303 0.4137746 0.0000000,
-0.2785072 0.4134291 0.0000000,
-0.2726739 0.4134291 0.0000000,
-0.2668508 0.4137746 0.0000000,
-0.2610584 0.4144645 0.0000000,
-0.2553171 0.4154964 0.0000000,
-0.2496469 0.4168666 0.0000000,
-0.2440679 0.4185702 0.0000000,
-0.2385996 0.4206014 0.0000000,
-0.2332613 0.4229530 0.0000000,
-0.2280716 0.4256166 0.0000000,
-0.2230489 0.4285831 0.0000000,
-0.2182107 0.4318418 0.0000000,
-0.2135740 0.4353815 0.0000000,
-0.2091552 0.4391896 0.0000000,
-0.2049698 0.4432529 0.0000000,
-0.2010324 0.4475569 0.0000000,
-0.1973568 0.4520866 0.0000000,
-0.1939561 0.4568261 0.0000000,
-0.1908422 0.4617587 0.0000000,
-0.1880259 0.4668672 0.0000000,
-0.1855172 0.4721335 0.0000000,
-0.1833248 0.4775392 0.0000000,
-0.1814566 0.4830653 0.0000000,
-0.1799190 0.4886923 0.0000000,
-0.1787175 0.4944006 0.0000000,
-0.1778562 0.5001700 0.0000000,
-0.1773382 0.5059803 0.0000000,
-0.1771654 0.5118110 0.0000000,
-0.1771654 0.5118110 0.0039370,
-0.3738429 0.5059803 0.0039370,
-0.3733249 0.5001700 0.0039370,
-0.3724636 0.4944006 0.0039370,
-0.3712621 0.4886923 0.0039370,
-0.3697245 0.4830653 0.0039370,
-0.3678563 0.4775392 0.0039370,
-0.3656639 0.4721335 0.0039370,
-0.3631552 0.4668672 0.0039370,
-0.3603389 0.4617587 0.0039370,
-0.3572250 0.4568261 0.0039370,
-0.3538243 0.4520866 0.0039370,
-0.3501487 0.4475569 0.0039370,
-0.3462113 0.4432529 0.0039370,
-0.3420259 0.4391896 0.0039370,
-0.3376071 0.4353815 0.0039370,
-0.3329704 0.4318418 0.0039370,
-0.3281322 0.4285831 0.0039370,
-0.3231095 0.4256166 0.0039370,
-0.3179198 0.4229530 0.0039370,
-0.3125815 0.4206014 0.0039370,
-0.3071132 0.4185702 0.0039370,
-0.3015342 0.4168666 0.0039370,
-0.2958640 0.4154964 0.0039370,
-0.2901227 0.4144645 0.0039370,
-0.2843303 0.4137746 0.0039370,
-0.2785072 0.4134291 0.0039370,
-0.2726739 0.4134291 0.0039370,
-0.2668508 0.4137746 0.0039370,
-0.2610584 0.4144645 0.0039370,
-0.2553171 0.4154964 0.0039370,
-0.2496469 0.4168666 0.0039370,
-0.2440679 0.4185702 0.0039370,
-0.2385996 0.4206014 0.0039370,
-0.2332613 0.4229530 0.0039370,
-0.2280716 0.4256166 0.0039370,
-0.2230489 0.4285831 0.0039370,
-0.2182107 0.4318418 0.0039370,
-0.2135740 0.4353815 0.0039370,
-0.2091552 0.4391896 0.0039370,
-0.2049698 0.4432529 0.0039370,
-0.2010324 0.4475569 0.0039370,
-0.1973568 0.4520866 0.0039370,
-0.1939561 0.4568261 0.0039370,
-0.1908422 0.4617587 0.0039370,
-0.1880259 0.4668672 0.0039370,
-0.1855172 0.4721335 0.0039370,
-0.1833248 0.4775392 0.0039370,
-0.1814566 0.4830653 0.0039370,
-0.1799190 0.4886923 0.0039370,
-0.1787175 0.4944006 0.0039370,
-0.1778562 0.5001700 0.0039370,
-0.1773382 0.5059803 0.0039370,
-0.6692913 -0.0000000 0.0039370,
-0.6692913 -0.0000000 0.0000000,
-0.6691530 -0.0046646 0.0000000,
-0.6687387 -0.0093128 0.0000000,
-0.6680497 -0.0139284 0.0000000,
-0.6670884 -0.0184950 0.0000000,
-0.6658583 -0.0229966 0.0000000,
-0.6643638 -0.0274175 0.0000000,
-0.6626099 -0.0317420 0.0000000,
-0.6606029 -0.0359551 0.0000000,
-0.6583499 -0.0400418 0.0000000,
-0.6558587 -0.0439879 0.0000000,
-0.6531381 -0.0477795 0.0000000,
-0.6501977 -0.0514033 0.0000000,
-0.6470478 -0.0548465 0.0000000,
-0.6436994 -0.0580971 0.0000000,
-0.6401644 -0.0611436 0.0000000,
-0.6364551 -0.0639753 0.0000000,
-0.6325845 -0.0665824 0.0000000,
-0.6285663 -0.0689555 0.0000000,
-0.6244146 -0.0710864 0.0000000,
-0.6201439 -0.0729677 0.0000000,
-0.6157693 -0.0745926 0.0000000,
-0.6113061 -0.0759556 0.0000000,
-0.6067700 -0.0770517 0.0000000,
-0.6021769 -0.0778772 0.0000000,
-0.5975430 -0.0784291 0.0000000,
-0.5928845 -0.0787056 0.0000000,
-0.5882178 -0.0787056 0.0000000,
-0.5835594 -0.0784291 0.0000000,
-0.5789255 -0.0778772 0.0000000,
-0.5743324 -0.0770517 0.0000000,
-0.5697963 -0.0759556 0.0000000,
-0.5653331 -0.0745926 0.0000000,
-0.5609585 -0.0729677 0.0000000,
-0.5566878 -0.0710864 0.0000000,
-0.5525360 -0.0689555 0.0000000,
-0.5485178 -0.0665824 0.0000000,
-0.5446473 -0.0639753 0.0000000,
-0.5409380 -0.0611436 0.0000000,
-0.5374029 -0.0580971 0.0000000,
-0.5340545 -0.0548465 0.0000000,
-0.5309046 -0.0514033 0.0000000,
-0.5279642 -0.0477795 0.0000000,
-0.5252436 -0.0439879 0.0000000,
-0.5227525 -0.0400418 0.0000000,
-0.5204994 -0.0359551 0.0000000,
-0.5184925 -0.0317420 0.0000000,
-0.5167386 -0.0274175 0.0000000,
-0.5152440 -0.0229966 0.0000000,
-0.5140139 -0.0184950 0.0000000,
-0.5130527 -0.0139284 0.0000000,
-0.5123637 -0.0093128 0.0000000,
-0.5119493 -0.0046646 0.0000000,
-0.5118110 -0.0000000 0.0000000,
-0.5118110 -0.0000000 0.0039370,
-0.6691530 -0.0046646 0.0039370,
-0.6687387 -0.0093128 0.0039370,
-0.6680497 -0.0139284 0.0039370,
-0.6670884 -0.0184950 0.0039370,
-0.6658583 -0.0229966 0.0039370,
-0.6643638 -0.0274175 0.0039370,
-0.6626099 -0.0317420 0.0039370,
-0.6606029 -0.0359551 0.0039370,
-0.6583499 -0.0400418 0.0039370,
-0.6558587 -0.0439879 0.0039370,
-0.6531381 -0.0477795 0.0039370,
-0.6501977 -0.0514033 0.0039370,
-0.6470478 -0.0548465 0.0039370,
-0.6436994 -0.0580971 0.0039370,
-0.6401644 -0.0611436 0.0039370,
-0.6364551 -0.0639753 0.0039370,
-0.6325845 -0.0665824 0.0039370,
-0.6285663 -0.0689555 0.0039370,
-0.6244146 -0.0710864 0.0039370,
-0.6201439 -0.0729677 0.0039370,
-0.6157693 -0.0745926 0.0039370,
-0.6113061 -0.0759556 0.0039370,
-0.6067700 -0.0770517 0.0039370,
-0.6021769 -0.0778772 0.0039370,
-0.5975430 -0.0784291 0.0039370,
-0.5928845 -0.0787056 0.0039370,
-0.5882178 -0.0787056 0.0039370,
-0.5835594 -0.0784291 0.0039370,
-0.5789255 -0.0778772 0.0039370,
-0.5743324 -0.0770517 0.0039370,
-0.5697963 -0.0759556 0.0039370,
-0.5653331 -0.0745926 0.0039370,
-0.5609585 -0.0729677 0.0039370,
-0.5566878 -0.0710864 0.0039370,
-0.5525360 -0.0689555 0.0039370,
-0.5485178 -0.0665824 0.0039370,
-0.5446473 -0.0639753 0.0039370,
-0.5409380 -0.0611436 0.0039370,
-0.5374029 -0.0580971 0.0039370,
-0.5340545 -0.0548465 0.0039370,
-0.5309046 -0.0514033 0.0039370,
-0.5279642 -0.0477795 0.0039370,
-0.5252436 -0.0439879 0.0039370,
-0.5227525 -0.0400418 0.0039370,
-0.5204994 -0.0359551 0.0039370,
-0.5184925 -0.0317420 0.0039370,
-0.5167386 -0.0274175 0.0039370,
-0.5152440 -0.0229966 0.0039370,
-0.5140139 -0.0184950 0.0039370,
-0.5130527 -0.0139284 0.0039370,
-0.5123637 -0.0093128 0.0039370,
-0.5119493 -0.0046646 0.0039370,
-0.6043307 0.4713919 0.0118110,
-0.6043307 0.6200787 0.0118110,
-0.6048233 0.4625984 0.0118110,
-0.6045497 0.4655228 0.0118110,
-0.6043855 0.4684553 0.0118110,
-0.6059559 0.4625984 0.0118110,
-0.6059559 0.6200787 0.0118110,
-0.4370079 0.4625984 0.0000000,
-0.4370079 0.6200787 0.0000000,
-0.4370079 0.4625984 0.0118110,
-0.4370079 0.6200787 0.0118110,
-0.6134803 0.4625984 0.0000000,
-0.6134803 0.6200787 0.0000000,
-0.4370079 0.4625984 0.0000000,
-0.4370079 0.6200787 0.0000000,
-0.6507129 0.4625984 0.0798456,
-0.6507129 0.6200787 0.0798456,
-0.6134803 0.4625984 0.0000000,
-0.6134803 0.6200787 0.0000000,
-0.6400085 0.4625984 0.0848372,
-0.6400085 0.6200787 0.0848372,
-0.6507129 0.4625984 0.0798456,
-0.6507129 0.6200787 0.0798456,
-0.6059559 0.4625984 0.0118110,
-0.6059559 0.6200787 0.0118110,
-0.6400085 0.4625984 0.0848372,
-0.6400085 0.6200787 0.0848372,
-0.4370079 0.4625984 0.0118110,
-0.4370079 0.4625984 0.0000000,
-0.6048233 0.4625984 0.0118110,
-0.6059559 0.4625984 0.0118110,
-0.6400085 0.4625984 0.0848372,
-0.6507129 0.4625984 0.0798456,
-0.6134803 0.4625984 0.0000000,
-0.6043307 0.6200787 0.0118110,
-0.4370079 0.6200787 0.0118110,
-0.6059559 0.6200787 0.0118110,
-0.6400085 0.6200787 0.0848372,
-0.6507129 0.6200787 0.0798456,
-0.6134803 0.6200787 0.0000000,
-0.4370079 0.6200787 0.0000000,
0.6059559 0.4625984 0.0118110,
0.6059559 0.6200787 0.0118110,
0.6048233 0.4625984 0.0118110,
0.6043307 0.4713919 0.0118110,
0.6043855 0.4684553 0.0118110,
0.6045497 0.4655228 0.0118110,
0.6043307 0.6200787 0.0118110,
0.4370079 0.6200787 0.0118110,
0.4370079 0.4625984 0.0118110,
0.4370079 0.4625984 0.0000000,
0.4370079 0.6200787 0.0000000,
0.4370079 0.4625984 0.0000000,
0.4370079 0.6200787 0.0000000,
0.6134803 0.4625984 0.0000000,
0.6134803 0.6200787 0.0000000,
0.6134803 0.4625984 0.0000000,
0.6134803 0.6200787 0.0000000,
0.6507129 0.4625984 0.0798456,
0.6507129 0.6200787 0.0798456,
0.6507129 0.4625984 0.0798456,
0.6507129 0.6200787 0.0798456,
0.6400085 0.4625984 0.0848372,
0.6400085 0.6200787 0.0848372,
0.6400085 0.4625984 0.0848372,
0.6400085 0.6200787 0.0848372,
0.6059559 0.4625984 0.0118110,
0.6059559 0.6200787 0.0118110,
0.4370079 0.6200787 0.0000000,
0.6134803 0.6200787 0.0000000,
0.6507129 0.6200787 0.0798456,
0.6400085 0.6200787 0.0848372,
0.6059559 0.6200787 0.0118110,
0.6043307 0.6200787 0.0118110,
0.4370079 0.6200787 0.0118110,
0.4370079 0.4625984 0.0118110,
0.4370079 0.4625984 0.0000000,
0.6134803 0.4625984 0.0000000,
0.6507129 0.4625984 0.0798456,
0.6400085 0.4625984 0.0848372,
0.6059559 0.4625984 0.0118110,
0.6048233 0.4625984 0.0118110,
-0.5118110 -0.0000000 0.0000000,
-0.5119493 0.0046646 0.0000000,
-0.5123637 0.0093128 0.0000000,
-0.5130527 0.0139284 0.0000000,
-0.5140139 0.0184950 0.0000000,
-0.5152440 0.0229966 0.0000000,
-0.5167386 0.0274175 0.0000000,
-0.5184925 0.0317420 0.0000000,
-0.5204994 0.0359551 0.0000000,
-0.5227525 0.0400418 0.0000000,
-0.5252436 0.0439879 0.0000000,
-0.5279642 0.0477795 0.0000000,
-0.5309046 0.0514033 0.0000000,
-0.5340545 0.0548465 0.0000000,
-0.5374029 0.0580971 0.0000000,
-0.5409380 0.0611436 0.0000000,
-0.5446473 0.0639753 0.0000000,
-0.5485178 0.0665824 0.0000000,
-0.5525360 0.0689555 0.0000000,
-0.5566878 0.0710864 0.0000000,
-0.5609585 0.0729677 0.0000000,
-0.5653331 0.0745926 0.0000000,
-0.5697963 0.0759556 0.0000000,
-0.5743324 0.0770517 0.0000000,
-0.5789255 0.0778772 0.0000000,
-0.5835594 0.0784291 0.0000000,
-0.5882178 0.0787056 0.0000000,
-0.5928845 0.0787056 0.0000000,
-0.5975430 0.0784291 0.0000000,
-0.6021769 0.0778772 0.0000000,
-0.6067700 0.0770517 0.0000000,
-0.6113061 0.0759556 0.0000000,
-0.6157693 0.0745926 0.0000000,
-0.6201439 0.0729677 0.0000000,
-0.6244146 0.0710864 0.0000000,
-0.6285663 0.0689555 0.0000000,
-0.6325845 0.0665824 0.0000000,
-0.6364551 0.0639753 0.0000000,
-0.6401644 0.0611436 0.0000000,
-0.6436994 0.0580971 0.0000000,
-0.6470478 0.0548465 0.0000000,
-0.6501977 0.0514033 0.0000000,
-0.6531381 0.0477795 0.0000000,
-0.6558587 0.0439879 0.0000000,
-0.6583499 0.0400418 0.0000000,
-0.6606029 0.0359551 0.0000000,
-0.6626099 0.0317420 0.0000000,
-0.6643638 0.0274175 0.0000000,
-0.6658583 0.0229966 0.0000000,
-0.6670884 0.0184950 0.0000000,
-0.6680497 0.0139284 0.0000000,
-0.6687387 0.0093128 0.0000000,
-0.6691530 0.0046646 0.0000000,
-0.6692913 -0.0000000 0.0000000,
-0.6692913 -0.0000000 0.0039370,
-0.5118110 -0.0000000 0.0039370,
-0.5119493 0.0046646 0.0039370,
-0.5123637 0.0093128 0.0039370,
-0.5130527 0.0139284 0.0039370,
-0.5140139 0.0184950 0.0039370,
-0.5152440 0.0229966 0.0039370,
-0.5167386 0.0274175 0.0039370,
-0.5184925 0.0317420 0.0039370,
-0.5204994 0.0359551 0.0039370,
-0.5227525 0.0400418 0.0039370,
-0.5252436 0.0439879 0.0039370,
-0.5279642 0.0477795 0.0039370,
-0.5309046 0.0514033 0.0039370,
-0.5340545 0.0548465 0.0039370,
-0.5374029 0.0580971 0.0039370,
-0.5409380 0.0611436 0.0039370,
-0.5446473 0.0639753 0.0039370,
-0.5485178 0.0665824 0.0039370,
-0.5525360 0.0689555 0.0039370,
-0.5566878 0.0710864 0.0039370,
-0.5609585 0.0729677 0.0039370,
-0.5653331 0.0745926 0.0039370,
-0.5697963 0.0759556 0.0039370,
-0.5743324 0.0770517 0.0039370,
-0.5789255 0.0778772 0.0039370,
-0.5835594 0.0784291 0.0039370,
-0.5882178 0.0787056 0.0039370,
-0.5928845 0.0787056 0.0039370,
-0.5975430 0.0784291 0.0039370,
-0.6021769 0.0778772 0.0039370,
-0.6067700 0.0770517 0.0039370,
-0.6113061 0.0759556 0.0039370,
-0.6157693 0.0745926 0.0039370,
-0.6201439 0.0729677 0.0039370,
-0.6244146 0.0710864 0.0039370,
-0.6285663 0.0689555 0.0039370,
-0.6325845 0.0665824 0.0039370,
-0.6364551 0.0639753 0.0039370,
-0.6401644 0.0611436 0.0039370,
-0.6436994 0.0580971 0.0039370,
-0.6470478 0.0548465 0.0039370,
-0.6501977 0.0514033 0.0039370,
-0.6531381 0.0477795 0.0039370,
-0.6558587 0.0439879 0.0039370,
-0.6583499 0.0400418 0.0039370,
-0.6606029 0.0359551 0.0039370,
-0.6626099 0.0317420 0.0039370,
-0.6643638 0.0274175 0.0039370,
-0.6658583 0.0229966 0.0039370,
-0.6670884 0.0184950 0.0039370,
-0.6680497 0.0139284 0.0039370,
-0.6687387 0.0093128 0.0039370,
-0.6691530 0.0046646 0.0039370,
-0.1771654 0.5118110 0.0000000,
-0.1773382 0.5176418 0.0000000,
-0.1778562 0.5234521 0.0000000,
-0.1787175 0.5292215 0.0000000,
-0.1799190 0.5349297 0.0000000,
-0.1814566 0.5405568 0.0000000,
-0.1833248 0.5460828 0.0000000,
-0.1855172 0.5514885 0.0000000,
-0.1880259 0.5567548 0.0000000,
-0.1908422 0.5618633 0.0000000,
-0.1939561 0.5667959 0.0000000,
-0.1973568 0.5715354 0.0000000,
-0.2010324 0.5760652 0.0000000,
-0.2049698 0.5803692 0.0000000,
-0.2091552 0.5844324 0.0000000,
-0.2135740 0.5882405 0.0000000,
-0.2182107 0.5917802 0.0000000,
-0.2230489 0.5950390 0.0000000,
-0.2280716 0.5980054 0.0000000,
-0.2332613 0.6006691 0.0000000,
-0.2385996 0.6030206 0.0000000,
-0.2440679 0.6050518 0.0000000,
-0.2496469 0.6067555 0.0000000,
-0.2553171 0.6081256 0.0000000,
-0.2610584 0.6091575 0.0000000,
-0.2668508 0.6098474 0.0000000,
-0.2726739 0.6101930 0.0000000,
-0.2785072 0.6101930 0.0000000,
-0.2843303 0.6098474 0.0000000,
-0.2901227 0.6091575 0.0000000,
-0.2958640 0.6081256 0.0000000,
-0.3015342 0.6067555 0.0000000,
-0.3071132 0.6050518 0.0000000,
-0.3125815 0.6030206 0.0000000,
-0.3179198 0.6006691 0.0000000,
-0.3231095 0.5980054 0.0000000,
-0.3281322 0.5950390 0.0000000,
-0.3329704 0.5917802 0.0000000,
-0.3376071 0.5882405 0.0000000,
-0.3420259 0.5844324 0.0000000,
-0.3462113 0.5803692 0.0000000,
-0.3501487 0.5760652 0.0000000,
-0.3538243 0.5715354 0.0000000,
-0.3572250 0.5667959 0.0000000,
-0.3603389 0.5618633 0.0000000,
-0.3631552 0.5567548 0.0000000,
-0.3656639 0.5514885 0.0000000,
-0.3678563 0.5460828 0.0000000,
-0.3697245 0.5405568 0.0000000,
-0.3712621 0.5349297 0.0000000,
-0.3724636 0.5292215 0.0000000,
-0.3733249 0.5234521 0.0000000,
-0.3738429 0.5176418 0.0000000,
-0.3740157 0.5118110 0.0000000,
-0.3740157 0.5118110 0.0039370,
-0.1771654 0.5118110 0.0039370,
-0.1773382 0.5176418 0.0039370,
-0.1778562 0.5234521 0.0039370,
-0.1787175 0.5292215 0.0039370,
-0.1799190 0.5349297 0.0039370,
-0.1814566 0.5405568 0.0039370,
-0.1833248 0.5460828 0.0039370,
-0.1855172 0.5514885 0.0039370,
-0.1880259 0.5567548 0.0039370,
-0.1908422 0.5618633 0.0039370,
-0.1939561 0.5667959 0.0039370,
-0.1973568 0.5715354 0.0039370,
-0.2010324 0.5760652 0.0039370,
-0.2049698 0.5803692 0.0039370,
-0.2091552 0.5844324 0.0039370,
-0.2135740 0.5882405 0.0039370,
-0.2182107 0.5917802 0.0039370,
-0.2230489 0.5950390 0.0039370,
-0.2280716 0.5980054 0.0039370,
-0.2332613 0.6006691 0.0039370,
-0.2385996 0.6030206 0.0039370,
-0.2440679 0.6050518 0.0039370,
-0.2496469 0.6067555 0.0039370,
-0.2553171 0.6081256 0.0039370,
-0.2610584 0.6091575 0.0039370,
-0.2668508 0.6098474 0.0039370,
-0.2726739 0.6101930 0.0039370,
-0.2785072 0.6101930 0.0039370,
-0.2843303 0.6098474 0.0039370,
-0.2901227 0.6091575 0.0039370,
-0.2958640 0.6081256 0.0039370,
-0.3015342 0.6067555 0.0039370,
-0.3071132 0.6050518 0.0039370,
-0.3125815 0.6030206 0.0039370,
-0.3179198 0.6006691 0.0039370,
-0.3231095 0.5980054 0.0039370,
-0.3281322 0.5950390 0.0039370,
-0.3329704 0.5917802 0.0039370,
-0.3376071 0.5882405 0.0039370,
-0.3420259 0.5844324 0.0039370,
-0.3462113 0.5803692 0.0039370,
-0.3501487 0.5760652 0.0039370,
-0.3538243 0.5715354 0.0039370,
-0.3572250 0.5667959 0.0039370,
-0.3603389 0.5618633 0.0039370,
-0.3631552 0.5567548 0.0039370,
-0.3656639 0.5514885 0.0039370,
-0.3678563 0.5460828 0.0039370,
-0.3697245 0.5405568 0.0039370,
-0.3712621 0.5349297 0.0039370,
-0.3724636 0.5292215 0.0039370,
-0.3733249 0.5234521 0.0039370,
-0.3738429 0.5176418 0.0039370,
0.3740157 0.5118110 0.0000000,
0.3738429 0.5176418 0.0000000,
0.3733249 0.5234521 0.0000000,
0.3724636 0.5292215 0.0000000,
0.3712621 0.5349297 0.0000000,
0.3697245 0.5405568 0.0000000,
0.3678563 0.5460828 0.0000000,
0.3656639 0.5514885 0.0000000,
0.3631552 0.5567548 0.0000000,
0.3603389 0.5618633 0.0000000,
0.3572250 0.5667959 0.0000000,
0.3538243 0.5715354 0.0000000,
0.3501487 0.5760652 0.0000000,
0.3462113 0.5803692 0.0000000,
0.3420259 0.5844324 0.0000000,
0.3376071 0.5882405 0.0000000,
0.3329704 0.5917802 0.0000000,
0.3281322 0.5950390 0.0000000,
0.3231095 0.5980054 0.0000000,
0.3179198 0.6006691 0.0000000,
0.3125815 0.6030206 0.0000000,
0.3071132 0.6050518 0.0000000,
0.3015342 0.6067555 0.0000000,
0.2958640 0.6081256 0.0000000,
0.2901227 0.6091575 0.0000000,
0.2843303 0.6098474 0.0000000,
0.2785072 0.6101930 0.0000000,
0.2726739 0.6101930 0.0000000,
0.2668508 0.6098474 0.0000000,
0.2610584 0.6091575 0.0000000,
0.2553171 0.6081256 0.0000000,
0.2496469 0.6067555 0.0000000,
0.2440679 0.6050518 0.0000000,
0.2385996 0.6030206 0.0000000,
0.2332613 0.6006691 0.0000000,
0.2280716 0.5980054 0.0000000,
0.2230489 0.5950390 0.0000000,
0.2182107 0.5917802 0.0000000,
0.2135740 0.5882405 0.0000000,
0.2091552 0.5844324 0.0000000,
0.2049698 0.5803692 0.0000000,
0.2010324 0.5760652 0.0000000,
0.1973568 0.5715354 0.0000000,
0.1939561 0.5667959 0.0000000,
0.1908422 0.5618633 0.0000000,
0.1880259 0.5567548 0.0000000,
0.1855172 0.5514885 0.0000000,
0.1833248 0.5460828 0.0000000,
0.1814566 0.5405568 0.0000000,
0.1799190 0.5349297 0.0000000,
0.1787175 0.5292215 0.0000000,
0.1778562 0.5234521 0.0000000,
0.1773382 0.5176418 0.0000000,
0.1771654 0.5118110 0.0000000,
0.1771654 0.5118110 0.0039370,
0.3740157 0.5118110 0.0039370,
0.3738429 0.5176418 0.0039370,
0.3733249 0.5234521 0.0039370,
0.3724636 0.5292215 0.0039370,
0.3712621 0.5349297 0.0039370,
0.3697245 0.5405568 0.0039370,
0.3678563 0.5460828 0.0039370,
0.3656639 0.5514885 0.0039370,
0.3631552 0.5567548 0.0039370,
0.3603389 0.5618633 0.0039370,
0.3572250 0.5667959 0.0039370,
0.3538243 0.5715354 0.0039370,
0.3501487 0.5760652 0.0039370,
0.3462113 0.5803692 0.0039370,
0.3420259 0.5844324 0.0039370,
0.3376071 0.5882405 0.0039370,
0.3329704 0.5917802 0.0039370,
0.3281322 0.5950390 0.0039370,
0.3231095 0.5980054 0.0039370,
0.3179198 0.6006691 0.0039370,
0.3125815 0.6030206 0.0039370,
0.3071132 0.6050518 0.0039370,
0.3015342 0.6067555 0.0039370,
0.2958640 0.6081256 0.0039370,
0.2901227 0.6091575 0.0039370,
0.2843303 0.6098474 0.0039370,
0.2785072 0.6101930 0.0039370,
0.2726739 0.6101930 0.0039370,
0.2668508 0.6098474 0.0039370,
0.2610584 0.6091575 0.0039370,
0.2553171 0.6081256 0.0039370,
0.2496469 0.6067555 0.0039370,
0.2440679 0.6050518 0.0039370,
0.2385996 0.6030206 0.0039370,
0.2332613 0.6006691 0.0039370,
0.2280716 0.5980054 0.0039370,
0.2230489 0.5950390 0.0039370,
0.2182107 0.5917802 0.0039370,
0.2135740 0.5882405 0.0039370,
0.2091552 0.5844324 0.0039370,
0.2049698 0.5803692 0.0039370,
0.2010324 0.5760652 0.0039370,
0.1973568 0.5715354 0.0039370,
0.1939561 0.5667959 0.0039370,
0.1908422 0.5618633 0.0039370,
0.1880259 0.5567548 0.0039370,
0.1855172 0.5514885 0.0039370,
0.1833248 0.5460828 0.0039370,
0.1814566 0.5405568 0.0039370,
0.1799190 0.5349297 0.0039370,
0.1787175 0.5292215 0.0039370,
0.1778562 0.5234521 0.0039370,
0.1773382 0.5176418 0.0039370,
0.3543307 -0.5433071 0.0000000,
0.3541924 -0.5386425 0.0000000,
0.3537780 -0.5339942 0.0000000,
0.3530890 -0.5293787 0.0000000,
0.3521278 -0.5248121 0.0000000,
0.3508977 -0.5203105 0.0000000,
0.3494031 -0.5158896 0.0000000,
0.3476493 -0.5115651 0.0000000,
0.3456423 -0.5073520 0.0000000,
0.3433893 -0.5032653 0.0000000,
0.3408981 -0.4993192 0.0000000,
0.3381775 -0.4955275 0.0000000,
0.3352371 -0.4919038 0.0000000,
0.3320872 -0.4884605 0.0000000,
0.3287388 -0.4852100 0.0000000,
0.3252038 -0.4821635 0.0000000,
0.3214944 -0.4793317 0.0000000,
0.3176239 -0.4767247 0.0000000,
0.3136057 -0.4743516 0.0000000,
0.3094540 -0.4722206 0.0000000,
0.3051833 -0.4703394 0.0000000,
0.3008086 -0.4687145 0.0000000,
0.2963454 -0.4673515 0.0000000,
0.2918093 -0.4662554 0.0000000,
0.2872163 -0.4654299 0.0000000,
0.2825824 -0.4648780 0.0000000,
0.2779239 -0.4646015 0.0000000,
0.2732572 -0.4646015 0.0000000,
0.2685987 -0.4648780 0.0000000,
0.2639648 -0.4654299 0.0000000,
0.2593718 -0.4662554 0.0000000,
0.2548357 -0.4673515 0.0000000,
0.2503725 -0.4687145 0.0000000,
0.2459978 -0.4703394 0.0000000,
0.2417271 -0.4722206 0.0000000,
0.2375754 -0.4743516 0.0000000,
0.2335572 -0.4767247 0.0000000,
0.2296867 -0.4793317 0.0000000,
0.2259773 -0.4821635 0.0000000,
0.2224423 -0.4852100 0.0000000,
0.2190939 -0.4884605 0.0000000,
0.2159440 -0.4919038 0.0000000,
0.2130036 -0.4955275 0.0000000,
0.2102830 -0.4993192 0.0000000,
0.2077918 -0.5032653 0.0000000,
0.2055388 -0.5073520 0.0000000,
0.2035318 -0.5115651 0.0000000,
0.2017780 -0.5158896 0.0000000,
0.2002834 -0.5203105 0.0000000,
0.1990533 -0.5248121 0.0000000,
0.1980921 -0.5293787 0.0000000,
0.1974031 -0.5339942 0.0000000,
0.1969887 -0.5386425 0.0000000,
0.1968504 -0.5433071 0.0000000,
0.1968504 -0.5433071 0.0039370,
0.3543307 -0.5433071 0.0039370,
0.3541924 -0.5386425 0.0039370,
0.3537780 -0.5339942 0.0039370,
0.3530890 -0.5293787 0.0039370,
0.3521278 -0.5248121 0.0039370,
0.3508977 -0.5203105 0.0039370,
0.3494031 -0.5158896 0.0039370,
0.3476493 -0.5115651 0.0039370,
0.3456423 -0.5073520 0.0039370,
0.3433893 -0.5032653 0.0039370,
0.3408981 -0.4993192 0.0039370,
0.3381775 -0.4955275 0.0039370,
0.3352371 -0.4919038 0.0039370,
0.3320872 -0.4884605 0.0039370,
0.3287388 -0.4852100 0.0039370,
0.3252038 -0.4821635 0.0039370,
0.3214944 -0.4793317 0.0039370,
0.3176239 -0.4767247 0.0039370,
0.3136057 -0.4743516 0.0039370,
0.3094540 -0.4722206 0.0039370,
0.3051833 -0.4703394 0.0039370,
0.3008086 -0.4687145 0.0039370,
0.2963454 -0.4673515 0.0039370,
0.2918093 -0.4662554 0.0039370,
0.2872163 -0.4654299 0.0039370,
0.2825824 -0.4648780 0.0039370,
0.2779239 -0.4646015 0.0039370,
0.2732572 -0.4646015 0.0039370,
0.2685987 -0.4648780 0.0039370,
0.2639648 -0.4654299 0.0039370,
0.2593718 -0.4662554 0.0039370,
0.2548357 -0.4673515 0.0039370,
0.2503725 -0.4687145 0.0039370,
0.2459978 -0.4703394 0.0039370,
0.2417271 -0.4722206 0.0039370,
0.2375754 -0.4743516 0.0039370,
0.2335572 -0.4767247 0.0039370,
0.2296867 -0.4793317 0.0039370,
0.2259773 -0.4821635 0.0039370,
0.2224423 -0.4852100 0.0039370,
0.2190939 -0.4884605 0.0039370,
0.2159440 -0.4919038 0.0039370,
0.2130036 -0.4955275 0.0039370,
0.2102830 -0.4993192 0.0039370,
0.2077918 -0.5032653 0.0039370,
0.2055388 -0.5073520 0.0039370,
0.2035318 -0.5115651 0.0039370,
0.2017780 -0.5158896 0.0039370,
0.2002834 -0.5203105 0.0039370,
0.1990533 -0.5248121 0.0039370,
0.1980921 -0.5293787 0.0039370,
0.1974031 -0.5339942 0.0039370,
0.1969887 -0.5386425 0.0039370,
-0.1968504 -0.5433071 0.0000000,
-0.1969887 -0.5386425 0.0000000,
-0.1974031 -0.5339942 0.0000000,
-0.1980921 -0.5293787 0.0000000,
-0.1990533 -0.5248121 0.0000000,
-0.2002834 -0.5203105 0.0000000,
-0.2017780 -0.5158896 0.0000000,
-0.2035318 -0.5115651 0.0000000,
-0.2055388 -0.5073520 0.0000000,
-0.2077918 -0.5032653 0.0000000,
-0.2102830 -0.4993192 0.0000000,
-0.2130036 -0.4955275 0.0000000,
-0.2159440 -0.4919038 0.0000000,
-0.2190939 -0.4884605 0.0000000,
-0.2224423 -0.4852100 0.0000000,
-0.2259773 -0.4821635 0.0000000,
-0.2296867 -0.4793317 0.0000000,
-0.2335572 -0.4767247 0.0000000,
-0.2375754 -0.4743516 0.0000000,
-0.2417271 -0.4722206 0.0000000,
-0.2459978 -0.4703394 0.0000000,
-0.2503725 -0.4687145 0.0000000,
-0.2548357 -0.4673515 0.0000000,
-0.2593718 -0.4662554 0.0000000,
-0.2639648 -0.4654299 0.0000000,
-0.2685987 -0.4648780 0.0000000,
-0.2732572 -0.4646015 0.0000000,
-0.2779239 -0.4646015 0.0000000,
-0.2825824 -0.4648780 0.0000000,
-0.2872163 -0.4654299 0.0000000,
-0.2918093 -0.4662554 0.0000000,
-0.2963454 -0.4673515 0.0000000,
-0.3008086 -0.4687145 0.0000000,
-0.3051833 -0.4703394 0.0000000,
-0.3094540 -0.4722206 0.0000000,
-0.3136057 -0.4743516 0.0000000,
-0.3176239 -0.4767247 0.0000000,
-0.3214944 -0.4793317 0.0000000,
-0.3252038 -0.4821635 0.0000000,
-0.3287388 -0.4852100 0.0000000,
-0.3320872 -0.4884605 0.0000000,
-0.3352371 -0.4919038 0.0000000,
-0.3381775 -0.4955275 0.0000000,
-0.3408981 -0.4993192 0.0000000,
-0.3433893 -0.5032653 0.0000000,
-0.3456423 -0.5073520 0.0000000,
-0.3476493 -0.5115651 0.0000000,
-0.3494031 -0.5158896 0.0000000,
-0.3508977 -0.5203105 0.0000000,
-0.3521278 -0.5248121 0.0000000,
-0.3530890 -0.5293787 0.0000000,
-0.3537780 -0.5339942 0.0000000,
-0.3541924 -0.5386425 0.0000000,
-0.3543307 -0.5433071 0.0000000,
-0.3543307 -0.5433071 0.0039370,
-0.1968504 -0.5433071 0.0039370,
-0.1969887 -0.5386425 0.0039370,
-0.1974031 -0.5339942 0.0039370,
-0.1980921 -0.5293787 0.0039370,
-0.1990533 -0.5248121 0.0039370,
-0.2002834 -0.5203105 0.0039370,
-0.2017780 -0.5158896 0.0039370,
-0.2035318 -0.5115651 0.0039370,
-0.2055388 -0.5073520 0.0039370,
-0.2077918 -0.5032653 0.0039370,
-0.2102830 -0.4993192 0.0039370,
-0.2130036 -0.4955275 0.0039370,
-0.2159440 -0.4919038 0.0039370,
-0.2190939 -0.4884605 0.0039370,
-0.2224423 -0.4852100 0.0039370,
-0.2259773 -0.4821635 0.0039370,
-0.2296867 -0.4793317 0.0039370,
-0.2335572 -0.4767247 0.0039370,
-0.2375754 -0.4743516 0.0039370,
-0.2417271 -0.4722206 0.0039370,
-0.2459978 -0.4703394 0.0039370,
-0.2503725 -0.4687145 0.0039370,
-0.2548357 -0.4673515 0.0039370,
-0.2593718 -0.4662554 0.0039370,
-0.2639648 -0.4654299 0.0039370,
-0.2685987 -0.4648780 0.0039370,
-0.2732572 -0.4646015 0.0039370,
-0.2779239 -0.4646015 0.0039370,
-0.2825824 -0.4648780 0.0039370,
-0.2872163 -0.4654299 0.0039370,
-0.2918093 -0.4662554 0.0039370,
-0.2963454 -0.4673515 0.0039370,
-0.3008086 -0.4687145 0.0039370,
-0.3051833 -0.4703394 0.0039370,
-0.3094540 -0.4722206 0.0039370,
-0.3136057 -0.4743516 0.0039370,
-0.3176239 -0.4767247 0.0039370,
-0.3214944 -0.4793317 0.0039370,
-0.3252038 -0.4821635 0.0039370,
-0.3287388 -0.4852100 0.0039370,
-0.3320872 -0.4884605 0.0039370,
-0.3352371 -0.4919038 0.0039370,
-0.3381775 -0.4955275 0.0039370,
-0.3408981 -0.4993192 0.0039370,
-0.3433893 -0.5032653 0.0039370,
-0.3456423 -0.5073520 0.0039370,
-0.3476493 -0.5115651 0.0039370,
-0.3494031 -0.5158896 0.0039370,
-0.3508977 -0.5203105 0.0039370,
-0.3521278 -0.5248121 0.0039370,
-0.3530890 -0.5293787 0.0039370,
-0.3537780 -0.5339942 0.0039370,
-0.3541924 -0.5386425 0.0039370,
0.0787402 -0.4921260 0.0000000,
0.0786019 -0.4874614 0.0000000,
0.0781875 -0.4828131 0.0000000,
0.0774985 -0.4781976 0.0000000,
0.0765372 -0.4736310 0.0000000,
0.0753072 -0.4691294 0.0000000,
0.0738126 -0.4647085 0.0000000,
0.0720587 -0.4603840 0.0000000,
0.0700517 -0.4561709 0.0000000,
0.0677987 -0.4520842 0.0000000,
0.0653075 -0.4481380 0.0000000,
0.0625870 -0.4443464 0.0000000,
0.0596466 -0.4407227 0.0000000,
0.0564966 -0.4372794 0.0000000,
0.0531483 -0.4340289 0.0000000,
0.0496132 -0.4309824 0.0000000,
0.0459039 -0.4281506 0.0000000,
0.0420333 -0.4255436 0.0000000,
0.0380151 -0.4231705 0.0000000,
0.0338634 -0.4210395 0.0000000,
0.0295927 -0.4191583 0.0000000,
0.0252181 -0.4175334 0.0000000,
0.0207549 -0.4161704 0.0000000,
0.0162188 -0.4150743 0.0000000,
0.0116257 -0.4142488 0.0000000,
0.0069918 -0.4136969 0.0000000,
0.0023333 -0.4134204 0.0000000,
-0.0023333 -0.4134204 0.0000000,
-0.0069918 -0.4136969 0.0000000,
-0.0116257 -0.4142488 0.0000000,
-0.0162188 -0.4150743 0.0000000,
-0.0207549 -0.4161704 0.0000000,
-0.0252181 -0.4175334 0.0000000,
-0.0295927 -0.4191583 0.0000000,
-0.0338634 -0.4210395 0.0000000,
-0.0380151 -0.4231705 0.0000000,
-0.0420333 -0.4255436 0.0000000,
-0.0459039 -0.4281506 0.0000000,
-0.0496132 -0.4309824 0.0000000,
-0.0531483 -0.4340289 0.0000000,
-0.0564966 -0.4372794 0.0000000,
-0.0596466 -0.4407227 0.0000000,
-0.0625870 -0.4443464 0.0000000,
-0.0653075 -0.4481380 0.0000000,
-0.0677987 -0.4520842 0.0000000,
-0.0700517 -0.4561709 0.0000000,
-0.0720587 -0.4603840 0.0000000,
-0.0738126 -0.4647085 0.0000000,
-0.0753072 -0.4691294 0.0000000,
-0.0765372 -0.4736310 0.0000000,
-0.0774985 -0.4781976 0.0000000,
-0.0781875 -0.4828131 0.0000000,
-0.0786019 -0.4874614 0.0000000,
-0.0787402 -0.4921260 0.0000000,
-0.0787402 -0.4921260 0.0039370,
0.0787402 -0.4921260 0.0039370,
0.0786019 -0.4874614 0.0039370,
0.0781875 -0.4828131 0.0039370,
0.0774985 -0.4781976 0.0039370,
0.0765372 -0.4736310 0.0039370,
0.0753072 -0.4691294 0.0039370,
0.0738126 -0.4647085 0.0039370,
0.0720587 -0.4603840 0.0039370,
0.0700517 -0.4561709 0.0039370,
0.0677987 -0.4520842 0.0039370,
0.0653075 -0.4481380 0.0039370,
0.0625870 -0.4443464 0.0039370,
0.0596466 -0.4407227 0.0039370,
0.0564966 -0.4372794 0.0039370,
0.0531483 -0.4340289 0.0039370,
0.0496132 -0.4309824 0.0039370,
0.0459039 -0.4281506 0.0039370,
0.0420333 -0.4255436 0.0039370,
0.0380151 -0.4231705 0.0039370,
0.0338634 -0.4210395 0.0039370,
0.0295927 -0.4191583 0.0039370,
0.0252181 -0.4175334 0.0039370,
0.0207549 -0.4161704 0.0039370,
0.0162188 -0.4150743 0.0039370,
0.0116257 -0.4142488 0.0039370,
0.0069918 -0.4136969 0.0039370,
0.0023333 -0.4134204 0.0039370,
-0.0023333 -0.4134204 0.0039370,
-0.0069918 -0.4136969 0.0039370,
-0.0116257 -0.4142488 0.0039370,
-0.0162188 -0.4150743 0.0039370,
-0.0207549 -0.4161704 0.0039370,
-0.0252181 -0.4175334 0.0039370,
-0.0295927 -0.4191583 0.0039370,
-0.0338634 -0.4210395 0.0039370,
-0.0380151 -0.4231705 0.0039370,
-0.0420333 -0.4255436 0.0039370,
-0.0459039 -0.4281506 0.0039370,
-0.0496132 -0.4309824 0.0039370,
-0.0531483 -0.4340289 0.0039370,
-0.0564966 -0.4372794 0.0039370,
-0.0596466 -0.4407227 0.0039370,
-0.0625870 -0.4443464 0.0039370,
-0.0653075 -0.4481380 0.0039370,
-0.0677987 -0.4520842 0.0039370,
-0.0700517 -0.4561709 0.0039370,
-0.0720587 -0.4603840 0.0039370,
-0.0738126 -0.4647085 0.0039370,
-0.0753072 -0.4691294 0.0039370,
-0.0765372 -0.4736310 0.0039370,
-0.0774985 -0.4781976 0.0039370,
-0.0781875 -0.4828131 0.0039370,
-0.0786019 -0.4874614 0.0039370,
0.0787402 0.4921260 0.0000000,
0.0786019 0.4967906 0.0000000,
0.0781875 0.5014388 0.0000000,
0.0774985 0.5060544 0.0000000,
0.0765372 0.5106209 0.0000000,
0.0753072 0.5151226 0.0000000,
0.0738126 0.5195434 0.0000000,
0.0720587 0.5238680 0.0000000,
0.0700517 0.5280810 0.0000000,
0.0677987 0.5321678 0.0000000,
0.0653075 0.5361139 0.0000000,
0.0625870 0.5399055 0.0000000,
0.0596466 0.5435293 0.0000000,
0.0564966 0.5469725 0.0000000,
0.0531483 0.5502231 0.0000000,
0.0496132 0.5532696 0.0000000,
0.0459039 0.5561013 0.0000000,
0.0420333 0.5587083 0.0000000,
0.0380151 0.5610815 0.0000000,
0.0338634 0.5632124 0.0000000,
0.0295927 0.5650937 0.0000000,
0.0252181 0.5667186 0.0000000,
0.0207549 0.5680815 0.0000000,
0.0162188 0.5691777 0.0000000,
0.0116257 0.5700032 0.0000000,
0.0069918 0.5705551 0.0000000,
0.0023333 0.5708316 0.0000000,
-0.0023333 0.5708316 0.0000000,
-0.0069918 0.5705551 0.0000000,
-0.0116257 0.5700032 0.0000000,
-0.0162188 0.5691777 0.0000000,
-0.0207549 0.5680815 0.0000000,
-0.0252181 0.5667186 0.0000000,
-0.0295927 0.5650937 0.0000000,
-0.0338634 0.5632124 0.0000000,
-0.0380151 0.5610815 0.0000000,
-0.0420333 0.5587083 0.0000000,
-0.0459039 0.5561013 0.0000000,
-0.0496132 0.5532696 0.0000000,
-0.0531483 0.5502231 0.0000000,
-0.0564966 0.5469725 0.0000000,
-0.0596466 0.5435293 0.0000000,
-0.0625870 0.5399055 0.0000000,
-0.0653075 0.5361139 0.0000000,
-0.0677987 0.5321678 0.0000000,
-0.0700517 0.5280810 0.0000000,
-0.0720587 0.5238680 0.0000000,
-0.0738126 0.5195434 0.0000000,
-0.0753072 0.5151226 0.0000000,
-0.0765372 0.5106209 0.0000000,
-0.0774985 0.5060544 0.0000000,
-0.0781875 0.5014388 0.0000000,
-0.0786019 0.4967906 0.0000000,
-0.0787402 0.4921260 0.0000000,
-0.0787402 0.4921260 0.0039370,
0.0787402 0.4921260 0.0039370,
0.0786019 0.4967906 0.0039370,
0.0781875 0.5014388 0.0039370,
0.0774985 0.5060544 0.0039370,
0.0765372 0.5106209 0.0039370,
0.0753072 0.5151226 0.0039370,
0.0738126 0.5195434 0.0039370,
0.0720587 0.5238680 0.0039370,
0.0700517 0.5280810 0.0039370,
0.0677987 0.5321678 0.0039370,
0.0653075 0.5361139 0.0039370,
0.0625870 0.5399055 0.0039370,
0.0596466 0.5435293 0.0039370,
0.0564966 0.5469725 0.0039370,
0.0531483 0.5502231 0.0039370,
0.0496132 0.5532696 0.0039370,
0.0459039 0.5561013 0.0039370,
0.0420333 0.5587083 0.0039370,
0.0380151 0.5610815 0.0039370,
0.0338634 0.5632124 0.0039370,
0.0295927 0.5650937 0.0039370,
0.0252181 0.5667186 0.0039370,
0.0207549 0.5680815 0.0039370,
0.0162188 0.5691777 0.0039370,
0.0116257 0.5700032 0.0039370,
0.0069918 0.5705551 0.0039370,
0.0023333 0.5708316 0.0039370,
-0.0023333 0.5708316 0.0039370,
-0.0069918 0.5705551 0.0039370,
-0.0116257 0.5700032 0.0039370,
-0.0162188 0.5691777 0.0039370,
-0.0207549 0.5680815 0.0039370,
-0.0252181 0.5667186 0.0039370,
-0.0295927 0.5650937 0.0039370,
-0.0338634 0.5632124 0.0039370,
-0.0380151 0.5610815 0.0039370,
-0.0420333 0.5587083 0.0039370,
-0.0459039 0.5561013 0.0039370,
-0.0496132 0.5532696 0.0039370,
-0.0531483 0.5502231 0.0039370,
-0.0564966 0.5469725 0.0039370,
-0.0596466 0.5435293 0.0039370,
-0.0625870 0.5399055 0.0039370,
-0.0653075 0.5361139 0.0039370,
-0.0677987 0.5321678 0.0039370,
-0.0700517 0.5280810 0.0039370,
-0.0720587 0.5238680 0.0039370,
-0.0738126 0.5195434 0.0039370,
-0.0753072 0.5151226 0.0039370,
-0.0765372 0.5106209 0.0039370,
-0.0774985 0.5060544 0.0039370,
-0.0781875 0.5014388 0.0039370,
-0.0786019 0.4967906 0.0039370,
0.0787402 0.2952756 0.0000000,
0.0786019 0.2999402 0.0000000,
0.0781875 0.3045884 0.0000000,
0.0774985 0.3092040 0.0000000,
0.0765372 0.3137706 0.0000000,
0.0753072 0.3182722 0.0000000,
0.0738126 0.3226930 0.0000000,
0.0720587 0.3270176 0.0000000,
0.0700517 0.3312306 0.0000000,
0.0677987 0.3353174 0.0000000,
0.0653075 0.3392635 0.0000000,
0.0625870 0.3430551 0.0000000,
0.0596466 0.3466789 0.0000000,
0.0564966 0.3501221 0.0000000,
0.0531483 0.3533727 0.0000000,
0.0496132 0.3564192 0.0000000,
0.0459039 0.3592509 0.0000000,
0.0420333 0.3618580 0.0000000,
0.0380151 0.3642311 0.0000000,
0.0338634 0.3663620 0.0000000,
0.0295927 0.3682433 0.0000000,
0.0252181 0.3698682 0.0000000,
0.0207549 0.3712311 0.0000000,
0.0162188 0.3723273 0.0000000,
0.0116257 0.3731528 0.0000000,
0.0069918 0.3737047 0.0000000,
0.0023333 0.3739812 0.0000000,
-0.0023333 0.3739812 0.0000000,
-0.0069918 0.3737047 0.0000000,
-0.0116257 0.3731528 0.0000000,
-0.0162188 0.3723273 0.0000000,
-0.0207549 0.3712311 0.0000000,
-0.0252181 0.3698682 0.0000000,
-0.0295927 0.3682433 0.0000000,
-0.0338634 0.3663620 0.0000000,
-0.0380151 0.3642311 0.0000000,
-0.0420333 0.3618580 0.0000000,
-0.0459039 0.3592509 0.0000000,
-0.0496132 0.3564192 0.0000000,
-0.0531483 0.3533727 0.0000000,
-0.0564966 0.3501221 0.0000000,
-0.0596466 0.3466789 0.0000000,
-0.0625870 0.3430551 0.0000000,
-0.0653075 0.3392635 0.0000000,
-0.0677987 0.3353174 0.0000000,
-0.0700517 0.3312306 0.0000000,
-0.0720587 0.3270176 0.0000000,
-0.0738126 0.3226930 0.0000000,
-0.0753072 0.3182722 0.0000000,
-0.0765372 0.3137706 0.0000000,
-0.0774985 0.3092040 0.0000000,
-0.0781875 0.3045884 0.0000000,
-0.0786019 0.2999402 0.0000000,
-0.0787402 0.2952756 0.0000000,
-0.0787402 0.2952756 0.0039370,
0.0787402 0.2952756 0.0039370,
0.0786019 0.2999402 0.0039370,
0.0781875 0.3045884 0.0039370,
0.0774985 0.3092040 0.0039370,
0.0765372 0.3137706 0.0039370,
0.0753072 0.3182722 0.0039370,
0.0738126 0.3226930 0.0039370,
0.0720587 0.3270176 0.0039370,
0.0700517 0.3312306 0.0039370,
0.0677987 0.3353174 0.0039370,
0.0653075 0.3392635 0.0039370,
0.0625870 0.3430551 0.0039370,
0.0596466 0.3466789 0.0039370,
0.0564966 0.3501221 0.0039370,
0.0531483 0.3533727 0.0039370,
0.0496132 0.3564192 0.0039370,
0.0459039 0.3592509 0.0039370,
0.0420333 0.3618580 0.0039370,
0.0380151 0.3642311 0.0039370,
0.0338634 0.3663620 0.0039370,
0.0295927 0.3682433 0.0039370,
0.0252181 0.3698682 0.0039370,
0.0207549 0.3712311 0.0039370,
0.0162188 0.3723273 0.0039370,
0.0116257 0.3731528 0.0039370,
0.0069918 0.3737047 0.0039370,
0.0023333 0.3739812 0.0039370,
-0.0023333 0.3739812 0.0039370,
-0.0069918 0.3737047 0.0039370,
-0.0116257 0.3731528 0.0039370,
-0.0162188 0.3723273 0.0039370,
-0.0207549 0.3712311 0.0039370,
-0.0252181 0.3698682 0.0039370,
-0.0295927 0.3682433 0.0039370,
-0.0338634 0.3663620 0.0039370,
-0.0380151 0.3642311 0.0039370,
-0.0420333 0.3618580 0.0039370,
-0.0459039 0.3592509 0.0039370,
-0.0496132 0.3564192 0.0039370,
-0.0531483 0.3533727 0.0039370,
-0.0564966 0.3501221 0.0039370,
-0.0596466 0.3466789 0.0039370,
-0.0625870 0.3430551 0.0039370,
-0.0653075 0.3392635 0.0039370,
-0.0677987 0.3353174 0.0039370,
-0.0700517 0.3312306 0.0039370,
-0.0720587 0.3270176 0.0039370,
-0.0738126 0.3226930 0.0039370,
-0.0753072 0.3182722 0.0039370,
-0.0765372 0.3137706 0.0039370,
-0.0774985 0.3092040 0.0039370,
-0.0781875 0.3045884 0.0039370,
-0.0786019 0.2999402 0.0039370,
0.2165354 0.0787402 0.0000000,
0.2165354 0.0787402 0.0039370,
0.1329326 0.0787402 0.0000000,
0.1329326 0.0787402 0.0039370,
0.1210808 -0.0515388 0.0039370,
0.1210808 -0.0515388 0.0000000,
0.0954903 0.0272013 0.0039370,
0.0954903 0.0272013 0.0000000,
0.2165354 -0.0787402 0.0039370,
0.2165354 -0.0787402 0.0000000,
0.1585231 -0.0787402 0.0039370,
0.1585231 -0.0787402 0.0000000,
0.2559055 0.0393701 0.0039370,
0.2559055 0.0393701 0.0000000,
0.2559055 -0.0393701 0.0039370,
0.2559055 -0.0393701 0.0000000,
0.5118110 -0.0000000 0.0000000,
0.5119493 0.0046646 0.0000000,
0.5123637 0.0093128 0.0000000,
0.5130527 0.0139284 0.0000000,
0.5140139 0.0184950 0.0000000,
0.5152440 0.0229966 0.0000000,
0.5167386 0.0274175 0.0000000,
0.5184925 0.0317420 0.0000000,
0.5204994 0.0359551 0.0000000,
0.5227525 0.0400418 0.0000000,
0.5252436 0.0439879 0.0000000,
0.5279642 0.0477795 0.0000000,
0.5309046 0.0514033 0.0000000,
0.5340545 0.0548465 0.0000000,
0.5374029 0.0580971 0.0000000,
0.5409380 0.0611436 0.0000000,
0.5446473 0.0639753 0.0000000,
0.5485178 0.0665824 0.0000000,
0.5525360 0.0689555 0.0000000,
0.5566878 0.0710864 0.0000000,
0.5609585 0.0729677 0.0000000,
0.5653331 0.0745926 0.0000000,
0.5697963 0.0759556 0.0000000,
0.5743324 0.0770517 0.0000000,
0.5789255 0.0778772 0.0000000,
0.5835594 0.0784291 0.0000000,
0.5882178 0.0787056 0.0000000,
0.5928845 0.0787056 0.0000000,
0.5975430 0.0784291 0.0000000,
0.6021769 0.0778772 0.0000000,
0.6067700 0.0770517 0.0000000,
0.6113061 0.0759556 0.0000000,
0.6157693 0.0745926 0.0000000,
0.6201439 0.0729677 0.0000000,
0.6244146 0.0710864 0.0000000,
0.6285663 0.0689555 0.0000000,
0.6325845 0.0665824 0.0000000,
0.6364551 0.0639753 0.0000000,
0.6401644 0.0611436 0.0000000,
0.6436994 0.0580971 0.0000000,
0.6470478 0.0548465 0.0000000,
0.6501977 0.0514033 0.0000000,
0.6531381 0.0477795 0.0000000,
0.6558587 0.0439879 0.0000000,
0.6583499 0.0400418 0.0000000,
0.6606029 0.0359551 0.0000000,
0.6626099 0.0317420 0.0000000,
0.6643638 0.0274175 0.0000000,
0.6658583 0.0229966 0.0000000,
0.6670884 0.0184950 0.0000000,
0.6680497 0.0139284 0.0000000,
0.6687387 0.0093128 0.0000000,
0.6691530 0.0046646 0.0000000,
0.6692913 -0.0000000 0.0000000,
0.5118110 -0.0000000 0.0039370,
0.5119493 0.0046646 0.0039370,
0.5123637 0.0093128 0.0039370,
0.5130527 0.0139284 0.0039370,
0.5140139 0.0184950 0.0039370,
0.5152440 0.0229966 0.0039370,
0.5167386 0.0274175 0.0039370,
0.5184925 0.0317420 0.0039370,
0.5204994 0.0359551 0.0039370,
0.5227525 0.0400418 0.0039370,
0.5252436 0.0439879 0.0039370,
0.5279642 0.0477795 0.0039370,
0.5309046 0.0514033 0.0039370,
0.5340545 0.0548465 0.0039370,
0.5374029 0.0580971 0.0039370,
0.5409380 0.0611436 0.0039370,
0.5446473 0.0639753 0.0039370,
0.5485178 0.0665824 0.0039370,
0.5525360 0.0689555 0.0039370,
0.5566878 0.0710864 0.0039370,
0.5609585 0.0729677 0.0039370,
0.5653331 0.0745926 0.0039370,
0.5697963 0.0759556 0.0039370,
0.5743324 0.0770517 0.0039370,
0.5789255 0.0778772 0.0039370,
0.5835594 0.0784291 0.0039370,
0.5882178 0.0787056 0.0039370,
0.5928845 0.0787056 0.0039370,
0.5975430 0.0784291 0.0039370,
0.6021769 0.0778772 0.0039370,
0.6067700 0.0770517 0.0039370,
0.6113061 0.0759556 0.0039370,
0.6157693 0.0745926 0.0039370,
0.6201439 0.0729677 0.0039370,
0.6244146 0.0710864 0.0039370,
0.6285663 0.0689555 0.0039370,
0.6325845 0.0665824 0.0039370,
0.6364551 0.0639753 0.0039370,
0.6401644 0.0611436 0.0039370,
0.6436994 0.0580971 0.0039370,
0.6470478 0.0548465 0.0039370,
0.6501977 0.0514033 0.0039370,
0.6531381 0.0477795 0.0039370,
0.6558587 0.0439879 0.0039370,
0.6583499 0.0400418 0.0039370,
0.6606029 0.0359551 0.0039370,
0.6626099 0.0317420 0.0039370,
0.6643638 0.0274175 0.0039370,
0.6658583 0.0229966 0.0039370,
0.6670884 0.0184950 0.0039370,
0.6680497 0.0139284 0.0039370,
0.6687387 0.0093128 0.0039370,
0.6691530 0.0046646 0.0039370,
0.6692913 -0.0000000 0.0039370,
-0.1210808 -0.0515388 0.0039370,
-0.0954903 0.0272013 0.0039370,
-0.0954903 0.0272013 0.0000000,
-0.1210808 -0.0515388 0.0000000,
-0.1329326 0.0787402 0.0000000,
-0.2165354 0.0787402 0.0000000,
-0.1329326 0.0787402 0.0039370,
-0.2165354 0.0787402 0.0039370,
-0.2559055 0.0393701 0.0000000,
-0.2559055 -0.0393701 0.0000000,
-0.2559055 0.0393701 0.0039370,
-0.2559055 -0.0393701 0.0039370,
-0.2165354 -0.0787402 0.0000000,
-0.1585231 -0.0787402 0.0000000,
-0.2165354 -0.0787402 0.0039370,
-0.1585231 -0.0787402 0.0039370,
-0.6059559 -0.4625984 0.0118110,
-0.6059559 -0.6200787 0.0118110,
-0.6048233 -0.4625984 0.0118110,
-0.6043307 -0.4713919 0.0118110,
-0.6043855 -0.4684553 0.0118110,
-0.6045497 -0.4655228 0.0118110,
-0.6043307 -0.6200787 0.0118110,
0.6043307 -0.4713919 0.0118110,
0.6043307 -0.6200787 0.0118110,
0.6048233 -0.4625984 0.0118110,
0.6045497 -0.4655228 0.0118110,
0.6043855 -0.4684553 0.0118110,
0.6059559 -0.4625984 0.0118110,
0.6059559 -0.6200787 0.0118110,
-0.5118110 -0.0000000 0.0039370,
-0.5119493 0.0046646 0.0039370,
-0.5123637 0.0093128 0.0039370,
-0.5130527 0.0139284 0.0039370,
-0.5140139 0.0184950 0.0039370,
-0.5152440 0.0229966 0.0039370,
-0.5167386 0.0274175 0.0039370,
-0.5184925 0.0317420 0.0039370,
-0.5204994 0.0359551 0.0039370,
-0.5227525 0.0400418 0.0039370,
-0.5252436 0.0439879 0.0039370,
-0.5279642 0.0477795 0.0039370,
-0.5309046 0.0514033 0.0039370,
-0.5340545 0.0548465 0.0039370,
-0.5374029 0.0580971 0.0039370,
-0.5409380 0.0611436 0.0039370,
-0.5446473 0.0639753 0.0039370,
-0.5485178 0.0665824 0.0039370,
-0.5525360 0.0689555 0.0039370,
-0.5566878 0.0710864 0.0039370,
-0.5609585 0.0729677 0.0039370,
-0.5653331 0.0745926 0.0039370,
-0.5697963 0.0759556 0.0039370,
-0.5743324 0.0770517 0.0039370,
-0.5789255 0.0778772 0.0039370,
-0.5835594 0.0784291 0.0039370,
-0.5882178 0.0787056 0.0039370,
-0.5928845 0.0787056 0.0039370,
-0.5975430 0.0784291 0.0039370,
-0.6021769 0.0778772 0.0039370,
-0.6067700 0.0770517 0.0039370,
-0.6113061 0.0759556 0.0039370,
-0.6157693 0.0745926 0.0039370,
-0.6201439 0.0729677 0.0039370,
-0.6244146 0.0710864 0.0039370,
-0.6285663 0.0689555 0.0039370,
-0.6325845 0.0665824 0.0039370,
-0.6364551 0.0639753 0.0039370,
-0.6401644 0.0611436 0.0039370,
-0.6436994 0.0580971 0.0039370,
-0.6470478 0.0548465 0.0039370,
-0.6501977 0.0514033 0.0039370,
-0.6531381 0.0477795 0.0039370,
-0.6558587 0.0439879 0.0039370,
-0.6583499 0.0400418 0.0039370,
-0.6606029 0.0359551 0.0039370,
-0.6626099 0.0317420 0.0039370,
-0.6643638 0.0274175 0.0039370,
-0.6658583 0.0229966 0.0039370,
-0.6670884 0.0184950 0.0039370,
-0.6680497 0.0139284 0.0039370,
-0.6687387 0.0093128 0.0039370,
-0.6691530 0.0046646 0.0039370,
-0.6692913 -0.0000000 0.0039370,
-0.6691530 -0.0046646 0.0039370,
-0.6687387 -0.0093128 0.0039370,
-0.6680497 -0.0139284 0.0039370,
-0.6670884 -0.0184950 0.0039370,
-0.6658583 -0.0229966 0.0039370,
-0.6643638 -0.0274175 0.0039370,
-0.6626099 -0.0317420 0.0039370,
-0.6606029 -0.0359551 0.0039370,
-0.6583499 -0.0400418 0.0039370,
-0.6558587 -0.0439879 0.0039370,
-0.6531381 -0.0477795 0.0039370,
-0.6501977 -0.0514033 0.0039370,
-0.6470478 -0.0548465 0.0039370,
-0.6436994 -0.0580971 0.0039370,
-0.6401644 -0.0611436 0.0039370,
-0.6364551 -0.0639753 0.0039370,
-0.6325845 -0.0665824 0.0039370,
-0.6285663 -0.0689555 0.0039370,
-0.6244146 -0.0710864 0.0039370,
-0.6201439 -0.0729677 0.0039370,
-0.6157693 -0.0745926 0.0039370,
-0.6113061 -0.0759556 0.0039370,
-0.6067700 -0.0770517 0.0039370,
-0.6021769 -0.0778772 0.0039370,
-0.5975430 -0.0784291 0.0039370,
-0.5928845 -0.0787056 0.0039370,
-0.5882178 -0.0787056 0.0039370,
-0.5835594 -0.0784291 0.0039370,
-0.5789255 -0.0778772 0.0039370,
-0.5743324 -0.0770517 0.0039370,
-0.5697963 -0.0759556 0.0039370,
-0.5653331 -0.0745926 0.0039370,
-0.5609585 -0.0729677 0.0039370,
-0.5566878 -0.0710864 0.0039370,
-0.5525360 -0.0689555 0.0039370,
-0.5485178 -0.0665824 0.0039370,
-0.5446473 -0.0639753 0.0039370,
-0.5409380 -0.0611436 0.0039370,
-0.5374029 -0.0580971 0.0039370,
-0.5340545 -0.0548465 0.0039370,
-0.5309046 -0.0514033 0.0039370,
-0.5279642 -0.0477795 0.0039370,
-0.5252436 -0.0439879 0.0039370,
-0.5227525 -0.0400418 0.0039370,
-0.5204994 -0.0359551 0.0039370,
-0.5184925 -0.0317420 0.0039370,
-0.5167386 -0.0274175 0.0039370,
-0.5152440 -0.0229966 0.0039370,
-0.5140139 -0.0184950 0.0039370,
-0.5130527 -0.0139284 0.0039370,
-0.5123637 -0.0093128 0.0039370,
-0.5119493 -0.0046646 0.0039370,
-0.1771654 0.5118110 0.0039370,
-0.1773382 0.5176418 0.0039370,
-0.1778562 0.5234521 0.0039370,
-0.1787175 0.5292215 0.0039370,
-0.1799190 0.5349297 0.0039370,
-0.1814566 0.5405568 0.0039370,
-0.1833248 0.5460828 0.0039370,
-0.1855172 0.5514885 0.0039370,
-0.1880259 0.5567548 0.0039370,
-0.1908422 0.5618633 0.0039370,
-0.1939561 0.5667959 0.0039370,
-0.1973568 0.5715354 0.0039370,
-0.2010324 0.5760652 0.0039370,
-0.2049698 0.5803692 0.0039370,
-0.2091552 0.5844324 0.0039370,
-0.2135740 0.5882405 0.0039370,
-0.2182107 0.5917802 0.0039370,
-0.2230489 0.5950390 0.0039370,
-0.2280716 0.5980054 0.0039370,
-0.2332613 0.6006691 0.0039370,
-0.2385996 0.6030206 0.0039370,
-0.2440679 0.6050518 0.0039370,
-0.2496469 0.6067555 0.0039370,
-0.2553171 0.6081256 0.0039370,
-0.2610584 0.6091575 0.0039370,
-0.2668508 0.6098474 0.0039370,
-0.2726739 0.6101930 0.0039370,
-0.2785072 0.6101930 0.0039370,
-0.2843303 0.6098474 0.0039370,
-0.2901227 0.6091575 0.0039370,
-0.2958640 0.6081256 0.0039370,
-0.3015342 0.6067555 0.0039370,
-0.3071132 0.6050518 0.0039370,
-0.3125815 0.6030206 0.0039370,
-0.3179198 0.6006691 0.0039370,
-0.3231095 0.5980054 0.0039370,
-0.3281322 0.5950390 0.0039370,
-0.3329704 0.5917802 0.0039370,
-0.3376071 0.5882405 0.0039370,
-0.3420259 0.5844324 0.0039370,
-0.3462113 0.5803692 0.0039370,
-0.3501487 0.5760652 0.0039370,
-0.3538243 0.5715354 0.0039370,
-0.3572250 0.5667959 0.0039370,
-0.3603389 0.5618633 0.0039370,
-0.3631552 0.5567548 0.0039370,
-0.3656639 0.5514885 0.0039370,
-0.3678563 0.5460828 0.0039370,
-0.3697245 0.5405568 0.0039370,
-0.3712621 0.5349297 0.0039370,
-0.3724636 0.5292215 0.0039370,
-0.3733249 0.5234521 0.0039370,
-0.3738429 0.5176418 0.0039370,
-0.3740157 0.5118110 0.0039370,
-0.3738429 0.5059803 0.0039370,
-0.3733249 0.5001700 0.0039370,
-0.3724636 0.4944006 0.0039370,
-0.3712621 0.4886923 0.0039370,
-0.3697245 0.4830653 0.0039370,
-0.3678563 0.4775392 0.0039370,
-0.3656639 0.4721335 0.0039370,
-0.3631552 0.4668672 0.0039370,
-0.3603389 0.4617587 0.0039370,
-0.3572250 0.4568261 0.0039370,
-0.3538243 0.4520866 0.0039370,
-0.3501487 0.4475569 0.0039370,
-0.3462113 0.4432529 0.0039370,
-0.3420259 0.4391896 0.0039370,
-0.3376071 0.4353815 0.0039370,
-0.3329704 0.4318418 0.0039370,
-0.3281322 0.4285831 0.0039370,
-0.3231095 0.4256166 0.0039370,
-0.3179198 0.4229530 0.0039370,
-0.3125815 0.4206014 0.0039370,
-0.3071132 0.4185702 0.0039370,
-0.3015342 0.4168666 0.0039370,
-0.2958640 0.4154964 0.0039370,
-0.2901227 0.4144645 0.0039370,
-0.2843303 0.4137746 0.0039370,
-0.2785072 0.4134291 0.0039370,
-0.2726739 0.4134291 0.0039370,
-0.2668508 0.4137746 0.0039370,
-0.2610584 0.4144645 0.0039370,
-0.2553171 0.4154964 0.0039370,
-0.2496469 0.4168666 0.0039370,
-0.2440679 0.4185702 0.0039370,
-0.2385996 0.4206014 0.0039370,
-0.2332613 0.4229530 0.0039370,
-0.2280716 0.4256166 0.0039370,
-0.2230489 0.4285831 0.0039370,
-0.2182107 0.4318418 0.0039370,
-0.2135740 0.4353815 0.0039370,
-0.2091552 0.4391896 0.0039370,
-0.2049698 0.4432529 0.0039370,
-0.2010324 0.4475569 0.0039370,
-0.1973568 0.4520866 0.0039370,
-0.1939561 0.4568261 0.0039370,
-0.1908422 0.4617587 0.0039370,
-0.1880259 0.4668672 0.0039370,
-0.1855172 0.4721335 0.0039370,
-0.1833248 0.4775392 0.0039370,
-0.1814566 0.4830653 0.0039370,
-0.1799190 0.4886923 0.0039370,
-0.1787175 0.4944006 0.0039370,
-0.1778562 0.5001700 0.0039370,
-0.1773382 0.5059803 0.0039370,
0.3740157 0.5118110 0.0039370,
0.3738429 0.5176418 0.0039370,
0.3733249 0.5234521 0.0039370,
0.3724636 0.5292215 0.0039370,
0.3712621 0.5349297 0.0039370,
0.3697245 0.5405568 0.0039370,
0.3678563 0.5460828 0.0039370,
0.3656639 0.5514885 0.0039370,
0.3631552 0.5567548 0.0039370,
0.3603389 0.5618633 0.0039370,
0.3572250 0.5667959 0.0039370,
0.3538243 0.5715354 0.0039370,
0.3501487 0.5760652 0.0039370,
0.3462113 0.5803692 0.0039370,
0.3420259 0.5844324 0.0039370,
0.3376071 0.5882405 0.0039370,
0.3329704 0.5917802 0.0039370,
0.3281322 0.5950390 0.0039370,
0.3231095 0.5980054 0.0039370,
0.3179198 0.6006691 0.0039370,
0.3125815 0.6030206 0.0039370,
0.3071132 0.6050518 0.0039370,
0.3015342 0.6067555 0.0039370,
0.2958640 0.6081256 0.0039370,
0.2901227 0.6091575 0.0039370,
0.2843303 0.6098474 0.0039370,
0.2785072 0.6101930 0.0039370,
0.2726739 0.6101930 0.0039370,
0.2668508 0.6098474 0.0039370,
0.2610584 0.6091575 0.0039370,
0.2553171 0.6081256 0.0039370,
0.2496469 0.6067555 0.0039370,
0.2440679 0.6050518 0.0039370,
0.2385996 0.6030206 0.0039370,
0.2332613 0.6006691 0.0039370,
0.2280716 0.5980054 0.0039370,
0.2230489 0.5950390 0.0039370,
0.2182107 0.5917802 0.0039370,
0.2135740 0.5882405 0.0039370,
0.2091552 0.5844324 0.0039370,
0.2049698 0.5803692 0.0039370,
0.2010324 0.5760652 0.0039370,
0.1973568 0.5715354 0.0039370,
0.1939561 0.5667959 0.0039370,
0.1908422 0.5618633 0.0039370,
0.1880259 0.5567548 0.0039370,
0.1855172 0.5514885 0.0039370,
0.1833248 0.5460828 0.0039370,
0.1814566 0.5405568 0.0039370,
0.1799190 0.5349297 0.0039370,
0.1787175 0.5292215 0.0039370,
0.1778562 0.5234521 0.0039370,
0.1773382 0.5176418 0.0039370,
0.1771654 0.5118110 0.0039370,
0.1773382 0.5059803 0.0039370,
0.1778562 0.5001700 0.0039370,
0.1787175 0.4944006 0.0039370,
0.1799190 0.4886923 0.0039370,
0.1814566 0.4830653 0.0039370,
0.1833248 0.4775392 0.0039370,
0.1855172 0.4721335 0.0039370,
0.1880259 0.4668672 0.0039370,
0.1908422 0.4617587 0.0039370,
0.1939561 0.4568261 0.0039370,
0.1973568 0.4520866 0.0039370,
0.2010324 0.4475569 0.0039370,
0.2049698 0.4432529 0.0039370,
0.2091552 0.4391896 0.0039370,
0.2135740 0.4353815 0.0039370,
0.2182107 0.4318418 0.0039370,
0.2230489 0.4285831 0.0039370,
0.2280716 0.4256166 0.0039370,
0.2332613 0.4229530 0.0039370,
0.2385996 0.4206014 0.0039370,
0.2440679 0.4185702 0.0039370,
0.2496469 0.4168666 0.0039370,
0.2553171 0.4154964 0.0039370,
0.2610584 0.4144645 0.0039370,
0.2668508 0.4137746 0.0039370,
0.2726739 0.4134291 0.0039370,
0.2785072 0.4134291 0.0039370,
0.2843303 0.4137746 0.0039370,
0.2901227 0.4144645 0.0039370,
0.2958640 0.4154964 0.0039370,
0.3015342 0.4168666 0.0039370,
0.3071132 0.4185702 0.0039370,
0.3125815 0.4206014 0.0039370,
0.3179198 0.4229530 0.0039370,
0.3231095 0.4256166 0.0039370,
0.3281322 0.4285831 0.0039370,
0.3329704 0.4318418 0.0039370,
0.3376071 0.4353815 0.0039370,
0.3420259 0.4391896 0.0039370,
0.3462113 0.4432529 0.0039370,
0.3501487 0.4475569 0.0039370,
0.3538243 0.4520866 0.0039370,
0.3572250 0.4568261 0.0039370,
0.3603389 0.4617587 0.0039370,
0.3631552 0.4668672 0.0039370,
0.3656639 0.4721335 0.0039370,
0.3678563 0.4775392 0.0039370,
0.3697245 0.4830653 0.0039370,
0.3712621 0.4886923 0.0039370,
0.3724636 0.4944006 0.0039370,
0.3733249 0.5001700 0.0039370,
0.3738429 0.5059803 0.0039370,
0.3543307 -0.5433071 0.0039370,
0.3541924 -0.5386425 0.0039370,
0.3537780 -0.5339942 0.0039370,
0.3530890 -0.5293787 0.0039370,
0.3521278 -0.5248121 0.0039370,
0.3508977 -0.5203105 0.0039370,
0.3494031 -0.5158896 0.0039370,
0.3476493 -0.5115651 0.0039370,
0.3456423 -0.5073520 0.0039370,
0.3433893 -0.5032653 0.0039370,
0.3408981 -0.4993192 0.0039370,
0.3381775 -0.4955275 0.0039370,
0.3352371 -0.4919038 0.0039370,
0.3320872 -0.4884605 0.0039370,
0.3287388 -0.4852100 0.0039370,
0.3252038 -0.4821635 0.0039370,
0.3214944 -0.4793317 0.0039370,
0.3176239 -0.4767247 0.0039370,
0.3136057 -0.4743516 0.0039370,
0.3094540 -0.4722206 0.0039370,
0.3051833 -0.4703394 0.0039370,
0.3008086 -0.4687145 0.0039370,
0.2963454 -0.4673515 0.0039370,
0.2918093 -0.4662554 0.0039370,
0.2872163 -0.4654299 0.0039370,
0.2825824 -0.4648780 0.0039370,
0.2779239 -0.4646015 0.0039370,
0.2732572 -0.4646015 0.0039370,
0.2685987 -0.4648780 0.0039370,
0.2639648 -0.4654299 0.0039370,
0.2593718 -0.4662554 0.0039370,
0.2548357 -0.4673515 0.0039370,
0.2503725 -0.4687145 0.0039370,
0.2459978 -0.4703394 0.0039370,
0.2417271 -0.4722206 0.0039370,
0.2375754 -0.4743516 0.0039370,
0.2335572 -0.4767247 0.0039370,
0.2296867 -0.4793317 0.0039370,
0.2259773 -0.4821635 0.0039370,
0.2224423 -0.4852100 0.0039370,
0.2190939 -0.4884605 0.0039370,
0.2159440 -0.4919038 0.0039370,
0.2130036 -0.4955275 0.0039370,
0.2102830 -0.4993192 0.0039370,
0.2077918 -0.5032653 0.0039370,
0.2055388 -0.5073520 0.0039370,
0.2035318 -0.5115651 0.0039370,
0.2017780 -0.5158896 0.0039370,
0.2002834 -0.5203105 0.0039370,
0.1990533 -0.5248121 0.0039370,
0.1980921 -0.5293787 0.0039370,
0.1974031 -0.5339942 0.0039370,
0.1969887 -0.5386425 0.0039370,
0.1968504 -0.5433071 0.0039370,
0.1969887 -0.5479717 0.0039370,
0.1974031 -0.5526199 0.0039370,
0.1980921 -0.5572355 0.0039370,
0.1990533 -0.5618021 0.0039370,
0.2002834 -0.5663037 0.0039370,
0.2017780 -0.5707245 0.0039370,
0.2035318 -0.5750491 0.0039370,
0.2055388 -0.5792621 0.0039370,
0.2077918 -0.5833489 0.0039370,
0.2102830 -0.5872950 0.0039370,
0.2130036 -0.5910866 0.0039370,
0.2159440 -0.5947104 0.0039370,
0.2190939 -0.5981536 0.0039370,
0.2224423 -0.6014042 0.0039370,
0.2259773 -0.6044507 0.0039370,
0.2296867 -0.6072824 0.0039370,
0.2335572 -0.6098894 0.0039370,
0.2375754 -0.6122626 0.0039370,
0.2417271 -0.6143935 0.0039370,
0.2459978 -0.6162748 0.0039370,
0.2503725 -0.6178997 0.0039370,
0.2548357 -0.6192626 0.0039370,
0.2593718 -0.6203588 0.0039370,
0.2639648 -0.6211843 0.0039370,
0.2685987 -0.6217362 0.0039370,
0.2732572 -0.6220127 0.0039370,
0.2779239 -0.6220127 0.0039370,
0.2825824 -0.6217362 0.0039370,
0.2872163 -0.6211843 0.0039370,
0.2918093 -0.6203588 0.0039370,
0.2963454 -0.6192626 0.0039370,
0.3008086 -0.6178997 0.0039370,
0.3051833 -0.6162748 0.0039370,
0.3094540 -0.6143935 0.0039370,
0.3136057 -0.6122626 0.0039370,
0.3176239 -0.6098894 0.0039370,
0.3214944 -0.6072824 0.0039370,
0.3252038 -0.6044507 0.0039370,
0.3287388 -0.6014042 0.0039370,
0.3320872 -0.5981536 0.0039370,
0.3352371 -0.5947104 0.0039370,
0.3381775 -0.5910866 0.0039370,
0.3408981 -0.5872950 0.0039370,
0.3433893 -0.5833489 0.0039370,
0.3456423 -0.5792621 0.0039370,
0.3476493 -0.5750491 0.0039370,
0.3494031 -0.5707245 0.0039370,
0.3508977 -0.5663037 0.0039370,
0.3521278 -0.5618021 0.0039370,
0.3530890 -0.5572355 0.0039370,
0.3537780 -0.5526199 0.0039370,
0.3541924 -0.5479717 0.0039370,
-0.1968504 -0.5433071 0.0039370,
-0.1969887 -0.5386425 0.0039370,
-0.1974031 -0.5339942 0.0039370,
-0.1980921 -0.5293787 0.0039370,
-0.1990533 -0.5248121 0.0039370,
-0.2002834 -0.5203105 0.0039370,
-0.2017780 -0.5158896 0.0039370,
-0.2035318 -0.5115651 0.0039370,
-0.2055388 -0.5073520 0.0039370,
-0.2077918 -0.5032653 0.0039370,
-0.2102830 -0.4993192 0.0039370,
-0.2130036 -0.4955275 0.0039370,
-0.2159440 -0.4919038 0.0039370,
-0.2190939 -0.4884605 0.0039370,
-0.2224423 -0.4852100 0.0039370,
-0.2259773 -0.4821635 0.0039370,
-0.2296867 -0.4793317 0.0039370,
-0.2335572 -0.4767247 0.0039370,
-0.2375754 -0.4743516 0.0039370,
-0.2417271 -0.4722206 0.0039370,
-0.2459978 -0.4703394 0.0039370,
-0.2503725 -0.4687145 0.0039370,
-0.2548357 -0.4673515 0.0039370,
-0.2593718 -0.4662554 0.0039370,
-0.2639648 -0.4654299 0.0039370,
-0.2685987 -0.4648780 0.0039370,
-0.2732572 -0.4646015 0.0039370,
-0.2779239 -0.4646015 0.0039370,
-0.2825824 -0.4648780 0.0039370,
-0.2872163 -0.4654299 0.0039370,
-0.2918093 -0.4662554 0.0039370,
-0.2963454 -0.4673515 0.0039370,
-0.3008086 -0.4687145 0.0039370,
-0.3051833 -0.4703394 0.0039370,
-0.3094540 -0.4722206 0.0039370,
-0.3136057 -0.4743516 0.0039370,
-0.3176239 -0.4767247 0.0039370,
-0.3214944 -0.4793317 0.0039370,
-0.3252038 -0.4821635 0.0039370,
-0.3287388 -0.4852100 0.0039370,
-0.3320872 -0.4884605 0.0039370,
-0.3352371 -0.4919038 0.0039370,
-0.3381775 -0.4955275 0.0039370,
-0.3408981 -0.4993192 0.0039370,
-0.3433893 -0.5032653 0.0039370,
-0.3456423 -0.5073520 0.0039370,
-0.3476493 -0.5115651 0.0039370,
-0.3494031 -0.5158896 0.0039370,
-0.3508977 -0.5203105 0.0039370,
-0.3521278 -0.5248121 0.0039370,
-0.3530890 -0.5293787 0.0039370,
-0.3537780 -0.5339942 0.0039370,
-0.3541924 -0.5386425 0.0039370,
-0.3543307 -0.5433071 0.0039370,
-0.3541924 -0.5479717 0.0039370,
-0.3537780 -0.5526199 0.0039370,
-0.3530890 -0.5572355 0.0039370,
-0.3521278 -0.5618021 0.0039370,
-0.3508977 -0.5663037 0.0039370,
-0.3494031 -0.5707245 0.0039370,
-0.3476493 -0.5750491 0.0039370,
-0.3456423 -0.5792621 0.0039370,
-0.3433893 -0.5833489 0.0039370,
-0.3408981 -0.5872950 0.0039370,
-0.3381775 -0.5910866 0.0039370,
-0.3352371 -0.5947104 0.0039370,
-0.3320872 -0.5981536 0.0039370,
-0.3287388 -0.6014042 0.0039370,
-0.3252038 -0.6044507 0.0039370,
-0.3214944 -0.6072824 0.0039370,
-0.3176239 -0.6098894 0.0039370,
-0.3136057 -0.6122626 0.0039370,
-0.3094540 -0.6143935 0.0039370,
-0.3051833 -0.6162748 0.0039370,
-0.3008086 -0.6178997 0.0039370,
-0.2963454 -0.6192626 0.0039370,
-0.2918093 -0.6203588 0.0039370,
-0.2872163 -0.6211843 0.0039370,
-0.2825824 -0.6217362 0.0039370,
-0.2779239 -0.6220127 0.0039370,
-0.2732572 -0.6220127 0.0039370,
-0.2685987 -0.6217362 0.0039370,
-0.2639648 -0.6211843 0.0039370,
-0.2593718 -0.6203588 0.0039370,
-0.2548357 -0.6192626 0.0039370,
-0.2503725 -0.6178997 0.0039370,
-0.2459978 -0.6162748 0.0039370,
-0.2417271 -0.6143935 0.0039370,
-0.2375754 -0.6122626 0.0039370,
-0.2335572 -0.6098894 0.0039370,
-0.2296867 -0.6072824 0.0039370,
-0.2259773 -0.6044507 0.0039370,
-0.2224423 -0.6014042 0.0039370,
-0.2190939 -0.5981536 0.0039370,
-0.2159440 -0.5947104 0.0039370,
-0.2130036 -0.5910866 0.0039370,
-0.2102830 -0.5872950 0.0039370,
-0.2077918 -0.5833489 0.0039370,
-0.2055388 -0.5792621 0.0039370,
-0.2035318 -0.5750491 0.0039370,
-0.2017780 -0.5707245 0.0039370,
-0.2002834 -0.5663037 0.0039370,
-0.1990533 -0.5618021 0.0039370,
-0.1980921 -0.5572355 0.0039370,
-0.1974031 -0.5526199 0.0039370,
-0.1969887 -0.5479717 0.0039370,
0.0787402 -0.4921260 0.0039370,
0.0786019 -0.4874614 0.0039370,
0.0781875 -0.4828131 0.0039370,
0.0774985 -0.4781976 0.0039370,
0.0765372 -0.4736310 0.0039370,
0.0753072 -0.4691294 0.0039370,
0.0738126 -0.4647085 0.0039370,
0.0720587 -0.4603840 0.0039370,
0.0700517 -0.4561709 0.0039370,
0.0677987 -0.4520842 0.0039370,
0.0653075 -0.4481380 0.0039370,
0.0625870 -0.4443464 0.0039370,
0.0596466 -0.4407227 0.0039370,
0.0564966 -0.4372794 0.0039370,
0.0531483 -0.4340289 0.0039370,
0.0496132 -0.4309824 0.0039370,
0.0459039 -0.4281506 0.0039370,
0.0420333 -0.4255436 0.0039370,
0.0380151 -0.4231705 0.0039370,
0.0338634 -0.4210395 0.0039370,
0.0295927 -0.4191583 0.0039370,
0.0252181 -0.4175334 0.0039370,
0.0207549 -0.4161704 0.0039370,
0.0162188 -0.4150743 0.0039370,
0.0116257 -0.4142488 0.0039370,
0.0069918 -0.4136969 0.0039370,
0.0023333 -0.4134204 0.0039370,
-0.0023333 -0.4134204 0.0039370,
-0.0069918 -0.4136969 0.0039370,
-0.0116257 -0.4142488 0.0039370,
-0.0162188 -0.4150743 0.0039370,
-0.0207549 -0.4161704 0.0039370,
-0.0252181 -0.4175334 0.0039370,
-0.0295927 -0.4191583 0.0039370,
-0.0338634 -0.4210395 0.0039370,
-0.0380151 -0.4231705 0.0039370,
-0.0420333 -0.4255436 0.0039370,
-0.0459039 -0.4281506 0.0039370,
-0.0496132 -0.4309824 0.0039370,
-0.0531483 -0.4340289 0.0039370,
-0.0564966 -0.4372794 0.0039370,
-0.0596466 -0.4407227 0.0039370,
-0.0625870 -0.4443464 0.0039370,
-0.0653075 -0.4481380 0.0039370,
-0.0677987 -0.4520842 0.0039370,
-0.0700517 -0.4561709 0.0039370,
-0.0720587 -0.4603840 0.0039370,
-0.0738126 -0.4647085 0.0039370,
-0.0753072 -0.4691294 0.0039370,
-0.0765372 -0.4736310 0.0039370,
-0.0774985 -0.4781976 0.0039370,
-0.0781875 -0.4828131 0.0039370,
-0.0786019 -0.4874614 0.0039370,
-0.0787402 -0.4921260 0.0039370,
-0.0786019 -0.4967906 0.0039370,
-0.0781875 -0.5014388 0.0039370,
-0.0774985 -0.5060544 0.0039370,
-0.0765372 -0.5106209 0.0039370,
-0.0753072 -0.5151226 0.0039370,
-0.0738126 -0.5195434 0.0039370,
-0.0720587 -0.5238680 0.0039370,
-0.0700517 -0.5280810 0.0039370,
-0.0677987 -0.5321678 0.0039370,
-0.0653075 -0.5361139 0.0039370,
-0.0625870 -0.5399055 0.0039370,
-0.0596466 -0.5435293 0.0039370,
-0.0564966 -0.5469725 0.0039370,
-0.0531483 -0.5502231 0.0039370,
-0.0496132 -0.5532696 0.0039370,
-0.0459039 -0.5561013 0.0039370,
-0.0420333 -0.5587083 0.0039370,
-0.0380151 -0.5610815 0.0039370,
-0.0338634 -0.5632124 0.0039370,
-0.0295927 -0.5650937 0.0039370,
-0.0252181 -0.5667186 0.0039370,
-0.0207549 -0.5680815 0.0039370,
-0.0162188 -0.5691777 0.0039370,
-0.0116257 -0.5700032 0.0039370,
-0.0069918 -0.5705551 0.0039370,
-0.0023333 -0.5708316 0.0039370,
0.0023333 -0.5708316 0.0039370,
0.0069918 -0.5705551 0.0039370,
0.0116257 -0.5700032 0.0039370,
0.0162188 -0.5691777 0.0039370,
0.0207549 -0.5680815 0.0039370,
0.0252181 -0.5667186 0.0039370,
0.0295927 -0.5650937 0.0039370,
0.0338634 -0.5632124 0.0039370,
0.0380151 -0.5610815 0.0039370,
0.0420333 -0.5587083 0.0039370,
0.0459039 -0.5561013 0.0039370,
0.0496132 -0.5532696 0.0039370,
0.0531483 -0.5502231 0.0039370,
0.0564966 -0.5469725 0.0039370,
0.0596466 -0.5435293 0.0039370,
0.0625870 -0.5399055 0.0039370,
0.0653075 -0.5361139 0.0039370,
0.0677987 -0.5321678 0.0039370,
0.0700517 -0.5280810 0.0039370,
0.0720587 -0.5238680 0.0039370,
0.0738126 -0.5195434 0.0039370,
0.0753072 -0.5151226 0.0039370,
0.0765372 -0.5106209 0.0039370,
0.0774985 -0.5060544 0.0039370,
0.0781875 -0.5014388 0.0039370,
0.0786019 -0.4967906 0.0039370,
0.0787402 0.4921260 0.0039370,
0.0786019 0.4967906 0.0039370,
0.0781875 0.5014388 0.0039370,
0.0774985 0.5060544 0.0039370,
0.0765372 0.5106209 0.0039370,
0.0753072 0.5151226 0.0039370,
0.0738126 0.5195434 0.0039370,
0.0720587 0.5238680 0.0039370,
0.0700517 0.5280810 0.0039370,
0.0677987 0.5321678 0.0039370,
0.0653075 0.5361139 0.0039370,
0.0625870 0.5399055 0.0039370,
0.0596466 0.5435293 0.0039370,
0.0564966 0.5469725 0.0039370,
0.0531483 0.5502231 0.0039370,
0.0496132 0.5532696 0.0039370,
0.0459039 0.5561013 0.0039370,
0.0420333 0.5587083 0.0039370,
0.0380151 0.5610815 0.0039370,
0.0338634 0.5632124 0.0039370,
0.0295927 0.5650937 0.0039370,
0.0252181 0.5667186 0.0039370,
0.0207549 0.5680815 0.0039370,
0.0162188 0.5691777 0.0039370,
0.0116257 0.5700032 0.0039370,
0.0069918 0.5705551 0.0039370,
0.0023333 0.5708316 0.0039370,
-0.0023333 0.5708316 0.0039370,
-0.0069918 0.5705551 0.0039370,
-0.0116257 0.5700032 0.0039370,
-0.0162188 0.5691777 0.0039370,
-0.0207549 0.5680815 0.0039370,
-0.0252181 0.5667186 0.0039370,
-0.0295927 0.5650937 0.0039370,
-0.0338634 0.5632124 0.0039370,
-0.0380151 0.5610815 0.0039370,
-0.0420333 0.5587083 0.0039370,
-0.0459039 0.5561013 0.0039370,
-0.0496132 0.5532696 0.0039370,
-0.0531483 0.5502231 0.0039370,
-0.0564966 0.5469725 0.0039370,
-0.0596466 0.5435293 0.0039370,
-0.0625870 0.5399055 0.0039370,
-0.0653075 0.5361139 0.0039370,
-0.0677987 0.5321678 0.0039370,
-0.0700517 0.5280810 0.0039370,
-0.0720587 0.5238680 0.0039370,
-0.0738126 0.5195434 0.0039370,
-0.0753072 0.5151226 0.0039370,
-0.0765372 0.5106209 0.0039370,
-0.0774985 0.5060544 0.0039370,
-0.0781875 0.5014388 0.0039370,
-0.0786019 0.4967906 0.0039370,
-0.0787402 0.4921260 0.0039370,
-0.0786019 0.4874614 0.0039370,
-0.0781875 0.4828131 0.0039370,
-0.0774985 0.4781976 0.0039370,
-0.0765372 0.4736310 0.0039370,
-0.0753072 0.4691294 0.0039370,
-0.0738126 0.4647085 0.0039370,
-0.0720587 0.4603840 0.0039370,
-0.0700517 0.4561709 0.0039370,
-0.0677987 0.4520842 0.0039370,
-0.0653075 0.4481380 0.0039370,
-0.0625870 0.4443464 0.0039370,
-0.0596466 0.4407227 0.0039370,
-0.0564966 0.4372794 0.0039370,
-0.0531483 0.4340289 0.0039370,
-0.0496132 0.4309824 0.0039370,
-0.0459039 0.4281506 0.0039370,
-0.0420333 0.4255436 0.0039370,
-0.0380151 0.4231705 0.0039370,
-0.0338634 0.4210395 0.0039370,
-0.0295927 0.4191583 0.0039370,
-0.0252181 0.4175334 0.0039370,
-0.0207549 0.4161704 0.0039370,
-0.0162188 0.4150743 0.0039370,
-0.0116257 0.4142488 0.0039370,
-0.0069918 0.4136969 0.0039370,
-0.0023333 0.4134204 0.0039370,
0.0023333 0.4134204 0.0039370,
0.0069918 0.4136969 0.0039370,
0.0116257 0.4142488 0.0039370,
0.0162188 0.4150743 0.0039370,
0.0207549 0.4161704 0.0039370,
0.0252181 0.4175334 0.0039370,
0.0295927 0.4191583 0.0039370,
0.0338634 0.4210395 0.0039370,
0.0380151 0.4231705 0.0039370,
0.0420333 0.4255436 0.0039370,
0.0459039 0.4281506 0.0039370,
0.0496132 0.4309824 0.0039370,
0.0531483 0.4340289 0.0039370,
0.0564966 0.4372794 0.0039370,
0.0596466 0.4407227 0.0039370,
0.0625870 0.4443464 0.0039370,
0.0653075 0.4481380 0.0039370,
0.0677987 0.4520842 0.0039370,
0.0700517 0.4561709 0.0039370,
0.0720587 0.4603840 0.0039370,
0.0738126 0.4647085 0.0039370,
0.0753072 0.4691294 0.0039370,
0.0765372 0.4736310 0.0039370,
0.0774985 0.4781976 0.0039370,
0.0781875 0.4828131 0.0039370,
0.0786019 0.4874614 0.0039370,
0.0787402 0.2952756 0.0039370,
0.0786019 0.2999402 0.0039370,
0.0781875 0.3045884 0.0039370,
0.0774985 0.3092040 0.0039370,
0.0765372 0.3137706 0.0039370,
0.0753072 0.3182722 0.0039370,
0.0738126 0.3226930 0.0039370,
0.0720587 0.3270176 0.0039370,
0.0700517 0.3312306 0.0039370,
0.0677987 0.3353174 0.0039370,
0.0653075 0.3392635 0.0039370,
0.0625870 0.3430551 0.0039370,
0.0596466 0.3466789 0.0039370,
0.0564966 0.3501221 0.0039370,
0.0531483 0.3533727 0.0039370,
0.0496132 0.3564192 0.0039370,
0.0459039 0.3592509 0.0039370,
0.0420333 0.3618580 0.0039370,
0.0380151 0.3642311 0.0039370,
0.0338634 0.3663620 0.0039370,
0.0295927 0.3682433 0.0039370,
0.0252181 0.3698682 0.0039370,
0.0207549 0.3712311 0.0039370,
0.0162188 0.3723273 0.0039370,
0.0116257 0.3731528 0.0039370,
0.0069918 0.3737047 0.0039370,
0.0023333 0.3739812 0.0039370,
-0.0023333 0.3739812 0.0039370,
-0.0069918 0.3737047 0.0039370,
-0.0116257 0.3731528 0.0039370,
-0.0162188 0.3723273 0.0039370,
-0.0207549 0.3712311 0.0039370,
-0.0252181 0.3698682 0.0039370,
-0.0295927 0.3682433 0.0039370,
-0.0338634 0.3663620 0.0039370,
-0.0380151 0.3642311 0.0039370,
-0.0420333 0.3618580 0.0039370,
-0.0459039 0.3592509 0.0039370,
-0.0496132 0.3564192 0.0039370,
-0.0531483 0.3533727 0.0039370,
-0.0564966 0.3501221 0.0039370,
-0.0596466 0.3466789 0.0039370,
-0.0625870 0.3430551 0.0039370,
-0.0653075 0.3392635 0.0039370,
-0.0677987 0.3353174 0.0039370,
-0.0700517 0.3312306 0.0039370,
-0.0720587 0.3270176 0.0039370,
-0.0738126 0.3226930 0.0039370,
-0.0753072 0.3182722 0.0039370,
-0.0765372 0.3137706 0.0039370,
-0.0774985 0.3092040 0.0039370,
-0.0781875 0.3045884 0.0039370,
-0.0786019 0.2999402 0.0039370,
-0.0787402 0.2952756 0.0039370,
-0.0786019 0.2906110 0.0039370,
-0.0781875 0.2859627 0.0039370,
-0.0774985 0.2813472 0.0039370,
-0.0765372 0.2767806 0.0039370,
-0.0753072 0.2722790 0.0039370,
-0.0738126 0.2678581 0.0039370,
-0.0720587 0.2635336 0.0039370,
-0.0700517 0.2593205 0.0039370,
-0.0677987 0.2552338 0.0039370,
-0.0653075 0.2512877 0.0039370,
-0.0625870 0.2474961 0.0039370,
-0.0596466 0.2438723 0.0039370,
-0.0564966 0.2404291 0.0039370,
-0.0531483 0.2371785 0.0039370,
-0.0496132 0.2341320 0.0039370,
-0.0459039 0.2313002 0.0039370,
-0.0420333 0.2286932 0.0039370,
-0.0380151 0.2263201 0.0039370,
-0.0338634 0.2241891 0.0039370,
-0.0295927 0.2223079 0.0039370,
-0.0252181 0.2206830 0.0039370,
-0.0207549 0.2193200 0.0039370,
-0.0162188 0.2182239 0.0039370,
-0.0116257 0.2173984 0.0039370,
-0.0069918 0.2168465 0.0039370,
-0.0023333 0.2165700 0.0039370,
0.0023333 0.2165700 0.0039370,
0.0069918 0.2168465 0.0039370,
0.0116257 0.2173984 0.0039370,
0.0162188 0.2182239 0.0039370,
0.0207549 0.2193200 0.0039370,
0.0252181 0.2206830 0.0039370,
0.0295927 0.2223079 0.0039370,
0.0338634 0.2241891 0.0039370,
0.0380151 0.2263201 0.0039370,
0.0420333 0.2286932 0.0039370,
0.0459039 0.2313002 0.0039370,
0.0496132 0.2341320 0.0039370,
0.0531483 0.2371785 0.0039370,
0.0564966 0.2404291 0.0039370,
0.0596466 0.2438723 0.0039370,
0.0625870 0.2474961 0.0039370,
0.0653075 0.2512877 0.0039370,
0.0677987 0.2552338 0.0039370,
0.0700517 0.2593205 0.0039370,
0.0720587 0.2635336 0.0039370,
0.0738126 0.2678581 0.0039370,
0.0753072 0.2722790 0.0039370,
0.0765372 0.2767806 0.0039370,
0.0774985 0.2813472 0.0039370,
0.0781875 0.2859627 0.0039370,
0.0786019 0.2906110 0.0039370,
0.1210808 -0.0515388 0.0039370,
0.0954903 0.0272013 0.0039370,
0.0948388 0.0294268 0.0039370,
0.0943195 0.0316867 0.0039370,
0.0939341 0.0339733 0.0039370,
0.0936840 0.0362786 0.0039370,
0.0935701 0.0385947 0.0039370,
0.0935927 0.0409134 0.0039370,
0.0937518 0.0432268 0.0039370,
0.0940469 0.0455268 0.0039370,
0.0944768 0.0478054 0.0039370,
0.0950401 0.0500548 0.0039370,
0.0957349 0.0522671 0.0039370,
0.0965587 0.0544347 0.0039370,
0.0975087 0.0565500 0.0039370,
0.0985815 0.0586057 0.0039370,
0.0997736 0.0605947 0.0039370,
0.1010807 0.0625101 0.0039370,
0.1024982 0.0643452 0.0039370,
0.1040214 0.0660936 0.0039370,
0.1056448 0.0677493 0.0039370,
0.1073629 0.0693066 0.0039370,
0.1091697 0.0707601 0.0039370,
0.1110590 0.0721046 0.0039370,
0.1130241 0.0733356 0.0039370,
0.1150583 0.0744488 0.0039370,
0.1171545 0.0754402 0.0039370,
0.1193054 0.0763066 0.0039370,
0.1215036 0.0770448 0.0039370,
0.1237415 0.0776523 0.0039370,
0.1260112 0.0781270 0.0039370,
0.1283049 0.0784672 0.0039370,
0.1306147 0.0786719 0.0039370,
0.1329326 0.0787402 0.0039370,
0.2165354 0.0787402 0.0039370,
0.2188246 0.0786735 0.0039370,
0.2211060 0.0784740 0.0039370,
0.2233720 0.0781420 0.0039370,
0.2256148 0.0776789 0.0039370,
0.2278269 0.0770862 0.0039370,
0.2300008 0.0763659 0.0039370,
0.2321291 0.0755203 0.0039370,
0.2342047 0.0745525 0.0039370,
0.2362205 0.0734656 0.0039370,
0.2381696 0.0722633 0.0039370,
0.2400456 0.0709497 0.0039370,
0.2418420 0.0695293 0.0039370,
0.2435528 0.0680068 0.0039370,
0.2451722 0.0663875 0.0039370,
0.2466947 0.0646767 0.0039370,
0.2481151 0.0628803 0.0039370,
0.2494287 0.0610043 0.0039370,
0.2506309 0.0590551 0.0039370,
0.2517178 0.0570393 0.0039370,
0.2526857 0.0549638 0.0039370,
0.2535312 0.0528354 0.0039370,
0.2542516 0.0506615 0.0039370,
0.2548443 0.0484494 0.0039370,
0.2553074 0.0462066 0.0039370,
0.2556393 0.0439407 0.0039370,
0.2558389 0.0416592 0.0039370,
0.2559055 0.0393701 0.0039370,
0.2559055 -0.0393701 0.0039370,
0.2558389 -0.0416592 0.0039370,
0.2556393 -0.0439407 0.0039370,
0.2553074 -0.0462066 0.0039370,
0.2548443 -0.0484494 0.0039370,
0.2542516 -0.0506615 0.0039370,
0.2535312 -0.0528354 0.0039370,
0.2526857 -0.0549638 0.0039370,
0.2517178 -0.0570393 0.0039370,
0.2506309 -0.0590551 0.0039370,
0.2494287 -0.0610043 0.0039370,
0.2481151 -0.0628803 0.0039370,
0.2466947 -0.0646767 0.0039370,
0.2451722 -0.0663875 0.0039370,
0.2435528 -0.0680068 0.0039370,
0.2418420 -0.0695293 0.0039370,
0.2400456 -0.0709497 0.0039370,
0.2381696 -0.0722633 0.0039370,
0.2362205 -0.0734656 0.0039370,
0.2342047 -0.0745525 0.0039370,
0.2321291 -0.0755203 0.0039370,
0.2300008 -0.0763659 0.0039370,
0.2278269 -0.0770862 0.0039370,
0.2256148 -0.0776789 0.0039370,
0.2233720 -0.0781420 0.0039370,
0.2211060 -0.0784740 0.0039370,
0.2188246 -0.0786735 0.0039370,
0.2165354 -0.0787402 0.0039370,
0.1585231 -0.0787402 0.0039370,
0.1561688 -0.0786697 0.0039370,
0.1538228 -0.0784586 0.0039370,
0.1514937 -0.0781075 0.0039370,
0.1491898 -0.0776178 0.0039370,
0.1469192 -0.0769913 0.0039370,
0.1446902 -0.0762300 0.0039370,
0.1425107 -0.0753368 0.0039370,
0.1403885 -0.0743149 0.0039370,
0.1383313 -0.0731679 0.0039370,
0.1363463 -0.0718999 0.0039370,
0.1344407 -0.0705155 0.0039370,
0.1326212 -0.0690196 0.0039370,
0.1308945 -0.0674176 0.0039370,
0.1292667 -0.0657152 0.0039370,
0.1277436 -0.0639185 0.0039370,
0.1263307 -0.0620339 0.0039370,
0.1250330 -0.0600683 0.0039370,
0.1238552 -0.0580285 0.0039370,
0.1228014 -0.0559219 0.0039370,
0.1218755 -0.0537561 0.0039370,
0.5118110 -0.0000000 0.0039370,
0.5119493 0.0046646 0.0039370,
0.5123637 0.0093128 0.0039370,
0.5130527 0.0139284 0.0039370,
0.5140139 0.0184950 0.0039370,
0.5152440 0.0229966 0.0039370,
0.5167386 0.0274175 0.0039370,
0.5184925 0.0317420 0.0039370,
0.5204994 0.0359551 0.0039370,
0.5227525 0.0400418 0.0039370,
0.5252436 0.0439879 0.0039370,
0.5279642 0.0477795 0.0039370,
0.5309046 0.0514033 0.0039370,
0.5340545 0.0548465 0.0039370,
0.5374029 0.0580971 0.0039370,
0.5409380 0.0611436 0.0039370,
0.5446473 0.0639753 0.0039370,
0.5485178 0.0665824 0.0039370,
0.5525360 0.0689555 0.0039370,
0.5566878 0.0710864 0.0039370,
0.5609585 0.0729677 0.0039370,
0.5653331 0.0745926 0.0039370,
0.5697963 0.0759556 0.0039370,
0.5743324 0.0770517 0.0039370,
0.5789255 0.0778772 0.0039370,
0.5835594 0.0784291 0.0039370,
0.5882178 0.0787056 0.0039370,
0.5928845 0.0787056 0.0039370,
0.5975430 0.0784291 0.0039370,
0.6021769 0.0778772 0.0039370,
0.6067700 0.0770517 0.0039370,
0.6113061 0.0759556 0.0039370,
0.6157693 0.0745926 0.0039370,
0.6201439 0.0729677 0.0039370,
0.6244146 0.0710864 0.0039370,
0.6285663 0.0689555 0.0039370,
0.6325845 0.0665824 0.0039370,
0.6364551 0.0639753 0.0039370,
0.6401644 0.0611436 0.0039370,
0.6436994 0.0580971 0.0039370,
0.6470478 0.0548465 0.0039370,
0.6501977 0.0514033 0.0039370,
0.6531381 0.0477795 0.0039370,
0.6558587 0.0439879 0.0039370,
0.6583499 0.0400418 0.0039370,
0.6606029 0.0359551 0.0039370,
0.6626099 0.0317420 0.0039370,
0.6643638 0.0274175 0.0039370,
0.6658583 0.0229966 0.0039370,
0.6670884 0.0184950 0.0039370,
0.6680497 0.0139284 0.0039370,
0.6687387 0.0093128 0.0039370,
0.6691530 0.0046646 0.0039370,
0.6692913 -0.0000000 0.0039370,
0.6691530 -0.0046646 0.0039370,
0.6687387 -0.0093128 0.0039370,
0.6680497 -0.0139284 0.0039370,
0.6670884 -0.0184950 0.0039370,
0.6658583 -0.0229966 0.0039370,
0.6643638 -0.0274175 0.0039370,
0.6626099 -0.0317420 0.0039370,
0.6606029 -0.0359551 0.0039370,
0.6583499 -0.0400418 0.0039370,
0.6558587 -0.0439879 0.0039370,
0.6531381 -0.0477795 0.0039370,
0.6501977 -0.0514033 0.0039370,
0.6470478 -0.0548465 0.0039370,
0.6436994 -0.0580971 0.0039370,
0.6401644 -0.0611436 0.0039370,
0.6364551 -0.0639753 0.0039370,
0.6325845 -0.0665824 0.0039370,
0.6285663 -0.0689555 0.0039370,
0.6244146 -0.0710864 0.0039370,
0.6201439 -0.0729677 0.0039370,
0.6157693 -0.0745926 0.0039370,
0.6113061 -0.0759556 0.0039370,
0.6067700 -0.0770517 0.0039370,
0.6021769 -0.0778772 0.0039370,
0.5975430 -0.0784291 0.0039370,
0.5928845 -0.0787056 0.0039370,
0.5882178 -0.0787056 0.0039370,
0.5835594 -0.0784291 0.0039370,
0.5789255 -0.0778772 0.0039370,
0.5743324 -0.0770517 0.0039370,
0.5697963 -0.0759556 0.0039370,
0.5653331 -0.0745926 0.0039370,
0.5609585 -0.0729677 0.0039370,
0.5566878 -0.0710864 0.0039370,
0.5525360 -0.0689555 0.0039370,
0.5485178 -0.0665824 0.0039370,
0.5446473 -0.0639753 0.0039370,
0.5409380 -0.0611436 0.0039370,
0.5374029 -0.0580971 0.0039370,
0.5340545 -0.0548465 0.0039370,
0.5309046 -0.0514033 0.0039370,
0.5279642 -0.0477795 0.0039370,
0.5252436 -0.0439879 0.0039370,
0.5227525 -0.0400418 0.0039370,
0.5204994 -0.0359551 0.0039370,
0.5184925 -0.0317420 0.0039370,
0.5167386 -0.0274175 0.0039370,
0.5152440 -0.0229966 0.0039370,
0.5140139 -0.0184950 0.0039370,
0.5130527 -0.0139284 0.0039370,
0.5123637 -0.0093128 0.0039370,
0.5119493 -0.0046646 0.0039370,
-0.2559055 0.0393701 0.0039370,
-0.2558389 0.0416592 0.0039370,
-0.2556393 0.0439407 0.0039370,
-0.2553074 0.0462066 0.0039370,
-0.2548443 0.0484494 0.0039370,
-0.2542516 0.0506615 0.0039370,
-0.2535312 0.0528354 0.0039370,
-0.2526857 0.0549638 0.0039370,
-0.2517178 0.0570393 0.0039370,
-0.2506309 0.0590551 0.0039370,
-0.2494287 0.0610043 0.0039370,
-0.2481151 0.0628803 0.0039370,
-0.2466947 0.0646767 0.0039370,
-0.2451722 0.0663875 0.0039370,
-0.2435528 0.0680068 0.0039370,
-0.2418420 0.0695293 0.0039370,
-0.2400456 0.0709497 0.0039370,
-0.2381696 0.0722633 0.0039370,
-0.2362205 0.0734656 0.0039370,
-0.2342047 0.0745525 0.0039370,
-0.2321291 0.0755203 0.0039370,
-0.2300008 0.0763659 0.0039370,
-0.2278269 0.0770862 0.0039370,
-0.2256148 0.0776789 0.0039370,
-0.2233720 0.0781420 0.0039370,
-0.2211060 0.0784740 0.0039370,
-0.2188246 0.0786735 0.0039370,
-0.2165354 0.0787402 0.0039370,
-0.2559055 -0.0393701 0.0039370,
-0.2165354 -0.0787402 0.0039370,
-0.2188246 -0.0786735 0.0039370,
-0.2211060 -0.0784740 0.0039370,
-0.2233720 -0.0781420 0.0039370,
-0.2256148 -0.0776789 0.0039370,
-0.2278269 -0.0770862 0.0039370,
-0.2300008 -0.0763659 0.0039370,
-0.2321291 -0.0755203 0.0039370,
-0.2342047 -0.0745525 0.0039370,
-0.2362205 -0.0734656 0.0039370,
-0.2381696 -0.0722633 0.0039370,
-0.2400456 -0.0709497 0.0039370,
-0.2418420 -0.0695293 0.0039370,
-0.2435528 -0.0680068 0.0039370,
-0.2451722 -0.0663875 0.0039370,
-0.2466947 -0.0646767 0.0039370,
-0.2481151 -0.0628803 0.0039370,
-0.2494287 -0.0610043 0.0039370,
-0.2506309 -0.0590551 0.0039370,
-0.2517178 -0.0570393 0.0039370,
-0.2526857 -0.0549638 0.0039370,
-0.2535312 -0.0528354 0.0039370,
-0.2542516 -0.0506615 0.0039370,
-0.2548443 -0.0484494 0.0039370,
-0.2553074 -0.0462066 0.0039370,
-0.2556393 -0.0439407 0.0039370,
-0.2558389 -0.0416592 0.0039370,
-0.1585231 -0.0787402 0.0039370,
-0.1210808 -0.0515388 0.0039370,
-0.1218755 -0.0537561 0.0039370,
-0.1228014 -0.0559219 0.0039370,
-0.1238552 -0.0580285 0.0039370,
-0.1250330 -0.0600683 0.0039370,
-0.1263307 -0.0620339 0.0039370,
-0.1277436 -0.0639185 0.0039370,
-0.1292667 -0.0657152 0.0039370,
-0.1308945 -0.0674176 0.0039370,
-0.1326212 -0.0690196 0.0039370,
-0.1344407 -0.0705155 0.0039370,
-0.1363463 -0.0718999 0.0039370,
-0.1383313 -0.0731679 0.0039370,
-0.1403885 -0.0743149 0.0039370,
-0.1425107 -0.0753368 0.0039370,
-0.1446902 -0.0762300 0.0039370,
-0.1469192 -0.0769913 0.0039370,
-0.1491898 -0.0776178 0.0039370,
-0.1514937 -0.0781075 0.0039370,
-0.1538228 -0.0784586 0.0039370,
-0.1561688 -0.0786697 0.0039370,
-0.0954903 0.0272013 0.0039370,
-0.0935625 0.0393701 0.0039370,
-0.0936165 0.0373091 0.0039370,
-0.0937783 0.0352538 0.0039370,
-0.0940474 0.0332098 0.0039370,
-0.0944232 0.0311827 0.0039370,
-0.0949046 0.0291781 0.0039370,
-0.1329326 0.0787402 0.0039370,
-0.1306434 0.0786735 0.0039370,
-0.1283620 0.0784740 0.0039370,
-0.1260960 0.0781420 0.0039370,
-0.1238532 0.0776789 0.0039370,
-0.1216411 0.0770862 0.0039370,
-0.1194672 0.0763659 0.0039370,
-0.1173389 0.0755203 0.0039370,
-0.1152633 0.0745525 0.0039370,
-0.1132475 0.0734656 0.0039370,
-0.1112983 0.0722633 0.0039370,
-0.1094224 0.0709497 0.0039370,
-0.1076260 0.0695293 0.0039370,
-0.1059152 0.0680068 0.0039370,
-0.1042958 0.0663875 0.0039370,
-0.1027733 0.0646767 0.0039370,
-0.1013529 0.0628803 0.0039370,
-0.1000393 0.0610043 0.0039370,
-0.0988371 0.0590551 0.0039370,
-0.0977502 0.0570393 0.0039370,
-0.0967823 0.0549638 0.0039370,
-0.0959368 0.0528354 0.0039370,
-0.0952164 0.0506615 0.0039370,
-0.0946237 0.0484494 0.0039370,
-0.0941606 0.0462066 0.0039370,
-0.0938287 0.0439407 0.0039370,
-0.0936291 0.0416592 0.0039370,
-0.4370079 -0.4625984 0.0118110,
-0.4370079 -0.4625984 0.0000000,
-0.6134803 -0.4625984 0.0000000,
-0.6507129 -0.4625984 0.0798456,
-0.6400085 -0.4625984 0.0848372,
-0.6059559 -0.4625984 0.0118110,
-0.6048233 -0.4625984 0.0118110,
-0.4370079 -0.6200787 0.0000000,
-0.6134803 -0.6200787 0.0000000,
-0.6507129 -0.6200787 0.0798456,
-0.6400085 -0.6200787 0.0848372,
-0.6059559 -0.6200787 0.0118110,
-0.6043307 -0.6200787 0.0118110,
-0.4370079 -0.6200787 0.0118110,
-0.4370079 -0.4625984 0.0118110,
-0.4370079 -0.6200787 0.0118110,
-0.4370079 -0.4625984 0.0000000,
-0.4370079 -0.6200787 0.0000000,
-0.6400085 -0.4625984 0.0848372,
-0.6400085 -0.6200787 0.0848372,
-0.6059559 -0.4625984 0.0118110,
-0.6059559 -0.6200787 0.0118110,
0.4370079 -0.4625984 0.0118110,
0.4370079 -0.4625984 0.0000000,
0.6048233 -0.4625984 0.0118110,
0.6059559 -0.4625984 0.0118110,
0.6400085 -0.4625984 0.0848372,
0.6507129 -0.4625984 0.0798456,
0.6134803 -0.4625984 0.0000000,
0.4370079 -0.4625984 0.0000000,
0.4370079 -0.6200787 0.0000000,
0.4370079 -0.4625984 0.0118110,
0.4370079 -0.6200787 0.0118110,
0.6043307 -0.6200787 0.0118110,
0.4370079 -0.6200787 0.0118110,
0.6059559 -0.6200787 0.0118110,
0.6400085 -0.6200787 0.0848372,
0.6507129 -0.6200787 0.0798456,
0.6134803 -0.6200787 0.0000000,
0.4370079 -0.6200787 0.0000000,
0.6059559 -0.4625984 0.0118110,
0.6059559 -0.6200787 0.0118110,
0.6400085 -0.4625984 0.0848372,
0.6400085 -0.6200787 0.0848372,
-0.4370079 -0.4625984 0.0000000,
-0.4370079 -0.6200787 0.0000000,
-0.6134803 -0.4625984 0.0000000,
-0.6134803 -0.6200787 0.0000000,
-0.6134803 -0.4625984 0.0000000,
-0.6134803 -0.6200787 0.0000000,
-0.6507129 -0.4625984 0.0798456,
-0.6507129 -0.6200787 0.0798456,
-0.6507129 -0.4625984 0.0798456,
-0.6507129 -0.6200787 0.0798456,
-0.6400085 -0.4625984 0.0848372,
-0.6400085 -0.6200787 0.0848372,
0.6400085 -0.4625984 0.0848372,
0.6400085 -0.6200787 0.0848372,
0.6507129 -0.4625984 0.0798456,
0.6507129 -0.6200787 0.0798456,
0.6507129 -0.4625984 0.0798456,
0.6507129 -0.6200787 0.0798456,
0.6134803 -0.4625984 0.0000000,
0.6134803 -0.6200787 0.0000000,
0.6134803 -0.4625984 0.0000000,
0.6134803 -0.6200787 0.0000000,
0.4370079 -0.4625984 0.0000000,
0.4370079 -0.6200787 0.0000000,
] } coordIndex [
55,2,3,-1,
56,55,3,-1,
56,3,4,-1,
57,56,4,-1,
57,4,5,-1,
58,57,5,-1,
58,5,6,-1,
59,58,6,-1,
59,6,7,-1,
60,59,7,-1,
60,7,8,-1,
61,60,8,-1,
61,8,9,-1,
62,61,9,-1,
62,9,10,-1,
63,62,10,-1,
63,10,11,-1,
64,63,11,-1,
64,11,12,-1,
65,64,12,-1,
65,12,13,-1,
66,65,13,-1,
66,13,14,-1,
67,66,14,-1,
67,14,15,-1,
68,67,15,-1,
68,15,16,-1,
69,68,16,-1,
70,69,17,-1,
69,16,17,-1,
71,70,18,-1,
70,17,18,-1,
72,71,19,-1,
71,18,19,-1,
73,72,20,-1,
72,19,20,-1,
74,73,21,-1,
73,20,21,-1,
75,74,22,-1,
74,21,22,-1,
76,75,23,-1,
75,22,23,-1,
77,76,24,-1,
76,23,24,-1,
77,24,25,-1,
78,77,25,-1,
78,25,26,-1,
79,78,26,-1,
79,26,27,-1,
80,79,27,-1,
80,27,28,-1,
81,80,28,-1,
81,28,29,-1,
82,81,29,-1,
82,29,30,-1,
83,82,30,-1,
83,30,31,-1,
84,83,31,-1,
84,31,32,-1,
85,84,32,-1,
85,32,33,-1,
86,85,33,-1,
86,33,34,-1,
87,86,34,-1,
87,34,35,-1,
88,87,35,-1,
88,35,36,-1,
89,88,36,-1,
89,36,37,-1,
90,89,37,-1,
90,37,38,-1,
91,90,38,-1,
91,38,39,-1,
92,91,39,-1,
92,39,40,-1,
93,92,40,-1,
93,40,41,-1,
94,93,41,-1,
94,41,42,-1,
95,94,42,-1,
95,42,43,-1,
96,95,43,-1,
96,43,44,-1,
97,96,44,-1,
97,44,45,-1,
98,97,45,-1,
98,45,46,-1,
99,98,46,-1,
99,46,47,-1,
100,99,47,-1,
101,100,48,-1,
100,47,48,-1,
102,101,49,-1,
101,48,49,-1,
102,49,50,-1,
103,102,50,-1,
104,103,51,-1,
103,50,51,-1,
105,104,52,-1,
104,51,52,-1,
106,105,53,-1,
105,52,53,-1,
107,106,54,-1,
106,53,54,-1,
107,54,1,-1,
0,107,1,-1,
215,163,161,-1,
163,162,161,-1,
214,215,160,-1,
215,161,160,-1,
213,214,159,-1,
214,160,159,-1,
212,213,158,-1,
213,159,158,-1,
211,212,157,-1,
212,158,157,-1,
210,211,156,-1,
211,157,156,-1,
209,210,155,-1,
210,156,155,-1,
208,209,154,-1,
209,155,154,-1,
208,154,153,-1,
207,208,153,-1,
207,153,152,-1,
206,207,152,-1,
206,152,151,-1,
205,206,151,-1,
205,151,150,-1,
204,205,150,-1,
204,150,149,-1,
203,204,149,-1,
203,149,148,-1,
202,203,148,-1,
202,148,147,-1,
201,202,147,-1,
201,147,146,-1,
200,201,146,-1,
200,146,145,-1,
199,200,145,-1,
199,145,144,-1,
198,199,144,-1,
197,198,143,-1,
198,144,143,-1,
196,197,142,-1,
197,143,142,-1,
195,196,141,-1,
196,142,141,-1,
194,195,140,-1,
195,141,140,-1,
194,140,139,-1,
193,194,139,-1,
193,139,138,-1,
192,193,138,-1,
192,138,137,-1,
191,192,137,-1,
191,137,136,-1,
190,191,136,-1,
190,136,135,-1,
189,190,135,-1,
189,135,134,-1,
188,189,134,-1,
188,134,133,-1,
187,188,133,-1,
187,133,132,-1,
186,187,132,-1,
186,132,131,-1,
185,186,131,-1,
185,131,130,-1,
184,185,130,-1,
184,130,129,-1,
183,184,129,-1,
183,129,128,-1,
182,183,128,-1,
182,128,127,-1,
181,182,127,-1,
181,127,126,-1,
180,181,126,-1,
180,126,125,-1,
179,180,125,-1,
179,125,124,-1,
178,179,124,-1,
177,178,123,-1,
178,124,123,-1,
176,177,122,-1,
177,123,122,-1,
175,176,121,-1,
176,122,121,-1,
174,175,120,-1,
175,121,120,-1,
173,174,119,-1,
174,120,119,-1,
172,173,118,-1,
173,119,118,-1,
171,172,117,-1,
172,118,117,-1,
170,171,116,-1,
171,117,116,-1,
170,116,115,-1,
169,170,115,-1,
169,115,114,-1,
168,169,114,-1,
168,114,113,-1,
167,168,113,-1,
167,113,112,-1,
166,167,112,-1,
166,112,111,-1,
165,166,111,-1,
165,111,110,-1,
164,165,110,-1,
164,110,109,-1,
108,164,109,-1,
323,271,269,-1,
271,270,269,-1,
322,323,268,-1,
323,269,268,-1,
321,322,267,-1,
322,268,267,-1,
320,321,266,-1,
321,267,266,-1,
319,320,265,-1,
320,266,265,-1,
318,319,264,-1,
319,265,264,-1,
317,318,263,-1,
318,264,263,-1,
316,317,262,-1,
317,263,262,-1,
316,262,261,-1,
315,316,261,-1,
315,261,260,-1,
314,315,260,-1,
314,260,259,-1,
313,314,259,-1,
313,259,258,-1,
312,313,258,-1,
312,258,257,-1,
311,312,257,-1,
311,257,256,-1,
310,311,256,-1,
310,256,255,-1,
309,310,255,-1,
309,255,254,-1,
308,309,254,-1,
308,254,253,-1,
307,308,253,-1,
307,253,252,-1,
306,307,252,-1,
305,306,251,-1,
306,252,251,-1,
304,305,250,-1,
305,251,250,-1,
303,304,249,-1,
304,250,249,-1,
302,303,248,-1,
303,249,248,-1,
302,248,247,-1,
301,302,247,-1,
301,247,246,-1,
300,301,246,-1,
300,246,245,-1,
299,300,245,-1,
299,245,244,-1,
298,299,244,-1,
298,244,243,-1,
297,298,243,-1,
297,243,242,-1,
296,297,242,-1,
296,242,241,-1,
295,296,241,-1,
295,241,240,-1,
294,295,240,-1,
294,240,239,-1,
293,294,239,-1,
293,239,238,-1,
292,293,238,-1,
292,238,237,-1,
291,292,237,-1,
291,237,236,-1,
290,291,236,-1,
290,236,235,-1,
289,290,235,-1,
289,235,234,-1,
288,289,234,-1,
288,234,233,-1,
287,288,233,-1,
287,233,232,-1,
286,287,232,-1,
285,286,231,-1,
286,232,231,-1,
284,285,230,-1,
285,231,230,-1,
283,284,229,-1,
284,230,229,-1,
282,283,228,-1,
283,229,228,-1,
281,282,227,-1,
282,228,227,-1,
280,281,226,-1,
281,227,226,-1,
279,280,225,-1,
280,226,225,-1,
278,279,224,-1,
279,225,224,-1,
278,224,223,-1,
277,278,223,-1,
277,223,222,-1,
276,277,222,-1,
276,222,221,-1,
275,276,221,-1,
275,221,220,-1,
274,275,220,-1,
274,220,219,-1,
273,274,219,-1,
273,219,218,-1,
272,273,218,-1,
272,218,217,-1,
216,272,217,-1,
431,379,377,-1,
379,378,377,-1,
430,431,376,-1,
431,377,376,-1,
429,430,375,-1,
430,376,375,-1,
428,429,374,-1,
429,375,374,-1,
427,428,373,-1,
428,374,373,-1,
426,427,372,-1,
427,373,372,-1,
425,426,371,-1,
426,372,371,-1,
424,425,370,-1,
425,371,370,-1,
424,370,369,-1,
423,424,369,-1,
423,369,368,-1,
422,423,368,-1,
422,368,367,-1,
421,422,367,-1,
421,367,366,-1,
420,421,366,-1,
420,366,365,-1,
419,420,365,-1,
419,365,364,-1,
418,419,364,-1,
418,364,363,-1,
417,418,363,-1,
417,363,362,-1,
416,417,362,-1,
416,362,361,-1,
415,416,361,-1,
415,361,360,-1,
414,415,360,-1,
413,414,359,-1,
414,360,359,-1,
412,413,358,-1,
413,359,358,-1,
411,412,357,-1,
412,358,357,-1,
410,411,356,-1,
411,357,356,-1,
410,356,355,-1,
409,410,355,-1,
409,355,354,-1,
408,409,354,-1,
408,354,353,-1,
407,408,353,-1,
407,353,352,-1,
406,407,352,-1,
406,352,351,-1,
405,406,351,-1,
405,351,350,-1,
404,405,350,-1,
404,350,349,-1,
403,404,349,-1,
403,349,348,-1,
402,403,348,-1,
402,348,347,-1,
401,402,347,-1,
401,347,346,-1,
400,401,346,-1,
400,346,345,-1,
399,400,345,-1,
399,345,344,-1,
398,399,344,-1,
398,344,343,-1,
397,398,343,-1,
397,343,342,-1,
396,397,342,-1,
396,342,341,-1,
395,396,341,-1,
395,341,340,-1,
394,395,340,-1,
393,394,339,-1,
394,340,339,-1,
392,393,338,-1,
393,339,338,-1,
391,392,337,-1,
392,338,337,-1,
390,391,336,-1,
391,337,336,-1,
389,390,335,-1,
390,336,335,-1,
388,389,334,-1,
389,335,334,-1,
387,388,333,-1,
388,334,333,-1,
386,387,332,-1,
387,333,332,-1,
386,332,331,-1,
385,386,331,-1,
385,331,330,-1,
384,385,330,-1,
384,330,329,-1,
383,384,329,-1,
383,329,328,-1,
382,383,328,-1,
382,328,327,-1,
381,382,327,-1,
381,327,326,-1,
380,381,326,-1,
380,326,325,-1,
324,380,325,-1,
539,487,485,-1,
487,486,485,-1,
538,539,484,-1,
539,485,484,-1,
537,538,483,-1,
538,484,483,-1,
536,537,482,-1,
537,483,482,-1,
535,536,481,-1,
536,482,481,-1,
534,535,480,-1,
535,481,480,-1,
533,534,479,-1,
534,480,479,-1,
532,533,478,-1,
533,479,478,-1,
532,478,477,-1,
531,532,477,-1,
531,477,476,-1,
530,531,476,-1,
530,476,475,-1,
529,530,475,-1,
529,475,474,-1,
528,529,474,-1,
528,474,473,-1,
527,528,473,-1,
527,473,472,-1,
526,527,472,-1,
526,472,471,-1,
525,526,471,-1,
525,471,470,-1,
524,525,470,-1,
524,470,469,-1,
523,524,469,-1,
523,469,468,-1,
522,523,468,-1,
521,522,467,-1,
522,468,467,-1,
520,521,466,-1,
521,467,466,-1,
519,520,465,-1,
520,466,465,-1,
518,519,464,-1,
519,465,464,-1,
518,464,463,-1,
517,518,463,-1,
517,463,462,-1,
516,517,462,-1,
516,462,461,-1,
515,516,461,-1,
515,461,460,-1,
514,515,460,-1,
514,460,459,-1,
513,514,459,-1,
513,459,458,-1,
512,513,458,-1,
512,458,457,-1,
511,512,457,-1,
511,457,456,-1,
510,511,456,-1,
510,456,455,-1,
509,510,455,-1,
509,455,454,-1,
508,509,454,-1,
508,454,453,-1,
507,508,453,-1,
507,453,452,-1,
506,507,452,-1,
506,452,451,-1,
505,506,451,-1,
505,451,450,-1,
504,505,450,-1,
504,450,449,-1,
503,504,449,-1,
503,449,448,-1,
502,503,448,-1,
501,502,447,-1,
502,448,447,-1,
500,501,446,-1,
501,447,446,-1,
499,500,445,-1,
500,446,445,-1,
498,499,444,-1,
499,445,444,-1,
497,498,443,-1,
498,444,443,-1,
496,497,442,-1,
497,443,442,-1,
495,496,441,-1,
496,442,441,-1,
494,495,440,-1,
495,441,440,-1,
494,440,439,-1,
493,494,439,-1,
493,439,438,-1,
492,493,438,-1,
492,438,437,-1,
491,492,437,-1,
491,437,436,-1,
490,491,436,-1,
490,436,435,-1,
489,490,435,-1,
489,435,434,-1,
488,489,434,-1,
488,434,433,-1,
432,488,433,-1,
647,595,593,-1,
595,594,593,-1,
646,647,592,-1,
647,593,592,-1,
645,646,591,-1,
646,592,591,-1,
644,645,590,-1,
645,591,590,-1,
643,644,589,-1,
644,590,589,-1,
642,643,588,-1,
643,589,588,-1,
641,642,587,-1,
642,588,587,-1,
640,641,586,-1,
641,587,586,-1,
640,586,585,-1,
639,640,585,-1,
639,585,584,-1,
638,639,584,-1,
638,584,583,-1,
637,638,583,-1,
637,583,582,-1,
636,637,582,-1,
636,582,581,-1,
635,636,581,-1,
635,581,580,-1,
634,635,580,-1,
634,580,579,-1,
633,634,579,-1,
633,579,578,-1,
632,633,578,-1,
632,578,577,-1,
631,632,577,-1,
631,577,576,-1,
630,631,576,-1,
629,630,575,-1,
630,576,575,-1,
628,629,574,-1,
629,575,574,-1,
627,628,573,-1,
628,574,573,-1,
626,627,572,-1,
627,573,572,-1,
626,572,571,-1,
625,626,571,-1,
625,571,570,-1,
624,625,570,-1,
624,570,569,-1,
623,624,569,-1,
623,569,568,-1,
622,623,568,-1,
622,568,567,-1,
621,622,567,-1,
621,567,566,-1,
620,621,566,-1,
620,566,565,-1,
619,620,565,-1,
619,565,564,-1,
618,619,564,-1,
618,564,563,-1,
617,618,563,-1,
617,563,562,-1,
616,617,562,-1,
616,562,561,-1,
615,616,561,-1,
615,561,560,-1,
614,615,560,-1,
614,560,559,-1,
613,614,559,-1,
613,559,558,-1,
612,613,558,-1,
612,558,557,-1,
611,612,557,-1,
611,557,556,-1,
610,611,556,-1,
609,610,555,-1,
610,556,555,-1,
608,609,554,-1,
609,555,554,-1,
607,608,553,-1,
608,554,553,-1,
606,607,552,-1,
607,553,552,-1,
605,606,551,-1,
606,552,551,-1,
604,605,550,-1,
605,551,550,-1,
603,604,549,-1,
604,550,549,-1,
602,603,548,-1,
603,549,548,-1,
602,548,547,-1,
601,602,547,-1,
601,547,546,-1,
600,601,546,-1,
600,546,545,-1,
599,600,545,-1,
599,545,544,-1,
598,599,544,-1,
598,544,543,-1,
597,598,543,-1,
597,543,542,-1,
596,597,542,-1,
596,542,541,-1,
540,596,541,-1,
755,703,701,-1,
703,702,701,-1,
754,755,700,-1,
755,701,700,-1,
753,754,699,-1,
754,700,699,-1,
752,753,698,-1,
753,699,698,-1,
751,752,697,-1,
752,698,697,-1,
750,751,696,-1,
751,697,696,-1,
749,750,695,-1,
750,696,695,-1,
748,749,694,-1,
749,695,694,-1,
748,694,693,-1,
747,748,693,-1,
747,693,692,-1,
746,747,692,-1,
746,692,691,-1,
745,746,691,-1,
745,691,690,-1,
744,745,690,-1,
744,690,689,-1,
743,744,689,-1,
743,689,688,-1,
742,743,688,-1,
742,688,687,-1,
741,742,687,-1,
741,687,686,-1,
740,741,686,-1,
740,686,685,-1,
739,740,685,-1,
739,685,684,-1,
738,739,684,-1,
737,738,683,-1,
738,684,683,-1,
736,737,682,-1,
737,683,682,-1,
735,736,681,-1,
736,682,681,-1,
734,735,680,-1,
735,681,680,-1,
734,680,679,-1,
733,734,679,-1,
733,679,678,-1,
732,733,678,-1,
732,678,677,-1,
731,732,677,-1,
731,677,676,-1,
730,731,676,-1,
730,676,675,-1,
729,730,675,-1,
729,675,674,-1,
728,729,674,-1,
728,674,673,-1,
727,728,673,-1,
727,673,672,-1,
726,727,672,-1,
726,672,671,-1,
725,726,671,-1,
725,671,670,-1,
724,725,670,-1,
724,670,669,-1,
723,724,669,-1,
723,669,668,-1,
722,723,668,-1,
722,668,667,-1,
721,722,667,-1,
721,667,666,-1,
720,721,666,-1,
720,666,665,-1,
719,720,665,-1,
719,665,664,-1,
718,719,664,-1,
717,718,663,-1,
718,664,663,-1,
716,717,662,-1,
717,663,662,-1,
715,716,661,-1,
716,662,661,-1,
714,715,660,-1,
715,661,660,-1,
713,714,659,-1,
714,660,659,-1,
712,713,658,-1,
713,659,658,-1,
711,712,657,-1,
712,658,657,-1,
710,711,656,-1,
711,657,656,-1,
710,656,655,-1,
709,710,655,-1,
709,655,654,-1,
708,709,654,-1,
708,654,653,-1,
707,708,653,-1,
707,653,652,-1,
706,707,652,-1,
706,652,651,-1,
705,706,651,-1,
705,651,650,-1,
704,705,650,-1,
704,650,649,-1,
648,704,649,-1,
863,811,809,-1,
811,810,809,-1,
862,863,808,-1,
863,809,808,-1,
861,862,807,-1,
862,808,807,-1,
860,861,806,-1,
861,807,806,-1,
859,860,805,-1,
860,806,805,-1,
858,859,804,-1,
859,805,804,-1,
857,858,803,-1,
858,804,803,-1,
856,857,802,-1,
857,803,802,-1,
856,802,801,-1,
855,856,801,-1,
855,801,800,-1,
854,855,800,-1,
854,800,799,-1,
853,854,799,-1,
853,799,798,-1,
852,853,798,-1,
852,798,797,-1,
851,852,797,-1,
851,797,796,-1,
850,851,796,-1,
850,796,795,-1,
849,850,795,-1,
849,795,794,-1,
848,849,794,-1,
848,794,793,-1,
847,848,793,-1,
847,793,792,-1,
846,847,792,-1,
845,846,791,-1,
846,792,791,-1,
844,845,790,-1,
845,791,790,-1,
843,844,789,-1,
844,790,789,-1,
842,843,788,-1,
843,789,788,-1,
842,788,787,-1,
841,842,787,-1,
841,787,786,-1,
840,841,786,-1,
840,786,785,-1,
839,840,785,-1,
839,785,784,-1,
838,839,784,-1,
838,784,783,-1,
837,838,783,-1,
837,783,782,-1,
836,837,782,-1,
836,782,781,-1,
835,836,781,-1,
835,781,780,-1,
834,835,780,-1,
834,780,779,-1,
833,834,779,-1,
833,779,778,-1,
832,833,778,-1,
832,778,777,-1,
831,832,777,-1,
831,777,776,-1,
830,831,776,-1,
830,776,775,-1,
829,830,775,-1,
829,775,774,-1,
828,829,774,-1,
828,774,773,-1,
827,828,773,-1,
827,773,772,-1,
826,827,772,-1,
825,826,771,-1,
826,772,771,-1,
824,825,770,-1,
825,771,770,-1,
823,824,769,-1,
824,770,769,-1,
822,823,768,-1,
823,769,768,-1,
821,822,767,-1,
822,768,767,-1,
820,821,766,-1,
821,767,766,-1,
819,820,765,-1,
820,766,765,-1,
818,819,764,-1,
819,765,764,-1,
818,764,763,-1,
817,818,763,-1,
817,763,762,-1,
816,817,762,-1,
816,762,761,-1,
815,816,761,-1,
815,761,760,-1,
814,815,760,-1,
814,760,759,-1,
813,814,759,-1,
813,759,758,-1,
812,813,758,-1,
812,758,757,-1,
756,812,757,-1,
971,919,917,-1,
919,918,917,-1,
970,971,916,-1,
971,917,916,-1,
969,970,915,-1,
970,916,915,-1,
968,969,914,-1,
969,915,914,-1,
967,968,913,-1,
968,914,913,-1,
966,967,912,-1,
967,913,912,-1,
965,966,911,-1,
966,912,911,-1,
964,965,910,-1,
965,911,910,-1,
964,910,909,-1,
963,964,909,-1,
963,909,908,-1,
962,963,908,-1,
962,908,907,-1,
961,962,907,-1,
961,907,906,-1,
960,961,906,-1,
960,906,905,-1,
959,960,905,-1,
959,905,904,-1,
958,959,904,-1,
958,904,903,-1,
957,958,903,-1,
957,903,902,-1,
956,957,902,-1,
956,902,901,-1,
955,956,901,-1,
955,901,900,-1,
954,955,900,-1,
953,954,899,-1,
954,900,899,-1,
952,953,898,-1,
953,899,898,-1,
951,952,897,-1,
952,898,897,-1,
950,951,896,-1,
951,897,896,-1,
950,896,895,-1,
949,950,895,-1,
949,895,894,-1,
948,949,894,-1,
948,894,893,-1,
947,948,893,-1,
947,893,892,-1,
946,947,892,-1,
946,892,891,-1,
945,946,891,-1,
945,891,890,-1,
944,945,890,-1,
944,890,889,-1,
943,944,889,-1,
943,889,888,-1,
942,943,888,-1,
942,888,887,-1,
941,942,887,-1,
941,887,886,-1,
940,941,886,-1,
940,886,885,-1,
939,940,885,-1,
939,885,884,-1,
938,939,884,-1,
938,884,883,-1,
937,938,883,-1,
937,883,882,-1,
936,937,882,-1,
936,882,881,-1,
935,936,881,-1,
935,881,880,-1,
934,935,880,-1,
933,934,879,-1,
934,880,879,-1,
932,933,878,-1,
933,879,878,-1,
931,932,877,-1,
932,878,877,-1,
930,931,876,-1,
931,877,876,-1,
929,930,875,-1,
930,876,875,-1,
928,929,874,-1,
929,875,874,-1,
927,928,873,-1,
928,874,873,-1,
926,927,872,-1,
927,873,872,-1,
926,872,871,-1,
925,926,871,-1,
925,871,870,-1,
924,925,870,-1,
924,870,869,-1,
923,924,869,-1,
923,869,868,-1,
922,923,868,-1,
922,868,867,-1,
921,922,867,-1,
921,867,866,-1,
920,921,866,-1,
920,866,865,-1,
864,920,865,-1,
977,974,975,-1,
977,975,976,-1,
977,976,972,-1,
972,973,978,-1,
972,978,977,-1,
979,980,982,-1,
981,979,982,-1,
983,984,986,-1,
985,983,986,-1,
987,988,989,-1,
988,990,989,-1,
991,992,993,-1,
992,994,993,-1,
995,996,998,-1,
997,995,998,-1,
1002,1003,1004,-1,
1005,1001,1002,-1,
1005,1002,1004,-1,
1000,999,1001,-1,
1000,1001,1005,-1,
1010,1009,1008,-1,
1008,1006,1011,-1,
1010,1008,1011,-1,
1006,1007,1012,-1,
1011,1006,1012,-1,
1014,1019,1016,-1,
1016,1017,1013,-1,
1017,1018,1013,-1,
1014,1016,1013,-1,
1013,1018,1015,-1,
1022,1021,1020,-1,
1023,1022,1020,-1,
1024,1025,1027,-1,
1026,1024,1027,-1,
1030,1028,1029,-1,
1031,1030,1029,-1,
1032,1033,1035,-1,
1034,1032,1035,-1,
1036,1037,1038,-1,
1037,1039,1038,-1,
1040,1046,1045,-1,
1043,1042,1044,-1,
1045,1044,1041,-1,
1040,1045,1041,-1,
1044,1042,1041,-1,
1053,1047,1048,-1,
1052,1050,1051,-1,
1049,1052,1053,-1,
1049,1053,1048,-1,
1049,1050,1052,-1,
1161,1108,1106,-1,
1108,1107,1106,-1,
1160,1161,1105,-1,
1161,1106,1105,-1,
1159,1160,1104,-1,
1160,1105,1104,-1,
1158,1159,1103,-1,
1159,1104,1103,-1,
1157,1158,1102,-1,
1158,1103,1102,-1,
1156,1157,1101,-1,
1157,1102,1101,-1,
1155,1156,1100,-1,
1156,1101,1100,-1,
1155,1100,1099,-1,
1154,1155,1099,-1,
1154,1099,1098,-1,
1153,1154,1098,-1,
1153,1098,1097,-1,
1152,1153,1097,-1,
1152,1097,1096,-1,
1151,1152,1096,-1,
1151,1096,1095,-1,
1150,1151,1095,-1,
1150,1095,1094,-1,
1149,1150,1094,-1,
1149,1094,1093,-1,
1148,1149,1093,-1,
1148,1093,1092,-1,
1147,1148,1092,-1,
1147,1092,1091,-1,
1146,1147,1091,-1,
1146,1091,1090,-1,
1145,1146,1090,-1,
1145,1090,1089,-1,
1144,1145,1089,-1,
1143,1144,1088,-1,
1144,1089,1088,-1,
1143,1088,1087,-1,
1142,1143,1087,-1,
1141,1142,1086,-1,
1142,1087,1086,-1,
1140,1141,1085,-1,
1141,1086,1085,-1,
1140,1085,1084,-1,
1139,1140,1084,-1,
1139,1084,1083,-1,
1138,1139,1083,-1,
1138,1083,1082,-1,
1137,1138,1082,-1,
1137,1082,1081,-1,
1136,1137,1081,-1,
1136,1081,1080,-1,
1135,1136,1080,-1,
1135,1080,1079,-1,
1134,1135,1079,-1,
1134,1079,1078,-1,
1133,1134,1078,-1,
1133,1078,1077,-1,
1132,1133,1077,-1,
1132,1077,1076,-1,
1131,1132,1076,-1,
1131,1076,1075,-1,
1130,1131,1075,-1,
1130,1075,1074,-1,
1129,1130,1074,-1,
1129,1074,1073,-1,
1128,1129,1073,-1,
1128,1073,1072,-1,
1127,1128,1072,-1,
1127,1072,1071,-1,
1126,1127,1071,-1,
1126,1071,1070,-1,
1125,1126,1070,-1,
1125,1070,1069,-1,
1124,1125,1069,-1,
1123,1124,1068,-1,
1124,1069,1068,-1,
1122,1123,1067,-1,
1123,1068,1067,-1,
1121,1122,1066,-1,
1122,1067,1066,-1,
1120,1121,1065,-1,
1121,1066,1065,-1,
1119,1120,1064,-1,
1120,1065,1064,-1,
1118,1119,1063,-1,
1119,1064,1063,-1,
1117,1118,1062,-1,
1118,1063,1062,-1,
1116,1117,1061,-1,
1117,1062,1061,-1,
1116,1061,1060,-1,
1115,1116,1060,-1,
1115,1060,1059,-1,
1114,1115,1059,-1,
1114,1059,1058,-1,
1113,1114,1058,-1,
1113,1058,1057,-1,
1112,1113,1057,-1,
1112,1057,1056,-1,
1111,1112,1056,-1,
1111,1056,1055,-1,
1110,1111,1055,-1,
1110,1055,1054,-1,
1109,1110,1054,-1,
1269,1216,1214,-1,
1216,1215,1214,-1,
1268,1269,1213,-1,
1269,1214,1213,-1,
1267,1268,1212,-1,
1268,1213,1212,-1,
1266,1267,1211,-1,
1267,1212,1211,-1,
1265,1266,1210,-1,
1266,1211,1210,-1,
1264,1265,1209,-1,
1265,1210,1209,-1,
1263,1264,1208,-1,
1264,1209,1208,-1,
1263,1208,1207,-1,
1262,1263,1207,-1,
1262,1207,1206,-1,
1261,1262,1206,-1,
1261,1206,1205,-1,
1260,1261,1205,-1,
1260,1205,1204,-1,
1259,1260,1204,-1,
1259,1204,1203,-1,
1258,1259,1203,-1,
1258,1203,1202,-1,
1257,1258,1202,-1,
1257,1202,1201,-1,
1256,1257,1201,-1,
1256,1201,1200,-1,
1255,1256,1200,-1,
1255,1200,1199,-1,
1254,1255,1199,-1,
1254,1199,1198,-1,
1253,1254,1198,-1,
1253,1198,1197,-1,
1252,1253,1197,-1,
1251,1252,1196,-1,
1252,1197,1196,-1,
1251,1196,1195,-1,
1250,1251,1195,-1,
1249,1250,1194,-1,
1250,1195,1194,-1,
1248,1249,1193,-1,
1249,1194,1193,-1,
1248,1193,1192,-1,
1247,1248,1192,-1,
1247,1192,1191,-1,
1246,1247,1191,-1,
1246,1191,1190,-1,
1245,1246,1190,-1,
1245,1190,1189,-1,
1244,1245,1189,-1,
1244,1189,1188,-1,
1243,1244,1188,-1,
1243,1188,1187,-1,
1242,1243,1187,-1,
1242,1187,1186,-1,
1241,1242,1186,-1,
1241,1186,1185,-1,
1240,1241,1185,-1,
1240,1185,1184,-1,
1239,1240,1184,-1,
1239,1184,1183,-1,
1238,1239,1183,-1,
1238,1183,1182,-1,
1237,1238,1182,-1,
1237,1182,1181,-1,
1236,1237,1181,-1,
1236,1181,1180,-1,
1235,1236,1180,-1,
1235,1180,1179,-1,
1234,1235,1179,-1,
1234,1179,1178,-1,
1233,1234,1178,-1,
1233,1178,1177,-1,
1232,1233,1177,-1,
1231,1232,1176,-1,
1232,1177,1176,-1,
1230,1231,1175,-1,
1231,1176,1175,-1,
1229,1230,1174,-1,
1230,1175,1174,-1,
1228,1229,1173,-1,
1229,1174,1173,-1,
1227,1228,1172,-1,
1228,1173,1172,-1,
1226,1227,1171,-1,
1227,1172,1171,-1,
1225,1226,1170,-1,
1226,1171,1170,-1,
1224,1225,1169,-1,
1225,1170,1169,-1,
1224,1169,1168,-1,
1223,1224,1168,-1,
1223,1168,1167,-1,
1222,1223,1167,-1,
1222,1167,1166,-1,
1221,1222,1166,-1,
1221,1166,1165,-1,
1220,1221,1165,-1,
1220,1165,1164,-1,
1219,1220,1164,-1,
1219,1164,1163,-1,
1218,1219,1163,-1,
1218,1163,1162,-1,
1217,1218,1162,-1,
1377,1324,1322,-1,
1324,1323,1322,-1,
1376,1377,1321,-1,
1377,1322,1321,-1,
1375,1376,1320,-1,
1376,1321,1320,-1,
1374,1375,1319,-1,
1375,1320,1319,-1,
1373,1374,1318,-1,
1374,1319,1318,-1,
1372,1373,1317,-1,
1373,1318,1317,-1,
1371,1372,1316,-1,
1372,1317,1316,-1,
1371,1316,1315,-1,
1370,1371,1315,-1,
1370,1315,1314,-1,
1369,1370,1314,-1,
1369,1314,1313,-1,
1368,1369,1313,-1,
1368,1313,1312,-1,
1367,1368,1312,-1,
1367,1312,1311,-1,
1366,1367,1311,-1,
1366,1311,1310,-1,
1365,1366,1310,-1,
1365,1310,1309,-1,
1364,1365,1309,-1,
1364,1309,1308,-1,
1363,1364,1308,-1,
1363,1308,1307,-1,
1362,1363,1307,-1,
1362,1307,1306,-1,
1361,1362,1306,-1,
1361,1306,1305,-1,
1360,1361,1305,-1,
1359,1360,1304,-1,
1360,1305,1304,-1,
1359,1304,1303,-1,
1358,1359,1303,-1,
1357,1358,1302,-1,
1358,1303,1302,-1,
1356,1357,1301,-1,
1357,1302,1301,-1,
1356,1301,1300,-1,
1355,1356,1300,-1,
1355,1300,1299,-1,
1354,1355,1299,-1,
1354,1299,1298,-1,
1353,1354,1298,-1,
1353,1298,1297,-1,
1352,1353,1297,-1,
1352,1297,1296,-1,
1351,1352,1296,-1,
1351,1296,1295,-1,
1350,1351,1295,-1,
1350,1295,1294,-1,
1349,1350,1294,-1,
1349,1294,1293,-1,
1348,1349,1293,-1,
1348,1293,1292,-1,
1347,1348,1292,-1,
1347,1292,1291,-1,
1346,1347,1291,-1,
1346,1291,1290,-1,
1345,1346,1290,-1,
1345,1290,1289,-1,
1344,1345,1289,-1,
1344,1289,1288,-1,
1343,1344,1288,-1,
1343,1288,1287,-1,
1342,1343,1287,-1,
1342,1287,1286,-1,
1341,1342,1286,-1,
1341,1286,1285,-1,
1340,1341,1285,-1,
1339,1340,1284,-1,
1340,1285,1284,-1,
1338,1339,1283,-1,
1339,1284,1283,-1,
1337,1338,1282,-1,
1338,1283,1282,-1,
1336,1337,1281,-1,
1337,1282,1281,-1,
1335,1336,1280,-1,
1336,1281,1280,-1,
1334,1335,1279,-1,
1335,1280,1279,-1,
1333,1334,1278,-1,
1334,1279,1278,-1,
1332,1333,1277,-1,
1333,1278,1277,-1,
1332,1277,1276,-1,
1331,1332,1276,-1,
1331,1276,1275,-1,
1330,1331,1275,-1,
1330,1275,1274,-1,
1329,1330,1274,-1,
1329,1274,1273,-1,
1328,1329,1273,-1,
1328,1273,1272,-1,
1327,1328,1272,-1,
1327,1272,1271,-1,
1326,1327,1271,-1,
1326,1271,1270,-1,
1325,1326,1270,-1,
1485,1432,1430,-1,
1432,1431,1430,-1,
1484,1485,1429,-1,
1485,1430,1429,-1,
1483,1484,1428,-1,
1484,1429,1428,-1,
1482,1483,1427,-1,
1483,1428,1427,-1,
1481,1482,1426,-1,
1482,1427,1426,-1,
1480,1481,1425,-1,
1481,1426,1425,-1,
1479,1480,1424,-1,
1480,1425,1424,-1,
1479,1424,1423,-1,
1478,1479,1423,-1,
1478,1423,1422,-1,
1477,1478,1422,-1,
1477,1422,1421,-1,
1476,1477,1421,-1,
1476,1421,1420,-1,
1475,1476,1420,-1,
1475,1420,1419,-1,
1474,1475,1419,-1,
1474,1419,1418,-1,
1473,1474,1418,-1,
1473,1418,1417,-1,
1472,1473,1417,-1,
1472,1417,1416,-1,
1471,1472,1416,-1,
1471,1416,1415,-1,
1470,1471,1415,-1,
1470,1415,1414,-1,
1469,1470,1414,-1,
1469,1414,1413,-1,
1468,1469,1413,-1,
1467,1468,1412,-1,
1468,1413,1412,-1,
1467,1412,1411,-1,
1466,1467,1411,-1,
1465,1466,1410,-1,
1466,1411,1410,-1,
1464,1465,1409,-1,
1465,1410,1409,-1,
1464,1409,1408,-1,
1463,1464,1408,-1,
1463,1408,1407,-1,
1462,1463,1407,-1,
1462,1407,1406,-1,
1461,1462,1406,-1,
1461,1406,1405,-1,
1460,1461,1405,-1,
1460,1405,1404,-1,
1459,1460,1404,-1,
1459,1404,1403,-1,
1458,1459,1403,-1,
1458,1403,1402,-1,
1457,1458,1402,-1,
1457,1402,1401,-1,
1456,1457,1401,-1,
1456,1401,1400,-1,
1455,1456,1400,-1,
1455,1400,1399,-1,
1454,1455,1399,-1,
1454,1399,1398,-1,
1453,1454,1398,-1,
1453,1398,1397,-1,
1452,1453,1397,-1,
1452,1397,1396,-1,
1451,1452,1396,-1,
1451,1396,1395,-1,
1450,1451,1395,-1,
1450,1395,1394,-1,
1449,1450,1394,-1,
1449,1394,1393,-1,
1448,1449,1393,-1,
1447,1448,1392,-1,
1448,1393,1392,-1,
1446,1447,1391,-1,
1447,1392,1391,-1,
1445,1446,1390,-1,
1446,1391,1390,-1,
1444,1445,1389,-1,
1445,1390,1389,-1,
1443,1444,1388,-1,
1444,1389,1388,-1,
1442,1443,1387,-1,
1443,1388,1387,-1,
1441,1442,1386,-1,
1442,1387,1386,-1,
1440,1441,1385,-1,
1441,1386,1385,-1,
1440,1385,1384,-1,
1439,1440,1384,-1,
1439,1384,1383,-1,
1438,1439,1383,-1,
1438,1383,1382,-1,
1437,1438,1382,-1,
1437,1382,1381,-1,
1436,1437,1381,-1,
1436,1381,1380,-1,
1435,1436,1380,-1,
1435,1380,1379,-1,
1434,1435,1379,-1,
1434,1379,1378,-1,
1433,1434,1378,-1,
1593,1540,1538,-1,
1540,1539,1538,-1,
1592,1593,1537,-1,
1593,1538,1537,-1,
1591,1592,1536,-1,
1592,1537,1536,-1,
1590,1591,1535,-1,
1591,1536,1535,-1,
1589,1590,1534,-1,
1590,1535,1534,-1,
1588,1589,1533,-1,
1589,1534,1533,-1,
1587,1588,1532,-1,
1588,1533,1532,-1,
1587,1532,1531,-1,
1586,1587,1531,-1,
1586,1531,1530,-1,
1585,1586,1530,-1,
1585,1530,1529,-1,
1584,1585,1529,-1,
1584,1529,1528,-1,
1583,1584,1528,-1,
1583,1528,1527,-1,
1582,1583,1527,-1,
1582,1527,1526,-1,
1581,1582,1526,-1,
1581,1526,1525,-1,
1580,1581,1525,-1,
1580,1525,1524,-1,
1579,1580,1524,-1,
1579,1524,1523,-1,
1578,1579,1523,-1,
1578,1523,1522,-1,
1577,1578,1522,-1,
1577,1522,1521,-1,
1576,1577,1521,-1,
1575,1576,1520,-1,
1576,1521,1520,-1,
1575,1520,1519,-1,
1574,1575,1519,-1,
1573,1574,1518,-1,
1574,1519,1518,-1,
1572,1573,1517,-1,
1573,1518,1517,-1,
1572,1517,1516,-1,
1571,1572,1516,-1,
1571,1516,1515,-1,
1570,1571,1515,-1,
1570,1515,1514,-1,
1569,1570,1514,-1,
1569,1514,1513,-1,
1568,1569,1513,-1,
1568,1513,1512,-1,
1567,1568,1512,-1,
1567,1512,1511,-1,
1566,1567,1511,-1,
1566,1511,1510,-1,
1565,1566,1510,-1,
1565,1510,1509,-1,
1564,1565,1509,-1,
1564,1509,1508,-1,
1563,1564,1508,-1,
1563,1508,1507,-1,
1562,1563,1507,-1,
1562,1507,1506,-1,
1561,1562,1506,-1,
1561,1506,1505,-1,
1560,1561,1505,-1,
1560,1505,1504,-1,
1559,1560,1504,-1,
1559,1504,1503,-1,
1558,1559,1503,-1,
1558,1503,1502,-1,
1557,1558,1502,-1,
1557,1502,1501,-1,
1556,1557,1501,-1,
1555,1556,1500,-1,
1556,1501,1500,-1,
1554,1555,1499,-1,
1555,1500,1499,-1,
1553,1554,1498,-1,
1554,1499,1498,-1,
1552,1553,1497,-1,
1553,1498,1497,-1,
1551,1552,1496,-1,
1552,1497,1496,-1,
1550,1551,1495,-1,
1551,1496,1495,-1,
1549,1550,1494,-1,
1550,1495,1494,-1,
1548,1549,1493,-1,
1549,1494,1493,-1,
1548,1493,1492,-1,
1547,1548,1492,-1,
1547,1492,1491,-1,
1546,1547,1491,-1,
1546,1491,1490,-1,
1545,1546,1490,-1,
1545,1490,1489,-1,
1544,1545,1489,-1,
1544,1489,1488,-1,
1543,1544,1488,-1,
1543,1488,1487,-1,
1542,1543,1487,-1,
1542,1487,1486,-1,
1541,1542,1486,-1,
1701,1648,1646,-1,
1648,1647,1646,-1,
1700,1701,1645,-1,
1701,1646,1645,-1,
1699,1700,1644,-1,
1700,1645,1644,-1,
1698,1699,1643,-1,
1699,1644,1643,-1,
1697,1698,1642,-1,
1698,1643,1642,-1,
1696,1697,1641,-1,
1697,1642,1641,-1,
1695,1696,1640,-1,
1696,1641,1640,-1,
1695,1640,1639,-1,
1694,1695,1639,-1,
1694,1639,1638,-1,
1693,1694,1638,-1,
1693,1638,1637,-1,
1692,1693,1637,-1,
1692,1637,1636,-1,
1691,1692,1636,-1,
1691,1636,1635,-1,
1690,1691,1635,-1,
1690,1635,1634,-1,
1689,1690,1634,-1,
1689,1634,1633,-1,
1688,1689,1633,-1,
1688,1633,1632,-1,
1687,1688,1632,-1,
1687,1632,1631,-1,
1686,1687,1631,-1,
1686,1631,1630,-1,
1685,1686,1630,-1,
1685,1630,1629,-1,
1684,1685,1629,-1,
1683,1684,1628,-1,
1684,1629,1628,-1,
1683,1628,1627,-1,
1682,1683,1627,-1,
1681,1682,1626,-1,
1682,1627,1626,-1,
1680,1681,1625,-1,
1681,1626,1625,-1,
1680,1625,1624,-1,
1679,1680,1624,-1,
1679,1624,1623,-1,
1678,1679,1623,-1,
1678,1623,1622,-1,
1677,1678,1622,-1,
1677,1622,1621,-1,
1676,1677,1621,-1,
1676,1621,1620,-1,
1675,1676,1620,-1,
1675,1620,1619,-1,
1674,1675,1619,-1,
1674,1619,1618,-1,
1673,1674,1618,-1,
1673,1618,1617,-1,
1672,1673,1617,-1,
1672,1617,1616,-1,
1671,1672,1616,-1,
1671,1616,1615,-1,
1670,1671,1615,-1,
1670,1615,1614,-1,
1669,1670,1614,-1,
1669,1614,1613,-1,
1668,1669,1613,-1,
1668,1613,1612,-1,
1667,1668,1612,-1,
1667,1612,1611,-1,
1666,1667,1611,-1,
1666,1611,1610,-1,
1665,1666,1610,-1,
1665,1610,1609,-1,
1664,1665,1609,-1,
1663,1664,1608,-1,
1664,1609,1608,-1,
1662,1663,1607,-1,
1663,1608,1607,-1,
1661,1662,1606,-1,
1662,1607,1606,-1,
1660,1661,1605,-1,
1661,1606,1605,-1,
1659,1660,1604,-1,
1660,1605,1604,-1,
1658,1659,1603,-1,
1659,1604,1603,-1,
1657,1658,1602,-1,
1658,1603,1602,-1,
1656,1657,1601,-1,
1657,1602,1601,-1,
1656,1601,1600,-1,
1655,1656,1600,-1,
1655,1600,1599,-1,
1654,1655,1599,-1,
1654,1599,1598,-1,
1653,1654,1598,-1,
1653,1598,1597,-1,
1652,1653,1597,-1,
1652,1597,1596,-1,
1651,1652,1596,-1,
1651,1596,1595,-1,
1650,1651,1595,-1,
1650,1595,1594,-1,
1649,1650,1594,-1,
1809,1756,1754,-1,
1756,1755,1754,-1,
1808,1809,1753,-1,
1809,1754,1753,-1,
1807,1808,1752,-1,
1808,1753,1752,-1,
1806,1807,1751,-1,
1807,1752,1751,-1,
1805,1806,1750,-1,
1806,1751,1750,-1,
1804,1805,1749,-1,
1805,1750,1749,-1,
1803,1804,1748,-1,
1804,1749,1748,-1,
1803,1748,1747,-1,
1802,1803,1747,-1,
1802,1747,1746,-1,
1801,1802,1746,-1,
1801,1746,1745,-1,
1800,1801,1745,-1,
1800,1745,1744,-1,
1799,1800,1744,-1,
1799,1744,1743,-1,
1798,1799,1743,-1,
1798,1743,1742,-1,
1797,1798,1742,-1,
1797,1742,1741,-1,
1796,1797,1741,-1,
1796,1741,1740,-1,
1795,1796,1740,-1,
1795,1740,1739,-1,
1794,1795,1739,-1,
1794,1739,1738,-1,
1793,1794,1738,-1,
1793,1738,1737,-1,
1792,1793,1737,-1,
1791,1792,1736,-1,
1792,1737,1736,-1,
1791,1736,1735,-1,
1790,1791,1735,-1,
1789,1790,1734,-1,
1790,1735,1734,-1,
1788,1789,1733,-1,
1789,1734,1733,-1,
1788,1733,1732,-1,
1787,1788,1732,-1,
1787,1732,1731,-1,
1786,1787,1731,-1,
1786,1731,1730,-1,
1785,1786,1730,-1,
1785,1730,1729,-1,
1784,1785,1729,-1,
1784,1729,1728,-1,
1783,1784,1728,-1,
1783,1728,1727,-1,
1782,1783,1727,-1,
1782,1727,1726,-1,
1781,1782,1726,-1,
1781,1726,1725,-1,
1780,1781,1725,-1,
1780,1725,1724,-1,
1779,1780,1724,-1,
1779,1724,1723,-1,
1778,1779,1723,-1,
1778,1723,1722,-1,
1777,1778,1722,-1,
1777,1722,1721,-1,
1776,1777,1721,-1,
1776,1721,1720,-1,
1775,1776,1720,-1,
1775,1720,1719,-1,
1774,1775,1719,-1,
1774,1719,1718,-1,
1773,1774,1718,-1,
1773,1718,1717,-1,
1772,1773,1717,-1,
1771,1772,1716,-1,
1772,1717,1716,-1,
1770,1771,1715,-1,
1771,1716,1715,-1,
1769,1770,1714,-1,
1770,1715,1714,-1,
1768,1769,1713,-1,
1769,1714,1713,-1,
1767,1768,1712,-1,
1768,1713,1712,-1,
1766,1767,1711,-1,
1767,1712,1711,-1,
1765,1766,1710,-1,
1766,1711,1710,-1,
1764,1765,1709,-1,
1765,1710,1709,-1,
1764,1709,1708,-1,
1763,1764,1708,-1,
1763,1708,1707,-1,
1762,1763,1707,-1,
1762,1707,1706,-1,
1761,1762,1706,-1,
1761,1706,1705,-1,
1760,1761,1705,-1,
1760,1705,1704,-1,
1759,1760,1704,-1,
1759,1704,1703,-1,
1758,1759,1703,-1,
1758,1703,1702,-1,
1757,1758,1702,-1,
1917,1864,1862,-1,
1864,1863,1862,-1,
1916,1917,1861,-1,
1917,1862,1861,-1,
1915,1916,1860,-1,
1916,1861,1860,-1,
1914,1915,1859,-1,
1915,1860,1859,-1,
1913,1914,1858,-1,
1914,1859,1858,-1,
1912,1913,1857,-1,
1913,1858,1857,-1,
1911,1912,1856,-1,
1912,1857,1856,-1,
1911,1856,1855,-1,
1910,1911,1855,-1,
1910,1855,1854,-1,
1909,1910,1854,-1,
1909,1854,1853,-1,
1908,1909,1853,-1,
1908,1853,1852,-1,
1907,1908,1852,-1,
1907,1852,1851,-1,
1906,1907,1851,-1,
1906,1851,1850,-1,
1905,1906,1850,-1,
1905,1850,1849,-1,
1904,1905,1849,-1,
1904,1849,1848,-1,
1903,1904,1848,-1,
1903,1848,1847,-1,
1902,1903,1847,-1,
1902,1847,1846,-1,
1901,1902,1846,-1,
1901,1846,1845,-1,
1900,1901,1845,-1,
1899,1900,1844,-1,
1900,1845,1844,-1,
1899,1844,1843,-1,
1898,1899,1843,-1,
1897,1898,1842,-1,
1898,1843,1842,-1,
1896,1897,1841,-1,
1897,1842,1841,-1,
1896,1841,1840,-1,
1895,1896,1840,-1,
1895,1840,1839,-1,
1894,1895,1839,-1,
1894,1839,1838,-1,
1893,1894,1838,-1,
1893,1838,1837,-1,
1892,1893,1837,-1,
1892,1837,1836,-1,
1891,1892,1836,-1,
1891,1836,1835,-1,
1890,1891,1835,-1,
1890,1835,1834,-1,
1889,1890,1834,-1,
1889,1834,1833,-1,
1888,1889,1833,-1,
1888,1833,1832,-1,
1887,1888,1832,-1,
1887,1832,1831,-1,
1886,1887,1831,-1,
1886,1831,1830,-1,
1885,1886,1830,-1,
1885,1830,1829,-1,
1884,1885,1829,-1,
1884,1829,1828,-1,
1883,1884,1828,-1,
1883,1828,1827,-1,
1882,1883,1827,-1,
1882,1827,1826,-1,
1881,1882,1826,-1,
1881,1826,1825,-1,
1880,1881,1825,-1,
1879,1880,1824,-1,
1880,1825,1824,-1,
1878,1879,1823,-1,
1879,1824,1823,-1,
1877,1878,1822,-1,
1878,1823,1822,-1,
1876,1877,1821,-1,
1877,1822,1821,-1,
1875,1876,1820,-1,
1876,1821,1820,-1,
1874,1875,1819,-1,
1875,1820,1819,-1,
1873,1874,1818,-1,
1874,1819,1818,-1,
1872,1873,1817,-1,
1873,1818,1817,-1,
1872,1817,1816,-1,
1871,1872,1816,-1,
1871,1816,1815,-1,
1870,1871,1815,-1,
1870,1815,1814,-1,
1869,1870,1814,-1,
1869,1814,1813,-1,
1868,1869,1813,-1,
1868,1813,1812,-1,
1867,1868,1812,-1,
1867,1812,1811,-1,
1866,1867,1811,-1,
1866,1811,1810,-1,
1865,1866,1810,-1,
1921,1920,1918,-1,
1919,1921,1918,-1,
1922,1923,1925,-1,
1924,1922,1925,-1,
1926,1927,1929,-1,
1928,1926,1929,-1,
1930,1931,1933,-1,
1932,1930,1933,-1,
1988,1934,1935,-1,
1989,1988,1935,-1,
1989,1935,1936,-1,
1990,1989,1936,-1,
1990,1936,1937,-1,
1991,1990,1937,-1,
1991,1937,1938,-1,
1992,1991,1938,-1,
1992,1938,1939,-1,
1993,1992,1939,-1,
1993,1939,1940,-1,
1994,1993,1940,-1,
1994,1940,1941,-1,
1995,1994,1941,-1,
1995,1941,1942,-1,
1996,1995,1942,-1,
1996,1942,1943,-1,
1997,1996,1943,-1,
1997,1943,1944,-1,
1998,1997,1944,-1,
1998,1944,1945,-1,
1999,1998,1945,-1,
1999,1945,1946,-1,
2000,1999,1946,-1,
2000,1946,1947,-1,
2001,2000,1947,-1,
2001,1947,1948,-1,
2002,2001,1948,-1,
2003,2002,1949,-1,
2002,1948,1949,-1,
2004,2003,1950,-1,
2003,1949,1950,-1,
2005,2004,1951,-1,
2004,1950,1951,-1,
2006,2005,1952,-1,
2005,1951,1952,-1,
2007,2006,1953,-1,
2006,1952,1953,-1,
2008,2007,1954,-1,
2007,1953,1954,-1,
2009,2008,1955,-1,
2008,1954,1955,-1,
2010,2009,1956,-1,
2009,1955,1956,-1,
2010,1956,1957,-1,
2011,2010,1957,-1,
2011,1957,1958,-1,
2012,2011,1958,-1,
2012,1958,1959,-1,
2013,2012,1959,-1,
2013,1959,1960,-1,
2014,2013,1960,-1,
2014,1960,1961,-1,
2015,2014,1961,-1,
2015,1961,1962,-1,
2016,2015,1962,-1,
2016,1962,1963,-1,
2017,2016,1963,-1,
2017,1963,1964,-1,
2018,2017,1964,-1,
2018,1964,1965,-1,
2019,2018,1965,-1,
2019,1965,1966,-1,
2020,2019,1966,-1,
2020,1966,1967,-1,
2021,2020,1967,-1,
2021,1967,1968,-1,
2022,2021,1968,-1,
2022,1968,1969,-1,
2023,2022,1969,-1,
2023,1969,1970,-1,
2024,2023,1970,-1,
2024,1970,1971,-1,
2025,2024,1971,-1,
2025,1971,1972,-1,
2026,2025,1972,-1,
2026,1972,1973,-1,
2027,2026,1973,-1,
2027,1973,1974,-1,
2028,2027,1974,-1,
2028,1974,1975,-1,
2029,2028,1975,-1,
2029,1975,1976,-1,
2030,2029,1976,-1,
2030,1976,1977,-1,
2031,2030,1977,-1,
2031,1977,1978,-1,
2032,2031,1978,-1,
2032,1978,1979,-1,
2033,2032,1979,-1,
2033,1979,1980,-1,
2034,2033,1980,-1,
2035,2034,1981,-1,
2034,1980,1981,-1,
2036,2035,1982,-1,
2035,1981,1982,-1,
2037,2036,1983,-1,
2036,1982,1983,-1,
2038,2037,1984,-1,
2037,1983,1984,-1,
2039,2038,1985,-1,
2038,1984,1985,-1,
2040,2039,1986,-1,
2039,1985,1986,-1,
2040,1986,1987,-1,
2041,2040,1987,-1,
2043,2044,2045,-1,
2043,2045,2042,-1,
2046,2048,2049,-1,
2046,2049,2047,-1,
2052,2051,2050,-1,
2052,2053,2051,-1,
2055,2054,2056,-1,
2055,2056,2057,-1,
2059,2064,2061,-1,
2061,2062,2058,-1,
2062,2063,2058,-1,
2063,2060,2058,-1,
2061,2058,2059,-1,
2070,2067,2068,-1,
2070,2068,2069,-1,
2070,2069,2065,-1,
2070,2065,2071,-1,
2071,2065,2066,-1,
2130,2129,2085,-1,
2131,2130,2085,-1,
2132,2131,2085,-1,
2133,2132,2085,-1,
2134,2133,2085,-1,
2135,2134,2085,-1,
2095,2086,2085,-1,
2136,2135,2085,-1,
2137,2136,2085,-1,
2138,2137,2085,-1,
2139,2138,2085,-1,
2140,2139,2085,-1,
2077,2074,2085,-1,
2141,2140,2085,-1,
2142,2141,2085,-1,
2173,2170,2085,-1,
2143,2142,2085,-1,
2144,2143,2085,-1,
2145,2144,2085,-1,
2146,2145,2085,-1,
2147,2146,2085,-1,
2148,2147,2085,-1,
2149,2148,2085,-1,
2150,2149,2085,-1,
2151,2150,2085,-1,
2152,2151,2085,-1,
2153,2152,2085,-1,
2154,2153,2085,-1,
2155,2154,2085,-1,
2156,2155,2085,-1,
2170,2166,2085,-1,
2159,2158,2085,-1,
2158,2156,2085,-1,
2082,2080,2085,-1,
2163,2162,2085,-1,
2164,2163,2085,-1,
2165,2164,2085,-1,
2166,2165,2085,-1,
2157,2156,2158,-1,
2160,2159,2162,-1,
2161,2160,2162,-1,
2110,2109,2108,-1,
2111,2110,2108,-1,
2112,2111,2108,-1,
2167,2166,2170,-1,
2168,2167,2170,-1,
2169,2168,2170,-1,
2171,2170,2172,-1,
2106,2105,2104,-1,
2107,2106,2104,-1,
2108,2107,2104,-1,
2172,2170,2173,-1,
2174,2173,2176,-1,
2175,2174,2176,-1,
2075,2074,2077,-1,
2076,2075,2077,-1,
2094,2093,2092,-1,
2079,2078,2080,-1,
2081,2080,2082,-1,
2089,2088,2087,-1,
2090,2089,2087,-1,
2091,2090,2086,-1,
2092,2091,2086,-1,
2095,2094,2086,-1,
2094,2092,2086,-1,
2090,2087,2086,-1,
2073,2072,2085,-1,
2074,2073,2085,-1,
2162,2159,2085,-1,
2177,2176,2085,-1,
2072,2177,2085,-1,
2078,2077,2085,-1,
2083,2082,2085,-1,
2084,2083,2085,-1,
2112,2108,2085,-1,
2096,2095,2085,-1,
2097,2096,2085,-1,
2098,2097,2085,-1,
2099,2098,2085,-1,
2100,2099,2085,-1,
2101,2100,2085,-1,
2102,2101,2085,-1,
2103,2102,2085,-1,
2104,2103,2085,-1,
2176,2173,2085,-1,
2108,2104,2085,-1,
2113,2112,2085,-1,
2114,2113,2085,-1,
2115,2114,2085,-1,
2116,2115,2085,-1,
2080,2078,2085,-1,
2117,2116,2085,-1,
2118,2117,2085,-1,
2119,2118,2085,-1,
2120,2119,2085,-1,
2121,2120,2085,-1,
2122,2121,2085,-1,
2123,2122,2085,-1,
2124,2123,2085,-1,
2125,2124,2085,-1,
2126,2125,2085,-1,
2127,2126,2085,-1,
2128,2127,2085,-1,
2129,2128,2085,-1,
2179,2178,2191,-1,
2180,2179,2191,-1,
2181,2180,2191,-1,
2268,2266,2191,-1,
2186,2185,2191,-1,
2187,2186,2191,-1,
2189,2187,2191,-1,
2190,2189,2191,-1,
2193,2192,2191,-1,
2194,2193,2191,-1,
2195,2194,2191,-1,
2278,2274,2191,-1,
2273,2269,2191,-1,
2199,2198,2191,-1,
2202,2201,2191,-1,
2203,2202,2191,-1,
2204,2203,2191,-1,
2205,2204,2191,-1,
2206,2205,2191,-1,
2207,2206,2191,-1,
2208,2207,2191,-1,
2212,2211,2191,-1,
2213,2212,2191,-1,
2214,2213,2191,-1,
2215,2214,2191,-1,
2216,2215,2191,-1,
2217,2216,2191,-1,
2221,2220,2191,-1,
2222,2221,2191,-1,
2223,2222,2191,-1,
2280,2278,2191,-1,
2224,2223,2191,-1,
2225,2224,2191,-1,
2226,2225,2191,-1,
2211,2208,2191,-1,
2227,2226,2191,-1,
2228,2227,2191,-1,
2229,2228,2191,-1,
2230,2229,2191,-1,
2231,2230,2191,-1,
2232,2231,2191,-1,
2282,2280,2191,-1,
2233,2232,2191,-1,
2234,2233,2191,-1,
2235,2234,2191,-1,
2178,2282,2191,-1,
2236,2235,2191,-1,
2237,2236,2191,-1,
2238,2237,2191,-1,
2239,2238,2191,-1,
2240,2239,2191,-1,
2241,2240,2191,-1,
2242,2241,2191,-1,
2243,2242,2191,-1,
2244,2243,2191,-1,
2245,2244,2191,-1,
2220,2217,2191,-1,
2246,2245,2191,-1,
2247,2246,2191,-1,
2248,2247,2191,-1,
2249,2248,2191,-1,
2250,2249,2191,-1,
2251,2250,2191,-1,
2252,2251,2191,-1,
2253,2252,2191,-1,
2185,2183,2191,-1,
2254,2253,2191,-1,
2255,2254,2191,-1,
2256,2255,2191,-1,
2257,2256,2191,-1,
2258,2257,2191,-1,
2259,2258,2191,-1,
2260,2259,2191,-1,
2198,2195,2191,-1,
2261,2260,2191,-1,
2262,2261,2191,-1,
2263,2262,2191,-1,
2264,2263,2191,-1,
2183,2181,2191,-1,
2201,2199,2191,-1,
2269,2268,2191,-1,
2274,2273,2191,-1,
2266,2264,2191,-1,
2265,2264,2266,-1,
2267,2266,2268,-1,
2219,2218,2217,-1,
2220,2219,2217,-1,
2270,2269,2273,-1,
2271,2270,2273,-1,
2272,2271,2273,-1,
2275,2274,2276,-1,
2276,2274,2278,-1,
2277,2276,2278,-1,
2279,2278,2280,-1,
2210,2209,2208,-1,
2211,2210,2208,-1,
2281,2280,2282,-1,
2283,2282,2178,-1,
2182,2181,2183,-1,
2201,2200,2199,-1,
2184,2183,2185,-1,
2198,2197,2196,-1,
2198,2196,2195,-1,
2188,2187,2189,-1,
2285,2284,2297,-1,
2286,2285,2297,-1,
2287,2286,2297,-1,
2374,2372,2297,-1,
2292,2291,2297,-1,
2293,2292,2297,-1,
2295,2293,2297,-1,
2296,2295,2297,-1,
2299,2298,2297,-1,
2300,2299,2297,-1,
2301,2300,2297,-1,
2384,2380,2297,-1,
2379,2375,2297,-1,
2305,2304,2297,-1,
2308,2307,2297,-1,
2309,2308,2297,-1,
2310,2309,2297,-1,
2311,2310,2297,-1,
2312,2311,2297,-1,
2313,2312,2297,-1,
2314,2313,2297,-1,
2318,2317,2297,-1,
2319,2318,2297,-1,
2320,2319,2297,-1,
2321,2320,2297,-1,
2322,2321,2297,-1,
2323,2322,2297,-1,
2327,2326,2297,-1,
2328,2327,2297,-1,
2329,2328,2297,-1,
2386,2384,2297,-1,
2330,2329,2297,-1,
2331,2330,2297,-1,
2332,2331,2297,-1,
2317,2314,2297,-1,
2333,2332,2297,-1,
2334,2333,2297,-1,
2335,2334,2297,-1,
2336,2335,2297,-1,
2337,2336,2297,-1,
2338,2337,2297,-1,
2388,2386,2297,-1,
2339,2338,2297,-1,
2340,2339,2297,-1,
2341,2340,2297,-1,
2284,2388,2297,-1,
2342,2341,2297,-1,
2343,2342,2297,-1,
2344,2343,2297,-1,
2345,2344,2297,-1,
2346,2345,2297,-1,
2347,2346,2297,-1,
2348,2347,2297,-1,
2349,2348,2297,-1,
2350,2349,2297,-1,
2351,2350,2297,-1,
2326,2323,2297,-1,
2352,2351,2297,-1,
2353,2352,2297,-1,
2354,2353,2297,-1,
2355,2354,2297,-1,
2356,2355,2297,-1,
2357,2356,2297,-1,
2358,2357,2297,-1,
2359,2358,2297,-1,
2291,2289,2297,-1,
2360,2359,2297,-1,
2361,2360,2297,-1,
2362,2361,2297,-1,
2363,2362,2297,-1,
2364,2363,2297,-1,
2365,2364,2297,-1,
2366,2365,2297,-1,
2304,2301,2297,-1,
2367,2366,2297,-1,
2368,2367,2297,-1,
2369,2368,2297,-1,
2370,2369,2297,-1,
2289,2287,2297,-1,
2307,2305,2297,-1,
2375,2374,2297,-1,
2380,2379,2297,-1,
2372,2370,2297,-1,
2371,2370,2372,-1,
2373,2372,2374,-1,
2325,2324,2323,-1,
2326,2325,2323,-1,
2376,2375,2379,-1,
2377,2376,2379,-1,
2378,2377,2379,-1,
2381,2380,2382,-1,
2382,2380,2384,-1,
2383,2382,2384,-1,
2385,2384,2386,-1,
2316,2315,2314,-1,
2317,2316,2314,-1,
2387,2386,2388,-1,
2389,2388,2284,-1,
2288,2287,2289,-1,
2307,2306,2305,-1,
2290,2289,2291,-1,
2304,2303,2302,-1,
2304,2302,2301,-1,
2294,2293,2295,-1,
2408,2405,2404,-1,
2491,2490,2403,-1,
2492,2491,2403,-1,
2493,2492,2403,-1,
2397,2395,2403,-1,
2394,2393,2403,-1,
2395,2394,2403,-1,
2481,2478,2403,-1,
2401,2400,2403,-1,
2402,2401,2403,-1,
2431,2429,2403,-1,
2428,2426,2403,-1,
2485,2482,2403,-1,
2416,2415,2403,-1,
2417,2416,2403,-1,
2418,2417,2403,-1,
2419,2418,2403,-1,
2420,2419,2403,-1,
2421,2420,2403,-1,
2422,2421,2403,-1,
2423,2422,2403,-1,
2424,2423,2403,-1,
2495,2493,2403,-1,
2429,2428,2403,-1,
2432,2431,2403,-1,
2433,2432,2403,-1,
2393,2391,2403,-1,
2434,2433,2403,-1,
2435,2434,2403,-1,
2436,2435,2403,-1,
2437,2436,2403,-1,
2438,2437,2403,-1,
2439,2438,2403,-1,
2440,2439,2403,-1,
2441,2440,2403,-1,
2442,2441,2403,-1,
2443,2442,2403,-1,
2444,2443,2403,-1,
2445,2444,2403,-1,
2446,2445,2403,-1,
2447,2446,2403,-1,
2448,2447,2403,-1,
2449,2448,2403,-1,
2450,2449,2403,-1,
2451,2450,2403,-1,
2452,2451,2403,-1,
2453,2452,2403,-1,
2454,2453,2403,-1,
2455,2454,2403,-1,
2408,2404,2403,-1,
2456,2455,2403,-1,
2457,2456,2403,-1,
2411,2408,2403,-1,
2458,2457,2403,-1,
2459,2458,2403,-1,
2460,2459,2403,-1,
2461,2460,2403,-1,
2462,2461,2403,-1,
2415,2411,2403,-1,
2463,2462,2403,-1,
2464,2463,2403,-1,
2465,2464,2403,-1,
2426,2424,2403,-1,
2466,2465,2403,-1,
2467,2466,2403,-1,
2468,2467,2403,-1,
2469,2468,2403,-1,
2470,2469,2403,-1,
2471,2470,2403,-1,
2472,2471,2403,-1,
2473,2472,2403,-1,
2474,2473,2403,-1,
2475,2474,2403,-1,
2487,2485,2403,-1,
2476,2475,2403,-1,
2477,2476,2403,-1,
2478,2477,2403,-1,
2482,2481,2403,-1,
2489,2487,2403,-1,
2391,2495,2403,-1,
2400,2397,2403,-1,
2490,2489,2403,-1,
2479,2478,2481,-1,
2480,2479,2481,-1,
2431,2430,2429,-1,
2483,2482,2485,-1,
2484,2483,2485,-1,
2428,2427,2426,-1,
2486,2485,2487,-1,
2426,2425,2424,-1,
2488,2487,2489,-1,
2494,2493,2495,-1,
2390,2495,2391,-1,
2392,2391,2393,-1,
2413,2412,2411,-1,
2414,2413,2411,-1,
2415,2414,2411,-1,
2396,2395,2397,-1,
2411,2410,2409,-1,
2411,2409,2408,-1,
2398,2397,2400,-1,
2399,2398,2400,-1,
2407,2406,2405,-1,
2408,2407,2405,-1,
2514,2511,2510,-1,
2597,2596,2509,-1,
2598,2597,2509,-1,
2599,2598,2509,-1,
2503,2501,2509,-1,
2500,2499,2509,-1,
2501,2500,2509,-1,
2587,2584,2509,-1,
2507,2506,2509,-1,
2508,2507,2509,-1,
2537,2535,2509,-1,
2534,2532,2509,-1,
2591,2588,2509,-1,
2522,2521,2509,-1,
2523,2522,2509,-1,
2524,2523,2509,-1,
2525,2524,2509,-1,
2526,2525,2509,-1,
2527,2526,2509,-1,
2528,2527,2509,-1,
2529,2528,2509,-1,
2530,2529,2509,-1,
2601,2599,2509,-1,
2535,2534,2509,-1,
2538,2537,2509,-1,
2539,2538,2509,-1,
2499,2497,2509,-1,
2540,2539,2509,-1,
2541,2540,2509,-1,
2542,2541,2509,-1,
2543,2542,2509,-1,
2544,2543,2509,-1,
2545,2544,2509,-1,
2546,2545,2509,-1,
2547,2546,2509,-1,
2548,2547,2509,-1,
2549,2548,2509,-1,
2550,2549,2509,-1,
2551,2550,2509,-1,
2552,2551,2509,-1,
2553,2552,2509,-1,
2554,2553,2509,-1,
2555,2554,2509,-1,
2556,2555,2509,-1,
2557,2556,2509,-1,
2558,2557,2509,-1,
2559,2558,2509,-1,
2560,2559,2509,-1,
2561,2560,2509,-1,
2514,2510,2509,-1,
2562,2561,2509,-1,
2563,2562,2509,-1,
2517,2514,2509,-1,
2564,2563,2509,-1,
2565,2564,2509,-1,
2566,2565,2509,-1,
2567,2566,2509,-1,
2568,2567,2509,-1,
2521,2517,2509,-1,
2569,2568,2509,-1,
2570,2569,2509,-1,
2571,2570,2509,-1,
2532,2530,2509,-1,
2572,2571,2509,-1,
2573,2572,2509,-1,
2574,2573,2509,-1,
2575,2574,2509,-1,
2576,2575,2509,-1,
2577,2576,2509,-1,
2578,2577,2509,-1,
2579,2578,2509,-1,
2580,2579,2509,-1,
2581,2580,2509,-1,
2593,2591,2509,-1,
2582,2581,2509,-1,
2583,2582,2509,-1,
2584,2583,2509,-1,
2588,2587,2509,-1,
2595,2593,2509,-1,
2497,2601,2509,-1,
2506,2503,2509,-1,
2596,2595,2509,-1,
2585,2584,2587,-1,
2586,2585,2587,-1,
2537,2536,2535,-1,
2589,2588,2591,-1,
2590,2589,2591,-1,
2534,2533,2532,-1,
2592,2591,2593,-1,
2532,2531,2530,-1,
2594,2593,2595,-1,
2600,2599,2601,-1,
2496,2601,2497,-1,
2498,2497,2499,-1,
2519,2518,2517,-1,
2520,2519,2517,-1,
2521,2520,2517,-1,
2502,2501,2503,-1,
2517,2516,2515,-1,
2517,2515,2514,-1,
2504,2503,2506,-1,
2505,2504,2506,-1,
2513,2512,2511,-1,
2514,2513,2511,-1,
2703,2702,2615,-1,
2604,2603,2615,-1,
2702,2700,2615,-1,
2610,2609,2615,-1,
2611,2610,2615,-1,
2614,2613,2615,-1,
2617,2616,2615,-1,
2620,2619,2615,-1,
2621,2620,2615,-1,
2622,2621,2615,-1,
2696,2692,2615,-1,
2623,2622,2615,-1,
2626,2625,2615,-1,
2627,2626,2615,-1,
2628,2627,2615,-1,
2629,2628,2615,-1,
2630,2629,2615,-1,
2631,2630,2615,-1,
2632,2631,2615,-1,
2633,2632,2615,-1,
2634,2633,2615,-1,
2613,2611,2615,-1,
2637,2636,2615,-1,
2638,2637,2615,-1,
2707,2703,2615,-1,
2639,2638,2615,-1,
2640,2639,2615,-1,
2641,2640,2615,-1,
2642,2641,2615,-1,
2643,2642,2615,-1,
2646,2645,2615,-1,
2647,2646,2615,-1,
2648,2647,2615,-1,
2649,2648,2615,-1,
2603,2707,2615,-1,
2650,2649,2615,-1,
2651,2650,2615,-1,
2652,2651,2615,-1,
2653,2652,2615,-1,
2654,2653,2615,-1,
2655,2654,2615,-1,
2656,2655,2615,-1,
2609,2607,2615,-1,
2657,2656,2615,-1,
2625,2623,2615,-1,
2658,2657,2615,-1,
2659,2658,2615,-1,
2660,2659,2615,-1,
2661,2660,2615,-1,
2662,2661,2615,-1,
2663,2662,2615,-1,
2664,2663,2615,-1,
2665,2664,2615,-1,
2666,2665,2615,-1,
2667,2666,2615,-1,
2668,2667,2615,-1,
2669,2668,2615,-1,
2670,2669,2615,-1,
2671,2670,2615,-1,
2672,2671,2615,-1,
2673,2672,2615,-1,
2674,2673,2615,-1,
2675,2674,2615,-1,
2676,2675,2615,-1,
2677,2676,2615,-1,
2678,2677,2615,-1,
2679,2678,2615,-1,
2680,2679,2615,-1,
2681,2680,2615,-1,
2682,2681,2615,-1,
2683,2682,2615,-1,
2684,2683,2615,-1,
2685,2684,2615,-1,
2686,2685,2615,-1,
2687,2686,2615,-1,
2688,2687,2615,-1,
2607,2604,2615,-1,
2689,2688,2615,-1,
2636,2634,2615,-1,
2692,2689,2615,-1,
2645,2643,2615,-1,
2697,2696,2615,-1,
2698,2697,2615,-1,
2619,2617,2615,-1,
2699,2698,2615,-1,
2700,2699,2615,-1,
2690,2689,2691,-1,
2691,2689,2692,-1,
2645,2644,2643,-1,
2694,2693,2695,-1,
2695,2693,2696,-1,
2693,2692,2696,-1,
2701,2700,2702,-1,
2636,2635,2634,-1,
2704,2703,2706,-1,
2705,2704,2706,-1,
2706,2703,2707,-1,
2602,2707,2603,-1,
2605,2604,2607,-1,
2606,2605,2607,-1,
2625,2624,2623,-1,
2608,2607,2609,-1,
2612,2611,2613,-1,
2619,2618,2617,-1,
2725,2724,2723,-1,
2725,2723,2722,-1,
2710,2709,2721,-1,
2711,2710,2721,-1,
2714,2713,2721,-1,
2715,2714,2721,-1,
2716,2715,2721,-1,
2800,2796,2721,-1,
2717,2716,2721,-1,
2718,2717,2721,-1,
2719,2718,2721,-1,
2720,2719,2721,-1,
2725,2722,2721,-1,
2726,2725,2721,-1,
2729,2728,2721,-1,
2735,2734,2721,-1,
2736,2735,2721,-1,
2737,2736,2721,-1,
2738,2737,2721,-1,
2739,2738,2721,-1,
2740,2739,2721,-1,
2741,2740,2721,-1,
2742,2741,2721,-1,
2743,2742,2721,-1,
2744,2743,2721,-1,
2745,2744,2721,-1,
2746,2745,2721,-1,
2747,2746,2721,-1,
2748,2747,2721,-1,
2807,2805,2721,-1,
2749,2748,2721,-1,
2752,2751,2721,-1,
2731,2729,2721,-1,
2753,2752,2721,-1,
2754,2753,2721,-1,
2755,2754,2721,-1,
2756,2755,2721,-1,
2757,2756,2721,-1,
2758,2757,2721,-1,
2759,2758,2721,-1,
2760,2759,2721,-1,
2761,2760,2721,-1,
2811,2807,2721,-1,
2762,2761,2721,-1,
2763,2762,2721,-1,
2764,2763,2721,-1,
2765,2764,2721,-1,
2813,2811,2721,-1,
2766,2765,2721,-1,
2767,2766,2721,-1,
2768,2767,2721,-1,
2769,2768,2721,-1,
2770,2769,2721,-1,
2771,2770,2721,-1,
2772,2771,2721,-1,
2773,2772,2721,-1,
2774,2773,2721,-1,
2709,2813,2721,-1,
2775,2774,2721,-1,
2776,2775,2721,-1,
2777,2776,2721,-1,
2778,2777,2721,-1,
2779,2778,2721,-1,
2780,2779,2721,-1,
2781,2780,2721,-1,
2782,2781,2721,-1,
2783,2782,2721,-1,
2784,2783,2721,-1,
2785,2784,2721,-1,
2786,2785,2721,-1,
2787,2786,2721,-1,
2728,2726,2721,-1,
2788,2787,2721,-1,
2789,2788,2721,-1,
2790,2789,2721,-1,
2713,2711,2721,-1,
2791,2790,2721,-1,
2794,2791,2721,-1,
2734,2731,2721,-1,
2801,2800,2721,-1,
2802,2801,2721,-1,
2803,2802,2721,-1,
2804,2803,2721,-1,
2796,2794,2721,-1,
2805,2804,2721,-1,
2751,2749,2721,-1,
2792,2791,2794,-1,
2793,2792,2794,-1,
2795,2794,2796,-1,
2751,2750,2749,-1,
2797,2796,2800,-1,
2798,2797,2800,-1,
2799,2798,2800,-1,
2806,2805,2807,-1,
2809,2808,2810,-1,
2808,2807,2810,-1,
2810,2807,2811,-1,
2812,2811,2813,-1,
2708,2813,2709,-1,
2733,2732,2731,-1,
2734,2733,2731,-1,
2712,2711,2713,-1,
2731,2730,2729,-1,
2728,2727,2726,-1,
2830,2829,2828,-1,
2831,2830,2828,-1,
2903,2901,2827,-1,
2815,2814,2827,-1,
2814,2919,2827,-1,
2819,2818,2827,-1,
2820,2819,2827,-1,
2821,2820,2827,-1,
2822,2821,2827,-1,
2823,2822,2827,-1,
2824,2823,2827,-1,
2825,2824,2827,-1,
2826,2825,2827,-1,
2832,2831,2827,-1,
2835,2832,2827,-1,
2836,2835,2827,-1,
2839,2838,2827,-1,
2910,2908,2827,-1,
2840,2839,2827,-1,
2841,2840,2827,-1,
2842,2841,2827,-1,
2843,2842,2827,-1,
2844,2843,2827,-1,
2845,2844,2827,-1,
2846,2845,2827,-1,
2919,2917,2827,-1,
2847,2846,2827,-1,
2848,2847,2827,-1,
2849,2848,2827,-1,
2850,2849,2827,-1,
2818,2815,2827,-1,
2851,2850,2827,-1,
2852,2851,2827,-1,
2853,2852,2827,-1,
2854,2853,2827,-1,
2913,2911,2827,-1,
2855,2854,2827,-1,
2838,2836,2827,-1,
2856,2855,2827,-1,
2857,2856,2827,-1,
2858,2857,2827,-1,
2859,2858,2827,-1,
2860,2859,2827,-1,
2861,2860,2827,-1,
2862,2861,2827,-1,
2863,2862,2827,-1,
2864,2863,2827,-1,
2865,2864,2827,-1,
2866,2865,2827,-1,
2867,2866,2827,-1,
2908,2903,2827,-1,
2868,2867,2827,-1,
2869,2868,2827,-1,
2870,2869,2827,-1,
2871,2870,2827,-1,
2872,2871,2827,-1,
2873,2872,2827,-1,
2874,2873,2827,-1,
2875,2874,2827,-1,
2876,2875,2827,-1,
2877,2876,2827,-1,
2878,2877,2827,-1,
2879,2878,2827,-1,
2880,2879,2827,-1,
2881,2880,2827,-1,
2882,2881,2827,-1,
2883,2882,2827,-1,
2884,2883,2827,-1,
2885,2884,2827,-1,
2886,2885,2827,-1,
2887,2886,2827,-1,
2888,2887,2827,-1,
2889,2888,2827,-1,
2890,2889,2827,-1,
2891,2890,2827,-1,
2892,2891,2827,-1,
2893,2892,2827,-1,
2831,2828,2827,-1,
2894,2893,2827,-1,
2895,2894,2827,-1,
2896,2895,2827,-1,
2897,2896,2827,-1,
2898,2897,2827,-1,
2899,2898,2827,-1,
2900,2899,2827,-1,
2901,2900,2827,-1,
2917,2913,2827,-1,
2911,2910,2827,-1,
2902,2901,2903,-1,
2905,2904,2906,-1,
2906,2904,2908,-1,
2904,2903,2908,-1,
2907,2906,2908,-1,
2909,2908,2910,-1,
2912,2911,2913,-1,
2914,2913,2915,-1,
2915,2913,2916,-1,
2916,2913,2917,-1,
2918,2917,2919,-1,
2816,2815,2817,-1,
2817,2815,2818,-1,
2838,2837,2836,-1,
2834,2833,2832,-1,
2835,2834,2832,-1,
2954,2955,2956,-1,
2954,2956,2957,-1,
2954,2957,2958,-1,
2954,2958,2959,-1,
2954,2959,2960,-1,
2954,2960,2961,-1,
2954,2961,2962,-1,
2954,2962,2963,-1,
2954,2963,2964,-1,
2954,2964,2965,-1,
2954,2965,2966,-1,
2954,2966,2967,-1,
2954,2967,2968,-1,
2954,2968,2969,-1,
2954,2969,2970,-1,
2981,2954,2970,-1,
2981,2970,2971,-1,
2981,2971,2972,-1,
2981,2972,2973,-1,
2981,2973,2974,-1,
2981,2974,2975,-1,
2981,2975,2976,-1,
2981,2976,2977,-1,
2981,2977,2978,-1,
2981,2978,2979,-1,
2981,2979,2980,-1,
2948,2949,2950,-1,
2989,2987,2988,-1,
2990,2986,2987,-1,
2990,2987,2989,-1,
2992,2990,2991,-1,
2944,2945,2946,-1,
2944,2946,2947,-1,
2944,2947,2948,-1,
2940,2941,2942,-1,
2997,2993,2994,-1,
2997,2994,2995,-1,
2997,2995,2996,-1,
2998,2993,2997,-1,
2998,2992,2993,-1,
2938,2939,2940,-1,
2938,2940,2942,-1,
3000,2998,2999,-1,
2934,2935,2936,-1,
2933,2936,2937,-1,
2933,2934,2936,-1,
3004,3000,3001,-1,
3004,3001,3002,-1,
3004,3002,3003,-1,
3005,3000,3004,-1,
2929,2930,2931,-1,
3009,2990,2992,-1,
3009,3000,3005,-1,
3009,2992,2998,-1,
3009,2998,3000,-1,
3009,2982,2983,-1,
3009,2983,2984,-1,
3009,2984,2985,-1,
3009,2985,2986,-1,
3009,3005,3006,-1,
3009,3006,3007,-1,
3009,3007,3008,-1,
3009,2986,2990,-1,
2923,2924,2925,-1,
2923,2925,2926,-1,
2921,2938,2942,-1,
2921,2922,2923,-1,
2921,2926,2927,-1,
2921,2927,2928,-1,
2921,2928,2929,-1,
2921,2931,2932,-1,
2921,2932,2933,-1,
2921,2937,2938,-1,
2921,2942,2943,-1,
2921,2943,2944,-1,
2921,2950,2951,-1,
2921,2951,2952,-1,
2921,2952,2953,-1,
2921,2929,2931,-1,
2921,2923,2926,-1,
2921,2933,2937,-1,
2921,2948,2950,-1,
2921,2944,2948,-1,
3010,2982,3009,-1,
3012,3010,3011,-1,
2920,2953,2954,-1,
2920,2954,2981,-1,
2920,2981,2982,-1,
2920,2921,2953,-1,
2920,2982,3010,-1,
3016,3012,3013,-1,
3016,3013,3014,-1,
3016,3014,3015,-1,
3017,3012,3016,-1,
3027,3028,3029,-1,
3027,3029,3030,-1,
3027,3030,2920,-1,
3025,3026,3027,-1,
3022,3020,3021,-1,
3022,3018,3019,-1,
3022,3019,3020,-1,
3024,3025,3027,-1,
3023,2920,3010,-1,
3023,3027,2920,-1,
3023,3024,3027,-1,
3023,3018,3022,-1,
3023,3010,3012,-1,
3023,3017,3018,-1,
3023,3012,3017,-1,
3124,3031,3032,-1,
3124,3032,3033,-1,
3124,3133,3134,-1,
3124,3033,3034,-1,
3124,3134,3135,-1,
3124,3128,3130,-1,
3124,3034,3035,-1,
3124,3135,3136,-1,
3124,3118,3120,-1,
3124,3035,3036,-1,
3124,3136,3031,-1,
3124,3036,3037,-1,
3124,3040,3041,-1,
3124,3041,3042,-1,
3124,3042,3043,-1,
3124,3043,3044,-1,
3124,3044,3045,-1,
3124,3047,3048,-1,
3124,3048,3049,-1,
3124,3131,3133,-1,
3124,3049,3050,-1,
3124,3050,3051,-1,
3124,3051,3052,-1,
3124,3052,3053,-1,
3124,3053,3054,-1,
3124,3054,3055,-1,
3124,3055,3056,-1,
3124,3056,3057,-1,
3124,3057,3058,-1,
3124,3058,3059,-1,
3124,3059,3060,-1,
3124,3095,3097,-1,
3124,3060,3061,-1,
3124,3061,3062,-1,
3124,3062,3063,-1,
3124,3063,3064,-1,
3124,3064,3065,-1,
3124,3065,3066,-1,
3124,3066,3067,-1,
3124,3067,3068,-1,
3124,3068,3069,-1,
3124,3069,3070,-1,
3124,3045,3047,-1,
3124,3070,3071,-1,
3124,3071,3072,-1,
3124,3072,3073,-1,
3124,3073,3074,-1,
3124,3074,3075,-1,
3124,3075,3076,-1,
3124,3076,3077,-1,
3124,3077,3078,-1,
3124,3108,3110,-1,
3124,3078,3079,-1,
3124,3079,3080,-1,
3124,3080,3081,-1,
3124,3081,3082,-1,
3124,3082,3083,-1,
3124,3083,3084,-1,
3124,3105,3107,-1,
3124,3084,3085,-1,
3124,3085,3086,-1,
3124,3086,3087,-1,
3124,3087,3088,-1,
3124,3088,3089,-1,
3124,3089,3090,-1,
3124,3090,3091,-1,
3124,3091,3092,-1,
3124,3097,3099,-1,
3124,3092,3093,-1,
3124,3093,3094,-1,
3124,3094,3095,-1,
3124,3099,3100,-1,
3124,3100,3101,-1,
3124,3101,3102,-1,
3124,3102,3103,-1,
3124,3103,3104,-1,
3124,3104,3105,-1,
3124,3107,3108,-1,
3124,3110,3111,-1,
3124,3111,3112,-1,
3124,3112,3114,-1,
3124,3114,3115,-1,
3124,3115,3116,-1,
3124,3120,3121,-1,
3124,3121,3122,-1,
3124,3122,3123,-1,
3124,3125,3126,-1,
3124,3126,3127,-1,
3124,3127,3128,-1,
3124,3116,3118,-1,
3124,3037,3040,-1,
3124,3130,3131,-1,
3045,3046,3047,-1,
3097,3095,3096,-1,
3099,3097,3098,-1,
3037,3038,3039,-1,
3037,3039,3040,-1,
3107,3105,3106,-1,
3110,3108,3109,-1,
3114,3112,3113,-1,
3131,3132,3133,-1,
3118,3116,3117,-1,
3128,3129,3130,-1,
3120,3118,3119,-1,
3167,3168,3166,-1,
3168,3169,3166,-1,
3169,3170,3166,-1,
3170,3171,3166,-1,
3171,3172,3166,-1,
3172,3173,3166,-1,
3173,3174,3166,-1,
3174,3175,3166,-1,
3175,3176,3166,-1,
3176,3177,3166,-1,
3177,3178,3166,-1,
3178,3179,3166,-1,
3179,3180,3166,-1,
3180,3181,3166,-1,
3181,3182,3166,-1,
3182,3183,3165,-1,
3183,3184,3165,-1,
3184,3185,3165,-1,
3185,3186,3165,-1,
3186,3187,3165,-1,
3187,3188,3165,-1,
3188,3189,3165,-1,
3189,3190,3165,-1,
3190,3191,3165,-1,
3191,3192,3165,-1,
3166,3182,3165,-1,
3166,3165,3193,-1,
3213,3214,3212,-1,
3208,3209,3207,-1,
3206,3207,3205,-1,
3204,3205,3203,-1,
3142,3143,3144,-1,
3202,3203,3201,-1,
3201,3203,3200,-1,
3145,3146,3148,-1,
3146,3147,3148,-1,
3199,3200,3198,-1,
3198,3200,3197,-1,
3148,3149,3150,-1,
3200,3203,3195,-1,
3196,3197,3195,-1,
3209,3210,3195,-1,
3210,3211,3195,-1,
3211,3212,3195,-1,
3214,3193,3195,-1,
3212,3214,3195,-1,
3197,3200,3195,-1,
3203,3205,3195,-1,
3207,3209,3195,-1,
3205,3207,3195,-1,
3165,3137,3194,-1,
3195,3193,3194,-1,
3193,3165,3194,-1,
3152,3153,3154,-1,
3151,3152,3155,-1,
3152,3154,3155,-1,
3156,3157,3158,-1,
3158,3159,3161,-1,
3159,3160,3161,-1,
3142,3144,3164,-1,
3137,3138,3164,-1,
3138,3139,3164,-1,
3139,3140,3164,-1,
3140,3141,3164,-1,
3141,3142,3164,-1,
3144,3145,3164,-1,
3150,3151,3164,-1,
3148,3150,3164,-1,
3155,3156,3164,-1,
3145,3148,3164,-1,
3161,3162,3164,-1,
3162,3163,3164,-1,
3194,3137,3164,-1,
3151,3155,3164,-1,
3156,3158,3164,-1,
3158,3161,3164,-1,
3220,3221,3219,-1,
3221,3215,3219,-1,
3218,3219,3217,-1,
3219,3215,3216,-1,
3217,3219,3216,-1,
3194,3164,3222,-1,
3215,3194,3222,-1,
3247,3248,3246,-1,
3245,3246,3244,-1,
3248,3216,3244,-1,
3246,3248,3244,-1,
3225,3226,3228,-1,
3226,3227,3228,-1,
3242,3243,3241,-1,
3243,3244,3241,-1,
3225,3228,3231,-1,
3223,3224,3231,-1,
3224,3225,3231,-1,
3228,3229,3231,-1,
3229,3230,3231,-1,
3240,3241,3239,-1,
3238,3239,3237,-1,
3231,3232,3235,-1,
3232,3233,3235,-1,
3233,3234,3235,-1,
3241,3244,3236,-1,
3239,3241,3236,-1,
3223,3231,3236,-1,
3237,3239,3236,-1,
3231,3235,3236,-1,
3216,3215,3236,-1,
3222,3223,3236,-1,
3215,3222,3236,-1,
3244,3216,3236,-1,
3254,3252,3253,-1,
3251,3254,3255,-1,
3251,3252,3254,-1,
3250,3255,3249,-1,
3250,3251,3255,-1,
3259,3258,3260,-1,
3261,3260,3257,-1,
3260,3258,3257,-1,
3262,3261,3256,-1,
3261,3257,3256,-1,
3266,3265,3263,-1,
3264,3266,3263,-1,
3270,3269,3267,-1,
3268,3270,3267,-1,
3273,3272,3271,-1,
3274,3275,3276,-1,
3277,3273,3274,-1,
3277,3272,3273,-1,
3277,3274,3276,-1,
3278,3279,3280,-1,
3279,3281,3280,-1,
3283,3288,3282,-1,
3286,3285,3284,-1,
3284,3282,3287,-1,
3282,3288,3287,-1,
3286,3284,3287,-1,
3291,3289,3290,-1,
3292,3291,3290,-1,
3296,3295,3293,-1,
3294,3296,3293,-1,
3299,3297,3298,-1,
3300,3299,3298,-1,
3303,3301,3302,-1,
3304,3303,3302,-1,
3308,3307,3305,-1,
3306,3308,3305,-1,
3309,3310,3311,-1,
3310,3312,3311,-1,
3316,3315,3313,-1,
3314,3316,3313,-1,
] } }
Shape { appearance Appearance { material Material { diffuseColor 0.580392 0.411765 0.000000 specularColor 0.2 0.2 0.2 shininess 0.45 } } geometry IndexedFaceSet { solid FALSE creaseAngle 0.6 coord Coordinate { point [
0.0000000 0.0000000 0.1377953,
0.1206143 0.0000000 0.1347826,
0.2411329 0.0000000 0.1257358,
0.3611893 0.0000000 0.1106693,
-0.1206143 -0.0000000 0.1347826,
-0.2411329 -0.0000000 0.1257358,
-0.3611893 -0.0000000 0.1106693,
-0.2732355 -0.2362205 0.1106693,
-0.2867781 -0.2195816 0.1106693,
-0.2993091 -0.2021677 0.1106693,
-0.3107842 -0.1840406 0.1106693,
-0.3211627 -0.1652642 0.1106693,
-0.3304082 -0.1459047 0.1106693,
-0.3384880 -0.1260302 0.1106693,
-0.3453735 -0.1057111 0.1106693,
-0.3510404 -0.0850197 0.1106693,
-0.3554688 -0.0640284 0.1106693,
-0.3586432 -0.0428114 0.1106693,
-0.3605522 -0.0214434 0.1106693,
-0.3088285 -0.2362205 0.1063386,
-0.3212187 -0.2190747 0.1063386,
-0.3326582 -0.2012802 0.1063386,
-0.3431129 -0.1828899 0.1063386,
-0.3525520 -0.1639582 0.1063386,
-0.3609474 -0.1445411 0.1063386,
-0.3682745 -0.1246960 0.1063386,
-0.3745113 -0.1044819 0.1063386,
-0.3796394 -0.0839588 0.1063386,
-0.3836438 -0.0631873 0.1063386,
-0.3865125 -0.0422290 0.1063386,
-0.3882371 -0.0211457 0.1063386,
-0.3888125 -0.0000000 0.1063386,
-0.5314961 -0.0000000 0.0787402,
0.5314961 0.0000000 0.0787402,
0.5307420 -0.0283014 0.0787402,
0.5284190 -0.0571092 0.0787402,
0.5244420 -0.0863054 0.0787402,
0.5187370 -0.1157585 0.0787402,
0.5112425 -0.1453243 0.0787402,
0.5019127 -0.1748476 0.0787402,
0.4907190 -0.2041640 0.0787402,
0.4776519 -0.2331025 0.0787402,
0.4642984 -0.2586794 0.0787402,
0.4510091 -0.2812096 0.0787402,
0.4365429 -0.3031804 0.0787402,
0.4209360 -0.3245011 0.0787402,
0.4042336 -0.3450844 0.0787402,
0.3864899 -0.3648474 0.0787402,
0.3677673 -0.3837125 0.0787402,
0.3481357 -0.4016088 0.0787402,
0.3276716 -0.4184727 0.0787402,
0.3064571 -0.4342489 0.0787402,
0.2845792 -0.4488906 0.0787402,
0.2621278 -0.4623603 0.0787402,
0.2391957 -0.4746299 0.0787402,
0.2158761 -0.4856805 0.0787402,
0.1922626 -0.4955029 0.0787402,
0.1684474 -0.5040968 0.0787402,
0.1445204 -0.5114703 0.0787402,
0.1205686 -0.5176401 0.0787402,
0.0966748 -0.5226299 0.0787402,
0.0729173 -0.5264705 0.0787402,
0.0493690 -0.5291982 0.0787402,
0.0260975 -0.5308550 0.0787402,
0.0031641 -0.5314866 0.0787402,
-0.0196728 -0.5311319 0.0787402,
-0.0428560 -0.5297654 0.0787402,
-0.0663337 -0.5273404 0.0787402,
-0.0900400 -0.5238138 0.0787402,
-0.1139035 -0.5191474 0.0787402,
-0.1378473 -0.5133090 0.0787402,
-0.1617898 -0.5062728 0.0787402,
-0.1856450 -0.4980201 0.0787402,
-0.2093239 -0.4885402 0.0787402,
-0.2327347 -0.4778312 0.0787402,
-0.2557842 -0.4658997 0.0787402,
-0.2783789 -0.4527618 0.0787402,
-0.3004257 -0.4384432 0.0787402,
-0.3218339 -0.4229787 0.0787402,
-0.3425155 -0.4064126 0.0787402,
-0.3623870 -0.3887978 0.0787402,
-0.3813701 -0.3701958 0.0787402,
-0.3993931 -0.3506754 0.0787402,
-0.4163913 -0.3303125 0.0787402,
-0.4323083 -0.3091886 0.0787402,
-0.4470963 -0.2873899 0.0787402,
-0.4607166 -0.2650062 0.0787402,
-0.4731397 -0.2421299 0.0787402,
-0.4843458 -0.2188543 0.0787402,
-0.4943243 -0.1952730 0.0787402,
-0.5030738 -0.1714783 0.0787402,
-0.5106015 -0.1475607 0.0787402,
-0.5169229 -0.1236073 0.0787402,
-0.5220609 -0.0997017 0.0787402,
-0.5260454 -0.0759227 0.0787402,
-0.5289122 -0.0523441 0.0787402,
-0.5307025 -0.0290339 0.0787402,
-0.5312998 -0.0144433 0.0787402,
0.3888125 0.0000000 0.1063386,
0.3882371 -0.0211457 0.1063386,
0.3865125 -0.0422290 0.1063386,
0.3836438 -0.0631874 0.1063386,
0.3796394 -0.0839588 0.1063386,
0.3745113 -0.1044819 0.1063386,
0.3682745 -0.1246960 0.1063386,
0.3609474 -0.1445411 0.1063386,
0.3525520 -0.1639582 0.1063386,
0.3431129 -0.1828899 0.1063386,
0.3326582 -0.2012802 0.1063386,
0.3212187 -0.2190747 0.1063386,
0.3088285 -0.2362205 0.1063386,
0.2732355 -0.2362205 0.1106693,
0.3605522 -0.0214434 0.1106693,
0.3586432 -0.0428114 0.1106693,
0.3554688 -0.0640284 0.1106693,
0.3510404 -0.0850197 0.1106693,
0.3453735 -0.1057112 0.1106693,
0.3384880 -0.1260302 0.1106693,
0.3304082 -0.1459047 0.1106693,
0.3211627 -0.1652642 0.1106693,
0.3107842 -0.1840406 0.1106693,
0.2993091 -0.2021677 0.1106693,
0.2867781 -0.2195816 0.1106693,
-0.0000000 -0.2670664 0.1229956,
0.0000000 0.0000000 0.1377953,
-0.1206143 -0.0000000 0.1347826,
-0.2411329 -0.0000000 0.1257358,
-0.3611893 -0.0000000 0.1106693,
0.1206143 0.0000000 0.1347826,
0.2411329 0.0000000 0.1257358,
0.3611893 0.0000000 0.1106693,
0.2732355 0.2362205 0.1106693,
0.2867781 0.2195816 0.1106693,
0.2993091 0.2021677 0.1106693,
0.3107842 0.1840406 0.1106693,
0.3211627 0.1652642 0.1106693,
0.3304082 0.1459047 0.1106693,
0.3384880 0.1260302 0.1106693,
0.3453735 0.1057111 0.1106693,
0.3510404 0.0850197 0.1106693,
0.3554688 0.0640284 0.1106693,
0.3586432 0.0428114 0.1106693,
0.3605522 0.0214434 0.1106693,
0.3088285 0.2362205 0.1063386,
0.3212187 0.2190747 0.1063386,
0.3326582 0.2012802 0.1063386,
0.3431129 0.1828899 0.1063386,
0.3525520 0.1639582 0.1063386,
0.3609474 0.1445411 0.1063386,
0.3682745 0.1246960 0.1063386,
0.3745113 0.1044819 0.1063386,
0.3796394 0.0839588 0.1063386,
0.3836438 0.0631873 0.1063386,
0.3865125 0.0422290 0.1063386,
0.3882371 0.0211457 0.1063386,
0.3888125 0.0000000 0.1063386,
0.5314961 0.0000000 0.0787402,
-0.5314961 -0.0000000 0.0787402,
-0.5307420 0.0283014 0.0787402,
-0.5284190 0.0571092 0.0787402,
-0.5244420 0.0863054 0.0787402,
-0.5187370 0.1157585 0.0787402,
-0.5112425 0.1453243 0.0787402,
-0.5019127 0.1748476 0.0787402,
-0.4907190 0.2041640 0.0787402,
-0.4776519 0.2331025 0.0787402,
-0.4642984 0.2586794 0.0787402,
-0.4510091 0.2812096 0.0787402,
-0.4365429 0.3031804 0.0787402,
-0.4209360 0.3245011 0.0787402,
-0.4042336 0.3450844 0.0787402,
-0.3864899 0.3648474 0.0787402,
-0.3677673 0.3837125 0.0787402,
-0.3481357 0.4016088 0.0787402,
-0.3276716 0.4184727 0.0787402,
-0.3064571 0.4342489 0.0787402,
-0.2845792 0.4488906 0.0787402,
-0.2621278 0.4623603 0.0787402,
-0.2391957 0.4746299 0.0787402,
-0.2158761 0.4856805 0.0787402,
-0.1922626 0.4955029 0.0787402,
-0.1684474 0.5040968 0.0787402,
-0.1445204 0.5114703 0.0787402,
-0.1205686 0.5176401 0.0787402,
-0.0966748 0.5226299 0.0787402,
-0.0729173 0.5264705 0.0787402,
-0.0493690 0.5291982 0.0787402,
-0.0260975 0.5308550 0.0787402,
-0.0031641 0.5314866 0.0787402,
0.0196728 0.5311319 0.0787402,
0.0428560 0.5297654 0.0787402,
0.0663337 0.5273404 0.0787402,
0.0900400 0.5238138 0.0787402,
0.1139035 0.5191474 0.0787402,
0.1378473 0.5133090 0.0787402,
0.1617898 0.5062728 0.0787402,
0.1856450 0.4980201 0.0787402,
0.2093239 0.4885402 0.0787402,
0.2327347 0.4778312 0.0787402,
0.2557842 0.4658997 0.0787402,
0.2783789 0.4527618 0.0787402,
0.3004257 0.4384432 0.0787402,
0.3218339 0.4229787 0.0787402,
0.3425155 0.4064126 0.0787402,
0.3623870 0.3887978 0.0787402,
0.3813701 0.3701958 0.0787402,
0.3993931 0.3506754 0.0787402,
0.4163913 0.3303125 0.0787402,
0.4323083 0.3091886 0.0787402,
0.4470963 0.2873899 0.0787402,
0.4607166 0.2650062 0.0787402,
0.4731397 0.2421299 0.0787402,
0.4843458 0.2188543 0.0787402,
0.4943243 0.1952730 0.0787402,
0.5030738 0.1714783 0.0787402,
0.5106015 0.1475607 0.0787402,
0.5169229 0.1236073 0.0787402,
0.5220609 0.0997017 0.0787402,
0.5260454 0.0759227 0.0787402,
0.5289122 0.0523441 0.0787402,
0.5307025 0.0290339 0.0787402,
0.5312998 0.0144433 0.0787402,
-0.3888125 -0.0000000 0.1063386,
-0.3882371 0.0211457 0.1063386,
-0.3865125 0.0422290 0.1063386,
-0.3836438 0.0631874 0.1063386,
-0.3796394 0.0839588 0.1063386,
-0.3745113 0.1044819 0.1063386,
-0.3682745 0.1246960 0.1063386,
-0.3609474 0.1445411 0.1063386,
-0.3525520 0.1639582 0.1063386,
-0.3431129 0.1828899 0.1063386,
-0.3326582 0.2012802 0.1063386,
-0.3212187 0.2190747 0.1063386,
-0.3088285 0.2362205 0.1063386,
-0.2732355 0.2362205 0.1106693,
-0.3605522 0.0214434 0.1106693,
-0.3586432 0.0428114 0.1106693,
-0.3554688 0.0640284 0.1106693,
-0.3510404 0.0850197 0.1106693,
-0.3453735 0.1057112 0.1106693,
-0.3384880 0.1260302 0.1106693,
-0.3304082 0.1459047 0.1106693,
-0.3211627 0.1652642 0.1106693,
-0.3107842 0.1840406 0.1106693,
-0.2993091 0.2021677 0.1106693,
-0.2867781 0.2195816 0.1106693,
0.0000000 0.2670664 0.1229956,
0.2732355 0.2362205 0.1106693,
0.6299213 0.2362205 0.1106693,
0.2867781 0.2195816 0.1106693,
0.2993091 0.2021677 0.1106693,
0.3107842 0.1840406 0.1106693,
0.3211627 0.1652642 0.1106693,
0.3304082 0.1459047 0.1106693,
0.3384880 0.1260302 0.1106693,
0.3453735 0.1057111 0.1106693,
0.3510404 0.0850197 0.1106693,
0.3554688 0.0640284 0.1106693,
0.3586432 0.0428114 0.1106693,
0.3605522 0.0214434 0.1106693,
0.3611893 0.0000000 0.1106693,
0.3605522 -0.0214434 0.1106693,
0.3586432 -0.0428114 0.1106693,
0.3554688 -0.0640284 0.1106693,
0.3510404 -0.0850197 0.1106693,
0.3453735 -0.1057112 0.1106693,
0.3384880 -0.1260302 0.1106693,
0.3304082 -0.1459047 0.1106693,
0.3211627 -0.1652642 0.1106693,
0.3107842 -0.1840406 0.1106693,
0.2993091 -0.2021677 0.1106693,
0.2867781 -0.2195816 0.1106693,
0.2732355 -0.2362205 0.1106693,
0.6299213 -0.2362205 0.1106693,
0.2732355 -0.2362205 0.1106693,
0.3088285 -0.2362205 0.1063386,
0.6299213 -0.2362205 0.1106693,
0.6299213 -0.2362205 0.1063386,
0.3088285 0.2362205 0.1063386,
0.6299213 0.2362205 0.1063386,
0.3212187 0.2190747 0.1063386,
0.3326582 0.2012802 0.1063386,
0.3431129 0.1828899 0.1063386,
0.3525520 0.1639582 0.1063386,
0.3609474 0.1445411 0.1063386,
0.3682745 0.1246960 0.1063386,
0.3745113 0.1044819 0.1063386,
0.3796394 0.0839588 0.1063386,
0.3836438 0.0631873 0.1063386,
0.3865125 0.0422290 0.1063386,
0.3882371 0.0211457 0.1063386,
0.3888125 0.0000000 0.1063386,
0.3882371 -0.0211457 0.1063386,
0.3865125 -0.0422290 0.1063386,
0.3836438 -0.0631874 0.1063386,
0.3796394 -0.0839588 0.1063386,
0.3745113 -0.1044819 0.1063386,
0.3682745 -0.1246960 0.1063386,
0.3609474 -0.1445411 0.1063386,
0.3525520 -0.1639582 0.1063386,
0.3431129 -0.1828899 0.1063386,
0.3326582 -0.2012802 0.1063386,
0.3212187 -0.2190747 0.1063386,
0.3088285 -0.2362205 0.1063386,
0.6299213 -0.2362205 0.1063386,
-0.5314961 -0.0000000 0.0787402,
-0.5307420 0.0283014 0.0787402,
-0.5284190 0.0571092 0.0787402,
-0.5244420 0.0863054 0.0787402,
-0.5187370 0.1157585 0.0787402,
-0.5112425 0.1453243 0.0787402,
-0.5019127 0.1748476 0.0787402,
-0.4907190 0.2041640 0.0787402,
-0.4776519 0.2331025 0.0787402,
-0.4642984 0.2586794 0.0787402,
-0.4510091 0.2812096 0.0787402,
-0.4365429 0.3031804 0.0787402,
-0.4209360 0.3245011 0.0787402,
-0.4042336 0.3450844 0.0787402,
-0.3864899 0.3648474 0.0787402,
-0.3677673 0.3837125 0.0787402,
-0.3481357 0.4016088 0.0787402,
-0.3276716 0.4184727 0.0787402,
-0.3064571 0.4342489 0.0787402,
-0.2845792 0.4488906 0.0787402,
-0.2621278 0.4623603 0.0787402,
-0.2391957 0.4746299 0.0787402,
-0.2158761 0.4856805 0.0787402,
-0.1922626 0.4955029 0.0787402,
-0.1684474 0.5040968 0.0787402,
-0.1445204 0.5114703 0.0787402,
-0.1205686 0.5176401 0.0787402,
-0.0966748 0.5226299 0.0787402,
-0.0729173 0.5264705 0.0787402,
-0.0493690 0.5291982 0.0787402,
-0.0260975 0.5308550 0.0787402,
-0.0031641 0.5314866 0.0787402,
0.0196728 0.5311319 0.0787402,
0.0428560 0.5297654 0.0787402,
0.0663337 0.5273404 0.0787402,
0.0900400 0.5238138 0.0787402,
0.1139035 0.5191474 0.0787402,
0.1378473 0.5133090 0.0787402,
0.1617898 0.5062728 0.0787402,
0.1856450 0.4980201 0.0787402,
0.2093239 0.4885402 0.0787402,
0.2327347 0.4778312 0.0787402,
0.2557842 0.4658997 0.0787402,
0.2783789 0.4527618 0.0787402,
0.3004257 0.4384432 0.0787402,
0.3218339 0.4229787 0.0787402,
0.3425155 0.4064126 0.0787402,
0.3623870 0.3887978 0.0787402,
0.3813701 0.3701958 0.0787402,
0.3993931 0.3506754 0.0787402,
0.4163913 0.3303125 0.0787402,
0.4323083 0.3091886 0.0787402,
0.4470963 0.2873899 0.0787402,
0.4607166 0.2650062 0.0787402,
0.4731397 0.2421299 0.0787402,
0.4843458 0.2188543 0.0787402,
0.4943243 0.1952730 0.0787402,
0.5030738 0.1714783 0.0787402,
0.5106015 0.1475607 0.0787402,
0.5169229 0.1236073 0.0787402,
0.5220609 0.0997017 0.0787402,
0.5260454 0.0759227 0.0787402,
0.5289122 0.0523441 0.0787402,
0.5307025 0.0290339 0.0787402,
0.5312998 0.0144433 0.0787402,
0.5314961 0.0000000 0.0787402,
0.5307420 -0.0283014 0.0787402,
0.5284190 -0.0571092 0.0787402,
0.5244420 -0.0863054 0.0787402,
0.5187370 -0.1157585 0.0787402,
0.5112425 -0.1453243 0.0787402,
0.5019127 -0.1748476 0.0787402,
0.4907190 -0.2041640 0.0787402,
0.4776519 -0.2331025 0.0787402,
0.4642984 -0.2586794 0.0787402,
0.4510091 -0.2812096 0.0787402,
0.4365429 -0.3031804 0.0787402,
0.4209360 -0.3245011 0.0787402,
0.4042336 -0.3450844 0.0787402,
0.3864899 -0.3648474 0.0787402,
0.3677673 -0.3837125 0.0787402,
0.3481357 -0.4016088 0.0787402,
0.3276716 -0.4184727 0.0787402,
0.3064571 -0.4342489 0.0787402,
0.2845792 -0.4488906 0.0787402,
0.2621278 -0.4623603 0.0787402,
0.2391957 -0.4746299 0.0787402,
0.2158761 -0.4856805 0.0787402,
0.1922626 -0.4955029 0.0787402,
0.1684474 -0.5040968 0.0787402,
0.1445204 -0.5114703 0.0787402,
0.1205686 -0.5176401 0.0787402,
0.0966748 -0.5226299 0.0787402,
0.0729173 -0.5264705 0.0787402,
0.0493690 -0.5291982 0.0787402,
0.0260975 -0.5308550 0.0787402,
0.0031641 -0.5314866 0.0787402,
-0.0196728 -0.5311319 0.0787402,
-0.0428560 -0.5297654 0.0787402,
-0.0663337 -0.5273404 0.0787402,
-0.0900400 -0.5238138 0.0787402,
-0.1139035 -0.5191474 0.0787402,
-0.1378473 -0.5133090 0.0787402,
-0.1617898 -0.5062728 0.0787402,
-0.1856450 -0.4980201 0.0787402,
-0.2093239 -0.4885402 0.0787402,
-0.2327347 -0.4778312 0.0787402,
-0.2557842 -0.4658997 0.0787402,
-0.2783789 -0.4527618 0.0787402,
-0.3004257 -0.4384432 0.0787402,
-0.3218339 -0.4229787 0.0787402,
-0.3425155 -0.4064126 0.0787402,
-0.3623870 -0.3887978 0.0787402,
-0.3813701 -0.3701958 0.0787402,
-0.3993931 -0.3506754 0.0787402,
-0.4163913 -0.3303125 0.0787402,
-0.4323083 -0.3091886 0.0787402,
-0.4470963 -0.2873899 0.0787402,
-0.4607166 -0.2650062 0.0787402,
-0.4731397 -0.2421299 0.0787402,
-0.4843458 -0.2188543 0.0787402,
-0.4943243 -0.1952730 0.0787402,
-0.5030738 -0.1714783 0.0787402,
-0.5106015 -0.1475607 0.0787402,
-0.5169229 -0.1236073 0.0787402,
-0.5220609 -0.0997017 0.0787402,
-0.5260454 -0.0759227 0.0787402,
-0.5289122 -0.0523441 0.0787402,
-0.5307025 -0.0290339 0.0787402,
-0.5312998 -0.0144433 0.0787402,
0.4332408 0.0000000 0.0787402,
0.4324851 -0.0255780 0.0787402,
0.4304582 -0.0490244 0.0787402,
0.4274845 -0.0703891 0.0787402,
0.4233768 -0.0919223 0.0787402,
0.4180986 -0.1135394 0.0787402,
0.4116213 -0.1351501 0.0787402,
0.4039253 -0.1566588 0.0787402,
0.3950009 -0.1779660 0.0787402,
0.3848490 -0.1989695 0.0787402,
0.3734816 -0.2195658 0.0787402,
0.3609222 -0.2396515 0.0787402,
0.3472058 -0.2591250 0.0787402,
0.3323790 -0.2778882 0.0787402,
0.3164992 -0.2958477 0.0787402,
0.2996342 -0.3129169 0.0787402,
0.2818609 -0.3290168 0.0787402,
0.2632646 -0.3440776 0.0787402,
0.2439372 -0.3580395 0.0787402,
0.2239759 -0.3708536 0.0787402,
0.2034818 -0.3824824 0.0787402,
0.1825579 -0.3928998 0.0787402,
0.1613079 -0.4020913 0.0787402,
0.1398345 -0.4100536 0.0787402,
0.1182377 -0.4167943 0.0787402,
0.0966141 -0.4223309 0.0787402,
0.0750552 -0.4266900 0.0787402,
0.0536471 -0.4299065 0.0787402,
0.0324690 -0.4320224 0.0787402,
0.0115933 -0.4330857 0.0787402,
-0.0089916 -0.4331475 0.0787402,
-0.0298245 -0.4322131 0.0787402,
-0.0509683 -0.4302323 0.0787402,
-0.0723518 -0.4271567 0.0787402,
-0.0938962 -0.4229434 0.0787402,
-0.1155166 -0.4175566 0.0787402,
-0.1371220 -0.4109686 0.0787402,
-0.1586164 -0.4031606 0.0787402,
-0.1799001 -0.3941238 0.0787402,
-0.2008707 -0.3838601 0.0787402,
-0.2214246 -0.3723826 0.0787402,
-0.2414585 -0.3597157 0.0787402,
-0.2608711 -0.3458958 0.0787402,
-0.2795646 -0.3309702 0.0787402,
-0.2974463 -0.3149974 0.0787402,
-0.3144300 -0.2980460 0.0787402,
-0.3304377 -0.2801938 0.0787402,
-0.3454003 -0.2615268 0.0787402,
-0.3592592 -0.2421373 0.0787402,
-0.3719664 -0.2221231 0.0787402,
-0.3834853 -0.2015854 0.0787402,
-0.3937910 -0.1806274 0.0787402,
-0.4028701 -0.1593527 0.0787402,
-0.4107203 -0.1378639 0.0787402,
-0.4173501 -0.1162607 0.0787402,
-0.4227778 -0.0946393 0.0787402,
-0.4270309 -0.0730908 0.0787402,
-0.4301450 -0.0517005 0.0787402,
-0.4321626 -0.0305471 0.0787402,
-0.4329749 -0.0151770 0.0787402,
-0.4332408 0.0000000 0.0787402,
-0.4324851 0.0255780 0.0787402,
-0.4304582 0.0490244 0.0787402,
-0.4274845 0.0703891 0.0787402,
-0.4233768 0.0919223 0.0787402,
-0.4180986 0.1135394 0.0787402,
-0.4116213 0.1351501 0.0787402,
-0.4039253 0.1566588 0.0787402,
-0.3950009 0.1779660 0.0787402,
-0.3848490 0.1989695 0.0787402,
-0.3734816 0.2195658 0.0787402,
-0.3609222 0.2396515 0.0787402,
-0.3472058 0.2591250 0.0787402,
-0.3323790 0.2778882 0.0787402,
-0.3164992 0.2958477 0.0787402,
-0.2996342 0.3129169 0.0787402,
-0.2818609 0.3290168 0.0787402,
-0.2632646 0.3440776 0.0787402,
-0.2439372 0.3580395 0.0787402,
-0.2239759 0.3708536 0.0787402,
-0.2034818 0.3824824 0.0787402,
-0.1825579 0.3928998 0.0787402,
-0.1613079 0.4020913 0.0787402,
-0.1398345 0.4100536 0.0787402,
-0.1182377 0.4167943 0.0787402,
-0.0966141 0.4223309 0.0787402,
-0.0750552 0.4266900 0.0787402,
-0.0536471 0.4299065 0.0787402,
-0.0324690 0.4320224 0.0787402,
-0.0115933 0.4330857 0.0787402,
0.0089916 0.4331475 0.0787402,
0.0298245 0.4322131 0.0787402,
0.0509683 0.4302323 0.0787402,
0.0723518 0.4271567 0.0787402,
0.0938962 0.4229434 0.0787402,
0.1155166 0.4175566 0.0787402,
0.1371220 0.4109686 0.0787402,
0.1586164 0.4031606 0.0787402,
0.1799001 0.3941238 0.0787402,
0.2008707 0.3838601 0.0787402,
0.2214246 0.3723826 0.0787402,
0.2414585 0.3597157 0.0787402,
0.2608711 0.3458958 0.0787402,
0.2795646 0.3309702 0.0787402,
0.2974463 0.3149974 0.0787402,
0.3144300 0.2980460 0.0787402,
0.3304377 0.2801938 0.0787402,
0.3454003 0.2615268 0.0787402,
0.3592592 0.2421373 0.0787402,
0.3719664 0.2221231 0.0787402,
0.3834853 0.2015854 0.0787402,
0.3937910 0.1806274 0.0787402,
0.4028701 0.1593527 0.0787402,
0.4107203 0.1378639 0.0787402,
0.4173501 0.1162607 0.0787402,
0.4227778 0.0946393 0.0787402,
0.4270309 0.0730908 0.0787402,
0.4301450 0.0517005 0.0787402,
0.4321626 0.0305471 0.0787402,
0.4329749 0.0151770 0.0787402,
-0.6299213 0.2362205 0.1063386,
-0.3088285 0.2362205 0.1063386,
-0.6299213 -0.2362205 0.1063386,
-0.3088285 -0.2362205 0.1063386,
-0.3212187 -0.2190747 0.1063386,
-0.3326582 -0.2012802 0.1063386,
-0.3431129 -0.1828899 0.1063386,
-0.3525520 -0.1639582 0.1063386,
-0.3609474 -0.1445411 0.1063386,
-0.3682745 -0.1246960 0.1063386,
-0.3745113 -0.1044819 0.1063386,
-0.3796394 -0.0839588 0.1063386,
-0.3836438 -0.0631873 0.1063386,
-0.3865125 -0.0422290 0.1063386,
-0.3882371 -0.0211457 0.1063386,
-0.3888125 -0.0000000 0.1063386,
-0.3882371 0.0211457 0.1063386,
-0.3865125 0.0422290 0.1063386,
-0.3836438 0.0631874 0.1063386,
-0.3796394 0.0839588 0.1063386,
-0.3745113 0.1044819 0.1063386,
-0.3682745 0.1246960 0.1063386,
-0.3609474 0.1445411 0.1063386,
-0.3525520 0.1639582 0.1063386,
-0.3431129 0.1828899 0.1063386,
-0.3326582 0.2012802 0.1063386,
-0.3212187 0.2190747 0.1063386,
-0.6299213 -0.2362205 0.1063386,
-0.3088285 -0.2362205 0.1063386,
-0.6299213 -0.2362205 0.1106693,
-0.2732355 -0.2362205 0.1106693,
-0.6299213 0.2362205 0.1106693,
-0.2732355 0.2362205 0.1106693,
-0.6299213 -0.2362205 0.1106693,
-0.2732355 -0.2362205 0.1106693,
-0.2867781 -0.2195816 0.1106693,
-0.2993091 -0.2021677 0.1106693,
-0.3107842 -0.1840406 0.1106693,
-0.3211627 -0.1652642 0.1106693,
-0.3304082 -0.1459047 0.1106693,
-0.3384880 -0.1260302 0.1106693,
-0.3453735 -0.1057111 0.1106693,
-0.3510404 -0.0850197 0.1106693,
-0.3554688 -0.0640284 0.1106693,
-0.3586432 -0.0428114 0.1106693,
-0.3605522 -0.0214434 0.1106693,
-0.3611893 -0.0000000 0.1106693,
-0.3605522 0.0214434 0.1106693,
-0.3586432 0.0428114 0.1106693,
-0.3554688 0.0640284 0.1106693,
-0.3510404 0.0850197 0.1106693,
-0.3453735 0.1057112 0.1106693,
-0.3384880 0.1260302 0.1106693,
-0.3304082 0.1459047 0.1106693,
-0.3211627 0.1652642 0.1106693,
-0.3107842 0.1840406 0.1106693,
-0.2993091 0.2021677 0.1106693,
-0.2867781 0.2195816 0.1106693,
-0.6299213 0.2362205 0.1063386,
-0.3088285 0.2362205 0.1063386,
-0.6299213 0.2362205 0.1106693,
-0.2732355 0.2362205 0.1106693,
0.2732355 0.2362205 0.1106693,
0.3088285 0.2362205 0.1063386,
0.6299213 0.2362205 0.1106693,
0.6299213 0.2362205 0.1063386,
0.6299213 -0.2362205 0.1063386,
0.6299213 -0.2362205 0.1106693,
0.6299213 0.2362205 0.1063386,
0.6299213 0.2362205 0.1106693,
-0.4332408 0.0000000 0.0787402,
-0.4324851 0.0255780 0.0787402,
-0.4304582 0.0490244 0.0787402,
-0.4274845 0.0703891 0.0787402,
-0.4233768 0.0919223 0.0787402,
-0.4180986 0.1135394 0.0787402,
-0.4116213 0.1351501 0.0787402,
-0.4039253 0.1566588 0.0787402,
-0.3950009 0.1779660 0.0787402,
-0.3848490 0.1989695 0.0787402,
-0.3734816 0.2195658 0.0787402,
-0.3609222 0.2396515 0.0787402,
-0.3472058 0.2591250 0.0787402,
-0.3323790 0.2778882 0.0787402,
-0.3164992 0.2958477 0.0787402,
-0.2996342 0.3129169 0.0787402,
-0.2818609 0.3290168 0.0787402,
-0.2632646 0.3440776 0.0787402,
-0.2439372 0.3580395 0.0787402,
-0.2239759 0.3708536 0.0787402,
-0.2034818 0.3824824 0.0787402,
-0.1825579 0.3928998 0.0787402,
-0.1613079 0.4020913 0.0787402,
-0.1398345 0.4100536 0.0787402,
-0.1182377 0.4167943 0.0787402,
-0.0966141 0.4223309 0.0787402,
-0.0750552 0.4266900 0.0787402,
-0.0536471 0.4299065 0.0787402,
-0.0324690 0.4320224 0.0787402,
-0.0115933 0.4330857 0.0787402,
0.0089916 0.4331475 0.0787402,
0.0298245 0.4322131 0.0787402,
0.0509683 0.4302323 0.0787402,
0.0723518 0.4271567 0.0787402,
0.0938962 0.4229434 0.0787402,
0.1155166 0.4175566 0.0787402,
0.1371220 0.4109686 0.0787402,
0.1586164 0.4031606 0.0787402,
0.1799001 0.3941238 0.0787402,
0.2008707 0.3838601 0.0787402,
0.2214246 0.3723826 0.0787402,
0.2414585 0.3597157 0.0787402,
0.2608711 0.3458958 0.0787402,
0.2795646 0.3309702 0.0787402,
0.2974463 0.3149974 0.0787402,
0.3144300 0.2980460 0.0787402,
0.3304377 0.2801938 0.0787402,
0.3454003 0.2615268 0.0787402,
0.3592592 0.2421373 0.0787402,
0.3719664 0.2221231 0.0787402,
0.3834853 0.2015854 0.0787402,
0.3937910 0.1806274 0.0787402,
0.4028701 0.1593527 0.0787402,
0.4107203 0.1378639 0.0787402,
0.4173501 0.1162607 0.0787402,
0.4227778 0.0946393 0.0787402,
0.4270309 0.0730908 0.0787402,
0.4301450 0.0517005 0.0787402,
0.4321626 0.0305471 0.0787402,
0.4329749 0.0151770 0.0787402,
0.4332408 0.0000000 0.0787402,
-0.2374547 0.0000000 0.1063386,
-0.3247341 0.0000000 0.0960562,
-0.3790846 0.0000000 0.0880151,
-0.2370625 0.0136419 0.1063386,
-0.2358872 0.0272388 0.1063386,
-0.2339327 0.0407458 0.1063386,
-0.2312054 0.0541182 0.1063386,
-0.2277144 0.0673120 0.1063386,
-0.2234711 0.0802833 0.1063386,
-0.2184896 0.0929894 0.1063386,
-0.2127863 0.1053884 0.1063386,
-0.2063801 0.1174393 0.1063386,
-0.1992922 0.1291022 0.1063386,
-0.1939814 0.1369524 0.1063386,
-0.1878986 0.1451856 0.1063386,
-0.1814666 0.1531489 0.1063386,
-0.1746975 0.1608277 0.1063386,
-0.1676036 0.1682075 0.1063386,
-0.1601983 0.1752748 0.1063386,
-0.1524953 0.1820163 0.1063386,
-0.1445090 0.1884195 0.1063386,
-0.1362539 0.1944726 0.1063386,
-0.1277457 0.2001644 0.1063386,
-0.1190000 0.2054841 0.1063386,
-0.1100333 0.2104220 0.1063386,
-0.1008622 0.2149688 0.1063386,
-0.0915036 0.2191160 0.1063386,
-0.0819749 0.2228561 0.1063386,
-0.0722939 0.2261821 0.1063386,
-0.0624786 0.2290877 0.1063386,
-0.0525474 0.2315675 0.1063386,
-0.0425186 0.2336170 0.1063386,
-0.0333743 0.2350976 0.1063386,
-0.0241791 0.2362205 0.1063386,
0.0241791 0.2362205 0.1063386,
-0.0000000 0.2362205 0.1064609,
0.0377103 0.2344412 0.1063386,
0.0511168 0.2318875 0.1063386,
0.0643546 0.2285678 0.1063386,
0.0773798 0.2244930 0.1063386,
0.0901495 0.2196766 0.1063386,
0.1026215 0.2141345 0.1063386,
0.1147545 0.2078849 0.1063386,
0.1265084 0.2009486 0.1063386,
0.1378445 0.1933484 0.1063386,
0.1487252 0.1851096 0.1063386,
0.1591146 0.1762592 0.1063386,
0.1689783 0.1668265 0.1063386,
0.1782839 0.1568426 0.1063386,
0.1870004 0.1463406 0.1063386,
0.1950993 0.1353552 0.1063386,
0.2025535 0.1239226 0.1063386,
0.2093387 0.1120806 0.1063386,
0.2135836 0.1037632 0.1063386,
0.2178573 0.0944613 0.1063386,
0.2217261 0.0849839 0.1063386,
0.2251829 0.0753485 0.1063386,
0.2282212 0.0655732 0.1063386,
0.2308353 0.0556759 0.1063386,
0.2330204 0.0456751 0.1063386,
0.2347725 0.0355896 0.1063386,
0.2360882 0.0254379 0.1063386,
0.2369652 0.0152390 0.1063386,
0.2373323 0.0076234 0.1063386,
0.2374547 0.0000000 0.1063386,
0.3247341 0.0000000 0.0960562,
0.3790846 0.0000000 0.0880151,
0.4332408 0.0000000 0.0787402,
0.4324851 -0.0255780 0.0787402,
0.4304582 -0.0490244 0.0787402,
0.4274845 -0.0703891 0.0787402,
0.4233768 -0.0919223 0.0787402,
0.4180986 -0.1135394 0.0787402,
0.4116213 -0.1351501 0.0787402,
0.4039253 -0.1566588 0.0787402,
0.3950009 -0.1779660 0.0787402,
0.3848490 -0.1989695 0.0787402,
0.3734816 -0.2195658 0.0787402,
0.3609222 -0.2396515 0.0787402,
0.3472058 -0.2591250 0.0787402,
0.3323790 -0.2778882 0.0787402,
0.3164992 -0.2958477 0.0787402,
0.2996342 -0.3129169 0.0787402,
0.2818609 -0.3290168 0.0787402,
0.2632646 -0.3440776 0.0787402,
0.2439372 -0.3580395 0.0787402,
0.2239759 -0.3708536 0.0787402,
0.2034818 -0.3824824 0.0787402,
0.1825579 -0.3928998 0.0787402,
0.1613079 -0.4020913 0.0787402,
0.1398345 -0.4100536 0.0787402,
0.1182377 -0.4167943 0.0787402,
0.0966141 -0.4223309 0.0787402,
0.0750552 -0.4266900 0.0787402,
0.0536471 -0.4299065 0.0787402,
0.0324690 -0.4320224 0.0787402,
0.0115933 -0.4330857 0.0787402,
-0.0089916 -0.4331475 0.0787402,
-0.0298245 -0.4322131 0.0787402,
-0.0509683 -0.4302323 0.0787402,
-0.0723518 -0.4271567 0.0787402,
-0.0938962 -0.4229434 0.0787402,
-0.1155166 -0.4175566 0.0787402,
-0.1371220 -0.4109686 0.0787402,
-0.1586164 -0.4031606 0.0787402,
-0.1799001 -0.3941238 0.0787402,
-0.2008707 -0.3838601 0.0787402,
-0.2214246 -0.3723826 0.0787402,
-0.2414585 -0.3597157 0.0787402,
-0.2608711 -0.3458958 0.0787402,
-0.2795646 -0.3309702 0.0787402,
-0.2974463 -0.3149974 0.0787402,
-0.3144300 -0.2980460 0.0787402,
-0.3304377 -0.2801938 0.0787402,
-0.3454003 -0.2615268 0.0787402,
-0.3592592 -0.2421373 0.0787402,
-0.3719664 -0.2221231 0.0787402,
-0.3834853 -0.2015854 0.0787402,
-0.3937910 -0.1806274 0.0787402,
-0.4028701 -0.1593527 0.0787402,
-0.4107203 -0.1378639 0.0787402,
-0.4173501 -0.1162607 0.0787402,
-0.4227778 -0.0946393 0.0787402,
-0.4270309 -0.0730908 0.0787402,
-0.4301450 -0.0517005 0.0787402,
-0.4321626 -0.0305471 0.0787402,
-0.4329749 -0.0151770 0.0787402,
-0.4332408 0.0000000 0.0787402,
0.2374547 0.0000000 0.1063386,
0.3247341 0.0000000 0.0960562,
0.3790846 0.0000000 0.0880151,
0.2370625 -0.0136419 0.1063386,
0.2358872 -0.0272388 0.1063386,
0.2339327 -0.0407458 0.1063386,
0.2312054 -0.0541182 0.1063386,
0.2277144 -0.0673120 0.1063386,
0.2234711 -0.0802833 0.1063386,
0.2184896 -0.0929894 0.1063386,
0.2127863 -0.1053884 0.1063386,
0.2063801 -0.1174393 0.1063386,
0.1992922 -0.1291022 0.1063386,
0.1939814 -0.1369524 0.1063386,
0.1878986 -0.1451856 0.1063386,
0.1814666 -0.1531489 0.1063386,
0.1746975 -0.1608277 0.1063386,
0.1676036 -0.1682075 0.1063386,
0.1601983 -0.1752748 0.1063386,
0.1524953 -0.1820163 0.1063386,
0.1445090 -0.1884195 0.1063386,
0.1362539 -0.1944726 0.1063386,
0.1277457 -0.2001644 0.1063386,
0.1190000 -0.2054841 0.1063386,
0.1100333 -0.2104220 0.1063386,
0.1008622 -0.2149688 0.1063386,
0.0915036 -0.2191160 0.1063386,
0.0819749 -0.2228561 0.1063386,
0.0722939 -0.2261821 0.1063386,
0.0624786 -0.2290877 0.1063386,
0.0525474 -0.2315675 0.1063386,
0.0425186 -0.2336170 0.1063386,
0.0333743 -0.2350976 0.1063386,
0.0241791 -0.2362205 0.1063386,
-0.0000000 -0.2362205 0.1064609,
-0.0241791 -0.2362205 0.1063386,
-0.0377103 -0.2344412 0.1063386,
-0.0511168 -0.2318875 0.1063386,
-0.0643546 -0.2285678 0.1063386,
-0.0773798 -0.2244930 0.1063386,
-0.0901495 -0.2196766 0.1063386,
-0.1026215 -0.2141345 0.1063386,
-0.1147545 -0.2078849 0.1063386,
-0.1265084 -0.2009486 0.1063386,
-0.1378445 -0.1933484 0.1063386,
-0.1487252 -0.1851096 0.1063386,
-0.1591146 -0.1762592 0.1063386,
-0.1689783 -0.1668265 0.1063386,
-0.1782839 -0.1568426 0.1063386,
-0.1870004 -0.1463406 0.1063386,
-0.1950993 -0.1353552 0.1063386,
-0.2025535 -0.1239226 0.1063386,
-0.2093387 -0.1120806 0.1063386,
-0.2135836 -0.1037632 0.1063386,
-0.2178573 -0.0944613 0.1063386,
-0.2217261 -0.0849839 0.1063386,
-0.2251829 -0.0753485 0.1063386,
-0.2282212 -0.0655732 0.1063386,
-0.2308353 -0.0556759 0.1063386,
-0.2330204 -0.0456751 0.1063386,
-0.2347725 -0.0355896 0.1063386,
-0.2360882 -0.0254379 0.1063386,
-0.2369652 -0.0152390 0.1063386,
-0.2373323 -0.0076234 0.1063386,
-0.2374547 0.0000000 0.1063386,
-0.3247341 0.0000000 0.0960562,
-0.3790846 0.0000000 0.0880151,
-0.6299213 -0.2362205 0.1063386,
-0.6299213 -0.2362205 0.1106693,
-0.6299213 0.2362205 0.1063386,
-0.6299213 0.2362205 0.1106693,
-0.0241791 0.2362205 0.1063386,
-0.0080597 0.2362205 0.1063386,
0.0241791 0.2362205 0.1063386,
-0.2374547 0.0000000 0.1063386,
-0.2370625 0.0136419 0.1063386,
-0.2358872 0.0272388 0.1063386,
-0.2339327 0.0407458 0.1063386,
-0.2312054 0.0541182 0.1063386,
-0.2277144 0.0673120 0.1063386,
-0.2234711 0.0802833 0.1063386,
-0.2184896 0.0929894 0.1063386,
-0.2127863 0.1053884 0.1063386,
-0.2063801 0.1174393 0.1063386,
-0.1992922 0.1291022 0.1063386,
-0.1939814 0.1369524 0.1063386,
-0.1878986 0.1451856 0.1063386,
-0.1814666 0.1531489 0.1063386,
-0.1746975 0.1608277 0.1063386,
-0.1676036 0.1682075 0.1063386,
-0.1601983 0.1752748 0.1063386,
-0.1524953 0.1820163 0.1063386,
-0.1445090 0.1884195 0.1063386,
-0.1362539 0.1944726 0.1063386,
-0.1277457 0.2001644 0.1063386,
-0.1190000 0.2054841 0.1063386,
-0.1100333 0.2104220 0.1063386,
-0.1008622 0.2149688 0.1063386,
-0.0915036 0.2191160 0.1063386,
-0.0819749 0.2228561 0.1063386,
-0.0722939 0.2261821 0.1063386,
-0.0624786 0.2290877 0.1063386,
-0.0525474 0.2315675 0.1063386,
-0.0425186 0.2336170 0.1063386,
-0.0333743 0.2350976 0.1063386,
-0.0241791 -0.2362205 0.1063386,
-0.0377103 -0.2344412 0.1063386,
-0.0511168 -0.2318875 0.1063386,
-0.0643546 -0.2285678 0.1063386,
-0.0773798 -0.2244930 0.1063386,
-0.0901495 -0.2196766 0.1063386,
-0.1026215 -0.2141345 0.1063386,
-0.1147545 -0.2078849 0.1063386,
-0.1265084 -0.2009486 0.1063386,
-0.1378445 -0.1933484 0.1063386,
-0.1487252 -0.1851096 0.1063386,
-0.1591146 -0.1762592 0.1063386,
-0.1689783 -0.1668265 0.1063386,
-0.1782839 -0.1568426 0.1063386,
-0.1870004 -0.1463406 0.1063386,
-0.1950993 -0.1353552 0.1063386,
-0.2025535 -0.1239226 0.1063386,
-0.2093387 -0.1120806 0.1063386,
-0.2135836 -0.1037632 0.1063386,
-0.2178573 -0.0944613 0.1063386,
-0.2217261 -0.0849839 0.1063386,
-0.2251829 -0.0753485 0.1063386,
-0.2282212 -0.0655732 0.1063386,
-0.2308353 -0.0556759 0.1063386,
-0.2330204 -0.0456751 0.1063386,
-0.2347725 -0.0355896 0.1063386,
-0.2360882 -0.0254379 0.1063386,
-0.2369652 -0.0152390 0.1063386,
-0.2373323 -0.0076234 0.1063386,
-0.0080597 -0.2362205 0.1063386,
0.0241791 -0.2362205 0.1063386,
0.2374547 0.0000000 0.1063386,
0.2370625 -0.0136419 0.1063386,
0.2358872 -0.0272388 0.1063386,
0.2339327 -0.0407458 0.1063386,
0.2312054 -0.0541182 0.1063386,
0.2277144 -0.0673120 0.1063386,
0.2234711 -0.0802833 0.1063386,
0.2184896 -0.0929894 0.1063386,
0.2127863 -0.1053884 0.1063386,
0.2063801 -0.1174393 0.1063386,
0.1992922 -0.1291022 0.1063386,
0.1939814 -0.1369524 0.1063386,
0.1878986 -0.1451856 0.1063386,
0.1814666 -0.1531489 0.1063386,
0.1746975 -0.1608277 0.1063386,
0.1676036 -0.1682075 0.1063386,
0.1601983 -0.1752748 0.1063386,
0.1524953 -0.1820163 0.1063386,
0.1445090 -0.1884195 0.1063386,
0.1362539 -0.1944726 0.1063386,
0.1277457 -0.2001644 0.1063386,
0.1190000 -0.2054841 0.1063386,
0.1100333 -0.2104220 0.1063386,
0.1008622 -0.2149688 0.1063386,
0.0915036 -0.2191160 0.1063386,
0.0819749 -0.2228561 0.1063386,
0.0722939 -0.2261821 0.1063386,
0.0624786 -0.2290877 0.1063386,
0.0525474 -0.2315675 0.1063386,
0.0425186 -0.2336170 0.1063386,
0.0333743 -0.2350976 0.1063386,
0.0377103 0.2344412 0.1063386,
0.0511168 0.2318875 0.1063386,
0.0643546 0.2285678 0.1063386,
0.0773798 0.2244930 0.1063386,
0.0901495 0.2196766 0.1063386,
0.1026215 0.2141345 0.1063386,
0.1147545 0.2078849 0.1063386,
0.1265084 0.2009486 0.1063386,
0.1378445 0.1933484 0.1063386,
0.1487252 0.1851096 0.1063386,
0.1591146 0.1762592 0.1063386,
0.1689783 0.1668265 0.1063386,
0.1782839 0.1568426 0.1063386,
0.1870004 0.1463406 0.1063386,
0.1950993 0.1353552 0.1063386,
0.2025535 0.1239226 0.1063386,
0.2093387 0.1120806 0.1063386,
0.2135836 0.1037632 0.1063386,
0.2178573 0.0944613 0.1063386,
0.2217261 0.0849839 0.1063386,
0.2251829 0.0753485 0.1063386,
0.2282212 0.0655732 0.1063386,
0.2308353 0.0556759 0.1063386,
0.2330204 0.0456751 0.1063386,
0.2347725 0.0355896 0.1063386,
0.2360882 0.0254379 0.1063386,
0.2369652 0.0152390 0.1063386,
0.2373323 0.0076234 0.1063386,
-0.0241791 0.2362205 0.1063386,
-0.0080597 0.2362205 0.1063386,
0.0241791 0.2362205 0.1063386,
-0.0000000 0.2362205 0.1064609,
-0.0241791 -0.2362205 0.1063386,
-0.0080597 -0.2362205 0.1063386,
0.0241791 -0.2362205 0.1063386,
-0.0000000 -0.2362205 0.1064609,
-0.1888579 0.0000000 0.1106693,
-0.1885402 0.0109493 0.1106693,
-0.1875882 0.0218619 0.1106693,
-0.1860052 0.0327009 0.1106693,
-0.1837964 0.0434300 0.1106693,
-0.1809693 0.0540130 0.1106693,
-0.1775334 0.0644143 0.1106693,
-0.1735002 0.0745988 0.1106693,
-0.1688833 0.0845324 0.1106693,
-0.1636982 0.0941817 0.1106693,
-0.1579624 0.1035141 0.1106693,
-0.1516952 0.1124982 0.1106693,
-0.1449177 0.1211039 0.1106693,
-0.1388734 0.1279902 0.1106693,
-0.1331752 0.1339092 0.1106693,
-0.1281244 0.1387495 0.1106693,
-0.1219684 0.1441909 0.1106693,
-0.1147675 0.1499857 0.1106693,
-0.1072918 0.1554213 0.1106693,
-0.0995590 0.1604846 0.1106693,
-0.0915878 0.1651635 0.1106693,
-0.0833972 0.1694467 0.1106693,
-0.0750070 0.1733241 0.1106693,
-0.0664370 0.1767864 0.1106693,
-0.0577079 0.1798252 0.1106693,
-0.0488407 0.1824332 0.1106693,
-0.0398564 0.1846043 0.1106693,
-0.0307767 0.1863333 0.1106693,
-0.0216233 0.1876159 0.1106693,
-0.0124181 0.1884492 0.1106693,
-0.0031832 0.1888310 0.1106693,
0.0060594 0.1887606 0.1106693,
0.0152874 0.1882381 0.1106693,
0.0244788 0.1872647 0.1106693,
0.0336117 0.1858428 0.1106693,
0.0426640 0.1839758 0.1106693,
0.0516141 0.1816680 0.1106693,
0.0604406 0.1789252 0.1106693,
0.0691224 0.1757538 0.1106693,
0.0776386 0.1721614 0.1106693,
0.0859689 0.1681566 0.1106693,
0.0940932 0.1637491 0.1106693,
0.1019922 0.1589493 0.1106693,
0.1096470 0.1537688 0.1106693,
0.1170390 0.1482200 0.1106693,
0.1241508 0.1423161 0.1106693,
0.1309652 0.1360714 0.1106693,
0.1374658 0.1295007 0.1106693,
0.1420602 0.1244435 0.1106693,
0.1464687 0.1192234 0.1106693,
0.1506261 0.1139258 0.1106693,
0.1545919 0.1084833 0.1106693,
0.1583612 0.1029030 0.1106693,
0.1619292 0.0971918 0.1106693,
0.1652912 0.0913570 0.1106693,
0.1684431 0.0854061 0.1106693,
0.1713809 0.0793466 0.1106693,
0.1741007 0.0731863 0.1106693,
0.1765992 0.0669328 0.1106693,
0.1788732 0.0605943 0.1106693,
0.1809198 0.0541787 0.1106693,
0.1827363 0.0476943 0.1106693,
0.1843205 0.0411492 0.1106693,
0.1856703 0.0345518 0.1106693,
0.1867841 0.0279105 0.1106693,
0.1876604 0.0212338 0.1106693,
0.1882981 0.0145300 0.1106693,
0.1886964 0.0078078 0.1106693,
0.1888175 0.0039047 0.1106693,
0.1888579 0.0000000 0.1106693,
-0.0000000 0.0000000 0.1181102,
-0.0839540 0.0000000 0.1166413,
-0.1364246 0.0000000 0.1142298,
0.0839540 0.0000000 0.1166413,
0.1364246 0.0000000 0.1142298,
0.0000000 0.0944360 0.1162515,
0.1888579 0.0000000 0.1106693,
0.1885402 -0.0109493 0.1106693,
0.1875882 -0.0218619 0.1106693,
0.1860052 -0.0327009 0.1106693,
0.1837964 -0.0434300 0.1106693,
0.1809693 -0.0540130 0.1106693,
0.1775334 -0.0644143 0.1106693,
0.1735002 -0.0745988 0.1106693,
0.1688833 -0.0845324 0.1106693,
0.1636982 -0.0941817 0.1106693,
0.1579624 -0.1035141 0.1106693,
0.1516952 -0.1124982 0.1106693,
0.1449177 -0.1211039 0.1106693,
0.1388734 -0.1279902 0.1106693,
0.1331752 -0.1339092 0.1106693,
0.1281244 -0.1387495 0.1106693,
0.1219684 -0.1441909 0.1106693,
0.1147675 -0.1499857 0.1106693,
0.1072918 -0.1554213 0.1106693,
0.0995590 -0.1604846 0.1106693,
0.0915878 -0.1651635 0.1106693,
0.0833972 -0.1694467 0.1106693,
0.0750070 -0.1733241 0.1106693,
0.0664370 -0.1767864 0.1106693,
0.0577079 -0.1798252 0.1106693,
0.0488407 -0.1824332 0.1106693,
0.0398564 -0.1846043 0.1106693,
0.0307767 -0.1863333 0.1106693,
0.0216233 -0.1876159 0.1106693,
0.0124181 -0.1884492 0.1106693,
0.0031832 -0.1888310 0.1106693,
-0.0060594 -0.1887606 0.1106693,
-0.0152874 -0.1882381 0.1106693,
-0.0244788 -0.1872647 0.1106693,
-0.0336117 -0.1858428 0.1106693,
-0.0426640 -0.1839758 0.1106693,
-0.0516141 -0.1816680 0.1106693,
-0.0604406 -0.1789252 0.1106693,
-0.0691224 -0.1757538 0.1106693,
-0.0776386 -0.1721614 0.1106693,
-0.0859689 -0.1681566 0.1106693,
-0.0940932 -0.1637491 0.1106693,
-0.1019922 -0.1589493 0.1106693,
-0.1096470 -0.1537688 0.1106693,
-0.1170390 -0.1482200 0.1106693,
-0.1241508 -0.1423161 0.1106693,
-0.1309652 -0.1360714 0.1106693,
-0.1374658 -0.1295007 0.1106693,
-0.1420602 -0.1244435 0.1106693,
-0.1464687 -0.1192234 0.1106693,
-0.1506261 -0.1139258 0.1106693,
-0.1545919 -0.1084833 0.1106693,
-0.1583612 -0.1029030 0.1106693,
-0.1619292 -0.0971918 0.1106693,
-0.1652912 -0.0913570 0.1106693,
-0.1684431 -0.0854061 0.1106693,
-0.1713809 -0.0793466 0.1106693,
-0.1741007 -0.0731863 0.1106693,
-0.1765992 -0.0669328 0.1106693,
-0.1788732 -0.0605943 0.1106693,
-0.1809198 -0.0541787 0.1106693,
-0.1827363 -0.0476943 0.1106693,
-0.1843205 -0.0411492 0.1106693,
-0.1856703 -0.0345518 0.1106693,
-0.1867841 -0.0279105 0.1106693,
-0.1876604 -0.0212338 0.1106693,
-0.1882981 -0.0145300 0.1106693,
-0.1886964 -0.0078078 0.1106693,
-0.1888175 -0.0039047 0.1106693,
-0.1888579 0.0000000 0.1106693,
-0.1885402 0.0109493 0.1106693,
-0.1875882 0.0218619 0.1106693,
-0.1860052 0.0327009 0.1106693,
-0.1837964 0.0434300 0.1106693,
-0.1809693 0.0540130 0.1106693,
-0.1775334 0.0644143 0.1106693,
-0.1735002 0.0745988 0.1106693,
-0.1688833 0.0845324 0.1106693,
-0.1636982 0.0941817 0.1106693,
-0.1579624 0.1035141 0.1106693,
-0.1516952 0.1124982 0.1106693,
-0.1449177 0.1211039 0.1106693,
-0.1388734 0.1279902 0.1106693,
-0.1331752 0.1339092 0.1106693,
-0.1281244 0.1387495 0.1106693,
-0.1219684 0.1441909 0.1106693,
-0.1147675 0.1499857 0.1106693,
-0.1072918 0.1554213 0.1106693,
-0.0995590 0.1604846 0.1106693,
-0.0915878 0.1651635 0.1106693,
-0.0833972 0.1694467 0.1106693,
-0.0750070 0.1733241 0.1106693,
-0.0664370 0.1767864 0.1106693,
-0.0577079 0.1798252 0.1106693,
-0.0488407 0.1824332 0.1106693,
-0.0398564 0.1846043 0.1106693,
-0.0307767 0.1863333 0.1106693,
-0.0216233 0.1876159 0.1106693,
-0.0124181 0.1884492 0.1106693,
-0.0031832 0.1888310 0.1106693,
0.0060594 0.1887606 0.1106693,
0.0152874 0.1882381 0.1106693,
0.0244788 0.1872647 0.1106693,
0.0336117 0.1858428 0.1106693,
0.0426640 0.1839758 0.1106693,
0.0516141 0.1816680 0.1106693,
0.0604406 0.1789252 0.1106693,
0.0691224 0.1757538 0.1106693,
0.0776386 0.1721614 0.1106693,
0.0859689 0.1681566 0.1106693,
0.0940932 0.1637491 0.1106693,
0.1019922 0.1589493 0.1106693,
0.1096470 0.1537688 0.1106693,
0.1170390 0.1482200 0.1106693,
0.1241508 0.1423161 0.1106693,
0.1309652 0.1360714 0.1106693,
0.1374658 0.1295007 0.1106693,
0.1420602 0.1244435 0.1106693,
0.1464687 0.1192234 0.1106693,
0.1506261 0.1139258 0.1106693,
0.1545919 0.1084833 0.1106693,
0.1583612 0.1029030 0.1106693,
0.1619292 0.0971918 0.1106693,
0.1652912 0.0913570 0.1106693,
0.1684431 0.0854061 0.1106693,
0.1713809 0.0793466 0.1106693,
0.1741007 0.0731863 0.1106693,
0.1765992 0.0669328 0.1106693,
0.1788732 0.0605943 0.1106693,
0.1809198 0.0541787 0.1106693,
0.1827363 0.0476943 0.1106693,
0.1843205 0.0411492 0.1106693,
0.1856703 0.0345518 0.1106693,
0.1867841 0.0279105 0.1106693,
0.1876604 0.0212338 0.1106693,
0.1882981 0.0145300 0.1106693,
0.1886964 0.0078078 0.1106693,
0.1888175 0.0039047 0.1106693,
0.1888579 0.0000000 0.1106693,
0.1885402 -0.0109493 0.1106693,
0.1875882 -0.0218619 0.1106693,
0.1860052 -0.0327009 0.1106693,
0.1837964 -0.0434300 0.1106693,
0.1809693 -0.0540130 0.1106693,
0.1775334 -0.0644143 0.1106693,
0.1735002 -0.0745988 0.1106693,
0.1688833 -0.0845324 0.1106693,
0.1636982 -0.0941817 0.1106693,
0.1579624 -0.1035141 0.1106693,
0.1516952 -0.1124982 0.1106693,
0.1449177 -0.1211039 0.1106693,
0.1388734 -0.1279902 0.1106693,
0.1331752 -0.1339092 0.1106693,
0.1281244 -0.1387495 0.1106693,
0.1219684 -0.1441909 0.1106693,
0.1147675 -0.1499857 0.1106693,
0.1072918 -0.1554213 0.1106693,
0.0995590 -0.1604846 0.1106693,
0.0915878 -0.1651635 0.1106693,
0.0833972 -0.1694467 0.1106693,
0.0750070 -0.1733241 0.1106693,
0.0664370 -0.1767864 0.1106693,
0.0577079 -0.1798252 0.1106693,
0.0488407 -0.1824332 0.1106693,
0.0398564 -0.1846043 0.1106693,
0.0307767 -0.1863333 0.1106693,
0.0216233 -0.1876159 0.1106693,
0.0124181 -0.1884492 0.1106693,
0.0031832 -0.1888310 0.1106693,
-0.0060594 -0.1887606 0.1106693,
-0.0152874 -0.1882381 0.1106693,
-0.0244788 -0.1872647 0.1106693,
-0.0336117 -0.1858428 0.1106693,
-0.0426640 -0.1839758 0.1106693,
-0.0516141 -0.1816680 0.1106693,
-0.0604406 -0.1789252 0.1106693,
-0.0691224 -0.1757538 0.1106693,
-0.0776386 -0.1721614 0.1106693,
-0.0859689 -0.1681566 0.1106693,
-0.0940932 -0.1637491 0.1106693,
-0.1019922 -0.1589493 0.1106693,
-0.1096470 -0.1537688 0.1106693,
-0.1170390 -0.1482200 0.1106693,
-0.1241508 -0.1423161 0.1106693,
-0.1309652 -0.1360714 0.1106693,
-0.1374658 -0.1295007 0.1106693,
-0.1420602 -0.1244435 0.1106693,
-0.1464687 -0.1192234 0.1106693,
-0.1506261 -0.1139258 0.1106693,
-0.1545919 -0.1084833 0.1106693,
-0.1583612 -0.1029030 0.1106693,
-0.1619292 -0.0971918 0.1106693,
-0.1652912 -0.0913570 0.1106693,
-0.1684431 -0.0854061 0.1106693,
-0.1713809 -0.0793466 0.1106693,
-0.1741007 -0.0731863 0.1106693,
-0.1765992 -0.0669328 0.1106693,
-0.1788732 -0.0605943 0.1106693,
-0.1809198 -0.0541787 0.1106693,
-0.1827363 -0.0476943 0.1106693,
-0.1843205 -0.0411492 0.1106693,
-0.1856703 -0.0345518 0.1106693,
-0.1867841 -0.0279105 0.1106693,
-0.1876604 -0.0212338 0.1106693,
-0.1882981 -0.0145300 0.1106693,
-0.1886964 -0.0078078 0.1106693,
-0.1888175 -0.0039047 0.1106693,
-0.1888579 0.0000000 0.1106693,
-0.0000000 0.0000000 0.1181102,
0.0839540 0.0000000 0.1166413,
0.1364246 0.0000000 0.1142298,
-0.0839540 0.0000000 0.1166413,
-0.1364246 0.0000000 0.1142298,
0.0000000 -0.0944360 0.1162515,
] } coordIndex [
98,34,33,-1,
99,34,98,-1,
99,35,34,-1,
100,36,35,-1,
100,35,99,-1,
101,36,100,-1,
102,37,36,-1,
102,36,101,-1,
103,38,37,-1,
103,37,102,-1,
104,39,38,-1,
104,38,103,-1,
2,112,3,-1,
2,113,112,-1,
2,114,113,-1,
2,115,114,-1,
116,115,2,-1,
105,40,39,-1,
105,39,104,-1,
117,116,2,-1,
106,41,40,-1,
106,40,105,-1,
118,117,2,-1,
107,42,41,-1,
107,41,106,-1,
119,118,2,-1,
108,43,42,-1,
108,42,107,-1,
120,119,2,-1,
109,44,43,-1,
109,43,108,-1,
121,2,1,-1,
121,120,2,-1,
110,45,44,-1,
110,44,109,-1,
122,121,1,-1,
46,45,110,-1,
111,122,1,-1,
47,46,110,-1,
48,47,110,-1,
49,110,111,-1,
49,48,110,-1,
50,49,111,-1,
51,50,111,-1,
52,51,111,-1,
53,52,111,-1,
54,53,111,-1,
55,54,111,-1,
18,5,6,-1,
17,5,18,-1,
16,5,17,-1,
15,5,16,-1,
14,5,15,-1,
13,5,14,-1,
12,5,13,-1,
11,5,12,-1,
10,5,11,-1,
9,4,5,-1,
9,5,10,-1,
8,4,9,-1,
7,4,8,-1,
97,30,31,-1,
97,31,32,-1,
96,30,97,-1,
95,29,30,-1,
95,30,96,-1,
94,29,95,-1,
94,28,29,-1,
93,28,94,-1,
93,27,28,-1,
92,27,93,-1,
92,26,27,-1,
91,26,92,-1,
91,25,26,-1,
90,25,91,-1,
89,25,90,-1,
89,24,25,-1,
88,23,24,-1,
88,24,89,-1,
74,73,7,-1,
87,22,23,-1,
87,23,88,-1,
75,74,7,-1,
86,21,22,-1,
86,22,87,-1,
76,75,7,-1,
85,20,21,-1,
85,21,86,-1,
77,76,7,-1,
84,19,20,-1,
84,20,85,-1,
78,77,7,-1,
83,19,84,-1,
79,7,19,-1,
79,78,7,-1,
82,19,83,-1,
80,79,19,-1,
81,80,19,-1,
81,19,82,-1,
123,1,0,-1,
123,0,4,-1,
123,111,1,-1,
123,55,111,-1,
123,7,73,-1,
123,4,7,-1,
123,56,55,-1,
123,57,56,-1,
123,58,57,-1,
123,59,58,-1,
123,60,59,-1,
123,61,60,-1,
123,62,61,-1,
123,63,62,-1,
123,64,63,-1,
123,65,64,-1,
123,66,65,-1,
123,67,66,-1,
123,68,67,-1,
123,69,68,-1,
123,70,69,-1,
123,71,70,-1,
123,72,71,-1,
123,73,72,-1,
143,204,203,-1,
143,205,204,-1,
143,206,205,-1,
143,207,206,-1,
143,208,207,-1,
144,208,143,-1,
144,209,208,-1,
145,210,209,-1,
145,209,144,-1,
146,210,145,-1,
146,211,210,-1,
147,212,211,-1,
147,211,146,-1,
131,143,203,-1,
131,198,197,-1,
131,199,198,-1,
131,200,199,-1,
131,201,200,-1,
131,202,201,-1,
131,203,202,-1,
148,212,147,-1,
148,213,212,-1,
149,213,148,-1,
149,214,213,-1,
149,215,214,-1,
150,215,149,-1,
150,216,215,-1,
151,217,216,-1,
151,216,150,-1,
152,217,151,-1,
152,218,217,-1,
153,218,152,-1,
153,219,218,-1,
154,219,153,-1,
154,220,219,-1,
154,221,220,-1,
155,221,154,-1,
155,156,221,-1,
129,134,133,-1,
129,135,134,-1,
129,136,135,-1,
129,137,136,-1,
129,138,137,-1,
129,139,138,-1,
129,140,139,-1,
129,141,140,-1,
129,142,141,-1,
129,130,142,-1,
128,132,131,-1,
128,133,132,-1,
128,129,133,-1,
235,174,173,-1,
235,175,174,-1,
235,176,175,-1,
235,177,176,-1,
235,178,177,-1,
235,179,178,-1,
234,171,170,-1,
234,172,171,-1,
234,173,172,-1,
234,235,173,-1,
169,234,170,-1,
125,246,245,-1,
125,235,246,-1,
168,233,234,-1,
168,234,169,-1,
167,233,168,-1,
167,232,233,-1,
166,231,232,-1,
166,232,167,-1,
126,125,245,-1,
126,241,240,-1,
126,242,241,-1,
126,243,242,-1,
126,244,243,-1,
126,245,244,-1,
165,230,231,-1,
165,231,166,-1,
239,126,240,-1,
164,229,230,-1,
164,230,165,-1,
238,126,239,-1,
237,126,238,-1,
163,228,229,-1,
163,229,164,-1,
236,126,237,-1,
127,126,236,-1,
162,227,228,-1,
162,228,163,-1,
161,226,227,-1,
161,227,162,-1,
160,224,225,-1,
160,225,226,-1,
160,226,161,-1,
159,224,160,-1,
159,223,224,-1,
158,223,159,-1,
158,222,223,-1,
157,222,158,-1,
247,125,124,-1,
247,235,125,-1,
247,124,128,-1,
247,131,197,-1,
247,180,179,-1,
247,179,235,-1,
247,181,180,-1,
247,182,181,-1,
247,183,182,-1,
247,184,183,-1,
247,185,184,-1,
247,186,185,-1,
247,187,186,-1,
247,188,187,-1,
247,189,188,-1,
247,190,189,-1,
247,191,190,-1,
247,192,191,-1,
247,193,192,-1,
247,194,193,-1,
247,195,194,-1,
247,196,195,-1,
247,197,196,-1,
247,128,131,-1,
274,261,262,-1,
274,262,263,-1,
274,263,264,-1,
274,264,265,-1,
274,265,266,-1,
274,266,267,-1,
274,267,268,-1,
274,268,269,-1,
274,269,270,-1,
274,270,271,-1,
274,271,272,-1,
274,272,273,-1,
249,248,250,-1,
249,250,251,-1,
249,251,252,-1,
249,252,253,-1,
249,253,254,-1,
249,254,255,-1,
249,255,256,-1,
249,256,257,-1,
249,257,258,-1,
249,258,259,-1,
249,259,260,-1,
249,260,261,-1,
249,261,274,-1,
276,278,277,-1,
276,277,275,-1,
293,292,305,-1,
294,293,305,-1,
295,294,305,-1,
296,295,305,-1,
297,296,305,-1,
298,297,305,-1,
299,298,305,-1,
300,299,305,-1,
301,300,305,-1,
302,301,305,-1,
303,302,305,-1,
304,303,305,-1,
281,279,280,-1,
282,281,280,-1,
283,282,280,-1,
284,283,280,-1,
285,284,280,-1,
286,285,280,-1,
287,286,280,-1,
288,287,280,-1,
289,288,280,-1,
290,289,280,-1,
291,290,280,-1,
292,291,280,-1,
305,292,280,-1,
419,420,481,-1,
418,419,480,-1,
419,481,480,-1,
420,421,482,-1,
481,420,482,-1,
418,480,479,-1,
416,417,479,-1,
417,418,479,-1,
421,422,483,-1,
482,421,483,-1,
416,479,478,-1,
415,416,478,-1,
483,422,484,-1,
422,423,484,-1,
414,415,477,-1,
415,478,477,-1,
484,423,485,-1,
423,424,485,-1,
414,477,476,-1,
413,414,476,-1,
424,425,486,-1,
485,424,486,-1,
412,413,475,-1,
413,476,475,-1,
425,426,487,-1,
486,425,487,-1,
412,475,474,-1,
411,412,474,-1,
426,427,488,-1,
427,428,488,-1,
487,426,488,-1,
410,411,473,-1,
411,474,473,-1,
488,428,489,-1,
428,429,489,-1,
410,473,472,-1,
409,410,472,-1,
429,430,490,-1,
489,429,490,-1,
408,409,471,-1,
409,472,471,-1,
430,431,491,-1,
490,430,491,-1,
407,408,470,-1,
408,471,470,-1,
431,432,492,-1,
491,431,492,-1,
406,407,469,-1,
407,470,469,-1,
405,406,469,-1,
432,433,493,-1,
492,432,493,-1,
405,469,468,-1,
404,405,468,-1,
433,434,494,-1,
493,433,494,-1,
404,468,467,-1,
403,404,467,-1,
434,435,495,-1,
494,434,495,-1,
403,467,466,-1,
402,403,466,-1,
306,307,496,-1,
435,306,496,-1,
495,435,496,-1,
402,466,465,-1,
401,402,465,-1,
307,308,497,-1,
496,307,497,-1,
400,401,464,-1,
401,465,464,-1,
308,309,498,-1,
497,308,498,-1,
400,464,463,-1,
399,400,463,-1,
498,309,499,-1,
399,463,462,-1,
398,399,462,-1,
309,310,500,-1,
499,309,500,-1,
398,462,461,-1,
397,398,461,-1,
310,311,501,-1,
500,310,501,-1,
397,461,460,-1,
395,396,460,-1,
396,397,460,-1,
311,312,502,-1,
501,311,502,-1,
395,460,459,-1,
394,395,459,-1,
312,313,503,-1,
502,312,503,-1,
394,459,458,-1,
393,394,458,-1,
313,314,504,-1,
503,313,504,-1,
393,458,457,-1,
392,393,457,-1,
314,315,505,-1,
504,314,505,-1,
392,457,456,-1,
391,392,456,-1,
315,316,506,-1,
505,315,506,-1,
391,456,455,-1,
390,391,455,-1,
316,317,507,-1,
506,316,507,-1,
390,455,454,-1,
389,390,454,-1,
317,318,508,-1,
507,317,508,-1,
388,389,453,-1,
389,454,453,-1,
318,319,509,-1,
508,318,509,-1,
387,388,452,-1,
388,453,452,-1,
319,320,510,-1,
509,319,510,-1,
387,452,451,-1,
386,387,451,-1,
510,320,511,-1,
511,320,321,-1,
451,450,385,-1,
386,451,385,-1,
511,321,322,-1,
512,511,322,-1,
450,449,384,-1,
385,450,384,-1,
513,512,323,-1,
512,322,323,-1,
449,448,383,-1,
384,449,383,-1,
514,513,324,-1,
513,323,324,-1,
383,448,382,-1,
448,447,382,-1,
515,514,325,-1,
514,324,325,-1,
382,447,381,-1,
447,446,381,-1,
516,515,326,-1,
515,325,326,-1,
381,446,380,-1,
446,445,380,-1,
517,516,327,-1,
516,326,327,-1,
380,445,379,-1,
445,444,379,-1,
518,517,328,-1,
517,327,328,-1,
444,443,378,-1,
379,444,378,-1,
519,518,329,-1,
518,328,329,-1,
378,443,377,-1,
443,442,377,-1,
520,519,330,-1,
519,329,330,-1,
442,441,376,-1,
377,442,376,-1,
520,330,331,-1,
521,520,332,-1,
520,331,332,-1,
441,440,375,-1,
376,441,375,-1,
522,521,333,-1,
521,332,333,-1,
439,438,374,-1,
440,439,374,-1,
375,440,374,-1,
523,522,334,-1,
522,333,334,-1,
438,437,373,-1,
374,438,373,-1,
524,523,335,-1,
523,334,335,-1,
373,437,372,-1,
437,436,372,-1,
524,335,336,-1,
525,524,336,-1,
526,525,337,-1,
525,336,337,-1,
372,436,371,-1,
371,436,370,-1,
436,555,370,-1,
527,526,338,-1,
526,337,338,-1,
555,554,369,-1,
370,555,369,-1,
528,527,339,-1,
527,338,339,-1,
554,553,368,-1,
369,554,368,-1,
529,528,340,-1,
528,339,340,-1,
553,552,367,-1,
368,553,367,-1,
529,340,341,-1,
552,551,366,-1,
367,552,366,-1,
530,529,342,-1,
529,341,342,-1,
366,551,365,-1,
551,550,365,-1,
531,530,343,-1,
530,342,343,-1,
365,550,364,-1,
550,549,364,-1,
532,531,344,-1,
531,343,344,-1,
364,549,363,-1,
549,548,363,-1,
532,344,345,-1,
533,532,345,-1,
363,548,362,-1,
534,533,346,-1,
533,345,346,-1,
362,548,361,-1,
548,547,361,-1,
535,534,347,-1,
534,346,347,-1,
361,547,360,-1,
547,546,360,-1,
535,347,348,-1,
536,535,348,-1,
360,546,359,-1,
546,545,359,-1,
537,536,349,-1,
536,348,349,-1,
359,545,358,-1,
545,544,358,-1,
537,349,350,-1,
538,537,350,-1,
358,544,357,-1,
544,543,357,-1,
538,350,351,-1,
539,538,351,-1,
357,543,356,-1,
543,542,356,-1,
539,351,352,-1,
542,541,355,-1,
356,542,355,-1,
539,352,353,-1,
540,539,353,-1,
541,540,354,-1,
540,353,354,-1,
355,541,354,-1,
559,558,560,-1,
560,558,561,-1,
561,558,562,-1,
562,558,563,-1,
563,558,564,-1,
564,558,565,-1,
565,558,566,-1,
566,558,567,-1,
567,558,568,-1,
568,558,569,-1,
569,558,570,-1,
558,556,571,-1,
570,558,571,-1,
571,556,572,-1,
572,556,573,-1,
573,556,574,-1,
574,556,575,-1,
575,556,576,-1,
576,556,577,-1,
577,556,578,-1,
578,556,579,-1,
579,556,580,-1,
580,556,581,-1,
581,556,582,-1,
582,556,557,-1,
585,583,584,-1,
584,586,585,-1,
591,589,590,-1,
592,589,591,-1,
593,589,592,-1,
594,589,593,-1,
595,589,594,-1,
596,589,595,-1,
597,589,596,-1,
598,589,597,-1,
599,589,598,-1,
600,589,599,-1,
601,589,600,-1,
602,587,589,-1,
602,589,601,-1,
603,587,602,-1,
604,587,603,-1,
605,587,604,-1,
606,587,605,-1,
607,587,606,-1,
608,587,607,-1,
609,587,608,-1,
610,587,609,-1,
611,587,610,-1,
612,587,611,-1,
613,587,612,-1,
588,587,613,-1,
615,614,616,-1,
616,617,615,-1,
620,621,619,-1,
618,620,619,-1,
623,622,624,-1,
623,624,625,-1,
626,627,689,-1,
627,628,689,-1,
689,628,629,-1,
689,629,630,-1,
689,630,688,-1,
688,630,631,-1,
688,631,632,-1,
687,688,690,-1,
690,688,691,-1,
691,688,692,-1,
692,688,693,-1,
688,632,694,-1,
693,688,694,-1,
632,633,695,-1,
694,632,695,-1,
633,634,696,-1,
695,633,696,-1,
634,635,697,-1,
696,634,697,-1,
635,636,698,-1,
697,635,698,-1,
636,637,699,-1,
698,636,699,-1,
637,638,700,-1,
699,637,700,-1,
638,639,701,-1,
700,638,701,-1,
701,639,702,-1,
639,640,703,-1,
702,639,703,-1,
703,640,704,-1,
704,640,641,-1,
704,641,705,-1,
705,641,642,-1,
706,705,642,-1,
706,642,643,-1,
707,706,643,-1,
708,707,643,-1,
708,643,644,-1,
709,708,644,-1,
709,644,645,-1,
710,709,645,-1,
710,645,646,-1,
711,710,646,-1,
711,646,647,-1,
712,711,647,-1,
713,712,647,-1,
713,647,648,-1,
714,713,648,-1,
714,648,649,-1,
715,714,649,-1,
715,649,650,-1,
716,715,650,-1,
745,744,752,-1,
746,745,752,-1,
747,746,752,-1,
748,747,752,-1,
749,748,752,-1,
750,749,752,-1,
751,750,752,-1,
716,650,651,-1,
717,716,651,-1,
718,717,651,-1,
718,651,652,-1,
719,718,652,-1,
719,652,653,-1,
720,719,653,-1,
720,653,654,-1,
720,654,655,-1,
722,720,655,-1,
722,655,656,-1,
721,722,656,-1,
686,753,685,-1,
685,753,684,-1,
721,656,657,-1,
684,753,683,-1,
721,657,658,-1,
723,721,658,-1,
683,753,682,-1,
723,658,659,-1,
724,723,659,-1,
682,753,681,-1,
753,752,681,-1,
724,659,660,-1,
681,752,680,-1,
752,744,680,-1,
724,660,661,-1,
725,724,661,-1,
743,742,679,-1,
744,743,679,-1,
680,744,679,-1,
725,661,662,-1,
726,725,662,-1,
742,741,678,-1,
679,742,678,-1,
727,726,663,-1,
726,662,663,-1,
741,740,677,-1,
678,741,677,-1,
728,727,664,-1,
727,663,664,-1,
740,739,676,-1,
677,740,676,-1,
729,728,665,-1,
728,664,665,-1,
739,738,675,-1,
676,739,675,-1,
730,729,666,-1,
729,665,666,-1,
738,737,674,-1,
675,738,674,-1,
731,730,667,-1,
730,666,667,-1,
737,736,673,-1,
674,737,673,-1,
732,731,668,-1,
731,667,668,-1,
736,735,672,-1,
673,736,672,-1,
733,732,669,-1,
732,668,669,-1,
672,735,671,-1,
735,734,671,-1,
734,733,670,-1,
733,669,670,-1,
671,734,670,-1,
809,810,881,-1,
810,811,881,-1,
811,812,881,-1,
812,813,881,-1,
813,814,881,-1,
798,799,862,-1,
797,798,861,-1,
798,862,861,-1,
799,800,863,-1,
862,799,863,-1,
797,861,860,-1,
796,797,860,-1,
800,801,864,-1,
863,800,864,-1,
796,860,859,-1,
795,796,859,-1,
864,801,865,-1,
801,802,865,-1,
795,859,858,-1,
794,795,858,-1,
802,803,866,-1,
865,802,866,-1,
808,809,880,-1,
809,881,880,-1,
794,858,857,-1,
793,794,857,-1,
866,803,867,-1,
803,804,867,-1,
793,857,856,-1,
792,793,856,-1,
867,804,868,-1,
804,805,868,-1,
805,806,869,-1,
868,805,869,-1,
792,856,855,-1,
791,792,855,-1,
869,806,870,-1,
806,807,870,-1,
790,791,854,-1,
791,855,854,-1,
870,807,871,-1,
789,790,853,-1,
790,854,853,-1,
808,880,872,-1,
871,807,872,-1,
807,808,872,-1,
872,880,873,-1,
789,853,852,-1,
787,788,852,-1,
788,789,852,-1,
873,880,874,-1,
786,787,851,-1,
787,852,851,-1,
874,880,875,-1,
784,785,850,-1,
785,786,850,-1,
786,851,850,-1,
875,880,876,-1,
876,880,877,-1,
877,880,878,-1,
784,850,849,-1,
783,784,849,-1,
878,880,879,-1,
781,782,848,-1,
782,783,848,-1,
783,849,848,-1,
780,781,847,-1,
781,848,847,-1,
780,847,846,-1,
779,780,846,-1,
779,846,845,-1,
778,779,844,-1,
779,845,844,-1,
777,778,843,-1,
778,844,843,-1,
776,777,842,-1,
777,843,842,-1,
776,842,841,-1,
775,776,841,-1,
775,841,840,-1,
774,775,839,-1,
775,840,839,-1,
773,774,838,-1,
774,839,838,-1,
772,773,837,-1,
773,838,837,-1,
772,837,836,-1,
771,772,836,-1,
771,836,835,-1,
770,771,834,-1,
771,835,834,-1,
770,834,833,-1,
770,833,769,-1,
769,833,832,-1,
769,832,768,-1,
832,831,768,-1,
768,831,767,-1,
830,829,767,-1,
831,830,767,-1,
767,829,766,-1,
829,828,766,-1,
766,828,765,-1,
828,827,765,-1,
765,827,764,-1,
827,826,764,-1,
764,826,763,-1,
826,825,763,-1,
763,825,762,-1,
825,824,762,-1,
762,824,761,-1,
824,823,761,-1,
761,823,760,-1,
823,822,760,-1,
759,760,816,-1,
818,815,816,-1,
819,818,816,-1,
820,819,816,-1,
821,820,816,-1,
822,821,816,-1,
760,822,816,-1,
759,816,758,-1,
757,758,817,-1,
758,816,817,-1,
757,817,756,-1,
756,817,755,-1,
755,817,754,-1,
884,882,883,-1,
885,884,883,-1,
920,921,949,-1,
921,922,949,-1,
922,923,949,-1,
923,924,949,-1,
924,925,949,-1,
925,926,949,-1,
926,927,949,-1,
927,928,949,-1,
928,929,949,-1,
929,930,949,-1,
930,931,949,-1,
931,932,949,-1,
932,933,949,-1,
933,934,949,-1,
934,935,949,-1,
935,936,949,-1,
936,937,949,-1,
937,938,949,-1,
938,939,949,-1,
939,940,949,-1,
940,941,949,-1,
941,942,949,-1,
942,943,949,-1,
943,944,949,-1,
944,945,949,-1,
945,946,949,-1,
946,947,949,-1,
947,948,949,-1,
949,948,889,-1,
950,949,981,-1,
981,949,980,-1,
980,949,979,-1,
979,949,978,-1,
978,949,977,-1,
977,949,976,-1,
976,949,975,-1,
975,949,974,-1,
974,949,973,-1,
973,949,972,-1,
972,949,971,-1,
971,949,970,-1,
970,949,969,-1,
969,949,968,-1,
968,949,967,-1,
967,949,966,-1,
966,949,965,-1,
965,949,964,-1,
964,949,963,-1,
963,949,962,-1,
962,949,961,-1,
961,949,960,-1,
960,949,959,-1,
959,949,958,-1,
958,949,957,-1,
957,949,956,-1,
956,949,955,-1,
955,949,954,-1,
954,949,953,-1,
953,949,952,-1,
889,890,887,-1,
890,891,887,-1,
891,892,887,-1,
892,893,887,-1,
893,894,887,-1,
894,895,887,-1,
895,896,887,-1,
896,897,887,-1,
897,898,887,-1,
898,899,887,-1,
899,900,887,-1,
900,901,887,-1,
901,902,887,-1,
902,903,887,-1,
903,904,887,-1,
904,905,887,-1,
905,906,887,-1,
906,907,887,-1,
907,908,887,-1,
908,909,887,-1,
909,910,887,-1,
910,911,887,-1,
911,912,887,-1,
912,913,887,-1,
913,914,887,-1,
914,915,887,-1,
915,916,887,-1,
916,917,887,-1,
917,918,887,-1,
918,919,887,-1,
919,886,887,-1,
949,889,887,-1,
952,949,951,-1,
949,887,951,-1,
951,887,1009,-1,
1009,887,1008,-1,
1008,887,1007,-1,
1007,887,1006,-1,
887,888,982,-1,
1006,887,1005,-1,
887,982,983,-1,
1005,887,1004,-1,
887,983,984,-1,
1004,887,1003,-1,
1003,887,1002,-1,
887,984,985,-1,
1002,887,1001,-1,
887,985,986,-1,
1001,887,1000,-1,
887,986,987,-1,
1000,887,999,-1,
999,887,998,-1,
887,987,988,-1,
998,887,997,-1,
887,988,989,-1,
997,887,996,-1,
887,989,990,-1,
996,887,995,-1,
887,990,991,-1,
995,887,994,-1,
887,991,992,-1,
994,887,993,-1,
887,992,993,-1,
1012,1011,1013,-1,
1010,1013,1011,-1,
1017,1015,1016,-1,
1015,1017,1014,-1,
1018,1019,1090,-1,
1019,1020,1090,-1,
1020,1021,1090,-1,
1021,1022,1090,-1,
1090,1022,1023,-1,
1090,1023,1024,-1,
1090,1024,1025,-1,
1090,1025,1026,-1,
1090,1026,1089,-1,
1089,1026,1027,-1,
1089,1027,1028,-1,
1089,1028,1029,-1,
1089,1029,1030,-1,
1089,1030,1031,-1,
1089,1031,1032,-1,
1087,1092,1086,-1,
1086,1092,1085,-1,
1085,1092,1084,-1,
1084,1092,1083,-1,
1083,1092,1082,-1,
1082,1092,1081,-1,
1081,1092,1080,-1,
1080,1092,1079,-1,
1079,1092,1078,-1,
1078,1092,1077,-1,
1077,1092,1076,-1,
1076,1092,1075,-1,
1075,1092,1074,-1,
1074,1092,1073,-1,
1092,1091,1072,-1,
1073,1092,1072,-1,
1072,1091,1071,-1,
1071,1091,1070,-1,
1070,1091,1069,-1,
1069,1091,1068,-1,
1068,1091,1067,-1,
1067,1091,1066,-1,
1066,1091,1065,-1,
1065,1091,1064,-1,
1032,1033,1093,-1,
1033,1034,1093,-1,
1034,1035,1093,-1,
1035,1036,1093,-1,
1036,1037,1093,-1,
1037,1038,1093,-1,
1038,1039,1093,-1,
1039,1040,1093,-1,
1040,1041,1093,-1,
1041,1042,1093,-1,
1042,1043,1093,-1,
1043,1044,1093,-1,
1064,1091,1093,-1,
1044,1045,1093,-1,
1045,1046,1093,-1,
1046,1047,1093,-1,
1047,1048,1093,-1,
1048,1049,1093,-1,
1049,1050,1093,-1,
1050,1051,1093,-1,
1051,1052,1093,-1,
1052,1053,1093,-1,
1053,1054,1093,-1,
1054,1055,1093,-1,
1055,1056,1093,-1,
1056,1057,1093,-1,
1057,1058,1093,-1,
1058,1059,1093,-1,
1059,1060,1093,-1,
1060,1061,1093,-1,
1061,1062,1093,-1,
1062,1063,1093,-1,
1063,1064,1093,-1,
1088,1089,1093,-1,
1091,1088,1093,-1,
1089,1032,1093,-1,
1139,1141,1140,-1,
1139,1142,1141,-1,
1143,1142,1139,-1,
1136,1138,1137,-1,
1135,1139,1138,-1,
1135,1138,1136,-1,
1133,1135,1134,-1,
1153,1152,1151,-1,
1154,1144,1143,-1,
1154,1145,1144,-1,
1154,1143,1139,-1,
1154,1146,1145,-1,
1154,1147,1146,-1,
1154,1148,1147,-1,
1154,1149,1148,-1,
1154,1150,1149,-1,
1154,1151,1150,-1,
1154,1139,1135,-1,
1154,1153,1151,-1,
1130,1132,1131,-1,
1130,1133,1132,-1,
1130,1135,1133,-1,
1128,1130,1129,-1,
1158,1157,1156,-1,
1159,1158,1156,-1,
1159,1156,1155,-1,
1126,1128,1127,-1,
1160,1159,1155,-1,
1160,1155,1154,-1,
1125,1128,1126,-1,
1125,1130,1128,-1,
1125,1135,1130,-1,
1164,1161,1160,-1,
1164,1162,1161,-1,
1164,1163,1162,-1,
1121,1123,1122,-1,
1121,1124,1123,-1,
1167,1166,1165,-1,
1119,1124,1121,-1,
1119,1121,1120,-1,
1168,1160,1154,-1,
1168,1164,1160,-1,
1168,1167,1165,-1,
1168,1165,1164,-1,
1117,1119,1118,-1,
1170,1169,1168,-1,
1116,1119,1117,-1,
1171,1170,1168,-1,
1114,1135,1125,-1,
1114,1116,1115,-1,
1114,1125,1124,-1,
1114,1124,1119,-1,
1114,1119,1116,-1,
1114,1154,1135,-1,
1172,1171,1168,-1,
1173,1172,1168,-1,
1174,1173,1168,-1,
1111,1113,1112,-1,
1175,1174,1168,-1,
1110,1114,1113,-1,
1110,1113,1111,-1,
1108,1110,1109,-1,
1107,1110,1108,-1,
1179,1175,1168,-1,
1179,1176,1175,-1,
1179,1177,1176,-1,
1179,1178,1177,-1,
1106,1110,1107,-1,
1182,1180,1179,-1,
1182,1181,1180,-1,
1183,1179,1168,-1,
1183,1182,1179,-1,
1185,1184,1183,-1,
1099,1101,1100,-1,
1099,1102,1101,-1,
1099,1103,1102,-1,
1099,1104,1103,-1,
1099,1105,1104,-1,
1099,1106,1105,-1,
1099,1154,1114,-1,
1099,1114,1110,-1,
1099,1110,1106,-1,
1188,1185,1183,-1,
1188,1186,1185,-1,
1188,1187,1186,-1,
1190,1189,1188,-1,
1096,1098,1097,-1,
1096,1099,1098,-1,
1192,1191,1190,-1,
1095,1099,1096,-1,
1193,1188,1183,-1,
1193,1190,1188,-1,
1193,1192,1190,-1,
1231,1095,1094,-1,
1194,1193,1183,-1,
1230,1095,1231,-1,
1229,1099,1095,-1,
1229,1095,1230,-1,
1197,1195,1194,-1,
1197,1196,1195,-1,
1225,1227,1226,-1,
1225,1228,1227,-1,
1224,1229,1228,-1,
1224,1228,1225,-1,
1199,1198,1197,-1,
1199,1197,1194,-1,
1223,1168,1154,-1,
1223,1099,1229,-1,
1223,1154,1099,-1,
1223,1229,1224,-1,
1223,1183,1168,-1,
1201,1200,1199,-1,
1220,1222,1221,-1,
1220,1223,1222,-1,
1202,1201,1199,-1,
1219,1223,1220,-1,
1218,1223,1219,-1,
1217,1223,1218,-1,
1204,1203,1202,-1,
1204,1194,1183,-1,
1204,1199,1194,-1,
1204,1183,1223,-1,
1204,1202,1199,-1,
1216,1223,1217,-1,
1215,1223,1216,-1,
1214,1223,1215,-1,
1213,1223,1214,-1,
1207,1205,1204,-1,
1207,1206,1205,-1,
1212,1223,1213,-1,
1208,1207,1204,-1,
1208,1223,1212,-1,
1208,1204,1223,-1,
1211,1208,1212,-1,
1210,1208,1211,-1,
1209,1208,1210,-1,
1286,1287,1306,-1,
1287,1288,1306,-1,
1288,1289,1306,-1,
1289,1290,1306,-1,
1290,1291,1306,-1,
1291,1292,1306,-1,
1292,1293,1306,-1,
1293,1294,1306,-1,
1294,1295,1306,-1,
1295,1296,1306,-1,
1296,1297,1306,-1,
1297,1298,1306,-1,
1298,1299,1306,-1,
1299,1300,1306,-1,
1300,1301,1306,-1,
1286,1306,1305,-1,
1278,1279,1305,-1,
1279,1280,1305,-1,
1280,1281,1305,-1,
1281,1282,1305,-1,
1282,1283,1305,-1,
1283,1284,1305,-1,
1284,1285,1305,-1,
1285,1286,1305,-1,
1241,1242,1303,-1,
1242,1243,1303,-1,
1243,1244,1303,-1,
1244,1245,1303,-1,
1245,1246,1303,-1,
1241,1303,1240,-1,
1237,1238,1304,-1,
1238,1239,1304,-1,
1239,1240,1304,-1,
1240,1303,1304,-1,
1237,1304,1236,-1,
1236,1304,1235,-1,
1235,1304,1234,-1,
1234,1304,1233,-1,
1233,1304,1232,-1,
1246,1247,1307,-1,
1247,1248,1307,-1,
1248,1249,1307,-1,
1249,1250,1307,-1,
1250,1251,1307,-1,
1251,1252,1307,-1,
1252,1253,1307,-1,
1253,1254,1307,-1,
1254,1255,1307,-1,
1255,1256,1307,-1,
1256,1257,1307,-1,
1257,1258,1307,-1,
1258,1259,1307,-1,
1259,1260,1307,-1,
1260,1261,1307,-1,
1261,1262,1307,-1,
1262,1263,1307,-1,
1263,1264,1307,-1,
1264,1265,1307,-1,
1278,1305,1307,-1,
1265,1266,1307,-1,
1266,1267,1307,-1,
1267,1268,1307,-1,
1268,1269,1307,-1,
1269,1270,1307,-1,
1270,1271,1307,-1,
1271,1272,1307,-1,
1272,1273,1307,-1,
1273,1274,1307,-1,
1274,1275,1307,-1,
1275,1276,1307,-1,
1276,1277,1307,-1,
1277,1278,1307,-1,
1302,1303,1307,-1,
1305,1302,1307,-1,
1303,1246,1307,-1,
] } }
