#VRML V2.0 utf8
# 3D model generated by easyeda2kicad.py (https://github.com/uPesy/easyeda2kicad.py)

Shape{
    appearance Appearance {
        material  Material 	{
            diffuseColor 0.7529411764705882 0.7529411764705882 0.7529411764705882
            specularColor 0.3764705882352941 0.3764705882352941 0.3764705882352941
            ambientIntensity 0.7529
            transparency 0.0
            shininess 0.5
        }
    }
    geometry IndexedFaceSet {
        ccw TRUE
        solid FALSE
        coord DEF co Coordinate {
            point [
                -0.0611 -0.6521 0.2746, -0.0611 -0.6294 0.2047, -0.1398 -0.6521 0.2746, -0.1398 -0.6294 0.2047, -0.0611 -0.9277 0.185, -0.1398 -0.9277 0.185, -0.1398 -0.9347 0.1817, -0.0611 -0.9347 0.1817, -0.1398 -0.9407 0.1768, -0.0611 -0.9407 0.1768, -0.1398 -0.9453 0.1705, -0.0611 -0.9453 0.1705, -0.1398 -0.9482 0.1632, -0.0611 -0.9482 0.1632, -0.1398 -0.9492 0.1555, -0.0611 -0.9492 0.1555, -0.1398 -0.9482 0.1478, -0.0611 -0.9482 0.1478, -0.1398 -0.9453 0.1406, -0.0611 -0.9453 0.1406, -0.1398 -0.9407 0.1343, -0.0611 -0.9407 0.1343, -0.1398 -0.9347 0.1293, -0.0611 -0.9347 0.1293, -0.1398 -0.9277 0.126, -0.0611 -0.9277 0.126, -0.0611 0.2038 0.126, -0.1398 0.2038 0.126, -0.0611 0.2175 0.1244, -0.1398 0.2175 0.1244, -0.0611 0.2303 0.1197, -0.1398 0.2303 0.1197, -0.0611 0.2418 0.1122, -0.1398 0.2418 0.1122, -0.0611 0.2512 0.1022, -0.1398 0.2512 0.1022, -0.0611 0.2581 0.0903, -0.1398 0.2581 0.0903, -0.0611 0.262 0.0772, -0.1398 0.262 0.0772, -0.0611 0.267 0.0488, -0.1398 0.267 0.0488, -0.1398 0.2709 0.0357, -0.0611 0.2709 0.0357, -0.1398 0.2778 0.0238, -0.0611 0.2778 0.0238, -0.1398 0.2872 0.0138, -0.0611 0.2872 0.0138, -0.1398 0.2987 0.0063, -0.0611 0.2987 0.0063, -0.1398 0.3115 0.0016, -0.0611 0.3115 0.0016, -0.1398 0.3252 0.0, -0.0611 0.3252 0.0, -0.0611 0.5906 0.0, -0.1398 0.5906 0.0, -0.1398 0.6008 0.0013, -0.0611 0.6008 0.0013, -0.1398 0.6103 0.0053, -0.0611 0.6103 0.0053, -0.1398 0.6184 0.0115, -0.0611 0.6184 0.0115, -0.1398 0.6247 0.0197, -0.0611 0.6247 0.0197, -0.1398 0.6286 0.0292, -0.0611 0.6286 0.0292, -0.1398 0.6299 0.0394, -0.0611 0.6299 0.0394, -0.0611 0.6299 0.0591, -0.1398 0.6299 0.0591, -0.1398 0.6279 0.0743, -0.0611 0.6279 0.0743, -0.1398 0.622 0.0886, -0.0611 0.622 0.0886, -0.1398 0.6126 0.1008, -0.0611 0.6126 0.1008, -0.1398 0.6004 0.1102, -0.0611 0.6004 0.1102, -0.1398 0.5862 0.1161, -0.0611 0.5862 0.1161, -0.1398 0.5709 0.1181, -0.0611 0.5709 0.1181, -0.0611 0.3845 0.1181, -0.1398 0.3845 0.1181, -0.0611 0.2953 0.2244, -0.1398 0.2953 0.2244, -0.0611 0.2953 0.4494, -0.1398 0.2953 0.4494, -0.0611 0.3349 0.4494, -0.1398 0.3349 0.4494, -0.0611 0.3349 0.581, -0.1398 0.3349 0.581, -0.0611 0.2953 0.581, -0.1398 0.2953 0.581, -0.0611 0.2953 0.6969, -0.1398 0.2953 0.6969, -0.0611 -0.7283 0.6969, -0.1398 -0.7283 0.6969, -0.0611 -1.0433 0.6413, -0.1398 -1.0433 0.6413, -0.1398 -1.0531 0.6382, -0.0611 -1.0531 0.6382, -0.1398 -1.0618 0.6327, -0.0611 -1.0618 0.6327, -0.1398 -1.0687 0.6251, -0.0611 -1.0687 0.6251, -0.1398 -1.0734 0.616, -0.0611 -1.0734 0.616, -0.1398 -1.0757 0.606, -0.0611 -1.0757 0.606, -0.1398 -1.0752 0.5957, -0.0611 -1.0752 0.5957, -0.1398 -1.0721 0.5859, -0.0611 -1.0721 0.5859, -0.1398 -1.0666 0.5772, -0.0611 -1.0666 0.5772, -0.1398 -1.059 0.5703, -0.0611 -1.059 0.5703, -0.1398 -1.0499 0.5655, -0.0611 -1.0499 0.5655, -0.1398 -1.0399 0.5633, -0.0611 -1.0399 0.5633, -0.1398 -1.0296 0.5638, -0.0611 -1.0296 0.5638, -0.0611 -0.7214 0.6181, -0.1398 -0.7214 0.6181, -0.0611 -0.1771 0.6181, -0.1398 -0.1771 0.6181, -0.0611 -0.1771 0.2047, -0.1398 -0.1771 0.2047, 0.1358 -0.6521 0.2746, 0.1358 -0.6294 0.2047, 0.057 -0.6521 0.2746, 0.057 -0.6294 0.2047, 0.1358 -0.9277 0.185, 0.057 -0.9277 0.185, 0.057 -0.9347 0.1817, 0.1358 -0.9347 0.1817, 0.057 -0.9407 0.1768, 0.1358 -0.9407 0.1768, 0.057 -0.9453 0.1705, 0.1358 -0.9453 0.1705, 0.057 -0.9482 0.1632, 0.1358 -0.9482 0.1632, 0.057 -0.9492 0.1555, 0.1358 -0.9492 0.1555, 0.057 -0.9482 0.1478, 0.1358 -0.9482 0.1478, 0.057 -0.9453 0.1406, 0.1358 -0.9453 0.1406, 0.057 -0.9407 0.1343, 0.1358 -0.9407 0.1343, 0.057 -0.9347 0.1293, 0.1358 -0.9347 0.1293, 0.057 -0.9277 0.126, 0.1358 -0.9277 0.126, 0.1358 0.2038 0.126, 0.057 0.2038 0.126, 0.1358 0.2175 0.1244, 0.057 0.2175 0.1244, 0.1358 0.2303 0.1197, 0.057 0.2303 0.1197, 0.1358 0.2418 0.1122, 0.057 0.2418 0.1122, 0.1358 0.2512 0.1022, 0.057 0.2512 0.1022, 0.1358 0.2581 0.0903, 0.057 0.2581 0.0903, 0.1358 0.262 0.0772, 0.057 0.262 0.0772, 0.1358 0.267 0.0488, 0.057 0.267 0.0488, 0.057 0.2709 0.0357, 0.1358 0.2709 0.0357, 0.057 0.2778 0.0238, 0.1358 0.2778 0.0238, 0.057 0.2872 0.0138, 0.1358 0.2872 0.0138, 0.057 0.2987 0.0063, 0.1358 0.2987 0.0063, 0.057 0.3115 0.0016, 0.1358 0.3115 0.0016, 0.057 0.3252 0.0, 0.1358 0.3252 0.0, 0.1358 0.5906 0.0, 0.057 0.5906 0.0, 0.057 0.6008 0.0013, 0.1358 0.6008 0.0013, 0.057 0.6103 0.0053, 0.1358 0.6103 0.0053, 0.057 0.6184 0.0115, 0.1358 0.6184 0.0115, 0.057 0.6247 0.0197, 0.1358 0.6247 0.0197, 0.057 0.6286 0.0292, 0.1358 0.6286 0.0292, 0.057 0.6299 0.0394, 0.1358 0.6299 0.0394, 0.1358 0.6299 0.0591, 0.057 0.6299 0.0591, 0.057 0.6279 0.0743, 0.1358 0.6279 0.0743, 0.057 0.622 0.0886, 0.1358 0.622 0.0886, 0.057 0.6126 0.1008, 0.1358 0.6126 0.1008, 0.057 0.6004 0.1102, 0.1358 0.6004 0.1102, 0.057 0.5862 0.1161, 0.1358 0.5862 0.1161, 0.057 0.5709 0.1181, 0.1358 0.5709 0.1181, 0.1358 0.3845 0.1181, 0.057 0.3845 0.1181, 0.1358 0.2953 0.2244, 0.057 0.2953 0.2244, 0.1358 0.2953 0.4494, 0.057 0.2953 0.4494, 0.1358 0.3349 0.4494, 0.057 0.3349 0.4494, 0.1358 0.3349 0.581, 0.057 0.3349 0.581, 0.1358 0.2953 0.581, 0.057 0.2953 0.581, 0.1358 0.2953 0.6969, 0.057 0.2953 0.6969, 0.1358 -0.7283 0.6969, 0.057 -0.7283 0.6969, 0.1358 -1.0433 0.6413, 0.057 -1.0433 0.6413, 0.057 -1.0531 0.6382, 0.1358 -1.0531 0.6382, 0.057 -1.0618 0.6327, 0.1358 -1.0618 0.6327, 0.057 -1.0687 0.6251, 0.1358 -1.0687 0.6251, 0.057 -1.0734 0.616, 0.1358 -1.0734 0.616, 0.057 -1.0757 0.606, 0.1358 -1.0757 0.606, 0.057 -1.0752 0.5957, 0.1358 -1.0752 0.5957, 0.057 -1.0721 0.5859, 0.1358 -1.0721 0.5859, 0.057 -1.0666 0.5772, 0.1358 -1.0666 0.5772, 0.057 -1.059 0.5703, 0.1358 -1.059 0.5703, 0.057 -1.0499 0.5655, 0.1358 -1.0499 0.5655, 0.057 -1.0399 0.5633, 0.1358 -1.0399 0.5633, 0.057 -1.0296 0.5638, 0.1358 -1.0296 0.5638, 0.1358 -0.7214 0.6181, 0.057 -0.7214 0.6181, 0.1358 -0.1771 0.6181, 0.057 -0.1771 0.6181, 0.1358 -0.1771 0.2047, 0.057 -0.1771 0.2047, 0.3326 -0.6521 0.2746, 0.3326 -0.6294 0.2047, 0.2539 -0.6521 0.2746, 0.2539 -0.6294 0.2047, 0.3326 -0.9277 0.185, 0.2539 -0.9277 0.185, 0.2539 -0.9347 0.1817, 0.3326 -0.9347 0.1817, 0.2539 -0.9407 0.1768, 0.3326 -0.9407 0.1768, 0.2539 -0.9453 0.1705, 0.3326 -0.9453 0.1705, 0.2539 -0.9482 0.1632, 0.3326 -0.9482 0.1632, 0.2539 -0.9492 0.1555, 0.3326 -0.9492 0.1555, 0.2539 -0.9482 0.1478, 0.3326 -0.9482 0.1478, 0.2539 -0.9453 0.1406, 0.3326 -0.9453 0.1406, 0.2539 -0.9407 0.1343, 0.3326 -0.9407 0.1343, 0.2539 -0.9347 0.1293, 0.3326 -0.9347 0.1293, 0.2539 -0.9277 0.126, 0.3326 -0.9277 0.126, 0.3326 0.2038 0.126, 0.2539 0.2038 0.126, 0.3326 0.2175 0.1244, 0.2539 0.2175 0.1244, 0.3326 0.2303 0.1197, 0.2539 0.2303 0.1197, 0.3326 0.2418 0.1122, 0.2539 0.2418 0.1122, 0.3326 0.2512 0.1022, 0.2539 0.2512 0.1022, 0.3326 0.2581 0.0903, 0.2539 0.2581 0.0903, 0.3326 0.262 0.0772, 0.2539 0.262 0.0772, 0.3326 0.267 0.0488, 0.2539 0.267 0.0488, 0.2539 0.2709 0.0357, 0.3326 0.2709 0.0357, 0.2539 0.2778 0.0238, 0.3326 0.2778 0.0238, 0.2539 0.2872 0.0138, 0.3326 0.2872 0.0138, 0.2539 0.2987 0.0063, 0.3326 0.2987 0.0063, 0.2539 0.3115 0.0016, 0.3326 0.3115 0.0016, 0.2539 0.3252 0.0, 0.3326 0.3252 0.0, 0.3326 0.5906 0.0, 0.2539 0.5906 0.0, 0.2539 0.6008 0.0013, 0.3326 0.6008 0.0013, 0.2539 0.6103 0.0053, 0.3326 0.6103 0.0053, 0.2539 0.6184 0.0115, 0.3326 0.6184 0.0115, 0.2539 0.6247 0.0197, 0.3326 0.6247 0.0197, 0.2539 0.6286 0.0292, 0.3326 0.6286 0.0292, 0.2539 0.6299 0.0394, 0.3326 0.6299 0.0394, 0.3326 0.6299 0.0591, 0.2539 0.6299 0.0591, 0.2539 0.6279 0.0743, 0.3326 0.6279 0.0743, 0.2539 0.622 0.0886, 0.3326 0.622 0.0886, 0.2539 0.6126 0.1008, 0.3326 0.6126 0.1008, 0.2539 0.6004 0.1102, 0.3326 0.6004 0.1102, 0.2539 0.5862 0.1161, 0.3326 0.5862 0.1161, 0.2539 0.5709 0.1181, 0.3326 0.5709 0.1181, 0.3326 0.3845 0.1181, 0.2539 0.3845 0.1181, 0.3326 0.2953 0.2244, 0.2539 0.2953 0.2244, 0.3326 0.2953 0.4494, 0.2539 0.2953 0.4494, 0.3326 0.3349 0.4494, 0.2539 0.3349 0.4494, 0.3326 0.3349 0.581, 0.2539 0.3349 0.581, 0.3326 0.2953 0.581, 0.2539 0.2953 0.581, 0.3326 0.2953 0.6969, 0.2539 0.2953 0.6969, 0.3326 -0.7283 0.6969, 0.2539 -0.7283 0.6969, 0.3326 -1.0433 0.6413, 0.2539 -1.0433 0.6413, 0.2539 -1.0531 0.6382, 0.3326 -1.0531 0.6382, 0.2539 -1.0618 0.6327, 0.3326 -1.0618 0.6327, 0.2539 -1.0687 0.6251, 0.3326 -1.0687 0.6251, 0.2539 -1.0734 0.616, 0.3326 -1.0734 0.616, 0.2539 -1.0757 0.606, 0.3326 -1.0757 0.606, 0.2539 -1.0752 0.5957, 0.3326 -1.0752 0.5957, 0.2539 -1.0721 0.5859, 0.3326 -1.0721 0.5859, 0.2539 -1.0666 0.5772, 0.3326 -1.0666 0.5772, 0.2539 -1.059 0.5703, 0.3326 -1.059 0.5703, 0.2539 -1.0499 0.5655, 0.3326 -1.0499 0.5655, 0.2539 -1.0399 0.5633, 0.3326 -1.0399 0.5633, 0.2539 -1.0296 0.5638, 0.3326 -1.0296 0.5638, 0.3326 -0.7214 0.6181, 0.2539 -0.7214 0.6181, 0.3326 -0.1771 0.6181, 0.2539 -0.1771 0.6181, 0.3326 -0.1771 0.2047, 0.2539 -0.1771 0.2047, 0.5295 -0.6521 0.2746, 0.5295 -0.6294 0.2047, 0.4507 -0.6521 0.2746, 0.4507 -0.6294 0.2047, 0.5295 -0.9277 0.185, 0.4507 -0.9277 0.185, 0.4507 -0.9347 0.1817, 0.5295 -0.9347 0.1817, 0.4507 -0.9407 0.1768, 0.5295 -0.9407 0.1768, 0.4507 -0.9453 0.1705, 0.5295 -0.9453 0.1705, 0.4507 -0.9482 0.1632, 0.5295 -0.9482 0.1632, 0.4507 -0.9492 0.1555, 0.5295 -0.9492 0.1555, 0.4507 -0.9482 0.1478, 0.5295 -0.9482 0.1478, 0.4507 -0.9453 0.1406, 0.5295 -0.9453 0.1406, 0.4507 -0.9407 0.1343, 0.5295 -0.9407 0.1343, 0.4507 -0.9347 0.1293, 0.5295 -0.9347 0.1293, 0.4507 -0.9277 0.126, 0.5295 -0.9277 0.126, 0.5295 0.2038 0.126, 0.4507 0.2038 0.126, 0.5295 0.2175 0.1244, 0.4507 0.2175 0.1244, 0.5295 0.2303 0.1197, 0.4507 0.2303 0.1197, 0.5295 0.2418 0.1122, 0.4507 0.2418 0.1122, 0.5295 0.2512 0.1022, 0.4507 0.2512 0.1022, 0.5295 0.2581 0.0903, 0.4507 0.2581 0.0903, 0.5295 0.262 0.0772, 0.4507 0.262 0.0772, 0.5295 0.267 0.0488, 0.4507 0.267 0.0488, 0.4507 0.2709 0.0357, 0.5295 0.2709 0.0357, 0.4507 0.2778 0.0238, 0.5295 0.2778 0.0238, 0.4507 0.2872 0.0138, 0.5295 0.2872 0.0138, 0.4507 0.2987 0.0063, 0.5295 0.2987 0.0063, 0.4507 0.3115 0.0016, 0.5295 0.3115 0.0016, 0.4507 0.3252 0.0, 0.5295 0.3252 0.0, 0.5295 0.5906 0.0, 0.4507 0.5906 0.0, 0.4507 0.6008 0.0013, 0.5295 0.6008 0.0013, 0.4507 0.6103 0.0053, 0.5295 0.6103 0.0053, 0.4507 0.6184 0.0115, 0.5295 0.6184 0.0115, 0.4507 0.6247 0.0197, 0.5295 0.6247 0.0197, 0.4507 0.6286 0.0292, 0.5295 0.6286 0.0292, 0.4507 0.6299 0.0394, 0.5295 0.6299 0.0394, 0.5295 0.6299 0.0591, 0.4507 0.6299 0.0591, 0.4507 0.6279 0.0743, 0.5295 0.6279 0.0743, 0.4507 0.622 0.0886, 0.5295 0.622 0.0886, 0.4507 0.6126 0.1008, 0.5295 0.6126 0.1008, 0.4507 0.6004 0.1102, 0.5295 0.6004 0.1102, 0.4507 0.5862 0.1161, 0.5295 0.5862 0.1161, 0.4507 0.5709 0.1181, 0.5295 0.5709 0.1181, 0.5295 0.3845 0.1181, 0.4507 0.3845 0.1181, 0.5295 0.2953 0.2244, 0.4507 0.2953 0.2244, 0.5295 0.2953 0.4494, 0.4507 0.2953 0.4494, 0.5295 0.3349 0.4494, 0.4507 0.3349 0.4494, 0.5295 0.3349 0.581, 0.4507 0.3349 0.581, 0.5295 0.2953 0.581, 0.4507 0.2953 0.581, 0.5295 0.2953 0.6969, 0.4507 0.2953 0.6969, 0.5295 -0.7283 0.6969, 0.4507 -0.7283 0.6969, 0.5295 -1.0433 0.6413, 0.4507 -1.0433 0.6413, 0.4507 -1.0531 0.6382, 0.5295 -1.0531 0.6382, 0.4507 -1.0618 0.6327, 0.5295 -1.0618 0.6327, 0.4507 -1.0687 0.6251, 0.5295 -1.0687 0.6251, 0.4507 -1.0734 0.616, 0.5295 -1.0734 0.616, 0.4507 -1.0757 0.606, 0.5295 -1.0757 0.606, 0.4507 -1.0752 0.5957, 0.5295 -1.0752 0.5957, 0.4507 -1.0721 0.5859, 0.5295 -1.0721 0.5859, 0.4507 -1.0666 0.5772, 0.5295 -1.0666 0.5772, 0.4507 -1.059 0.5703, 0.5295 -1.059 0.5703, 0.4507 -1.0499 0.5655, 0.5295 -1.0499 0.5655, 0.4507 -1.0399 0.5633, 0.5295 -1.0399 0.5633, 0.4507 -1.0296 0.5638, 0.5295 -1.0296 0.5638, 0.5295 -0.7214 0.6181, 0.4507 -0.7214 0.6181, 0.5295 -0.1771 0.6181, 0.4507 -0.1771 0.6181, 0.5295 -0.1771 0.2047, 0.4507 -0.1771 0.2047, -0.2579 -0.6521 0.2746, -0.2579 -0.6294 0.2047, -0.3367 -0.6521 0.2746, -0.3367 -0.6294 0.2047, -0.2579 -0.9277 0.185, -0.3367 -0.9277 0.185, -0.3367 -0.9347 0.1817, -0.2579 -0.9347 0.1817, -0.3367 -0.9407 0.1768, -0.2579 -0.9407 0.1768, -0.3367 -0.9453 0.1705, -0.2579 -0.9453 0.1705, -0.3367 -0.9482 0.1632, -0.2579 -0.9482 0.1632, -0.3367 -0.9492 0.1555, -0.2579 -0.9492 0.1555, -0.3367 -0.9482 0.1478, -0.2579 -0.9482 0.1478, -0.3367 -0.9453 0.1406, -0.2579 -0.9453 0.1406, -0.3367 -0.9407 0.1343, -0.2579 -0.9407 0.1343, -0.3367 -0.9347 0.1293, -0.2579 -0.9347 0.1293, -0.3367 -0.9277 0.126, -0.2579 -0.9277 0.126, -0.2579 0.2038 0.126, -0.3367 0.2038 0.126, -0.2579 0.2175 0.1244, -0.3367 0.2175 0.1244, -0.2579 0.2303 0.1197, -0.3367 0.2303 0.1197, -0.2579 0.2418 0.1122, -0.3367 0.2418 0.1122, -0.2579 0.2512 0.1022, -0.3367 0.2512 0.1022, -0.2579 0.2581 0.0903, -0.3367 0.2581 0.0903, -0.2579 0.262 0.0772, -0.3367 0.262 0.0772, -0.2579 0.267 0.0488, -0.3367 0.267 0.0488, -0.3367 0.2709 0.0357, -0.2579 0.2709 0.0357, -0.3367 0.2778 0.0238, -0.2579 0.2778 0.0238, -0.3367 0.2872 0.0138, -0.2579 0.2872 0.0138, -0.3367 0.2987 0.0063, -0.2579 0.2987 0.0063, -0.3367 0.3115 0.0016, -0.2579 0.3115 0.0016, -0.3367 0.3252 0.0, -0.2579 0.3252 0.0, -0.2579 0.5906 0.0, -0.3367 0.5906 0.0, -0.3367 0.6008 0.0013, -0.2579 0.6008 0.0013, -0.3367 0.6103 0.0053, -0.2579 0.6103 0.0053, -0.3367 0.6184 0.0115, -0.2579 0.6184 0.0115, -0.3367 0.6247 0.0197, -0.2579 0.6247 0.0197, -0.3367 0.6286 0.0292, -0.2579 0.6286 0.0292, -0.3367 0.6299 0.0394, -0.2579 0.6299 0.0394, -0.2579 0.6299 0.0591, -0.3367 0.6299 0.0591, -0.3367 0.6279 0.0743, -0.2579 0.6279 0.0743, -0.3367 0.622 0.0886, -0.2579 0.622 0.0886, -0.3367 0.6126 0.1008, -0.2579 0.6126 0.1008, -0.3367 0.6004 0.1102, -0.2579 0.6004 0.1102, -0.3367 0.5862 0.1161, -0.2579 0.5862 0.1161, -0.3367 0.5709 0.1181, -0.2579 0.5709 0.1181, -0.2579 0.3845 0.1181, -0.3367 0.3845 0.1181, -0.2579 0.2953 0.2244, -0.3367 0.2953 0.2244, -0.2579 0.2953 0.4494, -0.3367 0.2953 0.4494, -0.2579 0.3349 0.4494, -0.3367 0.3349 0.4494, -0.2579 0.3349 0.581, -0.3367 0.3349 0.581, -0.2579 0.2953 0.581, -0.3367 0.2953 0.581, -0.2579 0.2953 0.6969, -0.3367 0.2953 0.6969, -0.2579 -0.7283 0.6969, -0.3367 -0.7283 0.6969, -0.2579 -1.0433 0.6413, -0.3367 -1.0433 0.6413, -0.3367 -1.0531 0.6382, -0.2579 -1.0531 0.6382, -0.3367 -1.0618 0.6327, -0.2579 -1.0618 0.6327, -0.3367 -1.0687 0.6251, -0.2579 -1.0687 0.6251, -0.3367 -1.0734 0.616, -0.2579 -1.0734 0.616, -0.3367 -1.0757 0.606, -0.2579 -1.0757 0.606, -0.3367 -1.0752 0.5957, -0.2579 -1.0752 0.5957, -0.3367 -1.0721 0.5859, -0.2579 -1.0721 0.5859, -0.3367 -1.0666 0.5772, -0.2579 -1.0666 0.5772, -0.3367 -1.059 0.5703, -0.2579 -1.059 0.5703, -0.3367 -1.0499 0.5655, -0.2579 -1.0499 0.5655, -0.3367 -1.0399 0.5633, -0.2579 -1.0399 0.5633, -0.3367 -1.0296 0.5638, -0.2579 -1.0296 0.5638, -0.2579 -0.7214 0.6181, -0.3367 -0.7214 0.6181, -0.2579 -0.1771 0.6181, -0.3367 -0.1771 0.6181, -0.2579 -0.1771 0.2047, -0.3367 -0.1771 0.2047, -0.4548 -0.6521 0.2746, -0.4548 -0.6294 0.2047, -0.5335 -0.6521 0.2746, -0.5335 -0.6294 0.2047, -0.4548 -0.9277 0.185, -0.5335 -0.9277 0.185, -0.5335 -0.9347 0.1817, -0.4548 -0.9347 0.1817, -0.5335 -0.9407 0.1768, -0.4548 -0.9407 0.1768, -0.5335 -0.9453 0.1705, -0.4548 -0.9453 0.1705, -0.5335 -0.9482 0.1632, -0.4548 -0.9482 0.1632, -0.5335 -0.9492 0.1555, -0.4548 -0.9492 0.1555, -0.5335 -0.9482 0.1478, -0.4548 -0.9482 0.1478, -0.5335 -0.9453 0.1406, -0.4548 -0.9453 0.1406, -0.5335 -0.9407 0.1343, -0.4548 -0.9407 0.1343, -0.5335 -0.9347 0.1293, -0.4548 -0.9347 0.1293, -0.5335 -0.9277 0.126, -0.4548 -0.9277 0.126, -0.4548 0.2038 0.126, -0.5335 0.2038 0.126, -0.4548 0.2175 0.1244, -0.5335 0.2175 0.1244, -0.4548 0.2303 0.1197, -0.5335 0.2303 0.1197, -0.4548 0.2418 0.1122, -0.5335 0.2418 0.1122, -0.4548 0.2512 0.1022, -0.5335 0.2512 0.1022, -0.4548 0.2581 0.0903, -0.5335 0.2581 0.0903, -0.4548 0.262 0.0772, -0.5335 0.262 0.0772, -0.4548 0.267 0.0488, -0.5335 0.267 0.0488, -0.5335 0.2709 0.0357, -0.4548 0.2709 0.0357, -0.5335 0.2778 0.0238, -0.4548 0.2778 0.0238, -0.5335 0.2872 0.0138, -0.4548 0.2872 0.0138, -0.5335 0.2987 0.0063, -0.4548 0.2987 0.0063, -0.5335 0.3115 0.0016, -0.4548 0.3115 0.0016, -0.5335 0.3252 0.0, -0.4548 0.3252 0.0, -0.4548 0.5906 0.0, -0.5335 0.5906 0.0, -0.5335 0.6008 0.0013, -0.4548 0.6008 0.0013, -0.5335 0.6103 0.0053, -0.4548 0.6103 0.0053, -0.5335 0.6184 0.0115, -0.4548 0.6184 0.0115, -0.5335 0.6247 0.0197, -0.4548 0.6247 0.0197, -0.5335 0.6286 0.0292, -0.4548 0.6286 0.0292, -0.5335 0.6299 0.0394, -0.4548 0.6299 0.0394, -0.4548 0.6299 0.0591, -0.5335 0.6299 0.0591, -0.5335 0.6279 0.0743, -0.4548 0.6279 0.0743, -0.5335 0.622 0.0886, -0.4548 0.622 0.0886, -0.5335 0.6126 0.1008, -0.4548 0.6126 0.1008, -0.5335 0.6004 0.1102, -0.4548 0.6004 0.1102, -0.5335 0.5862 0.1161, -0.4548 0.5862 0.1161, -0.5335 0.5709 0.1181, -0.4548 0.5709 0.1181, -0.4548 0.3845 0.1181, -0.5335 0.3845 0.1181, -0.4548 0.2953 0.2244, -0.5335 0.2953 0.2244, -0.4548 0.2953 0.4494, -0.5335 0.2953 0.4494, -0.4548 0.3349 0.4494, -0.5335 0.3349 0.4494, -0.4548 0.3349 0.581, -0.5335 0.3349 0.581, -0.4548 0.2953 0.581, -0.5335 0.2953 0.581, -0.4548 0.2953 0.6969, -0.5335 0.2953 0.6969, -0.4548 -0.7283 0.6969, -0.5335 -0.7283 0.6969, -0.4548 -1.0433 0.6413, -0.5335 -1.0433 0.6413, -0.5335 -1.0531 0.6382, -0.4548 -1.0531 0.6382, -0.5335 -1.0618 0.6327, -0.4548 -1.0618 0.6327, -0.5335 -1.0687 0.6251, -0.4548 -1.0687 0.6251, -0.5335 -1.0734 0.616, -0.4548 -1.0734 0.616, -0.5335 -1.0757 0.606, -0.4548 -1.0757 0.606, -0.5335 -1.0752 0.5957, -0.4548 -1.0752 0.5957, -0.5335 -1.0721 0.5859, -0.4548 -1.0721 0.5859, -0.5335 -1.0666 0.5772, -0.4548 -1.0666 0.5772, -0.5335 -1.059 0.5703, -0.4548 -1.059 0.5703, -0.5335 -1.0499 0.5655, -0.4548 -1.0499 0.5655, -0.5335 -1.0399 0.5633, -0.4548 -1.0399 0.5633, -0.5335 -1.0296 0.5638, -0.4548 -1.0296 0.5638, -0.4548 -0.7214 0.6181, -0.5335 -0.7214 0.6181, -0.4548 -0.1771 0.6181, -0.5335 -0.1771 0.6181, -0.4548 -0.1771 0.2047, -0.5335 -0.1771 0.2047, -0.7224 -0.689 0.0669, -0.7149 -0.689 0.0866, -0.8052 -0.689 0.0866, -1.3603 -0.689 0.0787, -1.3603 -0.689 0.0, -0.8288 -0.689 0.0787, -0.8288 -0.689 0.0, -0.82 -0.689 0.0797, -0.8025 -0.689 0.003, -0.8117 -0.689 0.0826, -0.7775 -0.689 0.0117, -0.7551 -0.689 0.0258, -0.7364 -0.689 0.0445, -1.3996 -0.6035 0.0, -1.3996 -0.6496 0.0, -1.3996 -0.6035 0.0787, -1.3996 -0.6496 0.0787, -1.3414 -0.5451 0.0, -1.3561 -0.5577 0.0, -1.3303 -0.5293 0.0, -1.3233 -0.5113 0.0, -0.8288 -0.2953 0.0, -1.3209 -0.4921 0.0, -1.3233 -0.4729 0.0, -1.3303 -0.4549 0.0, -1.3414 -0.4391 0.0, -1.3603 -0.2953 0.0, -1.3561 -0.4265 0.0, -1.3734 -0.4179 0.0, -1.3734 -0.5663 0.0, -1.3985 -0.5939 0.0, -1.395 -0.5848 0.0, -1.3894 -0.577 0.0, -1.3821 -0.5707 0.0, -1.3894 -0.4073 0.0, -1.395 -0.3994 0.0, -1.3821 -0.4136 0.0, -1.3985 -0.3903 0.0, -1.3996 -0.3807 0.0, -1.3996 -0.3346 0.0, -1.3983 -0.3244 0.0, -1.3944 -0.6693 0.0, -1.3705 -0.6876 0.0, -1.3881 -0.6774 0.0, -1.38 -0.6837 0.0, -1.3983 -0.6598 0.0, -1.3944 -0.3149 0.0, -1.3881 -0.3068 0.0, -1.3705 -0.2966 0.0, -1.38 -0.3005 0.0, -0.7149 -0.5905 0.0866, -0.7136 -0.5905 0.0918, -0.7224 -0.2953 0.0669, -0.7136 -0.2953 0.0918, -0.7107 -0.2953 0.1181, -0.7107 -0.5905 0.1181, -0.7364 -0.2953 0.0445, -0.7551 -0.2953 0.0258, -0.7775 -0.2953 0.0117, -0.8025 -0.2953 0.003, -0.7107 0.2559 0.1181, -0.7107 0.2559 0.4016, -0.7107 -0.5905 0.4016, -0.7894 -0.5905 0.4016, -0.7894 0.2559 0.4016, -0.7894 0.2559 0.1181, -0.7894 -0.2953 0.1181, -0.7894 -0.5905 0.1181, -0.8052 -0.5905 0.0866, -0.8288 -0.2953 0.0787, -0.82 -0.2953 0.0797, -0.8117 -0.2953 0.0826, -0.7904 -0.5905 0.1093, -0.7904 -0.2953 0.1093, -0.7933 -0.5905 0.101, -0.7933 -0.2953 0.101, -0.798 -0.5905 0.0936, -0.798 -0.2953 0.0936, -0.8042 -0.5905 0.0873, -0.8042 -0.2953 0.0873, -1.3233 -0.5113 0.0787, -1.3209 -0.4921 0.0787, -1.3303 -0.5293 0.0787, -1.3414 -0.5451 0.0787, -1.3561 -0.5577 0.0787, -1.3734 -0.5663 0.0787, -1.3414 -0.4391 0.0787, -1.3303 -0.4549 0.0787, -1.3233 -0.4729 0.0787, -1.3561 -0.4265 0.0787, -1.3603 -0.2953 0.0787, -1.3734 -0.4179 0.0787, -1.3996 -0.3346 0.0787, -1.3996 -0.3807 0.0787, -1.3985 -0.3903 0.0787, -1.395 -0.3994 0.0787, -1.3821 -0.4136 0.0787, -1.3894 -0.4073 0.0787, -1.395 -0.5848 0.0787, -1.3894 -0.577 0.0787, -1.3821 -0.5707 0.0787, -1.38 -0.3005 0.0787, -1.3881 -0.3068 0.0787, -1.3705 -0.2966 0.0787, -1.3944 -0.3149 0.0787, -1.3983 -0.3244 0.0787, -1.3985 -0.5939 0.0787, -1.3705 -0.6876 0.0787, -1.3983 -0.6598 0.0787, -1.3944 -0.6693 0.0787, -1.3881 -0.6774 0.0787, -1.38 -0.6837 0.0787
            ]
        }
        coordIndex [
            0,1,2,-1,2,1,3,-1,4,0,5,-1,5,0,2,-1,4,5,6,-1,4,6,7,-1,7,6,8,-1,7,8,9,-1,9,8,10,-1,9,10,11,-1,11,10,12,-1,11,12,13,-1,13,12,14,-1,13,14,15,-1,15,14,16,-1,15,16,17,-1,17,16,18,-1,17,18,19,-1,19,18,20,-1,19,20,21,-1,21,20,22,-1,21,22,23,-1,23,22,24,-1,23,24,25,-1,26,25,27,-1,27,25,24,-1,26,27,28,-1,28,27,29,-1,28,29,30,-1,30,29,31,-1,30,31,32,-1,32,31,33,-1,32,33,34,-1,34,33,35,-1,34,35,36,-1,36,35,37,-1,36,37,38,-1,38,37,39,-1,40,38,41,-1,41,38,39,-1,40,41,42,-1,40,42,43,-1,43,42,44,-1,43,44,45,-1,45,44,46,-1,45,46,47,-1,47,46,48,-1,47,48,49,-1,49,48,50,-1,49,50,51,-1,51,50,52,-1,51,52,53,-1,54,53,55,-1,55,53,52,-1,54,55,56,-1,54,56,57,-1,57,56,58,-1,57,58,59,-1,59,58,60,-1,59,60,61,-1,61,60,62,-1,61,62,63,-1,63,62,64,-1,63,64,65,-1,65,64,66,-1,65,66,67,-1,68,67,69,-1,69,67,66,-1,68,69,70,-1,68,70,71,-1,71,70,72,-1,71,72,73,-1,73,72,74,-1,73,74,75,-1,75,74,76,-1,75,76,77,-1,77,76,78,-1,77,78,79,-1,79,78,80,-1,79,80,81,-1,82,81,83,-1,83,81,80,-1,84,82,85,-1,85,82,83,-1,86,84,87,-1,87,84,85,-1,88,86,89,-1,89,86,87,-1,90,88,91,-1,91,88,89,-1,92,90,93,-1,93,90,91,-1,94,92,95,-1,95,92,93,-1,96,94,97,-1,97,94,95,-1,98,96,99,-1,99,96,97,-1,98,99,100,-1,98,100,101,-1,101,100,102,-1,101,102,103,-1,103,102,104,-1,103,104,105,-1,105,104,106,-1,105,106,107,-1,107,106,108,-1,107,108,109,-1,109,108,110,-1,109,110,111,-1,111,110,112,-1,111,112,113,-1,113,112,114,-1,113,114,115,-1,115,114,116,-1,115,116,117,-1,117,116,118,-1,117,118,119,-1,119,118,120,-1,119,120,121,-1,121,120,122,-1,121,122,123,-1,124,123,125,-1,125,123,122,-1,126,124,127,-1,127,124,125,-1,128,126,129,-1,129,126,127,-1,1,128,3,-1,3,128,129,-1,81,82,53,-1,128,1,25,-1,86,88,90,-1,1,0,25,-1,25,0,4,-1,25,4,23,-1,92,94,126,-1,126,94,96,-1,126,96,124,-1,26,28,84,-1,124,96,123,-1,123,96,98,-1,123,98,101,-1,63,54,61,-1,61,54,57,-1,61,57,59,-1,25,26,128,-1,128,26,84,-1,128,84,126,-1,126,84,86,-1,126,86,92,-1,92,86,90,-1,101,103,123,-1,123,103,105,-1,123,105,107,-1,79,81,68,-1,68,81,53,-1,68,53,67,-1,67,53,54,-1,67,54,65,-1,65,54,63,-1,68,71,73,-1,28,30,84,-1,84,30,32,-1,84,32,82,-1,82,32,34,-1,13,15,4,-1,4,15,17,-1,73,75,68,-1,68,75,77,-1,68,77,79,-1,7,9,4,-1,4,9,11,-1,4,11,13,-1,17,19,4,-1,4,19,21,-1,4,21,23,-1,113,115,117,-1,34,36,82,-1,82,36,38,-1,82,38,40,-1,107,109,123,-1,123,109,111,-1,123,111,121,-1,121,111,113,-1,121,113,119,-1,119,113,117,-1,40,43,82,-1,82,43,45,-1,82,45,47,-1,47,49,82,-1,82,49,51,-1,82,51,53,-1,5,2,3,-1,93,91,89,-1,87,85,129,-1,5,14,12,-1,106,104,122,-1,89,87,93,-1,93,87,129,-1,93,129,95,-1,95,129,127,-1,95,127,97,-1,97,127,125,-1,97,125,99,-1,99,125,122,-1,55,52,66,-1,66,52,69,-1,20,18,5,-1,5,18,16,-1,5,16,14,-1,12,10,5,-1,5,10,8,-1,5,8,6,-1,106,122,108,-1,104,102,122,-1,122,102,100,-1,122,100,99,-1,33,85,35,-1,35,85,83,-1,33,31,85,-1,85,31,29,-1,85,29,129,-1,129,29,27,-1,129,27,3,-1,3,27,24,-1,3,24,5,-1,5,24,22,-1,5,22,20,-1,83,80,69,-1,69,80,78,-1,69,78,76,-1,114,112,116,-1,116,112,110,-1,116,110,118,-1,41,39,83,-1,83,39,37,-1,83,37,35,-1,76,74,69,-1,69,74,72,-1,69,72,70,-1,108,122,110,-1,110,122,120,-1,110,120,118,-1,60,66,62,-1,62,66,64,-1,60,58,66,-1,66,58,56,-1,66,56,55,-1,48,46,83,-1,69,52,83,-1,83,52,50,-1,83,50,48,-1,46,44,83,-1,83,44,42,-1,83,42,41,-1,130,131,132,-1,132,131,133,-1,134,130,135,-1,135,130,132,-1,134,135,136,-1,134,136,137,-1,137,136,138,-1,137,138,139,-1,139,138,140,-1,139,140,141,-1,141,140,142,-1,141,142,143,-1,143,142,144,-1,143,144,145,-1,145,144,146,-1,145,146,147,-1,147,146,148,-1,147,148,149,-1,149,148,150,-1,149,150,151,-1,151,150,152,-1,151,152,153,-1,153,152,154,-1,153,154,155,-1,156,155,157,-1,157,155,154,-1,156,157,158,-1,158,157,159,-1,158,159,160,-1,160,159,161,-1,160,161,162,-1,162,161,163,-1,162,163,164,-1,164,163,165,-1,164,165,166,-1,166,165,167,-1,166,167,168,-1,168,167,169,-1,170,168,171,-1,171,168,169,-1,170,171,172,-1,170,172,173,-1,173,172,174,-1,173,174,175,-1,175,174,176,-1,175,176,177,-1,177,176,178,-1,177,178,179,-1,179,178,180,-1,179,180,181,-1,181,180,182,-1,181,182,183,-1,184,183,185,-1,185,183,182,-1,184,185,186,-1,184,186,187,-1,187,186,188,-1,187,188,189,-1,189,188,190,-1,189,190,191,-1,191,190,192,-1,191,192,193,-1,193,192,194,-1,193,194,195,-1,195,194,196,-1,195,196,197,-1,198,197,199,-1,199,197,196,-1,198,199,200,-1,198,200,201,-1,201,200,202,-1,201,202,203,-1,203,202,204,-1,203,204,205,-1,205,204,206,-1,205,206,207,-1,207,206,208,-1,207,208,209,-1,209,208,210,-1,209,210,211,-1,212,211,213,-1,213,211,210,-1,214,212,215,-1,215,212,213,-1,216,214,217,-1,217,214,215,-1,218,216,219,-1,219,216,217,-1,220,218,221,-1,221,218,219,-1,222,220,223,-1,223,220,221,-1,224,222,225,-1,225,222,223,-1,226,224,227,-1,227,224,225,-1,228,226,229,-1,229,226,227,-1,228,229,230,-1,228,230,231,-1,231,230,232,-1,231,232,233,-1,233,232,234,-1,233,234,235,-1,235,234,236,-1,235,236,237,-1,237,236,238,-1,237,238,239,-1,239,238,240,-1,239,240,241,-1,241,240,242,-1,241,242,243,-1,243,242,244,-1,243,244,245,-1,245,244,246,-1,245,246,247,-1,247,246,248,-1,247,248,249,-1,249,248,250,-1,249,250,251,-1,251,250,252,-1,251,252,253,-1,254,253,255,-1,255,253,252,-1,256,254,257,-1,257,254,255,-1,258,256,259,-1,259,256,257,-1,131,258,133,-1,133,258,259,-1,211,212,183,-1,258,131,155,-1,216,218,220,-1,131,130,155,-1,155,130,134,-1,155,134,153,-1,222,224,256,-1,256,224,226,-1,256,226,254,-1,156,158,214,-1,254,226,253,-1,253,226,228,-1,253,228,231,-1,193,184,191,-1,191,184,187,-1,191,187,189,-1,155,156,258,-1,258,156,214,-1,258,214,256,-1,256,214,216,-1,256,216,222,-1,222,216,220,-1,231,233,253,-1,253,233,235,-1,253,235,237,-1,209,211,198,-1,198,211,183,-1,198,183,197,-1,197,183,184,-1,197,184,195,-1,195,184,193,-1,198,201,203,-1,158,160,214,-1,214,160,162,-1,214,162,212,-1,212,162,164,-1,143,145,134,-1,134,145,147,-1,203,205,198,-1,198,205,207,-1,198,207,209,-1,137,139,134,-1,134,139,141,-1,134,141,143,-1,147,149,134,-1,134,149,151,-1,134,151,153,-1,243,245,247,-1,164,166,212,-1,212,166,168,-1,212,168,170,-1,237,239,253,-1,253,239,241,-1,253,241,251,-1,251,241,243,-1,251,243,249,-1,249,243,247,-1,170,173,212,-1,212,173,175,-1,212,175,177,-1,177,179,212,-1,212,179,181,-1,212,181,183,-1,135,132,133,-1,223,221,219,-1,217,215,259,-1,135,144,142,-1,236,234,252,-1,219,217,223,-1,223,217,259,-1,223,259,225,-1,225,259,257,-1,225,257,227,-1,227,257,255,-1,227,255,229,-1,229,255,252,-1,185,182,196,-1,196,182,199,-1,150,148,135,-1,135,148,146,-1,135,146,144,-1,142,140,135,-1,135,140,138,-1,135,138,136,-1,236,252,238,-1,234,232,252,-1,252,232,230,-1,252,230,229,-1,163,215,165,-1,165,215,213,-1,163,161,215,-1,215,161,159,-1,215,159,259,-1,259,159,157,-1,259,157,133,-1,133,157,154,-1,133,154,135,-1,135,154,152,-1,135,152,150,-1,213,210,199,-1,199,210,208,-1,199,208,206,-1,244,242,246,-1,246,242,240,-1,246,240,248,-1,171,169,213,-1,213,169,167,-1,213,167,165,-1,206,204,199,-1,199,204,202,-1,199,202,200,-1,238,252,240,-1,240,252,250,-1,240,250,248,-1,190,196,192,-1,192,196,194,-1,190,188,196,-1,196,188,186,-1,196,186,185,-1,178,176,213,-1,199,182,213,-1,213,182,180,-1,213,180,178,-1,176,174,213,-1,213,174,172,-1,213,172,171,-1,260,261,262,-1,262,261,263,-1,264,260,265,-1,265,260,262,-1,264,265,266,-1,264,266,267,-1,267,266,268,-1,267,268,269,-1,269,268,270,-1,269,270,271,-1,271,270,272,-1,271,272,273,-1,273,272,274,-1,273,274,275,-1,275,274,276,-1,275,276,277,-1,277,276,278,-1,277,278,279,-1,279,278,280,-1,279,280,281,-1,281,280,282,-1,281,282,283,-1,283,282,284,-1,283,284,285,-1,286,285,287,-1,287,285,284,-1,286,287,288,-1,288,287,289,-1,288,289,290,-1,290,289,291,-1,290,291,292,-1,292,291,293,-1,292,293,294,-1,294,293,295,-1,294,295,296,-1,296,295,297,-1,296,297,298,-1,298,297,299,-1,300,298,301,-1,301,298,299,-1,300,301,302,-1,300,302,303,-1,303,302,304,-1,303,304,305,-1,305,304,306,-1,305,306,307,-1,307,306,308,-1,307,308,309,-1,309,308,310,-1,309,310,311,-1,311,310,312,-1,311,312,313,-1,314,313,315,-1,315,313,312,-1,314,315,316,-1,314,316,317,-1,317,316,318,-1,317,318,319,-1,319,318,320,-1,319,320,321,-1,321,320,322,-1,321,322,323,-1,323,322,324,-1,323,324,325,-1,325,324,326,-1,325,326,327,-1,328,327,329,-1,329,327,326,-1,328,329,330,-1,328,330,331,-1,331,330,332,-1,331,332,333,-1,333,332,334,-1,333,334,335,-1,335,334,336,-1,335,336,337,-1,337,336,338,-1,337,338,339,-1,339,338,340,-1,339,340,341,-1,342,341,343,-1,343,341,340,-1,344,342,345,-1,345,342,343,-1,346,344,347,-1,347,344,345,-1,348,346,349,-1,349,346,347,-1,350,348,351,-1,351,348,349,-1,352,350,353,-1,353,350,351,-1,354,352,355,-1,355,352,353,-1,356,354,357,-1,357,354,355,-1,358,356,359,-1,359,356,357,-1,358,359,360,-1,358,360,361,-1,361,360,362,-1,361,362,363,-1,363,362,364,-1,363,364,365,-1,365,364,366,-1,365,366,367,-1,367,366,368,-1,367,368,369,-1,369,368,370,-1,369,370,371,-1,371,370,372,-1,371,372,373,-1,373,372,374,-1,373,374,375,-1,375,374,376,-1,375,376,377,-1,377,376,378,-1,377,378,379,-1,379,378,380,-1,379,380,381,-1,381,380,382,-1,381,382,383,-1,384,383,385,-1,385,383,382,-1,386,384,387,-1,387,384,385,-1,388,386,389,-1,389,386,387,-1,261,388,263,-1,263,388,389,-1,341,342,313,-1,388,261,285,-1,346,348,350,-1,261,260,285,-1,285,260,264,-1,285,264,283,-1,352,354,386,-1,386,354,356,-1,386,356,384,-1,286,288,344,-1,384,356,383,-1,383,356,358,-1,383,358,361,-1,323,314,321,-1,321,314,317,-1,321,317,319,-1,285,286,388,-1,388,286,344,-1,388,344,386,-1,386,344,346,-1,386,346,352,-1,352,346,350,-1,361,363,383,-1,383,363,365,-1,383,365,367,-1,339,341,328,-1,328,341,313,-1,328,313,327,-1,327,313,314,-1,327,314,325,-1,325,314,323,-1,328,331,333,-1,288,290,344,-1,344,290,292,-1,344,292,342,-1,342,292,294,-1,273,275,264,-1,264,275,277,-1,333,335,328,-1,328,335,337,-1,328,337,339,-1,267,269,264,-1,264,269,271,-1,264,271,273,-1,277,279,264,-1,264,279,281,-1,264,281,283,-1,373,375,377,-1,294,296,342,-1,342,296,298,-1,342,298,300,-1,367,369,383,-1,383,369,371,-1,383,371,381,-1,381,371,373,-1,381,373,379,-1,379,373,377,-1,300,303,342,-1,342,303,305,-1,342,305,307,-1,307,309,342,-1,342,309,311,-1,342,311,313,-1,265,262,263,-1,353,351,349,-1,347,345,389,-1,265,274,272,-1,366,364,382,-1,349,347,353,-1,353,347,389,-1,353,389,355,-1,355,389,387,-1,355,387,357,-1,357,387,385,-1,357,385,359,-1,359,385,382,-1,315,312,326,-1,326,312,329,-1,280,278,265,-1,265,278,276,-1,265,276,274,-1,272,270,265,-1,265,270,268,-1,265,268,266,-1,366,382,368,-1,364,362,382,-1,382,362,360,-1,382,360,359,-1,293,345,295,-1,295,345,343,-1,293,291,345,-1,345,291,289,-1,345,289,389,-1,389,289,287,-1,389,287,263,-1,263,287,284,-1,263,284,265,-1,265,284,282,-1,265,282,280,-1,343,340,329,-1,329,340,338,-1,329,338,336,-1,374,372,376,-1,376,372,370,-1,376,370,378,-1,301,299,343,-1,343,299,297,-1,343,297,295,-1,336,334,329,-1,329,334,332,-1,329,332,330,-1,368,382,370,-1,370,382,380,-1,370,380,378,-1,320,326,322,-1,322,326,324,-1,320,318,326,-1,326,318,316,-1,326,316,315,-1,308,306,343,-1,329,312,343,-1,343,312,310,-1,343,310,308,-1,306,304,343,-1,343,304,302,-1,343,302,301,-1,390,391,392,-1,392,391,393,-1,394,390,395,-1,395,390,392,-1,394,395,396,-1,394,396,397,-1,397,396,398,-1,397,398,399,-1,399,398,400,-1,399,400,401,-1,401,400,402,-1,401,402,403,-1,403,402,404,-1,403,404,405,-1,405,404,406,-1,405,406,407,-1,407,406,408,-1,407,408,409,-1,409,408,410,-1,409,410,411,-1,411,410,412,-1,411,412,413,-1,413,412,414,-1,413,414,415,-1,416,415,417,-1,417,415,414,-1,416,417,418,-1,418,417,419,-1,418,419,420,-1,420,419,421,-1,420,421,422,-1,422,421,423,-1,422,423,424,-1,424,423,425,-1,424,425,426,-1,426,425,427,-1,426,427,428,-1,428,427,429,-1,430,428,431,-1,431,428,429,-1,430,431,432,-1,430,432,433,-1,433,432,434,-1,433,434,435,-1,435,434,436,-1,435,436,437,-1,437,436,438,-1,437,438,439,-1,439,438,440,-1,439,440,441,-1,441,440,442,-1,441,442,443,-1,444,443,445,-1,445,443,442,-1,444,445,446,-1,444,446,447,-1,447,446,448,-1,447,448,449,-1,449,448,450,-1,449,450,451,-1,451,450,452,-1,451,452,453,-1,453,452,454,-1,453,454,455,-1,455,454,456,-1,455,456,457,-1,458,457,459,-1,459,457,456,-1,458,459,460,-1,458,460,461,-1,461,460,462,-1,461,462,463,-1,463,462,464,-1,463,464,465,-1,465,464,466,-1,465,466,467,-1,467,466,468,-1,467,468,469,-1,469,468,470,-1,469,470,471,-1,472,471,473,-1,473,471,470,-1,474,472,475,-1,475,472,473,-1,476,474,477,-1,477,474,475,-1,478,476,479,-1,479,476,477,-1,480,478,481,-1,481,478,479,-1,482,480,483,-1,483,480,481,-1,484,482,485,-1,485,482,483,-1,486,484,487,-1,487,484,485,-1,488,486,489,-1,489,486,487,-1,488,489,490,-1,488,490,491,-1,491,490,492,-1,491,492,493,-1,493,492,494,-1,493,494,495,-1,495,494,496,-1,495,496,497,-1,497,496,498,-1,497,498,499,-1,499,498,500,-1,499,500,501,-1,501,500,502,-1,501,502,503,-1,503,502,504,-1,503,504,505,-1,505,504,506,-1,505,506,507,-1,507,506,508,-1,507,508,509,-1,509,508,510,-1,509,510,511,-1,511,510,512,-1,511,512,513,-1,514,513,515,-1,515,513,512,-1,516,514,517,-1,517,514,515,-1,518,516,519,-1,519,516,517,-1,391,518,393,-1,393,518,519,-1,471,472,443,-1,518,391,415,-1,476,478,480,-1,391,390,415,-1,415,390,394,-1,415,394,413,-1,482,484,516,-1,516,484,486,-1,516,486,514,-1,416,418,474,-1,514,486,513,-1,513,486,488,-1,513,488,491,-1,453,444,451,-1,451,444,447,-1,451,447,449,-1,415,416,518,-1,518,416,474,-1,518,474,516,-1,516,474,476,-1,516,476,482,-1,482,476,480,-1,491,493,513,-1,513,493,495,-1,513,495,497,-1,469,471,458,-1,458,471,443,-1,458,443,457,-1,457,443,444,-1,457,444,455,-1,455,444,453,-1,458,461,463,-1,418,420,474,-1,474,420,422,-1,474,422,472,-1,472,422,424,-1,403,405,394,-1,394,405,407,-1,463,465,458,-1,458,465,467,-1,458,467,469,-1,397,399,394,-1,394,399,401,-1,394,401,403,-1,407,409,394,-1,394,409,411,-1,394,411,413,-1,503,505,507,-1,424,426,472,-1,472,426,428,-1,472,428,430,-1,497,499,513,-1,513,499,501,-1,513,501,511,-1,511,501,503,-1,511,503,509,-1,509,503,507,-1,430,433,472,-1,472,433,435,-1,472,435,437,-1,437,439,472,-1,472,439,441,-1,472,441,443,-1,395,392,393,-1,483,481,479,-1,477,475,519,-1,395,404,402,-1,496,494,512,-1,479,477,483,-1,483,477,519,-1,483,519,485,-1,485,519,517,-1,485,517,487,-1,487,517,515,-1,487,515,489,-1,489,515,512,-1,445,442,456,-1,456,442,459,-1,410,408,395,-1,395,408,406,-1,395,406,404,-1,402,400,395,-1,395,400,398,-1,395,398,396,-1,496,512,498,-1,494,492,512,-1,512,492,490,-1,512,490,489,-1,423,475,425,-1,425,475,473,-1,423,421,475,-1,475,421,419,-1,475,419,519,-1,519,419,417,-1,519,417,393,-1,393,417,414,-1,393,414,395,-1,395,414,412,-1,395,412,410,-1,473,470,459,-1,459,470,468,-1,459,468,466,-1,504,502,506,-1,506,502,500,-1,506,500,508,-1,431,429,473,-1,473,429,427,-1,473,427,425,-1,466,464,459,-1,459,464,462,-1,459,462,460,-1,498,512,500,-1,500,512,510,-1,500,510,508,-1,450,456,452,-1,452,456,454,-1,450,448,456,-1,456,448,446,-1,456,446,445,-1,438,436,473,-1,459,442,473,-1,473,442,440,-1,473,440,438,-1,436,434,473,-1,473,434,432,-1,473,432,431,-1,520,521,522,-1,522,521,523,-1,524,520,525,-1,525,520,522,-1,524,525,526,-1,524,526,527,-1,527,526,528,-1,527,528,529,-1,529,528,530,-1,529,530,531,-1,531,530,532,-1,531,532,533,-1,533,532,534,-1,533,534,535,-1,535,534,536,-1,535,536,537,-1,537,536,538,-1,537,538,539,-1,539,538,540,-1,539,540,541,-1,541,540,542,-1,541,542,543,-1,543,542,544,-1,543,544,545,-1,546,545,547,-1,547,545,544,-1,546,547,548,-1,548,547,549,-1,548,549,550,-1,550,549,551,-1,550,551,552,-1,552,551,553,-1,552,553,554,-1,554,553,555,-1,554,555,556,-1,556,555,557,-1,556,557,558,-1,558,557,559,-1,560,558,561,-1,561,558,559,-1,560,561,562,-1,560,562,563,-1,563,562,564,-1,563,564,565,-1,565,564,566,-1,565,566,567,-1,567,566,568,-1,567,568,569,-1,569,568,570,-1,569,570,571,-1,571,570,572,-1,571,572,573,-1,574,573,575,-1,575,573,572,-1,574,575,576,-1,574,576,577,-1,577,576,578,-1,577,578,579,-1,579,578,580,-1,579,580,581,-1,581,580,582,-1,581,582,583,-1,583,582,584,-1,583,584,585,-1,585,584,586,-1,585,586,587,-1,588,587,589,-1,589,587,586,-1,588,589,590,-1,588,590,591,-1,591,590,592,-1,591,592,593,-1,593,592,594,-1,593,594,595,-1,595,594,596,-1,595,596,597,-1,597,596,598,-1,597,598,599,-1,599,598,600,-1,599,600,601,-1,602,601,603,-1,603,601,600,-1,604,602,605,-1,605,602,603,-1,606,604,607,-1,607,604,605,-1,608,606,609,-1,609,606,607,-1,610,608,611,-1,611,608,609,-1,612,610,613,-1,613,610,611,-1,614,612,615,-1,615,612,613,-1,616,614,617,-1,617,614,615,-1,618,616,619,-1,619,616,617,-1,618,619,620,-1,618,620,621,-1,621,620,622,-1,621,622,623,-1,623,622,624,-1,623,624,625,-1,625,624,626,-1,625,626,627,-1,627,626,628,-1,627,628,629,-1,629,628,630,-1,629,630,631,-1,631,630,632,-1,631,632,633,-1,633,632,634,-1,633,634,635,-1,635,634,636,-1,635,636,637,-1,637,636,638,-1,637,638,639,-1,639,638,640,-1,639,640,641,-1,641,640,642,-1,641,642,643,-1,644,643,645,-1,645,643,642,-1,646,644,647,-1,647,644,645,-1,648,646,649,-1,649,646,647,-1,521,648,523,-1,523,648,649,-1,601,602,573,-1,648,521,545,-1,606,608,610,-1,521,520,545,-1,545,520,524,-1,545,524,543,-1,612,614,646,-1,646,614,616,-1,646,616,644,-1,546,548,604,-1,644,616,643,-1,643,616,618,-1,643,618,621,-1,583,574,581,-1,581,574,577,-1,581,577,579,-1,545,546,648,-1,648,546,604,-1,648,604,646,-1,646,604,606,-1,646,606,612,-1,612,606,610,-1,621,623,643,-1,643,623,625,-1,643,625,627,-1,599,601,588,-1,588,601,573,-1,588,573,587,-1,587,573,574,-1,587,574,585,-1,585,574,583,-1,588,591,593,-1,548,550,604,-1,604,550,552,-1,604,552,602,-1,602,552,554,-1,533,535,524,-1,524,535,537,-1,593,595,588,-1,588,595,597,-1,588,597,599,-1,527,529,524,-1,524,529,531,-1,524,531,533,-1,537,539,524,-1,524,539,541,-1,524,541,543,-1,633,635,637,-1,554,556,602,-1,602,556,558,-1,602,558,560,-1,627,629,643,-1,643,629,631,-1,643,631,641,-1,641,631,633,-1,641,633,639,-1,639,633,637,-1,560,563,602,-1,602,563,565,-1,602,565,567,-1,567,569,602,-1,602,569,571,-1,602,571,573,-1,525,522,523,-1,613,611,609,-1,607,605,649,-1,525,534,532,-1,626,624,642,-1,609,607,613,-1,613,607,649,-1,613,649,615,-1,615,649,647,-1,615,647,617,-1,617,647,645,-1,617,645,619,-1,619,645,642,-1,575,572,586,-1,586,572,589,-1,540,538,525,-1,525,538,536,-1,525,536,534,-1,532,530,525,-1,525,530,528,-1,525,528,526,-1,626,642,628,-1,624,622,642,-1,642,622,620,-1,642,620,619,-1,553,605,555,-1,555,605,603,-1,553,551,605,-1,605,551,549,-1,605,549,649,-1,649,549,547,-1,649,547,523,-1,523,547,544,-1,523,544,525,-1,525,544,542,-1,525,542,540,-1,603,600,589,-1,589,600,598,-1,589,598,596,-1,634,632,636,-1,636,632,630,-1,636,630,638,-1,561,559,603,-1,603,559,557,-1,603,557,555,-1,596,594,589,-1,589,594,592,-1,589,592,590,-1,628,642,630,-1,630,642,640,-1,630,640,638,-1,580,586,582,-1,582,586,584,-1,580,578,586,-1,586,578,576,-1,586,576,575,-1,568,566,603,-1,589,572,603,-1,603,572,570,-1,603,570,568,-1,566,564,603,-1,603,564,562,-1,603,562,561,-1,650,651,652,-1,652,651,653,-1,654,650,655,-1,655,650,652,-1,654,655,656,-1,654,656,657,-1,657,656,658,-1,657,658,659,-1,659,658,660,-1,659,660,661,-1,661,660,662,-1,661,662,663,-1,663,662,664,-1,663,664,665,-1,665,664,666,-1,665,666,667,-1,667,666,668,-1,667,668,669,-1,669,668,670,-1,669,670,671,-1,671,670,672,-1,671,672,673,-1,673,672,674,-1,673,674,675,-1,676,675,677,-1,677,675,674,-1,676,677,678,-1,678,677,679,-1,678,679,680,-1,680,679,681,-1,680,681,682,-1,682,681,683,-1,682,683,684,-1,684,683,685,-1,684,685,686,-1,686,685,687,-1,686,687,688,-1,688,687,689,-1,690,688,691,-1,691,688,689,-1,690,691,692,-1,690,692,693,-1,693,692,694,-1,693,694,695,-1,695,694,696,-1,695,696,697,-1,697,696,698,-1,697,698,699,-1,699,698,700,-1,699,700,701,-1,701,700,702,-1,701,702,703,-1,704,703,705,-1,705,703,702,-1,704,705,706,-1,704,706,707,-1,707,706,708,-1,707,708,709,-1,709,708,710,-1,709,710,711,-1,711,710,712,-1,711,712,713,-1,713,712,714,-1,713,714,715,-1,715,714,716,-1,715,716,717,-1,718,717,719,-1,719,717,716,-1,718,719,720,-1,718,720,721,-1,721,720,722,-1,721,722,723,-1,723,722,724,-1,723,724,725,-1,725,724,726,-1,725,726,727,-1,727,726,728,-1,727,728,729,-1,729,728,730,-1,729,730,731,-1,732,731,733,-1,733,731,730,-1,734,732,735,-1,735,732,733,-1,736,734,737,-1,737,734,735,-1,738,736,739,-1,739,736,737,-1,740,738,741,-1,741,738,739,-1,742,740,743,-1,743,740,741,-1,744,742,745,-1,745,742,743,-1,746,744,747,-1,747,744,745,-1,748,746,749,-1,749,746,747,-1,748,749,750,-1,748,750,751,-1,751,750,752,-1,751,752,753,-1,753,752,754,-1,753,754,755,-1,755,754,756,-1,755,756,757,-1,757,756,758,-1,757,758,759,-1,759,758,760,-1,759,760,761,-1,761,760,762,-1,761,762,763,-1,763,762,764,-1,763,764,765,-1,765,764,766,-1,765,766,767,-1,767,766,768,-1,767,768,769,-1,769,768,770,-1,769,770,771,-1,771,770,772,-1,771,772,773,-1,774,773,775,-1,775,773,772,-1,776,774,777,-1,777,774,775,-1,778,776,779,-1,779,776,777,-1,651,778,653,-1,653,778,779,-1,731,732,703,-1,778,651,675,-1,736,738,740,-1,651,650,675,-1,675,650,654,-1,675,654,673,-1,742,744,776,-1,776,744,746,-1,776,746,774,-1,676,678,734,-1,774,746,773,-1,773,746,748,-1,773,748,751,-1,713,704,711,-1,711,704,707,-1,711,707,709,-1,675,676,778,-1,778,676,734,-1,778,734,776,-1,776,734,736,-1,776,736,742,-1,742,736,740,-1,751,753,773,-1,773,753,755,-1,773,755,757,-1,729,731,718,-1,718,731,703,-1,718,703,717,-1,717,703,704,-1,717,704,715,-1,715,704,713,-1,718,721,723,-1,678,680,734,-1,734,680,682,-1,734,682,732,-1,732,682,684,-1,663,665,654,-1,654,665,667,-1,723,725,718,-1,718,725,727,-1,718,727,729,-1,657,659,654,-1,654,659,661,-1,654,661,663,-1,667,669,654,-1,654,669,671,-1,654,671,673,-1,763,765,767,-1,684,686,732,-1,732,686,688,-1,732,688,690,-1,757,759,773,-1,773,759,761,-1,773,761,771,-1,771,761,763,-1,771,763,769,-1,769,763,767,-1,690,693,732,-1,732,693,695,-1,732,695,697,-1,697,699,732,-1,732,699,701,-1,732,701,703,-1,655,652,653,-1,743,741,739,-1,737,735,779,-1,655,664,662,-1,756,754,772,-1,739,737,743,-1,743,737,779,-1,743,779,745,-1,745,779,777,-1,745,777,747,-1,747,777,775,-1,747,775,749,-1,749,775,772,-1,705,702,716,-1,716,702,719,-1,670,668,655,-1,655,668,666,-1,655,666,664,-1,662,660,655,-1,655,660,658,-1,655,658,656,-1,756,772,758,-1,754,752,772,-1,772,752,750,-1,772,750,749,-1,683,735,685,-1,685,735,733,-1,683,681,735,-1,735,681,679,-1,735,679,779,-1,779,679,677,-1,779,677,653,-1,653,677,674,-1,653,674,655,-1,655,674,672,-1,655,672,670,-1,733,730,719,-1,719,730,728,-1,719,728,726,-1,764,762,766,-1,766,762,760,-1,766,760,768,-1,691,689,733,-1,733,689,687,-1,733,687,685,-1,726,724,719,-1,719,724,722,-1,719,722,720,-1,758,772,760,-1,760,772,770,-1,760,770,768,-1,710,716,712,-1,712,716,714,-1,710,708,716,-1,716,708,706,-1,716,706,705,-1,698,696,733,-1,719,702,733,-1,733,702,700,-1,733,700,698,-1,696,694,733,-1,733,694,692,-1,733,692,691,-1,780,781,782,-1,783,784,785,-1,785,784,786,-1,785,786,787,-1,787,786,788,-1,787,788,789,-1,788,790,789,-1,789,790,791,-1,789,791,782,-1,782,791,792,-1,782,792,780,-1,793,794,795,-1,795,794,796,-1,797,786,798,-1,798,786,784,-1,797,799,786,-1,786,799,800,-1,786,800,801,-1,801,800,802,-1,801,802,803,-1,803,804,801,-1,801,804,805,-1,801,805,806,-1,806,805,807,-1,806,807,808,-1,794,793,809,-1,809,793,810,-1,810,811,809,-1,809,811,812,-1,809,812,813,-1,814,815,816,-1,816,815,808,-1,815,817,808,-1,808,817,818,-1,808,818,806,-1,806,818,819,-1,806,819,820,-1,821,822,823,-1,823,822,824,-1,821,825,822,-1,822,825,794,-1,822,794,784,-1,784,794,809,-1,784,809,798,-1,820,826,806,-1,806,826,827,-1,806,827,828,-1,828,827,829,-1,830,781,780,-1,831,830,832,-1,832,833,831,-1,831,833,834,-1,831,834,835,-1,830,780,832,-1,832,780,792,-1,832,792,836,-1,836,792,791,-1,836,791,837,-1,837,791,790,-1,837,790,838,-1,838,790,788,-1,838,788,839,-1,839,788,786,-1,839,786,801,-1,840,841,834,-1,834,841,842,-1,834,842,835,-1,842,841,843,-1,843,841,844,-1,844,845,843,-1,843,845,846,-1,843,846,847,-1,789,782,848,-1,849,785,850,-1,850,785,787,-1,850,787,851,-1,847,846,852,-1,852,846,853,-1,852,853,854,-1,854,853,855,-1,854,855,856,-1,856,855,857,-1,856,857,858,-1,858,857,859,-1,858,859,848,-1,848,859,851,-1,848,851,789,-1,789,851,787,-1,860,785,861,-1,861,785,849,-1,860,862,785,-1,785,862,863,-1,785,863,783,-1,783,863,864,-1,783,864,865,-1,866,867,849,-1,849,867,868,-1,849,868,861,-1,866,849,869,-1,869,849,870,-1,869,870,871,-1,871,870,872,-1,871,872,873,-1,873,874,871,-1,871,874,875,-1,871,875,876,-1,876,875,877,-1,878,865,879,-1,879,865,880,-1,881,882,883,-1,883,882,884,-1,883,884,870,-1,870,884,885,-1,870,885,872,-1,878,886,865,-1,865,886,795,-1,865,795,783,-1,783,795,796,-1,783,796,887,-1,887,796,888,-1,888,889,887,-1,887,889,890,-1,887,890,891,-1,819,818,872,-1,872,818,873,-1,809,865,798,-1,798,865,864,-1,798,864,797,-1,797,864,863,-1,797,863,799,-1,799,863,862,-1,799,862,800,-1,800,862,860,-1,800,860,802,-1,802,860,861,-1,802,861,803,-1,803,861,868,-1,803,868,804,-1,804,868,867,-1,804,867,805,-1,805,867,866,-1,805,866,807,-1,807,866,869,-1,807,869,808,-1,808,869,871,-1,846,834,853,-1,853,834,833,-1,853,833,855,-1,855,833,832,-1,855,832,857,-1,857,832,836,-1,857,836,859,-1,859,836,837,-1,859,837,851,-1,851,837,838,-1,851,838,850,-1,850,838,839,-1,850,839,849,-1,849,839,801,-1,849,801,870,-1,870,801,806,-1,846,845,834,-1,834,845,840,-1,784,783,887,-1,784,887,822,-1,822,887,891,-1,822,891,824,-1,824,891,890,-1,824,890,823,-1,823,890,889,-1,823,889,821,-1,821,889,888,-1,821,888,825,-1,825,888,796,-1,825,796,794,-1,808,871,876,-1,808,876,816,-1,816,876,877,-1,816,877,814,-1,814,877,875,-1,814,875,815,-1,815,875,874,-1,815,874,817,-1,817,874,873,-1,817,873,818,-1,793,795,886,-1,793,886,810,-1,810,886,878,-1,810,878,811,-1,811,878,879,-1,811,879,812,-1,812,879,880,-1,812,880,813,-1,813,880,865,-1,813,865,809,-1,870,806,828,-1,870,828,883,-1,883,828,829,-1,883,829,881,-1,881,829,827,-1,881,827,882,-1,882,827,826,-1,882,826,884,-1,884,826,820,-1,884,820,885,-1,885,820,819,-1,885,819,872,-1,845,844,840,-1,840,844,841,-1,
        ]
    }
}
Shape{
    appearance Appearance {
        material  Material 	{
            diffuseColor 0.996078431372549 0.8705882352941177 0.7607843137254902
            specularColor 0.4980392156862745 0.43529411764705883 0.3803921568627451
            ambientIntensity 0.8956
            transparency 0.0
            shininess 0.5
        }
    }
    geometry IndexedFaceSet {
        ccw TRUE
        solid FALSE
        coord DEF co Coordinate {
            point [
                -0.8052 -0.5905 0.0866, -0.7149 -0.5905 0.0866, -0.8042 -0.5905 0.0873, -0.798 -0.5905 0.0936, -0.7107 -0.5905 0.4016, -0.7894 -0.5905 0.4016, -0.7107 -0.5905 0.1181, -0.7894 -0.5905 0.1181, -0.7136 -0.5905 0.0918, -0.7904 -0.5905 0.1093, -0.7933 -0.5905 0.101, -0.8052 -0.689 0.0866, -0.7149 -0.689 0.0866
            ]
        }
        coordIndex [
            0,1,2,-1,2,1,3,-1,4,5,6,-1,6,5,7,-1,6,7,8,-1,8,7,9,-1,8,9,1,-1,1,9,10,-1,1,10,3,-1,11,12,0,-1,0,12,1,-1,
        ]
    }
}
Shape{
    appearance Appearance {
        material  Material 	{
            diffuseColor 0.7529411764705882 0.7529411764705882 0.7529411764705882
            specularColor 0.3764705882352941 0.3764705882352941 0.3764705882352941
            ambientIntensity 0.7529
            transparency 0.0
            shininess 0.5
        }
    }
    geometry IndexedFaceSet {
        ccw TRUE
        solid FALSE
        coord DEF co Coordinate {
            point [
                0.8011 -0.689 0.0866, 0.7109 -0.689 0.0866, 0.7183 -0.689 0.0669, 1.3563 -0.689 0.0, 1.3563 -0.689 0.0787, 0.8248 -0.689 0.0, 0.8248 -0.689 0.0787, 0.7985 -0.689 0.003, 0.816 -0.689 0.0797, 0.7735 -0.689 0.0117, 0.8077 -0.689 0.0826, 0.7511 -0.689 0.0258, 0.7324 -0.689 0.0445, 1.3956 -0.6496 0.0, 1.3956 -0.6035 0.0, 1.3956 -0.6496 0.0787, 1.3956 -0.6035 0.0787, 0.8248 -0.2953 0.0, 1.3374 -0.4391 0.0, 1.3262 -0.4549 0.0, 1.3193 -0.5113 0.0, 1.3169 -0.4921 0.0, 1.3193 -0.4729 0.0, 1.3262 -0.5293 0.0, 1.3374 -0.5451 0.0, 1.3521 -0.5577 0.0, 1.3694 -0.5663 0.0, 1.3521 -0.4265 0.0, 1.3563 -0.2953 0.0, 1.3694 -0.4179 0.0, 1.3956 -0.3346 0.0, 1.3956 -0.3807 0.0, 1.3944 -0.3903 0.0, 1.391 -0.3994 0.0, 1.378 -0.4136 0.0, 1.3854 -0.4073 0.0, 1.391 -0.5848 0.0, 1.3854 -0.577 0.0, 1.378 -0.5707 0.0, 1.3943 -0.6598 0.0, 1.3904 -0.6693 0.0, 1.3759 -0.3005 0.0, 1.3841 -0.3068 0.0, 1.3664 -0.2966 0.0, 1.3904 -0.3149 0.0, 1.3943 -0.3244 0.0, 1.3944 -0.5939 0.0, 1.3841 -0.6774 0.0, 1.3759 -0.6837 0.0, 1.3664 -0.6876 0.0, 0.7109 -0.5905 0.0866, 0.7096 -0.5905 0.0918, 0.7067 -0.5905 0.1181, 0.7096 -0.2953 0.0918, 0.7067 -0.2953 0.1181, 0.7183 -0.2953 0.0669, 0.7324 -0.2953 0.0445, 0.7511 -0.2953 0.0258, 0.7735 -0.2953 0.0117, 0.7985 -0.2953 0.003, 0.7067 0.2559 0.4016, 0.7067 0.2559 0.1181, 0.7067 -0.5905 0.4016, 0.7854 -0.5905 0.4016, 0.7854 0.2559 0.4016, 0.7854 0.2559 0.1181, 0.7854 -0.2953 0.1181, 0.7854 -0.5905 0.1181, 0.8011 -0.5905 0.0866, 0.7864 -0.2953 0.1093, 0.7864 -0.5905 0.1093, 0.7893 -0.2953 0.101, 0.7893 -0.5905 0.101, 0.794 -0.2953 0.0936, 0.794 -0.5905 0.0936, 0.8002 -0.2953 0.0873, 0.8002 -0.5905 0.0873, 0.8077 -0.2953 0.0826, 0.816 -0.2953 0.0797, 0.8248 -0.2953 0.0787, 1.3374 -0.5451 0.0787, 1.3262 -0.5293 0.0787, 1.3193 -0.5113 0.0787, 1.3169 -0.4921 0.0787, 1.3193 -0.4729 0.0787, 1.3262 -0.4549 0.0787, 1.3374 -0.4391 0.0787, 1.3563 -0.2953 0.0787, 1.3521 -0.4265 0.0787, 1.3694 -0.4179 0.0787, 1.3521 -0.5577 0.0787, 1.3694 -0.5663 0.0787, 1.3854 -0.4073 0.0787, 1.391 -0.3994 0.0787, 1.378 -0.4136 0.0787, 1.3944 -0.5939 0.0787, 1.391 -0.5848 0.0787, 1.3854 -0.577 0.0787, 1.378 -0.5707 0.0787, 1.3944 -0.3903 0.0787, 1.3956 -0.3807 0.0787, 1.3956 -0.3346 0.0787, 1.3943 -0.3244 0.0787, 1.3904 -0.6693 0.0787, 1.3943 -0.6598 0.0787, 1.3904 -0.3149 0.0787, 1.3841 -0.3068 0.0787, 1.3664 -0.2966 0.0787, 1.3759 -0.3005 0.0787, 1.3664 -0.6876 0.0787, 1.3759 -0.6837 0.0787, 1.3841 -0.6774 0.0787
            ]
        }
        coordIndex [
            0,1,2,-1,3,4,5,-1,5,4,6,-1,5,6,7,-1,7,6,8,-1,7,8,9,-1,9,8,10,-1,9,10,11,-1,11,10,0,-1,11,0,12,-1,12,0,2,-1,13,14,15,-1,15,14,16,-1,17,18,19,-1,20,5,21,-1,21,5,17,-1,21,17,22,-1,22,17,19,-1,20,23,5,-1,5,23,24,-1,5,24,3,-1,3,24,25,-1,3,25,26,-1,18,17,27,-1,27,17,28,-1,27,28,29,-1,29,28,30,-1,29,30,31,-1,31,32,29,-1,29,32,33,-1,29,33,34,-1,34,33,35,-1,36,26,37,-1,37,26,38,-1,39,40,3,-1,41,42,43,-1,43,42,44,-1,43,44,28,-1,28,44,45,-1,28,45,30,-1,36,46,26,-1,26,46,14,-1,26,14,3,-1,3,14,13,-1,3,13,39,-1,40,47,3,-1,3,47,48,-1,3,48,49,-1,2,1,50,-1,51,52,53,-1,53,52,54,-1,51,53,50,-1,50,53,55,-1,50,55,2,-1,2,55,56,-1,2,56,12,-1,12,56,57,-1,12,57,11,-1,11,57,58,-1,11,58,9,-1,9,58,59,-1,9,59,7,-1,7,59,17,-1,7,17,5,-1,60,61,62,-1,62,61,54,-1,62,54,52,-1,63,64,62,-1,62,64,60,-1,65,64,66,-1,66,64,63,-1,66,63,67,-1,68,0,10,-1,66,67,69,-1,69,67,70,-1,69,70,71,-1,71,70,72,-1,71,72,73,-1,73,72,74,-1,73,74,75,-1,75,74,76,-1,75,76,77,-1,76,68,77,-1,77,68,10,-1,77,10,78,-1,78,10,8,-1,78,8,79,-1,79,8,6,-1,80,81,6,-1,6,81,82,-1,6,82,79,-1,79,82,83,-1,79,83,84,-1,84,85,79,-1,79,85,86,-1,79,86,87,-1,87,86,88,-1,87,88,89,-1,80,6,90,-1,90,6,4,-1,90,4,91,-1,92,93,94,-1,94,93,89,-1,95,96,91,-1,91,96,97,-1,91,97,98,-1,93,99,89,-1,89,99,100,-1,89,100,87,-1,87,100,101,-1,87,101,102,-1,103,104,4,-1,4,104,15,-1,4,15,91,-1,91,15,16,-1,91,16,95,-1,102,105,87,-1,87,105,106,-1,87,106,107,-1,107,106,108,-1,109,110,4,-1,4,110,111,-1,4,111,103,-1,31,30,100,-1,100,30,101,-1,29,89,27,-1,27,89,88,-1,27,88,18,-1,18,88,86,-1,18,86,19,-1,19,86,85,-1,19,85,22,-1,22,85,84,-1,22,84,21,-1,21,84,83,-1,21,83,20,-1,20,83,82,-1,20,82,23,-1,23,82,81,-1,23,81,24,-1,24,81,80,-1,24,80,25,-1,25,80,90,-1,25,90,26,-1,26,90,91,-1,87,28,79,-1,79,28,17,-1,79,17,78,-1,78,17,59,-1,78,59,77,-1,77,59,58,-1,77,58,75,-1,75,58,57,-1,75,57,73,-1,73,57,56,-1,73,56,71,-1,71,56,55,-1,71,55,69,-1,69,55,53,-1,69,53,66,-1,66,53,54,-1,65,66,61,-1,61,66,54,-1,13,15,104,-1,13,104,39,-1,39,104,103,-1,39,103,40,-1,40,103,111,-1,40,111,47,-1,47,111,110,-1,47,110,48,-1,48,110,109,-1,48,109,49,-1,49,109,4,-1,49,4,3,-1,31,100,99,-1,31,99,32,-1,32,99,93,-1,32,93,33,-1,33,93,92,-1,33,92,35,-1,35,92,94,-1,35,94,34,-1,34,94,89,-1,34,89,29,-1,26,91,98,-1,26,98,38,-1,38,98,97,-1,38,97,37,-1,37,97,96,-1,37,96,36,-1,36,96,95,-1,36,95,46,-1,46,95,16,-1,46,16,14,-1,101,30,45,-1,101,45,102,-1,102,45,44,-1,102,44,105,-1,105,44,42,-1,105,42,106,-1,106,42,41,-1,106,41,108,-1,108,41,43,-1,108,43,107,-1,107,43,28,-1,107,28,87,-1,64,65,60,-1,60,65,61,-1,
        ]
    }
}
Shape{
    appearance Appearance {
        material  Material 	{
            diffuseColor 0.996078431372549 0.8705882352941177 0.7607843137254902
            specularColor 0.4980392156862745 0.43529411764705883 0.3803921568627451
            ambientIntensity 0.8956
            transparency 0.0
            shininess 0.5
        }
    }
    geometry IndexedFaceSet {
        ccw TRUE
        solid FALSE
        coord DEF co Coordinate {
            point [
                0.7109 -0.5905 0.0866, 0.8011 -0.5905 0.0866, 0.8002 -0.5905 0.0873, 0.7854 -0.5905 0.4016, 0.7067 -0.5905 0.4016, 0.7854 -0.5905 0.1181, 0.7067 -0.5905 0.1181, 0.7864 -0.5905 0.1093, 0.7096 -0.5905 0.0918, 0.7893 -0.5905 0.101, 0.794 -0.5905 0.0936, 0.8011 -0.689 0.0866, 0.7109 -0.689 0.0866
            ]
        }
        coordIndex [
            0,1,2,-1,3,4,5,-1,5,4,6,-1,5,6,7,-1,7,6,8,-1,7,8,9,-1,9,8,0,-1,9,0,10,-1,10,0,2,-1,1,0,11,-1,11,0,12,-1,
        ]
    }
}
Shape{
    appearance Appearance {
        material  Material 	{
            diffuseColor 0.25098039215686274 0.25098039215686274 0.25098039215686274
            specularColor 0.12549019607843137 0.12549019607843137 0.12549019607843137
            ambientIntensity 0.251
            transparency 0.0
            shininess 0.5
        }
    }
    geometry IndexedFaceSet {
        ccw TRUE
        solid FALSE
        coord DEF co Coordinate {
            point [
                1.3759 -1.4567 0.2441, 1.3759 -1.7323 0.2441, 1.0216 -1.4567 0.2441, 0.7854 -1.7323 0.2441, 1.0216 -0.8425 0.2441, 0.7854 -0.8425 0.2441, -0.7107 -0.8819 0.7424, -1.0256 -0.8819 0.7424, -0.7107 -0.9449 0.7953, -1.0256 -0.9449 0.7953, -0.7107 -0.8425 0.7424, -1.0256 -0.8425 0.7424, 1.0216 -0.8425 0.7424, 1.0216 -0.8819 0.7424, 1.0216 -0.9449 0.7953, 1.0216 -1.4567 0.7953, 0.7067 -0.9449 0.7953, 0.7067 -0.8819 0.7424, -1.0256 -1.4567 0.7953, -1.38 -1.4567 0.7953, -1.38 -1.7323 0.7953, -0.7107 -1.2362 0.7953, 1.3759 -1.7323 0.7953, 1.3759 -1.4567 0.7953, 0.7067 -1.2362 0.7953, -1.38 -1.7323 0.2441, -0.7894 -1.7323 0.2441, 0.746 -1.7323 0.2835, 0.746 -1.7323 0.5984, -0.75 -1.7323 0.5984, -0.75 -1.7323 0.2835, -1.0256 -0.8425 0.2441, -0.7107 -0.8425 0.5984, 0.7067 -0.8425 0.7424, 0.7067 -0.8425 0.5984, -0.7894 -0.8425 0.2441, -0.5926 -0.8425 0.4409, 0.5885 -0.8425 0.4409, -1.0256 -1.4567 0.2441, -1.38 -1.4567 0.2441, -0.7107 -1.2362 0.5984, 0.7067 -1.2362 0.5984, -0.5926 -1.6142 0.4409, 0.5885 -1.6142 0.4409, 0.746 -1.6142 0.2835, -0.75 -1.6142 0.2835, 0.746 -1.6142 0.5984, -0.75 -1.6142 0.5984
            ]
        }
        coordIndex [
            0,1,2,-1,2,1,3,-1,2,3,4,-1,4,3,5,-1,6,7,8,-1,8,7,9,-1,10,11,6,-1,6,11,7,-1,4,12,13,-1,4,13,2,-1,2,13,14,-1,2,14,15,-1,16,14,17,-1,17,14,13,-1,18,19,20,-1,21,8,9,-1,20,22,15,-1,15,22,23,-1,9,18,21,-1,21,18,20,-1,21,20,24,-1,24,20,15,-1,24,15,16,-1,16,15,14,-1,20,25,26,-1,3,1,27,-1,27,1,22,-1,27,22,28,-1,28,22,20,-1,28,20,29,-1,29,20,26,-1,29,26,30,-1,11,10,31,-1,31,10,32,-1,33,12,34,-1,34,12,4,-1,35,31,36,-1,36,31,32,-1,36,32,37,-1,37,32,34,-1,37,34,5,-1,5,34,4,-1,17,13,33,-1,33,13,12,-1,7,11,31,-1,7,31,9,-1,9,31,38,-1,9,38,18,-1,39,19,38,-1,38,19,18,-1,20,19,25,-1,25,19,39,-1,15,23,2,-1,2,23,0,-1,23,22,0,-1,0,22,1,-1,31,35,38,-1,38,35,26,-1,38,26,39,-1,39,26,25,-1,32,10,6,-1,8,21,6,-1,6,21,40,-1,6,40,32,-1,24,16,41,-1,41,16,17,-1,41,17,34,-1,34,17,33,-1,41,40,24,-1,24,40,21,-1,41,34,40,-1,40,34,32,-1,42,36,43,-1,43,36,37,-1,3,27,44,-1,43,37,44,-1,44,37,5,-1,44,5,3,-1,30,26,45,-1,45,26,35,-1,45,35,42,-1,42,35,36,-1,46,44,28,-1,28,44,27,-1,29,30,47,-1,47,30,45,-1,47,45,42,-1,47,42,46,-1,46,42,43,-1,46,43,44,-1,47,46,29,-1,29,46,28,-1,
        ]
    }
}
Shape{
    appearance Appearance {
        material  Material 	{
            diffuseColor 0.996078431372549 0.8705882352941177 0.7607843137254902
            specularColor 0.4980392156862745 0.43529411764705883 0.3803921568627451
            ambientIntensity 0.8956
            transparency 0.0
            shininess 0.5
        }
    }
    geometry IndexedFaceSet {
        ccw TRUE
        solid FALSE
        coord DEF co Coordinate {
            point [
                -0.7107 -0.5905 0.1063, -0.7107 -0.5905 0.185, -0.7107 -0.1771 0.185, -0.7107 0.2953 0.4016, -0.7107 0.2953 0.126, -0.7107 -0.1771 0.4016, -0.7107 0.1969 0.126, -0.7107 0.1969 0.0079, -0.7107 -1.4173 0.0079, -0.7107 -1.4173 0.1063, -1.1044 -0.5905 0.7756, -1.1044 -1.4173 0.7756, -1.1044 -0.5905 0.185, -1.1044 -1.4173 0.185, -0.75 -0.5905 0.185, -0.75 -0.5905 0.4016, -0.7107 -0.5905 0.4016, -0.7107 -0.5905 0.6772, -0.7107 -0.5905 0.7756, 0.7067 0.2953 0.126, 0.7067 0.2953 0.4016, 0.7067 0.1969 0.126, 0.7067 -0.1771 0.4016, 0.7067 0.1969 0.0079, 0.7067 -0.1771 0.185, 0.7067 -1.4173 0.1063, 0.7067 -1.4173 0.0079, 0.7067 -0.5905 0.1063, 0.7067 -0.5905 0.185, 0.7067 -0.5905 0.6772, 0.7067 -0.5905 0.4016, 0.746 -0.5905 0.4016, 0.7067 -0.5905 0.7756, 1.1004 -0.5905 0.7756, 1.1004 -0.5905 0.185, 0.746 -0.5905 0.185, 1.1004 -1.4173 0.7756, 1.1004 -1.4173 0.185, 1.4547 -1.4173 0.1063, 1.4547 -1.3912 0.1063, 1.4547 -1.3912 0.4991, 1.4547 -0.823 0.5928, 1.4547 -0.8019 0.5928, 1.4547 -0.8019 0.6118, 1.4547 -0.8938 0.5259, 1.4547 -0.8966 0.5256, 1.4547 -0.8799 0.5256, 1.4547 -0.7495 0.632, 1.4547 -0.7563 0.6502, 1.4547 -0.7808 0.6502, 1.4547 -1.1562 0.7062, 1.4547 -1.1459 0.6993, 1.4547 -1.0351 0.6993, 1.4547 -1.0662 0.6118, 1.4547 -1.0351 0.6118, 1.4547 -1.0704 0.6223, 1.4547 -1.0801 0.6358, 1.4547 -1.0929 0.6466, 1.4547 -1.135 0.6919, 1.4547 -1.1328 0.6899, 1.4547 -1.1178 0.6715, 1.4547 -1.1094 0.6545, 1.4547 -1.107 0.6537, 1.4547 -1.245 0.7052, 1.4547 -1.2231 0.7137, 1.4547 -1.3912 0.7461, 1.4547 -1.1995 0.7166, 1.4547 -1.0351 0.7461, 1.4547 -1.18 0.7145, 1.4547 -1.3428 0.6554, 1.4547 -1.3388 0.6591, 1.4547 -1.3912 0.6993, 1.4547 -1.3236 0.6695, 1.4547 -1.306 0.6761, 1.4547 -1.2882 0.6782, 1.4547 -1.3649 0.6067, 1.4547 -1.3639 0.6118, 1.4547 -1.3912 0.6118, 1.4547 -1.3615 0.6245, 1.4547 -1.3538 0.6415, 1.4547 -1.2546 0.6993, 1.4547 -1.2564 0.6981, 1.4547 -1.2676 0.6886, 1.4547 -1.2828 0.6779, 1.4547 -1.2773 0.6772, 1.4547 -1.3072 0.5268, 1.4547 -1.3144 0.529, 1.4547 -1.3912 0.5256, 1.4547 -1.3314 0.5377, 1.4547 -1.3452 0.5496, 1.4547 -1.3565 0.566, 1.4547 -1.363 0.5837, 1.4547 -1.3651 0.6013, 1.4547 -1.2861 0.501, 1.4547 -1.2954 0.508, 1.4547 -1.3025 0.5167, 1.4547 -1.3066 0.5256, 1.4547 -1.0351 0.4991, 1.4547 -1.2425 0.4991, 1.4547 -1.0351 0.1063, 1.4547 -1.2507 0.496, 1.4547 -1.2621 0.4946, 1.4547 -1.264 0.4946, 1.4547 -1.2752 0.4964, 1.4547 -1.2818 0.4991, 1.4547 -1.0351 0.5256, 1.4547 -1.2177 0.5256, 1.4547 -1.2177 0.5254, 1.4547 -1.2233 0.5148, 1.4547 -1.2306 0.5066, 1.4547 -1.2401 0.5001, 1.4547 -1.1571 0.5535, 1.4547 -1.1539 0.5548, 1.4547 -1.1483 0.5819, 1.4547 -1.08 0.5472, 1.4547 -1.0929 0.5363, 1.4547 -1.2266 0.5738, 1.4547 -1.163 0.607, 1.4547 -1.2348 0.5813, 1.4547 -1.2449 0.5867, 1.4547 -1.16 0.5515, 1.4547 -1.0706 0.5603, 1.4547 -1.0921 0.596, 1.4547 -1.0943 0.6051, 1.4547 -1.0979 0.6118, 1.4547 -1.334 0.6118, 1.4547 -1.0646 0.6078, 1.4547 -1.0624 0.5923, 1.4547 -1.0646 0.5754, 1.4547 -1.1502 0.5553, 1.4547 -1.1497 0.5553, 1.4547 -1.1483 0.555, 1.4547 -1.3312 0.5834, 1.4547 -1.3256 0.5737, 1.4547 -1.3015 0.5688, 1.4547 -1.3171 0.565, 1.4547 -1.3067 0.5586, 1.4547 -1.2839 0.5845, 1.4547 -1.2936 0.5778, 1.4547 -1.3352 0.6023, 1.4547 -1.3346 0.595, 1.4547 -1.2735 0.5885, 1.4547 -1.2621 0.5899, 1.4547 -1.2564 0.5896, 1.4547 -1.1649 0.5406, 1.4547 -1.1648 0.5425, 1.4547 -1.2147 0.5468, 1.4547 -1.1638 0.5461, 1.4547 -1.162 0.5493, 1.4547 -1.1015 0.5667, 1.4547 -1.0962 0.5741, 1.4547 -1.093 0.5826, 1.4547 -1.0918 0.5918, 1.4547 -1.1538 0.5263, 1.4547 -1.1569 0.5276, 1.4547 -1.16 0.5297, 1.4547 -1.1611 0.5309, 1.4547 -1.1632 0.5338, 1.4547 -1.1644 0.5371, 1.4547 -1.215 0.5371, 1.4547 -1.2147 0.542, 1.4547 -1.1074 0.5292, 1.4547 -1.1231 0.5259, 1.4547 -1.1511 0.5259, 1.4547 -1.1473 0.5548, 1.4547 -1.126 0.5548, 1.4547 -1.1175 0.5565, 1.4547 -1.1091 0.5603, 1.4547 -1.1021 0.566, 1.4547 -1.1428 0.6573, 1.4547 -1.1535 0.6701, 1.4547 -1.2626 0.6426, 1.4547 -1.1548 0.6712, 1.4547 -1.1681 0.6805, 1.4547 -1.2554 0.6576, 1.4547 -1.2661 0.6445, 1.4547 -1.2767 0.6483, 1.4547 -1.0987 0.6133, 1.4547 -1.1042 0.6194, 1.4547 -1.1288 0.6288, 1.4547 -1.1115 0.6245, 1.4547 -1.1198 0.6277, 1.4547 -1.1326 0.6288, 1.4547 -1.1355 0.642, 1.4547 -1.3044 0.6467, 1.4547 -1.3149 0.6411, 1.4547 -1.2927 0.6495, 1.4547 -1.3232 0.6338, 1.4547 -1.3297 0.6243, 1.4547 -1.2447 0.6703, 1.4547 -1.183 0.6862, 1.4547 -1.232 0.6796, 1.4547 -1.199 0.6881, 1.4547 -1.2165 0.6859, 1.4547 -1.2878 0.6497, 1.4547 -1.3338 0.6137, 1.4547 -0.74 0.632, 1.4547 -0.7808 0.6118, 1.4547 -0.7654 0.6987, 1.4547 0.2953 0.6118, 1.4547 0.2953 0.6993, 1.4547 -0.7808 0.6993, 1.4547 -0.7746 0.6987, 1.4547 -0.7808 0.6825, 1.4547 -0.7905 0.632, 1.4547 -0.8 0.632, 1.4547 -0.7841 0.6502, 1.4547 -0.8707 0.6396, 1.4547 -0.8707 0.632, 1.4547 -0.8644 0.6118, 1.4547 -0.8722 0.691, 1.4547 -0.8644 0.6993, 1.4547 -0.8722 0.6987, 1.4547 -0.8799 0.6993, 1.4547 -0.8799 0.6987, 1.4547 -0.8979 0.662, 1.4547 -0.8979 0.6396, 1.4547 -0.8799 0.662, 1.4547 -0.8799 0.6396, 1.4547 -0.8741 0.662, 1.4547 -0.8741 0.6697, 1.4547 -0.8979 0.691, 1.4547 -0.8979 0.6697, 1.4547 -0.8799 0.691, 1.4547 -0.8799 0.6697, 1.4547 -0.8799 0.6118, 1.4547 -0.8799 0.632, 1.4547 -0.9104 0.6118, 1.4547 -0.9065 0.6987, 1.4547 -0.9104 0.6993, 1.4547 -0.9065 0.632, 1.4547 -0.9199 0.6971, 1.4547 -0.9269 0.6991, 1.4547 -0.9286 0.6993, 1.4547 -0.9199 0.6881, 1.4547 -0.9559 0.6355, 1.4547 -0.9613 0.64, 1.4547 -0.9669 0.6118, 1.4547 -0.9496 0.6325, 1.4547 -0.9206 0.6885, 1.4547 -0.9607 0.6611, 1.4547 -0.9594 0.6546, 1.4547 -0.9571 0.6494, 1.4547 -0.9543 0.6456, 1.4547 -0.9529 0.6442, 1.4547 -0.9486 0.6412, 1.4547 -0.9438 0.6393, 1.4547 -0.9371 0.6385, 1.4547 -0.9608 0.6646, 1.4547 -0.9274 0.6911, 1.4547 -0.9356 0.692, 1.4547 -0.9392 0.6918, 1.4547 -0.9449 0.6905, 1.4547 -0.95 0.6879, 1.4547 -0.934 0.6386, 1.4547 -0.9265 0.64, 1.4547 -0.9199 0.643, 1.4547 -0.9199 0.6347, 1.4547 -0.921 0.6342, 1.4547 -0.9538 0.6846, 1.4547 -0.9575 0.6796, 1.4547 -0.9597 0.6738, 1.4547 -0.9282 0.6318, 1.4547 -0.9384 0.6308, 1.4547 -0.9424 0.631, 1.4547 -0.9357 0.6998, 1.4547 -0.9104 0.7461, 1.4547 -0.9357 0.6998, 1.4547 -0.9669 0.7461, 1.4547 -0.9403 0.6993, 1.4547 -0.9669 0.6993, 1.4547 -0.9651 0.6837, 1.4547 -0.9602 0.69, 1.4547 -0.9586 0.6916, 1.4547 -0.9524 0.6959, 1.4547 -0.9454 0.6986, 1.4547 -0.9658 0.6462, 1.4547 -0.9669 0.6489, 1.4547 -0.9709 0.6118, 1.4547 -0.9709 0.6993, 1.4547 -0.9682 0.6763, 1.4547 -0.9669 0.6794, 1.4547 -0.9685 0.6532, 1.4547 -0.9699 0.6641, 1.4547 -0.9697 0.6676, 1.4547 -0.8039 0.6619, 1.4547 -0.8055 0.6541, 1.4547 -0.8088 0.6472, 1.4547 -0.8138 0.6413, 1.4547 -0.8275 0.6993, 1.4547 -0.8275 0.6971, 1.4547 -0.8019 0.6993, 1.4547 -0.8208 0.6946, 1.4547 -0.8073 0.6818, 1.4547 -0.8048 0.6754, 1.4547 -0.8037 0.6662, 1.4547 -0.8138 0.6899, 1.4547 -0.8115 0.6876, 1.4547 -0.8207 0.6363, 1.4547 -0.8275 0.6337, 1.4547 -0.8275 0.6118, 1.4547 -0.8283 0.6334, 1.4547 -0.8397 0.632, 1.4547 -0.8581 0.632, 1.4547 -0.8581 0.6987, 1.4547 -0.839 0.6987, 1.4547 -0.8288 0.6976, 1.4547 -0.941 0.5268, 1.4547 -0.9442 0.5256, 1.4547 -0.934 0.5261, 1.4547 -0.9408 0.5678, 1.4547 -0.9436 0.5681, 1.4547 -0.9481 0.5544, 1.4547 -0.9384 0.5284, 1.4547 -0.9608 0.5485, 1.4547 -0.9583 0.5508, 1.4547 -0.9592 0.5623, 1.4547 -0.955 0.5526, 1.4547 -0.9535 0.5659, 1.4547 -0.9482 0.5676, 1.4547 -0.9639 0.5389, 1.4547 -0.9635 0.5427, 1.4547 -0.9536 0.5256, 1.4547 -0.9538 0.5256, 1.4547 -0.9669 0.5256, 1.4547 -0.957 0.5268, 1.4547 -0.9598 0.5287, 1.4547 -0.9575 0.5714, 1.4547 -0.9592 0.5704, 1.4547 -0.9625 0.5458, 1.4547 -0.934 0.5335, 1.4547 -0.9342 0.5335, 1.4547 -0.9357 0.5312, 1.4547 -0.9605 0.5295, 1.4547 -0.9623 0.532, 1.4547 -0.9634 0.5347, 1.4547 -0.9118 0.5534, 1.4547 -0.9129 0.5551, 1.4547 -0.9256 0.5568, 1.4547 -0.9139 0.5577, 1.4547 -0.9264 0.5638, 1.4547 -0.9142 0.5609, 1.4547 -0.934 0.5564, 1.4547 -0.9342 0.5601, 1.4547 -0.9351 0.5631, 1.4547 -0.9361 0.5648, 1.4547 -0.9513 0.5738, 1.4547 -0.9428 0.5749, 1.4547 -0.9371 0.5743, 1.4547 -0.9105 0.5519, 1.4547 -0.9143 0.5364, 1.4547 -0.9104 0.5519, 1.4547 -0.9106 0.5342, 1.4547 -0.9104 0.5341, 1.4547 -0.9337 0.5731, 1.4547 -0.931 0.5714, 1.4547 -0.9113 0.5688, 1.4547 -0.9373 0.5661, 1.4547 -0.9388 0.5671, 1.4547 -0.9139 0.5639, 1.4547 -0.9129 0.5666, 1.4547 -0.9278 0.5674, 1.4547 -0.9296 0.57, 1.4547 -0.9488 0.525, 1.4547 -0.9669 0.4991, 1.4547 -0.9443 0.5255, 1.4547 -0.9104 0.4991, 1.4547 -0.9143 0.5278, 1.4547 -0.9256 0.5261, 1.4547 -0.9104 0.5264, 1.4547 -0.9104 0.5256, 1.4547 -0.9084 0.5257, 1.4547 -0.9068 0.5256, 1.4547 -0.9013 0.525, 1.4547 -0.8844 0.5728, 1.4547 -0.8844 0.5646, 1.4547 -0.9089 0.5711, 1.4547 -0.9068 0.5723, 1.4547 -0.9104 0.5697, 1.4547 -0.8825 0.5357, 1.4547 -0.8835 0.5331, 1.4547 -0.8851 0.5309, 1.4547 -0.9023 0.5741, 1.4547 -0.8957 0.5749, 1.4547 -0.8898 0.5743, 1.4547 -0.8849 0.547, 1.4547 -0.8833 0.5447, 1.4547 -0.8824 0.5422, 1.4547 -0.8821 0.5391, 1.4547 -0.8875 0.5288, 1.4547 -0.8894 0.5276, 1.4547 -0.8965 0.5681, 1.4547 -0.899 0.5679, 1.4547 -0.9056 0.5617, 1.4547 -0.9012 0.5673, 1.4547 -0.9031 0.5663, 1.4547 -0.9055 0.5606, 1.4547 -0.9052 0.5593, 1.4547 -0.9046 0.5581, 1.4547 -0.9038 0.5572, 1.4547 -0.9008 0.5554, 1.4547 -0.8915 0.5676, 1.4547 -0.8957 0.5531, 1.4547 -0.8867 0.5659, 1.4547 -0.8924 0.5518, 1.4547 -0.8869 0.5487, 1.4547 -0.9043 0.5652, 1.4547 -0.905 0.5641, 1.4547 -0.9055 0.563, 1.4547 -0.9053 0.5323, 1.4547 -0.9016 0.5471, 1.4547 -0.9065 0.5494, 1.4547 -0.9005 0.5318, 1.4547 -0.9002 0.5318, 1.4547 -0.8961 0.5448, 1.4547 -0.8959 0.5323, 1.4547 -0.8907 0.5383, 1.4547 -0.8907 0.5393, 1.4547 -0.8937 0.5331, 1.4547 -0.8929 0.5336, 1.4547 -0.892 0.5344, 1.4547 -0.8913 0.5355, 1.4547 -0.8908 0.5367, 1.4547 -0.8911 0.5406, 1.4547 -0.8918 0.5417, 1.4547 -0.8928 0.5428, 1.4547 -0.8407 0.5738, 1.4547 -0.832 0.5738, 1.4547 -0.8275 0.5256, 1.4547 -0.8559 0.538, 1.4547 -0.8549 0.534, 1.4547 -0.8547 0.534, 1.4547 -0.8644 0.5622, 1.4547 -0.8537 0.5379, 1.4547 -0.8543 0.5357, 1.4547 -0.8644 0.5256, 1.4547 -0.8644 0.5397, 1.4547 -0.8777 0.5738, 1.4547 -0.8684 0.5738, 1.4547 -0.859 0.5262, 1.4547 -0.8593 0.5256, 1.4547 -0.8627 0.5176, 1.4547 -0.8799 0.4991, 1.4547 -0.876 0.5044, 1.4547 -0.876 0.5118, 1.4547 -0.8659 0.5128, 1.4547 -0.8644 0.5145, 1.4547 -0.8644 0.5146, 1.4547 -0.8743 0.5112, 1.4547 -0.8713 0.5108, 1.4547 -0.8644 0.5052, 1.4547 -0.8672 0.5041, 1.4547 -0.8644 0.4991, 1.4547 -0.8706 0.5037, 1.4547 -0.8725 0.5037, 1.4547 -0.8691 0.5111, 1.4547 -0.8673 0.5118, 1.4547 -0.8536 0.5189, 1.4547 -0.8574 0.5116, 1.4547 -0.8275 0.4991, 1.4547 -0.851 0.5256, 1.4547 -0.8605 0.5079, 1.4547 -0.861 0.5074, 1.4547 -0.8639 0.5053, 1.4547 -0.7886 0.5928, 1.4547 -0.7886 0.5852, 1.4547 -0.7871 0.5337, 1.4547 -0.7808 0.5256, 1.4547 -0.7871 0.5261, 1.4547 -0.8019 0.5256, 1.4547 -0.8144 0.5562, 1.4547 -0.8144 0.5337, 1.4547 -0.8019 0.5562, 1.4547 -0.8019 0.5337, 1.4547 -0.7905 0.5562, 1.4547 -0.7905 0.5638, 1.4547 -0.8019 0.5638, 1.4547 -0.8019 0.5852, 1.4547 -0.8144 0.5638, 1.4547 -0.8144 0.5852, 1.4547 -0.8019 0.5261, 1.4547 -0.823 0.5261, 1.4547 -0.7204 0.5561, 1.4547 -0.722 0.5483, 1.4547 -0.7165 0.5261, 1.4547 -0.7253 0.5414, 1.4547 -0.7302 0.5355, 1.4547 -0.6911 0.5928, 1.4547 -0.6818 0.5928, 1.4547 -0.7202 0.5603, 1.4547 -0.7213 0.5696, 1.4547 -0.7555 0.5928, 1.4547 -0.7453 0.5917, 1.4547 -0.7372 0.5305, 1.4547 -0.7448 0.5275, 1.4547 -0.7561 0.5261, 1.4547 -0.7302 0.584, 1.4547 -0.7279 0.5817, 1.4547 -0.7238 0.5759, 1.4547 -0.6728 0.5444, 1.4547 -0.7005 0.5444, 1.4547 -0.6659 0.5261, 1.4547 -0.7069 0.5261, 1.4547 0.2953 0.5256, 1.4547 -0.7372 0.5888, 1.4547 -0.6564 0.5261, 1.4547 -0.7745 0.5261, 1.4547 -0.7745 0.5928, 1.4547 0.2953 0.4991, 1.4547 -0.7808 0.4991, 1.4547 -0.8019 0.4991, 1.4547 0.2953 0.7461, 1.4547 -0.7808 0.7461, 1.4547 -0.8019 0.7461, 1.4547 -0.8275 0.7461, 1.4547 -0.8644 0.7461, 1.4547 -0.8799 0.7461, 1.4547 0.2953 0.1063, 1.4547 -0.7808 0.1063, 1.4547 -0.8019 0.1063, 1.4547 -0.8275 0.1063, 1.4547 -0.8644 0.1063, 1.4547 -0.8799 0.1063, 1.4547 -0.9104 0.1063, 1.4547 -0.9669 0.1063, 1.4547 -0.9709 0.1063, 1.4547 -0.9709 0.4991, 1.4547 -0.9709 0.5256, 1.4547 -0.9719 0.5337, 1.4547 -0.9719 0.5261, 1.4547 -1.0078 0.5261, 1.4547 -0.9734 0.5852, 1.4547 -1.0078 0.5928, 1.4547 -0.9734 0.5928, 1.4547 -0.9992 0.5562, 1.4547 -0.9992 0.5337, 1.4547 -0.9753 0.5562, 1.4547 -0.9753 0.5638, 1.4547 -0.9992 0.5638, 1.4547 -0.9992 0.5852, 1.4547 -0.9992 0.6987, 1.4547 -0.9992 0.6396, 1.4547 -0.9726 0.6396, 1.4547 -1.0078 0.632, 1.4547 -1.0078 0.6987, 1.4547 -0.9726 0.632, 1.4547 -0.9709 0.7461, 1.4547 -1.4173 0.4991, 1.4547 -1.4173 0.5256, 1.4547 -1.4173 0.6118, 1.4547 -1.4173 0.6993, 1.4547 -1.4173 0.7461, 1.4547 0.2953 0.7756, 1.4547 -0.7808 0.7756, 1.4547 -0.8019 0.7756, 1.4547 -0.8275 0.7756, 1.4547 -0.8644 0.7756, 1.4547 -0.8799 0.7756, 1.4547 -0.9104 0.7756, 1.4547 -0.9669 0.7756, 1.4547 -0.9709 0.7756, 1.4547 -1.0351 0.7756, 1.4547 -1.3912 0.7756, 1.4547 -1.4173 0.7756, -0.254 -0.7283 0.6772, -0.254 -0.1771 0.6772, -0.1437 -0.7283 0.6772, -0.1437 -0.1771 0.6772, -0.0414 -1.4173 0.126, -0.0414 -0.1771 0.126, -0.1595 -1.4173 0.126, -0.0571 -0.1771 0.126, -0.1595 -0.1771 0.126, -0.1437 -0.1771 0.126, -0.1437 0.1969 0.126, -0.0571 0.1969 0.126, -0.5532 -1.4173 0.126, 0.5492 -1.4173 0.185, 0.4311 -1.4173 0.185, 0.3523 -1.4173 0.185, 0.4311 -1.4173 0.126, 0.3523 -1.4173 0.126, 0.5492 -1.4173 0.126, 0.2342 -1.4173 0.126, 0.0374 -1.4173 0.126, 0.0374 -1.4173 0.185, -0.0414 -1.4173 0.185, 0.1555 -1.4173 0.126, 0.1555 -1.4173 0.185, 0.2342 -1.4173 0.185, -0.3563 -1.4173 0.126, -0.3563 -1.4173 0.185, -0.4351 -1.4173 0.185, -0.4351 -1.4173 0.126, -0.2382 -1.4173 0.126, -0.2382 -1.4173 0.185, -0.1595 -1.4173 0.185, -1.4587 -1.4173 0.7756, -0.5532 -1.4173 0.185, -1.4587 -1.4173 0.1063, -0.5374 0.1969 0.126, -0.4508 0.1969 0.126, -0.3406 0.1969 0.126, -0.254 0.1969 0.126, 0.0531 0.1969 0.126, 0.1397 0.1969 0.126, 0.25 0.1969 0.126, 0.3366 0.1969 0.126, 0.4468 0.1969 0.126, 0.5334 0.1969 0.126, 0.25 0.2953 0.7283, 0.25 0.2953 0.126, 0.1397 0.2953 0.126, 0.5334 0.2953 0.126, 0.5334 0.2953 0.7283, 0.746 0.2953 0.4016, 0.9951 0.2953 0.6531, 0.746 0.2953 0.1457, 0.9951 0.2953 0.2594, 0.7474 0.2953 0.1355, 0.7752 0.2953 0.1076, 0.7657 0.2953 0.1116, 0.7576 0.2953 0.1178, 0.7513 0.2953 0.126, 1.3366 0.2953 0.6531, -0.3406 0.2953 0.7283, -0.3406 0.2953 0.126, -0.4508 0.2953 0.126, 1.3366 0.2953 0.2594, 0.7854 0.2953 0.1063, -0.5374 0.2953 0.7283, -0.5374 0.2953 0.126, 0.4468 0.2953 0.7283, -1.4587 0.2953 0.7756, -0.7697 0.2953 0.1116, -0.7792 0.2953 0.1076, -0.9991 0.2953 0.2594, -0.7894 0.2953 0.1063, -1.3406 0.2953 0.2594, -1.4587 0.2953 0.1063, -1.3406 0.2953 0.6531, -0.9991 0.2953 0.6531, 0.1397 0.2953 0.7283, 0.0531 0.2953 0.7283, -0.4508 0.2953 0.7283, 0.3366 0.2953 0.7283, 0.3366 0.2953 0.126, 0.4468 0.2953 0.126, 0.0531 0.2953 0.126, -0.0571 0.2953 0.126, -0.0571 0.2953 0.7283, -0.1437 0.2953 0.7283, -0.1437 0.2953 0.126, -0.254 0.2953 0.126, -0.254 0.2953 0.7283, -0.75 0.2953 0.4016, -0.75 0.2953 0.1457, -0.7514 0.2953 0.1355, -0.7553 0.2953 0.126, -0.7616 0.2953 0.1178, -0.0414 -0.1771 0.185, 0.0374 -0.1771 0.126, 0.0531 -0.1771 0.126, 0.0374 -0.1771 0.185, 0.0531 -0.1771 0.6772, -0.0571 -0.1771 0.6772, -0.0571 -0.7283 0.7283, -0.0571 -0.7283 0.6772, 0.0531 -0.7283 0.6772, -1.439 -1.3976 0.7953, -1.1241 -1.3976 0.7953, -1.439 0.2756 0.7953, -1.1241 -0.5708 0.7953, 1.435 0.2756 0.7953, -0.691 -0.5708 0.7953, 1.12 -1.3976 0.7953, 1.435 -1.3976 0.7953, 1.12 -0.5708 0.7953, 0.687 -0.5708 0.7953, 0.687 -0.7086 0.7953, -0.691 -0.7086 0.7953, -0.254 -0.1771 0.126, -0.2382 -0.1771 0.126, -0.2382 -0.1771 0.185, -0.1595 -0.1771 0.185, -0.1437 -0.7283 0.7283
            ]
        }
        coordIndex [
            0,1,2,-1,3,4,5,-1,5,4,6,-1,5,6,2,-1,2,6,7,-1,2,7,0,-1,0,7,8,-1,0,8,9,-1,10,11,12,-1,12,11,13,-1,12,14,10,-1,10,14,15,-1,15,16,10,-1,10,16,17,-1,10,17,18,-1,19,20,21,-1,21,20,22,-1,21,22,23,-1,23,22,24,-1,25,26,27,-1,27,26,23,-1,27,23,28,-1,28,23,24,-1,29,30,31,-1,32,29,33,-1,33,29,31,-1,33,31,34,-1,34,31,35,-1,36,33,37,-1,37,33,34,-1,38,39,40,-1,41,42,43,-1,44,45,46,-1,47,48,49,-1,50,51,52,-1,53,54,55,-1,55,54,52,-1,55,52,56,-1,56,52,57,-1,51,58,52,-1,52,58,59,-1,52,59,60,-1,60,61,52,-1,52,61,62,-1,52,62,57,-1,63,64,65,-1,65,64,66,-1,65,66,67,-1,67,66,68,-1,69,70,71,-1,70,72,71,-1,71,72,73,-1,71,73,74,-1,75,76,77,-1,77,76,78,-1,77,78,71,-1,71,78,79,-1,71,79,69,-1,63,65,80,-1,80,65,71,-1,80,71,81,-1,81,71,74,-1,81,74,82,-1,82,74,83,-1,82,83,84,-1,85,86,87,-1,87,86,88,-1,87,88,89,-1,89,90,87,-1,87,90,91,-1,87,91,77,-1,77,91,92,-1,77,92,75,-1,93,94,40,-1,40,94,95,-1,40,95,87,-1,87,95,96,-1,87,96,85,-1,97,98,99,-1,99,98,100,-1,99,100,39,-1,39,100,101,-1,101,102,39,-1,39,102,103,-1,39,103,40,-1,40,103,104,-1,40,104,93,-1,105,106,97,-1,97,106,107,-1,97,107,108,-1,108,109,97,-1,97,109,110,-1,97,110,98,-1,111,112,113,-1,114,115,105,-1,116,117,118,-1,118,117,119,-1,111,113,120,-1,114,105,121,-1,122,123,117,-1,117,123,124,-1,117,124,125,-1,53,126,54,-1,54,126,127,-1,54,127,105,-1,105,127,128,-1,105,128,121,-1,112,129,113,-1,113,129,130,-1,113,130,131,-1,132,133,134,-1,134,133,135,-1,134,135,136,-1,137,125,138,-1,138,125,139,-1,138,139,134,-1,134,139,140,-1,134,140,132,-1,137,141,125,-1,125,141,142,-1,125,142,117,-1,117,142,143,-1,117,143,119,-1,144,145,146,-1,146,145,147,-1,146,147,113,-1,113,147,148,-1,113,148,120,-1,149,150,113,-1,113,150,151,-1,113,151,117,-1,117,151,152,-1,117,152,122,-1,153,154,106,-1,106,154,155,-1,106,155,156,-1,156,157,106,-1,106,157,158,-1,106,158,159,-1,159,158,144,-1,159,144,160,-1,160,144,146,-1,115,161,105,-1,105,161,162,-1,105,162,106,-1,106,162,163,-1,106,163,153,-1,131,164,113,-1,113,164,165,-1,113,165,166,-1,166,167,113,-1,113,167,168,-1,113,168,149,-1,169,170,171,-1,170,172,171,-1,171,172,173,-1,171,173,174,-1,124,171,125,-1,125,171,175,-1,125,175,176,-1,177,178,179,-1,179,178,180,-1,179,180,181,-1,177,179,124,-1,124,179,182,-1,124,182,171,-1,171,182,183,-1,171,183,169,-1,184,185,186,-1,186,185,187,-1,186,187,188,-1,174,173,189,-1,189,173,190,-1,189,190,191,-1,191,190,192,-1,191,192,193,-1,176,194,125,-1,125,194,186,-1,125,186,195,-1,195,186,188,-1,196,47,197,-1,198,196,199,-1,199,200,198,-1,198,200,201,-1,198,201,202,-1,202,201,203,-1,204,205,43,-1,47,49,197,-1,197,49,206,-1,197,206,204,-1,207,208,209,-1,210,211,212,-1,212,211,213,-1,212,213,214,-1,215,216,217,-1,217,216,218,-1,217,218,219,-1,219,218,207,-1,219,207,220,-1,221,222,223,-1,223,222,224,-1,223,224,210,-1,209,208,225,-1,225,208,226,-1,225,226,227,-1,214,213,228,-1,228,213,229,-1,228,229,230,-1,231,229,232,-1,232,229,233,-1,226,230,227,-1,227,230,229,-1,227,229,234,-1,234,229,231,-1,235,236,237,-1,235,237,238,-1,239,240,241,-1,241,242,239,-1,239,242,243,-1,239,243,244,-1,244,245,239,-1,239,245,246,-1,239,246,247,-1,240,239,248,-1,248,239,249,-1,248,249,250,-1,250,251,248,-1,248,251,252,-1,248,252,253,-1,247,254,239,-1,239,254,255,-1,239,255,234,-1,234,255,256,-1,234,256,227,-1,227,256,257,-1,227,257,258,-1,253,259,248,-1,248,259,260,-1,248,260,261,-1,258,262,227,-1,227,262,263,-1,227,263,237,-1,237,263,264,-1,237,264,238,-1,265,266,267,-1,267,266,268,-1,267,268,269,-1,270,271,272,-1,272,273,270,-1,270,273,274,-1,270,274,275,-1,236,276,237,-1,237,276,277,-1,237,277,278,-1,279,280,270,-1,270,280,281,-1,270,281,271,-1,277,282,278,-1,278,282,283,-1,278,283,279,-1,279,283,284,-1,279,284,280,-1,285,286,43,-1,43,286,287,-1,43,287,288,-1,289,290,291,-1,291,290,292,-1,293,294,291,-1,291,294,295,-1,292,296,291,-1,291,296,297,-1,291,297,293,-1,203,201,205,-1,205,201,291,-1,205,291,43,-1,43,291,295,-1,43,295,285,-1,298,299,300,-1,300,299,301,-1,302,303,209,-1,209,303,211,-1,209,211,207,-1,207,211,210,-1,207,210,220,-1,220,210,224,-1,303,304,211,-1,211,304,305,-1,211,305,289,-1,289,305,306,-1,289,306,290,-1,307,308,309,-1,310,311,312,-1,307,309,313,-1,314,315,316,-1,316,315,317,-1,316,317,318,-1,318,317,312,-1,318,312,319,-1,319,312,311,-1,320,321,237,-1,322,323,324,-1,324,323,325,-1,324,325,326,-1,327,237,328,-1,328,237,321,-1,328,321,316,-1,316,321,329,-1,316,329,314,-1,330,331,309,-1,309,331,332,-1,309,332,313,-1,326,333,324,-1,324,333,334,-1,324,334,335,-1,336,337,338,-1,338,337,339,-1,338,339,340,-1,340,339,341,-1,342,343,312,-1,312,343,344,-1,312,344,345,-1,327,346,237,-1,237,346,347,-1,237,347,348,-1,349,350,351,-1,351,350,352,-1,351,352,353,-1,354,355,356,-1,345,357,312,-1,312,357,358,-1,312,358,310,-1,341,359,340,-1,340,359,360,-1,340,360,361,-1,361,360,356,-1,361,356,362,-1,362,356,355,-1,363,364,365,-1,365,364,366,-1,365,366,308,-1,349,336,350,-1,350,336,338,-1,350,338,367,-1,367,338,368,-1,367,368,369,-1,369,368,370,-1,369,370,371,-1,371,370,372,-1,373,372,366,-1,366,372,370,-1,366,370,308,-1,308,370,368,-1,308,368,309,-1,374,375,46,-1,376,377,227,-1,348,354,237,-1,237,354,356,-1,237,356,227,-1,227,356,378,-1,227,378,376,-1,379,380,46,-1,46,380,381,-1,377,382,227,-1,227,382,383,-1,227,383,225,-1,225,383,384,-1,225,384,374,-1,385,386,375,-1,375,386,387,-1,375,387,46,-1,46,387,388,-1,46,388,379,-1,381,389,46,-1,46,389,390,-1,46,390,44,-1,391,392,393,-1,393,392,394,-1,393,394,395,-1,393,396,391,-1,391,396,397,-1,391,397,398,-1,398,399,391,-1,391,399,400,-1,391,400,401,-1,401,400,402,-1,401,402,403,-1,403,402,404,-1,403,404,375,-1,375,404,405,-1,375,405,385,-1,406,407,395,-1,395,407,408,-1,395,408,393,-1,409,410,353,-1,353,410,411,-1,353,411,351,-1,409,412,410,-1,410,412,413,-1,410,413,414,-1,414,413,415,-1,414,416,417,-1,415,418,414,-1,414,418,419,-1,414,419,420,-1,420,421,414,-1,414,421,422,-1,414,422,416,-1,417,423,414,-1,414,423,424,-1,414,424,425,-1,426,427,300,-1,300,427,428,-1,429,430,431,-1,301,302,300,-1,300,302,209,-1,300,209,426,-1,426,209,432,-1,426,432,433,-1,433,432,429,-1,433,429,434,-1,434,429,431,-1,435,436,46,-1,46,436,437,-1,374,46,225,-1,225,46,437,-1,225,437,209,-1,209,437,438,-1,209,438,432,-1,439,436,440,-1,440,436,435,-1,440,435,441,-1,442,443,444,-1,445,446,435,-1,435,446,447,-1,435,447,441,-1,373,366,45,-1,45,366,442,-1,45,442,46,-1,46,442,444,-1,46,444,435,-1,435,444,448,-1,435,448,449,-1,450,451,452,-1,452,451,453,-1,452,453,442,-1,442,453,454,-1,442,454,443,-1,449,455,435,-1,435,455,456,-1,435,456,445,-1,457,458,459,-1,457,459,460,-1,458,461,459,-1,459,461,462,-1,459,462,452,-1,452,462,463,-1,452,463,450,-1,204,43,197,-1,197,43,42,-1,197,42,464,-1,464,465,197,-1,197,465,466,-1,197,466,467,-1,467,466,468,-1,467,468,469,-1,470,471,472,-1,472,471,473,-1,472,473,474,-1,474,473,466,-1,474,466,475,-1,475,466,465,-1,475,465,476,-1,476,465,477,-1,476,477,478,-1,478,477,479,-1,468,480,469,-1,469,480,481,-1,469,481,428,-1,428,481,41,-1,428,41,300,-1,300,41,43,-1,300,43,298,-1,298,43,288,-1,482,483,484,-1,484,483,485,-1,484,485,486,-1,197,487,488,-1,482,484,489,-1,489,484,487,-1,489,487,490,-1,491,492,197,-1,486,493,484,-1,484,493,494,-1,484,494,495,-1,496,497,487,-1,487,497,498,-1,487,498,490,-1,499,500,501,-1,501,500,502,-1,501,502,503,-1,197,492,487,-1,487,492,504,-1,487,504,496,-1,196,197,199,-1,199,197,488,-1,199,488,503,-1,503,488,505,-1,503,505,501,-1,502,484,503,-1,503,484,495,-1,503,495,467,-1,467,495,506,-1,467,506,197,-1,197,506,507,-1,197,507,491,-1,508,503,509,-1,509,503,467,-1,509,467,510,-1,510,467,469,-1,510,469,459,-1,459,469,428,-1,459,428,460,-1,460,428,427,-1,200,511,201,-1,201,511,512,-1,201,512,291,-1,291,512,513,-1,291,513,289,-1,289,513,514,-1,289,514,211,-1,211,514,515,-1,211,515,213,-1,213,515,516,-1,213,516,229,-1,229,516,266,-1,229,266,233,-1,233,266,265,-1,517,508,518,-1,518,508,509,-1,518,509,519,-1,519,509,510,-1,519,510,520,-1,520,510,459,-1,520,459,521,-1,521,459,452,-1,521,452,522,-1,522,452,442,-1,522,442,523,-1,523,442,366,-1,523,366,524,-1,524,366,364,-1,524,364,525,-1,525,364,526,-1,525,526,99,-1,363,322,364,-1,364,322,324,-1,364,324,526,-1,526,324,527,-1,528,529,527,-1,527,529,530,-1,335,320,324,-1,324,320,237,-1,324,237,527,-1,527,237,278,-1,527,278,528,-1,528,278,531,-1,99,526,97,-1,97,526,527,-1,97,527,105,-1,105,527,530,-1,105,530,54,-1,54,530,532,-1,54,532,278,-1,278,532,533,-1,278,533,531,-1,534,535,536,-1,536,535,528,-1,536,528,537,-1,537,528,531,-1,537,531,538,-1,538,531,539,-1,540,541,542,-1,543,544,52,-1,52,544,540,-1,52,540,279,-1,279,540,542,-1,279,542,278,-1,278,542,545,-1,278,545,54,-1,54,545,543,-1,54,543,52,-1,275,269,270,-1,270,269,268,-1,270,268,279,-1,279,268,546,-1,279,546,52,-1,52,546,67,-1,52,67,50,-1,50,67,68,-1,38,40,547,-1,547,40,87,-1,547,87,548,-1,548,87,77,-1,548,77,549,-1,549,77,71,-1,549,71,550,-1,550,71,65,-1,550,65,551,-1,511,552,512,-1,512,552,553,-1,512,553,513,-1,513,553,554,-1,513,554,514,-1,514,554,555,-1,514,555,515,-1,515,555,556,-1,515,556,516,-1,516,556,557,-1,516,557,266,-1,266,557,558,-1,266,558,268,-1,268,558,559,-1,268,559,546,-1,546,559,560,-1,546,560,67,-1,67,560,561,-1,67,561,65,-1,65,561,562,-1,65,562,551,-1,551,562,563,-1,564,565,566,-1,566,565,567,-1,568,569,570,-1,570,569,571,-1,572,570,573,-1,573,570,571,-1,573,571,574,-1,574,571,575,-1,9,8,576,-1,26,25,577,-1,577,25,37,-1,37,25,38,-1,37,38,36,-1,578,579,580,-1,580,579,581,-1,38,547,36,-1,36,547,548,-1,36,548,549,-1,577,582,26,-1,26,582,580,-1,26,580,8,-1,8,580,581,-1,8,581,583,-1,549,550,36,-1,36,550,551,-1,36,551,563,-1,584,585,586,-1,568,570,8,-1,586,568,584,-1,584,568,8,-1,584,8,587,-1,587,8,583,-1,587,583,588,-1,588,583,589,-1,590,591,592,-1,576,8,593,-1,592,593,590,-1,590,593,8,-1,590,8,594,-1,594,8,570,-1,594,570,595,-1,595,570,596,-1,13,11,597,-1,576,598,9,-1,9,598,13,-1,9,13,599,-1,599,13,597,-1,8,7,26,-1,26,7,23,-1,7,6,600,-1,600,601,7,-1,7,601,602,-1,7,602,603,-1,604,23,575,-1,575,23,7,-1,575,7,574,-1,574,7,603,-1,604,605,23,-1,23,605,606,-1,23,606,607,-1,607,608,23,-1,23,608,609,-1,23,609,21,-1,610,611,612,-1,19,613,20,-1,20,613,614,-1,615,616,617,-1,617,616,618,-1,617,618,619,-1,620,621,618,-1,621,622,618,-1,618,622,623,-1,618,623,619,-1,624,200,199,-1,625,626,627,-1,199,503,624,-1,624,503,508,-1,624,508,628,-1,628,508,517,-1,628,517,618,-1,618,517,629,-1,618,629,620,-1,630,631,4,-1,616,552,624,-1,624,552,511,-1,624,511,200,-1,615,20,616,-1,616,20,614,-1,616,614,552,-1,552,614,632,-1,552,632,633,-1,634,635,636,-1,636,635,637,-1,636,637,638,-1,638,637,639,-1,638,639,640,-1,640,639,633,-1,640,633,641,-1,642,643,633,-1,636,641,630,-1,630,641,633,-1,630,633,644,-1,612,642,610,-1,610,642,633,-1,610,633,645,-1,645,633,632,-1,645,632,646,-1,646,632,647,-1,648,649,643,-1,643,649,650,-1,643,650,633,-1,633,650,651,-1,652,653,651,-1,651,653,654,-1,651,654,633,-1,633,654,625,-1,633,625,644,-1,644,625,627,-1,4,3,630,-1,630,3,655,-1,630,655,636,-1,636,655,656,-1,636,656,657,-1,657,658,636,-1,636,658,659,-1,636,659,634,-1,604,575,648,-1,648,575,649,-1,571,569,660,-1,661,662,663,-1,663,662,664,-1,663,664,660,-1,660,664,665,-1,660,665,571,-1,575,571,665,-1,649,575,650,-1,650,575,665,-1,650,665,666,-1,666,665,667,-1,667,665,668,-1,668,665,664,-1,669,670,671,-1,671,670,672,-1,671,672,673,-1,673,672,674,-1,675,676,677,-1,677,676,673,-1,677,673,678,-1,678,673,674,-1,678,674,679,-1,679,674,680,-1,653,652,603,-1,603,652,574,-1,681,682,683,-1,572,573,684,-1,684,573,567,-1,684,567,683,-1,683,567,565,-1,683,565,681,-1,685,566,567,-1,567,573,574,-1,685,567,651,-1,651,567,574,-1,651,574,652,-1,595,596,683,-1,683,596,684,-1,596,570,684,-1,684,570,572,-1,568,586,569,-1,569,586,660,-1,586,585,660,-1,660,585,663,-1,
        ]
    }
}
Shape{
    appearance Appearance {
        material  Material 	{
            diffuseColor 0.7529411764705882 0.7529411764705882 0.7529411764705882
            specularColor 0.3764705882352941 0.3764705882352941 0.3764705882352941
            ambientIntensity 0.7529
            transparency 0.0
            shininess 0.5
        }
    }
    geometry IndexedFaceSet {
        ccw TRUE
        solid FALSE
        coord DEF co Coordinate {
            point [
                -0.1437 -0.7283 0.7283, -0.1437 0.2953 0.7283, -0.0571 -0.7283 0.7283, -0.0571 0.2953 0.7283
            ]
        }
        coordIndex [
            0,1,2,-1,2,1,3,-1,
        ]
    }
}
Shape{
    appearance Appearance {
        material  Material 	{
            diffuseColor 0.996078431372549 0.8705882352941177 0.7607843137254902
            specularColor 0.4980392156862745 0.43529411764705883 0.3803921568627451
            ambientIntensity 0.8956
            transparency 0.0
            shininess 0.5
        }
    }
    geometry IndexedFaceSet {
        ccw TRUE
        solid FALSE
        coord DEF co Coordinate {
            point [
                0.1555 -1.4173 0.126, 0.1555 -0.1771 0.126, 0.0374 -1.4173 0.126, 0.1397 -0.1771 0.126, 0.0374 -0.1771 0.126, 0.0531 -0.1771 0.126, 0.0531 0.1969 0.126, 0.1397 0.1969 0.126, 0.25 0.1969 0.126, 0.25 0.2953 0.126, 0.1397 0.2953 0.126, 0.1555 -0.1771 0.185, 0.2342 -0.1771 0.126, 0.25 -0.1771 0.126, 0.2342 -0.1771 0.185, 0.25 -0.1771 0.6772, 0.1397 -0.1771 0.6772, 0.1397 0.2953 0.7283, 0.1397 -0.7283 0.7283, 0.1397 -0.7283 0.6772, 0.25 -0.7283 0.6772, 0.0531 -0.7283 0.7283, 0.0531 -0.7283 0.6772, 0.0531 -0.1771 0.6772, 0.0531 0.2953 0.7283, 0.0531 0.2953 0.126, 0.0374 -1.4173 0.185, 0.0374 -0.1771 0.185, 0.1555 -1.4173 0.185, 0.2342 -1.4173 0.185, 0.3523 -1.4173 0.126, 0.3523 -0.1771 0.126, 0.2342 -1.4173 0.126, 0.3366 -0.1771 0.126, 0.3366 0.1969 0.126, 0.4468 0.1969 0.126, 0.4468 0.2953 0.126, 0.3366 0.2953 0.126, 0.3523 -0.1771 0.185, 0.4311 -0.1771 0.126, 0.4468 -0.1771 0.126, 0.4311 -0.1771 0.185, 0.4468 -0.1771 0.6772, 0.3366 -0.1771 0.6772, 0.3366 0.2953 0.7283, 0.3366 -0.7283 0.7283, 0.3366 -0.7283 0.6772, 0.4468 -0.7283 0.6772, 0.25 -0.7283 0.7283, 0.25 0.2953 0.7283, 0.3523 -1.4173 0.185, 0.4311 -1.4173 0.185, 0.7067 -0.5905 0.6772, 0.7067 -0.1771 0.6772, 0.7067 -0.5905 0.4016, 0.7067 -0.1771 0.4016, 0.7067 0.2953 0.4016, 0.746 0.2953 0.4016, 0.746 -0.5905 0.4016, 0.7067 -0.5905 0.1063, 0.7854 -0.5905 0.1063, 0.7067 -1.4173 0.1063, 1.4547 -1.3912 0.1063, 1.4547 -1.4173 0.1063, 0.7854 0.2953 0.1063, 1.4547 0.2953 0.1063, 1.4547 -0.7808 0.1063, 1.4547 -0.8019 0.1063, 1.4547 -0.8275 0.1063, 1.4547 -0.8644 0.1063, 1.4547 -0.8799 0.1063, 1.4547 -0.9104 0.1063, 1.4547 -0.9669 0.1063, 1.4547 -0.9709 0.1063, 1.4547 -1.0351 0.1063, 0.746 -0.5905 0.1457, 0.746 0.2953 0.1457, 0.7474 0.2953 0.1355, 0.7474 -0.5905 0.1355, 0.7513 0.2953 0.126, 0.7513 -0.5905 0.126, 0.7576 0.2953 0.1178, 0.7576 -0.5905 0.1178, 0.7657 0.2953 0.1116, 0.7657 -0.5905 0.1116, 0.7752 0.2953 0.1076, 0.7752 -0.5905 0.1076, 0.746 -0.5905 0.185, 0.5492 -1.4173 0.126, 0.5492 -0.1771 0.126, 0.4311 -1.4173 0.126, 0.5334 -0.1771 0.126, 0.5334 0.1969 0.126, 0.7067 0.1969 0.126, 0.7067 0.2953 0.126, 0.5334 0.2953 0.126, 0.5492 -0.1771 0.185, 0.7067 -0.1771 0.185, 0.5334 -0.1771 0.6772, 0.5334 0.2953 0.7283, 0.5334 -0.7283 0.7283, 0.5334 -0.7283 0.6772, 0.7067 -0.7283 0.6772, 0.4468 -0.7283 0.7283, 0.4468 0.2953 0.7283, 0.5492 -1.4173 0.185, 0.7067 -0.5905 0.185, 1.1004 -1.4173 0.185, 1.1004 -0.5905 0.185, -1.4587 -1.4173 0.7756, -1.4587 0.2953 0.7756, -1.4587 -1.4173 0.1063, -1.4587 0.2953 0.1063, -0.7107 -0.5905 0.4016, -0.7107 -0.1771 0.4016, -0.7107 -0.5905 0.6772, -0.7107 -0.1771 0.6772, -0.75 -0.5905 0.4016, -0.75 0.2953 0.4016, -0.7107 0.2953 0.4016, -0.7107 -0.5905 0.1063, -0.7107 -1.4173 0.1063, -0.7894 -0.5905 0.1063, -0.7894 0.2953 0.1063, -0.7792 0.2953 0.1076, -0.7792 -0.5905 0.1076, -0.7697 0.2953 0.1116, -0.7697 -0.5905 0.1116, -0.7616 0.2953 0.1178, -0.7616 -0.5905 0.1178, -0.7553 0.2953 0.126, -0.7553 -0.5905 0.126, -0.7514 0.2953 0.1355, -0.7514 -0.5905 0.1355, -0.75 0.2953 0.1457, -0.75 -0.5905 0.1457, -0.75 -0.5905 0.185, -0.4508 -0.7283 0.6772, -0.4508 -0.1771 0.6772, -0.3406 -0.7283 0.6772, -0.3406 -0.1771 0.6772, -0.2382 -1.4173 0.126, -0.2382 -0.1771 0.126, -0.3563 -1.4173 0.126, -0.254 -0.1771 0.126, -0.3563 -0.1771 0.126, -0.3406 -0.1771 0.126, -0.3406 0.1969 0.126, -0.254 0.1969 0.126, -0.254 -0.1771 0.6772, -0.254 0.2953 0.126, -0.254 0.2953 0.7283, -0.254 -0.7283 0.7283, -0.254 -0.7283 0.6772, -0.4508 0.2953 0.126, -0.3406 0.2953 0.126, -0.4508 0.1969 0.126, -0.4508 -0.1771 0.126, -0.4351 -0.1771 0.126, -0.4351 -0.1771 0.185, -0.3563 -0.1771 0.185, -0.3406 -0.7283 0.7283, -0.3406 0.2953 0.7283, -0.4351 -1.4173 0.185, -0.3563 -1.4173 0.185, -0.2382 -1.4173 0.185, -0.2382 -0.1771 0.185, -0.5374 -0.1771 0.6772, -0.5374 -0.7283 0.6772, -0.7107 -0.7283 0.6772, -0.4351 -1.4173 0.126, -0.5532 -1.4173 0.126, -0.5532 -0.1771 0.126, -0.5374 -0.1771 0.126, -0.5374 0.1969 0.126, -0.4508 0.2953 0.7283, -0.4508 -0.7283 0.7283, -0.7107 0.2953 0.126, -0.5374 0.2953 0.126, -0.7107 0.1969 0.126, -0.5532 -0.1771 0.185, -0.7107 -0.1771 0.185, -0.5374 -0.7283 0.7283, -0.5374 0.2953 0.7283, -1.1044 -0.5905 0.185, -1.1044 -1.4173 0.185, -0.5532 -1.4173 0.185, -0.7107 -0.5905 0.185, -0.7107 -0.5905 0.7756, -0.7107 -0.7283 0.7756, 0.7067 -0.7283 0.7756, 0.7067 -0.5905 0.7756, -0.1437 -0.7283 0.6772, -0.1437 -0.7283 0.7283, -0.0571 -0.7283 0.7283, -0.0571 -0.7283 0.6772, -0.9991 -0.0984 0.6531, -1.3406 -0.0984 0.6531, -0.9991 0.2953 0.6531, -1.3406 0.2953 0.6531, -1.3406 -0.0984 0.2594, -1.3406 0.2953 0.2594, -0.9991 -0.0984 0.2594, -0.9991 0.2953 0.2594, 1.3366 -0.0984 0.2594, 1.3366 -0.0984 0.6531, 1.3366 0.2953 0.2594, 1.3366 0.2953 0.6531, 0.9951 -0.0984 0.6531, 0.9951 0.2953 0.6531, 0.9951 -0.0984 0.2594, 0.9951 0.2953 0.2594, 1.101 -1.4166 0.7807, 1.1009 -1.4168 0.78, 1.4545 -1.4171 0.7782, 1.4547 -1.4173 0.7756, 1.1005 -1.4172 0.7778, 1.1004 -1.4173 0.7756, 1.454 -1.4166 0.7807, 1.4532 -1.4158 0.7831, 1.1023 -1.4154 0.7841, 1.452 -1.4147 0.7854, 1.1031 -1.4146 0.7854, 1.4506 -1.4132 0.7876, 1.4489 -1.4115 0.7895, 1.4448 -1.4075 0.7926, 1.1103 -1.4074 0.7925, 1.1078 -1.4099 0.791, 1.1062 -1.4114 0.7894, 1.1046 -1.413 0.7879, 1.4401 -1.4027 0.7946, 1.435 -1.3976 0.7953, 1.12 -1.3976 0.7953, 1.1157 -1.402 0.7948, 1.115 -1.4027 0.7945, 1.1115 -1.4062 0.7933, 1.1004 -0.5905 0.7756, 1.1005 -0.5904 0.7778, 1.1009 -0.59 0.78, 1.101 -0.5899 0.7807, 1.1023 -0.5886 0.7841, 1.1031 -0.5878 0.7854, 1.1046 -0.5862 0.7879, 1.1062 -0.5847 0.7894, 1.1078 -0.5831 0.791, 1.1103 -0.5806 0.7925, 1.1115 -0.5794 0.7933, 1.1157 -0.5752 0.7948, 1.115 -0.5759 0.7945, 1.12 -0.5708 0.7953, 1.4448 0.2855 0.7926, 1.4401 0.2807 0.7946, 1.435 0.2756 0.7953, 1.4547 -1.0351 0.7756, 1.4547 -1.3912 0.7756, 1.4547 -0.9709 0.7756, 1.4547 -0.9669 0.7756, 1.4547 -0.9104 0.7756, 1.4547 -0.8799 0.7756, 1.4547 -0.8644 0.7756, 1.4547 -0.8275 0.7756, 1.4547 -0.8019 0.7756, 1.4547 -0.7808 0.7756, 1.4547 0.2953 0.7756, 1.4545 0.2951 0.7782, 1.454 0.2946 0.7807, 1.4532 0.2938 0.7831, 1.452 0.2927 0.7854, 1.4506 0.2912 0.7876, 1.4489 0.2895 0.7895, 0.7065 -0.5904 0.7778, 0.7061 -0.59 0.78, 0.7039 -0.5878 0.7854, 0.7047 -0.5886 0.7841, 0.706 -0.5899 0.7807, 0.7008 -0.5847 0.7894, 0.7024 -0.5862 0.7879, 0.687 -0.5708 0.7953, 0.6913 -0.5752 0.7948, 0.6992 -0.5831 0.791, 0.6968 -0.5806 0.7925, 0.6955 -0.5794 0.7933, 0.692 -0.5759 0.7945, -1.439 0.2756 0.7953, -1.4441 0.2807 0.7946, -1.4489 0.2855 0.7926, -1.4529 0.2895 0.7895, -1.4546 0.2912 0.7876, -1.4561 0.2927 0.7854, -1.4572 0.2938 0.7831, -1.458 0.2946 0.7807, -1.4585 0.2951 0.7782, 0.7065 -0.7282 0.7778, 0.7061 -0.7278 0.78, 0.706 -0.7277 0.7807, 0.7047 -0.7264 0.7841, 0.7039 -0.7256 0.7854, 0.7024 -0.724 0.7879, 0.7008 -0.7225 0.7894, 0.6992 -0.7209 0.791, 0.6968 -0.7184 0.7925, 0.6955 -0.7172 0.7933, 0.6913 -0.713 0.7948, 0.692 -0.7137 0.7945, 0.687 -0.7086 0.7953, -1.439 -1.3976 0.7953, -1.4441 -1.4027 0.7946, -1.4489 -1.4075 0.7926, -1.4529 -1.4115 0.7895, -1.4546 -1.4132 0.7876, -1.4561 -1.4147 0.7854, -1.4572 -1.4158 0.7831, -1.458 -1.4166 0.7807, -1.4585 -1.4171 0.7782, -0.71 -0.7277 0.7807, -0.7101 -0.7278 0.78, -0.7105 -0.7282 0.7778, -0.7087 -0.7264 0.7841, -0.7079 -0.7256 0.7854, -0.7064 -0.724 0.7879, -0.7048 -0.7225 0.7894, -0.7033 -0.7209 0.791, -0.7008 -0.7184 0.7925, -0.6995 -0.7172 0.7933, -0.6961 -0.7137 0.7945, -0.691 -0.7086 0.7953, -0.6954 -0.713 0.7948, -1.1084 -1.4132 0.7876, -1.1101 -1.4115 0.7895, -1.1142 -1.4075 0.7926, -1.119 -1.4027 0.7946, -1.1241 -1.3976 0.7953, -1.1059 -1.4158 0.7831, -1.107 -1.4147 0.7854, -1.1044 -1.4173 0.7756, -1.1045 -1.4171 0.7782, -1.105 -1.4166 0.7807, -0.7105 -0.5904 0.7778, -0.7101 -0.59 0.78, -0.71 -0.5899 0.7807, -0.7087 -0.5886 0.7841, -0.7079 -0.5878 0.7854, -0.7064 -0.5862 0.7879, -0.7048 -0.5847 0.7894, -0.7033 -0.5831 0.791, -0.7008 -0.5806 0.7925, -0.6995 -0.5794 0.7933, -0.6961 -0.5759 0.7945, -0.6954 -0.5752 0.7948, -0.691 -0.5708 0.7953, -1.1142 -0.5807 0.7926, -1.119 -0.5759 0.7946, -1.1241 -0.5708 0.7953, -1.107 -0.5879 0.7854, -1.1084 -0.5865 0.7876, -1.1101 -0.5848 0.7895, -1.1044 -0.5905 0.7756, -1.1045 -0.5904 0.7782, -1.105 -0.5899 0.7807, -1.1059 -0.589 0.7831
            ]
        }
        coordIndex [
            0,1,2,-1,2,1,3,-1,4,2,5,-1,5,2,3,-1,5,3,6,-1,6,3,7,-1,8,7,9,-1,9,7,10,-1,3,1,11,-1,12,13,14,-1,14,13,15,-1,14,15,11,-1,11,15,16,-1,11,16,3,-1,7,3,16,-1,10,7,17,-1,17,7,16,-1,17,16,18,-1,18,16,19,-1,19,16,20,-1,20,16,15,-1,21,22,23,-1,23,5,6,-1,21,23,24,-1,24,23,6,-1,24,6,25,-1,26,2,27,-1,27,2,4,-1,0,28,1,-1,1,28,11,-1,28,29,11,-1,11,29,14,-1,21,24,18,-1,18,24,17,-1,30,31,32,-1,32,31,33,-1,12,32,13,-1,13,32,33,-1,13,33,8,-1,8,33,34,-1,35,34,36,-1,36,34,37,-1,33,31,38,-1,39,40,41,-1,41,40,42,-1,41,42,38,-1,38,42,43,-1,38,43,33,-1,34,33,43,-1,37,34,44,-1,44,34,43,-1,44,43,45,-1,45,43,46,-1,46,43,47,-1,47,43,42,-1,48,20,15,-1,15,13,8,-1,48,15,49,-1,49,15,8,-1,49,8,9,-1,29,32,14,-1,14,32,12,-1,30,50,31,-1,31,50,38,-1,50,51,38,-1,38,51,41,-1,48,49,45,-1,45,49,44,-1,52,53,54,-1,54,53,55,-1,56,57,55,-1,55,57,58,-1,55,58,54,-1,59,60,61,-1,61,60,62,-1,61,62,63,-1,64,65,60,-1,60,65,66,-1,66,67,60,-1,60,67,68,-1,60,68,69,-1,69,70,60,-1,60,70,71,-1,60,71,72,-1,72,73,60,-1,60,73,74,-1,60,74,62,-1,75,76,77,-1,75,77,78,-1,78,77,79,-1,78,79,80,-1,80,79,81,-1,80,81,82,-1,82,81,83,-1,82,83,84,-1,84,83,85,-1,84,85,86,-1,86,85,64,-1,86,64,60,-1,58,57,87,-1,87,57,76,-1,87,76,75,-1,88,89,90,-1,90,89,91,-1,39,90,40,-1,40,90,91,-1,40,91,35,-1,35,91,92,-1,93,92,94,-1,94,92,95,-1,91,89,96,-1,96,97,55,-1,91,96,98,-1,98,96,55,-1,98,55,53,-1,92,91,98,-1,95,92,99,-1,99,92,98,-1,99,98,100,-1,100,98,101,-1,98,53,101,-1,101,53,52,-1,101,52,102,-1,103,47,42,-1,42,40,35,-1,103,42,104,-1,104,42,35,-1,104,35,36,-1,51,90,41,-1,41,90,39,-1,88,105,89,-1,89,105,96,-1,97,96,106,-1,106,96,105,-1,106,105,87,-1,87,105,107,-1,87,107,108,-1,103,104,100,-1,100,104,99,-1,109,110,111,-1,111,110,112,-1,113,114,115,-1,115,114,116,-1,113,117,114,-1,114,117,118,-1,114,118,119,-1,120,121,122,-1,122,121,111,-1,122,111,123,-1,123,111,112,-1,122,123,124,-1,122,124,125,-1,125,124,126,-1,125,126,127,-1,127,126,128,-1,127,128,129,-1,129,128,130,-1,129,130,131,-1,131,130,132,-1,131,132,133,-1,133,132,134,-1,133,134,135,-1,135,134,136,-1,136,134,118,-1,136,118,117,-1,137,138,139,-1,139,138,140,-1,141,142,143,-1,143,142,144,-1,145,143,146,-1,146,143,144,-1,146,144,147,-1,147,144,148,-1,148,144,149,-1,150,148,151,-1,151,148,149,-1,151,149,152,-1,152,149,153,-1,154,155,156,-1,156,155,147,-1,157,158,159,-1,145,146,160,-1,160,146,140,-1,160,140,159,-1,159,140,138,-1,159,138,157,-1,161,139,140,-1,140,146,147,-1,161,140,162,-1,162,140,147,-1,162,147,155,-1,163,164,159,-1,159,164,160,-1,164,143,160,-1,160,143,145,-1,141,165,142,-1,142,165,166,-1,161,162,152,-1,152,162,151,-1,116,167,115,-1,115,167,168,-1,115,168,169,-1,170,158,171,-1,171,158,157,-1,172,171,173,-1,173,171,157,-1,173,157,174,-1,174,157,156,-1,156,157,138,-1,154,156,175,-1,175,156,138,-1,175,138,176,-1,176,138,137,-1,177,178,179,-1,179,178,174,-1,172,173,180,-1,180,173,167,-1,167,116,180,-1,180,116,114,-1,180,114,181,-1,182,168,167,-1,167,173,174,-1,182,167,183,-1,183,167,174,-1,183,174,178,-1,184,185,136,-1,136,185,186,-1,136,186,187,-1,187,186,180,-1,187,180,181,-1,186,171,180,-1,180,171,172,-1,170,163,158,-1,158,163,159,-1,182,183,176,-1,176,183,175,-1,188,115,189,-1,189,115,169,-1,190,102,191,-1,191,102,52,-1,152,153,192,-1,18,19,20,-1,189,193,194,-1,169,168,189,-1,189,168,182,-1,189,182,176,-1,137,139,176,-1,176,139,161,-1,176,161,189,-1,189,161,152,-1,189,152,193,-1,193,152,192,-1,195,22,194,-1,194,22,21,-1,194,21,189,-1,189,21,18,-1,189,18,48,-1,48,18,20,-1,46,47,45,-1,45,47,103,-1,101,102,100,-1,100,102,190,-1,100,190,103,-1,103,190,189,-1,103,189,45,-1,45,189,48,-1,196,197,198,-1,198,197,199,-1,197,200,199,-1,199,200,201,-1,200,202,201,-1,201,202,203,-1,202,196,203,-1,203,196,198,-1,202,200,196,-1,196,200,197,-1,204,205,206,-1,206,205,207,-1,205,208,207,-1,207,208,209,-1,208,210,209,-1,209,210,211,-1,210,204,211,-1,211,204,206,-1,210,208,204,-1,204,208,205,-1,212,213,214,-1,214,213,215,-1,215,213,216,-1,215,216,217,-1,214,218,212,-1,212,218,219,-1,212,219,220,-1,220,219,221,-1,220,221,222,-1,222,221,223,-1,224,225,226,-1,226,227,224,-1,224,227,228,-1,224,228,223,-1,223,228,229,-1,223,229,222,-1,230,231,232,-1,232,233,230,-1,230,233,234,-1,230,234,225,-1,225,234,235,-1,225,235,226,-1,236,217,237,-1,237,217,216,-1,237,216,238,-1,238,216,213,-1,238,213,239,-1,239,213,212,-1,239,212,240,-1,240,212,220,-1,240,220,241,-1,241,220,242,-1,220,222,242,-1,242,222,229,-1,242,229,243,-1,243,229,244,-1,229,228,244,-1,244,228,227,-1,244,227,245,-1,245,227,246,-1,246,227,226,-1,246,226,235,-1,234,247,235,-1,235,247,248,-1,235,248,246,-1,234,233,247,-1,247,233,232,-1,247,232,249,-1,224,250,225,-1,225,250,251,-1,225,251,230,-1,230,251,252,-1,230,252,231,-1,253,218,254,-1,254,218,214,-1,254,214,215,-1,253,255,218,-1,218,255,256,-1,218,256,257,-1,257,258,218,-1,218,258,259,-1,218,259,260,-1,260,261,218,-1,218,261,262,-1,218,262,263,-1,263,264,218,-1,218,264,265,-1,218,265,219,-1,219,265,266,-1,219,266,221,-1,221,266,267,-1,221,267,223,-1,223,267,268,-1,223,268,224,-1,224,268,269,-1,224,269,250,-1,191,236,270,-1,270,236,237,-1,237,238,270,-1,270,238,239,-1,270,239,271,-1,272,273,239,-1,239,273,274,-1,239,274,271,-1,243,275,276,-1,239,240,272,-1,272,240,241,-1,272,241,276,-1,276,241,242,-1,276,242,243,-1,249,277,278,-1,275,243,279,-1,279,243,244,-1,279,244,280,-1,280,244,245,-1,280,245,281,-1,281,245,246,-1,281,246,282,-1,282,246,248,-1,282,248,278,-1,278,248,247,-1,278,247,249,-1,283,252,251,-1,283,251,284,-1,284,251,250,-1,284,250,285,-1,285,250,269,-1,285,269,286,-1,286,269,287,-1,287,269,268,-1,287,268,288,-1,288,268,267,-1,288,267,289,-1,289,267,266,-1,289,266,290,-1,266,265,290,-1,290,265,264,-1,290,264,291,-1,291,264,263,-1,291,263,110,-1,190,191,292,-1,292,191,270,-1,292,270,293,-1,293,270,271,-1,293,271,294,-1,294,271,274,-1,294,274,295,-1,295,274,273,-1,295,273,296,-1,296,273,272,-1,296,272,297,-1,297,272,276,-1,297,276,298,-1,298,276,299,-1,276,275,299,-1,299,275,279,-1,299,279,300,-1,300,279,301,-1,281,282,302,-1,279,280,301,-1,301,280,281,-1,301,281,303,-1,303,281,302,-1,282,278,302,-1,302,278,277,-1,302,277,304,-1,305,283,284,-1,305,284,306,-1,306,284,285,-1,306,285,307,-1,307,285,286,-1,307,286,308,-1,308,286,309,-1,309,286,287,-1,309,287,310,-1,287,288,310,-1,310,288,289,-1,310,289,311,-1,311,289,290,-1,311,290,312,-1,312,290,291,-1,312,291,313,-1,313,291,110,-1,313,110,109,-1,293,314,292,-1,292,314,315,-1,292,315,190,-1,190,315,316,-1,190,316,189,-1,293,294,314,-1,314,294,295,-1,314,295,317,-1,317,295,296,-1,317,296,318,-1,318,296,297,-1,318,297,319,-1,319,297,320,-1,297,298,320,-1,320,298,299,-1,320,299,321,-1,321,299,322,-1,299,300,322,-1,322,300,301,-1,322,301,323,-1,323,301,324,-1,302,304,325,-1,301,303,324,-1,324,303,302,-1,324,302,326,-1,326,302,325,-1,327,328,308,-1,308,328,329,-1,308,329,307,-1,307,329,330,-1,307,330,306,-1,306,330,331,-1,306,331,305,-1,312,332,311,-1,311,332,333,-1,311,333,310,-1,310,333,327,-1,310,327,309,-1,309,327,308,-1,109,334,313,-1,313,334,335,-1,313,335,312,-1,312,335,336,-1,312,336,332,-1,188,189,316,-1,188,316,337,-1,337,316,315,-1,337,315,338,-1,338,315,314,-1,338,314,339,-1,339,314,317,-1,339,317,340,-1,340,317,318,-1,340,318,341,-1,341,318,319,-1,341,319,342,-1,342,319,320,-1,342,320,343,-1,343,320,321,-1,343,321,344,-1,344,321,322,-1,344,322,345,-1,345,322,323,-1,345,323,346,-1,346,323,324,-1,346,324,347,-1,347,324,326,-1,347,326,348,-1,348,326,325,-1,348,325,349,-1,328,350,329,-1,329,350,351,-1,329,351,330,-1,330,351,352,-1,330,352,331,-1,353,354,328,-1,328,354,355,-1,328,355,350,-1,334,356,335,-1,335,356,357,-1,335,357,336,-1,336,357,358,-1,336,358,332,-1,332,358,359,-1,332,359,333,-1,333,359,353,-1,333,353,327,-1,327,353,328,-1,356,188,357,-1,357,188,337,-1,357,337,358,-1,337,338,358,-1,358,338,339,-1,358,339,359,-1,359,339,340,-1,359,340,353,-1,353,340,341,-1,353,341,354,-1,354,341,342,-1,354,342,355,-1,355,342,343,-1,355,343,350,-1,343,344,350,-1,350,344,345,-1,350,345,351,-1,345,346,351,-1,351,346,347,-1,351,347,352,-1,352,347,348,-1,352,348,349,-1,
        ]
    }
}
Shape{
    appearance Appearance {
        material  Material 	{
            diffuseColor 0.0 0.0 0.0
            specularColor 0.0 0.0 0.0
            ambientIntensity 0.0
            transparency 0.0
            shininess 0.5
        }
    }
    geometry IndexedFaceSet {
        ccw TRUE
        solid FALSE
        coord DEF co Coordinate {
            point [
                1.4586 -0.9726 0.6396, 1.4586 -0.9726 0.632, 1.4547 -0.9726 0.6396, 1.4547 -0.9726 0.632, 1.4586 -0.9992 0.6396, 1.4547 -0.9992 0.6396, 1.4586 -0.9992 0.6987, 1.4547 -0.9992 0.6987, 1.4586 -1.0078 0.6987, 1.4547 -1.0078 0.6987, 1.4586 -1.0078 0.632, 1.4547 -1.0078 0.632, 1.4586 -0.9384 0.6308, 1.4547 -0.9384 0.6308, 1.4547 -0.9282 0.6318, 1.4586 -0.9282 0.6318, 1.4547 -0.921 0.6342, 1.4586 -0.921 0.6342, 1.4547 -0.9199 0.6347, 1.4586 -0.9199 0.6347, 1.4586 -0.9199 0.643, 1.4547 -0.9199 0.643, 1.4547 -0.9265 0.64, 1.4586 -0.9265 0.64, 1.4547 -0.934 0.6386, 1.4586 -0.934 0.6386, 1.4547 -0.9371 0.6385, 1.4586 -0.9371 0.6385, 1.4547 -0.9438 0.6393, 1.4586 -0.9438 0.6393, 1.4547 -0.9486 0.6412, 1.4586 -0.9486 0.6412, 1.4547 -0.9529 0.6442, 1.4586 -0.9529 0.6442, 1.4547 -0.9543 0.6456, 1.4586 -0.9543 0.6456, 1.4547 -0.9571 0.6494, 1.4586 -0.9571 0.6494, 1.4547 -0.9594 0.6546, 1.4586 -0.9594 0.6546, 1.4547 -0.9607 0.6611, 1.4586 -0.9607 0.6611, 1.4547 -0.9608 0.6646, 1.4586 -0.9608 0.6646, 1.4547 -0.9597 0.6738, 1.4586 -0.9597 0.6738, 1.4547 -0.9575 0.6796, 1.4586 -0.9575 0.6796, 1.4547 -0.9538 0.6846, 1.4586 -0.9538 0.6846, 1.4547 -0.95 0.6879, 1.4586 -0.95 0.6879, 1.4547 -0.9449 0.6905, 1.4586 -0.9449 0.6905, 1.4547 -0.9392 0.6918, 1.4586 -0.9392 0.6918, 1.4547 -0.9356 0.692, 1.4586 -0.9356 0.692, 1.4547 -0.9274 0.6911, 1.4586 -0.9274 0.6911, 1.4547 -0.9206 0.6885, 1.4586 -0.9206 0.6885, 1.4547 -0.9199 0.6881, 1.4586 -0.9199 0.6881, 1.4586 -0.9199 0.6971, 1.4547 -0.9199 0.6971, 1.4547 -0.9357 0.6998, 1.4586 -0.9357 0.6998, 1.4586 -0.9357 0.6998, 1.4547 -0.9269 0.6991, 1.4586 -0.9269 0.6991, 1.4547 -0.9286 0.6993, 1.4547 -0.9357 0.6998, 1.4547 -0.9403 0.6993, 1.4586 -0.9454 0.6986, 1.4547 -0.9454 0.6986, 1.4547 -0.9524 0.6959, 1.4586 -0.9524 0.6959, 1.4547 -0.9586 0.6916, 1.4586 -0.9586 0.6916, 1.4547 -0.9602 0.69, 1.4586 -0.9602 0.69, 1.4547 -0.9651 0.6837, 1.4547 -0.9669 0.6794, 1.4586 -0.9682 0.6763, 1.4586 -0.9651 0.6837, 1.4547 -0.9682 0.6763, 1.4547 -0.9697 0.6676, 1.4586 -0.9697 0.6676, 1.4547 -0.9699 0.6641, 1.4586 -0.9699 0.6641, 1.4547 -0.9685 0.6532, 1.4547 -0.9669 0.6489, 1.4586 -0.9658 0.6462, 1.4586 -0.9685 0.6532, 1.4547 -0.9658 0.6462, 1.4547 -0.9613 0.64, 1.4586 -0.9613 0.64, 1.4547 -0.9559 0.6355, 1.4586 -0.9559 0.6355, 1.4547 -0.9496 0.6325, 1.4586 -0.9496 0.6325, 1.4547 -0.9424 0.631, 1.4586 -0.9424 0.631, 1.4586 -0.8707 0.6396, 1.4586 -0.8707 0.632, 1.4547 -0.8707 0.6396, 1.4547 -0.8707 0.632, 1.4547 -0.8979 0.6396, 1.4586 -0.8979 0.6396, 1.4547 -0.8799 0.6396, 1.4586 -0.8979 0.662, 1.4547 -0.8979 0.662, 1.4586 -0.8741 0.662, 1.4547 -0.8799 0.662, 1.4547 -0.8741 0.662, 1.4586 -0.8741 0.6697, 1.4547 -0.8741 0.6697, 1.4547 -0.8979 0.6697, 1.4586 -0.8979 0.6697, 1.4547 -0.8799 0.6697, 1.4586 -0.8979 0.691, 1.4547 -0.8979 0.691, 1.4586 -0.8722 0.691, 1.4547 -0.8799 0.691, 1.4547 -0.8722 0.691, 1.4586 -0.8722 0.6987, 1.4547 -0.8722 0.6987, 1.4547 -0.9065 0.6987, 1.4586 -0.9065 0.6987, 1.4547 -0.8799 0.6987, 1.4586 -0.9065 0.632, 1.4547 -0.9065 0.632, 1.4547 -0.8799 0.632, 1.4586 -0.8169 0.6501, 1.4586 -0.8199 0.6465, 1.4586 -0.8138 0.6413, 1.4586 -0.8207 0.6458, 1.4586 -0.8207 0.6363, 1.4586 -0.825 0.6428, 1.4586 -0.8283 0.6334, 1.4586 -0.8305 0.6407, 1.4586 -0.8397 0.632, 1.4586 -0.8397 0.6396, 1.4586 -0.8581 0.632, 1.4586 -0.8494 0.6396, 1.4586 -0.8581 0.6987, 1.4586 -0.8494 0.691, 1.4586 -0.839 0.6987, 1.4586 -0.8394 0.691, 1.4586 -0.8288 0.6976, 1.4586 -0.8308 0.6901, 1.4586 -0.8208 0.6946, 1.4586 -0.825 0.688, 1.4586 -0.8138 0.6899, 1.4586 -0.8201 0.6847, 1.4586 -0.8115 0.6876, 1.4586 -0.8183 0.6829, 1.4586 -0.8073 0.6818, 1.4586 -0.8157 0.6792, 1.4586 -0.8048 0.6754, 1.4586 -0.8138 0.6744, 1.4586 -0.8037 0.6662, 1.4586 -0.8128 0.666, 1.4586 -0.8039 0.6619, 1.4586 -0.8131 0.6609, 1.4586 -0.8055 0.6541, 1.4586 -0.8145 0.655, 1.4586 -0.8088 0.6472, 1.4547 -0.8397 0.632, 1.4547 -0.8581 0.632, 1.4547 -0.8138 0.6413, 1.4547 -0.8283 0.6334, 1.4547 -0.8275 0.6337, 1.4547 -0.8207 0.6363, 1.4547 -0.8088 0.6472, 1.4547 -0.8055 0.6541, 1.4547 -0.8039 0.6619, 1.4547 -0.8037 0.6662, 1.4547 -0.8048 0.6754, 1.4547 -0.8073 0.6818, 1.4547 -0.8115 0.6876, 1.4547 -0.8138 0.6899, 1.4547 -0.839 0.6987, 1.4547 -0.8208 0.6946, 1.4547 -0.8275 0.6971, 1.4547 -0.8288 0.6976, 1.4547 -0.8581 0.6987, 1.4547 -0.8394 0.691, 1.4547 -0.8494 0.691, 1.4547 -0.8494 0.6396, 1.4547 -0.8397 0.6396, 1.4547 -0.8199 0.6465, 1.4547 -0.8207 0.6458, 1.4547 -0.825 0.6428, 1.4547 -0.8305 0.6407, 1.4547 -0.8128 0.666, 1.4547 -0.8131 0.6609, 1.4547 -0.8145 0.655, 1.4547 -0.8169 0.6501, 1.4547 -0.8201 0.6847, 1.4547 -0.8183 0.6829, 1.4547 -0.8157 0.6792, 1.4547 -0.8138 0.6744, 1.4547 -0.8308 0.6901, 1.4547 -0.825 0.688
            ]
        }
        coordIndex [
            0,1,2,-1,2,1,3,-1,4,0,5,-1,5,0,2,-1,6,4,7,-1,7,4,5,-1,8,6,9,-1,9,6,7,-1,10,8,11,-1,11,8,9,-1,1,10,3,-1,3,10,11,-1,6,8,4,-1,4,8,10,-1,4,10,0,-1,0,10,1,-1,12,13,14,-1,12,14,15,-1,15,14,16,-1,15,16,17,-1,17,16,18,-1,17,18,19,-1,20,19,21,-1,21,19,18,-1,20,21,22,-1,20,22,23,-1,23,22,24,-1,23,24,25,-1,25,24,26,-1,25,26,27,-1,27,26,28,-1,27,28,29,-1,29,28,30,-1,29,30,31,-1,31,30,32,-1,31,32,33,-1,33,32,34,-1,33,34,35,-1,35,34,36,-1,35,36,37,-1,37,36,38,-1,37,38,39,-1,39,38,40,-1,39,40,41,-1,41,40,42,-1,41,42,43,-1,43,42,44,-1,43,44,45,-1,45,44,46,-1,45,46,47,-1,47,46,48,-1,47,48,49,-1,49,48,50,-1,49,50,51,-1,51,50,52,-1,51,52,53,-1,53,52,54,-1,53,54,55,-1,55,54,56,-1,55,56,57,-1,57,56,58,-1,57,58,59,-1,59,58,60,-1,59,60,61,-1,61,60,62,-1,61,62,63,-1,64,63,65,-1,65,63,62,-1,66,67,68,-1,64,65,69,-1,64,69,70,-1,70,69,71,-1,70,71,68,-1,68,71,72,-1,68,72,66,-1,67,66,73,-1,67,73,74,-1,73,75,74,-1,74,75,76,-1,74,76,77,-1,77,76,78,-1,77,78,79,-1,79,78,80,-1,79,80,81,-1,81,80,82,-1,83,84,82,-1,82,84,85,-1,82,85,81,-1,83,86,84,-1,84,86,87,-1,84,87,88,-1,88,87,89,-1,88,89,90,-1,90,89,91,-1,92,93,91,-1,91,93,94,-1,91,94,90,-1,92,95,93,-1,93,95,96,-1,93,96,97,-1,97,96,98,-1,97,98,99,-1,99,98,100,-1,99,100,101,-1,101,100,102,-1,101,102,103,-1,103,102,13,-1,103,13,12,-1,61,63,64,-1,51,79,49,-1,49,79,81,-1,49,81,47,-1,47,81,85,-1,47,85,45,-1,90,43,88,-1,88,43,45,-1,88,45,84,-1,84,45,85,-1,61,64,59,-1,59,64,70,-1,59,70,57,-1,57,70,68,-1,57,68,55,-1,55,68,67,-1,55,67,53,-1,53,67,74,-1,53,74,51,-1,51,74,77,-1,51,77,79,-1,19,20,17,-1,17,20,23,-1,17,23,15,-1,15,23,25,-1,15,25,12,-1,12,25,27,-1,12,27,103,-1,103,27,29,-1,103,29,101,-1,101,29,31,-1,101,31,99,-1,99,31,33,-1,99,33,97,-1,97,33,35,-1,97,35,93,-1,93,35,37,-1,93,37,94,-1,94,37,39,-1,94,39,90,-1,90,39,41,-1,90,41,43,-1,104,105,106,-1,106,105,107,-1,108,109,110,-1,110,109,104,-1,110,104,106,-1,111,109,112,-1,112,109,108,-1,111,112,113,-1,113,112,114,-1,113,114,115,-1,116,113,117,-1,117,113,115,-1,118,119,120,-1,120,119,116,-1,120,116,117,-1,121,119,122,-1,122,119,118,-1,121,122,123,-1,123,122,124,-1,123,124,125,-1,126,123,127,-1,127,123,125,-1,128,129,130,-1,130,129,126,-1,130,126,127,-1,131,129,132,-1,132,129,128,-1,131,132,105,-1,105,132,133,-1,105,133,107,-1,131,105,104,-1,104,109,131,-1,131,109,111,-1,131,111,129,-1,123,126,121,-1,121,126,129,-1,121,129,119,-1,119,129,111,-1,119,111,116,-1,116,111,113,-1,134,135,136,-1,136,135,137,-1,136,137,138,-1,138,137,139,-1,138,139,140,-1,140,139,141,-1,140,141,142,-1,142,141,143,-1,142,143,144,-1,144,143,145,-1,144,145,146,-1,146,145,147,-1,146,147,148,-1,148,147,149,-1,148,149,150,-1,150,149,151,-1,150,151,152,-1,152,151,153,-1,152,153,154,-1,154,153,155,-1,154,155,156,-1,156,155,157,-1,156,157,158,-1,158,157,159,-1,158,159,160,-1,160,159,161,-1,160,161,162,-1,162,161,163,-1,162,163,164,-1,164,163,165,-1,164,165,166,-1,166,165,167,-1,166,167,168,-1,168,167,134,-1,168,134,136,-1,142,144,169,-1,169,144,170,-1,171,136,138,-1,142,169,172,-1,142,172,140,-1,140,172,173,-1,140,173,138,-1,138,173,174,-1,138,174,171,-1,136,171,175,-1,136,175,168,-1,168,175,176,-1,168,176,166,-1,166,176,177,-1,166,177,164,-1,164,177,178,-1,164,178,162,-1,162,178,179,-1,162,179,160,-1,160,179,180,-1,160,180,158,-1,158,180,181,-1,158,181,156,-1,156,181,182,-1,156,182,154,-1,183,148,150,-1,154,182,184,-1,154,184,152,-1,152,184,185,-1,152,185,150,-1,150,185,186,-1,150,186,183,-1,146,148,187,-1,187,148,183,-1,144,146,170,-1,170,146,187,-1,149,147,188,-1,188,147,189,-1,147,145,189,-1,189,145,190,-1,145,143,190,-1,190,143,191,-1,135,192,193,-1,135,193,137,-1,137,193,194,-1,137,194,139,-1,139,194,195,-1,139,195,141,-1,141,195,191,-1,141,191,143,-1,163,196,197,-1,163,197,165,-1,165,197,198,-1,165,198,167,-1,167,198,199,-1,167,199,134,-1,134,199,192,-1,134,192,135,-1,155,200,201,-1,155,201,157,-1,157,201,202,-1,157,202,159,-1,159,202,203,-1,159,203,161,-1,161,203,196,-1,161,196,163,-1,149,188,204,-1,149,204,151,-1,151,204,205,-1,151,205,153,-1,153,205,200,-1,153,200,155,-1,
        ]
    }
}
Shape{
    appearance Appearance {
        material  Material 	{
            diffuseColor 0.996078431372549 0.8705882352941177 0.7607843137254902
            specularColor 0.4980392156862745 0.43529411764705883 0.3803921568627451
            ambientIntensity 0.8956
            transparency 0.0
            shininess 0.5
        }
    }
    geometry IndexedFaceSet {
        ccw TRUE
        solid FALSE
        coord DEF co Coordinate {
            point [
                1.4547 -0.8207 0.6458, 1.4547 -0.8199 0.6465, 1.4547 -0.8394 0.691, 1.4547 -0.8494 0.691, 1.4547 -0.8494 0.6396, 1.4547 -0.8397 0.6396, 1.4547 -0.8305 0.6407, 1.4547 -0.825 0.6428, 1.4547 -0.8169 0.6501, 1.4547 -0.8145 0.655, 1.4547 -0.8131 0.6609, 1.4547 -0.8128 0.666, 1.4547 -0.8138 0.6744, 1.4547 -0.8157 0.6792, 1.4547 -0.8183 0.6829, 1.4547 -0.8201 0.6847, 1.4547 -0.8308 0.6901, 1.4547 -0.825 0.688
            ]
        }
        coordIndex [
            0,1,2,-1,3,4,2,-1,2,4,5,-1,5,6,2,-1,2,6,7,-1,2,7,0,-1,1,8,2,-1,2,8,9,-1,2,9,10,-1,10,11,2,-1,2,11,12,-1,2,12,13,-1,13,14,2,-1,2,14,15,-1,2,15,16,-1,16,15,17,-1,
        ]
    }
}
Shape{
    appearance Appearance {
        material  Material 	{
            diffuseColor 0.0 0.0 0.0
            specularColor 0.0 0.0 0.0
            ambientIntensity 0.0
            transparency 0.0
            shininess 0.5
        }
    }
    geometry IndexedFaceSet {
        ccw TRUE
        solid FALSE
        coord DEF co Coordinate {
            point [
                1.4586 -0.7814 0.6578, 1.4586 -0.7841 0.6502, 1.4586 -0.759 0.6578, 1.4586 -0.7563 0.6502, 1.4586 -0.7714 0.6855, 1.4586 -0.7746 0.6987, 1.4586 -0.8 0.632, 1.4586 -0.7905 0.632, 1.4586 -0.7708 0.6875, 1.4586 -0.7703 0.6902, 1.4586 -0.7654 0.6987, 1.4586 -0.7701 0.6902, 1.4586 -0.7696 0.6873, 1.4586 -0.7691 0.6855, 1.4586 -0.74 0.632, 1.4586 -0.7495 0.632, 1.4547 -0.7654 0.6987, 1.4547 -0.74 0.632, 1.4547 -0.7746 0.6987, 1.4547 -0.8 0.632, 1.4547 -0.7808 0.6825, 1.4547 -0.7905 0.632, 1.4547 -0.7841 0.6502, 1.4547 -0.7563 0.6502, 1.4547 -0.7808 0.6502, 1.4547 -0.7495 0.632, 1.4547 -0.7814 0.6578, 1.4547 -0.759 0.6578, 1.4547 -0.7691 0.6855, 1.4547 -0.7701 0.6902, 1.4547 -0.7696 0.6873, 1.4547 -0.7703 0.6902, 1.4547 -0.7714 0.6855, 1.4547 -0.7708 0.6875
            ]
        }
        coordIndex [
            0,1,2,-1,2,1,3,-1,4,5,0,-1,0,5,6,-1,0,6,1,-1,1,6,7,-1,4,8,5,-1,5,8,9,-1,5,9,10,-1,10,9,11,-1,10,11,12,-1,12,13,10,-1,10,13,2,-1,10,2,14,-1,14,2,3,-1,14,3,15,-1,10,14,16,-1,16,14,17,-1,5,10,18,-1,18,10,16,-1,19,6,20,-1,20,6,5,-1,20,5,18,-1,7,6,21,-1,21,6,19,-1,1,7,22,-1,22,7,21,-1,23,3,24,-1,24,3,1,-1,24,1,22,-1,15,3,25,-1,25,3,23,-1,14,15,17,-1,17,15,25,-1,0,2,26,-1,26,2,27,-1,2,13,27,-1,27,13,28,-1,11,29,30,-1,11,30,12,-1,12,30,28,-1,12,28,13,-1,11,9,29,-1,29,9,31,-1,4,32,33,-1,4,33,8,-1,8,33,31,-1,8,31,9,-1,4,0,32,-1,32,0,26,-1,
        ]
    }
}
Shape{
    appearance Appearance {
        material  Material 	{
            diffuseColor 0.996078431372549 0.8705882352941177 0.7607843137254902
            specularColor 0.4980392156862745 0.43529411764705883 0.3803921568627451
            ambientIntensity 0.8956
            transparency 0.0
            shininess 0.5
        }
    }
    geometry IndexedFaceSet {
        ccw TRUE
        solid FALSE
        coord DEF co Coordinate {
            point [
                1.4547 -0.7701 0.6902, 1.4547 -0.7703 0.6902, 1.4547 -0.7696 0.6873, 1.4547 -0.7708 0.6875, 1.4547 -0.7691 0.6855, 1.4547 -0.7714 0.6855, 1.4547 -0.759 0.6578, 1.4547 -0.7814 0.6578
            ]
        }
        coordIndex [
            0,1,2,-1,2,1,3,-1,2,3,4,-1,4,3,5,-1,4,5,6,-1,6,5,7,-1,
        ]
    }
}
Shape{
    appearance Appearance {
        material  Material 	{
            diffuseColor 0.0 0.0 0.0
            specularColor 0.0 0.0 0.0
            ambientIntensity 0.0
            transparency 0.0
            shininess 0.5
        }
    }
    geometry IndexedFaceSet {
        ccw TRUE
        solid FALSE
        coord DEF co Coordinate {
            point [
                1.4586 -0.9719 0.5337, 1.4586 -0.9719 0.5261, 1.4547 -0.9719 0.5337, 1.4547 -0.9719 0.5261, 1.4586 -0.9992 0.5337, 1.4547 -0.9992 0.5337, 1.4586 -0.9992 0.5562, 1.4547 -0.9992 0.5562, 1.4586 -0.9753 0.5562, 1.4547 -0.9753 0.5562, 1.4586 -0.9753 0.5638, 1.4547 -0.9753 0.5638, 1.4586 -0.9992 0.5638, 1.4547 -0.9992 0.5638, 1.4586 -0.9992 0.5852, 1.4547 -0.9992 0.5852, 1.4586 -0.9734 0.5852, 1.4547 -0.9734 0.5852, 1.4586 -0.9734 0.5928, 1.4547 -0.9734 0.5928, 1.4586 -1.0078 0.5928, 1.4547 -1.0078 0.5928, 1.4586 -1.0078 0.5261, 1.4547 -1.0078 0.5261, 1.4586 -0.9342 0.5335, 1.4586 -0.934 0.5335, 1.4586 -0.9345 0.5412, 1.4586 -0.9523 0.5463, 1.4586 -0.9505 0.5472, 1.4586 -0.955 0.5526, 1.4586 -0.934 0.5449, 1.4586 -0.9256 0.5568, 1.4586 -0.934 0.5455, 1.4586 -0.934 0.55, 1.4586 -0.934 0.5261, 1.4586 -0.9256 0.5261, 1.4586 -0.9371 0.5743, 1.4586 -0.9388 0.5671, 1.4586 -0.9337 0.5731, 1.4586 -0.9373 0.5661, 1.4586 -0.9357 0.5382, 1.4586 -0.9375 0.5357, 1.4586 -0.9357 0.5312, 1.4586 -0.9386 0.5347, 1.4586 -0.9384 0.5284, 1.4586 -0.9409 0.5331, 1.4586 -0.941 0.5268, 1.4586 -0.9435 0.5322, 1.4586 -0.9443 0.5255, 1.4586 -0.9466 0.5319, 1.4586 -0.9488 0.525, 1.4586 -0.9494 0.5322, 1.4586 -0.9538 0.5256, 1.4586 -0.9513 0.5329, 1.4586 -0.957 0.5268, 1.4586 -0.953 0.534, 1.4586 -0.9598 0.5287, 1.4586 -0.9537 0.5347, 1.4586 -0.9481 0.5544, 1.4586 -0.9451 0.5485, 1.4586 -0.934 0.5564, 1.4586 -0.9592 0.5704, 1.4586 -0.9592 0.5623, 1.4586 -0.9575 0.5714, 1.4586 -0.9535 0.5659, 1.4586 -0.9513 0.5738, 1.4586 -0.9482 0.5676, 1.4586 -0.9428 0.5749, 1.4586 -0.9436 0.5681, 1.4586 -0.9408 0.5678, 1.4586 -0.9342 0.5601, 1.4586 -0.9264 0.5638, 1.4586 -0.9351 0.5631, 1.4586 -0.9278 0.5674, 1.4586 -0.9361 0.5648, 1.4586 -0.9296 0.57, 1.4586 -0.931 0.5714, 1.4586 -0.9532 0.5456, 1.4586 -0.9583 0.5508, 1.4586 -0.9542 0.5444, 1.4586 -0.9608 0.5485, 1.4586 -0.9549 0.5428, 1.4586 -0.9625 0.5458, 1.4586 -0.9553 0.5409, 1.4586 -0.9635 0.5427, 1.4586 -0.9554 0.5396, 1.4586 -0.9639 0.5389, 1.4586 -0.9552 0.5376, 1.4586 -0.9634 0.5347, 1.4586 -0.9546 0.5361, 1.4586 -0.9623 0.532, 1.4586 -0.9605 0.5295, 1.4547 -0.9428 0.5749, 1.4547 -0.9513 0.5738, 1.4547 -0.9575 0.5714, 1.4547 -0.9592 0.5704, 1.4547 -0.9592 0.5623, 1.4547 -0.9535 0.5659, 1.4547 -0.9482 0.5676, 1.4547 -0.9436 0.5681, 1.4547 -0.9408 0.5678, 1.4547 -0.9388 0.5671, 1.4547 -0.9373 0.5661, 1.4547 -0.9361 0.5648, 1.4547 -0.9351 0.5631, 1.4547 -0.9342 0.5601, 1.4547 -0.934 0.5564, 1.4547 -0.9481 0.5544, 1.4547 -0.955 0.5526, 1.4547 -0.9583 0.5508, 1.4547 -0.9608 0.5485, 1.4547 -0.9625 0.5458, 1.4547 -0.9635 0.5427, 1.4547 -0.9639 0.5389, 1.4547 -0.9634 0.5347, 1.4547 -0.9623 0.532, 1.4547 -0.9605 0.5295, 1.4547 -0.9598 0.5287, 1.4547 -0.9488 0.525, 1.4547 -0.9536 0.5256, 1.4547 -0.9538 0.5256, 1.4547 -0.957 0.5268, 1.4547 -0.9443 0.5255, 1.4547 -0.9442 0.5256, 1.4547 -0.941 0.5268, 1.4547 -0.9384 0.5284, 1.4547 -0.9357 0.5312, 1.4547 -0.9342 0.5335, 1.4547 -0.934 0.5335, 1.4547 -0.934 0.5261, 1.4547 -0.9256 0.5261, 1.4547 -0.9256 0.5568, 1.4547 -0.9264 0.5638, 1.4547 -0.9278 0.5674, 1.4547 -0.9296 0.57, 1.4547 -0.931 0.5714, 1.4547 -0.9337 0.5731, 1.4547 -0.9371 0.5743, 1.4547 -0.9532 0.5456, 1.4547 -0.9523 0.5463, 1.4547 -0.9505 0.5472, 1.4547 -0.9451 0.5485, 1.4547 -0.9554 0.5396, 1.4547 -0.9553 0.5409, 1.4547 -0.9549 0.5428, 1.4547 -0.9542 0.5444, 1.4547 -0.953 0.534, 1.4547 -0.9537 0.5347, 1.4547 -0.9546 0.5361, 1.4547 -0.9552 0.5376, 1.4547 -0.9466 0.5319, 1.4547 -0.9494 0.5322, 1.4547 -0.9513 0.5329, 1.4547 -0.9375 0.5357, 1.4547 -0.9386 0.5347, 1.4547 -0.9409 0.5331, 1.4547 -0.9435 0.5322, 1.4547 -0.934 0.5455, 1.4547 -0.934 0.5449, 1.4547 -0.9345 0.5412, 1.4547 -0.9357 0.5382, 1.4547 -0.934 0.55
            ]
        }
        coordIndex [
            0,1,2,-1,2,1,3,-1,4,0,5,-1,5,0,2,-1,6,4,7,-1,7,4,5,-1,8,6,9,-1,9,6,7,-1,10,8,11,-1,11,8,9,-1,12,10,13,-1,13,10,11,-1,14,12,15,-1,15,12,13,-1,16,14,17,-1,17,14,15,-1,18,16,19,-1,19,16,17,-1,20,18,21,-1,21,18,19,-1,22,20,23,-1,23,20,21,-1,1,22,3,-1,3,22,23,-1,22,1,0,-1,0,4,22,-1,22,4,6,-1,22,6,20,-1,16,18,14,-1,14,18,20,-1,14,20,12,-1,12,20,6,-1,12,6,10,-1,10,6,8,-1,24,25,26,-1,27,28,29,-1,30,31,32,-1,32,31,33,-1,34,35,25,-1,25,35,31,-1,25,31,26,-1,26,31,30,-1,36,37,38,-1,38,37,39,-1,26,40,24,-1,24,40,41,-1,24,41,42,-1,42,41,43,-1,42,43,44,-1,44,43,45,-1,44,45,46,-1,46,45,47,-1,46,47,48,-1,48,47,49,-1,48,49,50,-1,50,49,51,-1,50,51,52,-1,52,51,53,-1,52,53,54,-1,54,53,55,-1,54,55,56,-1,56,55,57,-1,29,28,58,-1,58,28,59,-1,58,59,60,-1,61,62,63,-1,63,62,64,-1,63,64,65,-1,65,64,66,-1,65,66,67,-1,67,66,68,-1,67,68,36,-1,36,68,69,-1,36,69,37,-1,59,33,60,-1,60,33,31,-1,60,31,70,-1,70,31,71,-1,70,71,72,-1,72,71,73,-1,72,73,74,-1,74,73,75,-1,74,75,39,-1,39,75,76,-1,39,76,38,-1,27,29,77,-1,77,29,78,-1,77,78,79,-1,79,78,80,-1,79,80,81,-1,81,80,82,-1,81,82,83,-1,83,82,84,-1,83,84,85,-1,85,84,86,-1,85,86,87,-1,87,86,88,-1,87,88,89,-1,89,88,90,-1,89,90,57,-1,57,90,91,-1,57,91,56,-1,67,92,93,-1,67,93,65,-1,65,93,94,-1,65,94,63,-1,63,94,95,-1,63,95,61,-1,62,61,96,-1,96,61,95,-1,62,96,97,-1,62,97,64,-1,64,97,98,-1,64,98,66,-1,66,98,99,-1,66,99,68,-1,68,99,100,-1,68,100,69,-1,69,100,101,-1,69,101,37,-1,37,101,102,-1,37,102,39,-1,39,102,103,-1,39,103,74,-1,74,103,104,-1,74,104,72,-1,72,104,105,-1,72,105,70,-1,70,105,106,-1,70,106,60,-1,58,60,107,-1,107,60,106,-1,58,107,108,-1,58,108,29,-1,29,108,109,-1,29,109,78,-1,78,109,110,-1,78,110,80,-1,80,110,111,-1,80,111,82,-1,82,111,112,-1,82,112,84,-1,84,112,113,-1,84,113,86,-1,86,113,114,-1,86,114,88,-1,88,114,115,-1,88,115,90,-1,90,115,116,-1,90,116,91,-1,91,116,117,-1,91,117,56,-1,118,50,119,-1,119,50,52,-1,119,52,120,-1,120,52,54,-1,120,54,121,-1,121,54,56,-1,121,56,117,-1,50,118,122,-1,50,122,48,-1,48,122,123,-1,48,123,46,-1,123,124,46,-1,46,124,125,-1,46,125,44,-1,44,125,126,-1,44,126,42,-1,42,126,127,-1,42,127,24,-1,25,24,128,-1,128,24,127,-1,34,25,129,-1,129,25,128,-1,35,34,130,-1,130,34,129,-1,31,35,131,-1,131,35,130,-1,31,131,132,-1,31,132,71,-1,71,132,133,-1,71,133,73,-1,73,133,134,-1,73,134,75,-1,75,134,135,-1,75,135,76,-1,76,135,136,-1,76,136,38,-1,38,136,137,-1,38,137,36,-1,36,137,92,-1,36,92,67,-1,77,138,139,-1,77,139,27,-1,27,139,140,-1,27,140,28,-1,28,140,141,-1,28,141,59,-1,85,142,143,-1,85,143,83,-1,83,143,144,-1,83,144,81,-1,81,144,145,-1,81,145,79,-1,79,145,138,-1,79,138,77,-1,55,146,147,-1,55,147,57,-1,57,147,148,-1,57,148,89,-1,89,148,149,-1,89,149,87,-1,87,149,142,-1,87,142,85,-1,49,150,151,-1,49,151,51,-1,51,151,152,-1,51,152,53,-1,53,152,146,-1,53,146,55,-1,41,153,154,-1,41,154,43,-1,43,154,155,-1,43,155,45,-1,45,155,156,-1,45,156,47,-1,47,156,150,-1,47,150,49,-1,32,157,158,-1,32,158,30,-1,30,158,159,-1,30,159,26,-1,26,159,160,-1,26,160,40,-1,40,160,153,-1,40,153,41,-1,32,33,157,-1,157,33,161,-1,33,59,161,-1,161,59,141,-1,
        ]
    }
}
Shape{
    appearance Appearance {
        material  Material 	{
            diffuseColor 0.996078431372549 0.8705882352941177 0.7607843137254902
            specularColor 0.4980392156862745 0.43529411764705883 0.3803921568627451
            ambientIntensity 0.8956
            transparency 0.0
            shininess 0.5
        }
    }
    geometry IndexedFaceSet {
        ccw TRUE
        solid FALSE
        coord DEF co Coordinate {
            point [
                1.4547 -0.934 0.5449, 1.4547 -0.934 0.5455, 1.4547 -0.9532 0.5456, 1.4547 -0.934 0.55, 1.4547 -0.9451 0.5485, 1.4547 -0.9505 0.5472, 1.4547 -0.9523 0.5463, 1.4547 -0.9345 0.5412, 1.4547 -0.9542 0.5444, 1.4547 -0.9357 0.5382, 1.4547 -0.9537 0.5347, 1.4547 -0.953 0.534, 1.4547 -0.9386 0.5347, 1.4547 -0.9546 0.5361, 1.4547 -0.9409 0.5331, 1.4547 -0.9435 0.5322, 1.4547 -0.9466 0.5319, 1.4547 -0.9549 0.5428, 1.4547 -0.9553 0.5409, 1.4547 -0.9375 0.5357, 1.4547 -0.9554 0.5396, 1.4547 -0.9552 0.5376, 1.4547 -0.9513 0.5329, 1.4547 -0.9494 0.5322
            ]
        }
        coordIndex [
            0,1,2,-1,1,3,4,-1,4,5,1,-1,1,5,6,-1,1,6,2,-1,0,2,7,-1,7,2,8,-1,7,8,9,-1,10,11,12,-1,10,12,13,-1,14,12,15,-1,15,12,16,-1,8,17,9,-1,9,17,18,-1,9,18,19,-1,19,18,20,-1,19,20,12,-1,12,20,21,-1,12,21,13,-1,11,22,12,-1,12,22,23,-1,12,23,16,-1,
        ]
    }
}
Shape{
    appearance Appearance {
        material  Material 	{
            diffuseColor 0.0 0.0 0.0
            specularColor 0.0 0.0 0.0
            ambientIntensity 0.0
            transparency 0.0
            shininess 0.5
        }
    }
    geometry IndexedFaceSet {
        ccw TRUE
        solid FALSE
        coord DEF co Coordinate {
            point [
                1.4547 -0.9143 0.5364, 1.4586 -0.9143 0.5364, 1.4586 -0.9106 0.5342, 1.4586 -0.9005 0.5318, 1.4547 -0.9005 0.5318, 1.4547 -0.9053 0.5323, 1.4586 -0.9053 0.5323, 1.4547 -0.9104 0.5341, 1.4547 -0.9106 0.5342, 1.4586 -0.9143 0.5278, 1.4547 -0.9143 0.5278, 1.4547 -0.9104 0.5264, 1.4586 -0.9084 0.5257, 1.4547 -0.9013 0.525, 1.4586 -0.9013 0.525, 1.4547 -0.9068 0.5256, 1.4547 -0.9084 0.5257, 1.4586 -0.8938 0.5259, 1.4547 -0.8966 0.5256, 1.4547 -0.8938 0.5259, 1.4547 -0.8894 0.5276, 1.4586 -0.8894 0.5276, 1.4547 -0.8875 0.5288, 1.4586 -0.8875 0.5288, 1.4547 -0.8851 0.5309, 1.4586 -0.8851 0.5309, 1.4547 -0.8835 0.5331, 1.4586 -0.8835 0.5331, 1.4547 -0.8825 0.5357, 1.4586 -0.8825 0.5357, 1.4547 -0.8821 0.5391, 1.4586 -0.8821 0.5391, 1.4547 -0.8824 0.5422, 1.4586 -0.8824 0.5422, 1.4547 -0.8833 0.5447, 1.4586 -0.8833 0.5447, 1.4547 -0.8849 0.547, 1.4586 -0.8849 0.547, 1.4547 -0.8869 0.5487, 1.4586 -0.8869 0.5487, 1.4547 -0.8924 0.5518, 1.4586 -0.8924 0.5518, 1.4547 -0.8957 0.5531, 1.4586 -0.8957 0.5531, 1.4547 -0.9008 0.5554, 1.4586 -0.9008 0.5554, 1.4547 -0.9038 0.5572, 1.4586 -0.9038 0.5572, 1.4547 -0.9046 0.5581, 1.4586 -0.9046 0.5581, 1.4547 -0.9052 0.5593, 1.4586 -0.9052 0.5593, 1.4547 -0.9055 0.5606, 1.4586 -0.9055 0.5606, 1.4547 -0.9056 0.5617, 1.4586 -0.9056 0.5617, 1.4547 -0.9055 0.563, 1.4586 -0.9055 0.563, 1.4547 -0.905 0.5641, 1.4586 -0.905 0.5641, 1.4547 -0.9043 0.5652, 1.4586 -0.9043 0.5652, 1.4547 -0.9031 0.5663, 1.4586 -0.9031 0.5663, 1.4547 -0.9012 0.5673, 1.4586 -0.9012 0.5673, 1.4547 -0.899 0.5679, 1.4586 -0.899 0.5679, 1.4547 -0.8965 0.5681, 1.4586 -0.8965 0.5681, 1.4547 -0.8915 0.5676, 1.4586 -0.8915 0.5676, 1.4547 -0.8867 0.5659, 1.4586 -0.8867 0.5659, 1.4547 -0.8844 0.5646, 1.4586 -0.8844 0.5646, 1.4586 -0.8844 0.5728, 1.4547 -0.8844 0.5728, 1.4547 -0.8898 0.5743, 1.4586 -0.8898 0.5743, 1.4547 -0.8957 0.5749, 1.4586 -0.8957 0.5749, 1.4547 -0.9023 0.5741, 1.4586 -0.9023 0.5741, 1.4547 -0.9068 0.5723, 1.4586 -0.9068 0.5723, 1.4547 -0.9089 0.5711, 1.4586 -0.9089 0.5711, 1.4547 -0.9104 0.5697, 1.4586 -0.9113 0.5688, 1.4547 -0.9113 0.5688, 1.4547 -0.9129 0.5666, 1.4586 -0.9129 0.5666, 1.4547 -0.9139 0.5639, 1.4586 -0.9139 0.5639, 1.4547 -0.9142 0.5609, 1.4586 -0.9142 0.5609, 1.4547 -0.9139 0.5577, 1.4586 -0.9139 0.5577, 1.4547 -0.9129 0.5551, 1.4586 -0.9129 0.5551, 1.4547 -0.9118 0.5534, 1.4586 -0.9118 0.5534, 1.4547 -0.9016 0.5471, 1.4586 -0.9016 0.5471, 1.4586 -0.9065 0.5494, 1.4547 -0.9105 0.5519, 1.4586 -0.9105 0.5519, 1.4547 -0.9104 0.5519, 1.4547 -0.9065 0.5494, 1.4547 -0.8961 0.5448, 1.4586 -0.8961 0.5448, 1.4547 -0.8928 0.5428, 1.4586 -0.8928 0.5428, 1.4547 -0.8918 0.5417, 1.4586 -0.8918 0.5417, 1.4547 -0.8911 0.5406, 1.4586 -0.8911 0.5406, 1.4547 -0.8907 0.5393, 1.4586 -0.8907 0.5393, 1.4547 -0.8907 0.5383, 1.4586 -0.8907 0.5383, 1.4547 -0.8908 0.5367, 1.4586 -0.8908 0.5367, 1.4547 -0.8913 0.5355, 1.4586 -0.8913 0.5355, 1.4547 -0.892 0.5344, 1.4586 -0.892 0.5344, 1.4547 -0.8929 0.5336, 1.4586 -0.8929 0.5336, 1.4547 -0.8937 0.5331, 1.4586 -0.8937 0.5331, 1.4547 -0.8959 0.5323, 1.4586 -0.8959 0.5323, 1.4547 -0.9002 0.5318, 1.4586 -0.9002 0.5318, 1.4586 -0.8407 0.5738, 1.4586 -0.832 0.5738, 1.4547 -0.8407 0.5738, 1.4547 -0.832 0.5738, 1.4586 -0.8537 0.5379, 1.4547 -0.8537 0.5379, 1.4547 -0.8543 0.5357, 1.4586 -0.8543 0.5357, 1.4547 -0.8547 0.534, 1.4586 -0.8547 0.534, 1.4586 -0.8549 0.534, 1.4547 -0.8549 0.534, 1.4586 -0.8559 0.538, 1.4547 -0.8559 0.538, 1.4547 -0.8684 0.5738, 1.4586 -0.8684 0.5738, 1.4547 -0.8644 0.5622, 1.4586 -0.8777 0.5738, 1.4547 -0.8777 0.5738, 1.4547 -0.859 0.5262, 1.4586 -0.859 0.5262, 1.4547 -0.8644 0.5397, 1.4547 -0.8627 0.5176, 1.4586 -0.8627 0.5176, 1.4547 -0.8593 0.5256, 1.4547 -0.8644 0.5146, 1.4586 -0.8644 0.5145, 1.4547 -0.8644 0.5145, 1.4547 -0.8659 0.5128, 1.4586 -0.8659 0.5128, 1.4547 -0.8673 0.5118, 1.4586 -0.8673 0.5118, 1.4547 -0.8691 0.5111, 1.4586 -0.8691 0.5111, 1.4547 -0.8713 0.5108, 1.4586 -0.8713 0.5108, 1.4547 -0.8743 0.5112, 1.4586 -0.8743 0.5112, 1.4547 -0.876 0.5118, 1.4586 -0.876 0.5118, 1.4586 -0.876 0.5044, 1.4547 -0.876 0.5044, 1.4547 -0.8725 0.5037, 1.4586 -0.8725 0.5037, 1.4547 -0.8706 0.5037, 1.4586 -0.8706 0.5037, 1.4547 -0.8672 0.5041, 1.4586 -0.8672 0.5041, 1.4547 -0.8644 0.5052, 1.4586 -0.8639 0.5053, 1.4547 -0.8639 0.5053, 1.4547 -0.861 0.5074, 1.4586 -0.861 0.5074, 1.4547 -0.8605 0.5079, 1.4586 -0.8605 0.5079, 1.4547 -0.8574 0.5116, 1.4586 -0.8574 0.5116, 1.4547 -0.8536 0.5189, 1.4586 -0.8536 0.5189, 1.4547 -0.851 0.5256, 1.4586 -0.7871 0.5337, 1.4586 -0.7871 0.5261, 1.4547 -0.7871 0.5337, 1.4547 -0.7871 0.5261, 1.4547 -0.8144 0.5337, 1.4586 -0.8144 0.5337, 1.4547 -0.8019 0.5337, 1.4586 -0.8144 0.5562, 1.4547 -0.8144 0.5562, 1.4586 -0.7905 0.5562, 1.4547 -0.8019 0.5562, 1.4547 -0.7905 0.5562, 1.4586 -0.7905 0.5638, 1.4547 -0.7905 0.5638, 1.4547 -0.8144 0.5638, 1.4586 -0.8144 0.5638, 1.4547 -0.8019 0.5638, 1.4586 -0.8144 0.5852, 1.4547 -0.8144 0.5852, 1.4547 -0.7886 0.5852, 1.4586 -0.7886 0.5852, 1.4547 -0.8019 0.5852, 1.4586 -0.7886 0.5928, 1.4547 -0.7886 0.5928, 1.4547 -0.823 0.5928, 1.4586 -0.823 0.5928, 1.4547 -0.8019 0.5928, 1.4586 -0.823 0.5261, 1.4547 -0.823 0.5261, 1.4547 -0.8019 0.5261, 1.4586 -0.7334 0.5443, 1.4586 -0.7364 0.5407, 1.4586 -0.7302 0.5355, 1.4586 -0.7371 0.54, 1.4586 -0.7372 0.5305, 1.4586 -0.7414 0.537, 1.4586 -0.7448 0.5275, 1.4586 -0.7469 0.5348, 1.4586 -0.7561 0.5261, 1.4586 -0.7562 0.5337, 1.4586 -0.7745 0.5261, 1.4586 -0.7659 0.5337, 1.4586 -0.7745 0.5928, 1.4586 -0.7659 0.5852, 1.4586 -0.7555 0.5928, 1.4586 -0.7558 0.5852, 1.4586 -0.7453 0.5917, 1.4586 -0.7472 0.5842, 1.4586 -0.7372 0.5888, 1.4586 -0.7414 0.5821, 1.4586 -0.7302 0.584, 1.4586 -0.7365 0.5789, 1.4586 -0.7279 0.5817, 1.4586 -0.7347 0.5771, 1.4586 -0.7238 0.5759, 1.4586 -0.7321 0.5734, 1.4586 -0.7213 0.5696, 1.4586 -0.7302 0.5685, 1.4586 -0.7202 0.5603, 1.4586 -0.7292 0.5601, 1.4586 -0.7204 0.5561, 1.4586 -0.7295 0.5551, 1.4586 -0.722 0.5483, 1.4586 -0.731 0.5491, 1.4586 -0.7253 0.5414, 1.4547 -0.7561 0.5261, 1.4547 -0.7745 0.5261, 1.4547 -0.7448 0.5275, 1.4547 -0.7372 0.5305, 1.4547 -0.7302 0.5355, 1.4547 -0.7253 0.5414, 1.4547 -0.722 0.5483, 1.4547 -0.7204 0.5561, 1.4547 -0.7202 0.5603, 1.4547 -0.7213 0.5696, 1.4547 -0.7238 0.5759, 1.4547 -0.7279 0.5817, 1.4547 -0.7302 0.584, 1.4547 -0.7372 0.5888, 1.4547 -0.7453 0.5917, 1.4547 -0.7555 0.5928, 1.4547 -0.7745 0.5928, 1.4547 -0.7558 0.5852, 1.4547 -0.7659 0.5852, 1.4547 -0.7659 0.5337, 1.4547 -0.7562 0.5337, 1.4547 -0.7364 0.5407, 1.4547 -0.7371 0.54, 1.4547 -0.7414 0.537, 1.4547 -0.7469 0.5348, 1.4547 -0.7292 0.5601, 1.4547 -0.7295 0.5551, 1.4547 -0.731 0.5491, 1.4547 -0.7334 0.5443, 1.4547 -0.7365 0.5789, 1.4547 -0.7347 0.5771, 1.4547 -0.7321 0.5734, 1.4547 -0.7302 0.5685, 1.4547 -0.7472 0.5842, 1.4547 -0.7414 0.5821
            ]
        }
        coordIndex [
            0,1,2,-1,3,4,5,-1,3,5,6,-1,6,5,7,-1,6,7,2,-1,2,7,8,-1,2,8,0,-1,9,1,10,-1,10,1,0,-1,10,11,9,-1,9,11,12,-1,13,14,15,-1,15,14,12,-1,15,12,16,-1,16,12,11,-1,14,13,17,-1,17,13,18,-1,18,19,17,-1,17,19,20,-1,17,20,21,-1,21,20,22,-1,21,22,23,-1,23,22,24,-1,23,24,25,-1,25,24,26,-1,25,26,27,-1,27,26,28,-1,27,28,29,-1,29,28,30,-1,29,30,31,-1,31,30,32,-1,31,32,33,-1,33,32,34,-1,33,34,35,-1,35,34,36,-1,35,36,37,-1,37,36,38,-1,37,38,39,-1,39,38,40,-1,39,40,41,-1,41,40,42,-1,41,42,43,-1,43,42,44,-1,43,44,45,-1,45,44,46,-1,45,46,47,-1,47,46,48,-1,47,48,49,-1,49,48,50,-1,49,50,51,-1,51,50,52,-1,51,52,53,-1,53,52,54,-1,53,54,55,-1,55,54,56,-1,55,56,57,-1,57,56,58,-1,57,58,59,-1,59,58,60,-1,59,60,61,-1,61,60,62,-1,61,62,63,-1,63,62,64,-1,63,64,65,-1,65,64,66,-1,65,66,67,-1,67,66,68,-1,67,68,69,-1,69,68,70,-1,69,70,71,-1,71,70,72,-1,71,72,73,-1,73,72,74,-1,73,74,75,-1,76,75,77,-1,77,75,74,-1,76,77,78,-1,76,78,79,-1,79,78,80,-1,79,80,81,-1,81,80,82,-1,81,82,83,-1,83,82,84,-1,83,84,85,-1,85,84,86,-1,85,86,87,-1,86,88,87,-1,87,88,89,-1,88,90,89,-1,89,90,91,-1,89,91,92,-1,92,91,93,-1,92,93,94,-1,94,93,95,-1,94,95,96,-1,96,95,97,-1,96,97,98,-1,98,97,99,-1,98,99,100,-1,100,99,101,-1,100,101,102,-1,103,104,105,-1,102,101,106,-1,102,106,107,-1,107,106,108,-1,107,108,105,-1,105,108,109,-1,105,109,103,-1,104,103,110,-1,104,110,111,-1,111,110,112,-1,111,112,113,-1,113,112,114,-1,113,114,115,-1,115,114,116,-1,115,116,117,-1,117,116,118,-1,117,118,119,-1,119,118,120,-1,119,120,121,-1,121,120,122,-1,121,122,123,-1,123,122,124,-1,123,124,125,-1,125,124,126,-1,125,126,127,-1,127,126,128,-1,127,128,129,-1,129,128,130,-1,129,130,131,-1,131,130,132,-1,131,132,133,-1,133,132,134,-1,133,134,135,-1,135,134,4,-1,135,4,3,-1,61,63,85,-1,85,63,83,-1,111,43,104,-1,104,43,45,-1,21,23,127,-1,127,23,25,-1,127,25,125,-1,125,25,27,-1,125,27,123,-1,123,27,29,-1,123,29,121,-1,121,29,31,-1,121,31,119,-1,119,31,33,-1,119,33,117,-1,117,33,35,-1,117,35,115,-1,115,35,37,-1,115,37,113,-1,113,37,39,-1,113,39,111,-1,111,39,41,-1,111,41,43,-1,14,3,12,-1,12,3,6,-1,12,6,9,-1,9,6,2,-1,9,2,1,-1,63,65,83,-1,83,65,67,-1,83,67,81,-1,81,67,69,-1,81,69,79,-1,79,69,71,-1,79,71,76,-1,76,71,73,-1,76,73,75,-1,127,129,21,-1,21,129,131,-1,21,131,17,-1,17,131,133,-1,17,133,14,-1,14,133,135,-1,14,135,3,-1,85,87,61,-1,61,87,89,-1,61,89,59,-1,59,89,92,-1,59,92,57,-1,57,92,94,-1,57,94,55,-1,55,94,96,-1,55,96,53,-1,53,96,98,-1,53,98,51,-1,51,98,100,-1,51,100,49,-1,49,100,102,-1,49,102,47,-1,47,102,107,-1,47,107,45,-1,45,107,105,-1,45,105,104,-1,136,137,138,-1,138,137,139,-1,140,136,141,-1,141,136,138,-1,140,141,142,-1,140,142,143,-1,143,142,144,-1,143,144,145,-1,146,145,147,-1,147,145,144,-1,148,146,149,-1,149,146,147,-1,150,151,152,-1,152,151,148,-1,152,148,149,-1,153,151,154,-1,154,151,150,-1,155,156,157,-1,157,156,153,-1,157,153,154,-1,158,159,160,-1,160,159,156,-1,160,156,155,-1,158,161,159,-1,159,161,162,-1,161,163,162,-1,162,163,164,-1,162,164,165,-1,165,164,166,-1,165,166,167,-1,167,166,168,-1,167,168,169,-1,169,168,170,-1,169,170,171,-1,171,170,172,-1,171,172,173,-1,173,172,174,-1,173,174,175,-1,176,175,177,-1,177,175,174,-1,176,177,178,-1,176,178,179,-1,179,178,180,-1,179,180,181,-1,181,180,182,-1,181,182,183,-1,183,182,184,-1,183,184,185,-1,184,186,185,-1,185,186,187,-1,185,187,188,-1,188,187,189,-1,188,189,190,-1,190,189,191,-1,190,191,192,-1,192,191,193,-1,192,193,194,-1,139,137,195,-1,195,137,194,-1,195,194,193,-1,143,145,194,-1,137,136,194,-1,194,136,140,-1,194,140,143,-1,151,153,148,-1,148,153,156,-1,148,156,146,-1,175,176,173,-1,173,176,179,-1,173,179,171,-1,171,179,181,-1,171,181,169,-1,169,181,183,-1,169,183,167,-1,167,183,185,-1,167,185,165,-1,145,146,194,-1,194,146,156,-1,194,156,192,-1,156,159,192,-1,192,159,162,-1,192,162,190,-1,190,162,165,-1,190,165,188,-1,188,165,185,-1,196,197,198,-1,198,197,199,-1,200,201,202,-1,202,201,196,-1,202,196,198,-1,203,201,204,-1,204,201,200,-1,203,204,205,-1,205,204,206,-1,205,206,207,-1,208,205,209,-1,209,205,207,-1,210,211,212,-1,212,211,208,-1,212,208,209,-1,213,211,214,-1,214,211,210,-1,215,216,217,-1,217,216,213,-1,217,213,214,-1,218,216,219,-1,219,216,215,-1,220,221,222,-1,222,221,218,-1,222,218,219,-1,223,221,224,-1,224,221,220,-1,199,197,225,-1,225,197,223,-1,225,223,224,-1,216,218,213,-1,213,218,221,-1,213,221,211,-1,197,196,223,-1,223,196,201,-1,223,201,203,-1,205,208,203,-1,203,208,211,-1,203,211,223,-1,223,211,221,-1,226,227,228,-1,228,227,229,-1,228,229,230,-1,230,229,231,-1,230,231,232,-1,232,231,233,-1,232,233,234,-1,234,233,235,-1,234,235,236,-1,236,235,237,-1,236,237,238,-1,238,237,239,-1,238,239,240,-1,240,239,241,-1,240,241,242,-1,242,241,243,-1,242,243,244,-1,244,243,245,-1,244,245,246,-1,246,245,247,-1,246,247,248,-1,248,247,249,-1,248,249,250,-1,250,249,251,-1,250,251,252,-1,252,251,253,-1,252,253,254,-1,254,253,255,-1,254,255,256,-1,256,255,257,-1,256,257,258,-1,258,257,259,-1,258,259,260,-1,260,259,226,-1,260,226,228,-1,234,236,261,-1,261,236,262,-1,234,261,263,-1,234,263,232,-1,232,263,264,-1,232,264,230,-1,230,264,265,-1,230,265,228,-1,228,265,266,-1,228,266,260,-1,260,266,267,-1,260,267,258,-1,258,267,268,-1,258,268,256,-1,256,268,269,-1,256,269,254,-1,254,269,270,-1,254,270,252,-1,252,270,271,-1,252,271,250,-1,250,271,272,-1,250,272,248,-1,248,272,273,-1,248,273,246,-1,246,273,274,-1,246,274,244,-1,244,274,275,-1,244,275,242,-1,242,275,276,-1,242,276,240,-1,238,240,277,-1,277,240,276,-1,236,238,262,-1,262,238,277,-1,241,239,278,-1,278,239,279,-1,239,237,279,-1,279,237,280,-1,237,235,280,-1,280,235,281,-1,227,282,283,-1,227,283,229,-1,229,283,284,-1,229,284,231,-1,231,284,285,-1,231,285,233,-1,233,285,281,-1,233,281,235,-1,255,286,287,-1,255,287,257,-1,257,287,288,-1,257,288,259,-1,259,288,289,-1,259,289,226,-1,226,289,282,-1,226,282,227,-1,247,290,291,-1,247,291,249,-1,249,291,292,-1,249,292,251,-1,251,292,293,-1,251,293,253,-1,253,293,286,-1,253,286,255,-1,241,278,294,-1,241,294,243,-1,243,294,295,-1,243,295,245,-1,245,295,290,-1,245,290,247,-1,
        ]
    }
}
Shape{
    appearance Appearance {
        material  Material 	{
            diffuseColor 0.996078431372549 0.8705882352941177 0.7607843137254902
            specularColor 0.4980392156862745 0.43529411764705883 0.3803921568627451
            ambientIntensity 0.8956
            transparency 0.0
            shininess 0.5
        }
    }
    geometry IndexedFaceSet {
        ccw TRUE
        solid FALSE
        coord DEF co Coordinate {
            point [
                1.4547 -0.7371 0.54, 1.4547 -0.7364 0.5407, 1.4547 -0.7558 0.5852, 1.4547 -0.7659 0.5852, 1.4547 -0.7659 0.5337, 1.4547 -0.7562 0.5337, 1.4547 -0.7469 0.5348, 1.4547 -0.7414 0.537, 1.4547 -0.7334 0.5443, 1.4547 -0.731 0.5491, 1.4547 -0.7295 0.5551, 1.4547 -0.7292 0.5601, 1.4547 -0.7302 0.5685, 1.4547 -0.7321 0.5734, 1.4547 -0.7347 0.5771, 1.4547 -0.7365 0.5789, 1.4547 -0.7472 0.5842, 1.4547 -0.7414 0.5821
            ]
        }
        coordIndex [
            0,1,2,-1,3,4,2,-1,2,4,5,-1,5,6,2,-1,2,6,7,-1,2,7,0,-1,1,8,2,-1,2,8,9,-1,2,9,10,-1,10,11,2,-1,2,11,12,-1,2,12,13,-1,13,14,2,-1,2,14,15,-1,2,15,16,-1,16,15,17,-1,
        ]
    }
}
Shape{
    appearance Appearance {
        material  Material 	{
            diffuseColor 0.0 0.0 0.0
            specularColor 0.0 0.0 0.0
            ambientIntensity 0.0
            transparency 0.0
            shininess 0.5
        }
    }
    geometry IndexedFaceSet {
        ccw TRUE
        solid FALSE
        coord DEF co Coordinate {
            point [
                1.4586 -0.6978 0.5519, 1.4586 -0.7005 0.5444, 1.4586 -0.6754 0.5519, 1.4586 -0.6728 0.5444, 1.4586 -0.6878 0.5796, 1.4586 -0.6911 0.5928, 1.4586 -0.7165 0.5261, 1.4586 -0.7069 0.5261, 1.4586 -0.6873 0.5816, 1.4586 -0.6867 0.5843, 1.4586 -0.6818 0.5928, 1.4586 -0.6865 0.5843, 1.4586 -0.686 0.5815, 1.4586 -0.6855 0.5796, 1.4586 -0.6564 0.5261, 1.4586 -0.6659 0.5261, 1.4547 -0.6818 0.5928, 1.4547 -0.6564 0.5261, 1.4547 -0.6911 0.5928, 1.4547 -0.7165 0.5261, 1.4547 -0.7069 0.5261, 1.4547 -0.7005 0.5444, 1.4547 -0.6728 0.5444, 1.4547 -0.6659 0.5261, 1.4547 -0.6978 0.5519, 1.4547 -0.6754 0.5519, 1.4547 -0.6855 0.5796, 1.4547 -0.6865 0.5843, 1.4547 -0.686 0.5815, 1.4547 -0.6867 0.5843, 1.4547 -0.6878 0.5796, 1.4547 -0.6873 0.5816
            ]
        }
        coordIndex [
            0,1,2,-1,2,1,3,-1,4,5,0,-1,0,5,6,-1,0,6,1,-1,1,6,7,-1,4,8,5,-1,5,8,9,-1,5,9,10,-1,10,9,11,-1,10,11,12,-1,12,13,10,-1,10,13,2,-1,10,2,14,-1,14,2,3,-1,14,3,15,-1,10,14,16,-1,16,14,17,-1,5,10,18,-1,18,10,16,-1,6,5,19,-1,19,5,18,-1,7,6,20,-1,20,6,19,-1,1,7,21,-1,21,7,20,-1,3,1,22,-1,22,1,21,-1,15,3,23,-1,23,3,22,-1,14,15,17,-1,17,15,23,-1,0,2,24,-1,24,2,25,-1,2,13,25,-1,25,13,26,-1,11,27,28,-1,11,28,12,-1,12,28,26,-1,12,26,13,-1,11,9,27,-1,27,9,29,-1,4,30,31,-1,4,31,8,-1,8,31,29,-1,8,29,9,-1,4,0,30,-1,30,0,24,-1,
        ]
    }
}
Shape{
    appearance Appearance {
        material  Material 	{
            diffuseColor 0.996078431372549 0.8705882352941177 0.7607843137254902
            specularColor 0.4980392156862745 0.43529411764705883 0.3803921568627451
            ambientIntensity 0.8956
            transparency 0.0
            shininess 0.5
        }
    }
    geometry IndexedFaceSet {
        ccw TRUE
        solid FALSE
        coord DEF co Coordinate {
            point [
                1.4547 -0.6865 0.5843, 1.4547 -0.6867 0.5843, 1.4547 -0.686 0.5815, 1.4547 -0.6873 0.5816, 1.4547 -0.6855 0.5796, 1.4547 -0.6878 0.5796, 1.4547 -0.6754 0.5519, 1.4547 -0.6978 0.5519
            ]
        }
        coordIndex [
            0,1,2,-1,2,1,3,-1,2,3,4,-1,4,3,5,-1,4,5,6,-1,6,5,7,-1,
        ]
    }
}
Shape{
    appearance Appearance {
        material  Material 	{
            diffuseColor 0.0 0.0 0.0
            specularColor 0.0 0.0 0.0
            ambientIntensity 0.0
            transparency 0.0
            shininess 0.5
        }
    }
    geometry IndexedFaceSet {
        ccw TRUE
        solid FALSE
        coord DEF co Coordinate {
            point [
                1.4586 -1.3025 0.5167, 1.4586 -1.2954 0.508, 1.4586 -1.3067 0.5586, 1.4586 -1.1355 0.642, 1.4586 -1.1326 0.6288, 1.4586 -1.1094 0.6545, 1.4586 -1.3149 0.6411, 1.4586 -1.3044 0.6467, 1.4586 -1.306 0.6761, 1.4586 -1.2233 0.5148, 1.4586 -1.2177 0.5254, 1.4586 -1.215 0.5371, 1.4586 -1.2882 0.6782, 1.4586 -1.1483 0.5819, 1.4586 -1.163 0.607, 1.4586 -1.2147 0.5468, 1.4586 -1.2266 0.5738, 1.4586 -1.2147 0.542, 1.4586 -1.2401 0.5001, 1.4586 -1.2306 0.5066, 1.4586 -1.2744 0.5273, 1.4586 -1.2705 0.5248, 1.4586 -1.2861 0.501, 1.4586 -1.266 0.5234, 1.4586 -1.3171 0.565, 1.4586 -1.3144 0.529, 1.4586 -1.3072 0.5268, 1.4586 -1.1288 0.6288, 1.4586 -1.1198 0.6277, 1.4586 -1.107 0.6537, 1.4586 -1.1115 0.6245, 1.4586 -1.0929 0.6466, 1.4586 -1.0801 0.6358, 1.4586 -1.232 0.6796, 1.4586 -1.2564 0.6981, 1.4586 -1.2447 0.6703, 1.4586 -1.2676 0.6886, 1.4586 -1.2554 0.6576, 1.4586 -1.2773 0.6772, 1.4586 -1.2626 0.6426, 1.4586 -1.2927 0.6495, 1.4586 -1.2878 0.6497, 1.4586 -1.2828 0.6779, 1.4586 -1.2767 0.6483, 1.4586 -1.2661 0.6445, 1.4586 -1.2809 0.5387, 1.4586 -1.2797 0.5344, 1.4586 -1.2775 0.5306, 1.4586 -1.2752 0.4964, 1.4586 -1.264 0.4946, 1.4586 -1.2626 0.523, 1.4586 -1.2621 0.4946, 1.4586 -1.2584 0.5235, 1.4586 -1.2507 0.496, 1.4586 -1.2542 0.5251, 1.4586 -1.2505 0.5275, 1.4586 -1.2475 0.5309, 1.4586 -1.08 0.5472, 1.4586 -1.1021 0.566, 1.4586 -1.0929 0.5363, 1.4586 -1.1091 0.5603, 1.4586 -1.1074 0.5292, 1.4586 -1.1175 0.5565, 1.4586 -1.1231 0.5259, 1.4586 -1.126 0.5548, 1.4586 -1.1511 0.5259, 1.4586 -1.1473 0.5548, 1.4586 -1.1538 0.5263, 1.4586 -1.3338 0.6137, 1.4586 -1.3649 0.6067, 1.4586 -1.3352 0.6023, 1.4586 -1.3651 0.6013, 1.4586 -1.3346 0.595, 1.4586 -1.363 0.5837, 1.4586 -1.3312 0.5834, 1.4586 -1.3565 0.566, 1.4586 -1.3256 0.5737, 1.4586 -1.3452 0.5496, 1.4586 -1.3314 0.5377, 1.4586 -1.2453 0.548, 1.4586 -1.2442 0.5436, 1.4586 -1.2442 0.5396, 1.4586 -1.2453 0.5351, 1.4586 -1.1042 0.6194, 1.4586 -1.0987 0.6133, 1.4586 -1.0704 0.6223, 1.4586 -1.0943 0.6051, 1.4586 -1.0646 0.6078, 1.4586 -1.0921 0.596, 1.4586 -1.0624 0.5923, 1.4586 -1.0918 0.5918, 1.4586 -1.0646 0.5754, 1.4586 -1.093 0.5826, 1.4586 -1.0706 0.5603, 1.4586 -1.0962 0.5741, 1.4586 -1.1015 0.5667, 1.4586 -1.3236 0.6695, 1.4586 -1.3388 0.6591, 1.4586 -1.3232 0.6338, 1.4586 -1.3428 0.6554, 1.4586 -1.3297 0.6243, 1.4586 -1.3538 0.6415, 1.4586 -1.3615 0.6245, 1.4586 -1.1428 0.6573, 1.4586 -1.1178 0.6715, 1.4586 -1.1535 0.6701, 1.4586 -1.1328 0.6899, 1.4586 -1.1548 0.6712, 1.4586 -1.135 0.6919, 1.4586 -1.1681 0.6805, 1.4586 -1.1562 0.7062, 1.4586 -1.183 0.6862, 1.4586 -1.18 0.7145, 1.4586 -1.199 0.6881, 1.4586 -1.1995 0.7166, 1.4586 -1.2165 0.6859, 1.4586 -1.2231 0.7137, 1.4586 -1.245 0.7052, 1.4586 -1.281 0.5434, 1.4586 -1.28 0.5479, 1.4586 -1.3015 0.5688, 1.4586 -1.2778 0.5521, 1.4586 -1.2936 0.5778, 1.4586 -1.2748 0.5555, 1.4586 -1.2839 0.5845, 1.4586 -1.271 0.558, 1.4586 -1.2735 0.5885, 1.4586 -1.2668 0.5596, 1.4586 -1.2621 0.5899, 1.4586 -1.2626 0.56, 1.4586 -1.2564 0.5896, 1.4586 -1.2585 0.5596, 1.4586 -1.2449 0.5867, 1.4586 -1.2541 0.5579, 1.4586 -1.2348 0.5813, 1.4586 -1.2503 0.5553, 1.4586 -1.2473 0.5519, 1.4586 -1.1497 0.5553, 1.4586 -1.1611 0.5309, 1.4586 -1.16 0.5297, 1.4586 -1.1483 0.555, 1.4586 -1.1569 0.5276, 1.4586 -1.1649 0.5406, 1.4586 -1.1644 0.5371, 1.4586 -1.1632 0.5338, 1.4586 -1.1539 0.5548, 1.4586 -1.1571 0.5535, 1.4586 -1.1648 0.5425, 1.4586 -1.16 0.5515, 1.4586 -1.162 0.5493, 1.4586 -1.1638 0.5461, 1.4586 -1.1502 0.5553, 1.4547 -1.0624 0.5923, 1.4547 -1.0646 0.6078, 1.4547 -1.0662 0.6118, 1.4547 -1.0704 0.6223, 1.4547 -1.0801 0.6358, 1.4547 -1.0929 0.6466, 1.4547 -1.107 0.6537, 1.4547 -1.1094 0.6545, 1.4547 -1.1178 0.6715, 1.4547 -1.1328 0.6899, 1.4547 -1.135 0.6919, 1.4547 -1.1459 0.6993, 1.4547 -1.1562 0.7062, 1.4547 -1.18 0.7145, 1.4547 -1.1995 0.7166, 1.4547 -1.2564 0.6981, 1.4547 -1.2546 0.6993, 1.4547 -1.245 0.7052, 1.4547 -1.2231 0.7137, 1.4547 -1.2676 0.6886, 1.4547 -1.2773 0.6772, 1.4547 -1.2828 0.6779, 1.4547 -1.2882 0.6782, 1.4547 -1.306 0.6761, 1.4547 -1.3236 0.6695, 1.4547 -1.3388 0.6591, 1.4547 -1.3428 0.6554, 1.4547 -1.3615 0.6245, 1.4547 -1.3538 0.6415, 1.4547 -1.3639 0.6118, 1.4547 -1.3649 0.6067, 1.4547 -1.3651 0.6013, 1.4547 -1.363 0.5837, 1.4547 -1.3565 0.566, 1.4547 -1.3452 0.5496, 1.4547 -1.3314 0.5377, 1.4547 -1.3144 0.529, 1.4547 -1.3072 0.5268, 1.4547 -1.3066 0.5256, 1.4547 -1.3025 0.5167, 1.4547 -1.2954 0.508, 1.4547 -1.2861 0.501, 1.4547 -1.2818 0.4991, 1.4547 -1.2752 0.4964, 1.4547 -1.264 0.4946, 1.4547 -1.2621 0.4946, 1.4547 -1.2147 0.542, 1.4547 -1.2507 0.496, 1.4547 -1.2425 0.4991, 1.4547 -1.2401 0.5001, 1.4547 -1.2306 0.5066, 1.4547 -1.2233 0.5148, 1.4547 -1.2177 0.5254, 1.4547 -1.2177 0.5256, 1.4547 -1.215 0.5371, 1.4547 -1.2147 0.5468, 1.4547 -1.1483 0.5819, 1.4547 -1.163 0.607, 1.4547 -1.2266 0.5738, 1.4547 -1.2348 0.5813, 1.4547 -1.2449 0.5867, 1.4547 -1.2564 0.5896, 1.4547 -1.2621 0.5899, 1.4547 -1.2735 0.5885, 1.4547 -1.2839 0.5845, 1.4547 -1.2936 0.5778, 1.4547 -1.3015 0.5688, 1.4547 -1.3067 0.5586, 1.4547 -1.3171 0.565, 1.4547 -1.3256 0.5737, 1.4547 -1.3312 0.5834, 1.4547 -1.3346 0.595, 1.4547 -1.3352 0.6023, 1.4547 -1.334 0.6118, 1.4547 -1.3338 0.6137, 1.4547 -1.3297 0.6243, 1.4547 -1.3232 0.6338, 1.4547 -1.3149 0.6411, 1.4547 -1.3044 0.6467, 1.4547 -1.2927 0.6495, 1.4547 -1.2878 0.6497, 1.4547 -1.2767 0.6483, 1.4547 -1.2661 0.6445, 1.4547 -1.2626 0.6426, 1.4547 -1.2554 0.6576, 1.4547 -1.2447 0.6703, 1.4547 -1.232 0.6796, 1.4547 -1.2165 0.6859, 1.4547 -1.199 0.6881, 1.4547 -1.183 0.6862, 1.4547 -1.1681 0.6805, 1.4547 -1.1548 0.6712, 1.4547 -1.1535 0.6701, 1.4547 -1.1428 0.6573, 1.4547 -1.1355 0.642, 1.4547 -1.1326 0.6288, 1.4547 -1.1288 0.6288, 1.4547 -1.1198 0.6277, 1.4547 -1.1115 0.6245, 1.4547 -1.1042 0.6194, 1.4547 -1.0987 0.6133, 1.4547 -1.0979 0.6118, 1.4547 -1.0943 0.6051, 1.4547 -1.0921 0.596, 1.4547 -1.0918 0.5918, 1.4547 -1.093 0.5826, 1.4547 -1.0962 0.5741, 1.4547 -1.1015 0.5667, 1.4547 -1.1021 0.566, 1.4547 -1.1091 0.5603, 1.4547 -1.1175 0.5565, 1.4547 -1.126 0.5548, 1.4547 -1.1473 0.5548, 1.4547 -1.1483 0.555, 1.4547 -1.1497 0.5553, 1.4547 -1.1502 0.5553, 1.4547 -1.1539 0.5548, 1.4547 -1.1571 0.5535, 1.4547 -1.16 0.5515, 1.4547 -1.162 0.5493, 1.4547 -1.1638 0.5461, 1.4547 -1.1648 0.5425, 1.4547 -1.1649 0.5406, 1.4547 -1.1644 0.5371, 1.4547 -1.1632 0.5338, 1.4547 -1.1611 0.5309, 1.4547 -1.16 0.5297, 1.4547 -1.1569 0.5276, 1.4547 -1.1538 0.5263, 1.4547 -1.1511 0.5259, 1.4547 -1.1231 0.5259, 1.4547 -1.1074 0.5292, 1.4547 -1.0929 0.5363, 1.4547 -1.08 0.5472, 1.4547 -1.0706 0.5603, 1.4547 -1.0646 0.5754, 1.4547 -1.2626 0.56, 1.4547 -1.2585 0.5596, 1.4547 -1.2541 0.5579, 1.4547 -1.2503 0.5553, 1.4547 -1.2473 0.5519, 1.4547 -1.2453 0.548, 1.4547 -1.2442 0.5436, 1.4547 -1.2442 0.5396, 1.4547 -1.2453 0.5351, 1.4547 -1.2475 0.5309, 1.4547 -1.2505 0.5275, 1.4547 -1.2542 0.5251, 1.4547 -1.2584 0.5235, 1.4547 -1.2626 0.523, 1.4547 -1.266 0.5234, 1.4547 -1.2705 0.5248, 1.4547 -1.2744 0.5273, 1.4547 -1.2775 0.5306, 1.4547 -1.2797 0.5344, 1.4547 -1.2809 0.5387, 1.4547 -1.281 0.5434, 1.4547 -1.28 0.5479, 1.4547 -1.2778 0.5521, 1.4547 -1.2748 0.5555, 1.4547 -1.271 0.558, 1.4547 -1.2668 0.5596
            ]
        }
        coordIndex [
            0,1,2,-1,3,4,5,-1,6,7,8,-1,9,10,11,-1,8,7,12,-1,13,14,15,-1,15,14,16,-1,15,16,17,-1,17,16,18,-1,17,18,11,-1,11,18,19,-1,11,19,9,-1,20,1,21,-1,21,1,22,-1,21,22,23,-1,24,25,2,-1,2,25,26,-1,2,26,0,-1,4,27,5,-1,5,27,28,-1,5,28,29,-1,29,28,30,-1,29,30,31,-1,31,30,32,-1,33,34,35,-1,35,34,36,-1,35,36,37,-1,37,36,38,-1,37,38,39,-1,7,40,12,-1,12,40,41,-1,12,41,42,-1,42,41,43,-1,42,43,38,-1,38,43,44,-1,38,44,39,-1,45,2,46,-1,46,2,1,-1,46,1,47,-1,47,1,20,-1,22,48,23,-1,23,48,49,-1,23,49,50,-1,50,49,51,-1,50,51,52,-1,52,51,53,-1,52,53,54,-1,54,53,18,-1,54,18,55,-1,55,18,56,-1,57,58,59,-1,59,58,60,-1,59,60,61,-1,61,60,62,-1,61,62,63,-1,63,62,64,-1,63,64,65,-1,65,64,66,-1,65,66,67,-1,68,69,70,-1,70,69,71,-1,70,71,72,-1,72,71,73,-1,72,73,74,-1,74,73,75,-1,74,75,76,-1,76,75,77,-1,76,77,24,-1,24,77,78,-1,24,78,25,-1,79,80,16,-1,16,80,81,-1,16,81,18,-1,18,81,82,-1,18,82,56,-1,30,83,32,-1,32,83,84,-1,32,84,85,-1,85,84,86,-1,85,86,87,-1,87,86,88,-1,87,88,89,-1,89,88,90,-1,89,90,91,-1,91,90,92,-1,91,92,93,-1,93,92,94,-1,93,94,57,-1,57,94,95,-1,57,95,58,-1,8,96,6,-1,6,96,97,-1,6,97,98,-1,98,97,99,-1,98,99,100,-1,100,99,101,-1,100,101,68,-1,68,101,102,-1,68,102,69,-1,3,5,103,-1,103,5,104,-1,103,104,105,-1,105,104,106,-1,105,106,107,-1,107,106,108,-1,107,108,109,-1,109,108,110,-1,109,110,111,-1,111,110,112,-1,111,112,113,-1,113,112,114,-1,113,114,115,-1,115,114,116,-1,115,116,33,-1,33,116,117,-1,33,117,34,-1,45,118,2,-1,2,118,119,-1,2,119,120,-1,120,119,121,-1,120,121,122,-1,122,121,123,-1,122,123,124,-1,124,123,125,-1,124,125,126,-1,126,125,127,-1,126,127,128,-1,128,127,129,-1,128,129,130,-1,130,129,131,-1,130,131,132,-1,132,131,133,-1,132,133,134,-1,134,133,135,-1,134,135,16,-1,16,135,136,-1,16,136,79,-1,137,138,139,-1,66,140,67,-1,67,140,137,-1,67,137,141,-1,141,137,139,-1,142,143,137,-1,137,143,144,-1,137,144,138,-1,145,146,147,-1,146,148,147,-1,147,148,149,-1,147,149,150,-1,142,137,147,-1,147,137,151,-1,147,151,145,-1,89,152,153,-1,89,153,87,-1,87,153,154,-1,87,154,85,-1,154,155,85,-1,85,155,156,-1,85,156,32,-1,32,156,157,-1,32,157,31,-1,31,157,158,-1,31,158,29,-1,29,158,159,-1,29,159,5,-1,5,159,160,-1,5,160,104,-1,104,160,161,-1,104,161,106,-1,106,161,162,-1,106,162,108,-1,110,108,163,-1,163,108,162,-1,163,164,110,-1,110,164,165,-1,110,165,112,-1,112,165,166,-1,112,166,114,-1,167,34,168,-1,168,34,117,-1,168,117,169,-1,169,117,116,-1,169,116,170,-1,170,116,114,-1,170,114,166,-1,34,167,171,-1,34,171,36,-1,36,171,172,-1,36,172,38,-1,38,172,173,-1,38,173,42,-1,42,173,174,-1,42,174,12,-1,12,174,175,-1,12,175,8,-1,8,175,176,-1,8,176,96,-1,96,176,177,-1,96,177,97,-1,97,177,178,-1,97,178,99,-1,179,101,180,-1,180,101,99,-1,180,99,178,-1,181,69,179,-1,179,69,102,-1,179,102,101,-1,181,182,69,-1,69,182,183,-1,69,183,71,-1,71,183,184,-1,71,184,73,-1,73,184,185,-1,73,185,75,-1,75,185,186,-1,75,186,77,-1,77,186,187,-1,77,187,78,-1,78,187,188,-1,78,188,25,-1,25,188,189,-1,25,189,26,-1,26,189,190,-1,26,190,0,-1,190,191,0,-1,0,191,192,-1,0,192,1,-1,1,192,193,-1,1,193,22,-1,22,193,194,-1,22,194,48,-1,194,195,48,-1,48,195,196,-1,48,196,49,-1,49,196,197,-1,49,197,51,-1,198,17,11,-1,51,197,199,-1,200,18,199,-1,199,18,53,-1,199,53,51,-1,200,201,18,-1,18,201,202,-1,18,202,19,-1,19,202,203,-1,19,203,9,-1,9,203,204,-1,9,204,10,-1,10,204,205,-1,10,205,11,-1,11,205,206,-1,11,206,198,-1,15,17,207,-1,207,17,198,-1,13,15,208,-1,208,15,207,-1,14,13,209,-1,209,13,208,-1,16,14,210,-1,210,14,209,-1,16,210,211,-1,16,211,134,-1,134,211,212,-1,134,212,132,-1,132,212,213,-1,132,213,130,-1,130,213,214,-1,130,214,128,-1,128,214,215,-1,128,215,126,-1,126,215,216,-1,126,216,124,-1,124,216,217,-1,124,217,122,-1,122,217,218,-1,122,218,120,-1,120,218,219,-1,120,219,2,-1,2,219,220,-1,2,220,24,-1,24,220,221,-1,24,221,76,-1,76,221,222,-1,76,222,74,-1,74,222,223,-1,74,223,72,-1,72,223,224,-1,72,224,70,-1,224,225,70,-1,70,225,68,-1,225,226,68,-1,68,226,227,-1,68,227,100,-1,100,227,228,-1,100,228,98,-1,98,228,229,-1,98,229,6,-1,6,229,230,-1,6,230,7,-1,7,230,231,-1,7,231,40,-1,40,231,232,-1,40,232,41,-1,41,232,233,-1,41,233,43,-1,43,233,234,-1,43,234,44,-1,44,234,235,-1,44,235,39,-1,39,235,236,-1,39,236,37,-1,37,236,237,-1,37,237,35,-1,35,237,238,-1,35,238,33,-1,33,238,239,-1,33,239,115,-1,115,239,240,-1,115,240,113,-1,113,240,241,-1,113,241,111,-1,111,241,242,-1,111,242,109,-1,109,242,243,-1,109,243,107,-1,107,243,244,-1,107,244,105,-1,105,244,245,-1,105,245,103,-1,103,245,246,-1,103,246,3,-1,3,246,247,-1,3,247,4,-1,27,4,248,-1,248,4,247,-1,27,248,249,-1,27,249,28,-1,28,249,250,-1,28,250,30,-1,30,250,251,-1,30,251,83,-1,83,251,252,-1,83,252,84,-1,84,252,253,-1,84,253,86,-1,253,254,86,-1,86,254,255,-1,86,255,88,-1,88,255,256,-1,88,256,90,-1,90,256,257,-1,90,257,92,-1,92,257,258,-1,92,258,94,-1,94,258,259,-1,94,259,95,-1,95,259,260,-1,95,260,58,-1,58,260,261,-1,58,261,60,-1,60,261,262,-1,60,262,62,-1,62,262,263,-1,62,263,64,-1,66,64,264,-1,264,64,263,-1,66,264,265,-1,66,265,140,-1,140,265,266,-1,140,266,137,-1,137,266,267,-1,137,267,151,-1,151,267,268,-1,151,268,145,-1,145,268,269,-1,145,269,146,-1,146,269,270,-1,146,270,148,-1,148,270,271,-1,148,271,149,-1,149,271,272,-1,149,272,150,-1,150,272,273,-1,150,273,147,-1,147,273,274,-1,147,274,142,-1,142,274,275,-1,142,275,143,-1,143,275,276,-1,143,276,144,-1,144,276,277,-1,144,277,138,-1,138,277,278,-1,138,278,139,-1,139,278,279,-1,139,279,141,-1,141,279,280,-1,141,280,67,-1,67,280,281,-1,67,281,65,-1,63,65,282,-1,282,65,281,-1,63,282,283,-1,63,283,61,-1,61,283,284,-1,61,284,59,-1,59,284,285,-1,59,285,57,-1,57,285,286,-1,57,286,93,-1,93,286,287,-1,93,287,91,-1,91,287,152,-1,91,152,89,-1,129,288,289,-1,129,289,131,-1,131,289,290,-1,131,290,133,-1,133,290,291,-1,133,291,135,-1,135,291,292,-1,135,292,136,-1,136,292,293,-1,136,293,79,-1,79,293,294,-1,79,294,80,-1,80,294,295,-1,80,295,81,-1,81,295,296,-1,81,296,82,-1,82,296,297,-1,82,297,56,-1,56,297,298,-1,56,298,55,-1,55,298,299,-1,55,299,54,-1,54,299,300,-1,54,300,52,-1,52,300,301,-1,52,301,50,-1,50,301,302,-1,50,302,23,-1,23,302,303,-1,23,303,21,-1,21,303,304,-1,21,304,20,-1,20,304,305,-1,20,305,47,-1,47,305,306,-1,47,306,46,-1,46,306,307,-1,46,307,45,-1,45,307,308,-1,45,308,118,-1,118,308,309,-1,118,309,119,-1,119,309,310,-1,119,310,121,-1,121,310,311,-1,121,311,123,-1,123,311,312,-1,123,312,125,-1,125,312,313,-1,125,313,127,-1,127,313,288,-1,127,288,129,-1,
        ]
    }
}
Shape{
    appearance Appearance {
        material  Material 	{
            diffuseColor 0.996078431372549 0.8705882352941177 0.7607843137254902
            specularColor 0.4980392156862745 0.43529411764705883 0.3803921568627451
            ambientIntensity 0.8956
            transparency 0.0
            shininess 0.5
        }
    }
    geometry IndexedFaceSet {
        ccw TRUE
        solid FALSE
        coord DEF co Coordinate {
            point [
                1.4547 -1.266 0.5234, 1.4547 -1.2626 0.523, 1.4547 -1.2626 0.56, 1.4547 -1.2442 0.5436, 1.4547 -1.2442 0.5396, 1.4547 -1.2584 0.5235, 1.4547 -1.2542 0.5251, 1.4547 -1.2453 0.548, 1.4547 -1.2473 0.5519, 1.4547 -1.2503 0.5553, 1.4547 -1.271 0.558, 1.4547 -1.2775 0.5306, 1.4547 -1.2744 0.5273, 1.4547 -1.2541 0.5579, 1.4547 -1.2585 0.5596, 1.4547 -1.2797 0.5344, 1.4547 -1.2748 0.5555, 1.4547 -1.2809 0.5387, 1.4547 -1.2668 0.5596, 1.4547 -1.2705 0.5248, 1.4547 -1.2505 0.5275, 1.4547 -1.2475 0.5309, 1.4547 -1.2453 0.5351, 1.4547 -1.281 0.5434, 1.4547 -1.2778 0.5521, 1.4547 -1.28 0.5479
            ]
        }
        coordIndex [
            0,1,2,-1,3,1,4,-1,4,1,5,-1,4,5,6,-1,3,7,1,-1,1,7,8,-1,1,8,9,-1,10,11,12,-1,9,13,1,-1,1,13,14,-1,1,14,2,-1,11,10,15,-1,15,10,16,-1,15,16,17,-1,2,18,0,-1,0,18,10,-1,0,10,19,-1,19,10,12,-1,6,20,4,-1,4,20,21,-1,4,21,22,-1,17,16,23,-1,23,16,24,-1,23,24,25,-1,
        ]
    }
}
Shape{
    appearance Appearance {
        material  Material 	{
            diffuseColor 1.0 1.0 1.0
            specularColor 0.8784313725490196 0.8784313725490196 0.8784313725490196
            ambientIntensity 1.0
            transparency 0.0
            shininess 0.5
        }
    }
    geometry IndexedFaceSet {
        ccw TRUE
        solid FALSE
        coord DEF co Coordinate {
            point [
                0.7067 -0.5905 0.185, 0.746 -0.5905 0.185, 0.7067 -0.5905 0.1063, 0.746 -0.5905 0.1457, 0.7474 -0.5905 0.1355, 0.7513 -0.5905 0.126, 0.7576 -0.5905 0.1178, 0.7657 -0.5905 0.1116, 0.7752 -0.5905 0.1076, 0.7854 -0.5905 0.1063, -0.7697 -0.5905 0.1116, -0.7107 -0.5905 0.1063, -0.7792 -0.5905 0.1076, -0.7894 -0.5905 0.1063, -0.75 -0.5905 0.185, -0.7107 -0.5905 0.185, -0.75 -0.5905 0.1457, -0.7514 -0.5905 0.1355, -0.7616 -0.5905 0.1178, -0.7553 -0.5905 0.126
            ]
        }
        coordIndex [
            0,1,2,-1,2,1,3,-1,3,4,2,-1,2,4,5,-1,2,5,6,-1,6,7,2,-1,2,7,8,-1,2,8,9,-1,10,11,12,-1,12,11,13,-1,14,15,16,-1,16,15,11,-1,16,11,17,-1,10,18,11,-1,11,18,19,-1,11,19,17,-1,
        ]
    }
}